date,season,outcome,n_games,n_candidates,n_pairs,n_qualifying_pairs,joint_cal,joint_cons,joint_indep,closest_pair_joint_cons,rho_hat,rho_lo
2011-12-25,2011-12,NO BET,0,0,0,0,,,,,0.01390002639075177,-0.007545942806331272
2011-12-26,2011-12,NO BET,0,0,0,0,,,,,0.01390002639075177,-0.007545942806331272
2011-12-27,2011-12,NO BET,0,0,0,0,,,,,0.01390002639075177,-0.007545942806331272
2011-12-28,2011-12,NO BET,0,0,0,0,,,,,0.01390002639075177,-0.007545942806331272
2011-12-29,2011-12,NO BET,0,0,0,0,,,,,0.01390002639075177,-0.007545942806331272
2011-12-30,2011-12,NO BET,0,0,0,0,,,,,0.01390002639075177,-0.007545942806331272
2011-12-31,2011-12,NO BET,0,0,0,0,,,,,0.01390002639075177,-0.007545942806331272
2012-01-01,2011-12,NO BET,0,0,0,0,,,,,0.01390002639075177,-0.007545942806331272
2012-01-02,2011-12,NO BET,1,0,0,0,,,,,0.01390002639075177,-0.007545942806331272
2012-01-03,2011-12,NO BET,1,0,0,0,,,,,0.01390002639075177,-0.007545942806331272
2012-01-04,2011-12,NO BET,10,0,0,0,,,,0.22938009405787546,0.01390002639075177,-0.007545942806331272
2012-01-05,2011-12,NO BET,4,0,0,0,,,,0.2172844513280227,0.01390002639075177,-0.007545942806331272
2012-01-06,2011-12,NO BET,12,0,0,0,,,,0.22539904074133615,0.01390002639075177,-0.007545942806331272
2012-01-07,2011-12,NO BET,10,0,0,0,,,,0.22906960257600306,0.01390002639075177,-0.007545942806331272
2012-01-08,2011-12,NO BET,6,0,0,0,,,,0.22619345889638703,0.01390002639075177,-0.007545942806331272
2012-01-09,2011-12,NO BET,6,0,0,0,,,,0.22470330282627043,0.01390002639075177,-0.007545942806331272
2012-01-10,2011-12,NO BET,11,0,0,0,,,,0.22395159036300372,0.01390002639075177,-0.007545942806331272
2012-01-11,2011-12,NO BET,11,0,0,0,,,,0.23678085335117033,0.01390002639075177,-0.007545942806331272
2012-01-12,2011-12,NO BET,5,0,0,0,,,,0.22347795218330774,0.01390002639075177,-0.007545942806331272
2012-01-13,2011-12,NO BET,11,0,0,0,,,,0.2295247248428493,0.01390002639075177,-0.007545942806331272
2012-01-14,2011-12,NO BET,11,0,0,0,,,,0.23611394596647983,0.01390002639075177,-0.007545942806331272
2012-01-15,2011-12,NO BET,3,0,0,0,,,,0.22368153008259495,0.01390002639075177,-0.007545942806331272
2012-01-16,2011-12,NO BET,11,0,0,0,,,,0.22922863758470097,0.01390002639075177,-0.007545942806331272
2012-01-17,2011-12,NO BET,7,0,0,0,,,,0.22506221217443118,0.01390002639075177,-0.007545942806331272
2012-01-18,2011-12,NO BET,11,0,0,0,,,,0.23142469345002703,0.01390002639075177,-0.007545942806331272
2012-01-19,2011-12,NO BET,3,0,0,0,,,,0.2242168878947452,0.01390002639075177,-0.007545942806331272
2012-01-20,2011-12,NO BET,11,0,0,0,,,,0.22853428471116394,0.01390002639075177,-0.007545942806331272
2012-01-21,2011-12,NO BET,10,0,0,0,,,,0.22867778398163396,0.01390002639075177,-0.007545942806331272
2012-01-22,2011-12,NO BET,5,0,0,0,,,,0.22596015610112274,0.01390002639075177,-0.007545942806331272
2012-01-23,2011-12,NO BET,10,0,0,0,,,,0.2316608256594006,0.01390002639075177,-0.007545942806331272
2012-01-24,2011-12,NO BET,5,0,0,0,,,,0.2288464668634561,0.01390002639075177,-0.007545942806331272
2012-01-25,2011-12,NO BET,13,0,0,0,,,,0.22939518925220054,0.01390002639075177,-0.007545942806331272
2012-01-26,2011-12,NO BET,2,0,0,0,,,,0.23024642430092096,0.01390002639075177,-0.007545942806331272
2012-01-27,2011-12,NO BET,13,0,0,0,,,,0.22911816289292197,0.01390002639075177,-0.007545942806331272
2012-01-28,2011-12,NO BET,6,0,0,0,,,,0.23557120324362613,0.01390002639075177,-0.007545942806331272
2012-01-29,2011-12,NO BET,8,0,0,0,,,,0.2239355556505948,0.01390002639075177,-0.007545942806331272
2012-01-30,2011-12,NO BET,9,0,0,0,,,,0.2260826741830707,0.01390002639075177,-0.007545942806331272
2012-01-31,2011-12,NO BET,7,0,0,0,,,,0.2301120809976691,0.01390002639075177,-0.007545942806331272
2012-02-01,2011-12,NO BET,11,0,0,0,,,,0.23000212662094,0.01390002639075177,-0.007545942806331272
2012-02-02,2011-12,NO BET,6,0,0,0,,,,0.22959255524729666,0.01390002639075177,-0.007545942806331272
2012-02-03,2011-12,NO BET,10,0,0,0,,,,0.22838655543435626,0.01390002639075177,-0.007545942806331272
2012-02-04,2011-12,NO BET,13,0,0,0,,,,0.2303472354714819,0.01390002639075177,-0.007545942806331272
2012-02-05,2011-12,NO BET,2,0,0,0,,,,0.21818086361808436,0.01390002639075177,-0.007545942806331272
2012-02-06,2011-12,NO BET,10,0,0,0,,,,0.22743543882950534,0.01390002639075177,-0.007545942806331272
2012-02-07,2011-12,NO BET,6,0,0,0,,,,0.22836483051272516,0.01390002639075177,-0.007545942806331272
2012-02-08,2011-12,NO BET,11,0,0,0,,,,0.22932884834182599,0.01390002639075177,-0.007545942806331272
2012-02-09,2011-12,NO BET,4,0,0,0,,,,0.21442459911565415,0.01390002639075177,-0.007545942806331272
2012-02-10,2011-12,NO BET,12,0,0,0,,,,0.2283800504032651,0.01390002639075177,-0.007545942806331272
2012-02-11,2011-12,NO BET,8,0,0,0,,,,0.2254979580636316,0.01390002639075177,-0.007545942806331272
2012-02-12,2011-12,NO BET,6,0,0,0,,,,0.2251958345253014,0.01390002639075177,-0.007545942806331272
2012-02-13,2011-12,NO BET,6,0,0,0,,,,0.22871160020234937,0.01390002639075177,-0.007545942806331272
2012-02-14,2011-12,NO BET,9,0,0,0,,,,0.22962949579021086,0.01390002639075177,-0.007545942806331272
2012-02-15,2011-12,NO BET,13,0,0,0,,,,0.22850570883639937,0.01390002639075177,-0.007545942806331272
2012-02-16,2011-12,NO BET,3,0,0,0,,,,0.21987638299103268,0.01390002639075177,-0.007545942806331272
2012-02-17,2011-12,NO BET,11,0,0,0,,,,0.22988344539812905,0.01390002639075177,-0.007545942806331272
2012-02-18,2011-12,NO BET,4,0,0,0,,,,0.22976801135361247,0.01390002639075177,-0.007545942806331272
2012-02-19,2011-12,NO BET,10,0,0,0,,,,0.21533478787186272,0.01390002639075177,-0.007545942806331272
2012-02-20,2011-12,NO BET,11,0,0,0,,,,0.22987795991267446,0.01390002639075177,-0.007545942806331272
2012-02-21,2011-12,NO BET,5,0,0,0,,,,0.2229690587910017,0.01390002639075177,-0.007545942806331272
2012-02-22,2011-12,NO BET,13,0,0,0,,,,0.2295150329693883,0.01390002639075177,-0.007545942806331272
2012-02-23,2011-12,NO BET,4,0,0,0,,,,0.2266021541199928,0.01390002639075177,-0.007545942806331272
2012-02-28,2011-12,NO BET,9,0,0,0,,,,0.22937058531942717,0.01390002639075177,-0.007545942806331272
2012-02-29,2011-12,NO BET,12,0,0,0,,,,0.23052198771325716,0.01390002639075177,-0.007545942806331272
2012-03-01,2011-12,NO BET,4,0,0,0,,,,0.22140290589541117,0.01390002639075177,-0.007545942806331272
2012-03-02,2011-12,NO BET,11,0,0,0,,,,0.22653778400298524,0.01390002639075177,-0.007545942806331272
2012-03-03,2011-12,NO BET,7,0,0,0,,,,0.22616571996954193,0.01390002639075177,-0.007545942806331272
2012-03-04,2011-12,NO BET,8,0,0,0,,,,0.21400498265029155,0.01390002639075177,-0.007545942806331272
2012-03-05,2011-12,NO BET,9,0,0,0,,,,0.2262423504978026,0.01390002639075177,-0.007545942806331272
2012-03-06,2011-12,NO BET,6,0,0,0,,,,0.22938533732865857,0.01390002639075177,-0.007545942806331272
2012-03-07,2011-12,NO BET,13,0,0,0,,,,0.22603176424652582,0.01390002639075177,-0.007545942806331272
2012-03-08,2011-12,NO BET,2,0,0,0,,,,0.2229373671852084,0.01390002639075177,-0.007545942806331272
2012-03-09,2011-12,NO BET,10,0,0,0,,,,0.21543409950526238,0.01390002639075177,-0.007545942806331272
2012-03-10,2011-12,NO BET,9,0,0,0,,,,0.2301269120370304,0.01390002639075177,-0.007545942806331272
2012-03-11,2011-12,NO BET,8,0,0,0,,,,0.22810810163524958,0.01390002639075177,-0.007545942806331272
2012-03-12,2011-12,NO BET,7,0,0,0,,,,0.22504179787350576,0.01390002639075177,-0.007545942806331272
2012-03-13,2011-12,NO BET,8,0,0,0,,,,0.22272748308696838,0.01390002639075177,-0.007545942806331272
2012-03-14,2011-12,NO BET,12,0,0,0,,,,0.23013219104592586,0.01390002639075177,-0.007545942806331272
2012-03-15,2011-12,NO BET,5,0,0,0,,,,0.2240242583220562,0.01390002639075177,-0.007545942806331272
2012-03-16,2011-12,NO BET,11,0,0,0,,,,0.22064776863791474,0.01390002639075177,-0.007545942806331272
2012-03-17,2011-12,NO BET,8,0,0,0,,,,0.22549170357055942,0.01390002639075177,-0.007545942806331272
2012-03-18,2011-12,NO BET,8,0,0,0,,,,0.2145079457510935,0.01390002639075177,-0.007545942806331272
2012-03-19,2011-12,NO BET,6,0,0,0,,,,0.21683933147868684,0.01390002639075177,-0.007545942806331272
2012-03-20,2011-12,NO BET,7,0,0,0,,,,0.21315134122005142,0.01390002639075177,-0.007545942806331272
2012-03-21,2011-12,NO BET,10,0,0,0,,,,0.2226129362475902,0.01390002639075177,-0.007545942806331272
2012-03-22,2011-12,NO BET,6,0,0,0,,,,0.22761969918011243,0.01390002639075177,-0.007545942806331272
2012-03-23,2011-12,NO BET,11,0,0,0,,,,0.21734051443640162,0.01390002639075177,-0.007545942806331272
2012-03-24,2011-12,NO BET,9,0,0,0,,,,0.22952421900356346,0.01390002639075177,-0.007545942806331272
2012-03-25,2011-12,NO BET,8,0,0,0,,,,0.21352605662787605,0.01390002639075177,-0.007545942806331272
2012-03-26,2011-12,NO BET,9,0,0,0,,,,0.2193048624029018,0.01390002639075177,-0.007545942806331272
2012-03-27,2011-12,NO BET,7,0,0,0,,,,0.21358522718314765,0.01390002639075177,-0.007545942806331272
2012-03-28,2011-12,NO BET,10,0,0,0,,,,0.21490144420661994,0.01390002639075177,-0.007545942806331272
2012-03-29,2011-12,NO BET,4,0,0,0,,,,0.21923038754497148,0.01390002639075177,-0.007545942806331272
2012-03-30,2011-12,NO BET,12,0,0,0,,,,0.223197411328675,0.01390002639075177,-0.007545942806331272
2012-03-31,2011-12,NO BET,8,0,0,0,,,,0.2294436278575942,0.01390002639075177,-0.007545942806331272
2012-04-01,2011-12,NO BET,8,0,0,0,,,,0.22121070669057402,0.01390002639075177,-0.007545942806331272
2012-04-02,2011-12,NO BET,6,0,0,0,,,,0.2173474930397143,0.01390002639075177,-0.007545942806331272
2012-04-03,2011-12,NO BET,8,0,0,0,,,,0.21486022281045558,0.01390002639075177,-0.007545942806331272
2012-04-04,2011-12,NO BET,12,0,0,0,,,,0.22828982572500672,0.01390002639075177,-0.007545942806331272
2012-04-05,2011-12,NO BET,4,0,0,0,,,,0.2234377149779046,0.01390002639075177,-0.007545942806331272
2012-04-06,2011-12,NO BET,11,0,0,0,,,,0.21509422816743895,0.01390002639075177,-0.007545942806331272
2012-04-07,2011-12,NO BET,9,0,0,0,,,,0.22690390991011045,0.01390002639075177,-0.007545942806331272
2012-04-08,2011-12,NO BET,7,0,0,0,,,,0.2177923466167297,0.01390002639075177,-0.007545942806331272
2012-04-09,2011-12,NO BET,10,0,0,0,,,,0.22039915782434683,0.01390002639075177,-0.007545942806331272
2012-04-10,2011-12,NO BET,6,0,0,0,,,,0.2208877676878468,0.01390002639075177,-0.007545942806331272
2012-04-11,2011-12,NO BET,11,0,0,0,,,,0.22740214048974305,0.01390002639075177,-0.007545942806331272
2012-04-12,2011-12,NO BET,5,0,0,0,,,,0.22218259246070826,0.01390002639075177,-0.007545942806331272
2012-04-13,2011-12,NO BET,12,0,0,0,,,,0.22737359294947457,0.01390002639075177,-0.007545942806331272
2012-04-14,2011-12,NO BET,7,0,0,0,,,,0.22434201216064392,0.01390002639075177,-0.007545942806331272
2012-04-15,2011-12,NO BET,9,0,0,0,,,,0.22087800769242716,0.01390002639075177,-0.007545942806331272
2012-04-16,2011-12,NO BET,11,0,0,0,,,,0.2244276624576209,0.01390002639075177,-0.007545942806331272
2012-04-17,2011-12,NO BET,5,0,0,0,,,,0.22043069946537197,0.01390002639075177,-0.007545942806331272
2012-04-18,2011-12,NO BET,14,0,0,0,,,,0.22998237212738804,0.01390002639075177,-0.007545942806331272
2012-04-19,2011-12,NO BET,5,0,0,0,,,,0.21740934810696677,0.01390002639075177,-0.007545942806331272
2012-04-20,2011-12,NO BET,6,0,0,0,,,,0.22049845398216755,0.01390002639075177,-0.007545942806331272
2012-04-21,2011-12,NO BET,4,0,0,0,,,,0.22191607951737974,0.01390002639075177,-0.007545942806331272
2012-04-22,2011-12,NO BET,9,0,0,0,,,,0.22340643732236798,0.01390002639075177,-0.007545942806331272
2012-04-23,2011-12,NO BET,6,0,0,0,,,,0.22905340979732064,0.01390002639075177,-0.007545942806331272
2012-04-24,2011-12,NO BET,5,1,0,0,,,,0.21959643043825927,0.01390002639075177,-0.007545942806331272
2012-04-25,2011-12,NO BET,7,0,0,0,,,,0.21701179605304388,0.01390002639075177,-0.007545942806331272
2012-04-26,2011-12,NO BET,13,0,0,0,,,,0.2290082592134589,0.01390002639075177,-0.007545942806331272
2012-04-28,2011-12,NO BET,4,0,0,0,,,,0.20621696449956944,0.01390002639075177,-0.007545942806331272
2012-04-29,2011-12,NO BET,4,0,0,0,,,,0.20162805390068295,0.01390002639075177,-0.007545942806331272
2012-04-30,2011-12,NO BET,3,0,0,0,,,,0.19749617526108448,0.01390002639075177,-0.007545942806331272
2012-05-01,2011-12,NO BET,3,0,0,0,,,,0.2095765281539363,0.01390002639075177,-0.007545942806331272
2012-05-02,2011-12,NO BET,3,0,0,0,,,,0.19172984377733188,0.01390002639075177,-0.007545942806331272
2012-05-03,2011-12,NO BET,2,0,0,0,,,,0.17756607546603292,0.01390002639075177,-0.007545942806331272
2012-05-04,2011-12,NO BET,3,0,0,0,,,,0.2083334027768991,0.01390002639075177,-0.007545942806331272
2012-05-05,2011-12,NO BET,4,0,0,0,,,,0.205551356498961,0.01390002639075177,-0.007545942806331272
2012-05-06,2011-12,NO BET,4,0,0,0,,,,0.21578439108737907,0.01390002639075177,-0.007545942806331272
2012-05-07,2011-12,NO BET,2,0,0,0,,,,0.16643775873345856,0.01390002639075177,-0.007545942806331272
2012-05-08,2011-12,NO BET,4,0,0,0,,,,0.21877381979839916,0.01390002639075177,-0.007545942806331272
2012-05-09,2011-12,NO BET,2,0,0,0,,,,0.20774183926657375,0.01390002639075177,-0.007545942806331272
2012-05-10,2011-12,NO BET,3,0,0,0,,,,0.20302850679601475,0.01390002639075177,-0.007545942806331272
2012-05-11,2011-12,NO BET,1,0,0,0,,,,,0.01390002639075177,-0.007545942806331272
2012-05-12,2011-12,NO BET,2,0,0,0,,,,3.879223137159826e-07,0.01390002639075177,-0.007545942806331272
2012-05-13,2011-12,NO BET,2,0,0,0,,,,0.1640903057425246,0.01390002639075177,-0.007545942806331272
2012-05-14,2011-12,NO BET,2,0,0,0,,,,0.1955614708868773,0.01390002639075177,-0.007545942806331272
2012-05-15,2011-12,NO BET,2,0,0,0,,,,0.20168476524854523,0.01390002639075177,-0.007545942806331272
2012-05-16,2011-12,NO BET,2,0,0,0,,,,0.16137463179068617,0.01390002639075177,-0.007545942806331272
2012-05-17,2011-12,NO BET,2,0,0,0,,,,0.18267563688704908,0.01390002639075177,-0.007545942806331272
2012-05-18,2011-12,NO BET,2,0,0,0,,,,0.13404764558135507,0.01390002639075177,-0.007545942806331272
2012-05-19,2011-12,NO BET,2,0,0,0,,,,0.19135156875158515,0.01390002639075177,-0.007545942806331272
2012-05-20,2011-12,NO BET,2,0,0,0,,,,0.2154091324989359,0.01390002639075177,-0.007545942806331272
2012-05-21,2011-12,NO BET,2,0,0,0,,,,0.1813730893396393,0.01390002639075177,-0.007545942806331272
2012-05-22,2011-12,NO BET,1,0,0,0,,,,,0.01390002639075177,-0.007545942806331272
2012-05-23,2011-12,NO BET,1,0,0,0,,,,,0.01390002639075177,-0.007545942806331272
2012-05-24,2011-12,NO BET,1,0,0,0,,,,,0.01390002639075177,-0.007545942806331272
2012-05-26,2011-12,NO BET,1,0,0,0,,,,,0.01390002639075177,-0.007545942806331272
2012-05-27,2011-12,NO BET,1,0,0,0,,,,,0.01390002639075177,-0.007545942806331272
2012-05-28,2011-12,NO BET,1,0,0,0,,,,,0.01390002639075177,-0.007545942806331272
2012-05-29,2011-12,NO BET,1,0,0,0,,,,,0.01390002639075177,-0.007545942806331272
2012-05-30,2011-12,NO BET,1,0,0,0,,,,,0.01390002639075177,-0.007545942806331272
2012-05-31,2011-12,NO BET,1,0,0,0,,,,,0.01390002639075177,-0.007545942806331272
2012-06-01,2011-12,NO BET,1,0,0,0,,,,,0.01390002639075177,-0.007545942806331272
2012-06-02,2011-12,NO BET,1,0,0,0,,,,,0.01390002639075177,-0.007545942806331272
2012-06-03,2011-12,NO BET,1,0,0,0,,,,,0.01390002639075177,-0.007545942806331272
2012-06-04,2011-12,NO BET,1,0,0,0,,,,,0.01390002639075177,-0.007545942806331272
2012-06-05,2011-12,NO BET,1,0,0,0,,,,,0.01390002639075177,-0.007545942806331272
2012-06-06,2011-12,NO BET,1,0,0,0,,,,,0.01390002639075177,-0.007545942806331272
2012-06-07,2011-12,NO BET,1,0,0,0,,,,,0.01390002639075177,-0.007545942806331272
2012-06-09,2011-12,NO BET,1,0,0,0,,,,,0.01390002639075177,-0.007545942806331272
2012-06-12,2011-12,NO BET,1,0,0,0,,,,,0.01390002639075177,-0.007545942806331272
2012-06-14,2011-12,NO BET,1,0,0,0,,,,,0.01390002639075177,-0.007545942806331272
2012-06-17,2011-12,NO BET,1,0,0,0,,,,,0.01390002639075177,-0.007545942806331272
2012-06-19,2011-12,NO BET,1,0,0,0,,,,,0.01390002639075177,-0.007545942806331272
2012-06-21,2011-12,NO BET,1,0,0,0,,,,,0.01390002639075177,-0.007545942806331272
2012-10-30,2012-13,NO BET,0,0,0,0,,,,,0.0020860395516348975,-0.017282942871935766
2012-10-31,2012-13,NO BET,0,0,0,0,,,,,0.0020860395516348975,-0.017282942871935766
2012-11-01,2012-13,NO BET,0,0,0,0,,,,,0.0020860395516348975,-0.017282942871935766
2012-11-02,2012-13,NO BET,0,0,0,0,,,,,0.0020860395516348975,-0.017282942871935766
2012-11-03,2012-13,NO BET,0,0,0,0,,,,,0.0020860395516348975,-0.017282942871935766
2012-11-04,2012-13,NO BET,0,0,0,0,,,,,0.0020860395516348975,-0.017282942871935766
2012-11-05,2012-13,NO BET,0,0,0,0,,,,,0.0020860395516348975,-0.017282942871935766
2012-11-06,2012-13,NO BET,0,0,0,0,,,,,0.0020860395516348975,-0.017282942871935766
2012-11-07,2012-13,NO BET,0,0,0,0,,,,,0.0020860395516348975,-0.017282942871935766
2012-11-08,2012-13,NO BET,0,0,0,0,,,,,0.0020860395516348975,-0.017282942871935766
2012-11-09,2012-13,NO BET,5,0,0,0,,,,0.19233599355590908,0.0020860395516348975,-0.017282942871935766
2012-11-10,2012-13,NO BET,6,0,0,0,,,,0.21700618100647817,0.0020860395516348975,-0.017282942871935766
2012-11-11,2012-13,NO BET,3,0,0,0,,,,0.17406243465681537,0.0020860395516348975,-0.017282942871935766
2012-11-12,2012-13,NO BET,8,0,0,0,,,,0.21927708516405475,0.0020860395516348975,-0.017282942871935766
2012-11-13,2012-13,NO BET,5,0,0,0,,,,0.22117029215576328,0.0020860395516348975,-0.017282942871935766
2012-11-14,2012-13,NO BET,10,0,0,0,,,,0.22165072240397515,0.0020860395516348975,-0.017282942871935766
2012-11-15,2012-13,NO BET,3,0,0,0,,,,0.22477846112614874,0.0020860395516348975,-0.017282942871935766
2012-11-16,2012-13,NO BET,9,0,0,0,,,,0.2253651234001151,0.0020860395516348975,-0.017282942871935766
2012-11-17,2012-13,NO BET,8,0,0,0,,,,0.2213030148010175,0.0020860395516348975,-0.017282942871935766
2012-11-18,2012-13,NO BET,8,0,0,0,,,,0.22654694365595113,0.0020860395516348975,-0.017282942871935766
2012-11-19,2012-13,NO BET,7,0,0,0,,,,0.22997722300396756,0.0020860395516348975,-0.017282942871935766
2012-11-20,2012-13,NO BET,3,0,0,0,,,,0.19681257420764747,0.0020860395516348975,-0.017282942871935766
2012-11-21,2012-13,NO BET,14,0,0,0,,,,0.2286265377747732,0.0020860395516348975,-0.017282942871935766
2012-11-23,2012-13,NO BET,12,0,0,0,,,,0.22920036828816875,0.0020860395516348975,-0.017282942871935766
2012-11-24,2012-13,NO BET,8,0,0,0,,,,0.2328255209858064,0.0020860395516348975,-0.017282942871935766
2012-11-25,2012-13,NO BET,6,0,0,0,,,,0.22249745811968702,0.0020860395516348975,-0.017282942871935766
2012-11-26,2012-13,NO BET,8,0,0,0,,,,0.22831460730044278,0.0020860395516348975,-0.017282942871935766
2012-11-27,2012-13,NO BET,5,0,0,0,,,,0.22649232174953055,0.0020860395516348975,-0.017282942871935766
2012-11-28,2012-13,NO BET,11,0,0,0,,,,0.22567628091191438,0.0020860395516348975,-0.017282942871935766
2012-11-29,2012-13,NO BET,2,0,0,0,,,,0.22624234147532463,0.0020860395516348975,-0.017282942871935766
2012-11-30,2012-13,NO BET,11,0,0,0,,,,0.2292129335808043,0.0020860395516348975,-0.017282942871935766
2012-12-01,2012-13,NO BET,10,0,0,0,,,,0.23107338137632927,0.0020860395516348975,-0.017282942871935766
2012-12-02,2012-13,NO BET,2,0,0,0,,,,0.20637041273885254,0.0020860395516348975,-0.017282942871935766
2012-12-03,2012-13,NO BET,6,0,0,0,,,,0.2270356316604768,0.0020860395516348975,-0.017282942871935766
2012-12-04,2012-13,NO BET,6,0,0,0,,,,0.2264219701724821,0.0020860395516348975,-0.017282942871935766
2012-12-05,2012-13,NO BET,11,0,0,0,,,,0.23227024500000742,0.0020860395516348975,-0.017282942871935766
2012-12-06,2012-13,NO BET,2,0,0,0,,,,0.22668117624542916,0.0020860395516348975,-0.017282942871935766
2012-12-07,2012-13,NO BET,12,0,0,0,,,,0.22923957755971053,0.0020860395516348975,-0.017282942871935766
2012-12-08,2012-13,NO BET,10,0,0,0,,,,0.23036362799578597,0.0020860395516348975,-0.017282942871935766
2012-12-09,2012-13,NO BET,6,0,0,0,,,,0.22640895468831124,0.0020860395516348975,-0.017282942871935766
2012-12-10,2012-13,NO BET,6,0,0,0,,,,0.22231854174758492,0.0020860395516348975,-0.017282942871935766
2012-12-11,2012-13,NO BET,5,0,0,0,,,,0.22396720545511195,0.0020860395516348975,-0.017282942871935766
2012-12-12,2012-13,NO BET,13,0,0,0,,,,0.2320250853945301,0.0020860395516348975,-0.017282942871935766
2012-12-13,2012-13,NO BET,3,0,0,0,,,,0.2204936540967195,0.0020860395516348975,-0.017282942871935766
2012-12-14,2012-13,NO BET,11,0,0,0,,,,0.22497589427334053,0.0020860395516348975,-0.017282942871935766
2012-12-15,2012-13,NO BET,10,0,0,0,,,,0.23101021851784792,0.0020860395516348975,-0.017282942871935766
2012-12-16,2012-13,NO BET,4,0,0,0,,,,0.22486702642468276,0.0020860395516348975,-0.017282942871935766
2012-12-17,2012-13,NO BET,6,0,0,0,,,,0.22721018255951275,0.0020860395516348975,-0.017282942871935766
2012-12-18,2012-13,NO BET,10,0,0,0,,,,0.22792337219976344,0.0020860395516348975,-0.017282942871935766
2012-12-19,2012-13,NO BET,11,0,0,0,,,,0.2309178247011568,0.0020860395516348975,-0.017282942871935766
2012-12-20,2012-13,NO BET,3,0,0,0,,,,0.232568180321428,0.0020860395516348975,-0.017282942871935766
2012-12-21,2012-13,NO BET,10,0,0,0,,,,0.22719879951301852,0.0020860395516348975,-0.017282942871935766
2012-12-22,2012-13,NO BET,9,0,0,0,,,,0.2322132155204733,0.0020860395516348975,-0.017282942871935766
2012-12-23,2012-13,NO BET,6,0,0,0,,,,0.23145727106012776,0.0020860395516348975,-0.017282942871935766
2012-12-25,2012-13,NO BET,5,0,0,0,,,,0.22740269409992997,0.0020860395516348975,-0.017282942871935766
2012-12-26,2012-13,NO BET,11,0,0,0,,,,0.22854906980152528,0.0020860395516348975,-0.017282942871935766
2012-12-27,2012-13,NO BET,2,0,0,0,,,,0.22173270497980863,0.0020860395516348975,-0.017282942871935766
2012-12-28,2012-13,NO BET,12,0,0,0,,,,0.23065070833828794,0.0020860395516348975,-0.017282942871935766
2012-12-29,2012-13,NO BET,11,0,0,0,,,,0.23185747831218517,0.0020860395516348975,-0.017282942871935766
2012-12-30,2012-13,NO BET,4,0,0,0,,,,0.2307371685091088,0.0020860395516348975,-0.017282942871935766
2012-12-31,2012-13,NO BET,6,0,0,0,,,,0.22355312071662398,0.0020860395516348975,-0.017282942871935766
2013-01-01,2012-13,NO BET,6,0,0,0,,,,0.22453842822510328,0.0020860395516348975,-0.017282942871935766
2013-01-02,2012-13,NO BET,12,0,0,0,,,,0.23144462120590537,0.0020860395516348975,-0.017282942871935766
2013-01-03,2012-13,NO BET,2,0,0,0,,,,0.21404372248348574,0.0020860395516348975,-0.017282942871935766
2013-01-04,2012-13,NO BET,11,0,0,0,,,,0.23218482873368856,0.0020860395516348975,-0.017282942871935766
2013-01-05,2012-13,NO BET,10,0,0,0,,,,0.23152438537550174,0.0020860395516348975,-0.017282942871935766
2013-01-06,2012-13,NO BET,5,0,0,0,,,,0.22918614494957362,0.0020860395516348975,-0.017282942871935766
2013-01-07,2012-13,NO BET,7,0,0,0,,,,0.22690683122276772,0.0020860395516348975,-0.017282942871935766
2013-01-08,2012-13,NO BET,5,0,0,0,,,,0.23153702874285287,0.0020860395516348975,-0.017282942871935766
2013-01-09,2012-13,NO BET,11,0,0,0,,,,0.23203495386979406,0.0020860395516348975,-0.017282942871935766
2013-01-10,2012-13,NO BET,3,0,0,0,,,,0.23061541561465426,0.0020860395516348975,-0.017282942871935766
2013-01-11,2012-13,NO BET,11,0,0,0,,,,0.23000044696247762,0.0020860395516348975,-0.017282942871935766
2013-01-12,2012-13,NO BET,8,0,0,0,,,,0.23271977246596848,0.0020860395516348975,-0.017282942871935766
2013-01-13,2012-13,NO BET,6,0,0,0,,,,0.227019874339493,0.0020860395516348975,-0.017282942871935766
2013-01-14,2012-13,NO BET,8,0,0,0,,,,0.23074164990826618,0.0020860395516348975,-0.017282942871935766
2013-01-15,2012-13,NO BET,6,0,0,0,,,,0.23031502646511476,0.0020860395516348975,-0.017282942871935766
2013-01-16,2012-13,NO BET,10,0,0,0,,,,0.23145988249446015,0.0020860395516348975,-0.017282942871935766
2013-01-17,2012-13,NO BET,4,0,0,0,,,,0.22888971738623437,0.0020860395516348975,-0.017282942871935766
2013-01-18,2012-13,NO BET,9,0,0,0,,,,0.22924101024473237,0.0020860395516348975,-0.017282942871935766
2013-01-19,2012-13,NO BET,8,0,0,0,,,,0.23168838985815282,0.0020860395516348975,-0.017282942871935766
2013-01-20,2012-13,NO BET,4,0,0,0,,,,0.22766627256702232,0.0020860395516348975,-0.017282942871935766
2013-01-21,2012-13,NO BET,9,0,0,0,,,,0.23186907232184956,0.0020860395516348975,-0.017282942871935766
2013-01-22,2012-13,NO BET,4,0,0,0,,,,0.22582085766980686,0.0020860395516348975,-0.017282942871935766
2013-01-23,2012-13,NO BET,11,0,0,0,,,,0.23162125101364478,0.0020860395516348975,-0.017282942871935766
2013-01-24,2012-13,NO BET,3,0,0,0,,,,0.2326011869986765,0.0020860395516348975,-0.017282942871935766
2013-01-25,2012-13,NO BET,10,0,0,0,,,,0.23075999372082906,0.0020860395516348975,-0.017282942871935766
2013-01-26,2012-13,NO BET,10,0,0,0,,,,0.2318824493182789,0.0020860395516348975,-0.017282942871935766
2013-01-27,2012-13,NO BET,7,0,0,0,,,,0.2311866658692418,0.0020860395516348975,-0.017282942871935766
2013-01-28,2012-13,NO BET,7,0,0,0,,,,0.23133083320141357,0.0020860395516348975,-0.017282942871935766
2013-01-29,2012-13,NO BET,4,0,0,0,,,,0.2258220742656178,0.0020860395516348975,-0.017282942871935766
2013-01-30,2012-13,NO BET,12,0,0,0,,,,0.23162350174751478,0.0020860395516348975,-0.017282942871935766
2013-01-31,2012-13,NO BET,2,0,0,0,,,,0.22345681759871305,0.0020860395516348975,-0.017282942871935766
2013-02-01,2012-13,NO BET,12,0,0,0,,,,0.23226665357848858,0.0020860395516348975,-0.017282942871935766
2013-02-02,2012-13,NO BET,9,0,0,0,,,,0.2308011123717263,0.0020860395516348975,-0.017282942871935766
2013-02-03,2012-13,NO BET,3,0,0,0,,,,0.2221676155399227,0.0020860395516348975,-0.017282942871935766
2013-02-04,2012-13,NO BET,8,0,0,0,,,,0.2281172209751336,0.0020860395516348975,-0.017282942871935766
2013-02-05,2012-13,NO BET,5,0,0,0,,,,0.22840764678095293,0.0020860395516348975,-0.017282942871935766
2013-02-06,2012-13,NO BET,13,0,0,0,,,,0.23199285301772127,0.0020860395516348975,-0.017282942871935766
2013-02-07,2012-13,NO BET,2,0,0,0,,,,0.22689926780691266,0.0020860395516348975,-0.017282942871935766
2013-02-08,2012-13,NO BET,12,0,0,0,,,,0.23124121309086731,0.0020860395516348975,-0.017282942871935766
2013-02-09,2012-13,NO BET,5,0,0,0,,,,0.23098131249733955,0.0020860395516348975,-0.017282942871935766
2013-02-10,2012-13,NO BET,9,0,0,0,,,,0.23087787335233118,0.0020860395516348975,-0.017282942871935766
2013-02-11,2012-13,NO BET,8,0,0,0,,,,0.23043467305863957,0.0020860395516348975,-0.017282942871935766
2013-02-12,2012-13,NO BET,6,0,0,0,,,,0.2281281876873274,0.0020860395516348975,-0.017282942871935766
2013-02-13,2012-13,NO BET,12,0,0,0,,,,0.2310794945938126,0.0020860395516348975,-0.017282942871935766
2013-02-14,2012-13,NO BET,2,0,0,0,,,,0.2272916643783635,0.0020860395516348975,-0.017282942871935766
2013-02-19,2012-13,NO BET,9,0,0,0,,,,0.22824434142108174,0.0020860395516348975,-0.017282942871935766
2013-02-20,2012-13,NO BET,11,0,0,0,,,,0.23184664376401376,0.0020860395516348975,-0.017282942871935766
2013-02-21,2012-13,NO BET,2,0,0,0,,,,0.2317598223074055,0.0020860395516348975,-0.017282942871935766
2013-02-22,2012-13,NO BET,12,0,0,0,,,,0.23211869057570683,0.0020860395516348975,-0.017282942871935766
2013-02-23,2012-13,NO BET,7,0,0,0,,,,0.22937030362159044,0.0020860395516348975,-0.017282942871935766
2013-02-24,2012-13,NO BET,9,0,0,0,,,,0.22982855153305887,0.0020860395516348975,-0.017282942871935766
2013-02-25,2012-13,NO BET,4,0,0,0,,,,0.22782497115946815,0.0020860395516348975,-0.017282942871935766
2013-02-26,2012-13,NO BET,8,0,0,0,,,,0.22775884676452013,0.0020860395516348975,-0.017282942871935766
2013-02-27,2012-13,NO BET,9,0,0,0,,,,0.23093142256862265,0.0020860395516348975,-0.017282942871935766
2013-02-28,2012-13,NO BET,3,0,0,0,,,,0.22112835783251916,0.0020860395516348975,-0.017282942871935766
2013-03-01,2012-13,NO BET,12,0,0,0,,,,0.2312404399491187,0.0020860395516348975,-0.017282942871935766
2013-03-02,2012-13,NO BET,4,0,0,0,,,,0.2309808085271179,0.0020860395516348975,-0.017282942871935766
2013-03-03,2012-13,NO BET,9,0,0,0,,,,0.2294412647249645,0.0020860395516348975,-0.017282942871935766
2013-03-04,2012-13,NO BET,7,0,0,0,,,,0.23104229110666752,0.0020860395516348975,-0.017282942871935766
2013-03-05,2012-13,NO BET,3,0,0,0,,,,0.224354249073695,0.0020860395516348975,-0.017282942871935766
2013-03-06,2012-13,NO BET,14,0,0,0,,,,0.23203299847968423,0.0020860395516348975,-0.017282942871935766
2013-03-07,2012-13,NO BET,2,0,0,0,,,,0.22106223812882964,0.0020860395516348975,-0.017282942871935766
2013-03-08,2012-13,NO BET,12,0,0,0,,,,0.22980072338028495,0.0020860395516348975,-0.017282942871935766
2013-03-09,2012-13,NO BET,7,0,0,0,,,,0.23236052156051568,0.0020860395516348975,-0.017282942871935766
2013-03-10,2012-13,NO BET,9,0,0,0,,,,0.2280315965586645,0.0020860395516348975,-0.017282942871935766
2013-03-11,2012-13,NO BET,5,0,0,0,,,,0.23194367592830534,0.0020860395516348975,-0.017282942871935766
2013-03-12,2012-13,NO BET,8,0,0,0,,,,0.23099940795974533,0.0020860395516348975,-0.017282942871935766
2013-03-13,2012-13,NO BET,11,0,0,0,,,,0.23020009194836033,0.0020860395516348975,-0.017282942871935766
2013-03-14,2012-13,NO BET,2,0,0,0,,,,0.22667400341651572,0.0020860395516348975,-0.017282942871935766
2013-03-15,2012-13,NO BET,10,0,0,0,,,,0.2309176734566889,0.0020860395516348975,-0.017282942871935766
2013-03-16,2012-13,NO BET,6,0,0,0,,,,0.23057194891408744,0.0020860395516348975,-0.017282942871935766
2013-03-17,2012-13,NO BET,8,0,0,0,,,,0.23153872213112553,0.0020860395516348975,-0.017282942871935766
2013-03-18,2012-13,NO BET,11,0,0,0,,,,0.23228428080239638,0.0020860395516348975,-0.017282942871935766
2013-03-19,2012-13,NO BET,4,0,0,0,,,,0.23090843318683424,0.0020860395516348975,-0.017282942871935766
2013-03-20,2012-13,NO BET,11,0,0,0,,,,0.23020009194836033,0.0020860395516348975,-0.017282942871935766
2013-03-21,2012-13,NO BET,3,0,0,0,,,,0.22781718285058467,0.0020860395516348975,-0.017282942871935766
2013-03-22,2012-13,NO BET,11,0,0,0,,,,0.23088870692337432,0.0020860395516348975,-0.017282942871935766
2013-03-23,2012-13,NO BET,7,0,0,0,,,,0.23157631729314898,0.0020860395516348975,-0.017282942871935766
2013-03-24,2012-13,NO BET,8,0,0,0,,,,0.22559733875372256,0.0020860395516348975,-0.017282942871935766
2013-03-25,2012-13,NO BET,6,0,0,0,,,,0.23230791639894183,0.0020860395516348975,-0.017282942871935766
2013-03-26,2012-13,NO BET,3,0,0,0,,,,0.22243035787366178,0.0020860395516348975,-0.017282942871935766
2013-03-27,2012-13,NO BET,14,0,0,0,,,,0.231249498984551,0.0020860395516348975,-0.017282942871935766
2013-03-28,2012-13,NO BET,3,0,0,0,,,,0.2291640269594537,0.0020860395516348975,-0.017282942871935766
2013-03-29,2012-13,NO BET,11,0,0,0,,,,0.2321961493590578,0.0020860395516348975,-0.017282942871935766
2013-03-30,2012-13,NO BET,10,0,0,0,,,,0.23173224230486905,0.0020860395516348975,-0.017282942871935766
2013-03-31,2012-13,NO BET,5,0,0,0,,,,0.2305490813055533,0.0020860395516348975,-0.017282942871935766
2013-04-01,2012-13,NO BET,8,0,0,0,,,,0.23057859006103548,0.0020860395516348975,-0.017282942871935766
2013-04-02,2012-13,NO BET,3,0,0,0,,,,0.22676755595699738,0.0020860395516348975,-0.017282942871935766
2013-04-03,2012-13,NO BET,12,0,0,0,,,,0.23145871400768764,0.0020860395516348975,-0.017282942871935766
2013-04-04,2012-13,NO BET,3,0,0,0,,,,0.2283252198323656,0.0020860395516348975,-0.017282942871935766
2013-04-05,2012-13,NO BET,12,0,0,0,,,,0.229800931931739,0.0020860395516348975,-0.017282942871935766
2013-04-06,2012-13,NO BET,7,0,0,0,,,,0.2310952113014509,0.0020860395516348975,-0.017282942871935766
2013-04-07,2012-13,NO BET,9,0,0,0,,,,0.23075754695170908,0.0020860395516348975,-0.017282942871935766
2013-04-09,2012-13,NO BET,10,0,0,0,,,,0.23000843566258694,0.0020860395516348975,-0.017282942871935766
2013-04-10,2012-13,NO BET,10,0,0,0,,,,0.23146217851608702,0.0020860395516348975,-0.017282942871935766
2013-04-11,2012-13,NO BET,2,0,0,0,,,,0.22760864014370458,0.0020860395516348975,-0.017282942871935766
2013-04-12,2012-13,NO BET,14,0,0,0,,,,0.23255290470480194,0.0020860395516348975,-0.017282942871935766
2013-04-13,2012-13,NO BET,4,0,0,0,,,,0.22984681019502057,0.0020860395516348975,-0.017282942871935766
2013-04-14,2012-13,NO BET,8,0,0,0,,,,0.23027497955905774,0.0020860395516348975,-0.017282942871935766
2013-04-15,2012-13,NO BET,11,0,0,0,,,,0.23134730966085243,0.0020860395516348975,-0.017282942871935766
2013-04-16,2012-13,NO BET,2,0,0,0,,,,0.2263554700598157,0.0020860395516348975,-0.017282942871935766
2013-04-17,2012-13,NO BET,15,0,0,0,,,,0.23272720923940599,0.0020860395516348975,-0.017282942871935766
2013-04-20,2012-13,NO BET,4,0,0,0,,,,0.2263013093175525,0.0020860395516348975,-0.017282942871935766
2013-04-21,2012-13,NO BET,4,0,0,0,,,,0.2286922285863388,0.0020860395516348975,-0.017282942871935766
2013-04-22,2012-13,NO BET,2,0,0,0,,,,0.2210165117504101,0.0020860395516348975,-0.017282942871935766
2013-04-23,2012-13,NO BET,3,0,0,0,,,,0.22736167010435854,0.0020860395516348975,-0.017282942871935766
2013-04-24,2012-13,NO BET,3,0,0,0,,,,0.22562617518838235,0.0020860395516348975,-0.017282942871935766
2013-04-25,2012-13,NO BET,3,0,0,0,,,,0.2222458047650317,0.0020860395516348975,-0.017282942871935766
2013-04-26,2012-13,NO BET,3,0,0,0,,,,0.22971506719673185,0.0020860395516348975,-0.017282942871935766
2013-04-27,2012-13,NO BET,4,0,0,0,,,,0.22406250168257497,0.0020860395516348975,-0.017282942871935766
2013-04-28,2012-13,NO BET,4,0,0,0,,,,0.22745055585740603,0.0020860395516348975,-0.017282942871935766
2013-04-29,2012-13,NO BET,3,0,0,0,,,,0.2249556207733585,0.0020860395516348975,-0.017282942871935766
2013-04-30,2012-13,NO BET,2,0,0,0,,,,0.2078043795988821,0.0020860395516348975,-0.017282942871935766
2013-05-01,2012-13,NO BET,3,0,0,0,,,,0.22592338119781635,0.0020860395516348975,-0.017282942871935766
2013-05-02,2012-13,NO BET,2,0,0,0,,,,0.21411937846785667,0.0020860395516348975,-0.017282942871935766
2013-05-03,2012-13,NO BET,4,0,0,0,,,,0.22214466240040914,0.0020860395516348975,-0.017282942871935766
2013-05-04,2012-13,NO BET,1,0,0,0,,,,,0.0020860395516348975,-0.017282942871935766
2013-05-05,2012-13,NO BET,2,0,0,0,,,,0.17742254833000354,0.0020860395516348975,-0.017282942871935766
2013-05-06,2012-13,NO BET,2,0,0,0,,,,0.21921890388418247,0.0020860395516348975,-0.017282942871935766
2013-05-07,2012-13,NO BET,2,0,0,0,,,,0.20524204701178217,0.0020860395516348975,-0.017282942871935766
2013-05-08,2012-13,NO BET,2,0,0,0,,,,0.16469802192542488,0.0020860395516348975,-0.017282942871935766
2013-05-10,2012-13,NO BET,2,0,0,0,,,,0.16621997576157432,0.0020860395516348975,-0.017282942871935766
2013-05-11,2012-13,NO BET,2,0,0,0,,,,0.22118488049879703,0.0020860395516348975,-0.017282942871935766
2013-05-12,2012-13,NO BET,1,0,0,0,,,,,0.0020860395516348975,-0.017282942871935766
2013-05-13,2012-13,NO BET,2,0,0,0,,,,0.210632174206956,0.0020860395516348975,-0.017282942871935766
2013-05-14,2012-13,NO BET,2,0,0,0,,,,0.2203084509092081,0.0020860395516348975,-0.017282942871935766
2013-05-15,2012-13,NO BET,2,0,0,0,,,,0.21693766996953068,0.0020860395516348975,-0.017282942871935766
2013-05-16,2012-13,NO BET,2,0,0,0,,,,0.21994152684075374,0.0020860395516348975,-0.017282942871935766
2013-05-18,2012-13,NO BET,1,0,0,0,,,,,0.0020860395516348975,-0.017282942871935766
2013-05-19,2012-13,NO BET,1,0,0,0,,,,,0.0020860395516348975,-0.017282942871935766
2013-05-21,2012-13,NO BET,1,0,0,0,,,,,0.0020860395516348975,-0.017282942871935766
2013-05-22,2012-13,NO BET,1,0,0,0,,,,,0.0020860395516348975,-0.017282942871935766
2013-05-24,2012-13,NO BET,1,0,0,0,,,,,0.0020860395516348975,-0.017282942871935766
2013-05-25,2012-13,NO BET,1,0,0,0,,,,,0.0020860395516348975,-0.017282942871935766
2013-05-26,2012-13,NO BET,1,0,0,0,,,,,0.0020860395516348975,-0.017282942871935766
2013-05-27,2012-13,NO BET,1,0,0,0,,,,,0.0020860395516348975,-0.017282942871935766
2013-05-28,2012-13,NO BET,1,0,0,0,,,,,0.0020860395516348975,-0.017282942871935766
2013-05-30,2012-13,NO BET,1,0,0,0,,,,,0.0020860395516348975,-0.017282942871935766
2013-06-01,2012-13,NO BET,1,0,0,0,,,,,0.0020860395516348975,-0.017282942871935766
2013-06-03,2012-13,NO BET,1,0,0,0,,,,,0.0020860395516348975,-0.017282942871935766
2013-06-06,2012-13,NO BET,1,0,0,0,,,,,0.0020860395516348975,-0.017282942871935766
2013-06-09,2012-13,NO BET,1,0,0,0,,,,,0.0020860395516348975,-0.017282942871935766
2013-06-11,2012-13,NO BET,1,0,0,0,,,,,0.0020860395516348975,-0.017282942871935766
2013-06-13,2012-13,NO BET,1,0,0,0,,,,,0.0020860395516348975,-0.017282942871935766
2013-06-16,2012-13,NO BET,1,0,0,0,,,,,0.0020860395516348975,-0.017282942871935766
2013-06-18,2012-13,NO BET,1,0,0,0,,,,,0.0020860395516348975,-0.017282942871935766
2013-06-20,2012-13,NO BET,1,0,0,0,,,,,0.0020860395516348975,-0.017282942871935766
2013-10-29,2013-14,NO BET,0,0,0,0,,,,,0.0043827446930741545,-0.010821829969435953
2013-10-30,2013-14,NO BET,0,0,0,0,,,,,0.0043827446930741545,-0.010821829969435953
2013-10-31,2013-14,NO BET,0,0,0,0,,,,,0.0043827446930741545,-0.010821829969435953
2013-11-01,2013-14,NO BET,0,0,0,0,,,,,0.0043827446930741545,-0.010821829969435953
2013-11-02,2013-14,NO BET,0,0,0,0,,,,,0.0043827446930741545,-0.010821829969435953
2013-11-03,2013-14,NO BET,0,0,0,0,,,,,0.0043827446930741545,-0.010821829969435953
2013-11-04,2013-14,NO BET,0,0,0,0,,,,,0.0043827446930741545,-0.010821829969435953
2013-11-05,2013-14,NO BET,0,0,0,0,,,,,0.0043827446930741545,-0.010821829969435953
2013-11-06,2013-14,NO BET,0,0,0,0,,,,,0.0043827446930741545,-0.010821829969435953
2013-11-07,2013-14,NO BET,2,0,0,0,,,,0.09162981288435057,0.0043827446930741545,-0.010821829969435953
2013-11-08,2013-14,NO BET,6,0,0,0,,,,0.22658275881979661,0.0043827446930741545,-0.010821829969435953
2013-11-09,2013-14,NO BET,8,0,0,0,,,,0.2350372749800002,0.0043827446930741545,-0.010821829969435953
2013-11-10,2013-14,NO BET,4,0,0,0,,,,0.20640607018263935,0.0043827446930741545,-0.010821829969435953
2013-11-11,2013-14,NO BET,9,0,0,0,,,,0.22986068602244852,0.0043827446930741545,-0.010821829969435953
2013-11-12,2013-14,NO BET,4,0,0,0,,,,0.21766444333905655,0.0043827446930741545,-0.010821829969435953
2013-11-13,2013-14,NO BET,12,0,0,0,,,,0.23194426989295724,0.0043827446930741545,-0.010821829969435953
2013-11-14,2013-14,NO BET,2,0,0,0,,,,0.19195235038840064,0.0043827446930741545,-0.010821829969435953
2013-11-15,2013-14,NO BET,11,0,0,0,,,,0.2358878189101593,0.0043827446930741545,-0.010821829969435953
2013-11-16,2013-14,NO BET,11,0,0,0,,,,0.23247324697366173,0.0043827446930741545,-0.010821829969435953
2013-11-17,2013-14,NO BET,3,0,0,0,,,,0.22530106497693825,0.0043827446930741545,-0.010821829969435953
2013-11-18,2013-14,NO BET,6,0,0,0,,,,0.23349658069740026,0.0043827446930741545,-0.010821829969435953
2013-11-19,2013-14,NO BET,5,0,0,0,,,,0.23162963966288402,0.0043827446930741545,-0.010821829969435953
2013-11-20,2013-14,NO BET,13,0,0,0,,,,0.23703964494330854,0.0043827446930741545,-0.010821829969435953
2013-11-21,2013-14,NO BET,2,0,0,0,,,,0.22642541873343974,0.0043827446930741545,-0.010821829969435953
2013-11-22,2013-14,NO BET,11,0,0,0,,,,0.2361921598682587,0.0043827446930741545,-0.010821829969435953
2013-11-23,2013-14,NO BET,10,0,0,0,,,,0.23797112853795693,0.0043827446930741545,-0.010821829969435953
2013-11-24,2013-14,NO BET,5,0,0,0,,,,0.2375266715524248,0.0043827446930741545,-0.010821829969435953
2013-11-25,2013-14,NO BET,9,0,0,0,,,,0.23817483022284114,0.0043827446930741545,-0.010821829969435953
2013-11-26,2013-14,NO BET,4,0,0,0,,,,0.2363058217129907,0.0043827446930741545,-0.010821829969435953
2013-11-27,2013-14,NO BET,13,0,0,0,,,,0.2384659328647914,0.0043827446930741545,-0.010821829969435953
2013-11-29,2013-14,NO BET,13,0,0,0,,,,0.23862649626350974,0.0043827446930741545,-0.010821829969435953
2013-11-30,2013-14,NO BET,7,0,0,0,,,,0.2380833569932178,0.0043827446930741545,-0.010821829969435953
2013-12-01,2013-14,NO BET,8,0,0,0,,,,0.2378407999719247,0.0043827446930741545,-0.010821829969435953
2013-12-02,2013-14,NO BET,5,0,0,0,,,,0.23548837073972123,0.0043827446930741545,-0.010821829969435953
2013-12-03,2013-14,NO BET,8,0,0,0,,,,0.23760631894703815,0.0043827446930741545,-0.010821829969435953
2013-12-04,2013-14,NO BET,7,0,0,0,,,,0.23730036476765382,0.0043827446930741545,-0.010821829969435953
2013-12-05,2013-14,NO BET,3,0,0,0,,,,0.2378107902573915,0.0043827446930741545,-0.010821829969435953
2013-12-06,2013-14,NO BET,10,0,0,0,,,,0.23793500717949762,0.0043827446930741545,-0.010821829969435953
2013-12-07,2013-14,NO BET,9,0,0,0,,,,0.2377853594361719,0.0043827446930741545,-0.010821829969435953
2013-12-08,2013-14,NO BET,5,0,0,0,,,,0.23156336171725722,0.0043827446930741545,-0.010821829969435953
2013-12-09,2013-14,NO BET,6,0,0,0,,,,0.23714671824472633,0.0043827446930741545,-0.010821829969435953
2013-12-10,2013-14,NO BET,8,0,0,0,,,,0.23646598202769664,0.0043827446930741545,-0.010821829969435953
2013-12-11,2013-14,NO BET,9,0,0,0,,,,0.23745543034903727,0.0043827446930741545,-0.010821829969435953
2013-12-12,2013-14,NO BET,2,0,0,0,,,,0.2294648600437479,0.0043827446930741545,-0.010821829969435953
2013-12-13,2013-14,NO BET,13,0,0,0,,,,0.23807339718013998,0.0043827446930741545,-0.010821829969435953
2013-12-14,2013-14,NO BET,8,0,0,0,,,,0.23800160813284515,0.0043827446930741545,-0.010821829969435953
2013-12-15,2013-14,NO BET,6,0,0,0,,,,0.23008204323183834,0.0043827446930741545,-0.010821829969435953
2013-12-16,2013-14,NO BET,8,0,0,0,,,,0.23777211823977779,0.0043827446930741545,-0.010821829969435953
2013-12-17,2013-14,NO BET,5,0,0,0,,,,0.2299030618462119,0.0043827446930741545,-0.010821829969435953
2013-12-18,2013-14,NO BET,12,0,0,0,,,,0.23718228159952603,0.0043827446930741545,-0.010821829969435953
2013-12-19,2013-14,NO BET,2,0,0,0,,,,0.2342034450753433,0.0043827446930741545,-0.010821829969435953
2013-12-20,2013-14,NO BET,9,0,0,0,,,,0.23033436249487715,0.0043827446930741545,-0.010821829969435953
2013-12-21,2013-14,NO BET,12,0,0,0,,,,0.23880513652723956,0.0043827446930741545,-0.010821829969435953
2013-12-22,2013-14,NO BET,3,0,0,0,,,,0.23001445667649117,0.0043827446930741545,-0.010821829969435953
2013-12-23,2013-14,NO BET,11,0,0,0,,,,0.2338760078992122,0.0043827446930741545,-0.010821829969435953
2013-12-25,2013-14,NO BET,5,0,0,0,,,,0.23396274244382198,0.0043827446930741545,-0.010821829969435953
2013-12-26,2013-14,NO BET,4,0,0,0,,,,0.2359461511790033,0.0043827446930741545,-0.010821829969435953
2013-12-27,2013-14,NO BET,9,0,0,0,,,,0.23770628509558483,0.0043827446930741545,-0.010821829969435953
2013-12-28,2013-14,NO BET,12,0,0,0,,,,0.23778490374482242,0.0043827446930741545,-0.010821829969435953
2013-12-29,2013-14,NO BET,5,0,0,0,,,,0.23378434845193558,0.0043827446930741545,-0.010821829969435953
2013-12-30,2013-14,NO BET,7,0,0,0,,,,0.23296204559977463,0.0043827446930741545,-0.010821829969435953
2013-12-31,2013-14,NO BET,8,0,0,0,,,,0.23389823859281744,0.0043827446930741545,-0.010821829969435953
2014-01-01,2013-14,NO BET,5,0,0,0,,,,0.22658747164612125,0.0043827446930741545,-0.010821829969435953
2014-01-02,2013-14,NO BET,9,0,0,0,,,,0.2286889631289738,0.0043827446930741545,-0.010821829969435953
2014-01-03,2013-14,NO BET,7,0,0,0,,,,0.23445899402326026,0.0043827446930741545,-0.010821829969435953
2014-01-04,2013-14,NO BET,9,0,0,0,,,,0.23751966145849912,0.0043827446930741545,-0.010821829969435953
2014-01-05,2013-14,NO BET,7,0,0,0,,,,0.23830737122428375,0.0043827446930741545,-0.010821829969435953
2014-01-06,2013-14,NO BET,3,0,0,0,,,,0.23217382280729654,0.0043827446930741545,-0.010821829969435953
2014-01-07,2013-14,NO BET,12,0,0,0,,,,0.23735030672195973,0.0043827446930741545,-0.010821829969435953
2014-01-08,2013-14,NO BET,9,0,0,0,,,,0.23872464178644803,0.0043827446930741545,-0.010821829969435953
2014-01-09,2013-14,NO BET,2,0,0,0,,,,0.22742328603772682,0.0043827446930741545,-0.010821829969435953
2014-01-10,2013-14,NO BET,12,0,0,0,,,,0.2368648599435112,0.0043827446930741545,-0.010821829969435953
2014-01-11,2013-14,NO BET,9,0,0,0,,,,0.2374098173392592,0.0043827446930741545,-0.010821829969435953
2014-01-12,2013-14,NO BET,3,0,0,0,,,,0.22919261864992452,0.0043827446930741545,-0.010821829969435953
2014-01-13,2013-14,NO BET,7,0,0,0,,,,0.23712272760640285,0.0043827446930741545,-0.010821829969435953
2014-01-14,2013-14,NO BET,4,0,0,0,,,,0.23807641622892517,0.0043827446930741545,-0.010821829969435953
2014-01-15,2013-14,NO BET,12,0,0,0,,,,0.23722378910962932,0.0043827446930741545,-0.010821829969435953
2014-01-16,2013-14,NO BET,3,0,0,0,,,,0.23240723161211568,0.0043827446930741545,-0.010821829969435953
2014-01-17,2013-14,NO BET,12,0,0,0,,,,0.23848085445441825,0.0043827446930741545,-0.010821829969435953
2014-01-18,2013-14,NO BET,8,0,0,0,,,,0.23826421256230473,0.0043827446930741545,-0.010821829969435953
2014-01-19,2013-14,NO BET,5,0,0,0,,,,0.2268530781047714,0.0043827446930741545,-0.010821829969435953
2014-01-20,2013-14,NO BET,10,0,0,0,,,,0.23777937313369973,0.0043827446930741545,-0.010821829969435953
2014-01-21,2013-14,NO BET,5,0,0,0,,,,0.23821644076351273,0.0043827446930741545,-0.010821829969435953
2014-01-22,2013-14,NO BET,10,0,0,0,,,,0.23340486788970016,0.0043827446930741545,-0.010821829969435953
2014-01-23,2013-14,NO BET,2,0,0,0,,,,0.22621112203657961,0.0043827446930741545,-0.010821829969435953
2014-01-24,2013-14,NO BET,13,0,0,0,,,,0.23176472944063947,0.0043827446930741545,-0.010821829969435953
2014-01-25,2013-14,NO BET,8,0,0,0,,,,0.23803645305344656,0.0043827446930741545,-0.010821829969435953
2014-01-26,2013-14,NO BET,8,0,0,0,,,,0.22861999592628068,0.0043827446930741545,-0.010821829969435953
2014-01-27,2013-14,NO BET,6,0,0,0,,,,0.23625451718783308,0.0043827446930741545,-0.010821829969435953
2014-01-28,2013-14,NO BET,7,0,0,0,,,,0.2290816618252678,0.0043827446930741545,-0.010821829969435953
2014-01-29,2013-14,NO BET,10,0,0,0,,,,0.23542946361298056,0.0043827446930741545,-0.010821829969435953
2014-01-30,2013-14,NO BET,3,0,0,0,,,,0.22869253548173468,0.0043827446930741545,-0.010821829969435953
2014-01-31,2013-14,NO BET,8,0,0,0,,,,0.23352646732876614,0.0043827446930741545,-0.010821829969435953
2014-02-01,2013-14,NO BET,12,0,0,0,,,,0.23828116119994058,0.0043827446930741545,-0.010821829969435953
2014-02-02,2013-14,NO BET,1,0,0,0,,,,,0.0043827446930741545,-0.010821829969435953
2014-02-03,2013-14,NO BET,11,0,0,0,,,,0.23338736305301677,0.0043827446930741545,-0.010821829969435953
2014-02-04,2013-14,NO BET,4,0,0,0,,,,0.23108746290423238,0.0043827446930741545,-0.010821829969435953
2014-02-05,2013-14,NO BET,12,0,0,0,,,,0.237771473688498,0.0043827446930741545,-0.010821829969435953
2014-02-06,2013-14,NO BET,2,0,0,0,,,,0.22533582528299856,0.0043827446930741545,-0.010821829969435953
2014-02-07,2013-14,NO BET,10,0,0,0,,,,0.2334491331701588,0.0043827446930741545,-0.010821829969435953
2014-02-08,2013-14,NO BET,7,0,0,0,,,,0.23735564007648063,0.0043827446930741545,-0.010821829969435953
2014-02-09,2013-14,NO BET,8,0,0,0,,,,0.23262822512742232,0.0043827446930741545,-0.010821829969435953
2014-02-10,2013-14,NO BET,6,0,0,0,,,,0.2300621006260693,0.0043827446930741545,-0.010821829969435953
2014-02-11,2013-14,NO BET,7,0,0,0,,,,0.23726734963772028,0.0043827446930741545,-0.010821829969435953
2014-02-12,2013-14,NO BET,11,0,0,0,,,,0.23880318725501676,0.0043827446930741545,-0.010821829969435953
2014-02-13,2013-14,NO BET,2,0,0,0,,,,0.23054590814746345,0.0043827446930741545,-0.010821829969435953
2014-02-18,2013-14,NO BET,9,0,0,0,,,,0.23382384688118496,0.0043827446930741545,-0.010821829969435953
2014-02-19,2013-14,NO BET,11,0,0,0,,,,0.23798121155767077,0.0043827446930741545,-0.010821829969435953
2014-02-20,2013-14,NO BET,3,0,0,0,,,,0.236029564957641,0.0043827446930741545,-0.010821829969435953
2014-02-21,2013-14,NO BET,10,0,0,0,,,,0.23015894192188652,0.0043827446930741545,-0.010821829969435953
2014-02-22,2013-14,NO BET,8,0,0,0,,,,0.23828439963759424,0.0043827446930741545,-0.010821829969435953
2014-02-23,2013-14,NO BET,8,0,0,0,,,,0.23779186601490326,0.0043827446930741545,-0.010821829969435953
2014-02-24,2013-14,NO BET,5,0,0,0,,,,0.2349485028291336,0.0043827446930741545,-0.010821829969435953
2014-02-25,2013-14,NO BET,7,0,0,0,,,,0.23848081914072294,0.0043827446930741545,-0.010821829969435953
2014-02-26,2013-14,NO BET,10,0,0,0,,,,0.2379384771284923,0.0043827446930741545,-0.010821829969435953
2014-02-27,2013-14,NO BET,4,0,0,0,,,,0.23561969171249975,0.0043827446930741545,-0.010821829969435953
2014-02-28,2013-14,NO BET,7,0,0,0,,,,0.2362543031942717,0.0043827446930741545,-0.010821829969435953
2014-03-01,2013-14,NO BET,9,0,0,0,,,,0.23854394060617334,0.0043827446930741545,-0.010821829969435953
2014-03-02,2013-14,NO BET,7,0,0,0,,,,0.23548326599393604,0.0043827446930741545,-0.010821829969435953
2014-03-03,2013-14,NO BET,8,0,0,0,,,,0.23629887074238493,0.0043827446930741545,-0.010821829969435953
2014-03-04,2013-14,NO BET,6,0,0,0,,,,0.23566030592905868,0.0043827446930741545,-0.010821829969435953
2014-03-05,2013-14,NO BET,10,0,0,0,,,,0.23756550439047253,0.0043827446930741545,-0.010821829969435953
2014-03-06,2013-14,NO BET,3,0,0,0,,,,0.22603616780792324,0.0043827446930741545,-0.010821829969435953
2014-03-07,2013-14,NO BET,11,0,0,0,,,,0.23852846607527395,0.0043827446930741545,-0.010821829969435953
2014-03-08,2013-14,NO BET,6,0,0,0,,,,0.23812324251691208,0.0043827446930741545,-0.010821829969435953
2014-03-09,2013-14,NO BET,9,0,0,0,,,,0.23169771533604228,0.0043827446930741545,-0.010821829969435953
2014-03-10,2013-14,NO BET,7,0,0,0,,,,0.23696432253728228,0.0043827446930741545,-0.010821829969435953
2014-03-11,2013-14,NO BET,7,0,0,0,,,,0.22931080804213538,0.0043827446930741545,-0.010821829969435953
2014-03-12,2013-14,NO BET,11,0,0,0,,,,0.2360347468055634,0.0043827446930741545,-0.010821829969435953
2014-03-13,2013-14,NO BET,3,0,0,0,,,,0.22904175043320557,0.0043827446930741545,-0.010821829969435953
2014-03-14,2013-14,NO BET,10,0,0,0,,,,0.22850617221029407,0.0043827446930741545,-0.010821829969435953
2014-03-15,2013-14,NO BET,6,0,0,0,,,,0.23694539911446938,0.0043827446930741545,-0.010821829969435953
2014-03-16,2013-14,NO BET,9,0,0,0,,,,0.23028018888912688,0.0043827446930741545,-0.010821829969435953
2014-03-17,2013-14,NO BET,7,0,0,0,,,,0.23802952778631592,0.0043827446930741545,-0.010821829969435953
2014-03-18,2013-14,NO BET,5,0,0,0,,,,0.23816228667117278,0.0043827446930741545,-0.010821829969435953
2014-03-19,2013-14,NO BET,10,0,0,0,,,,0.23836555430443784,0.0043827446930741545,-0.010821829969435953
2014-03-20,2013-14,NO BET,4,0,0,0,,,,0.23854535361779983,0.0043827446930741545,-0.010821829969435953
2014-03-21,2013-14,NO BET,10,0,0,0,,,,0.23639061246304477,0.0043827446930741545,-0.010821829969435953
2014-03-22,2013-14,NO BET,8,0,0,0,,,,0.23800158431007817,0.0043827446930741545,-0.010821829969435953
2014-03-23,2013-14,NO BET,7,0,0,0,,,,0.2309114904485795,0.0043827446930741545,-0.010821829969435953
2014-03-24,2013-14,NO BET,10,0,0,0,,,,0.23758257200075844,0.0043827446930741545,-0.010821829969435953
2014-03-25,2013-14,NO BET,4,0,0,0,,,,0.23316402141214843,0.0043827446930741545,-0.010821829969435953
2014-03-26,2013-14,NO BET,10,0,0,0,,,,0.23820369734576152,0.0043827446930741545,-0.010821829969435953
2014-03-27,2013-14,NO BET,4,0,0,0,,,,0.2360319032886612,0.0043827446930741545,-0.010821829969435953
2014-03-28,2013-14,NO BET,12,0,0,0,,,,0.23761566355374508,0.0043827446930741545,-0.010821829969435953
2014-03-29,2013-14,NO BET,6,0,0,0,,,,0.23754833970577133,0.0043827446930741545,-0.010821829969435953
2014-03-30,2013-14,NO BET,8,0,0,0,,,,0.23783620916711307,0.0043827446930741545,-0.010821829969435953
2014-03-31,2013-14,NO BET,10,0,0,0,,,,0.23626081107624836,0.0043827446930741545,-0.010821829969435953
2014-04-01,2013-14,NO BET,3,0,0,0,,,,0.23622453701774837,0.0043827446930741545,-0.010821829969435953
2014-04-02,2013-14,NO BET,13,0,0,0,,,,0.23793962704171484,0.0043827446930741545,-0.010821829969435953
2014-04-03,2013-14,NO BET,2,0,0,0,,,,0.23826831576202384,0.0043827446930741545,-0.010821829969435953
2014-04-04,2013-14,NO BET,14,0,0,0,,,,0.23876237663672834,0.0043827446930741545,-0.010821829969435953
2014-04-05,2013-14,NO BET,6,0,0,0,,,,0.23840993298624213,0.0043827446930741545,-0.010821829969435953
2014-04-06,2013-14,NO BET,9,0,0,0,,,,0.2373307536814923,0.0043827446930741545,-0.010821829969435953
2014-04-08,2013-14,NO BET,6,0,0,0,,,,0.2367606177001073,0.0043827446930741545,-0.010821829969435953
2014-04-09,2013-14,NO BET,12,0,0,0,,,,0.23934153137443637,0.0043827446930741545,-0.010821829969435953
2014-04-10,2013-14,NO BET,2,0,0,0,,,,0.23698120744939744,0.0043827446930741545,-0.010821829969435953
2014-04-11,2013-14,NO BET,13,0,0,0,,,,0.23820581959910292,0.0043827446930741545,-0.010821829969435953
2014-04-12,2013-14,NO BET,8,0,0,0,,,,0.23840059944644648,0.0043827446930741545,-0.010821829969435953
2014-04-13,2013-14,NO BET,7,0,0,0,,,,0.23834580790062498,0.0043827446930741545,-0.010821829969435953
2014-04-14,2013-14,NO BET,10,0,0,0,,,,0.2368231666189744,0.0043827446930741545,-0.010821829969435953
2014-04-15,2013-14,NO BET,2,0,0,0,,,,0.23288624960586413,0.0043827446930741545,-0.010821829969435953
2014-04-16,2013-14,NO BET,15,0,0,0,,,,0.23858119900284902,0.0043827446930741545,-0.010821829969435953
2014-04-19,2013-14,NO BET,4,0,0,0,,,,0.2332822603701858,0.0043827446930741545,-0.010821829969435953
2014-04-20,2013-14,NO BET,4,0,0,0,,,,0.23395329870711618,0.0043827446930741545,-0.010821829969435953
2014-04-21,2013-14,NO BET,2,0,0,0,,,,0.1933436332195091,0.0043827446930741545,-0.010821829969435953
2014-04-22,2013-14,NO BET,3,0,0,0,,,,0.23407603499099688,0.0043827446930741545,-0.010821829969435953
2014-04-23,2013-14,NO BET,3,0,0,0,,,,0.23703755325685366,0.0043827446930741545,-0.010821829969435953
2014-04-24,2013-14,NO BET,3,0,0,0,,,,0.23058929123265776,0.0043827446930741545,-0.010821829969435953
2014-04-25,2013-14,NO BET,3,0,0,0,,,,0.23374361183257614,0.0043827446930741545,-0.010821829969435953
2014-04-26,2013-14,NO BET,4,0,0,0,,,,0.2301615448829133,0.0043827446930741545,-0.010821829969435953
2014-04-27,2013-14,NO BET,4,0,0,0,,,,0.22700117837372596,0.0043827446930741545,-0.010821829969435953
2014-04-28,2013-14,NO BET,3,0,0,0,,,,0.22673563450228934,0.0043827446930741545,-0.010821829969435953
2014-04-29,2013-14,NO BET,3,0,0,0,,,,0.22896230048171984,0.0043827446930741545,-0.010821829969435953
2014-04-30,2013-14,NO BET,3,0,0,0,,,,0.22835987737489089,0.0043827446930741545,-0.010821829969435953
2014-05-01,2013-14,NO BET,3,0,0,0,,,,0.2302864363206536,0.0043827446930741545,-0.010821829969435953
2014-05-02,2013-14,NO BET,3,0,0,0,,,,0.22674816433243122,0.0043827446930741545,-0.010821829969435953
2014-05-03,2013-14,NO BET,3,0,0,0,,,,0.22848765453745523,0.0043827446930741545,-0.010821829969435953
2014-05-04,2013-14,NO BET,2,0,0,0,,,,0.22766880700564418,0.0043827446930741545,-0.010821829969435953
2014-05-05,2013-14,NO BET,2,0,0,0,,,,0.22413779421804775,0.0043827446930741545,-0.010821829969435953
2014-05-06,2013-14,NO BET,2,0,0,0,,,,0.22133439115444298,0.0043827446930741545,-0.010821829969435953
2014-05-07,2013-14,NO BET,2,0,0,0,,,,0.2013863988319483,0.0043827446930741545,-0.010821829969435953
2014-05-08,2013-14,NO BET,2,0,0,0,,,,0.186126890336069,0.0043827446930741545,-0.010821829969435953
2014-05-09,2013-14,NO BET,2,0,0,0,,,,0.21165210396354267,0.0043827446930741545,-0.010821829969435953
2014-05-10,2013-14,NO BET,2,0,0,0,,,,0.18613835025514236,0.0043827446930741545,-0.010821829969435953
2014-05-11,2013-14,NO BET,2,0,0,0,,,,0.2010732556898815,0.0043827446930741545,-0.010821829969435953
2014-05-12,2013-14,NO BET,2,0,0,0,,,,0.16685042213371698,0.0043827446930741545,-0.010821829969435953
2014-05-13,2013-14,NO BET,2,0,0,0,,,,0.2067559637459916,0.0043827446930741545,-0.010821829969435953
2014-05-14,2013-14,NO BET,2,0,0,0,,,,0.19876196282458408,0.0043827446930741545,-0.010821829969435953
2014-05-15,2013-14,NO BET,2,0,0,0,,,,0.19733266377220843,0.0043827446930741545,-0.010821829969435953
2014-05-18,2013-14,NO BET,1,0,0,0,,,,,0.0043827446930741545,-0.010821829969435953
2014-05-19,2013-14,NO BET,1,0,0,0,,,,,0.0043827446930741545,-0.010821829969435953
2014-05-20,2013-14,NO BET,1,0,0,0,,,,,0.0043827446930741545,-0.010821829969435953
2014-05-21,2013-14,NO BET,1,0,0,0,,,,,0.0043827446930741545,-0.010821829969435953
2014-05-24,2013-14,NO BET,1,0,0,0,,,,,0.0043827446930741545,-0.010821829969435953
2014-05-25,2013-14,NO BET,1,0,0,0,,,,,0.0043827446930741545,-0.010821829969435953
2014-05-26,2013-14,NO BET,1,0,0,0,,,,,0.0043827446930741545,-0.010821829969435953
2014-05-27,2013-14,NO BET,1,0,0,0,,,,,0.0043827446930741545,-0.010821829969435953
2014-05-28,2013-14,NO BET,1,0,0,0,,,,,0.0043827446930741545,-0.010821829969435953
2014-05-29,2013-14,NO BET,1,0,0,0,,,,,0.0043827446930741545,-0.010821829969435953
2014-05-30,2013-14,NO BET,1,0,0,0,,,,,0.0043827446930741545,-0.010821829969435953
2014-05-31,2013-14,NO BET,1,0,0,0,,,,,0.0043827446930741545,-0.010821829969435953
2014-06-05,2013-14,NO BET,1,0,0,0,,,,,0.0043827446930741545,-0.010821829969435953
2014-06-08,2013-14,NO BET,1,0,0,0,,,,,0.0043827446930741545,-0.010821829969435953
2014-06-10,2013-14,NO BET,1,0,0,0,,,,,0.0043827446930741545,-0.010821829969435953
2014-06-12,2013-14,NO BET,1,0,0,0,,,,,0.0043827446930741545,-0.010821829969435953
2014-06-15,2013-14,NO BET,1,0,0,0,,,,,0.0043827446930741545,-0.010821829969435953
2014-10-28,2014-15,NO BET,0,0,0,0,,,,,0.006261194767004933,-0.0046829898748048234
2014-10-29,2014-15,NO BET,0,0,0,0,,,,,0.006261194767004933,-0.0046829898748048234
2014-10-30,2014-15,NO BET,0,0,0,0,,,,,0.006261194767004933,-0.0046829898748048234
2014-10-31,2014-15,NO BET,0,0,0,0,,,,,0.006261194767004933,-0.0046829898748048234
2014-11-01,2014-15,NO BET,0,0,0,0,,,,,0.006261194767004933,-0.0046829898748048234
2014-11-02,2014-15,NO BET,0,0,0,0,,,,,0.006261194767004933,-0.0046829898748048234
2014-11-03,2014-15,NO BET,0,0,0,0,,,,,0.006261194767004933,-0.0046829898748048234
2014-11-04,2014-15,NO BET,0,0,0,0,,,,,0.006261194767004933,-0.0046829898748048234
2014-11-05,2014-15,NO BET,0,0,0,0,,,,,0.006261194767004933,-0.0046829898748048234
2014-11-06,2014-15,NO BET,0,0,0,0,,,,,0.006261194767004933,-0.0046829898748048234
2014-11-07,2014-15,NO BET,5,0,0,0,,,,0.23869724254170188,0.006261194767004933,-0.0046829898748048234
2014-11-08,2014-15,NO BET,5,0,0,0,,,,0.2409602841793002,0.006261194767004933,-0.0046829898748048234
2014-11-09,2014-15,NO BET,8,0,0,0,,,,0.24209794194460305,0.006261194767004933,-0.0046829898748048234
2014-11-10,2014-15,NO BET,5,0,0,0,,,,0.23398554815459144,0.006261194767004933,-0.0046829898748048234
2014-11-11,2014-15,NO BET,6,0,0,0,,,,0.23679405119644048,0.006261194767004933,-0.0046829898748048234
2014-11-12,2014-15,NO BET,9,0,0,0,,,,0.24260097964509453,0.006261194767004933,-0.0046829898748048234
2014-11-13,2014-15,NO BET,4,0,0,0,,,,0.2280077818034293,0.006261194767004933,-0.0046829898748048234
2014-11-14,2014-15,NO BET,10,0,0,0,,,,0.24286639961263373,0.006261194767004933,-0.0046829898748048234
2014-11-15,2014-15,NO BET,10,0,0,0,,,,0.23686834580732619,0.006261194767004933,-0.0046829898748048234
2014-11-16,2014-15,NO BET,4,0,0,0,,,,0.24367472319297673,0.006261194767004933,-0.0046829898748048234
2014-11-17,2014-15,NO BET,9,0,0,0,,,,0.24433037384976625,0.006261194767004933,-0.0046829898748048234
2014-11-18,2014-15,NO BET,4,0,0,0,,,,0.2431846973893692,0.006261194767004933,-0.0046829898748048234
2014-11-19,2014-15,NO BET,11,0,0,0,,,,0.24302695433659105,0.006261194767004933,-0.0046829898748048234
2014-11-20,2014-15,NO BET,2,0,0,0,,,,0.235989309542188,0.006261194767004933,-0.0046829898748048234
2014-11-21,2014-15,NO BET,11,0,0,0,,,,0.24596197009111676,0.006261194767004933,-0.0046829898748048234
2014-11-22,2014-15,NO BET,9,0,0,0,,,,0.2446281655370514,0.006261194767004933,-0.0046829898748048234
2014-11-23,2014-15,NO BET,5,0,0,0,,,,0.2418294669875551,0.006261194767004933,-0.0046829898748048234
2014-11-24,2014-15,NO BET,7,0,0,0,,,,0.23930202771466164,0.006261194767004933,-0.0046829898748048234
2014-11-25,2014-15,NO BET,5,0,0,0,,,,0.2412687936307688,0.006261194767004933,-0.0046829898748048234
2014-11-26,2014-15,NO BET,13,0,0,0,,,,0.24517641204154328,0.006261194767004933,-0.0046829898748048234
2014-11-28,2014-15,NO BET,12,0,0,0,,,,0.24005829898295272,0.006261194767004933,-0.0046829898748048234
2014-11-29,2014-15,NO BET,6,0,0,0,,,,0.24318998074016013,0.006261194767004933,-0.0046829898748048234
2014-11-30,2014-15,NO BET,8,0,0,0,,,,0.24073416371928558,0.006261194767004933,-0.0046829898748048234
2014-12-01,2014-15,NO BET,4,0,0,0,,,,0.2431532646418822,0.006261194767004933,-0.0046829898748048234
2014-12-02,2014-15,NO BET,10,0,0,0,,,,0.24439344854061773,0.006261194767004933,-0.0046829898748048234
2014-12-03,2014-15,NO BET,10,0,0,0,,,,0.24484226649758845,0.006261194767004933,-0.0046829898748048234
2014-12-04,2014-15,NO BET,3,0,0,0,,,,0.23463140170299523,0.006261194767004933,-0.0046829898748048234
2014-12-05,2014-15,NO BET,12,0,0,0,,,,0.24459913729115612,0.006261194767004933,-0.0046829898748048234
2014-12-06,2014-15,NO BET,6,0,0,0,,,,0.2437386023979809,0.006261194767004933,-0.0046829898748048234
2014-12-07,2014-15,NO BET,7,0,0,0,,,,0.24413053530104117,0.006261194767004933,-0.0046829898748048234
2014-12-08,2014-15,NO BET,7,0,0,0,,,,0.24325125136841835,0.006261194767004933,-0.0046829898748048234
2014-12-09,2014-15,NO BET,8,0,0,0,,,,0.24453974066388284,0.006261194767004933,-0.0046829898748048234
2014-12-10,2014-15,NO BET,10,0,0,0,,,,0.24470415652889527,0.006261194767004933,-0.0046829898748048234
2014-12-11,2014-15,NO BET,2,0,0,0,,,,0.23899828521323202,0.006261194767004933,-0.0046829898748048234
2014-12-12,2014-15,NO BET,12,0,0,0,,,,0.24401776057236912,0.006261194767004933,-0.0046829898748048234
2014-12-13,2014-15,NO BET,8,0,0,0,,,,0.2446086088597595,0.006261194767004933,-0.0046829898748048234
2014-12-14,2014-15,NO BET,7,0,0,0,,,,0.24419290251616427,0.006261194767004933,-0.0046829898748048234
2014-12-15,2014-15,NO BET,8,0,0,0,,,,0.24463090415461491,0.006261194767004933,-0.0046829898748048234
2014-12-16,2014-15,NO BET,6,0,0,0,,,,0.24096797818640997,0.006261194767004933,-0.0046829898748048234
2014-12-17,2014-15,NO BET,10,0,0,0,,,,0.2443280503519326,0.006261194767004933,-0.0046829898748048234
2014-12-18,2014-15,NO BET,4,0,0,0,,,,0.23958182862086375,0.006261194767004933,-0.0046829898748048234
2014-12-19,2014-15,NO BET,10,0,0,0,,,,0.24351851826066107,0.006261194767004933,-0.0046829898748048234
2014-12-20,2014-15,NO BET,7,0,0,0,,,,0.24385342871844962,0.006261194767004933,-0.0046829898748048234
2014-12-21,2014-15,NO BET,9,0,0,0,,,,0.2448477473892699,0.006261194767004933,-0.0046829898748048234
2014-12-22,2014-15,NO BET,7,0,0,0,,,,0.2456878734949664,0.006261194767004933,-0.0046829898748048234
2014-12-23,2014-15,NO BET,11,0,0,0,,,,0.24464683434671824,0.006261194767004933,-0.0046829898748048234
2014-12-25,2014-15,NO BET,5,0,0,0,,,,0.24443262230916762,0.006261194767004933,-0.0046829898748048234
2014-12-26,2014-15,NO BET,11,0,0,0,,,,0.24423977345048226,0.006261194767004933,-0.0046829898748048234
2014-12-27,2014-15,NO BET,10,0,0,0,,,,0.24528796510378786,0.006261194767004933,-0.0046829898748048234
2014-12-28,2014-15,NO BET,6,0,0,0,,,,0.24469610055190893,0.006261194767004933,-0.0046829898748048234
2014-12-29,2014-15,NO BET,6,0,0,0,,,,0.24234978982944966,0.006261194767004933,-0.0046829898748048234
2014-12-30,2014-15,NO BET,10,0,0,0,,,,0.24372748217448192,0.006261194767004933,-0.0046829898748048234
2014-12-31,2014-15,NO BET,7,0,0,0,,,,0.24444710224066207,0.006261194767004933,-0.0046829898748048234
2015-01-01,2014-15,NO BET,2,0,0,0,,,,0.23925052282167025,0.006261194767004933,-0.0046829898748048234
2015-01-02,2014-15,NO BET,11,0,0,0,,,,0.24469968384054985,0.006261194767004933,-0.0046829898748048234
2015-01-03,2014-15,NO BET,8,0,0,0,,,,0.2428506715111463,0.006261194767004933,-0.0046829898748048234
2015-01-04,2014-15,NO BET,6,0,0,0,,,,0.2435061260751728,0.006261194767004933,-0.0046829898748048234
2015-01-05,2014-15,NO BET,11,0,0,0,,,,0.2447644228585243,0.006261194767004933,-0.0046829898748048234
2015-01-06,2014-15,NO BET,2,0,0,0,,,,0.23483944559713915,0.006261194767004933,-0.0046829898748048234
2015-01-07,2014-15,NO BET,13,0,0,0,,,,0.2446895807659833,0.006261194767004933,-0.0046829898748048234
2015-01-08,2014-15,NO BET,3,0,0,0,,,,0.2419960980330792,0.006261194767004933,-0.0046829898748048234
2015-01-09,2014-15,NO BET,11,0,0,0,,,,0.2404726821676208,0.006261194767004933,-0.0046829898748048234
2015-01-10,2014-15,NO BET,9,0,0,0,,,,0.24356082959309827,0.006261194767004933,-0.0046829898748048234
2015-01-11,2014-15,NO BET,5,0,0,0,,,,0.24102137553290592,0.006261194767004933,-0.0046829898748048234
2015-01-12,2014-15,NO BET,4,0,0,0,,,,0.2357329575816965,0.006261194767004933,-0.0046829898748048234
2015-01-13,2014-15,NO BET,7,0,0,0,,,,0.24417889871416454,0.006261194767004933,-0.0046829898748048234
2015-01-14,2014-15,NO BET,10,0,0,0,,,,0.2452856508655467,0.006261194767004933,-0.0046829898748048234
2015-01-15,2014-15,NO BET,3,0,0,0,,,,0.24403050289767614,0.006261194767004933,-0.0046829898748048234
2015-01-16,2014-15,NO BET,13,0,0,0,,,,0.24428008592415373,0.006261194767004933,-0.0046829898748048234
2015-01-17,2014-15,NO BET,8,0,0,0,,,,0.24518557730052892,0.006261194767004933,-0.0046829898748048234
2015-01-18,2014-15,NO BET,3,0,0,0,,,,0.23548648575880476,0.006261194767004933,-0.0046829898748048234
2015-01-19,2014-15,NO BET,12,0,0,0,,,,0.2442110785324048,0.006261194767004933,-0.0046829898748048234
2015-01-20,2014-15,NO BET,2,0,0,0,,,,0.23335109281201538,0.006261194767004933,-0.0046829898748048234
2015-01-21,2014-15,NO BET,12,0,0,0,,,,0.2430617228023717,0.006261194767004933,-0.0046829898748048234
2015-01-22,2014-15,NO BET,4,0,0,0,,,,0.24369504101833195,0.006261194767004933,-0.0046829898748048234
2015-01-23,2014-15,NO BET,11,0,0,0,,,,0.24265180369095363,0.006261194767004933,-0.0046829898748048234
2015-01-24,2014-15,NO BET,5,0,0,0,,,,0.24430671437819973,0.006261194767004933,-0.0046829898748048234
2015-01-25,2014-15,NO BET,11,0,0,0,,,,0.24422610495280833,0.006261194767004933,-0.0046829898748048234
2015-01-26,2014-15,NO BET,5,0,0,0,,,,0.2440940920758518,0.006261194767004933,-0.0046829898748048234
2015-01-27,2014-15,NO BET,6,0,0,0,,,,0.24422809781860194,0.006261194767004933,-0.0046829898748048234
2015-01-28,2014-15,NO BET,11,0,0,0,,,,0.24523926190288126,0.006261194767004933,-0.0046829898748048234
2015-01-29,2014-15,NO BET,4,0,0,0,,,,0.2407548377171989,0.006261194767004933,-0.0046829898748048234
2015-01-30,2014-15,NO BET,9,0,0,0,,,,0.24521134687808482,0.006261194767004933,-0.0046829898748048234
2015-01-31,2014-15,NO BET,11,0,0,0,,,,0.24474246582237247,0.006261194767004933,-0.0046829898748048234
2015-02-01,2014-15,NO BET,2,0,0,0,,,,0.24029795745575372,0.006261194767004933,-0.0046829898748048234
2015-02-02,2014-15,NO BET,8,0,0,0,,,,0.24447257343867906,0.006261194767004933,-0.0046829898748048234
2015-02-03,2014-15,NO BET,5,0,0,0,,,,0.24326967804452998,0.006261194767004933,-0.0046829898748048234
2015-02-04,2014-15,NO BET,11,0,0,0,,,,0.24395064773780384,0.006261194767004933,-0.0046829898748048234
2015-02-05,2014-15,NO BET,4,0,0,0,,,,0.2427927343766687,0.006261194767004933,-0.0046829898748048234
2015-02-06,2014-15,NO BET,12,0,0,0,,,,0.2451459017715093,0.006261194767004933,-0.0046829898748048234
2015-02-07,2014-15,NO BET,7,0,0,0,,,,0.24406508113021202,0.006261194767004933,-0.0046829898748048234
2015-02-08,2014-15,NO BET,9,0,0,0,,,,0.2448123388942775,0.006261194767004933,-0.0046829898748048234
2015-02-09,2014-15,NO BET,8,0,0,0,,,,0.24474436765214014,0.006261194767004933,-0.0046829898748048234
2015-02-10,2014-15,NO BET,5,0,0,0,,,,0.24233886429481777,0.006261194767004933,-0.0046829898748048234
2015-02-11,2014-15,NO BET,12,0,0,0,,,,0.24508097230468762,0.006261194767004933,-0.0046829898748048234
2015-02-12,2014-15,NO BET,1,0,0,0,,,,,0.006261194767004933,-0.0046829898748048234
2015-02-19,2014-15,NO BET,2,0,0,0,,,,0.200272594322094,0.006261194767004933,-0.0046829898748048234
2015-02-20,2014-15,NO BET,13,0,0,0,,,,0.2002978735813803,0.006261194767004933,-0.0046829898748048234
2015-02-21,2014-15,NO BET,5,0,0,0,,,,0.2427761915582659,0.006261194767004933,-0.0046829898748048234
2015-02-22,2014-15,NO BET,9,0,0,0,,,,0.2450838545360381,0.006261194767004933,-0.0046829898748048234
2015-02-23,2014-15,NO BET,8,0,0,0,,,,0.2447379468871007,0.006261194767004933,-0.0046829898748048234
2015-02-24,2014-15,NO BET,4,0,0,0,,,,0.24505716072866623,0.006261194767004933,-0.0046829898748048234
2015-02-25,2014-15,NO BET,12,0,0,0,,,,0.24545599168185217,0.006261194767004933,-0.0046829898748048234
2015-02-26,2014-15,NO BET,2,0,0,0,,,,0.2402403930860348,0.006261194767004933,-0.0046829898748048234
2015-02-27,2014-15,NO BET,14,0,0,0,,,,0.2446163186222135,0.006261194767004933,-0.0046829898748048234
2015-02-28,2014-15,NO BET,7,0,0,0,,,,0.24465117833796002,0.006261194767004933,-0.0046829898748048234
2015-03-01,2014-15,NO BET,8,0,0,0,,,,0.2422719520731969,0.006261194767004933,-0.0046829898748048234
2015-03-02,2014-15,NO BET,5,0,0,0,,,,0.24486040231161238,0.006261194767004933,-0.0046829898748048234
2015-03-03,2014-15,NO BET,7,0,0,0,,,,0.24419450393064057,0.006261194767004933,-0.0046829898748048234
2015-03-04,2014-15,NO BET,13,0,0,0,,,,0.24452064613169328,0.006261194767004933,-0.0046829898748048234
2015-03-05,2014-15,NO BET,2,0,0,0,,,,0.24178175001598068,0.006261194767004933,-0.0046829898748048234
2015-03-06,2014-15,NO BET,12,0,0,0,,,,0.2448423065228837,0.006261194767004933,-0.0046829898748048234
2015-03-07,2014-15,NO BET,8,0,0,0,,,,0.24436933991219462,0.006261194767004933,-0.0046829898748048234
2015-03-08,2014-15,NO BET,7,0,0,0,,,,0.2448610668210779,0.006261194767004933,-0.0046829898748048234
2015-03-09,2014-15,NO BET,8,0,0,0,,,,0.2436504114431875,0.006261194767004933,-0.0046829898748048234
2015-03-10,2014-15,NO BET,6,0,0,0,,,,0.24381263622707816,0.006261194767004933,-0.0046829898748048234
2015-03-11,2014-15,NO BET,10,0,0,0,,,,0.2440783758527182,0.006261194767004933,-0.0046829898748048234
2015-03-12,2014-15,NO BET,5,0,0,0,,,,0.24247860558647272,0.006261194767004933,-0.0046829898748048234
2015-03-13,2014-15,NO BET,9,0,0,0,,,,0.24432602581120672,0.006261194767004933,-0.0046829898748048234
2015-03-14,2014-15,NO BET,6,0,0,0,,,,0.24311650413667935,0.006261194767004933,-0.0046829898748048234
2015-03-15,2014-15,NO BET,8,0,0,0,,,,0.2448606873388982,0.006261194767004933,-0.0046829898748048234
2015-03-16,2014-15,NO BET,10,0,0,0,,,,0.24434205530775788,0.006261194767004933,-0.0046829898748048234
2015-03-17,2014-15,NO BET,5,0,0,0,,,,0.24626611277206983,0.006261194767004933,-0.0046829898748048234
2015-03-18,2014-15,NO BET,11,0,0,0,,,,0.24426518192264912,0.006261194767004933,-0.0046829898748048234
2015-03-19,2014-15,NO BET,4,0,0,0,,,,0.24275023651520794,0.006261194767004933,-0.0046829898748048234
2015-03-20,2014-15,NO BET,12,0,0,0,,,,0.24428892440753724,0.006261194767004933,-0.0046829898748048234
2015-03-21,2014-15,NO BET,5,0,0,0,,,,0.24291617289626877,0.006261194767004933,-0.0046829898748048234
2015-03-22,2014-15,NO BET,11,0,0,0,,,,0.24548898877345066,0.006261194767004933,-0.0046829898748048234
2015-03-23,2014-15,NO BET,6,0,0,0,,,,0.24391498472981504,0.006261194767004933,-0.0046829898748048234
2015-03-24,2014-15,NO BET,6,0,0,0,,,,0.24587452893540235,0.006261194767004933,-0.0046829898748048234
2015-03-25,2014-15,NO BET,13,0,0,0,,,,0.24373173043921503,0.006261194767004933,-0.0046829898748048234
2015-03-26,2014-15,NO BET,1,0,0,0,,,,,0.006261194767004933,-0.0046829898748048234
2015-03-27,2014-15,NO BET,13,0,0,0,,,,0.24452985681696138,0.006261194767004933,-0.0046829898748048234
2015-03-28,2014-15,NO BET,5,0,0,0,,,,0.24464310426961278,0.006261194767004933,-0.0046829898748048234
2015-03-29,2014-15,NO BET,9,0,0,0,,,,0.2450414497830805,0.006261194767004933,-0.0046829898748048234
2015-03-30,2014-15,NO BET,7,0,0,0,,,,0.24442212525771756,0.006261194767004933,-0.0046829898748048234
2015-03-31,2014-15,NO BET,4,0,0,0,,,,0.24200864636266023,0.006261194767004933,-0.0046829898748048234
2015-04-01,2014-15,NO BET,12,0,0,0,,,,0.24314964624679297,0.006261194767004933,-0.0046829898748048234
2015-04-02,2014-15,NO BET,3,0,0,0,,,,0.2443915715212147,0.006261194767004933,-0.0046829898748048234
2015-04-03,2014-15,NO BET,10,0,0,0,,,,0.24418263009577656,0.006261194767004933,-0.0046829898748048234
2015-04-04,2014-15,NO BET,10,0,0,0,,,,0.24420871157665525,0.006261194767004933,-0.0046829898748048234
2015-04-05,2014-15,NO BET,7,0,0,0,,,,0.2440258963741832,0.006261194767004933,-0.0046829898748048234
2015-04-06,2014-15,NO BET,1,0,0,0,,,,,0.006261194767004933,-0.0046829898748048234
2015-04-07,2014-15,NO BET,6,0,0,0,,,,0.2439188988588104,0.006261194767004933,-0.0046829898748048234
2015-04-08,2014-15,NO BET,13,0,0,0,,,,0.24331407940129368,0.006261194767004933,-0.0046829898748048234
2015-04-09,2014-15,NO BET,2,0,0,0,,,,0.2411120656164863,0.006261194767004933,-0.0046829898748048234
2015-04-10,2014-15,NO BET,12,0,0,0,,,,0.24463548608151492,0.006261194767004933,-0.0046829898748048234
2015-04-11,2014-15,NO BET,6,0,0,0,,,,0.24341533252401581,0.006261194767004933,-0.0046829898748048234
2015-04-12,2014-15,NO BET,9,0,0,0,,,,0.2443874654433435,0.006261194767004933,-0.0046829898748048234
2015-04-13,2014-15,NO BET,12,0,0,0,,,,0.2442896857394321,0.006261194767004933,-0.0046829898748048234
2015-04-14,2014-15,NO BET,3,0,0,0,,,,0.24391937650749346,0.006261194767004933,-0.0046829898748048234
2015-04-15,2014-15,NO BET,14,0,0,0,,,,0.24556318555560053,0.006261194767004933,-0.0046829898748048234
2015-04-18,2014-15,NO BET,4,0,0,0,,,,0.24336176035908197,0.006261194767004933,-0.0046829898748048234
2015-04-19,2014-15,NO BET,4,0,0,0,,,,0.24460762099865346,0.006261194767004933,-0.0046829898748048234
2015-04-20,2014-15,NO BET,2,0,0,0,,,,0.2345615431180706,0.006261194767004933,-0.0046829898748048234
2015-04-21,2014-15,NO BET,3,0,0,0,,,,0.23856267531423214,0.006261194767004933,-0.0046829898748048234
2015-04-22,2014-15,NO BET,3,0,0,0,,,,0.2394872288693613,0.006261194767004933,-0.0046829898748048234
2015-04-23,2014-15,NO BET,3,0,0,0,,,,0.23883981412352628,0.006261194767004933,-0.0046829898748048234
2015-04-24,2014-15,NO BET,3,0,0,0,,,,0.24042292559955153,0.006261194767004933,-0.0046829898748048234
2015-04-25,2014-15,NO BET,4,0,0,0,,,,0.2385917597709814,0.006261194767004933,-0.0046829898748048234
2015-04-26,2014-15,NO BET,4,0,0,0,,,,0.23601126315069376,0.006261194767004933,-0.0046829898748048234
2015-04-27,2014-15,NO BET,3,0,0,0,,,,0.23480009917420114,0.006261194767004933,-0.0046829898748048234
2015-04-28,2014-15,NO BET,2,0,0,0,,,,0.2035189875048925,0.006261194767004933,-0.0046829898748048234
2015-04-29,2014-15,NO BET,2,0,0,0,,,,0.23357262534070505,0.006261194767004933,-0.0046829898748048234
2015-04-30,2014-15,NO BET,2,0,0,0,,,,0.23822660401349927,0.006261194767004933,-0.0046829898748048234
2015-05-01,2014-15,NO BET,1,0,0,0,,,,,0.006261194767004933,-0.0046829898748048234
2015-05-02,2014-15,NO BET,1,0,0,0,,,,,0.006261194767004933,-0.0046829898748048234
2015-05-03,2014-15,NO BET,2,0,0,0,,,,0.24071216189357547,0.006261194767004933,-0.0046829898748048234
2015-05-04,2014-15,NO BET,2,0,0,0,,,,0.23975825887928964,0.006261194767004933,-0.0046829898748048234
2015-05-05,2014-15,NO BET,2,0,0,0,,,,0.23003920242318626,0.006261194767004933,-0.0046829898748048234
2015-05-06,2014-15,NO BET,2,0,0,0,,,,0.23182515966424194,0.006261194767004933,-0.0046829898748048234
2015-05-08,2014-15,NO BET,2,0,0,0,,,,0.22468881749102293,0.006261194767004933,-0.0046829898748048234
2015-05-09,2014-15,NO BET,2,0,0,0,,,,0.23983911465296798,0.006261194767004933,-0.0046829898748048234
2015-05-10,2014-15,NO BET,2,0,0,0,,,,0.2233414240063169,0.006261194767004933,-0.0046829898748048234
2015-05-11,2014-15,NO BET,2,0,0,0,,,,0.22943335267363807,0.006261194767004933,-0.0046829898748048234
2015-05-12,2014-15,NO BET,2,0,0,0,,,,0.21504454240366916,0.006261194767004933,-0.0046829898748048234
2015-05-13,2014-15,NO BET,2,0,0,0,,,,0.22666458032151,0.006261194767004933,-0.0046829898748048234
2015-05-14,2014-15,NO BET,2,0,0,0,,,,0.20918437657295813,0.006261194767004933,-0.0046829898748048234
2015-05-15,2014-15,NO BET,2,0,0,0,,,,0.2279713166641384,0.006261194767004933,-0.0046829898748048234
2015-05-17,2014-15,NO BET,1,0,0,0,,,,,0.006261194767004933,-0.0046829898748048234
2015-05-19,2014-15,NO BET,1,0,0,0,,,,,0.006261194767004933,-0.0046829898748048234
2015-05-20,2014-15,NO BET,1,0,0,0,,,,,0.006261194767004933,-0.0046829898748048234
2015-05-21,2014-15,NO BET,1,0,0,0,,,,,0.006261194767004933,-0.0046829898748048234
2015-05-22,2014-15,NO BET,1,0,0,0,,,,,0.006261194767004933,-0.0046829898748048234
2015-05-23,2014-15,NO BET,1,0,0,0,,,,,0.006261194767004933,-0.0046829898748048234
2015-05-24,2014-15,NO BET,1,0,0,0,,,,,0.006261194767004933,-0.0046829898748048234
2015-05-25,2014-15,NO BET,1,0,0,0,,,,,0.006261194767004933,-0.0046829898748048234
2015-05-26,2014-15,NO BET,1,0,0,0,,,,,0.006261194767004933,-0.0046829898748048234
2015-05-27,2014-15,NO BET,1,0,0,0,,,,,0.006261194767004933,-0.0046829898748048234
2015-06-04,2014-15,NO BET,1,0,0,0,,,,,0.006261194767004933,-0.0046829898748048234
2015-06-07,2014-15,NO BET,1,0,0,0,,,,,0.006261194767004933,-0.0046829898748048234
2015-06-09,2014-15,NO BET,1,0,0,0,,,,,0.006261194767004933,-0.0046829898748048234
2015-06-11,2014-15,NO BET,1,0,0,0,,,,,0.006261194767004933,-0.0046829898748048234
2015-06-14,2014-15,NO BET,1,0,0,0,,,,,0.006261194767004933,-0.0046829898748048234
2015-06-16,2014-15,NO BET,1,0,0,0,,,,,0.006261194767004933,-0.0046829898748048234
2015-10-27,2015-16,NO BET,0,0,0,0,,,,,0.004265534471489754,-0.008128774224694622
2015-10-28,2015-16,NO BET,0,0,0,0,,,,,0.004265534471489754,-0.008128774224694622
2015-10-29,2015-16,NO BET,0,0,0,0,,,,,0.004265534471489754,-0.008128774224694622
2015-10-30,2015-16,NO BET,0,0,0,0,,,,,0.004265534471489754,-0.008128774224694622
2015-10-31,2015-16,NO BET,0,0,0,0,,,,,0.004265534471489754,-0.008128774224694622
2015-11-01,2015-16,NO BET,0,0,0,0,,,,,0.004265534471489754,-0.008128774224694622
2015-11-02,2015-16,NO BET,0,0,0,0,,,,,0.004265534471489754,-0.008128774224694622
2015-11-03,2015-16,NO BET,0,0,0,0,,,,,0.004265534471489754,-0.008128774224694622
2015-11-04,2015-16,NO BET,0,0,0,0,,,,,0.004265534471489754,-0.008128774224694622
2015-11-05,2015-16,NO BET,2,0,0,0,,,,0.23003105646777466,0.004265534471489754,-0.008128774224694622
2015-11-06,2015-16,NO BET,5,0,0,0,,,,0.22617011605645376,0.004265534471489754,-0.008128774224694622
2015-11-07,2015-16,NO BET,8,0,0,0,,,,0.2373597350140788,0.004265534471489754,-0.008128774224694622
2015-11-08,2015-16,NO BET,5,0,0,0,,,,0.2350279387948403,0.004265534471489754,-0.008128774224694622
2015-11-09,2015-16,NO BET,7,0,0,0,,,,0.23732027792346633,0.004265534471489754,-0.008128774224694622
2015-11-10,2015-16,NO BET,7,0,0,0,,,,0.23190935144995378,0.004265534471489754,-0.008128774224694622
2015-11-11,2015-16,NO BET,11,0,0,0,,,,0.23849349882376886,0.004265534471489754,-0.008128774224694622
2015-11-12,2015-16,NO BET,3,0,0,0,,,,0.23263621093117837,0.004265534471489754,-0.008128774224694622
2015-11-13,2015-16,NO BET,11,0,0,0,,,,0.23777539971001976,0.004265534471489754,-0.008128774224694622
2015-11-14,2015-16,NO BET,7,0,0,0,,,,0.2349012952837521,0.004265534471489754,-0.008128774224694622
2015-11-15,2015-16,NO BET,7,0,0,0,,,,0.2299899782329325,0.004265534471489754,-0.008128774224694622
2015-11-16,2015-16,NO BET,6,0,0,0,,,,0.23631428628932755,0.004265534471489754,-0.008128774224694622
2015-11-17,2015-16,NO BET,7,0,0,0,,,,0.2401377842967174,0.004265534471489754,-0.008128774224694622
2015-11-18,2015-16,NO BET,10,0,0,0,,,,0.2391404694101344,0.004265534471489754,-0.008128774224694622
2015-11-19,2015-16,NO BET,3,0,0,0,,,,0.24029013615540212,0.004265534471489754,-0.008128774224694622
2015-11-20,2015-16,NO BET,11,0,0,0,,,,0.24114921492567287,0.004265534471489754,-0.008128774224694622
2015-11-21,2015-16,NO BET,7,0,0,0,,,,0.23974741098379382,0.004265534471489754,-0.008128774224694622
2015-11-22,2015-16,NO BET,6,0,0,0,,,,0.2394680176535045,0.004265534471489754,-0.008128774224694622
2015-11-23,2015-16,NO BET,7,0,0,0,,,,0.2401155878805893,0.004265534471489754,-0.008128774224694622
2015-11-24,2015-16,NO BET,6,0,0,0,,,,0.23828008901411152,0.004265534471489754,-0.008128774224694622
2015-11-25,2015-16,NO BET,12,0,0,0,,,,0.24050975950994086,0.004265534471489754,-0.008128774224694622
2015-11-27,2015-16,NO BET,12,0,0,0,,,,0.2400857727275963,0.004265534471489754,-0.008128774224694622
2015-11-28,2015-16,NO BET,7,0,0,0,,,,0.24004639994916088,0.004265534471489754,-0.008128774224694622
2015-11-29,2015-16,NO BET,8,0,0,0,,,,0.24014874281435883,0.004265534471489754,-0.008128774224694622
2015-11-30,2015-16,NO BET,8,0,0,0,,,,0.24104632786233904,0.004265534471489754,-0.008128774224694622
2015-12-01,2015-16,NO BET,6,0,0,0,,,,0.23655306261922454,0.004265534471489754,-0.008128774224694622
2015-12-02,2015-16,NO BET,9,0,0,0,,,,0.23912155060031853,0.004265534471489754,-0.008128774224694622
2015-12-03,2015-16,NO BET,6,0,0,0,,,,0.24045648739909553,0.004265534471489754,-0.008128774224694622
2015-12-04,2015-16,NO BET,6,0,0,0,,,,0.24032305912883906,0.004265534471489754,-0.008128774224694622
2015-12-05,2015-16,NO BET,10,0,0,0,,,,0.23992064122839712,0.004265534471489754,-0.008128774224694622
2015-12-06,2015-16,NO BET,5,0,0,0,,,,0.23230000555457797,0.004265534471489754,-0.008128774224694622
2015-12-07,2015-16,NO BET,9,0,0,0,,,,0.24093092552299988,0.004265534471489754,-0.008128774224694622
2015-12-08,2015-16,NO BET,6,0,0,0,,,,0.24019743345732075,0.004265534471489754,-0.008128774224694622
2015-12-09,2015-16,NO BET,10,0,0,0,,,,0.24000112105503651,0.004265534471489754,-0.008128774224694622
2015-12-10,2015-16,NO BET,4,0,0,0,,,,0.24032382138220448,0.004265534471489754,-0.008128774224694622
2015-12-11,2015-16,NO BET,11,0,0,0,,,,0.2410360989935844,0.004265534471489754,-0.008128774224694622
2015-12-12,2015-16,NO BET,9,0,0,0,,,,0.24064616020786334,0.004265534471489754,-0.008128774224694622
2015-12-13,2015-16,NO BET,4,0,0,0,,,,0.23526635106451016,0.004265534471489754,-0.008128774224694622
2015-12-14,2015-16,NO BET,10,0,0,0,,,,0.24103007293620132,0.004265534471489754,-0.008128774224694622
2015-12-15,2015-16,NO BET,4,0,0,0,,,,0.2408142337005627,0.004265534471489754,-0.008128774224694622
2015-12-16,2015-16,NO BET,12,0,0,0,,,,0.23900491947242308,0.004265534471489754,-0.008128774224694622
2015-12-17,2015-16,NO BET,3,0,0,0,,,,0.2374927201730373,0.004265534471489754,-0.008128774224694622
2015-12-18,2015-16,NO BET,12,0,0,0,,,,0.24072098592209995,0.004265534471489754,-0.008128774224694622
2015-12-19,2015-16,NO BET,5,0,0,0,,,,0.24066815056837837,0.004265534471489754,-0.008128774224694622
2015-12-20,2015-16,NO BET,7,0,0,0,,,,0.23773078025909467,0.004265534471489754,-0.008128774224694622
2015-12-21,2015-16,NO BET,9,0,0,0,,,,0.2404337630269356,0.004265534471489754,-0.008128774224694622
2015-12-22,2015-16,NO BET,4,0,0,0,,,,0.23986661729482467,0.004265534471489754,-0.008128774224694622
2015-12-23,2015-16,NO BET,13,0,0,0,,,,0.24120015132200057,0.004265534471489754,-0.008128774224694622
2015-12-25,2015-16,NO BET,5,0,0,0,,,,0.2388009320316351,0.004265534471489754,-0.008128774224694622
2015-12-26,2015-16,NO BET,13,0,0,0,,,,0.2398141525385254,0.004265534471489754,-0.008128774224694622
2015-12-27,2015-16,NO BET,4,0,0,0,,,,0.23651182343198907,0.004265534471489754,-0.008128774224694622
2015-12-28,2015-16,NO BET,11,0,0,0,,,,0.24013271868229152,0.004265534471489754,-0.008128774224694622
2015-12-29,2015-16,NO BET,5,0,0,0,,,,0.240349928350564,0.004265534471489754,-0.008128774224694622
2015-12-30,2015-16,NO BET,10,0,0,0,,,,0.23942538913277917,0.004265534471489754,-0.008128774224694622
2015-12-31,2015-16,NO BET,6,0,0,0,,,,0.24124935829563693,0.004265534471489754,-0.008128774224694622
2016-01-01,2015-16,NO BET,5,0,0,0,,,,0.23887588610826554,0.004265534471489754,-0.008128774224694622
2016-01-02,2015-16,NO BET,11,0,0,0,,,,0.24051291466943991,0.004265534471489754,-0.008128774224694622
2016-01-03,2015-16,NO BET,5,0,0,0,,,,0.24162141262536924,0.004265534471489754,-0.008128774224694622
2016-01-04,2015-16,NO BET,10,0,0,0,,,,0.24088291071402484,0.004265534471489754,-0.008128774224694622
2016-01-05,2015-16,NO BET,4,0,0,0,,,,0.23732715860997478,0.004265534471489754,-0.008128774224694622
2016-01-06,2015-16,NO BET,11,0,0,0,,,,0.2417371149718111,0.004265534471489754,-0.008128774224694622
2016-01-07,2015-16,NO BET,4,0,0,0,,,,0.2367450369392573,0.004265534471489754,-0.008128774224694622
2016-01-08,2015-16,NO BET,10,0,0,0,,,,0.24108561918624188,0.004265534471489754,-0.008128774224694622
2016-01-09,2015-16,NO BET,7,0,0,0,,,,0.24097268780493125,0.004265534471489754,-0.008128774224694622
2016-01-10,2015-16,NO BET,9,0,0,0,,,,0.2410959680847478,0.004265534471489754,-0.008128774224694622
2016-01-11,2015-16,NO BET,3,0,0,0,,,,0.23402267063238552,0.004265534471489754,-0.008128774224694622
2016-01-12,2015-16,NO BET,8,0,0,0,,,,0.24000411833061608,0.004265534471489754,-0.008128774224694622
2016-01-13,2015-16,NO BET,10,0,0,0,,,,0.2414983855336082,0.004265534471489754,-0.008128774224694622
2016-01-14,2015-16,NO BET,6,0,0,0,,,,0.24038203323167123,0.004265534471489754,-0.008128774224694622
2016-01-15,2015-16,NO BET,9,0,0,0,,,,0.2400195420465509,0.004265534471489754,-0.008128774224694622
2016-01-16,2015-16,NO BET,8,0,0,0,,,,0.23933327534090337,0.004265534471489754,-0.008128774224694622
2016-01-17,2015-16,NO BET,5,0,0,0,,,,0.23467100640423022,0.004265534471489754,-0.008128774224694622
2016-01-18,2015-16,NO BET,10,0,0,0,,,,0.2403791160566469,0.004265534471489754,-0.008128774224694622
2016-01-19,2015-16,NO BET,4,0,0,0,,,,0.23979071240293592,0.004265534471489754,-0.008128774224694622
2016-01-20,2015-16,NO BET,11,0,0,0,,,,0.24107346572674548,0.004265534471489754,-0.008128774224694622
2016-01-21,2015-16,NO BET,5,0,0,0,,,,0.24012993844711833,0.004265534471489754,-0.008128774224694622
2016-01-22,2015-16,NO BET,9,0,0,0,,,,0.2420768871931232,0.004265534471489754,-0.008128774224694622
2016-01-23,2015-16,NO BET,8,0,0,0,,,,0.24170388543084975,0.004265534471489754,-0.008128774224694622
2016-01-24,2015-16,NO BET,4,0,0,0,,,,0.2400311018403481,0.004265534471489754,-0.008128774224694622
2016-01-25,2015-16,NO BET,9,0,0,0,,,,0.24143304483818456,0.004265534471489754,-0.008128774224694622
2016-01-26,2015-16,NO BET,8,0,0,0,,,,0.24069056948582335,0.004265534471489754,-0.008128774224694622
2016-01-27,2015-16,NO BET,8,0,0,0,,,,0.24089950072818178,0.004265534471489754,-0.008128774224694622
2016-01-28,2015-16,NO BET,6,0,0,0,,,,0.24122178165566655,0.004265534471489754,-0.008128774224694622
2016-01-29,2015-16,NO BET,9,0,0,0,,,,0.24051559251572135,0.004265534471489754,-0.008128774224694622
2016-01-30,2015-16,NO BET,7,0,0,0,,,,0.23744922750751773,0.004265534471489754,-0.008128774224694622
2016-01-31,2015-16,NO BET,7,0,0,0,,,,0.24107698457382393,0.004265534471489754,-0.008128774224694622
2016-02-01,2015-16,NO BET,9,0,0,0,,,,0.23918787965558702,0.004265534471489754,-0.008128774224694622
2016-02-02,2015-16,NO BET,5,0,0,0,,,,0.2392408589458811,0.004265534471489754,-0.008128774224694622
2016-02-03,2015-16,NO BET,11,0,0,0,,,,0.24095485808981149,0.004265534471489754,-0.008128774224694622
2016-02-04,2015-16,NO BET,4,0,0,0,,,,0.2358737665434099,0.004265534471489754,-0.008128774224694622
2016-02-05,2015-16,NO BET,10,0,0,0,,,,0.2407812724716848,0.004265534471489754,-0.008128774224694622
2016-02-06,2015-16,NO BET,10,0,0,0,,,,0.24114374930622856,0.004265534471489754,-0.008128774224694622
2016-02-07,2015-16,NO BET,4,0,0,0,,,,0.23059984200204692,0.004265534471489754,-0.008128774224694622
2016-02-08,2015-16,NO BET,10,0,0,0,,,,0.24054120230060994,0.004265534471489754,-0.008128774224694622
2016-02-09,2015-16,NO BET,5,0,0,0,,,,0.23733926241058384,0.004265534471489754,-0.008128774224694622
2016-02-10,2015-16,NO BET,12,0,0,0,,,,0.24102283669275532,0.004265534471489754,-0.008128774224694622
2016-02-11,2015-16,NO BET,2,0,0,0,,,,0.23189656102844458,0.004265534471489754,-0.008128774224694622
2016-02-18,2015-16,NO BET,3,0,0,0,,,,0.22245752850458295,0.004265534471489754,-0.008128774224694622
2016-02-19,2015-16,NO BET,14,0,0,0,,,,0.2513278069465361,0.004265534471489754,-0.008128774224694622
2016-02-20,2015-16,NO BET,4,0,0,0,,,,0.24053862427911105,0.004265534471489754,-0.008128774224694622
2016-02-21,2015-16,NO BET,10,0,0,0,,,,0.23975223522245825,0.004265534471489754,-0.008128774224694622
2016-02-22,2015-16,NO BET,7,0,0,0,,,,0.2391228373584679,0.004265534471489754,-0.008128774224694622
2016-02-23,2015-16,NO BET,5,0,0,0,,,,0.24025738652093587,0.004265534471489754,-0.008128774224694622
2016-02-24,2015-16,NO BET,10,0,0,0,,,,0.24080981733986906,0.004265534471489754,-0.008128774224694622
2016-02-25,2015-16,NO BET,6,0,0,0,,,,0.23520711518165566,0.004265534471489754,-0.008128774224694622
2016-02-26,2015-16,NO BET,8,0,0,0,,,,0.23816492345074558,0.004265534471489754,-0.008128774224694622
2016-02-27,2015-16,NO BET,8,0,0,0,,,,0.23794884294198682,0.004265534471489754,-0.008128774224694622
2016-02-28,2015-16,NO BET,7,0,0,0,,,,0.23501192752695088,0.004265534471489754,-0.008128774224694622
2016-02-29,2015-16,NO BET,7,0,0,0,,,,0.23380701854839564,0.004265534471489754,-0.008128774224694622
2016-03-01,2015-16,NO BET,6,0,0,0,,,,0.2320740736467029,0.004265534471489754,-0.008128774224694622
2016-03-02,2015-16,NO BET,11,0,0,0,,,,0.23975406789999587,0.004265534471489754,-0.008128774224694622
2016-03-03,2015-16,NO BET,4,0,0,0,,,,0.23239461003144318,0.004265534471489754,-0.008128774224694622
2016-03-04,2015-16,NO BET,10,0,0,0,,,,0.2351096665755611,0.004265534471489754,-0.008128774224694622
2016-03-05,2015-16,NO BET,8,0,0,0,,,,0.23822511442633687,0.004265534471489754,-0.008128774224694622
2016-03-06,2015-16,NO BET,7,0,0,0,,,,0.23346436076645827,0.004265534471489754,-0.008128774224694622
2016-03-07,2015-16,NO BET,7,0,0,0,,,,0.23119313820251086,0.004265534471489754,-0.008128774224694622
2016-03-08,2015-16,NO BET,6,0,0,0,,,,0.2355012454963078,0.004265534471489754,-0.008128774224694622
2016-03-09,2015-16,NO BET,9,0,0,0,,,,0.23387548476578812,0.004265534471489754,-0.008128774224694622
2016-03-10,2015-16,NO BET,4,0,0,0,,,,0.2355633087067059,0.004265534471489754,-0.008128774224694622
2016-03-11,2015-16,NO BET,10,0,0,0,,,,0.23663740596634214,0.004265534471489754,-0.008128774224694622
2016-03-12,2015-16,NO BET,10,0,0,0,,,,0.24014145057940595,0.004265534471489754,-0.008128774224694622
2016-03-13,2015-16,NO BET,5,0,0,0,,,,0.23727369859174718,0.004265534471489754,-0.008128774224694622
2016-03-14,2015-16,NO BET,9,0,0,0,,,,0.23461234599411263,0.004265534471489754,-0.008128774224694622
2016-03-15,2015-16,NO BET,6,0,0,0,,,,0.23858186863831626,0.004265534471489754,-0.008128774224694622
2016-03-16,2015-16,NO BET,9,0,0,0,,,,0.23596455270488004,0.004265534471489754,-0.008128774224694622
2016-03-17,2015-16,NO BET,8,0,0,0,,,,0.2328527458612374,0.004265534471489754,-0.008128774224694622
2016-03-18,2015-16,NO BET,8,0,0,0,,,,0.23665411073648152,0.004265534471489754,-0.008128774224694622
2016-03-19,2015-16,NO BET,9,0,0,0,,,,0.2336796362714728,0.004265534471489754,-0.008128774224694622
2016-03-20,2015-16,NO BET,6,0,0,0,,,,0.23066346538706545,0.004265534471489754,-0.008128774224694622
2016-03-21,2015-16,NO BET,9,0,0,0,,,,0.23023231503297886,0.004265534471489754,-0.008128774224694622
2016-03-22,2015-16,NO BET,4,0,0,0,,,,0.23446522528321662,0.004265534471489754,-0.008128774224694622
2016-03-23,2015-16,NO BET,12,0,0,0,,,,0.23374673114985695,0.004265534471489754,-0.008128774224694622
2016-03-24,2015-16,NO BET,5,0,0,0,,,,0.23399833434609602,0.004265534471489754,-0.008128774224694622
2016-03-25,2015-16,NO BET,9,0,0,0,,,,0.23281731884179035,0.004265534471489754,-0.008128774224694622
2016-03-26,2015-16,NO BET,10,0,0,0,,,,0.23797633734821505,0.004265534471489754,-0.008128774224694622
2016-03-27,2015-16,NO BET,5,0,0,0,,,,0.230647472718208,0.004265534471489754,-0.008128774224694622
2016-03-28,2015-16,NO BET,10,0,0,0,,,,0.23787747398287035,0.004265534471489754,-0.008128774224694622
2016-03-29,2015-16,NO BET,6,0,0,0,,,,0.23617248369214044,0.004265534471489754,-0.008128774224694622
2016-03-30,2015-16,NO BET,9,0,0,0,,,,0.23260461038714225,0.004265534471489754,-0.008128774224694622
2016-03-31,2015-16,NO BET,6,0,0,0,,,,0.23449669415376811,0.004265534471489754,-0.008128774224694622
2016-04-01,2015-16,NO BET,10,0,0,0,,,,0.2324483635983195,0.004265534471489754,-0.008128774224694622
2016-04-02,2015-16,NO BET,5,0,0,0,,,,0.23248405882485634,0.004265534471489754,-0.008128774224694622
2016-04-03,2015-16,NO BET,11,0,0,0,,,,0.23910402861424246,0.004265534471489754,-0.008128774224694622
2016-04-05,2015-16,NO BET,11,0,0,0,,,,0.23991371571501713,0.004265534471489754,-0.008128774224694622
2016-04-06,2015-16,NO BET,8,0,0,0,,,,0.2408703436365386,0.004265534471489754,-0.008128774224694622
2016-04-07,2015-16,NO BET,5,0,0,0,,,,0.23137294372886358,0.004265534471489754,-0.008128774224694622
2016-04-08,2015-16,NO BET,10,0,0,0,,,,0.2400429396538582,0.004265534471489754,-0.008128774224694622
2016-04-09,2015-16,NO BET,6,0,0,0,,,,0.23973257075443888,0.004265534471489754,-0.008128774224694622
2016-04-10,2015-16,NO BET,9,0,0,0,,,,0.24104108500577187,0.004265534471489754,-0.008128774224694622
2016-04-11,2015-16,NO BET,9,0,0,0,,,,0.23999933743094992,0.004265534471489754,-0.008128774224694622
2016-04-12,2015-16,NO BET,5,0,0,0,,,,0.23770496329223006,0.004265534471489754,-0.008128774224694622
2016-04-13,2015-16,NO BET,14,0,0,0,,,,0.24456560616769119,0.004265534471489754,-0.008128774224694622
2016-04-16,2015-16,NO BET,4,0,0,0,,,,0.23533133558378988,0.004265534471489754,-0.008128774224694622
2016-04-17,2015-16,NO BET,4,0,0,0,,,,0.23768782527264165,0.004265534471489754,-0.008128774224694622
2016-04-18,2015-16,NO BET,3,0,0,0,,,,0.2319819996789202,0.004265534471489754,-0.008128774224694622
2016-04-19,2015-16,NO BET,2,0,0,0,,,,0.2277305687741213,0.004265534471489754,-0.008128774224694622
2016-04-20,2015-16,NO BET,3,0,0,0,,,,0.2317946896382133,0.004265534471489754,-0.008128774224694622
2016-04-21,2015-16,NO BET,3,0,0,0,,,,0.24113693718797352,0.004265534471489754,-0.008128774224694622
2016-04-22,2015-16,NO BET,3,0,0,0,,,,0.23432138072603026,0.004265534471489754,-0.008128774224694622
2016-04-23,2015-16,NO BET,4,0,0,0,,,,0.23044032828931577,0.004265534471489754,-0.008128774224694622
2016-04-24,2015-16,NO BET,4,0,0,0,,,,0.2306218490008991,0.004265534471489754,-0.008128774224694622
2016-04-25,2015-16,NO BET,3,0,0,0,,,,0.23256319221888827,0.004265534471489754,-0.008128774224694622
2016-04-26,2015-16,NO BET,2,0,0,0,,,,0.2322644367539614,0.004265534471489754,-0.008128774224694622
2016-04-27,2015-16,NO BET,3,0,0,0,,,,0.23598295694563098,0.004265534471489754,-0.008128774224694622
2016-04-28,2015-16,NO BET,1,0,0,0,,,,,0.004265534471489754,-0.008128774224694622
2016-04-29,2015-16,NO BET,3,0,0,0,,,,0.23221984793695216,0.004265534471489754,-0.008128774224694622
2016-04-30,2015-16,NO BET,1,0,0,0,,,,,0.004265534471489754,-0.008128774224694622
2016-05-01,2015-16,NO BET,3,0,0,0,,,,0.23610617411737977,0.004265534471489754,-0.008128774224694622
2016-05-02,2015-16,NO BET,2,0,0,0,,,,0.2315775297089518,0.004265534471489754,-0.008128774224694622
2016-05-03,2015-16,NO BET,2,0,0,0,,,,0.230932819591105,0.004265534471489754,-0.008128774224694622
2016-05-04,2015-16,NO BET,1,0,0,0,,,,,0.004265534471489754,-0.008128774224694622
2016-05-05,2015-16,NO BET,1,0,0,0,,,,,0.004265534471489754,-0.008128774224694622
2016-05-06,2015-16,NO BET,2,0,0,0,,,,0.23475478845148073,0.004265534471489754,-0.008128774224694622
2016-05-07,2015-16,NO BET,2,0,0,0,,,,0.23791128570810754,0.004265534471489754,-0.008128774224694622
2016-05-08,2015-16,NO BET,2,0,0,0,,,,0.23152380325617472,0.004265534471489754,-0.008128774224694622
2016-05-09,2015-16,NO BET,2,0,0,0,,,,0.23322739983031565,0.004265534471489754,-0.008128774224694622
2016-05-10,2015-16,NO BET,1,0,0,0,,,,,0.004265534471489754,-0.008128774224694622
2016-05-11,2015-16,NO BET,2,0,0,0,,,,0.2319973150434123,0.004265534471489754,-0.008128774224694622
2016-05-12,2015-16,NO BET,1,0,0,0,,,,,0.004265534471489754,-0.008128774224694622
2016-05-13,2015-16,NO BET,1,0,0,0,,,,,0.004265534471489754,-0.008128774224694622
2016-05-15,2015-16,NO BET,1,0,0,0,,,,,0.004265534471489754,-0.008128774224694622
2016-05-16,2015-16,NO BET,1,0,0,0,,,,,0.004265534471489754,-0.008128774224694622
2016-05-17,2015-16,NO BET,1,0,0,0,,,,,0.004265534471489754,-0.008128774224694622
2016-05-18,2015-16,NO BET,1,0,0,0,,,,,0.004265534471489754,-0.008128774224694622
2016-05-19,2015-16,NO BET,1,0,0,0,,,,,0.004265534471489754,-0.008128774224694622
2016-05-21,2015-16,NO BET,1,0,0,0,,,,,0.004265534471489754,-0.008128774224694622
2016-05-22,2015-16,NO BET,1,0,0,0,,,,,0.004265534471489754,-0.008128774224694622
2016-05-23,2015-16,NO BET,1,0,0,0,,,,,0.004265534471489754,-0.008128774224694622
2016-05-24,2015-16,NO BET,1,0,0,0,,,,,0.004265534471489754,-0.008128774224694622
2016-05-25,2015-16,NO BET,1,0,0,0,,,,,0.004265534471489754,-0.008128774224694622
2016-05-26,2015-16,NO BET,1,0,0,0,,,,,0.004265534471489754,-0.008128774224694622
2016-05-27,2015-16,NO BET,1,0,0,0,,,,,0.004265534471489754,-0.008128774224694622
2016-05-28,2015-16,NO BET,1,0,0,0,,,,,0.004265534471489754,-0.008128774224694622
2016-05-30,2015-16,NO BET,1,0,0,0,,,,,0.004265534471489754,-0.008128774224694622
2016-06-02,2015-16,NO BET,1,0,0,0,,,,,0.004265534471489754,-0.008128774224694622
2016-06-05,2015-16,NO BET,1,0,0,0,,,,,0.004265534471489754,-0.008128774224694622
2016-06-08,2015-16,NO BET,1,0,0,0,,,,,0.004265534471489754,-0.008128774224694622
2016-06-10,2015-16,NO BET,1,0,0,0,,,,,0.004265534471489754,-0.008128774224694622
2016-06-13,2015-16,NO BET,1,0,0,0,,,,,0.004265534471489754,-0.008128774224694622
2016-06-16,2015-16,NO BET,1,0,0,0,,,,,0.004265534471489754,-0.008128774224694622
2016-06-19,2015-16,NO BET,1,0,0,0,,,,,0.004265534471489754,-0.008128774224694622
2016-10-25,2016-17,NO BET,0,0,0,0,,,,,0.0029806130449326106,-0.00743446163983663
2016-10-26,2016-17,NO BET,0,0,0,0,,,,,0.0029806130449326106,-0.00743446163983663
2016-10-27,2016-17,NO BET,0,0,0,0,,,,,0.0029806130449326106,-0.00743446163983663
2016-10-28,2016-17,NO BET,0,0,0,0,,,,,0.0029806130449326106,-0.00743446163983663
2016-10-29,2016-17,NO BET,0,0,0,0,,,,,0.0029806130449326106,-0.00743446163983663
2016-10-30,2016-17,NO BET,0,0,0,0,,,,,0.0029806130449326106,-0.00743446163983663
2016-10-31,2016-17,NO BET,0,0,0,0,,,,,0.0029806130449326106,-0.00743446163983663
2016-11-01,2016-17,NO BET,0,0,0,0,,,,,0.0029806130449326106,-0.00743446163983663
2016-11-02,2016-17,NO BET,0,0,0,0,,,,,0.0029806130449326106,-0.00743446163983663
2016-11-03,2016-17,NO BET,0,0,0,0,,,,,0.0029806130449326106,-0.00743446163983663
2016-11-04,2016-17,NO BET,3,0,0,0,,,,0.22822700704082333,0.0029806130449326106,-0.00743446163983663
2016-11-05,2016-17,NO BET,4,0,0,0,,,,0.22858511139004467,0.0029806130449326106,-0.00743446163983663
2016-11-06,2016-17,NO BET,6,0,0,0,,,,0.23253466539044237,0.0029806130449326106,-0.00743446163983663
2016-11-07,2016-17,NO BET,7,0,0,0,,,,0.22827974493312375,0.0029806130449326106,-0.00743446163983663
2016-11-08,2016-17,NO BET,6,0,0,0,,,,0.24129965848795754,0.0029806130449326106,-0.00743446163983663
2016-11-09,2016-17,NO BET,11,0,0,0,,,,0.23866693647788023,0.0029806130449326106,-0.00743446163983663
2016-11-10,2016-17,NO BET,4,0,0,0,,,,0.23565345088063522,0.0029806130449326106,-0.00743446163983663
2016-11-11,2016-17,NO BET,8,0,0,0,,,,0.23148627922439996,0.0029806130449326106,-0.00743446163983663
2016-11-12,2016-17,NO BET,11,0,0,0,,,,0.23576751562824233,0.0029806130449326106,-0.00743446163983663
2016-11-13,2016-17,NO BET,5,0,0,0,,,,0.22923553212014697,0.0029806130449326106,-0.00743446163983663
2016-11-14,2016-17,NO BET,8,0,0,0,,,,0.23892303868845,0.0029806130449326106,-0.00743446163983663
2016-11-15,2016-17,NO BET,5,0,0,0,,,,0.23613461643836292,0.0029806130449326106,-0.00743446163983663
2016-11-16,2016-17,NO BET,11,0,0,0,,,,0.25155793008474625,0.0029806130449326106,-0.00743446163983663
2016-11-17,2016-17,NO BET,4,0,0,0,,,,0.2394140858483036,0.0029806130449326106,-0.00743446163983663
2016-11-18,2016-17,NO BET,10,0,0,0,,,,0.24182748563662254,0.0029806130449326106,-0.00743446163983663
2016-11-19,2016-17,NO BET,9,0,0,0,,,,0.2420852455772573,0.0029806130449326106,-0.00743446163983663
2016-11-20,2016-17,NO BET,6,0,0,0,,,,0.23455917558006995,0.0029806130449326106,-0.00743446163983663
2016-11-21,2016-17,NO BET,9,0,0,0,,,,0.23941824805045425,0.0029806130449326106,-0.00743446163983663
2016-11-22,2016-17,NO BET,4,0,0,0,,,,0.23335304976144589,0.0029806130449326106,-0.00743446163983663
2016-11-23,2016-17,NO BET,13,0,0,0,,,,0.24392166515201252,0.0029806130449326106,-0.00743446163983663
2016-11-25,2016-17,NO BET,15,0,0,0,,,,0.24747836355336023,0.0029806130449326106,-0.00743446163983663
2016-11-26,2016-17,NO BET,5,0,0,0,,,,0.24108015658465332,0.0029806130449326106,-0.00743446163983663
2016-11-27,2016-17,NO BET,8,0,0,0,,,,0.2425262452492395,0.0029806130449326106,-0.00743446163983663
2016-11-28,2016-17,NO BET,7,0,0,0,,,,0.2425609238358985,0.0029806130449326106,-0.00743446163983663
2016-11-29,2016-17,NO BET,6,0,0,0,,,,0.23763385409090843,0.0029806130449326106,-0.00743446163983663
2016-11-30,2016-17,NO BET,9,0,0,0,,,,0.2405875565299162,0.0029806130449326106,-0.00743446163983663
2016-12-01,2016-17,NO BET,6,0,0,0,,,,0.2404753830325972,0.0029806130449326106,-0.00743446163983663
2016-12-02,2016-17,NO BET,9,0,0,0,,,,0.24591531417690093,0.0029806130449326106,-0.00743446163983663
2016-12-03,2016-17,NO BET,9,0,0,0,,,,0.24575813197025848,0.0029806130449326106,-0.00743446163983663
2016-12-04,2016-17,NO BET,4,0,0,0,,,,0.23926229004645516,0.0029806130449326106,-0.00743446163983663
2016-12-05,2016-17,NO BET,11,0,0,0,,,,0.2464713619608827,0.0029806130449326106,-0.00743446163983663
2016-12-06,2016-17,NO BET,6,0,0,0,,,,0.24754772459776242,0.0029806130449326106,-0.00743446163983663
2016-12-07,2016-17,NO BET,10,0,0,0,,,,0.24833888751218994,0.0029806130449326106,-0.00743446163983663
2016-12-08,2016-17,NO BET,6,0,0,0,,,,0.24349056521100976,0.0029806130449326106,-0.00743446163983663
2016-12-09,2016-17,NO BET,9,0,0,0,,,,0.23788095170770096,0.0029806130449326106,-0.00743446163983663
2016-12-10,2016-17,NO BET,10,0,0,0,,,,0.23829692413918357,0.0029806130449326106,-0.00743446163983663
2016-12-11,2016-17,NO BET,5,0,0,0,,,,0.2437475373118902,0.0029806130449326106,-0.00743446163983663
2016-12-12,2016-17,NO BET,7,0,0,0,,,,0.2323750892182878,0.0029806130449326106,-0.00743446163983663
2016-12-13,2016-17,NO BET,5,0,0,0,,,,0.2417009631886885,0.0029806130449326106,-0.00743446163983663
2016-12-14,2016-17,NO BET,10,0,0,0,,,,0.2413477828554339,0.0029806130449326106,-0.00743446163983663
2016-12-15,2016-17,NO BET,5,0,0,0,,,,0.23611719698219247,0.0029806130449326106,-0.00743446163983663
2016-12-16,2016-17,NO BET,10,0,0,0,,,,0.24037303726491427,0.0029806130449326106,-0.00743446163983663
2016-12-17,2016-17,NO BET,7,0,0,0,,,,0.24155185847293414,0.0029806130449326106,-0.00743446163983663
2016-12-18,2016-17,NO BET,7,0,0,0,,,,0.23948826102050202,0.0029806130449326106,-0.00743446163983663
2016-12-19,2016-17,NO BET,5,0,0,0,,,,0.23745520249402458,0.0029806130449326106,-0.00743446163983663
2016-12-20,2016-17,NO BET,11,0,0,0,,,,0.24090210714645405,0.0029806130449326106,-0.00743446163983663
2016-12-21,2016-17,NO BET,8,0,0,0,,,,0.24589728835182595,0.0029806130449326106,-0.00743446163983663
2016-12-22,2016-17,NO BET,5,0,0,0,,,,0.234128037712108,0.0029806130449326106,-0.00743446163983663
2016-12-23,2016-17,NO BET,14,0,0,0,,,,0.24071567927415294,0.0029806130449326106,-0.00743446163983663
2016-12-25,2016-17,NO BET,5,0,0,0,,,,0.23436759851495892,0.0029806130449326106,-0.00743446163983663
2016-12-26,2016-17,NO BET,11,0,0,0,,,,0.24561060957396663,0.0029806130449326106,-0.00743446163983663
2016-12-27,2016-17,NO BET,4,0,0,0,,,,0.241339148815097,0.0029806130449326106,-0.00743446163983663
2016-12-28,2016-17,NO BET,10,0,0,0,,,,0.24505739186863412,0.0029806130449326106,-0.00743446163983663
2016-12-29,2016-17,NO BET,6,0,0,0,,,,0.24101520850492225,0.0029806130449326106,-0.00743446163983663
2016-12-30,2016-17,NO BET,10,0,0,0,,,,0.23398002451164002,0.0029806130449326106,-0.00743446163983663
2016-12-31,2016-17,NO BET,6,0,0,0,,,,0.24297356291876998,0.0029806130449326106,-0.00743446163983663
2017-01-01,2016-17,NO BET,5,0,0,0,,,,0.2381256397384452,0.0029806130449326106,-0.00743446163983663
2017-01-02,2016-17,NO BET,8,0,0,0,,,,0.24114440084033512,0.0029806130449326106,-0.00743446163983663
2017-01-03,2016-17,NO BET,8,0,0,0,,,,0.2395994204812542,0.0029806130449326106,-0.00743446163983663
2017-01-04,2016-17,NO BET,7,0,0,0,,,,0.2405336529900483,0.0029806130449326106,-0.00743446163983663
2017-01-05,2016-17,NO BET,8,0,0,0,,,,0.24322557783732812,0.0029806130449326106,-0.00743446163983663
2017-01-06,2016-17,NO BET,8,0,0,0,,,,0.2400050431693328,0.0029806130449326106,-0.00743446163983663
2017-01-07,2016-17,NO BET,7,0,0,0,,,,0.238871608671875,0.0029806130449326106,-0.00743446163983663
2017-01-08,2016-17,NO BET,9,0,0,0,,,,0.23847150408658052,0.0029806130449326106,-0.00743446163983663
2017-01-09,2016-17,NO BET,3,0,0,0,,,,0.23677386415516255,0.0029806130449326106,-0.00743446163983663
2017-01-10,2016-17,NO BET,9,0,0,0,,,,0.2441585094772985,0.0029806130449326106,-0.00743446163983663
2017-01-11,2016-17,NO BET,6,0,0,0,,,,0.23844066828091504,0.0029806130449326106,-0.00743446163983663
2017-01-12,2016-17,NO BET,6,0,0,0,,,,0.24098653126390435,0.0029806130449326106,-0.00743446163983663
2017-01-13,2016-17,NO BET,9,0,0,0,,,,0.2373443495764317,0.0029806130449326106,-0.00743446163983663
2017-01-14,2016-17,NO BET,5,0,0,0,,,,0.23437122056208792,0.0029806130449326106,-0.00743446163983663
2017-01-15,2016-17,NO BET,7,0,0,0,,,,0.24132514106657244,0.0029806130449326106,-0.00743446163983663
2017-01-16,2016-17,NO BET,9,0,0,0,,,,0.24331115343132725,0.0029806130449326106,-0.00743446163983663
2017-01-17,2016-17,NO BET,5,0,0,0,,,,0.23070136697098337,0.0029806130449326106,-0.00743446163983663
2017-01-18,2016-17,NO BET,9,0,0,0,,,,0.24140230117596656,0.0029806130449326106,-0.00743446163983663
2017-01-19,2016-17,NO BET,5,0,0,0,,,,0.23700016730605772,0.0029806130449326106,-0.00743446163983663
2017-01-20,2016-17,NO BET,8,0,0,0,,,,0.23524669305667062,0.0029806130449326106,-0.00743446163983663
2017-01-21,2016-17,NO BET,11,0,0,0,,,,0.23468488202854865,0.0029806130449326106,-0.00743446163983663
2017-01-22,2016-17,NO BET,4,0,0,0,,,,0.237448957384231,0.0029806130449326106,-0.00743446163983663
2017-01-23,2016-17,NO BET,9,0,0,0,,,,0.23749262171201885,0.0029806130449326106,-0.00743446163983663
2017-01-24,2016-17,NO BET,6,0,0,0,,,,0.24286793212461005,0.0029806130449326106,-0.00743446163983663
2017-01-25,2016-17,NO BET,10,0,0,0,,,,0.2427482788360974,0.0029806130449326106,-0.00743446163983663
2017-01-26,2016-17,NO BET,4,0,0,0,,,,0.2364997077607709,0.0029806130449326106,-0.00743446163983663
2017-01-27,2016-17,NO BET,10,0,0,0,,,,0.23591982425731128,0.0029806130449326106,-0.00743446163983663
2017-01-28,2016-17,NO BET,7,0,0,0,,,,0.24096481008325094,0.0029806130449326106,-0.00743446163983663
2017-01-29,2016-17,NO BET,8,0,0,0,,,,0.2360578591410729,0.0029806130449326106,-0.00743446163983663
2017-01-30,2016-17,NO BET,6,0,0,0,,,,0.24140096983018855,0.0029806130449326106,-0.00743446163983663
2017-01-31,2016-17,NO BET,6,0,0,0,,,,0.23980957375918294,0.0029806130449326106,-0.00743446163983663
2017-02-01,2016-17,NO BET,12,0,0,0,,,,0.24207021162635828,0.0029806130449326106,-0.00743446163983663
2017-02-02,2016-17,NO BET,4,0,0,0,,,,0.23318185499642385,0.0029806130449326106,-0.00743446163983663
2017-02-03,2016-17,NO BET,9,0,0,0,,,,0.23390795367886397,0.0029806130449326106,-0.00743446163983663
2017-02-04,2016-17,NO BET,10,0,0,0,,,,0.24041516867817903,0.0029806130449326106,-0.00743446163983663
2017-02-05,2016-17,NO BET,3,0,0,0,,,,0.23824171983368425,0.0029806130449326106,-0.00743446163983663
2017-02-06,2016-17,NO BET,11,0,0,0,,,,0.23818736481694947,0.0029806130449326106,-0.00743446163983663
2017-02-07,2016-17,NO BET,3,0,0,0,,,,0.23631065940159635,0.0029806130449326106,-0.00743446163983663
2017-02-08,2016-17,NO BET,12,0,0,0,,,,0.23912373631413758,0.0029806130449326106,-0.00743446163983663
2017-02-09,2016-17,NO BET,5,0,0,0,,,,0.2419749738471253,0.0029806130449326106,-0.00743446163983663
2017-02-10,2016-17,NO BET,9,0,0,0,,,,0.236400551314709,0.0029806130449326106,-0.00743446163983663
2017-02-11,2016-17,NO BET,8,0,0,0,,,,0.23847255445947663,0.0029806130449326106,-0.00743446163983663
2017-02-12,2016-17,NO BET,4,0,0,0,,,,0.23760918037351147,0.0029806130449326106,-0.00743446163983663
2017-02-13,2016-17,NO BET,11,0,0,0,,,,0.2389710973131074,0.0029806130449326106,-0.00743446163983663
2017-02-14,2016-17,NO BET,3,0,0,0,,,,0.23878012402779136,0.0029806130449326106,-0.00743446163983663
2017-02-15,2016-17,NO BET,14,0,0,0,,,,0.2341767075172308,0.0029806130449326106,-0.00743446163983663
2017-02-16,2016-17,NO BET,2,0,0,0,,,,0.2339092749125138,0.0029806130449326106,-0.00743446163983663
2017-02-23,2016-17,NO BET,6,0,0,0,,,,0.25192818882491486,0.0029806130449326106,-0.00743446163983663
2017-02-24,2016-17,NO BET,10,0,0,0,,,,0.25189748176499616,0.0029806130449326106,-0.00743446163983663
2017-02-25,2016-17,NO BET,8,0,0,0,,,,0.23473395120112955,0.0029806130449326106,-0.00743446163983663
2017-02-26,2016-17,NO BET,8,0,0,0,,,,0.234422070375505,0.0029806130449326106,-0.00743446163983663
2017-02-27,2016-17,NO BET,7,0,0,0,,,,0.23121731410971597,0.0029806130449326106,-0.00743446163983663
2017-02-28,2016-17,NO BET,6,0,0,0,,,,0.22951934767375348,0.0029806130449326106,-0.00743446163983663
2017-03-01,2016-17,NO BET,11,0,0,0,,,,0.23904907539724196,0.0029806130449326106,-0.00743446163983663
2017-03-02,2016-17,NO BET,3,0,0,0,,,,0.22792280028086165,0.0029806130449326106,-0.00743446163983663
2017-03-03,2016-17,NO BET,10,0,0,0,,,,0.23324618007671666,0.0029806130449326106,-0.00743446163983663
2017-03-04,2016-17,NO BET,8,0,0,0,,,,0.23580016672101262,0.0029806130449326106,-0.00743446163983663
2017-03-05,2016-17,NO BET,7,0,0,0,,,,0.23654262213802013,0.0029806130449326106,-0.00743446163983663
2017-03-06,2016-17,NO BET,11,0,0,0,,,,0.23919943202303073,0.0029806130449326106,-0.00743446163983663
2017-03-07,2016-17,NO BET,3,0,0,0,,,,0.22607053185456433,0.0029806130449326106,-0.00743446163983663
2017-03-08,2016-17,NO BET,11,0,0,0,,,,0.24254571095852762,0.0029806130449326106,-0.00743446163983663
2017-03-09,2016-17,NO BET,5,0,0,0,,,,0.2318698389302178,0.0029806130449326106,-0.00743446163983663
2017-03-10,2016-17,NO BET,8,0,0,0,,,,0.2374648908689032,0.0029806130449326106,-0.00743446163983663
2017-03-11,2016-17,NO BET,12,0,0,0,,,,0.24557652907642064,0.0029806130449326106,-0.00743446163983663
2017-03-12,2016-17,NO BET,6,0,0,0,,,,0.23230577134818908,0.0029806130449326106,-0.00743446163983663
2017-03-13,2016-17,NO BET,8,0,0,0,,,,0.2353809122497904,0.0029806130449326106,-0.00743446163983663
2017-03-14,2016-17,NO BET,5,0,0,0,,,,0.23222737254934517,0.0029806130449326106,-0.00743446163983663
2017-03-15,2016-17,NO BET,10,0,0,0,,,,0.23817017221708237,0.0029806130449326106,-0.00743446163983663
2017-03-16,2016-17,NO BET,6,0,0,0,,,,0.23459047886047096,0.0029806130449326106,-0.00743446163983663
2017-03-17,2016-17,NO BET,8,0,0,0,,,,0.2393889266544913,0.0029806130449326106,-0.00743446163983663
2017-03-18,2016-17,NO BET,8,0,0,0,,,,0.24113392955485852,0.0029806130449326106,-0.00743446163983663
2017-03-19,2016-17,NO BET,8,0,0,0,,,,0.23625591301845522,0.0029806130449326106,-0.00743446163983663
2017-03-20,2016-17,NO BET,7,0,0,0,,,,0.23926454899593563,0.0029806130449326106,-0.00743446163983663
2017-03-21,2016-17,NO BET,8,0,0,0,,,,0.23239913232434967,0.0029806130449326106,-0.00743446163983663
2017-03-22,2016-17,NO BET,8,0,0,0,,,,0.2380612384863398,0.0029806130449326106,-0.00743446163983663
2017-03-23,2016-17,NO BET,5,0,0,0,,,,0.24315504476799943,0.0029806130449326106,-0.00743446163983663
2017-03-24,2016-17,NO BET,10,0,0,0,,,,0.23348584901643232,0.0029806130449326106,-0.00743446163983663
2017-03-25,2016-17,NO BET,5,0,0,0,,,,0.24286501689037493,0.0029806130449326106,-0.00743446163983663
2017-03-26,2016-17,NO BET,10,0,0,0,,,,0.23834555400754615,0.0029806130449326106,-0.00743446163983663
2017-03-27,2016-17,NO BET,6,0,0,0,,,,0.23741611240426586,0.0029806130449326106,-0.00743446163983663
2017-03-28,2016-17,NO BET,8,0,0,0,,,,0.2360086043838983,0.0029806130449326106,-0.00743446163983663
2017-03-29,2016-17,NO BET,10,0,0,0,,,,0.23943884570194818,0.0029806130449326106,-0.00743446163983663
2017-03-30,2016-17,NO BET,5,0,0,0,,,,0.23981565560059126,0.0029806130449326106,-0.00743446163983663
2017-03-31,2016-17,NO BET,11,0,0,0,,,,0.23857531784276736,0.0029806130449326106,-0.00743446163983663
2017-04-01,2016-17,NO BET,5,0,0,0,,,,0.23031589599393298,0.0029806130449326106,-0.00743446163983663
2017-04-02,2016-17,NO BET,12,0,0,0,,,,0.23898718453689577,0.0029806130449326106,-0.00743446163983663
2017-04-03,2016-17,NO BET,1,0,0,0,,,,,0.0029806130449326106,-0.00743446163983663
2017-04-04,2016-17,NO BET,11,0,0,0,,,,0.24511153715364364,0.0029806130449326106,-0.00743446163983663
2017-04-05,2016-17,NO BET,8,0,0,0,,,,0.2563888748170706,0.0029806130449326106,-0.00743446163983663
2017-04-06,2016-17,NO BET,6,0,0,0,,,,0.24626814693100918,0.0029806130449326106,-0.00743446163983663
2017-04-07,2016-17,NO BET,9,0,0,0,,,,0.2424288666296585,0.0029806130449326106,-0.00743446163983663
2017-04-08,2016-17,NO BET,8,0,0,0,,,,0.24237022108057854,0.0029806130449326106,-0.00743446163983663
2017-04-09,2016-17,NO BET,7,0,0,0,,,,0.2369983240493876,0.0029806130449326106,-0.00743446163983663
2017-04-10,2016-17,NO BET,9,0,0,0,,,,0.24776547026751067,0.0029806130449326106,-0.00743446163983663
2017-04-11,2016-17,NO BET,5,0,0,0,,,,0.24006835419462447,0.0029806130449326106,-0.00743446163983663
2017-04-12,2016-17,NO BET,14,0,0,0,,,,0.24647983661678652,0.0029806130449326106,-0.00743446163983663
2017-04-15,2016-17,NO BET,4,0,0,0,,,,0.23104687117797118,0.0029806130449326106,-0.00743446163983663
2017-04-16,2016-17,NO BET,4,0,0,0,,,,0.2306580386681948,0.0029806130449326106,-0.00743446163983663
2017-04-17,2016-17,NO BET,2,0,0,0,,,,0.22722538778144202,0.0029806130449326106,-0.00743446163983663
2017-04-18,2016-17,NO BET,3,0,0,0,,,,0.2358825412850889,0.0029806130449326106,-0.00743446163983663
2017-04-19,2016-17,NO BET,3,0,0,0,,,,0.22529761653423397,0.0029806130449326106,-0.00743446163983663
2017-04-20,2016-17,NO BET,3,0,0,0,,,,0.2385497761578539,0.0029806130449326106,-0.00743446163983663
2017-04-21,2016-17,NO BET,3,0,0,0,,,,0.23297101405198467,0.0029806130449326106,-0.00743446163983663
2017-04-22,2016-17,NO BET,4,0,0,0,,,,0.232391517280656,0.0029806130449326106,-0.00743446163983663
2017-04-23,2016-17,NO BET,4,0,0,0,,,,0.23480034279632112,0.0029806130449326106,-0.00743446163983663
2017-04-24,2016-17,NO BET,3,0,0,0,,,,0.2282336660171584,0.0029806130449326106,-0.00743446163983663
2017-04-25,2016-17,NO BET,3,0,0,0,,,,0.24040532864049713,0.0029806130449326106,-0.00743446163983663
2017-04-26,2016-17,NO BET,2,0,0,0,,,,0.22836057934365855,0.0029806130449326106,-0.00743446163983663
2017-04-27,2016-17,NO BET,2,0,0,0,,,,0.2400398114245339,0.0029806130449326106,-0.00743446163983663
2017-04-28,2016-17,NO BET,3,0,0,0,,,,0.2374891801449478,0.0029806130449326106,-0.00743446163983663
2017-04-30,2016-17,NO BET,2,0,0,0,,,,0.2393098997054839,0.0029806130449326106,-0.00743446163983663
2017-05-01,2016-17,NO BET,2,0,0,0,,,,0.24319728890140108,0.0029806130449326106,-0.00743446163983663
2017-05-02,2016-17,NO BET,2,0,0,0,,,,0.2254909162922818,0.0029806130449326106,-0.00743446163983663
2017-05-03,2016-17,NO BET,2,0,0,0,,,,0.22213342152463378,0.0029806130449326106,-0.00743446163983663
2017-05-04,2016-17,NO BET,2,0,0,0,,,,0.2267340722445904,0.0029806130449326106,-0.00743446163983663
2017-05-05,2016-17,NO BET,2,0,0,0,,,,0.22548493845669715,0.0029806130449326106,-0.00743446163983663
2017-05-06,2016-17,NO BET,1,0,0,0,,,,,0.0029806130449326106,-0.00743446163983663
2017-05-07,2016-17,NO BET,1,0,0,0,,,,,0.0029806130449326106,-0.00743446163983663
2017-05-08,2016-17,NO BET,1,0,0,0,,,,,0.0029806130449326106,-0.00743446163983663
2017-05-09,2016-17,NO BET,1,0,0,0,,,,,0.0029806130449326106,-0.00743446163983663
2017-05-10,2016-17,NO BET,1,0,0,0,,,,,0.0029806130449326106,-0.00743446163983663
2017-05-11,2016-17,NO BET,1,0,0,0,,,,,0.0029806130449326106,-0.00743446163983663
2017-05-12,2016-17,NO BET,1,0,0,0,,,,,0.0029806130449326106,-0.00743446163983663
2017-05-14,2016-17,NO BET,1,0,0,0,,,,,0.0029806130449326106,-0.00743446163983663
2017-05-15,2016-17,NO BET,1,0,0,0,,,,,0.0029806130449326106,-0.00743446163983663
2017-05-16,2016-17,NO BET,1,0,0,0,,,,,0.0029806130449326106,-0.00743446163983663
2017-05-17,2016-17,NO BET,1,0,0,0,,,,,0.0029806130449326106,-0.00743446163983663
2017-05-19,2016-17,NO BET,1,0,0,0,,,,,0.0029806130449326106,-0.00743446163983663
2017-05-20,2016-17,NO BET,1,0,0,0,,,,,0.0029806130449326106,-0.00743446163983663
2017-05-21,2016-17,NO BET,1,0,0,0,,,,,0.0029806130449326106,-0.00743446163983663
2017-05-22,2016-17,NO BET,1,0,0,0,,,,,0.0029806130449326106,-0.00743446163983663
2017-05-23,2016-17,NO BET,1,0,0,0,,,,,0.0029806130449326106,-0.00743446163983663
2017-05-25,2016-17,NO BET,1,0,0,0,,,,,0.0029806130449326106,-0.00743446163983663
2017-06-01,2016-17,NO BET,1,0,0,0,,,,,0.0029806130449326106,-0.00743446163983663
2017-06-04,2016-17,NO BET,1,0,0,0,,,,,0.0029806130449326106,-0.00743446163983663
2017-06-07,2016-17,NO BET,1,0,0,0,,,,,0.0029806130449326106,-0.00743446163983663
2017-06-09,2016-17,NO BET,1,0,0,0,,,,,0.0029806130449326106,-0.00743446163983663
2017-06-12,2016-17,NO BET,1,0,0,0,,,,,0.0029806130449326106,-0.00743446163983663
2017-10-17,2017-18,NO BET,0,0,0,0,,,,,0.001632309259310691,-0.006979873418134808
2017-10-18,2017-18,NO BET,0,0,0,0,,,,,0.001632309259310691,-0.006979873418134808
2017-10-19,2017-18,NO BET,0,0,0,0,,,,,0.001632309259310691,-0.006979873418134808
2017-10-20,2017-18,NO BET,0,0,0,0,,,,,0.001632309259310691,-0.006979873418134808
2017-10-21,2017-18,NO BET,0,0,0,0,,,,,0.001632309259310691,-0.006979873418134808
2017-10-22,2017-18,NO BET,0,0,0,0,,,,,0.001632309259310691,-0.006979873418134808
2017-10-23,2017-18,NO BET,0,0,0,0,,,,,0.001632309259310691,-0.006979873418134808
2017-10-24,2017-18,NO BET,0,0,0,0,,,,,0.001632309259310691,-0.006979873418134808
2017-10-25,2017-18,NO BET,0,0,0,0,,,,,0.001632309259310691,-0.006979873418134808
2017-10-26,2017-18,NO BET,0,0,0,0,,,,,0.001632309259310691,-0.006979873418134808
2017-10-27,2017-18,NO BET,0,0,0,0,,,,,0.001632309259310691,-0.006979873418134808
2017-10-28,2017-18,NO BET,5,0,0,0,,,,0.24016642878982852,0.001632309259310691,-0.006979873418134808
2017-10-29,2017-18,NO BET,6,0,0,0,,,,0.2334006433837339,0.001632309259310691,-0.006979873418134808
2017-10-30,2017-18,NO BET,8,0,0,0,,,,0.24496385110164753,0.001632309259310691,-0.006979873418134808
2017-10-31,2017-18,NO BET,4,0,0,0,,,,0.2293703800076563,0.001632309259310691,-0.006979873418134808
2017-11-01,2017-18,NO BET,11,0,0,0,,,,0.24063773120868126,0.001632309259310691,-0.006979873418134808
2017-11-02,2017-18,NO BET,2,0,0,0,,,,0.2361314225930357,0.001632309259310691,-0.006979873418134808
2017-11-03,2017-18,NO BET,12,0,0,0,,,,0.24198724331595212,0.001632309259310691,-0.006979873418134808
2017-11-04,2017-18,NO BET,5,0,0,0,,,,0.24214749629360743,0.001632309259310691,-0.006979873418134808
2017-11-05,2017-18,NO BET,10,0,0,0,,,,0.24431543302653347,0.001632309259310691,-0.006979873418134808
2017-11-06,2017-18,NO BET,3,0,0,0,,,,0.2176447837009574,0.001632309259310691,-0.006979873418134808
2017-11-07,2017-18,NO BET,10,0,0,0,,,,0.24089542259366026,0.001632309259310691,-0.006979873418134808
2017-11-08,2017-18,NO BET,5,0,0,0,,,,0.24299012274681342,0.001632309259310691,-0.006979873418134808
2017-11-09,2017-18,NO BET,5,0,0,0,,,,0.24438019220337764,0.001632309259310691,-0.006979873418134808
2017-11-10,2017-18,NO BET,8,0,0,0,,,,0.24334512006757764,0.001632309259310691,-0.006979873418134808
2017-11-11,2017-18,NO BET,11,0,0,0,,,,0.2437658617013745,0.001632309259310691,-0.006979873418134808
2017-11-12,2017-18,NO BET,4,0,0,0,,,,0.2459595687761038,0.001632309259310691,-0.006979873418134808
2017-11-13,2017-18,NO BET,9,0,0,0,,,,0.2435750206430637,0.001632309259310691,-0.006979873418134808
2017-11-14,2017-18,NO BET,3,0,0,0,,,,0.23675918390532447,0.001632309259310691,-0.006979873418134808
2017-11-15,2017-18,NO BET,11,0,0,0,,,,0.2420859455385972,0.001632309259310691,-0.006979873418134808
2017-11-16,2017-18,NO BET,2,0,0,0,,,,0.23437907388946577,0.001632309259310691,-0.006979873418134808
2017-11-17,2017-18,NO BET,11,0,0,0,,,,0.24426149140186232,0.001632309259310691,-0.006979873418134808
2017-11-18,2017-18,NO BET,7,0,0,0,,,,0.24131360793396117,0.001632309259310691,-0.006979873418134808
2017-11-19,2017-18,NO BET,6,0,0,0,,,,0.23795921589504843,0.001632309259310691,-0.006979873418134808
2017-11-20,2017-18,NO BET,11,0,0,0,,,,0.24501375159470867,0.001632309259310691,-0.006979873418134808
2017-11-21,2017-18,NO BET,1,0,0,0,,,,,0.001632309259310691,-0.006979873418134808
2017-11-22,2017-18,NO BET,14,0,0,0,,,,0.2420692516601683,0.001632309259310691,-0.006979873418134808
2017-11-24,2017-18,NO BET,10,0,0,0,,,,0.2395252018529045,0.001632309259310691,-0.006979873418134808
2017-11-25,2017-18,NO BET,10,0,0,0,,,,0.24728443098447506,0.001632309259310691,-0.006979873418134808
2017-11-26,2017-18,NO BET,3,0,0,0,,,,0.23781586607326183,0.001632309259310691,-0.006979873418134808
2017-11-27,2017-18,NO BET,8,0,0,0,,,,0.24322925942517248,0.001632309259310691,-0.006979873418134808
2017-11-28,2017-18,NO BET,5,0,0,0,,,,0.24500573831913275,0.001632309259310691,-0.006979873418134808
2017-11-29,2017-18,NO BET,10,0,0,0,,,,0.24448014004833918,0.001632309259310691,-0.006979873418134808
2017-11-30,2017-18,NO BET,5,0,0,0,,,,0.2452364543480004,0.001632309259310691,-0.006979873418134808
2017-12-01,2017-18,NO BET,8,0,0,0,,,,0.24466217120694977,0.001632309259310691,-0.006979873418134808
2017-12-02,2017-18,NO BET,8,0,0,0,,,,0.24584933197654246,0.001632309259310691,-0.006979873418134808
2017-12-03,2017-18,NO BET,5,0,0,0,,,,0.24422137185903925,0.001632309259310691,-0.006979873418134808
2017-12-04,2017-18,NO BET,11,0,0,0,,,,0.24486511055400595,0.001632309259310691,-0.006979873418134808
2017-12-05,2017-18,NO BET,3,0,0,0,,,,0.24317053706552227,0.001632309259310691,-0.006979873418134808
2017-12-06,2017-18,NO BET,10,0,0,0,,,,0.24301563119202313,0.001632309259310691,-0.006979873418134808
2017-12-07,2017-18,NO BET,4,0,0,0,,,,0.24586327742843844,0.001632309259310691,-0.006979873418134808
2017-12-08,2017-18,NO BET,8,0,0,0,,,,0.2446204002000696,0.001632309259310691,-0.006979873418134808
2017-12-09,2017-18,NO BET,10,0,0,0,,,,0.2493423332434428,0.001632309259310691,-0.006979873418134808
2017-12-10,2017-18,NO BET,6,0,0,0,,,,0.2430743034200189,0.001632309259310691,-0.006979873418134808
2017-12-11,2017-18,NO BET,6,0,0,0,,,,0.2438410158828962,0.001632309259310691,-0.006979873418134808
2017-12-12,2017-18,NO BET,7,0,0,0,,,,0.24646248895865358,0.001632309259310691,-0.006979873418134808
2017-12-13,2017-18,NO BET,9,0,0,0,,,,0.24593069458492833,0.001632309259310691,-0.006979873418134808
2017-12-14,2017-18,NO BET,5,0,0,0,,,,0.242344723710249,0.001632309259310691,-0.006979873418134808
2017-12-15,2017-18,NO BET,11,0,0,0,,,,0.24247049836092305,0.001632309259310691,-0.006979873418134808
2017-12-16,2017-18,NO BET,8,0,0,0,,,,0.24341778301926909,0.001632309259310691,-0.006979873418134808
2017-12-17,2017-18,NO BET,4,0,0,0,,,,0.2435773763206992,0.001632309259310691,-0.006979873418134808
2017-12-18,2017-18,NO BET,10,0,0,0,,,,0.247698367428833,0.001632309259310691,-0.006979873418134808
2017-12-19,2017-18,NO BET,3,0,0,0,,,,0.2419835108476559,0.001632309259310691,-0.006979873418134808
2017-12-20,2017-18,NO BET,12,0,0,0,,,,0.24552893020658267,0.001632309259310691,-0.006979873418134808
2017-12-21,2017-18,NO BET,5,0,0,0,,,,0.2453438326484612,0.001632309259310691,-0.006979873418134808
2017-12-22,2017-18,NO BET,9,0,0,0,,,,0.24598035390320783,0.001632309259310691,-0.006979873418134808
2017-12-23,2017-18,NO BET,13,0,0,0,,,,0.2455792467559299,0.001632309259310691,-0.006979873418134808
2017-12-25,2017-18,NO BET,5,0,0,0,,,,0.24561519402610804,0.001632309259310691,-0.006979873418134808
2017-12-26,2017-18,NO BET,8,0,0,0,,,,0.24478991591909072,0.001632309259310691,-0.006979873418134808
2017-12-27,2017-18,NO BET,10,0,0,0,,,,0.2459066172933997,0.001632309259310691,-0.006979873418134808
2017-12-28,2017-18,NO BET,5,0,0,0,,,,0.24426387496982538,0.001632309259310691,-0.006979873418134808
2017-12-29,2017-18,NO BET,9,0,0,0,,,,0.24405486013470018,0.001632309259310691,-0.006979873418134808
2017-12-30,2017-18,NO BET,7,0,0,0,,,,0.2439336885222415,0.001632309259310691,-0.006979873418134808
2017-12-31,2017-18,NO BET,8,0,0,0,,,,0.24901108226131557,0.001632309259310691,-0.006979873418134808
2018-01-01,2017-18,NO BET,4,0,0,0,,,,0.24261236552449716,0.001632309259310691,-0.006979873418134808
2018-01-02,2017-18,NO BET,5,0,0,0,,,,0.2473872778612024,0.001632309259310691,-0.006979873418134808
2018-01-03,2017-18,NO BET,12,0,0,0,,,,0.2543727950335962,0.001632309259310691,-0.006979873418134808
2018-01-04,2017-18,NO BET,2,0,0,0,,,,0.24886583999178336,0.001632309259310691,-0.006979873418134808
2018-01-05,2017-18,NO BET,10,0,0,0,,,,0.24824376549200014,0.001632309259310691,-0.006979873418134808
2018-01-06,2017-18,NO BET,8,0,0,0,,,,0.24653465987244305,0.001632309259310691,-0.006979873418134808
2018-01-07,2017-18,NO BET,5,0,0,0,,,,0.2441063254184424,0.001632309259310691,-0.006979873418134808
2018-01-08,2017-18,NO BET,8,0,0,0,,,,0.24562696065035405,0.001632309259310691,-0.006979873418134808
2018-01-09,2017-18,NO BET,4,0,0,0,,,,0.24478140806681398,0.001632309259310691,-0.006979873418134808
2018-01-10,2017-18,NO BET,11,0,0,0,,,,0.25046107092052927,0.001632309259310691,-0.006979873418134808
2018-01-11,2017-18,NO BET,4,0,0,0,,,,0.24388495873021043,0.001632309259310691,-0.006979873418134808
2018-01-12,2017-18,NO BET,9,0,0,0,,,,0.24441126044018913,0.001632309259310691,-0.006979873418134808
2018-01-13,2017-18,NO BET,7,0,0,0,,,,0.24220685736348224,0.001632309259310691,-0.006979873418134808
2018-01-14,2017-18,NO BET,4,0,0,0,,,,0.24364090034150404,0.001632309259310691,-0.006979873418134808
2018-01-15,2017-18,NO BET,11,0,0,0,,,,0.24382102223155294,0.001632309259310691,-0.006979873418134808
2018-01-16,2017-18,NO BET,4,0,0,0,,,,0.24583229567935388,0.001632309259310691,-0.006979873418134808
2018-01-17,2017-18,NO BET,10,0,0,0,,,,0.24376263490249023,0.001632309259310691,-0.006979873418134808
2018-01-18,2017-18,NO BET,4,0,0,0,,,,0.2425162024989646,0.001632309259310691,-0.006979873418134808
2018-01-19,2017-18,NO BET,7,0,0,0,,,,0.24342246225317332,0.001632309259310691,-0.006979873418134808
2018-01-20,2017-18,NO BET,9,0,0,0,,,,0.24414021207410225,0.001632309259310691,-0.006979873418134808
2018-01-21,2017-18,NO BET,4,0,0,0,,,,0.24304799267390959,0.001632309259310691,-0.006979873418134808
2018-01-22,2017-18,NO BET,9,0,0,0,,,,0.24477155608236945,0.001632309259310691,-0.006979873418134808
2018-01-23,2017-18,NO BET,5,0,0,0,,,,0.24352899411915574,0.001632309259310691,-0.006979873418134808
2018-01-24,2017-18,NO BET,9,0,0,0,,,,0.2437552023198432,0.001632309259310691,-0.006979873418134808
2018-01-25,2017-18,NO BET,4,0,0,0,,,,0.23877015480431618,0.001632309259310691,-0.006979873418134808
2018-01-26,2017-18,NO BET,10,0,0,0,,,,0.2428262637205783,0.001632309259310691,-0.006979873418134808
2018-01-27,2017-18,NO BET,7,0,0,0,,,,0.24258688558243657,0.001632309259310691,-0.006979873418134808
2018-01-28,2017-18,NO BET,7,0,0,0,,,,0.2419261809177125,0.001632309259310691,-0.006979873418134808
2018-01-29,2017-18,NO BET,6,0,0,0,,,,0.24296837750461758,0.001632309259310691,-0.006979873418134808
2018-01-30,2017-18,NO BET,9,0,0,0,,,,0.24347635469638235,0.001632309259310691,-0.006979873418134808
2018-01-31,2017-18,NO BET,8,0,0,0,,,,0.24472874955354962,0.001632309259310691,-0.006979873418134808
2018-02-01,2017-18,NO BET,5,0,0,0,,,,0.24394784519759305,0.001632309259310691,-0.006979873418134808
2018-02-02,2017-18,NO BET,9,0,0,0,,,,0.2431570880675184,0.001632309259310691,-0.006979873418134808
2018-02-03,2017-18,NO BET,9,0,0,0,,,,0.24526801187319702,0.001632309259310691,-0.006979873418134808
2018-02-04,2017-18,NO BET,6,0,0,0,,,,0.2423273345310173,0.001632309259310691,-0.006979873418134808
2018-02-05,2017-18,NO BET,7,0,0,0,,,,0.2402250379317657,0.001632309259310691,-0.006979873418134808
2018-02-06,2017-18,NO BET,8,0,0,0,,,,0.24532236962511922,0.001632309259310691,-0.006979873418134808
2018-02-07,2017-18,NO BET,5,0,0,0,,,,0.2445758441305934,0.001632309259310691,-0.006979873418134808
2018-02-08,2017-18,NO BET,6,0,0,0,,,,0.24344979824989066,0.001632309259310691,-0.006979873418134808
2018-02-09,2017-18,NO BET,9,0,0,0,,,,0.24536362538995843,0.001632309259310691,-0.006979873418134808
2018-02-10,2017-18,NO BET,7,0,0,0,,,,0.24313762225282348,0.001632309259310691,-0.006979873418134808
2018-02-11,2017-18,NO BET,8,0,0,0,,,,0.2421319837730978,0.001632309259310691,-0.006979873418134808
2018-02-12,2017-18,NO BET,6,0,0,0,,,,0.24341874773038125,0.001632309259310691,-0.006979873418134808
2018-02-13,2017-18,NO BET,6,0,0,0,,,,0.242768689117961,0.001632309259310691,-0.006979873418134808
2018-02-14,2017-18,NO BET,12,0,0,0,,,,0.2508407146891292,0.001632309259310691,-0.006979873418134808
2018-02-15,2017-18,NO BET,2,0,0,0,,,,0.23500162891556914,0.001632309259310691,-0.006979873418134808
2018-02-22,2017-18,NO BET,6,0,0,0,,,,0.2589142330589657,0.001632309259310691,-0.006979873418134808
2018-02-23,2017-18,NO BET,11,0,0,0,,,,0.25723855512689797,0.001632309259310691,-0.006979873418134808
2018-02-24,2017-18,NO BET,8,0,0,0,,,,0.24275690984139958,0.001632309259310691,-0.006979873418134808
2018-02-25,2017-18,NO BET,5,0,0,0,,,,0.24320692782430747,0.001632309259310691,-0.006979873418134808
2018-02-26,2017-18,NO BET,10,0,0,0,,,,0.24394959670178434,0.001632309259310691,-0.006979873418134808
2018-02-27,2017-18,NO BET,6,0,0,0,,,,0.24060417066233847,0.001632309259310691,-0.006979873418134808
2018-02-28,2017-18,NO BET,9,0,0,0,,,,0.24290961920318582,0.001632309259310691,-0.006979873418134808
2018-03-01,2017-18,NO BET,4,0,0,0,,,,0.2404983019477021,0.001632309259310691,-0.006979873418134808
2018-03-02,2017-18,NO BET,10,0,0,0,,,,0.24375105135960945,0.001632309259310691,-0.006979873418134808
2018-03-03,2017-18,NO BET,7,0,0,0,,,,0.24306303260635137,0.001632309259310691,-0.006979873418134808
2018-03-04,2017-18,NO BET,7,0,0,0,,,,0.24208642671335273,0.001632309259310691,-0.006979873418134808
2018-03-05,2017-18,NO BET,7,0,0,0,,,,0.24086424261358386,0.001632309259310691,-0.006979873418134808
2018-03-06,2017-18,NO BET,8,0,0,0,,,,0.2398235106874459,0.001632309259310691,-0.006979873418134808
2018-03-07,2017-18,NO BET,7,0,0,0,,,,0.24351376620319914,0.001632309259310691,-0.006979873418134808
2018-03-08,2017-18,NO BET,5,0,0,0,,,,0.2403451996693583,0.001632309259310691,-0.006979873418134808
2018-03-09,2017-18,NO BET,10,0,0,0,,,,0.24477729329100267,0.001632309259310691,-0.006979873418134808
2018-03-10,2017-18,NO BET,5,0,0,0,,,,0.2348507435251872,0.001632309259310691,-0.006979873418134808
2018-03-11,2017-18,NO BET,9,0,0,0,,,,0.243043002139814,0.001632309259310691,-0.006979873418134808
2018-03-12,2017-18,NO BET,4,0,0,0,,,,0.23505579638489366,0.001632309259310691,-0.006979873418134808
2018-03-13,2017-18,NO BET,11,0,0,0,,,,0.24153929243548405,0.001632309259310691,-0.006979873418134808
2018-03-14,2017-18,NO BET,4,0,0,0,,,,0.24572215799507802,0.001632309259310691,-0.006979873418134808
2018-03-15,2017-18,NO BET,9,0,0,0,,,,0.23641845809368134,0.001632309259310691,-0.006979873418134808
2018-03-16,2017-18,NO BET,6,0,0,0,,,,0.24393986387559818,0.001632309259310691,-0.006979873418134808
2018-03-17,2017-18,NO BET,11,0,0,0,,,,0.24652756428240852,0.001632309259310691,-0.006979873418134808
2018-03-18,2017-18,NO BET,4,0,0,0,,,,0.24412190171080794,0.001632309259310691,-0.006979873418134808
2018-03-19,2017-18,NO BET,8,0,0,0,,,,0.24190520508901864,0.001632309259310691,-0.006979873418134808
2018-03-20,2017-18,NO BET,7,0,0,0,,,,0.2444029538640936,0.001632309259310691,-0.006979873418134808
2018-03-21,2017-18,NO BET,8,0,0,0,,,,0.23615606023391994,0.001632309259310691,-0.006979873418134808
2018-03-22,2017-18,NO BET,6,0,0,0,,,,0.2367352434179537,0.001632309259310691,-0.006979873418134808
2018-03-23,2017-18,NO BET,10,0,0,0,,,,0.24387455898243177,0.001632309259310691,-0.006979873418134808
2018-03-24,2017-18,NO BET,6,0,0,0,,,,0.23564550867525846,0.001632309259310691,-0.006979873418134808
2018-03-25,2017-18,NO BET,9,0,0,0,,,,0.24259104225959477,0.001632309259310691,-0.006979873418134808
2018-03-26,2017-18,NO BET,5,0,0,0,,,,0.2405239970317518,0.001632309259310691,-0.006979873418134808
2018-03-27,2017-18,NO BET,8,0,0,0,,,,0.24620905661094322,0.001632309259310691,-0.006979873418134808
2018-03-28,2017-18,NO BET,8,0,0,0,,,,0.24251084884773427,0.001632309259310691,-0.006979873418134808
2018-03-29,2017-18,NO BET,5,0,0,0,,,,0.23617489528405589,0.001632309259310691,-0.006979873418134808
2018-03-30,2017-18,NO BET,9,0,0,0,,,,0.23899114308637914,0.001632309259310691,-0.006979873418134808
2018-03-31,2017-18,NO BET,5,0,0,0,,,,0.23800811401228883,0.001632309259310691,-0.006979873418134808
2018-04-01,2017-18,NO BET,13,0,0,0,,,,0.2419506268527592,0.001632309259310691,-0.006979873418134808
2018-04-03,2017-18,NO BET,13,0,0,0,,,,0.23591101016639143,0.001632309259310691,-0.006979873418134808
2018-04-04,2017-18,NO BET,6,0,0,0,,,,0.23968775882072763,0.001632309259310691,-0.006979873418134808
2018-04-05,2017-18,NO BET,6,0,0,0,,,,0.2364885301598481,0.001632309259310691,-0.006979873418134808
2018-04-06,2017-18,NO BET,10,0,0,0,,,,0.24353361173524363,0.001632309259310691,-0.006979873418134808
2018-04-07,2017-18,NO BET,6,0,0,0,,,,0.24133786400916984,0.001632309259310691,-0.006979873418134808
2018-04-08,2017-18,NO BET,7,0,0,0,,,,0.24149428005447515,0.001632309259310691,-0.006979873418134808
2018-04-09,2017-18,NO BET,9,0,0,0,,,,0.24477141242382816,0.001632309259310691,-0.006979873418134808
2018-04-10,2017-18,NO BET,6,0,0,0,,,,0.23994835965144234,0.001632309259310691,-0.006979873418134808
2018-04-11,2017-18,NO BET,12,0,0,0,,,,0.24439648559144572,0.001632309259310691,-0.006979873418134808
2018-04-14,2017-18,NO BET,4,0,0,0,,,,0.23398219646856744,0.001632309259310691,-0.006979873418134808
2018-04-15,2017-18,NO BET,4,0,0,0,,,,0.24159870684632617,0.001632309259310691,-0.006979873418134808
2018-04-16,2017-18,NO BET,2,0,0,0,,,,0.21374866543040877,0.001632309259310691,-0.006979873418134808
2018-04-17,2017-18,NO BET,3,0,0,0,,,,0.23638777027219915,0.001632309259310691,-0.006979873418134808
2018-04-18,2017-18,NO BET,3,0,0,0,,,,0.23390899238838775,0.001632309259310691,-0.006979873418134808
2018-04-19,2017-18,NO BET,3,0,0,0,,,,0.2309292852939232,0.001632309259310691,-0.006979873418134808
2018-04-20,2017-18,NO BET,3,0,0,0,,,,0.23366718755128735,0.001632309259310691,-0.006979873418134808
2018-04-21,2017-18,NO BET,4,0,0,0,,,,0.23195413786531605,0.001632309259310691,-0.006979873418134808
2018-04-22,2017-18,NO BET,4,0,0,0,,,,0.2385221116707908,0.001632309259310691,-0.006979873418134808
2018-04-23,2017-18,NO BET,2,0,0,0,,,,0.20869056145653114,0.001632309259310691,-0.006979873418134808
2018-04-24,2017-18,NO BET,3,0,0,0,,,,0.23218659640832456,0.001632309259310691,-0.006979873418134808
2018-04-25,2017-18,NO BET,4,0,0,0,,,,0.2334364642376378,0.001632309259310691,-0.006979873418134808
2018-04-26,2017-18,NO BET,1,0,0,0,,,,,0.001632309259310691,-0.006979873418134808
2018-04-27,2017-18,NO BET,3,0,0,0,,,,0.22967512965827558,0.001632309259310691,-0.006979873418134808
2018-04-28,2017-18,NO BET,2,0,0,0,,,,0.23597112683027238,0.001632309259310691,-0.006979873418134808
2018-04-29,2017-18,NO BET,2,0,0,0,,,,0.23299246552026792,0.001632309259310691,-0.006979873418134808
2018-04-30,2017-18,NO BET,1,0,0,0,,,,,0.001632309259310691,-0.006979873418134808
2018-05-01,2017-18,NO BET,2,0,0,0,,,,0.2306454489883067,0.001632309259310691,-0.006979873418134808
2018-05-02,2017-18,NO BET,1,0,0,0,,,,,0.001632309259310691,-0.006979873418134808
2018-05-03,2017-18,NO BET,2,0,0,0,,,,0.2330857448608603,0.001632309259310691,-0.006979873418134808
2018-05-04,2017-18,NO BET,2,0,0,0,,,,0.2247091439637941,0.001632309259310691,-0.006979873418134808
2018-05-05,2017-18,NO BET,2,0,0,0,,,,0.2165569139637995,0.001632309259310691,-0.006979873418134808
2018-05-06,2017-18,NO BET,2,0,0,0,,,,0.2288860859233961,0.001632309259310691,-0.006979873418134808
2018-05-07,2017-18,NO BET,2,0,0,0,,,,0.2305178429677744,0.001632309259310691,-0.006979873418134808
2018-05-08,2017-18,NO BET,2,0,0,0,,,,0.19150537230757997,0.001632309259310691,-0.006979873418134808
2018-05-09,2017-18,NO BET,1,0,0,0,,,,,0.001632309259310691,-0.006979873418134808
2018-05-13,2017-18,NO BET,1,0,0,0,,,,,0.001632309259310691,-0.006979873418134808
2018-05-14,2017-18,NO BET,1,0,0,0,,,,,0.001632309259310691,-0.006979873418134808
2018-05-15,2017-18,NO BET,1,0,0,0,,,,,0.001632309259310691,-0.006979873418134808
2018-05-16,2017-18,NO BET,1,0,0,0,,,,,0.001632309259310691,-0.006979873418134808
2018-05-19,2017-18,NO BET,1,0,0,0,,,,,0.001632309259310691,-0.006979873418134808
2018-05-20,2017-18,NO BET,1,0,0,0,,,,,0.001632309259310691,-0.006979873418134808
2018-05-21,2017-18,NO BET,1,0,0,0,,,,,0.001632309259310691,-0.006979873418134808
2018-05-22,2017-18,NO BET,1,0,0,0,,,,,0.001632309259310691,-0.006979873418134808
2018-05-23,2017-18,NO BET,1,0,0,0,,,,,0.001632309259310691,-0.006979873418134808
2018-05-24,2017-18,NO BET,1,0,0,0,,,,,0.001632309259310691,-0.006979873418134808
2018-05-25,2017-18,NO BET,1,0,0,0,,,,,0.001632309259310691,-0.006979873418134808
2018-05-26,2017-18,NO BET,1,0,0,0,,,,,0.001632309259310691,-0.006979873418134808
2018-05-27,2017-18,NO BET,1,0,0,0,,,,,0.001632309259310691,-0.006979873418134808
2018-05-28,2017-18,NO BET,1,0,0,0,,,,,0.001632309259310691,-0.006979873418134808
2018-05-31,2017-18,NO BET,1,0,0,0,,,,,0.001632309259310691,-0.006979873418134808
2018-06-03,2017-18,NO BET,1,0,0,0,,,,,0.001632309259310691,-0.006979873418134808
2018-06-06,2017-18,NO BET,1,0,0,0,,,,,0.001632309259310691,-0.006979873418134808
2018-06-08,2017-18,NO BET,1,0,0,0,,,,,0.001632309259310691,-0.006979873418134808
2018-10-16,2018-19,NO BET,0,0,0,0,,,,,0.0009268358712373291,-0.006911590845278441
2018-10-17,2018-19,NO BET,0,0,0,0,,,,,0.0009268358712373291,-0.006911590845278441
2018-10-18,2018-19,NO BET,0,0,0,0,,,,,0.0009268358712373291,-0.006911590845278441
2018-10-19,2018-19,NO BET,0,0,0,0,,,,,0.0009268358712373291,-0.006911590845278441
2018-10-20,2018-19,NO BET,0,0,0,0,,,,,0.0009268358712373291,-0.006911590845278441
2018-10-21,2018-19,NO BET,0,0,0,0,,,,,0.0009268358712373291,-0.006911590845278441
2018-10-22,2018-19,NO BET,0,0,0,0,,,,,0.0009268358712373291,-0.006911590845278441
2018-10-23,2018-19,NO BET,0,0,0,0,,,,,0.0009268358712373291,-0.006911590845278441
2018-10-24,2018-19,NO BET,0,0,0,0,,,,,0.0009268358712373291,-0.006911590845278441
2018-10-25,2018-19,NO BET,0,0,0,0,,,,,0.0009268358712373291,-0.006911590845278441
2018-10-26,2018-19,NO BET,1,0,0,0,,,,,0.0009268358712373291,-0.006911590845278441
2018-10-27,2018-19,NO BET,3,0,0,0,,,,0.2252203240465841,0.0009268358712373291,-0.006911590845278441
2018-10-28,2018-19,NO BET,3,0,0,0,,,,0.20877593640337455,0.0009268358712373291,-0.006911590845278441
2018-10-29,2018-19,NO BET,9,0,0,0,,,,0.2369198261156234,0.0009268358712373291,-0.006911590845278441
2018-10-30,2018-19,NO BET,8,0,0,0,,,,0.23368740470136912,0.0009268358712373291,-0.006911590845278441
2018-10-31,2018-19,NO BET,7,0,0,0,,,,0.23537995098202363,0.0009268358712373291,-0.006911590845278441
2018-11-01,2018-19,NO BET,6,0,0,0,,,,0.23242704873098324,0.0009268358712373291,-0.006911590845278441
2018-11-02,2018-19,NO BET,8,0,0,0,,,,0.23740199777567378,0.0009268358712373291,-0.006911590845278441
2018-11-03,2018-19,NO BET,8,0,0,0,,,,0.23552040075633052,0.0009268358712373291,-0.006911590845278441
2018-11-04,2018-19,NO BET,7,0,0,0,,,,0.23154274214069875,0.0009268358712373291,-0.006911590845278441
2018-11-05,2018-19,NO BET,9,0,0,0,,,,0.24003311815978245,0.0009268358712373291,-0.006911590845278441
2018-11-06,2018-19,NO BET,4,0,0,0,,,,0.22855048374088155,0.0009268358712373291,-0.006911590845278441
2018-11-07,2018-19,NO BET,10,0,0,0,,,,0.23755494927684168,0.0009268358712373291,-0.006911590845278441
2018-11-08,2018-19,NO BET,4,0,0,0,,,,0.23108061230522847,0.0009268358712373291,-0.006911590845278441
2018-11-09,2018-19,NO BET,7,0,0,0,,,,0.23781235802189143,0.0009268358712373291,-0.006911590845278441
2018-11-10,2018-19,NO BET,10,0,0,0,,,,0.24135017460116986,0.0009268358712373291,-0.006911590845278441
2018-11-11,2018-19,NO BET,6,0,0,0,,,,0.2376536830258954,0.0009268358712373291,-0.006911590845278441
2018-11-12,2018-19,NO BET,9,0,0,0,,,,0.23913310690588346,0.0009268358712373291,-0.006911590845278441
2018-11-13,2018-19,NO BET,3,0,0,0,,,,0.23726552927060868,0.0009268358712373291,-0.006911590845278441
2018-11-14,2018-19,NO BET,11,0,0,0,,,,0.23591885093552833,0.0009268358712373291,-0.006911590845278441
2018-11-15,2018-19,NO BET,3,0,0,0,,,,0.23024973631891404,0.0009268358712373291,-0.006911590845278441
2018-11-16,2018-19,NO BET,8,0,0,0,,,,0.233918629956696,0.0009268358712373291,-0.006911590845278441
2018-11-17,2018-19,NO BET,10,0,0,0,,,,0.23688120113303335,0.0009268358712373291,-0.006911590845278441
2018-11-18,2018-19,NO BET,5,0,0,0,,,,0.23397031558194065,0.0009268358712373291,-0.006911590845278441
2018-11-19,2018-19,NO BET,9,0,0,0,,,,0.23912258181045104,0.0009268358712373291,-0.006911590845278441
2018-11-20,2018-19,NO BET,4,0,0,0,,,,0.23388241448656866,0.0009268358712373291,-0.006911590845278441
2018-11-21,2018-19,NO BET,13,0,0,0,,,,0.24222804483231475,0.0009268358712373291,-0.006911590845278441
2018-11-23,2018-19,NO BET,14,0,0,0,,,,0.2367739161662989,0.0009268358712373291,-0.006911590845278441
2018-11-24,2018-19,NO BET,7,0,0,0,,,,0.2365822001809611,0.0009268358712373291,-0.006911590845278441
2018-11-25,2018-19,NO BET,8,0,0,0,,,,0.23644942725695317,0.0009268358712373291,-0.006911590845278441
2018-11-26,2018-19,NO BET,7,0,0,0,,,,0.23935074885993124,0.0009268358712373291,-0.006911590845278441
2018-11-27,2018-19,NO BET,5,0,0,0,,,,0.24468098278535894,0.0009268358712373291,-0.006911590845278441
2018-11-28,2018-19,NO BET,10,0,0,0,,,,0.23906966241049704,0.0009268358712373291,-0.006911590845278441
2018-11-29,2018-19,NO BET,3,0,0,0,,,,0.2356440107290706,0.0009268358712373291,-0.006911590845278441
2018-11-30,2018-19,NO BET,11,0,0,0,,,,0.23715732953863777,0.0009268358712373291,-0.006911590845278441
2018-12-01,2018-19,NO BET,7,0,0,0,,,,0.2402246695928142,0.0009268358712373291,-0.006911590845278441
2018-12-02,2018-19,NO BET,6,0,0,0,,,,0.2363796903783495,0.0009268358712373291,-0.006911590845278441
2018-12-03,2018-19,NO BET,7,0,0,0,,,,0.23979458926874886,0.0009268358712373291,-0.006911590845278441
2018-12-04,2018-19,NO BET,5,0,0,0,,,,0.239661656736547,0.0009268358712373291,-0.006911590845278441
2018-12-05,2018-19,NO BET,10,0,0,0,,,,0.24248831884812616,0.0009268358712373291,-0.006911590845278441
2018-12-06,2018-19,NO BET,3,0,0,0,,,,0.23667389133277134,0.0009268358712373291,-0.006911590845278441
2018-12-07,2018-19,NO BET,10,0,0,0,,,,0.24169751748546509,0.0009268358712373291,-0.006911590845278441
2018-12-08,2018-19,NO BET,9,0,0,0,,,,0.23917329141584065,0.0009268358712373291,-0.006911590845278441
2018-12-09,2018-19,NO BET,4,0,0,0,,,,0.23304361182367278,0.0009268358712373291,-0.006911590845278441
2018-12-10,2018-19,NO BET,11,0,0,0,,,,0.23667662980696308,0.0009268358712373291,-0.006911590845278441
2018-12-11,2018-19,NO BET,3,0,0,0,,,,0.23669959491998138,0.0009268358712373291,-0.006911590845278441
2018-12-12,2018-19,NO BET,11,0,0,0,,,,0.2356125834861536,0.0009268358712373291,-0.006911590845278441
2018-12-13,2018-19,NO BET,4,0,0,0,,,,0.23821685528314462,0.0009268358712373291,-0.006911590845278441
2018-12-14,2018-19,NO BET,9,0,0,0,,,,0.23663476288538832,0.0009268358712373291,-0.006911590845278441
2018-12-15,2018-19,NO BET,7,0,0,0,,,,0.24236791876698038,0.0009268358712373291,-0.006911590845278441
2018-12-16,2018-19,NO BET,7,0,0,0,,,,0.24223816301385598,0.0009268358712373291,-0.006911590845278441
2018-12-17,2018-19,NO BET,8,0,0,0,,,,0.24262993962213408,0.0009268358712373291,-0.006911590845278441
2018-12-18,2018-19,NO BET,4,0,0,0,,,,0.23491933139316412,0.0009268358712373291,-0.006911590845278441
2018-12-19,2018-19,NO BET,12,0,0,0,,,,0.24207980473262064,0.0009268358712373291,-0.006911590845278441
2018-12-20,2018-19,NO BET,2,0,0,0,,,,0.24403588854103164,0.0009268358712373291,-0.006911590845278441
2018-12-21,2018-19,NO BET,10,0,0,0,,,,0.2428609206730683,0.0009268358712373291,-0.006911590845278441
2018-12-22,2018-19,NO BET,7,0,0,0,,,,0.24312365372204037,0.0009268358712373291,-0.006911590845278441
2018-12-23,2018-19,NO BET,11,0,0,0,,,,0.241609963858321,0.0009268358712373291,-0.006911590845278441
2018-12-25,2018-19,NO BET,5,0,0,0,,,,0.2385345758344044,0.0009268358712373291,-0.006911590845278441
2018-12-26,2018-19,NO BET,10,0,0,0,,,,0.24387304282694533,0.0009268358712373291,-0.006911590845278441
2018-12-27,2018-19,NO BET,5,0,0,0,,,,0.23970237147365547,0.0009268358712373291,-0.006911590845278441
2018-12-28,2018-19,NO BET,10,0,0,0,,,,0.2423310642282615,0.0009268358712373291,-0.006911590845278441
2018-12-29,2018-19,NO BET,9,0,0,0,,,,0.24367568888863234,0.0009268358712373291,-0.006911590845278441
2018-12-30,2018-19,NO BET,6,0,0,0,,,,0.24222861167369403,0.0009268358712373291,-0.006911590845278441
2018-12-31,2018-19,NO BET,7,0,0,0,,,,0.24213847455904935,0.0009268358712373291,-0.006911590845278441
2019-01-01,2018-19,NO BET,5,0,0,0,,,,0.24299963483451748,0.0009268358712373291,-0.006911590845278441
2019-01-02,2018-19,NO BET,9,0,0,0,,,,0.24312174119877916,0.0009268358712373291,-0.006911590845278441
2019-01-03,2018-19,NO BET,3,0,0,0,,,,0.24330707589653938,0.0009268358712373291,-0.006911590845278441
2019-01-04,2018-19,NO BET,10,0,0,0,,,,0.2423518342252985,0.0009268358712373291,-0.006911590845278441
2019-01-05,2018-19,NO BET,8,0,0,0,,,,0.2431650969067985,0.0009268358712373291,-0.006911590845278441
2019-01-06,2018-19,NO BET,7,0,0,0,,,,0.24364633317973627,0.0009268358712373291,-0.006911590845278441
2019-01-07,2018-19,NO BET,8,0,0,0,,,,0.2418638820255778,0.0009268358712373291,-0.006911590845278441
2019-01-08,2018-19,NO BET,8,0,0,0,,,,0.24162054505905883,0.0009268358712373291,-0.006911590845278441
2019-01-09,2018-19,NO BET,10,0,0,0,,,,0.24258389567592692,0.0009268358712373291,-0.006911590845278441
2019-01-10,2018-19,NO BET,4,0,0,0,,,,0.24284569191947325,0.0009268358712373291,-0.006911590845278441
2019-01-11,2018-19,NO BET,9,0,0,0,,,,0.2420022834374324,0.0009268358712373291,-0.006911590845278441
2019-01-12,2018-19,NO BET,8,0,0,0,,,,0.2420053725501758,0.0009268358712373291,-0.006911590845278441
2019-01-13,2018-19,NO BET,7,0,0,0,,,,0.24305412524433945,0.0009268358712373291,-0.006911590845278441
2019-01-14,2018-19,NO BET,6,0,0,0,,,,0.24316334043488996,0.0009268358712373291,-0.006911590845278441
2019-01-15,2018-19,NO BET,6,0,0,0,,,,0.23752354635927247,0.0009268358712373291,-0.006911590845278441
2019-01-16,2018-19,NO BET,8,0,0,0,,,,0.24276737976026058,0.0009268358712373291,-0.006911590845278441
2019-01-17,2018-19,NO BET,6,0,0,0,,,,0.244598256727577,0.0009268358712373291,-0.006911590845278441
2019-01-18,2018-19,NO BET,7,0,0,0,,,,0.24289710778599366,0.0009268358712373291,-0.006911590845278441
2019-01-19,2018-19,NO BET,10,0,0,0,,,,0.24320734686905499,0.0009268358712373291,-0.006911590845278441
2019-01-20,2018-19,NO BET,3,0,0,0,,,,0.24034461676771351,0.0009268358712373291,-0.006911590845278441
2019-01-21,2018-19,NO BET,11,0,0,0,,,,0.24510606734843343,0.0009268358712373291,-0.006911590845278441
2019-01-22,2018-19,NO BET,4,0,0,0,,,,0.240021930273299,0.0009268358712373291,-0.006911590845278441
2019-01-23,2018-19,NO BET,10,0,0,0,,,,0.24188977131603373,0.0009268358712373291,-0.006911590845278441
2019-01-24,2018-19,NO BET,4,0,0,0,,,,0.23952252302350652,0.0009268358712373291,-0.006911590845278441
2019-01-25,2018-19,NO BET,10,0,0,0,,,,0.24183706530006094,0.0009268358712373291,-0.006911590845278441
2019-01-26,2018-19,NO BET,5,0,0,0,,,,0.24063345348352694,0.0009268358712373291,-0.006911590845278441
2019-01-27,2018-19,NO BET,9,0,0,0,,,,0.23966379669119586,0.0009268358712373291,-0.006911590845278441
2019-01-28,2018-19,NO BET,5,0,0,0,,,,0.24260410706724467,0.0009268358712373291,-0.006911590845278441
2019-01-29,2018-19,NO BET,7,0,0,0,,,,0.24016609470908812,0.0009268358712373291,-0.006911590845278441
2019-01-30,2018-19,NO BET,8,0,0,0,,,,0.24088769947541133,0.0009268358712373291,-0.006911590845278441
2019-01-31,2018-19,NO BET,6,0,0,0,,,,0.24005566572082238,0.0009268358712373291,-0.006911590845278441
2019-02-01,2018-19,NO BET,5,0,0,0,,,,0.23565606345118956,0.0009268358712373291,-0.006911590845278441
2019-02-02,2018-19,NO BET,12,0,0,0,,,,0.243238562982229,0.0009268358712373291,-0.006911590845278441
2019-02-03,2018-19,NO BET,3,0,0,0,,,,0.23632034330513002,0.0009268358712373291,-0.006911590845278441
2019-02-04,2018-19,NO BET,6,0,0,0,,,,0.2395998160068593,0.0009268358712373291,-0.006911590845278441
2019-02-05,2018-19,NO BET,8,0,0,0,,,,0.24155373138111197,0.0009268358712373291,-0.006911590845278441
2019-02-06,2018-19,NO BET,7,0,0,0,,,,0.240332856808538,0.0009268358712373291,-0.006911590845278441
2019-02-07,2018-19,NO BET,6,0,0,0,,,,0.239248713162505,0.0009268358712373291,-0.006911590845278441
2019-02-08,2018-19,NO BET,8,0,0,0,,,,0.24230985794714155,0.0009268358712373291,-0.006911590845278441
2019-02-09,2018-19,NO BET,9,0,0,0,,,,0.24289802341137845,0.0009268358712373291,-0.006911590845278441
2019-02-10,2018-19,NO BET,5,0,0,0,,,,0.23604993155965187,0.0009268358712373291,-0.006911590845278441
2019-02-11,2018-19,NO BET,9,0,0,0,,,,0.2431464149913823,0.0009268358712373291,-0.006911590845278441
2019-02-12,2018-19,NO BET,5,0,0,0,,,,0.2377175087775531,0.0009268358712373291,-0.006911590845278441
2019-02-13,2018-19,NO BET,11,0,0,0,,,,0.24094211058747667,0.0009268358712373291,-0.006911590845278441
2019-02-14,2018-19,NO BET,3,0,0,0,,,,0.24332656817817394,0.0009268358712373291,-0.006911590845278441
2019-02-21,2018-19,NO BET,6,0,0,0,,,,0.25256214877621164,0.0009268358712373291,-0.006911590845278441
2019-02-22,2018-19,NO BET,9,0,0,0,,,,0.2485813928113777,0.0009268358712373291,-0.006911590845278441
2019-02-23,2018-19,NO BET,12,0,0,0,,,,0.2421508906130262,0.0009268358712373291,-0.006911590845278441
2019-02-24,2018-19,NO BET,3,0,0,0,,,,0.23716920755199372,0.0009268358712373291,-0.006911590845278441
2019-02-25,2018-19,NO BET,11,0,0,0,,,,0.2429661937887828,0.0009268358712373291,-0.006911590845278441
2019-02-26,2018-19,NO BET,3,0,0,0,,,,0.2369377673477105,0.0009268358712373291,-0.006911590845278441
2019-02-27,2018-19,NO BET,11,0,0,0,,,,0.23922546840840142,0.0009268358712373291,-0.006911590845278441
2019-02-28,2018-19,NO BET,6,0,0,0,,,,0.24080836194109356,0.0009268358712373291,-0.006911590845278441
2019-03-01,2018-19,NO BET,7,0,0,0,,,,0.23731111103296698,0.0009268358712373291,-0.006911590845278441
2019-03-02,2018-19,NO BET,9,0,0,0,,,,0.24274306832685122,0.0009268358712373291,-0.006911590845278441
2019-03-03,2018-19,NO BET,8,0,0,0,,,,0.24186350590197914,0.0009268358712373291,-0.006911590845278441
2019-03-04,2018-19,NO BET,7,0,0,0,,,,0.23660018167003233,0.0009268358712373291,-0.006911590845278441
2019-03-05,2018-19,NO BET,6,0,0,0,,,,0.24205740451043678,0.0009268358712373291,-0.006911590845278441
2019-03-06,2018-19,NO BET,10,0,0,0,,,,0.2392869842248213,0.0009268358712373291,-0.006911590845278441
2019-03-07,2018-19,NO BET,2,0,0,0,,,,0.23345951399951992,0.0009268358712373291,-0.006911590845278441
2019-03-08,2018-19,NO BET,9,0,0,0,,,,0.23923972229205226,0.0009268358712373291,-0.006911590845278441
2019-03-09,2018-19,NO BET,6,0,0,0,,,,0.23552312375733714,0.0009268358712373291,-0.006911590845278441
2019-03-10,2018-19,NO BET,9,0,0,0,,,,0.23898684119481445,0.0009268358712373291,-0.006911590845278441
2019-03-11,2018-19,NO BET,6,0,0,0,,,,0.23928768365953906,0.0009268358712373291,-0.006911590845278441
2019-03-12,2018-19,NO BET,7,0,0,0,,,,0.23737992766120725,0.0009268358712373291,-0.006911590845278441
2019-03-13,2018-19,NO BET,6,0,0,0,,,,0.2349150033169749,0.0009268358712373291,-0.006911590845278441
2019-03-14,2018-19,NO BET,6,0,0,0,,,,0.23677524188770677,0.0009268358712373291,-0.006911590845278441
2019-03-15,2018-19,NO BET,8,0,0,0,,,,0.23463894217355508,0.0009268358712373291,-0.006911590845278441
2019-03-16,2018-19,NO BET,8,0,0,0,,,,0.23940700565636114,0.0009268358712373291,-0.006911590845278441
2019-03-17,2018-19,NO BET,8,0,0,0,,,,0.23515783359731623,0.0009268358712373291,-0.006911590845278441
2019-03-18,2018-19,NO BET,9,0,0,0,,,,0.2428057588399154,0.0009268358712373291,-0.006911590845278441
2019-03-19,2018-19,NO BET,6,0,0,0,,,,0.23835846818128248,0.0009268358712373291,-0.006911590845278441
2019-03-20,2018-19,NO BET,9,0,0,0,,,,0.23696338570288294,0.0009268358712373291,-0.006911590845278441
2019-03-21,2018-19,NO BET,6,0,0,0,,,,0.24213908517224203,0.0009268358712373291,-0.006911590845278441
2019-03-22,2018-19,NO BET,7,0,0,0,,,,0.23932436380993738,0.0009268358712373291,-0.006911590845278441
2019-03-23,2018-19,NO BET,8,0,0,0,,,,0.23990661097454957,0.0009268358712373291,-0.006911590845278441
2019-03-24,2018-19,NO BET,8,0,0,0,,,,0.2418976495944306,0.0009268358712373291,-0.006911590845278441
2019-03-25,2018-19,NO BET,4,0,0,0,,,,0.23565149284467002,0.0009268358712373291,-0.006911590845278441
2019-03-26,2018-19,NO BET,10,0,0,0,,,,0.24226484885000132,0.0009268358712373291,-0.006911590845278441
2019-03-27,2018-19,NO BET,5,0,0,0,,,,0.2450696953992229,0.0009268358712373291,-0.006911590845278441
2019-03-28,2018-19,NO BET,8,0,0,0,,,,0.24022088678784081,0.0009268358712373291,-0.006911590845278441
2019-03-29,2018-19,NO BET,6,0,0,0,,,,0.24153605340921824,0.0009268358712373291,-0.006911590845278441
2019-03-30,2018-19,NO BET,9,0,0,0,,,,0.2424093860088984,0.0009268358712373291,-0.006911590845278441
2019-03-31,2018-19,NO BET,7,0,0,0,,,,0.2418084653853692,0.0009268358712373291,-0.006911590845278441
2019-04-01,2018-19,NO BET,9,0,0,0,,,,0.24322517500430246,0.0009268358712373291,-0.006911590845278441
2019-04-02,2018-19,NO BET,4,0,0,0,,,,0.241913966616773,0.0009268358712373291,-0.006911590845278441
2019-04-03,2018-19,NO BET,12,0,0,0,,,,0.24210353555156722,0.0009268358712373291,-0.006911590845278441
2019-04-04,2018-19,NO BET,3,0,0,0,,,,0.2419214959599998,0.0009268358712373291,-0.006911590845278441
2019-04-05,2018-19,NO BET,13,0,0,0,,,,0.24322018794180372,0.0009268358712373291,-0.006911590845278441
2019-04-06,2018-19,NO BET,2,0,0,0,,,,0.23564534151592043,0.0009268358712373291,-0.006911590845278441
2019-04-07,2018-19,NO BET,14,0,0,0,,,,0.24314524935512655,0.0009268358712373291,-0.006911590845278441
2019-04-09,2018-19,NO BET,11,0,0,0,,,,0.24687351752852138,0.0009268358712373291,-0.006911590845278441
2019-04-10,2018-19,NO BET,11,0,0,0,,,,0.24269124316166385,0.0009268358712373291,-0.006911590845278441
2019-04-13,2018-19,NO BET,4,0,0,0,,,,0.2416096203933914,0.0009268358712373291,-0.006911590845278441
2019-04-14,2018-19,NO BET,4,0,0,0,,,,0.24374875272357438,0.0009268358712373291,-0.006911590845278441
2019-04-15,2018-19,NO BET,2,0,0,0,,,,0.2262474743374297,0.0009268358712373291,-0.006911590845278441
2019-04-16,2018-19,NO BET,3,0,0,0,,,,0.24280273354416804,0.0009268358712373291,-0.006911590845278441
2019-04-17,2018-19,NO BET,3,0,0,0,,,,0.24164387268319243,0.0009268358712373291,-0.006911590845278441
2019-04-18,2018-19,NO BET,3,0,0,0,,,,0.23147119472928035,0.0009268358712373291,-0.006911590845278441
2019-04-19,2018-19,NO BET,3,0,0,0,,,,0.23978094874187567,0.0009268358712373291,-0.006911590845278441
2019-04-20,2018-19,NO BET,4,0,0,0,,,,0.23393244377443617,0.0009268358712373291,-0.006911590845278441
2019-04-21,2018-19,NO BET,4,0,0,0,,,,0.23762919123022713,0.0009268358712373291,-0.006911590845278441
2019-04-22,2018-19,NO BET,2,0,0,0,,,,0.22887757005325732,0.0009268358712373291,-0.006911590845278441
2019-04-23,2018-19,NO BET,4,0,0,0,,,,0.2368829681124317,0.0009268358712373291,-0.006911590845278441
2019-04-24,2018-19,NO BET,2,0,0,0,,,,0.21873865105429635,0.0009268358712373291,-0.006911590845278441
2019-04-25,2018-19,NO BET,1,0,0,0,,,,,0.0009268358712373291,-0.006911590845278441
2019-04-26,2018-19,NO BET,1,0,0,0,,,,,0.0009268358712373291,-0.006911590845278441
2019-04-27,2018-19,NO BET,2,0,0,0,,,,0.23510102250789966,0.0009268358712373291,-0.006911590845278441
2019-04-28,2018-19,NO BET,2,0,0,0,,,,0.2196694522004528,0.0009268358712373291,-0.006911590845278441
2019-04-29,2018-19,NO BET,2,0,0,0,,,,0.2277352473089166,0.0009268358712373291,-0.006911590845278441
2019-04-30,2018-19,NO BET,2,0,0,0,,,,0.21901149252211755,0.0009268358712373291,-0.006911590845278441
2019-05-01,2018-19,NO BET,1,0,0,0,,,,,0.0009268358712373291,-0.006911590845278441
2019-05-02,2018-19,NO BET,1,0,0,0,,,,,0.0009268358712373291,-0.006911590845278441
2019-05-03,2018-19,NO BET,2,0,0,0,,,,0.22994296481466786,0.0009268358712373291,-0.006911590845278441
2019-05-04,2018-19,NO BET,1,0,0,0,,,,,0.0009268358712373291,-0.006911590845278441
2019-05-05,2018-19,NO BET,2,0,0,0,,,,0.23669758642674898,0.0009268358712373291,-0.006911590845278441
2019-05-06,2018-19,NO BET,2,0,0,0,,,,0.23406406026056936,0.0009268358712373291,-0.006911590845278441
2019-05-07,2018-19,NO BET,2,0,0,0,,,,0.23911503754149127,0.0009268358712373291,-0.006911590845278441
2019-05-08,2018-19,NO BET,2,0,0,0,,,,0.23236179169622512,0.0009268358712373291,-0.006911590845278441
2019-05-09,2018-19,NO BET,2,0,0,0,,,,0.2347466461886969,0.0009268358712373291,-0.006911590845278441
2019-05-10,2018-19,NO BET,1,0,0,0,,,,,0.0009268358712373291,-0.006911590845278441
2019-05-12,2018-19,NO BET,2,0,0,0,,,,0.2422789147540791,0.0009268358712373291,-0.006911590845278441
2019-05-14,2018-19,NO BET,1,0,0,0,,,,,0.0009268358712373291,-0.006911590845278441
2019-05-15,2018-19,NO BET,1,0,0,0,,,,,0.0009268358712373291,-0.006911590845278441
2019-05-16,2018-19,NO BET,1,0,0,0,,,,,0.0009268358712373291,-0.006911590845278441
2019-05-17,2018-19,NO BET,1,0,0,0,,,,,0.0009268358712373291,-0.006911590845278441
2019-05-18,2018-19,NO BET,1,0,0,0,,,,,0.0009268358712373291,-0.006911590845278441
2019-05-19,2018-19,NO BET,1,0,0,0,,,,,0.0009268358712373291,-0.006911590845278441
2019-05-20,2018-19,NO BET,1,0,0,0,,,,,0.0009268358712373291,-0.006911590845278441
2019-05-21,2018-19,NO BET,1,0,0,0,,,,,0.0009268358712373291,-0.006911590845278441
2019-05-23,2018-19,NO BET,1,0,0,0,,,,,0.0009268358712373291,-0.006911590845278441
2019-05-25,2018-19,NO BET,1,0,0,0,,,,,0.0009268358712373291,-0.006911590845278441
2019-05-30,2018-19,NO BET,1,0,0,0,,,,,0.0009268358712373291,-0.006911590845278441
2019-06-02,2018-19,NO BET,1,0,0,0,,,,,0.0009268358712373291,-0.006911590845278441
2019-06-05,2018-19,NO BET,1,0,0,0,,,,,0.0009268358712373291,-0.006911590845278441
2019-06-07,2018-19,NO BET,1,0,0,0,,,,,0.0009268358712373291,-0.006911590845278441
2019-06-10,2018-19,NO BET,1,0,0,0,,,,,0.0009268358712373291,-0.006911590845278441
2019-06-13,2018-19,NO BET,1,0,0,0,,,,,0.0009268358712373291,-0.006911590845278441
2019-10-22,2019-20,NO BET,0,0,0,0,,,,,0.006321774662861877,-0.004910735424110011
2019-10-23,2019-20,NO BET,0,0,0,0,,,,,0.006321774662861877,-0.004910735424110011
2019-10-24,2019-20,NO BET,0,0,0,0,,,,,0.006321774662861877,-0.004910735424110011
2019-10-25,2019-20,NO BET,0,0,0,0,,,,,0.006321774662861877,-0.004910735424110011
2019-10-26,2019-20,NO BET,0,0,0,0,,,,,0.006321774662861877,-0.004910735424110011
2019-10-27,2019-20,NO BET,0,0,0,0,,,,,0.006321774662861877,-0.004910735424110011
2019-10-28,2019-20,NO BET,0,0,0,0,,,,,0.006321774662861877,-0.004910735424110011
2019-10-29,2019-20,NO BET,0,0,0,0,,,,,0.006321774662861877,-0.004910735424110011
2019-10-30,2019-20,NO BET,0,0,0,0,,,,,0.006321774662861877,-0.004910735424110011
2019-10-31,2019-20,NO BET,0,0,0,0,,,,,0.006321774662861877,-0.004910735424110011
2019-11-01,2019-20,NO BET,2,0,0,0,,,,0.23352133205356895,0.006321774662861877,-0.004910735424110011
2019-11-02,2019-20,NO BET,5,0,0,0,,,,0.23799904001422856,0.006321774662861877,-0.004910735424110011
2019-11-03,2019-20,NO BET,6,0,0,0,,,,0.24396080595398195,0.006321774662861877,-0.004910735424110011
2019-11-04,2019-20,NO BET,6,0,0,0,,,,0.23111976765528397,0.006321774662861877,-0.004910735424110011
2019-11-05,2019-20,NO BET,6,0,0,0,,,,0.24806545542886227,0.006321774662861877,-0.004910735424110011
2019-11-06,2019-20,NO BET,9,0,0,0,,,,0.2467980873109607,0.006321774662861877,-0.004910735424110011
2019-11-07,2019-20,NO BET,4,0,0,0,,,,0.24098690077066076,0.006321774662861877,-0.004910735424110011
2019-11-08,2019-20,NO BET,11,0,0,0,,,,0.24646155257134578,0.006321774662861877,-0.004910735424110011
2019-11-09,2019-20,NO BET,5,0,0,0,,,,0.23629205824166855,0.006321774662861877,-0.004910735424110011
2019-11-10,2019-20,NO BET,8,0,0,0,,,,0.24240191649638176,0.006321774662861877,-0.004910735424110011
2019-11-11,2019-20,NO BET,6,0,0,0,,,,0.23883188809824452,0.006321774662861877,-0.004910735424110011
2019-11-12,2019-20,NO BET,8,0,0,0,,,,0.2433660465860773,0.006321774662861877,-0.004910735424110011
2019-11-13,2019-20,NO BET,7,0,0,0,,,,0.24642501492818503,0.006321774662861877,-0.004910735424110011
2019-11-14,2019-20,NO BET,6,0,0,0,,,,0.24349568237154684,0.006321774662861877,-0.004910735424110011
2019-11-15,2019-20,NO BET,8,0,0,0,,,,0.24407494362687437,0.006321774662861877,-0.004910735424110011
2019-11-16,2019-20,NO BET,8,0,0,0,,,,0.24307092951405246,0.006321774662861877,-0.004910735424110011
2019-11-17,2019-20,NO BET,6,0,0,0,,,,0.2440264199280498,0.006321774662861877,-0.004910735424110011
2019-11-18,2019-20,NO BET,9,0,0,0,,,,0.24373554018548815,0.006321774662861877,-0.004910735424110011
2019-11-19,2019-20,NO BET,4,0,0,0,,,,0.24333814615578303,0.006321774662861877,-0.004910735424110011
2019-11-20,2019-20,NO BET,11,0,0,0,,,,0.24480394871074657,0.006321774662861877,-0.004910735424110011
2019-11-21,2019-20,NO BET,2,0,0,0,,,,0.2355517173704566,0.006321774662861877,-0.004910735424110011
2019-11-22,2019-20,NO BET,10,0,0,0,,,,0.24596114052596912,0.006321774662861877,-0.004910735424110011
2019-11-23,2019-20,NO BET,10,0,0,0,,,,0.24473752710253777,0.006321774662861877,-0.004910735424110011
2019-11-24,2019-20,NO BET,5,0,0,0,,,,0.24387898039127548,0.006321774662861877,-0.004910735424110011
2019-11-25,2019-20,NO BET,11,0,0,0,,,,0.2481026579704642,0.006321774662861877,-0.004910735424110011
2019-11-26,2019-20,NO BET,2,0,0,0,,,,0.2319916118110258,0.006321774662861877,-0.004910735424110011
2019-11-27,2019-20,NO BET,14,0,0,0,,,,0.24630176504233836,0.006321774662861877,-0.004910735424110011
2019-11-29,2019-20,NO BET,13,0,0,0,,,,0.24464335628598116,0.006321774662861877,-0.004910735424110011
2019-11-30,2019-20,NO BET,4,0,0,0,,,,0.24661360902941354,0.006321774662861877,-0.004910735424110011
2019-12-01,2019-20,NO BET,9,0,0,0,,,,0.24343773954491416,0.006321774662861877,-0.004910735424110011
2019-12-02,2019-20,NO BET,6,0,0,0,,,,0.24416406367859378,0.006321774662861877,-0.004910735424110011
2019-12-03,2019-20,NO BET,7,0,0,0,,,,0.24041475958050268,0.006321774662861877,-0.004910735424110011
2019-12-04,2019-20,NO BET,10,0,0,0,,,,0.24696337019596515,0.006321774662861877,-0.004910735424110011
2019-12-05,2019-20,NO BET,4,0,0,0,,,,0.24319221494967497,0.006321774662861877,-0.004910735424110011
2019-12-06,2019-20,NO BET,10,0,0,0,,,,0.24824902882867994,0.006321774662861877,-0.004910735424110011
2019-12-07,2019-20,NO BET,5,0,0,0,,,,0.24406217014977455,0.006321774662861877,-0.004910735424110011
2019-12-08,2019-20,NO BET,8,0,0,0,,,,0.24628067555812067,0.006321774662861877,-0.004910735424110011
2019-12-09,2019-20,NO BET,7,0,0,0,,,,0.24401115968606868,0.006321774662861877,-0.004910735424110011
2019-12-10,2019-20,NO BET,4,0,0,0,,,,0.24328011979460507,0.006321774662861877,-0.004910735424110011
2019-12-11,2019-20,NO BET,11,0,0,0,,,,0.24363849855950298,0.006321774662861877,-0.004910735424110011
2019-12-12,2019-20,NO BET,4,0,0,0,,,,0.24387718002513187,0.006321774662861877,-0.004910735424110011
2019-12-13,2019-20,NO BET,9,0,0,0,,,,0.24526530326731177,0.006321774662861877,-0.004910735424110011
2019-12-14,2019-20,NO BET,8,0,0,0,,,,0.24517157066639506,0.006321774662861877,-0.004910735424110011
2019-12-15,2019-20,NO BET,6,0,0,0,,,,0.2449393160883201,0.006321774662861877,-0.004910735424110011
2019-12-16,2019-20,NO BET,7,0,0,0,,,,0.24325285806097985,0.006321774662861877,-0.004910735424110011
2019-12-17,2019-20,NO BET,6,0,0,0,,,,0.24409578122262637,0.006321774662861877,-0.004910735424110011
2019-12-18,2019-20,NO BET,9,0,0,0,,,,0.24895175049334117,0.006321774662861877,-0.004910735424110011
2019-12-19,2019-20,NO BET,4,0,0,0,,,,0.24445711967845934,0.006321774662861877,-0.004910735424110011
2019-12-20,2019-20,NO BET,10,0,0,0,,,,0.24538127493439366,0.006321774662861877,-0.004910735424110011
2019-12-21,2019-20,NO BET,9,0,0,0,,,,0.24344957680747698,0.006321774662861877,-0.004910735424110011
2019-12-22,2019-20,NO BET,5,0,0,0,,,,0.2459012645574017,0.006321774662861877,-0.004910735424110011
2019-12-23,2019-20,NO BET,11,0,0,0,,,,0.2439844461306468,0.006321774662861877,-0.004910735424110011
2019-12-25,2019-20,NO BET,5,0,0,0,,,,0.24538222733468795,0.006321774662861877,-0.004910735424110011
2019-12-26,2019-20,NO BET,6,0,0,0,,,,0.24562747468416257,0.006321774662861877,-0.004910735424110011
2019-12-27,2019-20,NO BET,6,0,0,0,,,,0.2474870863568699,0.006321774662861877,-0.004910735424110011
2019-12-28,2019-20,NO BET,14,0,0,0,,,,0.24575080101787528,0.006321774662861877,-0.004910735424110011
2019-12-29,2019-20,NO BET,5,0,0,0,,,,0.24281685936304592,0.006321774662861877,-0.004910735424110011
2019-12-30,2019-20,NO BET,6,0,0,0,,,,0.24492277594478473,0.006321774662861877,-0.004910735424110011
2019-12-31,2019-20,NO BET,7,0,0,0,,,,0.2436864452089748,0.006321774662861877,-0.004910735424110011
2020-01-01,2019-20,NO BET,4,0,0,0,,,,0.2458923735838774,0.006321774662861877,-0.004910735424110011
2020-01-02,2019-20,NO BET,9,0,0,0,,,,0.2434413306742883,0.006321774662861877,-0.004910735424110011
2020-01-03,2019-20,NO BET,6,0,0,0,,,,0.24203630750205313,0.006321774662861877,-0.004910735424110011
2020-01-04,2019-20,NO BET,11,0,0,0,,,,0.24287459902144887,0.006321774662861877,-0.004910735424110011
2020-01-05,2019-20,NO BET,5,0,0,0,,,,0.24743324917475978,0.006321774662861877,-0.004910735424110011
2020-01-06,2019-20,NO BET,9,0,0,0,,,,0.24424184244370623,0.006321774662861877,-0.004910735424110011
2020-01-07,2019-20,NO BET,6,0,0,0,,,,0.24410414396738872,0.006321774662861877,-0.004910735424110011
2020-01-08,2019-20,NO BET,9,0,0,0,,,,0.24464717583636097,0.006321774662861877,-0.004910735424110011
2020-01-09,2019-20,NO BET,4,0,0,0,,,,0.2425361370771157,0.006321774662861877,-0.004910735424110011
2020-01-10,2019-20,NO BET,10,0,0,0,,,,0.24423190699919511,0.006321774662861877,-0.004910735424110011
2020-01-11,2019-20,NO BET,7,0,0,0,,,,0.24339675078050244,0.006321774662861877,-0.004910735424110011
2020-01-12,2019-20,NO BET,7,0,0,0,,,,0.2452836783673344,0.006321774662861877,-0.004910735424110011
2020-01-13,2019-20,NO BET,7,0,0,0,,,,0.24347012393647538,0.006321774662861877,-0.004910735424110011
2020-01-14,2019-20,NO BET,6,0,0,0,,,,0.243333447682473,0.006321774662861877,-0.004910735424110011
2020-01-15,2019-20,NO BET,10,0,0,0,,,,0.24399079198029816,0.006321774662861877,-0.004910735424110011
2020-01-16,2019-20,NO BET,5,0,0,0,,,,0.2418326101495169,0.006321774662861877,-0.004910735424110011
2020-01-17,2019-20,NO BET,7,0,0,0,,,,0.2434316706405325,0.006321774662861877,-0.004910735424110011
2020-01-18,2019-20,NO BET,11,0,0,0,,,,0.24416840552093433,0.006321774662861877,-0.004910735424110011
2020-01-19,2019-20,NO BET,2,0,0,0,,,,0.24480801066074231,0.006321774662861877,-0.004910735424110011
2020-01-20,2019-20,NO BET,14,0,0,0,,,,0.24374945773136492,0.006321774662861877,-0.004910735424110011
2020-01-21,2019-20,NO BET,1,0,0,0,,,,,0.006321774662861877,-0.004910735424110011
2020-01-22,2019-20,NO BET,12,0,0,0,,,,0.24294916380869586,0.006321774662861877,-0.004910735424110011
2020-01-23,2019-20,NO BET,3,0,0,0,,,,0.24372450907176246,0.006321774662861877,-0.004910735424110011
2020-01-24,2019-20,NO BET,11,0,0,0,,,,0.24245518538228683,0.006321774662861877,-0.004910735424110011
2020-01-25,2019-20,NO BET,5,0,0,0,,,,0.24363517086204883,0.006321774662861877,-0.004910735424110011
2020-01-26,2019-20,NO BET,8,0,0,0,,,,0.2413271879484356,0.006321774662861877,-0.004910735424110011
2020-01-27,2019-20,NO BET,6,0,0,0,,,,0.24351408760104937,0.006321774662861877,-0.004910735424110011
2020-01-28,2019-20,NO BET,8,0,0,0,,,,0.24348242591095054,0.006321774662861877,-0.004910735424110011
2020-01-29,2019-20,NO BET,6,0,0,0,,,,0.24419144475591203,0.006321774662861877,-0.004910735424110011
2020-01-30,2019-20,NO BET,6,0,0,0,,,,0.24207985155571654,0.006321774662861877,-0.004910735424110011
2020-01-31,2019-20,NO BET,7,0,0,0,,,,0.2425964584984605,0.006321774662861877,-0.004910735424110011
2020-02-01,2019-20,NO BET,10,0,0,0,,,,0.24799953802660962,0.006321774662861877,-0.004910735424110011
2020-02-02,2019-20,NO BET,4,0,0,0,,,,0.23525627379774905,0.006321774662861877,-0.004910735424110011
2020-02-03,2019-20,NO BET,10,0,0,0,,,,0.2437103597687013,0.006321774662861877,-0.004910735424110011
2020-02-04,2019-20,NO BET,4,0,0,0,,,,0.2387850408154285,0.006321774662861877,-0.004910735424110011
2020-02-05,2019-20,NO BET,9,0,0,0,,,,0.24334922213311938,0.006321774662861877,-0.004910735424110011
2020-02-06,2019-20,NO BET,5,0,0,0,,,,0.23893533373931136,0.006321774662861877,-0.004910735424110011
2020-02-07,2019-20,NO BET,8,0,0,0,,,,0.24497349213901587,0.006321774662861877,-0.004910735424110011
2020-02-08,2019-20,NO BET,9,0,0,0,,,,0.2434779169807776,0.006321774662861877,-0.004910735424110011
2020-02-09,2019-20,NO BET,7,0,0,0,,,,0.24429199939650953,0.006321774662861877,-0.004910735424110011
2020-02-10,2019-20,NO BET,9,0,0,0,,,,0.24332934443547422,0.006321774662861877,-0.004910735424110011
2020-02-11,2019-20,NO BET,5,0,0,0,,,,0.24251007260637958,0.006321774662861877,-0.004910735424110011
2020-02-12,2019-20,NO BET,11,0,0,0,,,,0.24423278820188143,0.006321774662861877,-0.004910735424110011
2020-02-13,2019-20,NO BET,2,0,0,0,,,,0.23161034186929663,0.006321774662861877,-0.004910735424110011
2020-02-20,2019-20,NO BET,6,0,0,0,,,,0.24848756428730132,0.006321774662861877,-0.004910735424110011
2020-02-21,2019-20,NO BET,9,0,0,0,,,,0.25131921934831314,0.006321774662861877,-0.004910735424110011
2020-02-22,2019-20,NO BET,7,0,0,0,,,,0.24395923158197602,0.006321774662861877,-0.004910735424110011
2020-02-23,2019-20,NO BET,7,0,0,0,,,,0.236860782522269,0.006321774662861877,-0.004910735424110011
2020-02-24,2019-20,NO BET,8,0,0,0,,,,0.24051415999720221,0.006321774662861877,-0.004910735424110011
2020-02-25,2019-20,NO BET,7,0,0,0,,,,0.2406707459097583,0.006321774662861877,-0.004910735424110011
2020-02-26,2019-20,NO BET,9,0,0,0,,,,0.24337066195795748,0.006321774662861877,-0.004910735424110011
2020-02-27,2019-20,NO BET,4,0,0,0,,,,0.2414723979064532,0.006321774662861877,-0.004910735424110011
2020-02-28,2019-20,NO BET,10,0,0,0,,,,0.23958429989007513,0.006321774662861877,-0.004910735424110011
2020-02-29,2019-20,NO BET,8,0,0,0,,,,0.2441520778726729,0.006321774662861877,-0.004910735424110011
2020-03-01,2019-20,NO BET,7,0,0,0,,,,0.23967105516545945,0.006321774662861877,-0.004910735424110011
2020-03-02,2019-20,NO BET,7,0,0,0,,,,0.2415428346957339,0.006321774662861877,-0.004910735424110011
2020-03-03,2019-20,NO BET,8,0,0,0,,,,0.24265298899887344,0.006321774662861877,-0.004910735424110011
2020-03-04,2019-20,NO BET,9,0,0,0,,,,0.24272593029459638,0.006321774662861877,-0.004910735424110011
2020-03-05,2019-20,NO BET,4,0,0,0,,,,0.238019440802606,0.006321774662861877,-0.004910735424110011
2020-03-06,2019-20,NO BET,10,0,0,0,,,,0.24359720286462244,0.006321774662861877,-0.004910735424110011
2020-03-07,2019-20,NO BET,6,0,0,0,,,,0.2432744427940946,0.006321774662861877,-0.004910735424110011
2020-03-08,2019-20,NO BET,11,0,0,0,,,,0.24429712203087112,0.006321774662861877,-0.004910735424110011
2020-03-09,2019-20,NO BET,3,0,0,0,,,,0.2376230613025253,0.006321774662861877,-0.004910735424110011
2020-03-10,2019-20,NO BET,9,0,0,0,,,,0.240085355227369,0.006321774662861877,-0.004910735424110011
2020-03-11,2019-20,NO BET,4,0,0,0,,,,0.24358240159577643,0.006321774662861877,-0.004910735424110011
2020-07-30,2019-20,NO BET,2,0,0,0,,,,0.22157656405619086,0.006321774662861877,-0.004910735424110011
2020-07-31,2019-20,NO BET,6,0,0,0,,,,0.244812176621778,0.006321774662861877,-0.004910735424110011
2020-08-01,2019-20,NO BET,5,0,0,0,,,,0.2453066127982193,0.006321774662861877,-0.004910735424110011
2020-08-02,2019-20,NO BET,6,0,0,0,,,,0.2400586817104982,0.006321774662861877,-0.004910735424110011
2020-08-03,2019-20,NO BET,6,0,0,0,,,,0.24170958140065746,0.006321774662861877,-0.004910735424110011
2020-08-04,2019-20,NO BET,6,0,0,0,,,,0.23641221866194928,0.006321774662861877,-0.004910735424110011
2020-08-05,2019-20,NO BET,6,0,0,0,,,,0.2402173155676368,0.006321774662861877,-0.004910735424110011
2020-08-06,2019-20,NO BET,6,0,0,0,,,,0.24003350035928195,0.006321774662861877,-0.004910735424110011
2020-08-07,2019-20,NO BET,6,0,0,0,,,,0.24353194423257407,0.006321774662861877,-0.004910735424110011
2020-08-08,2019-20,NO BET,5,0,0,0,,,,0.23590592269894084,0.006321774662861877,-0.004910735424110011
2020-08-09,2019-20,NO BET,7,0,0,0,,,,0.242449167556344,0.006321774662861877,-0.004910735424110011
2020-08-10,2019-20,NO BET,5,0,0,0,,,,0.24025652637718176,0.006321774662861877,-0.004910735424110011
2020-08-11,2019-20,NO BET,7,0,0,0,,,,0.24343618358770958,0.006321774662861877,-0.004910735424110011
2020-08-12,2019-20,NO BET,4,0,0,0,,,,0.23928974394008257,0.006321774662861877,-0.004910735424110011
2020-08-13,2019-20,NO BET,7,0,0,0,,,,0.24320152677979318,0.006321774662861877,-0.004910735424110011
2020-08-14,2019-20,NO BET,4,0,0,0,,,,0.24425685723427232,0.006321774662861877,-0.004910735424110011
2020-08-15,2019-20,NO BET,1,0,0,0,,,,,0.006321774662861877,-0.004910735424110011
2020-08-17,2019-20,NO BET,4,0,0,0,,,,0.23629787274367986,0.006321774662861877,-0.004910735424110011
2020-08-18,2019-20,NO BET,4,0,0,0,,,,0.24222342856152485,0.006321774662861877,-0.004910735424110011
2020-08-19,2019-20,NO BET,4,0,0,0,,,,0.2352982085910258,0.006321774662861877,-0.004910735424110011
2020-08-20,2019-20,NO BET,4,0,0,0,,,,0.22061358378980944,0.006321774662861877,-0.004910735424110011
2020-08-21,2019-20,NO BET,4,0,0,0,,,,0.23040824577802865,0.006321774662861877,-0.004910735424110011
2020-08-22,2019-20,NO BET,4,0,0,0,,,,0.22364097479648815,0.006321774662861877,-0.004910735424110011
2020-08-23,2019-20,NO BET,4,0,0,0,,,,0.23227225570843846,0.006321774662861877,-0.004910735424110011
2020-08-24,2019-20,NO BET,4,0,0,0,,,,0.2299009590386683,0.006321774662861877,-0.004910735424110011
2020-08-25,2019-20,NO BET,2,0,0,0,,,,0.20119691590408983,0.006321774662861877,-0.004910735424110011
2020-08-29,2019-20,NO BET,3,0,0,0,,,,0.24244689244496193,0.006321774662861877,-0.004910735424110011
2020-08-30,2019-20,NO BET,3,0,0,0,,,,0.24126222879864917,0.006321774662861877,-0.004910735424110011
2020-08-31,2019-20,NO BET,2,0,0,0,,,,0.21983690581017024,0.006321774662861877,-0.004910735424110011
2020-09-01,2019-20,NO BET,2,0,0,0,,,,0.21792711562189526,0.006321774662861877,-0.004910735424110011
2020-09-02,2019-20,NO BET,2,0,0,0,,,,0.21775824034839708,0.006321774662861877,-0.004910735424110011
2020-09-03,2019-20,NO BET,2,0,0,0,,,,0.22326932538490107,0.006321774662861877,-0.004910735424110011
2020-09-04,2019-20,NO BET,2,0,0,0,,,,0.22587054779889476,0.006321774662861877,-0.004910735424110011
2020-09-05,2019-20,NO BET,2,0,0,0,,,,0.21118297741743253,0.006321774662861877,-0.004910735424110011
2020-09-06,2019-20,NO BET,2,0,0,0,,,,0.21034526689646105,0.006321774662861877,-0.004910735424110011
2020-09-07,2019-20,NO BET,2,0,0,0,,,,0.2108961363699649,0.006321774662861877,-0.004910735424110011
2020-09-08,2019-20,NO BET,2,0,0,0,,,,0.21443787570177675,0.006321774662861877,-0.004910735424110011
2020-09-09,2019-20,NO BET,2,0,0,0,,,,0.20817002738710383,0.006321774662861877,-0.004910735424110011
2020-09-10,2019-20,NO BET,1,0,0,0,,,,,0.006321774662861877,-0.004910735424110011
2020-09-11,2019-20,NO BET,2,0,0,0,,,,0.21492564740827869,0.006321774662861877,-0.004910735424110011
2020-09-12,2019-20,NO BET,1,0,0,0,,,,,0.006321774662861877,-0.004910735424110011
2020-09-13,2019-20,NO BET,1,0,0,0,,,,,0.006321774662861877,-0.004910735424110011
2020-09-15,2019-20,NO BET,2,0,0,0,,,,0.23507923746330955,0.006321774662861877,-0.004910735424110011
2020-09-17,2019-20,NO BET,1,0,0,0,,,,,0.006321774662861877,-0.004910735424110011
2020-09-18,2019-20,NO BET,1,0,0,0,,,,,0.006321774662861877,-0.004910735424110011
2020-09-19,2019-20,NO BET,1,0,0,0,,,,,0.006321774662861877,-0.004910735424110011
2020-09-20,2019-20,NO BET,1,0,0,0,,,,,0.006321774662861877,-0.004910735424110011
2020-09-22,2019-20,NO BET,1,0,0,0,,,,,0.006321774662861877,-0.004910735424110011
2020-09-23,2019-20,NO BET,1,0,0,0,,,,,0.006321774662861877,-0.004910735424110011
2020-09-24,2019-20,NO BET,1,0,0,0,,,,,0.006321774662861877,-0.004910735424110011
2020-09-25,2019-20,NO BET,1,0,0,0,,,,,0.006321774662861877,-0.004910735424110011
2020-09-26,2019-20,NO BET,1,0,0,0,,,,,0.006321774662861877,-0.004910735424110011
2020-09-27,2019-20,NO BET,1,0,0,0,,,,,0.006321774662861877,-0.004910735424110011
2020-09-30,2019-20,NO BET,1,0,0,0,,,,,0.006321774662861877,-0.004910735424110011
2020-10-02,2019-20,NO BET,1,0,0,0,,,,,0.006321774662861877,-0.004910735424110011
2020-10-04,2019-20,NO BET,1,0,0,0,,,,,0.006321774662861877,-0.004910735424110011
2020-10-06,2019-20,NO BET,1,0,0,0,,,,,0.006321774662861877,-0.004910735424110011
2020-10-09,2019-20,NO BET,1,0,0,0,,,,,0.006321774662861877,-0.004910735424110011
2020-10-11,2019-20,NO BET,1,0,0,0,,,,,0.006321774662861877,-0.004910735424110011
2020-12-22,2020-21,NO BET,0,0,0,0,,,,,0.00430529448281032,-0.005356108740118164
2020-12-23,2020-21,NO BET,0,0,0,0,,,,,0.00430529448281032,-0.005356108740118164
2020-12-25,2020-21,NO BET,0,0,0,0,,,,,0.00430529448281032,-0.005356108740118164
2020-12-26,2020-21,NO BET,0,0,0,0,,,,,0.00430529448281032,-0.005356108740118164
2020-12-27,2020-21,NO BET,0,0,0,0,,,,,0.00430529448281032,-0.005356108740118164
2020-12-28,2020-21,NO BET,0,0,0,0,,,,,0.00430529448281032,-0.005356108740118164
2020-12-29,2020-21,NO BET,0,0,0,0,,,,,0.00430529448281032,-0.005356108740118164
2020-12-30,2020-21,NO BET,0,0,0,0,,,,,0.00430529448281032,-0.005356108740118164
2020-12-31,2020-21,NO BET,0,0,0,0,,,,,0.00430529448281032,-0.005356108740118164
2021-01-01,2020-21,NO BET,1,0,0,0,,,,,0.00430529448281032,-0.005356108740118164
2021-01-02,2020-21,NO BET,3,0,0,0,,,,0.23205861849090148,0.00430529448281032,-0.005356108740118164
2021-01-03,2020-21,NO BET,8,0,0,0,,,,0.23833041228923163,0.00430529448281032,-0.005356108740118164
2021-01-04,2020-21,NO BET,8,0,0,0,,,,0.24532738479784566,0.00430529448281032,-0.005356108740118164
2021-01-05,2020-21,NO BET,5,0,0,0,,,,0.23234754117949613,0.00430529448281032,-0.005356108740118164
2021-01-06,2020-21,NO BET,11,0,0,0,,,,0.24690128876267403,0.00430529448281032,-0.005356108740118164
2021-01-07,2020-21,NO BET,5,0,0,0,,,,0.24271000790302033,0.00430529448281032,-0.005356108740118164
2021-01-08,2020-21,NO BET,10,0,0,0,,,,0.24375580091112942,0.00430529448281032,-0.005356108740118164
2021-01-09,2020-21,NO BET,8,0,0,0,,,,0.24788558523966175,0.00430529448281032,-0.005356108740118164
2021-01-10,2020-21,NO BET,7,0,0,0,,,,0.23696868504380536,0.00430529448281032,-0.005356108740118164
2021-01-11,2020-21,NO BET,7,0,0,0,,,,0.24421291547379442,0.00430529448281032,-0.005356108740118164
2021-01-12,2020-21,NO BET,6,0,0,0,,,,0.2509008603121097,0.00430529448281032,-0.005356108740118164
2021-01-13,2020-21,NO BET,7,0,0,0,,,,0.2465152607448809,0.00430529448281032,-0.005356108740118164
2021-01-14,2020-21,NO BET,5,0,0,0,,,,0.2399024187605277,0.00430529448281032,-0.005356108740118164
2021-01-15,2020-21,NO BET,7,0,0,0,,,,0.2509405408189677,0.00430529448281032,-0.005356108740118164
2021-01-16,2020-21,NO BET,6,0,0,0,,,,0.24554867585971862,0.00430529448281032,-0.005356108740118164
2021-01-17,2020-21,NO BET,5,0,0,0,,,,0.24452261695898786,0.00430529448281032,-0.005356108740118164
2021-01-18,2020-21,NO BET,9,0,0,0,,,,0.24837374712129176,0.00430529448281032,-0.005356108740118164
2021-01-19,2020-21,NO BET,2,0,0,0,,,,0.23727004916082672,0.00430529448281032,-0.005356108740118164
2021-01-20,2020-21,NO BET,9,0,0,0,,,,0.24920793743064337,0.00430529448281032,-0.005356108740118164
2021-01-21,2020-21,NO BET,3,0,0,0,,,,0.2455424457484247,0.00430529448281032,-0.005356108740118164
2021-01-22,2020-21,NO BET,11,0,0,0,,,,0.2498336564244977,0.00430529448281032,-0.005356108740118164
2021-01-23,2020-21,NO BET,7,0,0,0,,,,0.24779348162042697,0.00430529448281032,-0.005356108740118164
2021-01-24,2020-21,NO BET,7,0,0,0,,,,0.24708571915182337,0.00430529448281032,-0.005356108740118164
2021-01-25,2020-21,NO BET,9,0,0,0,,,,0.24840663102119714,0.00430529448281032,-0.005356108740118164
2021-01-26,2020-21,NO BET,3,0,0,0,,,,0.24741014339716616,0.00430529448281032,-0.005356108740118164
2021-01-27,2020-21,NO BET,12,0,0,0,,,,0.2501731980492211,0.00430529448281032,-0.005356108740118164
2021-01-28,2020-21,NO BET,4,0,0,0,,,,0.24573967715224881,0.00430529448281032,-0.005356108740118164
2021-01-29,2020-21,NO BET,10,0,0,0,,,,0.24617599195003353,0.00430529448281032,-0.005356108740118164
2021-01-30,2020-21,NO BET,8,0,0,0,,,,0.2468361787371272,0.00430529448281032,-0.005356108740118164
2021-01-31,2020-21,NO BET,6,0,0,0,,,,0.24393341410132285,0.00430529448281032,-0.005356108740118164
2021-02-01,2020-21,NO BET,9,0,0,0,,,,0.24713289268014693,0.00430529448281032,-0.005356108740118164
2021-02-02,2020-21,NO BET,6,0,0,0,,,,0.24755756227439502,0.00430529448281032,-0.005356108740118164
2021-02-03,2020-21,NO BET,10,0,0,0,,,,0.2486701824878708,0.00430529448281032,-0.005356108740118164
2021-02-04,2020-21,NO BET,5,0,0,0,,,,0.24781250740038258,0.00430529448281032,-0.005356108740118164
2021-02-05,2020-21,NO BET,9,0,0,0,,,,0.2469890432659798,0.00430529448281032,-0.005356108740118164
2021-02-06,2020-21,NO BET,11,0,0,0,,,,0.24793067058284912,0.00430529448281032,-0.005356108740118164
2021-02-07,2020-21,NO BET,5,0,0,0,,,,0.24681372618143954,0.00430529448281032,-0.005356108740118164
2021-02-08,2020-21,NO BET,8,0,0,0,,,,0.24747903315306524,0.00430529448281032,-0.005356108740118164
2021-02-09,2020-21,NO BET,7,0,0,0,,,,0.24955863311228213,0.00430529448281032,-0.005356108740118164
2021-02-10,2020-21,NO BET,9,0,0,0,,,,0.2471275763025157,0.00430529448281032,-0.005356108740118164
2021-02-11,2020-21,NO BET,5,0,0,0,,,,0.24511288961860045,0.00430529448281032,-0.005356108740118164
2021-02-12,2020-21,NO BET,11,0,0,0,,,,0.24730356358630357,0.00430529448281032,-0.005356108740118164
2021-02-13,2020-21,NO BET,5,0,0,0,,,,0.24362952977722507,0.00430529448281032,-0.005356108740118164
2021-02-14,2020-21,NO BET,10,0,0,0,,,,0.24761378980234205,0.00430529448281032,-0.005356108740118164
2021-02-15,2020-21,NO BET,7,0,0,0,,,,0.24698176626246798,0.00430529448281032,-0.005356108740118164
2021-02-16,2020-21,NO BET,6,0,0,0,,,,0.2465256832055462,0.00430529448281032,-0.005356108740118164
2021-02-17,2020-21,NO BET,10,0,0,0,,,,0.24690833071895452,0.00430529448281032,-0.005356108740118164
2021-02-18,2020-21,NO BET,3,0,0,0,,,,0.24403929031792204,0.00430529448281032,-0.005356108740118164
2021-02-19,2020-21,NO BET,9,0,0,0,,,,0.24715768674152988,0.00430529448281032,-0.005356108740118164
2021-02-20,2020-21,NO BET,5,0,0,0,,,,0.2445948149734426,0.00430529448281032,-0.005356108740118164
2021-02-21,2020-21,NO BET,8,0,0,0,,,,0.24682099880715452,0.00430529448281032,-0.005356108740118164
2021-02-22,2020-21,NO BET,6,0,0,0,,,,0.24722733748100367,0.00430529448281032,-0.005356108740118164
2021-02-23,2020-21,NO BET,9,0,0,0,,,,0.24654708316871476,0.00430529448281032,-0.005356108740118164
2021-02-24,2020-21,NO BET,9,0,0,0,,,,0.25074258198235544,0.00430529448281032,-0.005356108740118164
2021-02-25,2020-21,NO BET,6,0,0,0,,,,0.24474163473757748,0.00430529448281032,-0.005356108740118164
2021-02-26,2020-21,NO BET,9,0,0,0,,,,0.24700808439784416,0.00430529448281032,-0.005356108740118164
2021-02-27,2020-21,NO BET,7,0,0,0,,,,0.24641800167470812,0.00430529448281032,-0.005356108740118164
2021-02-28,2020-21,NO BET,8,0,0,0,,,,0.24254090165020153,0.00430529448281032,-0.005356108740118164
2021-03-01,2020-21,NO BET,7,0,0,0,,,,0.24312846159463164,0.00430529448281032,-0.005356108740118164
2021-03-02,2020-21,NO BET,6,0,0,0,,,,0.24220556120272219,0.00430529448281032,-0.005356108740118164
2021-03-03,2020-21,NO BET,10,0,0,0,,,,0.2475064568225559,0.00430529448281032,-0.005356108740118164
2021-03-04,2020-21,NO BET,9,0,0,0,,,,0.24488652598630384,0.00430529448281032,-0.005356108740118164
2021-03-10,2020-21,NO BET,2,0,0,0,,,,0.24326229151681739,0.00430529448281032,-0.005356108740118164
2021-03-11,2020-21,NO BET,11,0,0,0,,,,0.24915920935245306,0.00430529448281032,-0.005356108740118164
2021-03-12,2020-21,NO BET,7,0,0,0,,,,0.24739225103566143,0.00430529448281032,-0.005356108740118164
2021-03-13,2020-21,NO BET,8,0,0,0,,,,0.243457455383278,0.00430529448281032,-0.005356108740118164
2021-03-14,2020-21,NO BET,9,0,0,0,,,,0.2390005655095585,0.00430529448281032,-0.005356108740118164
2021-03-15,2020-21,NO BET,8,0,0,0,,,,0.24189272276365842,0.00430529448281032,-0.005356108740118164
2021-03-16,2020-21,NO BET,6,0,0,0,,,,0.24218444762540636,0.00430529448281032,-0.005356108740118164
2021-03-17,2020-21,NO BET,10,0,0,0,,,,0.24285160991404514,0.00430529448281032,-0.005356108740118164
2021-03-18,2020-21,NO BET,6,0,0,0,,,,0.24170037255656784,0.00430529448281032,-0.005356108740118164
2021-03-19,2020-21,NO BET,9,0,0,0,,,,0.24426410004529886,0.00430529448281032,-0.005356108740118164
2021-03-20,2020-21,NO BET,5,0,0,0,,,,0.2445743581444747,0.00430529448281032,-0.005356108740118164
2021-03-21,2020-21,NO BET,10,0,0,0,,,,0.24601284838261922,0.00430529448281032,-0.005356108740118164
2021-03-22,2020-21,NO BET,8,0,0,0,,,,0.24058967856878077,0.00430529448281032,-0.005356108740118164
2021-03-23,2020-21,NO BET,6,0,0,0,,,,0.24221062549625177,0.00430529448281032,-0.005356108740118164
2021-03-24,2020-21,NO BET,11,0,0,0,,,,0.24533314898239827,0.00430529448281032,-0.005356108740118164
2021-03-25,2020-21,NO BET,5,0,0,0,,,,0.2462492690937343,0.00430529448281032,-0.005356108740118164
2021-03-26,2020-21,NO BET,11,0,0,0,,,,0.2465837379277061,0.00430529448281032,-0.005356108740118164
2021-03-27,2020-21,NO BET,9,0,0,0,,,,0.24527713593498596,0.00430529448281032,-0.005356108740118164
2021-03-28,2020-21,NO BET,4,0,0,0,,,,0.24475719185435257,0.00430529448281032,-0.005356108740118164
2021-03-29,2020-21,NO BET,11,0,0,0,,,,0.2445854129451403,0.00430529448281032,-0.005356108740118164
2021-03-30,2020-21,NO BET,4,0,0,0,,,,0.24428048085449228,0.00430529448281032,-0.005356108740118164
2021-03-31,2020-21,NO BET,10,0,0,0,,,,0.24261333725966644,0.00430529448281032,-0.005356108740118164
2021-04-01,2020-21,NO BET,7,0,0,0,,,,0.23882947693316564,0.00430529448281032,-0.005356108740118164
2021-04-02,2020-21,NO BET,10,0,0,0,,,,0.24667238868115138,0.00430529448281032,-0.005356108740118164
2021-04-03,2020-21,NO BET,8,0,0,0,,,,0.2412253020976486,0.00430529448281032,-0.005356108740118164
2021-04-04,2020-21,NO BET,7,0,0,0,,,,0.24797653944644188,0.00430529448281032,-0.005356108740118164
2021-04-05,2020-21,NO BET,7,0,0,0,,,,0.24771917356784762,0.00430529448281032,-0.005356108740118164
2021-04-06,2020-21,NO BET,8,0,0,0,,,,0.2472593519710315,0.00430529448281032,-0.005356108740118164
2021-04-07,2020-21,NO BET,9,0,0,0,,,,0.24838827022904383,0.00430529448281032,-0.005356108740118164
2021-04-08,2020-21,NO BET,7,0,0,0,,,,0.24869440113450583,0.00430529448281032,-0.005356108740118164
2021-04-09,2020-21,NO BET,9,0,0,0,,,,0.2489365192460113,0.00430529448281032,-0.005356108740118164
2021-04-10,2020-21,NO BET,7,0,0,0,,,,0.24731679092752085,0.00430529448281032,-0.005356108740118164
2021-04-11,2020-21,NO BET,10,0,0,0,,,,0.2510854902712907,0.00430529448281032,-0.005356108740118164
2021-04-12,2020-21,NO BET,8,0,0,0,,,,0.24747944714929815,0.00430529448281032,-0.005356108740118164
2021-04-13,2020-21,NO BET,7,0,0,0,,,,0.24857228166864614,0.00430529448281032,-0.005356108740118164
2021-04-14,2020-21,NO BET,11,0,0,0,,,,0.24784911630037815,0.00430529448281032,-0.005356108740118164
2021-04-15,2020-21,NO BET,4,0,0,0,,,,0.24594705027696284,0.00430529448281032,-0.005356108740118164
2021-04-16,2020-21,NO BET,11,0,0,0,,,,0.24834541352850995,0.00430529448281032,-0.005356108740118164
2021-04-17,2020-21,NO BET,6,0,0,0,,,,0.24726473346970262,0.00430529448281032,-0.005356108740118164
2021-04-18,2020-21,NO BET,8,0,0,0,,,,0.24783989359529351,0.00430529448281032,-0.005356108740118164
2021-04-19,2020-21,NO BET,9,0,0,0,,,,0.24863346535601502,0.00430529448281032,-0.005356108740118164
2021-04-20,2020-21,NO BET,5,0,0,0,,,,0.2480988703730012,0.00430529448281032,-0.005356108740118164
2021-04-21,2020-21,NO BET,12,0,0,0,,,,0.24905911162114092,0.00430529448281032,-0.005356108740118164
2021-04-22,2020-21,NO BET,6,0,0,0,,,,0.2492428922675494,0.00430529448281032,-0.005356108740118164
2021-04-23,2020-21,NO BET,7,0,0,0,,,,0.24786420394284953,0.00430529448281032,-0.005356108740118164
2021-04-24,2020-21,NO BET,8,0,0,0,,,,0.24716094954142143,0.00430529448281032,-0.005356108740118164
2021-04-25,2020-21,NO BET,7,0,0,0,,,,0.2482867584723908,0.00430529448281032,-0.005356108740118164
2021-04-26,2020-21,NO BET,11,0,0,0,,,,0.2493940642631866,0.00430529448281032,-0.005356108740118164
2021-04-27,2020-21,NO BET,6,0,0,0,,,,0.24713345340968706,0.00430529448281032,-0.005356108740118164
2021-04-28,2020-21,NO BET,10,0,0,0,,,,0.24945228704277475,0.00430529448281032,-0.005356108740118164
2021-04-29,2020-21,NO BET,6,0,0,0,,,,0.24740435452388365,0.00430529448281032,-0.005356108740118164
2021-04-30,2020-21,NO BET,8,0,0,0,,,,0.2481260783141025,0.00430529448281032,-0.005356108740118164
2021-05-01,2020-21,NO BET,10,0,0,0,,,,0.24867980090447325,0.00430529448281032,-0.005356108740118164
2021-05-02,2020-21,NO BET,7,0,0,0,,,,0.2473041070211735,0.00430529448281032,-0.005356108740118164
2021-05-03,2020-21,NO BET,8,0,0,0,,,,0.24833197845607383,0.00430529448281032,-0.005356108740118164
2021-05-04,2020-21,NO BET,7,0,0,0,,,,0.24774071135330006,0.00430529448281032,-0.005356108740118164
2021-05-05,2020-21,NO BET,9,0,0,0,,,,0.2486130270008306,0.00430529448281032,-0.005356108740118164
2021-05-06,2020-21,NO BET,7,0,0,0,,,,0.24732740074321408,0.00430529448281032,-0.005356108740118164
2021-05-07,2020-21,NO BET,10,0,0,0,,,,0.2484327183495246,0.00430529448281032,-0.005356108740118164
2021-05-08,2020-21,NO BET,7,0,0,0,,,,0.248672345941638,0.00430529448281032,-0.005356108740118164
2021-05-09,2020-21,NO BET,8,0,0,0,,,,0.24946844374487082,0.00430529448281032,-0.005356108740118164
2021-05-10,2020-21,NO BET,6,0,0,0,,,,0.2513000402943345,0.00430529448281032,-0.005356108740118164
2021-05-11,2020-21,NO BET,11,0,0,0,,,,0.2482141317799293,0.00430529448281032,-0.005356108740118164
2021-05-12,2020-21,NO BET,6,0,0,0,,,,0.2473740144789804,0.00430529448281032,-0.005356108740118164
2021-05-13,2020-21,NO BET,9,0,0,0,,,,0.24853147303195752,0.00430529448281032,-0.005356108740118164
2021-05-14,2020-21,NO BET,8,0,0,0,,,,0.24831593686886988,0.00430529448281032,-0.005356108740118164
2021-05-15,2020-21,NO BET,6,0,0,0,,,,0.2532593589337308,0.00430529448281032,-0.005356108740118164
2021-05-16,2020-21,NO BET,15,0,0,0,,,,0.24987748316263514,0.00430529448281032,-0.005356108740118164
2021-05-18,2020-21,NO BET,2,0,0,0,,,,0.22843248648848408,0.00430529448281032,-0.005356108740118164
2021-05-19,2020-21,NO BET,2,0,0,0,,,,0.2165969337586598,0.00430529448281032,-0.005356108740118164
2021-05-20,2020-21,NO BET,1,0,0,0,,,,,0.00430529448281032,-0.005356108740118164
2021-05-21,2020-21,NO BET,1,0,0,0,,,,,0.00430529448281032,-0.005356108740118164
2021-05-22,2020-21,NO BET,4,0,0,0,,,,0.24973034611010214,0.00430529448281032,-0.005356108740118164
2021-05-23,2020-21,NO BET,4,0,0,0,,,,0.24727314993667676,0.00430529448281032,-0.005356108740118164
2021-05-24,2020-21,NO BET,2,0,0,0,,,,0.2279322341190717,0.00430529448281032,-0.005356108740118164
2021-05-25,2020-21,NO BET,3,0,0,0,,,,0.24168088046311953,0.00430529448281032,-0.005356108740118164
2021-05-26,2020-21,NO BET,3,0,0,0,,,,0.23942223474132668,0.00430529448281032,-0.005356108740118164
2021-05-27,2020-21,NO BET,3,0,0,0,,,,0.23444603808988979,0.00430529448281032,-0.005356108740118164
2021-05-28,2020-21,NO BET,3,0,0,0,,,,0.23468715924823624,0.00430529448281032,-0.005356108740118164
2021-05-29,2020-21,NO BET,4,0,0,0,,,,0.23327379284273098,0.00430529448281032,-0.005356108740118164
2021-05-30,2020-21,NO BET,4,0,0,0,,,,0.23708794085127527,0.00430529448281032,-0.005356108740118164
2021-05-31,2020-21,NO BET,2,0,0,0,,,,0.2169632741009867,0.00430529448281032,-0.005356108740118164
2021-06-01,2020-21,NO BET,3,0,0,0,,,,0.23265551465036033,0.00430529448281032,-0.005356108740118164
2021-06-02,2020-21,NO BET,4,0,0,0,,,,0.2420015422299021,0.00430529448281032,-0.005356108740118164
2021-06-03,2020-21,NO BET,2,0,0,0,,,,0.23394311393041223,0.00430529448281032,-0.005356108740118164
2021-06-04,2020-21,NO BET,1,0,0,0,,,,,0.00430529448281032,-0.005356108740118164
2021-06-05,2020-21,NO BET,1,0,0,0,,,,,0.00430529448281032,-0.005356108740118164
2021-06-06,2020-21,NO BET,2,0,0,0,,,,0.2322025562886798,0.00430529448281032,-0.005356108740118164
2021-06-07,2020-21,NO BET,2,0,0,0,,,,0.23676713206313565,0.00430529448281032,-0.005356108740118164
2021-06-08,2020-21,NO BET,2,0,0,0,,,,0.22217132176838855,0.00430529448281032,-0.005356108740118164
2021-06-09,2020-21,NO BET,1,0,0,0,,,,,0.00430529448281032,-0.005356108740118164
2021-06-10,2020-21,NO BET,2,0,0,0,,,,0.21861548555364102,0.00430529448281032,-0.005356108740118164
2021-06-11,2020-21,NO BET,2,0,0,0,,,,0.2229544119640487,0.00430529448281032,-0.005356108740118164
2021-06-12,2020-21,NO BET,1,0,0,0,,,,,0.00430529448281032,-0.005356108740118164
2021-06-13,2020-21,NO BET,2,0,0,0,,,,0.2257463237828069,0.00430529448281032,-0.005356108740118164
2021-06-14,2020-21,NO BET,2,0,0,0,,,,0.21594583544992269,0.00430529448281032,-0.005356108740118164
2021-06-15,2020-21,NO BET,1,0,0,0,,,,,0.00430529448281032,-0.005356108740118164
2021-06-16,2020-21,NO BET,2,0,0,0,,,,0.19972533483934907,0.00430529448281032,-0.005356108740118164
2021-06-17,2020-21,NO BET,1,0,0,0,,,,,0.00430529448281032,-0.005356108740118164
2021-06-18,2020-21,NO BET,2,0,0,0,,,,0.22056879488073977,0.00430529448281032,-0.005356108740118164
2021-06-19,2020-21,NO BET,1,0,0,0,,,,,0.00430529448281032,-0.005356108740118164
2021-06-20,2020-21,NO BET,2,0,0,0,,,,0.23610949513476792,0.00430529448281032,-0.005356108740118164
2021-06-22,2020-21,NO BET,1,0,0,0,,,,,0.00430529448281032,-0.005356108740118164
2021-06-23,2020-21,NO BET,1,0,0,0,,,,,0.00430529448281032,-0.005356108740118164
2021-06-24,2020-21,NO BET,1,0,0,0,,,,,0.00430529448281032,-0.005356108740118164
2021-06-25,2020-21,NO BET,1,0,0,0,,,,,0.00430529448281032,-0.005356108740118164
2021-06-26,2020-21,NO BET,1,0,0,0,,,,,0.00430529448281032,-0.005356108740118164
2021-06-27,2020-21,NO BET,1,0,0,0,,,,,0.00430529448281032,-0.005356108740118164
2021-06-28,2020-21,NO BET,1,0,0,0,,,,,0.00430529448281032,-0.005356108740118164
2021-06-29,2020-21,NO BET,1,0,0,0,,,,,0.00430529448281032,-0.005356108740118164
2021-06-30,2020-21,NO BET,1,0,0,0,,,,,0.00430529448281032,-0.005356108740118164
2021-07-01,2020-21,NO BET,1,0,0,0,,,,,0.00430529448281032,-0.005356108740118164
2021-07-03,2020-21,NO BET,1,0,0,0,,,,,0.00430529448281032,-0.005356108740118164
2021-07-06,2020-21,NO BET,1,0,0,0,,,,,0.00430529448281032,-0.005356108740118164
2021-07-08,2020-21,NO BET,1,0,0,0,,,,,0.00430529448281032,-0.005356108740118164
2021-07-11,2020-21,NO BET,1,0,0,0,,,,,0.00430529448281032,-0.005356108740118164
2021-07-14,2020-21,NO BET,1,0,0,0,,,,,0.00430529448281032,-0.005356108740118164
2021-07-17,2020-21,NO BET,1,0,0,0,,,,,0.00430529448281032,-0.005356108740118164
2021-07-20,2020-21,NO BET,1,0,0,0,,,,,0.00430529448281032,-0.005356108740118164
2021-10-19,2021-22,NO BET,0,0,0,0,,,,,0.0019941504621617907,-0.0058429543814401035
2021-10-20,2021-22,NO BET,0,0,0,0,,,,,0.0019941504621617907,-0.0058429543814401035
2021-10-21,2021-22,NO BET,0,0,0,0,,,,,0.0019941504621617907,-0.0058429543814401035
2021-10-22,2021-22,NO BET,0,0,0,0,,,,,0.0019941504621617907,-0.0058429543814401035
2021-10-23,2021-22,NO BET,0,0,0,0,,,,,0.0019941504621617907,-0.0058429543814401035
2021-10-24,2021-22,NO BET,0,0,0,0,,,,,0.0019941504621617907,-0.0058429543814401035
2021-10-25,2021-22,NO BET,0,0,0,0,,,,,0.0019941504621617907,-0.0058429543814401035
2021-10-26,2021-22,NO BET,0,0,0,0,,,,,0.0019941504621617907,-0.0058429543814401035
2021-10-27,2021-22,NO BET,0,0,0,0,,,,,0.0019941504621617907,-0.0058429543814401035
2021-10-28,2021-22,NO BET,0,0,0,0,,,,,0.0019941504621617907,-0.0058429543814401035
2021-10-29,2021-22,NO BET,2,0,0,0,,,,0.1963191614095236,0.0019941504621617907,-0.0058429543814401035
2021-10-30,2021-22,NO BET,6,0,0,0,,,,0.24631655252260798,0.0019941504621617907,-0.0058429543814401035
2021-10-31,2021-22,NO BET,5,0,0,0,,,,0.23205240745434047,0.0019941504621617907,-0.0058429543814401035
2021-11-01,2021-22,NO BET,9,0,0,0,,,,0.24882747300403252,0.0019941504621617907,-0.0058429543814401035
2021-11-02,2021-22,NO BET,5,0,0,0,,,,0.2439653249999449,0.0019941504621617907,-0.0058429543814401035
2021-11-03,2021-22,NO BET,11,0,0,0,,,,0.24961945639288444,0.0019941504621617907,-0.0058429543814401035
2021-11-04,2021-22,NO BET,5,0,0,0,,,,0.2480224433864356,0.0019941504621617907,-0.0058429543814401035
2021-11-05,2021-22,NO BET,9,0,0,0,,,,0.24819718527209578,0.0019941504621617907,-0.0058429543814401035
2021-11-06,2021-22,NO BET,6,0,0,0,,,,0.24584899046598202,0.0019941504621617907,-0.0058429543814401035
2021-11-07,2021-22,NO BET,8,0,0,0,,,,0.24901898530850278,0.0019941504621617907,-0.0058429543814401035
2021-11-08,2021-22,NO BET,8,0,0,0,,,,0.2491473319040023,0.0019941504621617907,-0.0058429543814401035
2021-11-09,2021-22,NO BET,2,0,0,0,,,,0.22299886815196196,0.0019941504621617907,-0.0058429543814401035
2021-11-10,2021-22,NO BET,13,0,0,0,,,,0.2500975524417985,0.0019941504621617907,-0.0058429543814401035
2021-11-11,2021-22,NO BET,3,0,0,0,,,,0.24585748374466565,0.0019941504621617907,-0.0058429543814401035
2021-11-12,2021-22,NO BET,11,0,0,0,,,,0.251468756549276,0.0019941504621617907,-0.0058429543814401035
2021-11-13,2021-22,NO BET,7,0,0,0,,,,0.24942016485811527,0.0019941504621617907,-0.0058429543814401035
2021-11-14,2021-22,NO BET,7,0,0,0,,,,0.2481942431045753,0.0019941504621617907,-0.0058429543814401035
2021-11-15,2021-22,NO BET,11,0,0,0,,,,0.2528531263726566,0.0019941504621617907,-0.0058429543814401035
2021-11-16,2021-22,NO BET,3,0,0,0,,,,0.2441541414641688,0.0019941504621617907,-0.0058429543814401035
2021-11-17,2021-22,NO BET,11,0,0,0,,,,0.2504895539564518,0.0019941504621617907,-0.0058429543814401035
2021-11-18,2021-22,NO BET,6,0,0,0,,,,0.2494588718723687,0.0019941504621617907,-0.0058429543814401035
2021-11-19,2021-22,NO BET,9,0,0,0,,,,0.24961347835016923,0.0019941504621617907,-0.0058429543814401035
2021-11-20,2021-22,NO BET,9,0,0,0,,,,0.2505112183413181,0.0019941504621617907,-0.0058429543814401035
2021-11-21,2021-22,NO BET,5,0,0,0,,,,0.24929954814087926,0.0019941504621617907,-0.0058429543814401035
2021-11-22,2021-22,NO BET,10,0,0,0,,,,0.25210325312420495,0.0019941504621617907,-0.0058429543814401035
2021-11-23,2021-22,NO BET,4,0,0,0,,,,0.251683363198863,0.0019941504621617907,-0.0058429543814401035
2021-11-24,2021-22,NO BET,13,0,0,0,,,,0.250877249000515,0.0019941504621617907,-0.0058429543814401035
2021-11-26,2021-22,NO BET,12,0,0,0,,,,0.25145986836402223,0.0019941504621617907,-0.0058429543814401035
2021-11-27,2021-22,NO BET,8,0,0,0,,,,0.25098003245506895,0.0019941504621617907,-0.0058429543814401035
2021-11-28,2021-22,NO BET,5,0,0,0,,,,0.2532847850266255,0.0019941504621617907,-0.0058429543814401035
2021-11-29,2021-22,NO BET,9,0,0,0,,,,0.253945554279526,0.0019941504621617907,-0.0058429543814401035
2021-11-30,2021-22,NO BET,5,0,0,0,,,,0.25042091930933663,0.0019941504621617907,-0.0058429543814401035
2021-12-01,2021-22,NO BET,9,0,0,0,,,,0.2520804099762653,0.0019941504621617907,-0.0058429543814401035
2021-12-02,2021-22,NO BET,5,0,0,0,,,,0.2518664745321956,0.0019941504621617907,-0.0058429543814401035
2021-12-03,2021-22,NO BET,9,0,0,0,,,,0.25063570987543826,0.0019941504621617907,-0.0058429543814401035
2021-12-04,2021-22,NO BET,7,0,0,0,,,,0.253542347749222,0.0019941504621617907,-0.0058429543814401035
2021-12-05,2021-22,NO BET,4,0,0,0,,,,0.24987879629220325,0.0019941504621617907,-0.0058429543814401035
2021-12-06,2021-22,NO BET,10,0,0,0,,,,0.25318152310318237,0.0019941504621617907,-0.0058429543814401035
2021-12-07,2021-22,NO BET,3,0,0,0,,,,0.2441260354387122,0.0019941504621617907,-0.0058429543814401035
2021-12-08,2021-22,NO BET,13,0,0,0,,,,0.2530942566897165,0.0019941504621617907,-0.0058429543814401035
2021-12-09,2021-22,NO BET,3,0,0,0,,,,0.253617439777418,0.0019941504621617907,-0.0058429543814401035
2021-12-10,2021-22,NO BET,9,0,0,0,,,,0.25034900954483036,0.0019941504621617907,-0.0058429543814401035
2021-12-11,2021-22,NO BET,7,0,0,0,,,,0.25385775007908773,0.0019941504621617907,-0.0058429543814401035
2021-12-12,2021-22,NO BET,6,0,0,0,,,,0.2534345520351529,0.0019941504621617907,-0.0058429543814401035
2021-12-13,2021-22,NO BET,9,0,0,0,,,,0.2533415301533478,0.0019941504621617907,-0.0058429543814401035
2021-12-14,2021-22,NO BET,3,0,0,0,,,,0.24843949842291296,0.0019941504621617907,-0.0058429543814401035
2021-12-15,2021-22,NO BET,11,0,0,0,,,,0.25343430924807986,0.0019941504621617907,-0.0058429543814401035
2021-12-16,2021-22,NO BET,4,0,0,0,,,,0.2531278727292488,0.0019941504621617907,-0.0058429543814401035
2021-12-17,2021-22,NO BET,8,0,0,0,,,,0.2517153966910739,0.0019941504621617907,-0.0058429543814401035
2021-12-18,2021-22,NO BET,7,0,0,0,,,,0.2525177348267533,0.0019941504621617907,-0.0058429543814401035
2021-12-19,2021-22,NO BET,6,0,0,0,,,,0.2538685115640946,0.0019941504621617907,-0.0058429543814401035
2021-12-20,2021-22,NO BET,6,0,0,0,,,,0.24986832954683588,0.0019941504621617907,-0.0058429543814401035
2021-12-21,2021-22,NO BET,5,0,0,0,,,,0.2506348858670967,0.0019941504621617907,-0.0058429543814401035
2021-12-22,2021-22,NO BET,5,0,0,0,,,,0.25014107329515967,0.0019941504621617907,-0.0058429543814401035
2021-12-23,2021-22,NO BET,11,0,0,0,,,,0.25203919885298076,0.0019941504621617907,-0.0058429543814401035
2021-12-25,2021-22,NO BET,5,0,0,0,,,,0.23829181130361893,0.0019941504621617907,-0.0058429543814401035
2021-12-26,2021-22,NO BET,8,0,0,0,,,,0.25240736655001106,0.0019941504621617907,-0.0058429543814401035
2021-12-27,2021-22,NO BET,7,0,0,0,,,,0.25111669193239505,0.0019941504621617907,-0.0058429543814401035
2021-12-28,2021-22,NO BET,8,0,0,0,,,,0.25300930544110656,0.0019941504621617907,-0.0058429543814401035
2021-12-29,2021-22,NO BET,8,0,0,0,,,,0.25099229943248913,0.0019941504621617907,-0.0058429543814401035
2021-12-30,2021-22,NO BET,3,0,0,0,,,,0.24863610457705362,0.0019941504621617907,-0.0058429543814401035
2021-12-31,2021-22,NO BET,10,0,0,0,,,,0.25191256499165315,0.0019941504621617907,-0.0058429543814401035
2022-01-01,2021-22,NO BET,6,0,0,0,,,,0.24971488638073694,0.0019941504621617907,-0.0058429543814401035
2022-01-02,2021-22,NO BET,7,0,0,0,,,,0.2498756479681775,0.0019941504621617907,-0.0058429543814401035
2022-01-03,2021-22,NO BET,10,0,0,0,,,,0.2493692875775003,0.0019941504621617907,-0.0058429543814401035
2022-01-04,2021-22,NO BET,5,0,0,0,,,,0.24913360062525525,0.0019941504621617907,-0.0058429543814401035
2022-01-05,2021-22,NO BET,11,0,0,0,,,,0.25215327436775165,0.0019941504621617907,-0.0058429543814401035
2022-01-06,2021-22,NO BET,4,0,0,0,,,,0.24907977458776484,0.0019941504621617907,-0.0058429543814401035
2022-01-07,2021-22,NO BET,9,0,0,0,,,,0.25180630707961293,0.0019941504621617907,-0.0058429543814401035
2022-01-08,2021-22,NO BET,6,0,0,0,,,,0.2526489287909061,0.0019941504621617907,-0.0058429543814401035
2022-01-09,2021-22,NO BET,10,0,0,0,,,,0.24896483702127153,0.0019941504621617907,-0.0058429543814401035
2022-01-10,2021-22,NO BET,7,0,0,0,,,,0.2490723482863476,0.0019941504621617907,-0.0058429543814401035
2022-01-11,2021-22,NO BET,6,0,0,0,,,,0.24094250158417968,0.0019941504621617907,-0.0058429543814401035
2022-01-12,2021-22,NO BET,9,0,0,0,,,,0.24854721360647852,0.0019941504621617907,-0.0058429543814401035
2022-01-13,2021-22,NO BET,5,0,0,0,,,,0.25137552293159177,0.0019941504621617907,-0.0058429543814401035
2022-01-14,2021-22,NO BET,9,0,0,0,,,,0.248745892260626,0.0019941504621617907,-0.0058429543814401035
2022-01-15,2021-22,NO BET,10,0,0,0,,,,0.25137253688341676,0.0019941504621617907,-0.0058429543814401035
2022-01-16,2021-22,NO BET,4,0,0,0,,,,0.24377523873818135,0.0019941504621617907,-0.0058429543814401035
2022-01-17,2021-22,NO BET,12,0,0,0,,,,0.24898537744187135,0.0019941504621617907,-0.0058429543814401035
2022-01-18,2021-22,NO BET,2,0,0,0,,,,0.2420148390568902,0.0019941504621617907,-0.0058429543814401035
2022-01-19,2021-22,NO BET,13,0,0,0,,,,0.24862699681226064,0.0019941504621617907,-0.0058429543814401035
2022-01-20,2021-22,NO BET,3,0,0,0,,,,0.24694364859523588,0.0019941504621617907,-0.0058429543814401035
2022-01-21,2021-22,NO BET,11,0,0,0,,,,0.24904482252031265,0.0019941504621617907,-0.0058429543814401035
2022-01-22,2021-22,NO BET,3,0,0,0,,,,0.24887369979386065,0.0019941504621617907,-0.0058429543814401035
2022-01-23,2021-22,NO BET,11,0,0,0,,,,0.2483467683205189,0.0019941504621617907,-0.0058429543814401035
2022-01-24,2021-22,NO BET,4,0,0,0,,,,0.24864489834183956,0.0019941504621617907,-0.0058429543814401035
2022-01-25,2021-22,NO BET,9,0,0,0,,,,0.2493138867657938,0.0019941504621617907,-0.0058429543814401035
2022-01-26,2021-22,NO BET,10,0,0,0,,,,0.25087330058324087,0.0019941504621617907,-0.0058429543814401035
2022-01-27,2021-22,NO BET,2,0,0,0,,,,0.23341288175392239,0.0019941504621617907,-0.0058429543814401035
2022-01-28,2021-22,NO BET,11,0,0,0,,,,0.24970921667107446,0.0019941504621617907,-0.0058429543814401035
2022-01-29,2021-22,NO BET,6,0,0,0,,,,0.2514774204557579,0.0019941504621617907,-0.0058429543814401035
2022-01-30,2021-22,NO BET,8,0,0,0,,,,0.2477784404475465,0.0019941504621617907,-0.0058429543814401035
2022-01-31,2021-22,NO BET,8,0,0,0,,,,0.25019247198210137,0.0019941504621617907,-0.0058429543814401035
2022-02-01,2021-22,NO BET,7,0,0,0,,,,0.2482462489027474,0.0019941504621617907,-0.0058429543814401035
2022-02-02,2021-22,NO BET,9,0,0,0,,,,0.24871936689634858,0.0019941504621617907,-0.0058429543814401035
2022-02-03,2021-22,NO BET,6,0,0,0,,,,0.24910309876240777,0.0019941504621617907,-0.0058429543814401035
2022-02-04,2021-22,NO BET,9,0,0,0,,,,0.25108011558126664,0.0019941504621617907,-0.0058429543814401035
2022-02-05,2021-22,NO BET,6,0,0,0,,,,0.2467101011882024,0.0019941504621617907,-0.0058429543814401035
2022-02-06,2021-22,NO BET,8,0,0,0,,,,0.2474809043946054,0.0019941504621617907,-0.0058429543814401035
2022-02-07,2021-22,NO BET,5,0,0,0,,,,0.2451951473272777,0.0019941504621617907,-0.0058429543814401035
2022-02-08,2021-22,NO BET,10,0,0,0,,,,0.24879292578776915,0.0019941504621617907,-0.0058429543814401035
2022-02-09,2021-22,NO BET,6,0,0,0,,,,0.24880530751627528,0.0019941504621617907,-0.0058429543814401035
2022-02-10,2021-22,NO BET,7,0,0,0,,,,0.24861880733944994,0.0019941504621617907,-0.0058429543814401035
2022-02-11,2021-22,NO BET,7,0,0,0,,,,0.2452514199625534,0.0019941504621617907,-0.0058429543814401035
2022-02-12,2021-22,NO BET,11,0,0,0,,,,0.24864617727358473,0.0019941504621617907,-0.0058429543814401035
2022-02-13,2021-22,NO BET,2,0,0,0,,,,0.24180089623036255,0.0019941504621617907,-0.0058429543814401035
2022-02-14,2021-22,NO BET,9,0,0,0,,,,0.2507702968678258,0.0019941504621617907,-0.0058429543814401035
2022-02-15,2021-22,NO BET,7,0,0,0,,,,0.24792407434646307,0.0019941504621617907,-0.0058429543814401035
2022-02-16,2021-22,NO BET,11,0,0,0,,,,0.24763072599854696,0.0019941504621617907,-0.0058429543814401035
2022-02-17,2021-22,NO BET,5,0,0,0,,,,0.24820405390255645,0.0019941504621617907,-0.0058429543814401035
2022-02-24,2021-22,NO BET,7,0,0,0,,,,0.24872489132332323,0.0019941504621617907,-0.0058429543814401035
2022-02-25,2021-22,NO BET,9,0,0,0,,,,0.25026790393362686,0.0019941504621617907,-0.0058429543814401035
2022-02-26,2021-22,NO BET,7,0,0,0,,,,0.2505335626990115,0.0019941504621617907,-0.0058429543814401035
2022-02-27,2021-22,NO BET,8,0,0,0,,,,0.24808395383442072,0.0019941504621617907,-0.0058429543814401035
2022-02-28,2021-22,NO BET,7,0,0,0,,,,0.24611368334543282,0.0019941504621617907,-0.0058429543814401035
2022-03-01,2021-22,NO BET,6,0,0,0,,,,0.24926255166344227,0.0019941504621617907,-0.0058429543814401035
2022-03-02,2021-22,NO BET,8,0,0,0,,,,0.24319517998906565,0.0019941504621617907,-0.0058429543814401035
2022-03-03,2021-22,NO BET,7,0,0,0,,,,0.24720375055598193,0.0019941504621617907,-0.0058429543814401035
2022-03-04,2021-22,NO BET,9,0,0,0,,,,0.2519498967246809,0.0019941504621617907,-0.0058429543814401035
2022-03-05,2021-22,NO BET,6,0,0,0,,,,0.24464070307659025,0.0019941504621617907,-0.0058429543814401035
2022-03-06,2021-22,NO BET,8,0,0,0,,,,0.24535284304863708,0.0019941504621617907,-0.0058429543814401035
2022-03-07,2021-22,NO BET,8,0,0,0,,,,0.2485094034793812,0.0019941504621617907,-0.0058429543814401035
2022-03-08,2021-22,NO BET,6,0,0,0,,,,0.24379414282489525,0.0019941504621617907,-0.0058429543814401035
2022-03-09,2021-22,NO BET,12,0,0,0,,,,0.24930049926974424,0.0019941504621617907,-0.0058429543814401035
2022-03-10,2021-22,NO BET,2,0,0,0,,,,0.24244399153748275,0.0019941504621617907,-0.0058429543814401035
2022-03-11,2021-22,NO BET,10,0,0,0,,,,0.2444620052750312,0.0019941504621617907,-0.0058429543814401035
2022-03-12,2021-22,NO BET,7,0,0,0,,,,0.2471844463477747,0.0019941504621617907,-0.0058429543814401035
2022-03-13,2021-22,NO BET,8,0,0,0,,,,0.24927174590465437,0.0019941504621617907,-0.0058429543814401035
2022-03-14,2021-22,NO BET,9,0,0,0,,,,0.2452773791902123,0.0019941504621617907,-0.0058429543814401035
2022-03-15,2021-22,NO BET,4,0,0,0,,,,0.24647487807903184,0.0019941504621617907,-0.0058429543814401035
2022-03-16,2021-22,NO BET,12,0,0,0,,,,0.24859536204550847,0.0019941504621617907,-0.0058429543814401035
2022-03-17,2021-22,NO BET,1,0,0,0,,,,,0.0019941504621617907,-0.0058429543814401035
2022-03-18,2021-22,NO BET,12,0,0,0,,,,0.248718971415123,0.0019941504621617907,-0.0058429543814401035
2022-03-19,2021-22,NO BET,4,0,0,0,,,,0.24832930501219763,0.0019941504621617907,-0.0058429543814401035
2022-03-20,2021-22,NO BET,9,0,0,0,,,,0.24865115662568246,0.0019941504621617907,-0.0058429543814401035
2022-03-21,2021-22,NO BET,9,0,0,0,,,,0.24293876328307118,0.0019941504621617907,-0.0058429543814401035
2022-03-22,2021-22,NO BET,4,0,0,0,,,,0.24843846470831643,0.0019941504621617907,-0.0058429543814401035
2022-03-23,2021-22,NO BET,11,0,0,0,,,,0.2458429226607446,0.0019941504621617907,-0.0058429543814401035
2022-03-24,2021-22,NO BET,5,0,0,0,,,,0.2406598187480265,0.0019941504621617907,-0.0058429543814401035
2022-03-25,2021-22,NO BET,7,0,0,0,,,,0.24765322811249812,0.0019941504621617907,-0.0058429543814401035
2022-03-26,2021-22,NO BET,8,0,0,0,,,,0.2494781265186639,0.0019941504621617907,-0.0058429543814401035
2022-03-27,2021-22,NO BET,7,0,0,0,,,,0.24408546787567803,0.0019941504621617907,-0.0058429543814401035
2022-03-28,2021-22,NO BET,9,0,0,0,,,,0.24068409717204614,0.0019941504621617907,-0.0058429543814401035
2022-03-29,2021-22,NO BET,5,0,0,0,,,,0.24630827352032186,0.0019941504621617907,-0.0058429543814401035
2022-03-30,2021-22,NO BET,10,0,0,0,,,,0.24336843547495757,0.0019941504621617907,-0.0058429543814401035
2022-03-31,2021-22,NO BET,5,0,0,0,,,,0.24804667477768644,0.0019941504621617907,-0.0058429543814401035
2022-04-01,2021-22,NO BET,9,0,0,0,,,,0.24918668036111813,0.0019941504621617907,-0.0058429543814401035
2022-04-02,2021-22,NO BET,5,0,0,0,,,,0.2457632278005814,0.0019941504621617907,-0.0058429543814401035
2022-04-03,2021-22,NO BET,12,0,0,0,,,,0.24738774988927065,0.0019941504621617907,-0.0058429543814401035
2022-04-05,2021-22,NO BET,12,0,0,0,,,,0.24836116874723566,0.0019941504621617907,-0.0058429543814401035
2022-04-06,2021-22,NO BET,6,0,0,0,,,,0.2435178066559252,0.0019941504621617907,-0.0058429543814401035
2022-04-07,2021-22,NO BET,7,0,0,0,,,,0.2486434576555919,0.0019941504621617907,-0.0058429543814401035
2022-04-08,2021-22,NO BET,9,0,0,0,,,,0.24770492269782723,0.0019941504621617907,-0.0058429543814401035
2022-04-09,2021-22,NO BET,4,0,0,0,,,,0.24793338949632904,0.0019941504621617907,-0.0058429543814401035
2022-04-10,2021-22,NO BET,15,0,0,0,,,,0.24947429286880785,0.0019941504621617907,-0.0058429543814401035
2022-04-12,2021-22,NO BET,2,0,0,0,,,,0.20269868056033474,0.0019941504621617907,-0.0058429543814401035
2022-04-13,2021-22,NO BET,2,0,0,0,,,,0.1999425723244999,0.0019941504621617907,-0.0058429543814401035
2022-04-15,2021-22,NO BET,2,0,0,0,,,,0.21843077840697145,0.0019941504621617907,-0.0058429543814401035
2022-04-16,2021-22,NO BET,4,0,0,0,,,,0.24650033556083983,0.0019941504621617907,-0.0058429543814401035
2022-04-17,2021-22,NO BET,4,0,0,0,,,,0.24937002552269505,0.0019941504621617907,-0.0058429543814401035
2022-04-18,2021-22,NO BET,3,0,0,0,,,,0.22946716443897508,0.0019941504621617907,-0.0058429543814401035
2022-04-19,2021-22,NO BET,3,0,0,0,,,,0.20792797462323376,0.0019941504621617907,-0.0058429543814401035
2022-04-20,2021-22,NO BET,3,0,0,0,,,,0.22686156491825993,0.0019941504621617907,-0.0058429543814401035
2022-04-21,2021-22,NO BET,3,0,0,0,,,,0.22708598508484157,0.0019941504621617907,-0.0058429543814401035
2022-04-22,2021-22,NO BET,3,0,0,0,,,,0.2234851200782662,0.0019941504621617907,-0.0058429543814401035
2022-04-23,2021-22,NO BET,4,0,0,0,,,,0.23651521030486478,0.0019941504621617907,-0.0058429543814401035
2022-04-24,2021-22,NO BET,4,0,0,0,,,,0.22567736505153702,0.0019941504621617907,-0.0058429543814401035
2022-04-25,2021-22,NO BET,3,0,0,0,,,,0.23394585568863607,0.0019941504621617907,-0.0058429543814401035
2022-04-26,2021-22,NO BET,3,0,0,0,,,,0.21551389911282837,0.0019941504621617907,-0.0058429543814401035
2022-04-27,2021-22,NO BET,2,0,0,0,,,,0.2167021856969284,0.0019941504621617907,-0.0058429543814401035
2022-04-28,2021-22,NO BET,3,0,0,0,,,,0.23514319918841708,0.0019941504621617907,-0.0058429543814401035
2022-04-29,2021-22,NO BET,1,0,0,0,,,,,0.0019941504621617907,-0.0058429543814401035
2022-05-01,2021-22,NO BET,2,0,0,0,,,,0.20960283254487533,0.0019941504621617907,-0.0058429543814401035
2022-05-02,2021-22,NO BET,2,0,0,0,,,,0.2439472585624411,0.0019941504621617907,-0.0058429543814401035
2022-05-03,2021-22,NO BET,2,0,0,0,,,,0.12629300310717662,0.0019941504621617907,-0.0058429543814401035
2022-05-04,2021-22,NO BET,2,0,0,0,,,,0.2271052629908062,0.0019941504621617907,-0.0058429543814401035
2022-05-06,2021-22,NO BET,2,0,0,0,,,,0.219276774015488,0.0019941504621617907,-0.0058429543814401035
2022-05-07,2021-22,NO BET,2,0,0,0,,,,0.17302051483842507,0.0019941504621617907,-0.0058429543814401035
2022-05-08,2021-22,NO BET,2,0,0,0,,,,0.22592325007609376,0.0019941504621617907,-0.0058429543814401035
2022-05-09,2021-22,NO BET,2,0,0,0,,,,0.1713104489839521,0.0019941504621617907,-0.0058429543814401035
2022-05-10,2021-22,NO BET,2,0,0,0,,,,0.22996707407741618,0.0019941504621617907,-0.0058429543814401035
2022-05-11,2021-22,NO BET,2,0,0,0,,,,0.20283963724076137,0.0019941504621617907,-0.0058429543814401035
2022-05-12,2021-22,NO BET,2,0,0,0,,,,0.2221678145116036,0.0019941504621617907,-0.0058429543814401035
2022-05-13,2021-22,NO BET,2,0,0,0,,,,0.21276057244110874,0.0019941504621617907,-0.0058429543814401035
2022-05-15,2021-22,NO BET,2,0,0,0,,,,0.23500726493746038,0.0019941504621617907,-0.0058429543814401035
2022-05-17,2021-22,NO BET,1,0,0,0,,,,,0.0019941504621617907,-0.0058429543814401035
2022-05-18,2021-22,NO BET,1,0,0,0,,,,,0.0019941504621617907,-0.0058429543814401035
2022-05-19,2021-22,NO BET,1,0,0,0,,,,,0.0019941504621617907,-0.0058429543814401035
2022-05-20,2021-22,NO BET,1,0,0,0,,,,,0.0019941504621617907,-0.0058429543814401035
2022-05-21,2021-22,NO BET,1,0,0,0,,,,,0.0019941504621617907,-0.0058429543814401035
2022-05-22,2021-22,NO BET,1,0,0,0,,,,,0.0019941504621617907,-0.0058429543814401035
2022-05-23,2021-22,NO BET,1,0,0,0,,,,,0.0019941504621617907,-0.0058429543814401035
2022-05-24,2021-22,NO BET,1,0,0,0,,,,,0.0019941504621617907,-0.0058429543814401035
2022-05-25,2021-22,NO BET,1,0,0,0,,,,,0.0019941504621617907,-0.0058429543814401035
2022-05-26,2021-22,NO BET,1,0,0,0,,,,,0.0019941504621617907,-0.0058429543814401035
2022-05-27,2021-22,NO BET,1,0,0,0,,,,,0.0019941504621617907,-0.0058429543814401035
2022-05-29,2021-22,NO BET,1,0,0,0,,,,,0.0019941504621617907,-0.0058429543814401035
2022-06-02,2021-22,NO BET,1,0,0,0,,,,,0.0019941504621617907,-0.0058429543814401035
2022-06-06,2021-22,NO BET,1,0,0,0,,,,,0.0019941504621617907,-0.0058429543814401035
2022-06-08,2021-22,NO BET,1,0,0,0,,,,,0.0019941504621617907,-0.0058429543814401035
2022-06-10,2021-22,NO BET,1,0,0,0,,,,,0.0019941504621617907,-0.0058429543814401035
2022-06-13,2021-22,NO BET,1,0,0,0,,,,,0.0019941504621617907,-0.0058429543814401035
2022-06-16,2021-22,NO BET,1,0,0,0,,,,,0.0019941504621617907,-0.0058429543814401035
2022-10-19,2022-23,NO BET,0,0,0,0,,,,,0.00214681152116874,-0.00832914343271437
2022-10-20,2022-23,NO BET,0,0,0,0,,,,,0.00214681152116874,-0.00832914343271437
2022-10-21,2022-23,NO BET,0,0,0,0,,,,,0.00214681152116874,-0.00832914343271437
2022-10-22,2022-23,NO BET,0,0,0,0,,,,,0.00214681152116874,-0.00832914343271437
2022-10-23,2022-23,NO BET,0,0,0,0,,,,,0.00214681152116874,-0.00832914343271437
2022-10-24,2022-23,NO BET,0,0,0,0,,,,,0.00214681152116874,-0.00832914343271437
2022-10-25,2022-23,NO BET,0,0,0,0,,,,,0.00214681152116874,-0.00832914343271437
2022-10-26,2022-23,NO BET,0,0,0,0,,,,,0.00214681152116874,-0.00832914343271437
2022-10-27,2022-23,NO BET,0,0,0,0,,,,,0.00214681152116874,-0.00832914343271437
2022-10-28,2022-23,NO BET,3,0,0,0,,,,0.20276436261559505,0.00214681152116874,-0.00832914343271437
2022-10-29,2022-23,NO BET,3,0,0,0,,,,0.21882079879891236,0.00214681152116874,-0.00832914343271437
2022-10-30,2022-23,NO BET,6,0,0,0,,,,0.2426921693059798,0.00214681152116874,-0.00832914343271437
2022-10-31,2022-23,NO BET,7,0,0,0,,,,0.2365795844107892,0.00214681152116874,-0.00832914343271437
2022-11-01,2022-23,NO BET,4,0,0,0,,,,0.23078324819847157,0.00214681152116874,-0.00832914343271437
2022-11-02,2022-23,NO BET,11,0,0,0,,,,0.23686500727711407,0.00214681152116874,-0.00832914343271437
2022-11-03,2022-23,NO BET,2,0,0,0,,,,0.21219120636546313,0.00214681152116874,-0.00832914343271437
2022-11-04,2022-23,NO BET,12,0,0,0,,,,0.24757247115282535,0.00214681152116874,-0.00832914343271437
2022-11-05,2022-23,NO BET,8,0,0,0,,,,0.2469314866967549,0.00214681152116874,-0.00832914343271437
2022-11-06,2022-23,NO BET,4,0,0,0,,,,0.2352659708183681,0.00214681152116874,-0.00832914343271437
2022-11-07,2022-23,NO BET,15,0,0,0,,,,0.25621111939739555,0.00214681152116874,-0.00832914343271437
2022-11-09,2022-23,NO BET,13,0,0,0,,,,0.24396026367641988,0.00214681152116874,-0.00832914343271437
2022-11-10,2022-23,NO BET,4,0,0,0,,,,0.2502810587487051,0.00214681152116874,-0.00832914343271437
2022-11-11,2022-23,NO BET,8,0,0,0,,,,0.24556021730281724,0.00214681152116874,-0.00832914343271437
2022-11-12,2022-23,NO BET,8,0,0,0,,,,0.24724830539025194,0.00214681152116874,-0.00832914343271437
2022-11-13,2022-23,NO BET,7,0,0,0,,,,0.2498903259681531,0.00214681152116874,-0.00832914343271437
2022-11-14,2022-23,NO BET,7,0,0,0,,,,0.24530773850662702,0.00214681152116874,-0.00832914343271437
2022-11-15,2022-23,NO BET,5,0,0,0,,,,0.2456819434259121,0.00214681152116874,-0.00832914343271437
2022-11-16,2022-23,NO BET,10,0,0,0,,,,0.2491186513397587,0.00214681152116874,-0.00832914343271437
2022-11-17,2022-23,NO BET,3,0,0,0,,,,0.23527515310404556,0.00214681152116874,-0.00832914343271437
2022-11-18,2022-23,NO BET,11,0,0,0,,,,0.2558073114322258,0.00214681152116874,-0.00832914343271437
2022-11-19,2022-23,NO BET,5,0,0,0,,,,0.2431641960042104,0.00214681152116874,-0.00832914343271437
2022-11-20,2022-23,NO BET,8,0,0,0,,,,0.25026817313150707,0.00214681152116874,-0.00832914343271437
2022-11-21,2022-23,NO BET,8,0,0,0,,,,0.24824636901397465,0.00214681152116874,-0.00832914343271437
2022-11-22,2022-23,NO BET,4,0,0,0,,,,0.24264169364818844,0.00214681152116874,-0.00832914343271437
2022-11-23,2022-23,NO BET,12,0,0,0,,,,0.2502153235779194,0.00214681152116874,-0.00832914343271437
2022-11-25,2022-23,NO BET,14,0,0,0,,,,0.24737094385847325,0.00214681152116874,-0.00832914343271437
2022-11-26,2022-23,NO BET,4,0,0,0,,,,0.24571376030668207,0.00214681152116874,-0.00832914343271437
2022-11-27,2022-23,NO BET,9,0,0,0,,,,0.24792221069084389,0.00214681152116874,-0.00832914343271437
2022-11-28,2022-23,NO BET,10,0,0,0,,,,0.24757581647031043,0.00214681152116874,-0.00832914343271437
2022-11-29,2022-23,NO BET,3,0,0,0,,,,0.23781666208113195,0.00214681152116874,-0.00832914343271437
2022-11-30,2022-23,NO BET,13,1,0,0,,,,0.25056188355826015,0.00214681152116874,-0.00832914343271437
2022-12-01,2022-23,NO BET,1,0,0,0,,,,,0.00214681152116874,-0.00832914343271437
2022-12-02,2022-23,NO BET,11,0,0,0,,,,0.2514017964622205,0.00214681152116874,-0.00832914343271437
2022-12-03,2022-23,NO BET,7,0,0,0,,,,0.2509485593258586,0.00214681152116874,-0.00832914343271437
2022-12-04,2022-23,NO BET,8,0,0,0,,,,0.2406127496493755,0.00214681152116874,-0.00832914343271437
2022-12-05,2022-23,NO BET,8,0,0,0,,,,0.24138288982932687,0.00214681152116874,-0.00832914343271437
2022-12-06,2022-23,NO BET,3,0,0,0,,,,0.2410693143690572,0.00214681152116874,-0.00832914343271437
2022-12-07,2022-23,NO BET,11,0,0,0,,,,0.24896468210764175,0.00214681152116874,-0.00832914343271437
2022-12-08,2022-23,NO BET,3,0,0,0,,,,0.2463782643462868,0.00214681152116874,-0.00832914343271437
2022-12-09,2022-23,NO BET,10,0,0,0,,,,0.2492819538611236,0.00214681152116874,-0.00832914343271437
2022-12-10,2022-23,NO BET,8,0,0,0,,,,0.24929907440682472,0.00214681152116874,-0.00832914343271437
2022-12-11,2022-23,NO BET,7,0,0,0,,,,0.24844905651388005,0.00214681152116874,-0.00832914343271437
2022-12-12,2022-23,NO BET,7,0,0,0,,,,0.24836650843948868,0.00214681152116874,-0.00832914343271437
2022-12-13,2022-23,NO BET,5,0,0,0,,,,0.24462207104633954,0.00214681152116874,-0.00832914343271437
2022-12-14,2022-23,NO BET,10,0,0,0,,,,0.24959320942545446,0.00214681152116874,-0.00832914343271437
2022-12-15,2022-23,NO BET,4,0,0,0,,,,0.2440205011806575,0.00214681152116874,-0.00832914343271437
2022-12-16,2022-23,NO BET,10,0,0,0,,,,0.25054702175822446,0.00214681152116874,-0.00832914343271437
2022-12-17,2022-23,NO BET,7,0,0,0,,,,0.24645278427018286,0.00214681152116874,-0.00832914343271437
2022-12-18,2022-23,NO BET,7,0,0,0,,,,0.24964092989342887,0.00214681152116874,-0.00832914343271437
2022-12-19,2022-23,NO BET,9,0,0,0,,,,0.2532307995136749,0.00214681152116874,-0.00832914343271437
2022-12-20,2022-23,NO BET,5,0,0,0,,,,0.24928286446933764,0.00214681152116874,-0.00832914343271437
2022-12-21,2022-23,NO BET,11,0,0,0,,,,0.2483109315773583,0.00214681152116874,-0.00832914343271437
2022-12-22,2022-23,NO BET,2,0,0,0,,,,0.24200339084953465,0.00214681152116874,-0.00832914343271437
2022-12-23,2022-23,NO BET,14,0,0,0,,,,0.2447466068582298,0.00214681152116874,-0.00832914343271437
2022-12-25,2022-23,NO BET,5,0,0,0,,,,0.2407236469393238,0.00214681152116874,-0.00832914343271437
2022-12-26,2022-23,NO BET,7,0,0,0,,,,0.2498580340656205,0.00214681152116874,-0.00832914343271437
2022-12-27,2022-23,NO BET,10,0,0,0,,,,0.24961612052255958,0.00214681152116874,-0.00832914343271437
2022-12-28,2022-23,NO BET,8,0,0,0,,,,0.2549716658230971,0.00214681152116874,-0.00832914343271437
2022-12-29,2022-23,NO BET,6,0,0,0,,,,0.2538465574207146,0.00214681152116874,-0.00832914343271437
2022-12-30,2022-23,NO BET,9,0,0,0,,,,0.2510717518996485,0.00214681152116874,-0.00832914343271437
2022-12-31,2022-23,NO BET,9,0,0,0,,,,0.2502766452498762,0.00214681152116874,-0.00832914343271437
2023-01-01,2022-23,NO BET,3,0,0,0,,,,0.2466235045163569,0.00214681152116874,-0.00832914343271437
2023-01-02,2022-23,NO BET,11,0,0,0,,,,0.2508621231021426,0.00214681152116874,-0.00832914343271437
2023-01-03,2022-23,NO BET,3,0,0,0,,,,0.24277252684629708,0.00214681152116874,-0.00832914343271437
2023-01-04,2022-23,NO BET,12,0,0,0,,,,0.2505248790493549,0.00214681152116874,-0.00832914343271437
2023-01-05,2022-23,NO BET,4,0,0,0,,,,0.24456498284406808,0.00214681152116874,-0.00832914343271437
2023-01-06,2022-23,NO BET,11,0,0,0,,,,0.24960013860531893,0.00214681152116874,-0.00832914343271437
2023-01-07,2022-23,NO BET,5,0,0,0,,,,0.24699035784373752,0.00214681152116874,-0.00832914343271437
2023-01-08,2022-23,NO BET,9,0,0,0,,,,0.24799042608768576,0.00214681152116874,-0.00832914343271437
2023-01-09,2022-23,NO BET,6,0,0,0,,,,0.24994072093157452,0.00214681152116874,-0.00832914343271437
2023-01-10,2022-23,NO BET,7,0,0,0,,,,0.24116244000911663,0.00214681152116874,-0.00832914343271437
2023-01-11,2022-23,NO BET,8,0,0,0,,,,0.2493207674504392,0.00214681152116874,-0.00832914343271437
2023-01-12,2022-23,NO BET,6,0,0,0,,,,0.24952075059410336,0.00214681152116874,-0.00832914343271437
2023-01-13,2022-23,NO BET,9,0,0,0,,,,0.24942301462169567,0.00214681152116874,-0.00832914343271437
2023-01-14,2022-23,NO BET,7,0,0,0,,,,0.2452845558818577,0.00214681152116874,-0.00832914343271437
2023-01-15,2022-23,NO BET,8,0,0,0,,,,0.24711976924266765,0.00214681152116874,-0.00832914343271437
2023-01-16,2022-23,NO BET,9,0,0,0,,,,0.2460962790040392,0.00214681152116874,-0.00832914343271437
2023-01-17,2022-23,NO BET,4,0,0,0,,,,0.2499892573938251,0.00214681152116874,-0.00832914343271437
2023-01-18,2022-23,NO BET,9,0,0,0,,,,0.24951618957607855,0.00214681152116874,-0.00832914343271437
2023-01-19,2022-23,NO BET,5,0,0,0,,,,0.24736784615549062,0.00214681152116874,-0.00832914343271437
2023-01-20,2022-23,NO BET,9,0,0,0,,,,0.2506047309654744,0.00214681152116874,-0.00832914343271437
2023-01-21,2022-23,NO BET,7,0,0,0,,,,0.2536981469693958,0.00214681152116874,-0.00832914343271437
2023-01-22,2022-23,NO BET,7,0,0,0,,,,0.2488848918282145,0.00214681152116874,-0.00832914343271437
2023-01-23,2022-23,NO BET,7,0,0,0,,,,0.2432904039913552,0.00214681152116874,-0.00832914343271437
2023-01-24,2022-23,NO BET,7,0,0,0,,,,0.251596560100578,0.00214681152116874,-0.00832914343271437
2023-01-25,2022-23,NO BET,10,0,0,0,,,,0.24878397699283342,0.00214681152116874,-0.00832914343271437
2023-01-26,2022-23,NO BET,6,0,0,0,,,,0.24804460312215823,0.00214681152116874,-0.00832914343271437
2023-01-27,2022-23,NO BET,5,0,0,0,,,,0.2407452432631063,0.00214681152116874,-0.00832914343271437
2023-01-28,2022-23,NO BET,11,0,0,0,,,,0.24863778833499747,0.00214681152116874,-0.00832914343271437
2023-01-29,2022-23,NO BET,4,0,0,0,,,,0.24223317844612108,0.00214681152116874,-0.00832914343271437
2023-01-30,2022-23,NO BET,8,0,0,0,,,,0.2459356425433683,0.00214681152116874,-0.00832914343271437
2023-01-31,2022-23,NO BET,5,0,0,0,,,,0.23963936856301205,0.00214681152116874,-0.00832914343271437
2023-02-01,2022-23,NO BET,8,0,0,0,,,,0.24520036873672474,0.00214681152116874,-0.00832914343271437
2023-02-02,2022-23,NO BET,7,0,0,0,,,,0.246237745661176,0.00214681152116874,-0.00832914343271437
2023-02-03,2022-23,NO BET,8,0,0,0,,,,0.24275127726085916,0.00214681152116874,-0.00832914343271437
2023-02-04,2022-23,NO BET,9,0,0,0,,,,0.24979100550851283,0.00214681152116874,-0.00832914343271437
2023-02-05,2022-23,NO BET,6,0,0,0,,,,0.2508395862832472,0.00214681152116874,-0.00832914343271437
2023-02-06,2022-23,NO BET,8,0,0,0,,,,0.2539139228074923,0.00214681152116874,-0.00832914343271437
2023-02-07,2022-23,NO BET,6,0,0,0,,,,0.2448936897928219,0.00214681152116874,-0.00832914343271437
2023-02-08,2022-23,NO BET,9,0,0,0,,,,0.25271718203461574,0.00214681152116874,-0.00832914343271437
2023-02-09,2022-23,NO BET,4,0,0,0,,,,0.24519919224226933,0.00214681152116874,-0.00832914343271437
2023-02-10,2022-23,NO BET,11,0,0,0,,,,0.2470456570539752,0.00214681152116874,-0.00832914343271437
2023-02-11,2022-23,NO BET,9,0,0,0,,,,0.25205953124479175,0.00214681152116874,-0.00832914343271437
2023-02-12,2022-23,NO BET,2,0,0,0,,,,0.24033343258912915,0.00214681152116874,-0.00832914343271437
2023-02-13,2022-23,NO BET,11,0,0,0,,,,0.2483233163016472,0.00214681152116874,-0.00832914343271437
2023-02-14,2022-23,NO BET,5,0,0,0,,,,0.24824390412924952,0.00214681152116874,-0.00832914343271437
2023-02-15,2022-23,NO BET,10,0,0,0,,,,0.24980092518151037,0.00214681152116874,-0.00832914343271437
2023-02-16,2022-23,NO BET,3,0,0,0,,,,0.2386882770962503,0.00214681152116874,-0.00832914343271437
2023-02-23,2022-23,NO BET,9,0,0,0,,,,0.265977812018395,0.00214681152116874,-0.00832914343271437
2023-02-24,2022-23,NO BET,8,0,0,0,,,,0.2553361434628578,0.00214681152116874,-0.00832914343271437
2023-02-25,2022-23,NO BET,7,0,0,0,,,,0.25004864708483276,0.00214681152116874,-0.00832914343271437
2023-02-26,2022-23,NO BET,9,0,0,0,,,,0.24971949004299057,0.00214681152116874,-0.00832914343271437
2023-02-27,2022-23,NO BET,4,0,0,0,,,,0.24237437123315497,0.00214681152116874,-0.00832914343271437
2023-02-28,2022-23,NO BET,10,0,0,0,,,,0.2498469108502667,0.00214681152116874,-0.00832914343271437
2023-03-01,2022-23,NO BET,9,0,0,0,,,,0.24456765047290546,0.00214681152116874,-0.00832914343271437
2023-03-02,2022-23,NO BET,4,0,0,0,,,,0.24601601935708156,0.00214681152116874,-0.00832914343271437
2023-03-03,2022-23,NO BET,10,0,0,0,,,,0.24798213080287468,0.00214681152116874,-0.00832914343271437
2023-03-04,2022-23,NO BET,6,0,0,0,,,,0.2468528832036409,0.00214681152116874,-0.00832914343271437
2023-03-05,2022-23,NO BET,10,0,0,0,,,,0.24751737922080222,0.00214681152116874,-0.00832914343271437
2023-03-06,2022-23,NO BET,6,0,0,0,,,,0.2499657325314493,0.00214681152116874,-0.00832914343271437
2023-03-07,2022-23,NO BET,8,0,0,0,,,,0.25243144608517154,0.00214681152116874,-0.00832914343271437
2023-03-08,2022-23,NO BET,7,0,0,0,,,,0.24878804530521043,0.00214681152116874,-0.00832914343271437
2023-03-09,2022-23,NO BET,6,0,0,0,,,,0.24959035002454366,0.00214681152116874,-0.00832914343271437
2023-03-10,2022-23,NO BET,6,0,0,0,,,,0.24611795298014538,0.00214681152116874,-0.00832914343271437
2023-03-11,2022-23,NO BET,10,0,0,0,,,,0.25187329700925043,0.00214681152116874,-0.00832914343271437
2023-03-12,2022-23,NO BET,6,0,0,0,,,,0.25008411562145505,0.00214681152116874,-0.00832914343271437
2023-03-13,2022-23,NO BET,7,0,0,0,,,,0.251060516277854,0.00214681152116874,-0.00832914343271437
2023-03-14,2022-23,NO BET,8,0,0,0,,,,0.2509399426719,0.00214681152116874,-0.00832914343271437
2023-03-15,2022-23,NO BET,7,0,0,0,,,,0.24992943460651884,0.00214681152116874,-0.00832914343271437
2023-03-16,2022-23,NO BET,5,0,0,0,,,,0.24908726462281872,0.00214681152116874,-0.00832914343271437
2023-03-17,2022-23,NO BET,8,0,0,0,,,,0.24582110888384473,0.00214681152116874,-0.00832914343271437
2023-03-18,2022-23,NO BET,8,0,0,0,,,,0.2551737917189094,0.00214681152116874,-0.00832914343271437
2023-03-19,2022-23,NO BET,8,0,0,0,,,,0.2503403033013568,0.00214681152116874,-0.00832914343271437
2023-03-20,2022-23,NO BET,6,0,0,0,,,,0.24958453937705063,0.00214681152116874,-0.00832914343271437
2023-03-21,2022-23,NO BET,6,0,0,0,,,,0.24877890967208904,0.00214681152116874,-0.00832914343271437
2023-03-22,2022-23,NO BET,10,0,0,0,,,,0.2500319071362003,0.00214681152116874,-0.00832914343271437
2023-03-23,2022-23,NO BET,4,0,0,0,,,,0.24714682014557765,0.00214681152116874,-0.00832914343271437
2023-03-24,2022-23,NO BET,10,0,0,0,,,,0.25199390288014245,0.00214681152116874,-0.00832914343271437
2023-03-25,2022-23,NO BET,6,0,0,0,,,,0.251265403407808,0.00214681152116874,-0.00832914343271437
2023-03-26,2022-23,NO BET,9,0,0,0,,,,0.2508165793723589,0.00214681152116874,-0.00832914343271437
2023-03-27,2022-23,NO BET,8,0,0,0,,,,0.2520276049999526,0.00214681152116874,-0.00832914343271437
2023-03-28,2022-23,NO BET,6,0,0,0,,,,0.24683379724138294,0.00214681152116874,-0.00832914343271437
2023-03-29,2022-23,NO BET,10,0,0,0,,,,0.2560932620375112,0.00214681152116874,-0.00832914343271437
2023-03-30,2022-23,NO BET,2,0,0,0,,,,0.23936244344793556,0.00214681152116874,-0.00832914343271437
2023-03-31,2022-23,NO BET,13,0,0,0,,,,0.2523228800820686,0.00214681152116874,-0.00832914343271437
2023-04-01,2022-23,NO BET,2,0,0,0,,,,0.23811665570324386,0.00214681152116874,-0.00832914343271437
2023-04-02,2022-23,NO BET,13,0,0,0,,,,0.25213450985416586,0.00214681152116874,-0.00832914343271437
2023-04-04,2022-23,NO BET,13,0,0,0,,,,0.2567645432121054,0.00214681152116874,-0.00832914343271437
2023-04-05,2022-23,NO BET,8,0,0,0,,,,0.2544934861800884,0.00214681152116874,-0.00832914343271437
2023-04-06,2022-23,NO BET,5,0,0,0,,,,0.251647618588071,0.00214681152116874,-0.00832914343271437
2023-04-07,2022-23,NO BET,11,0,0,0,,,,0.2597501721591496,0.00214681152116874,-0.00832914343271437
2023-04-08,2022-23,NO BET,3,0,0,0,,,,0.25052380288144416,0.00214681152116874,-0.00832914343271437
2023-04-09,2022-23,NO BET,15,0,0,0,,,,0.25900034232078906,0.00214681152116874,-0.00832914343271437
2023-04-11,2022-23,NO BET,2,0,0,0,,,,0.22792337372096289,0.00214681152116874,-0.00832914343271437
2023-04-12,2022-23,NO BET,2,0,0,0,,,,0.22426386530163372,0.00214681152116874,-0.00832914343271437
2023-04-14,2022-23,NO BET,2,0,0,0,,,,0.23553728364618126,0.00214681152116874,-0.00832914343271437
2023-04-15,2022-23,NO BET,4,0,0,0,,,,0.25348044437561823,0.00214681152116874,-0.00832914343271437
2023-04-16,2022-23,NO BET,4,0,0,0,,,,0.25427034248166025,0.00214681152116874,-0.00832914343271437
2023-04-17,2022-23,NO BET,2,0,0,0,,,,0.22842345032794048,0.00214681152116874,-0.00832914343271437
2023-04-18,2022-23,NO BET,3,0,0,0,,,,0.2340272088988526,0.00214681152116874,-0.00832914343271437
2023-04-19,2022-23,NO BET,3,0,0,0,,,,0.2527065521472367,0.00214681152116874,-0.00832914343271437
2023-04-20,2022-23,NO BET,3,0,0,0,,,,0.2323847690708455,0.00214681152116874,-0.00832914343271437
2023-04-21,2022-23,NO BET,3,0,0,0,,,,0.23391499746820404,0.00214681152116874,-0.00832914343271437
2023-04-22,2022-23,NO BET,4,0,0,0,,,,0.2501985070162898,0.00214681152116874,-0.00832914343271437
2023-04-23,2022-23,NO BET,4,0,0,0,,,,0.23045598883000135,0.00214681152116874,-0.00832914343271437
2023-04-24,2022-23,NO BET,2,0,0,0,,,,0.23121266500199428,0.00214681152116874,-0.00832914343271437
2023-04-25,2022-23,NO BET,3,0,0,0,,,,0.23142612750055253,0.00214681152116874,-0.00832914343271437
2023-04-26,2022-23,NO BET,4,0,0,0,,,,0.2485598426950478,0.00214681152116874,-0.00832914343271437
2023-04-27,2022-23,NO BET,1,0,0,0,,,,,0.00214681152116874,-0.00832914343271437
2023-04-28,2022-23,NO BET,2,0,0,0,,,,0.21339021575262723,0.00214681152116874,-0.00832914343271437
2023-04-29,2022-23,NO BET,1,0,0,0,,,,,0.00214681152116874,-0.00832914343271437
2023-04-30,2022-23,NO BET,2,0,0,0,,,,0.23771549523585978,0.00214681152116874,-0.00832914343271437
2023-05-01,2022-23,NO BET,2,0,0,0,,,,0.1990440682470177,0.00214681152116874,-0.00832914343271437
2023-05-02,2022-23,NO BET,2,0,0,0,,,,0.22657480794389195,0.00214681152116874,-0.00832914343271437
2023-05-03,2022-23,NO BET,1,0,0,0,,,,,0.00214681152116874,-0.00832914343271437
2023-05-04,2022-23,NO BET,1,0,0,0,,,,,0.00214681152116874,-0.00832914343271437
2023-05-05,2022-23,NO BET,2,0,0,0,,,,0.2199805127754152,0.00214681152116874,-0.00832914343271437
2023-05-06,2022-23,NO BET,2,0,0,0,,,,0.21033722464572485,0.00214681152116874,-0.00832914343271437
2023-05-07,2022-23,NO BET,2,0,0,0,,,,0.20286047082500142,0.00214681152116874,-0.00832914343271437
2023-05-08,2022-23,NO BET,2,0,0,0,,,,0.21166877396601297,0.00214681152116874,-0.00832914343271437
2023-05-09,2022-23,NO BET,2,0,0,0,,,,0.21823758747176109,0.00214681152116874,-0.00832914343271437
2023-05-10,2022-23,NO BET,2,0,0,0,,,,0.22456722464496742,0.00214681152116874,-0.00832914343271437
2023-05-11,2022-23,NO BET,2,0,0,0,,,,0.22522176620734502,0.00214681152116874,-0.00832914343271437
2023-05-12,2022-23,NO BET,2,0,0,0,,,,0.23929015496975903,0.00214681152116874,-0.00832914343271437
2023-05-14,2022-23,NO BET,1,0,0,0,,,,,0.00214681152116874,-0.00832914343271437
2023-05-16,2022-23,NO BET,1,0,0,0,,,,,0.00214681152116874,-0.00832914343271437
2023-05-17,2022-23,NO BET,1,0,0,0,,,,,0.00214681152116874,-0.00832914343271437
2023-05-18,2022-23,NO BET,1,0,0,0,,,,,0.00214681152116874,-0.00832914343271437
2023-05-19,2022-23,NO BET,1,0,0,0,,,,,0.00214681152116874,-0.00832914343271437
2023-05-20,2022-23,NO BET,1,0,0,0,,,,,0.00214681152116874,-0.00832914343271437
2023-05-21,2022-23,NO BET,1,0,0,0,,,,,0.00214681152116874,-0.00832914343271437
2023-05-22,2022-23,NO BET,1,0,0,0,,,,,0.00214681152116874,-0.00832914343271437
2023-05-23,2022-23,NO BET,1,0,0,0,,,,,0.00214681152116874,-0.00832914343271437
2023-05-25,2022-23,NO BET,1,0,0,0,,,,,0.00214681152116874,-0.00832914343271437
2023-05-27,2022-23,NO BET,1,0,0,0,,,,,0.00214681152116874,-0.00832914343271437
2023-05-29,2022-23,NO BET,1,0,0,0,,,,,0.00214681152116874,-0.00832914343271437
2023-06-01,2022-23,NO BET,1,0,0,0,,,,,0.00214681152116874,-0.00832914343271437
2023-06-04,2022-23,NO BET,1,0,0,0,,,,,0.00214681152116874,-0.00832914343271437
2023-06-07,2022-23,NO BET,1,0,0,0,,,,,0.00214681152116874,-0.00832914343271437
2023-06-09,2022-23,NO BET,1,0,0,0,,,,,0.00214681152116874,-0.00832914343271437
2023-06-12,2022-23,NO BET,1,0,0,0,,,,,0.00214681152116874,-0.00832914343271437
2023-10-24,2023-24,NO BET,0,0,0,0,,,,,0.0005246858187485397,-0.007320911112687649
2023-10-25,2023-24,NO BET,0,0,0,0,,,,,0.0005246858187485397,-0.007320911112687649
2023-10-26,2023-24,NO BET,0,0,0,0,,,,,0.0005246858187485397,-0.007320911112687649
2023-10-27,2023-24,NO BET,0,0,0,0,,,,,0.0005246858187485397,-0.007320911112687649
2023-10-28,2023-24,NO BET,0,0,0,0,,,,,0.0005246858187485397,-0.007320911112687649
2023-10-29,2023-24,NO BET,0,0,0,0,,,,,0.0005246858187485397,-0.007320911112687649
2023-10-30,2023-24,NO BET,0,0,0,0,,,,,0.0005246858187485397,-0.007320911112687649
2023-10-31,2023-24,NO BET,0,0,0,0,,,,,0.0005246858187485397,-0.007320911112687649
2023-11-01,2023-24,NO BET,0,0,0,0,,,,,0.0005246858187485397,-0.007320911112687649
2023-11-02,2023-24,NO BET,0,0,0,0,,,,,0.0005246858187485397,-0.007320911112687649
2023-11-03,2023-24,NO BET,2,0,0,0,,,,0.24389644722236947,0.0005246858187485397,-0.007320911112687649
2023-11-04,2023-24,NO BET,3,0,0,0,,,,0.23713115328426637,0.0005246858187485397,-0.007320911112687649
2023-11-05,2023-24,NO BET,5,0,0,0,,,,0.248241380959697,0.0005246858187485397,-0.007320911112687649
2023-11-06,2023-24,NO BET,12,0,0,0,,,,0.25370375589951605,0.0005246858187485397,-0.007320911112687649
2023-11-08,2023-24,NO BET,14,0,0,0,,,,0.24906382925653767,0.0005246858187485397,-0.007320911112687649
2023-11-09,2023-24,NO BET,2,0,0,0,,,,0.24451561307905734,0.0005246858187485397,-0.007320911112687649
2023-11-10,2023-24,NO BET,9,0,0,0,,,,0.24728295908770243,0.0005246858187485397,-0.007320911112687649
2023-11-11,2023-24,NO BET,4,0,0,0,,,,0.24196048056394476,0.0005246858187485397,-0.007320911112687649
2023-11-12,2023-24,NO BET,11,0,0,0,,,,0.2539386835091597,0.0005246858187485397,-0.007320911112687649
2023-11-13,2023-24,NO BET,4,0,0,0,,,,0.2350620351583343,0.0005246858187485397,-0.007320911112687649
2023-11-14,2023-24,NO BET,10,0,0,0,,,,0.25153726750191396,0.0005246858187485397,-0.007320911112687649
2023-11-15,2023-24,NO BET,8,0,0,0,,,,0.24482137194770404,0.0005246858187485397,-0.007320911112687649
2023-11-16,2023-24,NO BET,2,0,0,0,,,,0.24412956970654504,0.0005246858187485397,-0.007320911112687649
2023-11-17,2023-24,NO BET,11,0,0,0,,,,0.2508587867063298,0.0005246858187485397,-0.007320911112687649
2023-11-18,2023-24,NO BET,6,0,0,0,,,,0.24763645303013565,0.0005246858187485397,-0.007320911112687649
2023-11-19,2023-24,NO BET,9,0,0,0,,,,0.24865595497973422,0.0005246858187485397,-0.007320911112687649
2023-11-20,2023-24,NO BET,8,0,0,0,,,,0.2486168699262357,0.0005246858187485397,-0.007320911112687649
2023-11-21,2023-24,NO BET,5,0,0,0,,,,0.24403231401683229,0.0005246858187485397,-0.007320911112687649
2023-11-22,2023-24,NO BET,14,0,0,0,,,,0.2533466334286237,0.0005246858187485397,-0.007320911112687649
2023-11-24,2023-24,NO BET,10,0,0,0,,,,0.25054700763312737,0.0005246858187485397,-0.007320911112687649
2023-11-25,2023-24,NO BET,6,0,0,0,,,,0.2500840169485452,0.0005246858187485397,-0.007320911112687649
2023-11-26,2023-24,NO BET,8,0,0,0,,,,0.24531591528056257,0.0005246858187485397,-0.007320911112687649
2023-11-27,2023-24,NO BET,5,0,0,0,,,,0.24292901416685708,0.0005246858187485397,-0.007320911112687649
2023-11-28,2023-24,NO BET,8,0,0,0,,,,0.24768142806130317,0.0005246858187485397,-0.007320911112687649
2023-11-29,2023-24,NO BET,7,0,0,0,,,,0.2458432475839628,0.0005246858187485397,-0.007320911112687649
2023-11-30,2023-24,NO BET,9,0,0,0,,,,0.2535650018710719,0.0005246858187485397,-0.007320911112687649
2023-12-01,2023-24,NO BET,6,0,0,0,,,,0.25263373327048594,0.0005246858187485397,-0.007320911112687649
2023-12-02,2023-24,NO BET,12,0,0,0,,,,0.24933457268598236,0.0005246858187485397,-0.007320911112687649
2023-12-04,2023-24,NO BET,2,0,0,0,,,,0.2334369010451634,0.0005246858187485397,-0.007320911112687649
2023-12-05,2023-24,NO BET,2,0,0,0,,,,0.2488978824115286,0.0005246858187485397,-0.007320911112687649
2023-12-06,2023-24,NO BET,11,0,0,0,,,,0.25899470847090506,0.0005246858187485397,-0.007320911112687649
2023-12-07,2023-24,NO BET,2,0,0,0,,,,0.23802503831587096,0.0005246858187485397,-0.007320911112687649
2023-12-08,2023-24,NO BET,13,0,0,0,,,,0.24916747388839652,0.0005246858187485397,-0.007320911112687649
2023-12-09,2023-24,NO BET,1,0,0,0,,,,,0.0005246858187485397,-0.007320911112687649
2023-12-11,2023-24,NO BET,13,0,0,0,,,,0.2503581770447517,0.0005246858187485397,-0.007320911112687649
2023-12-12,2023-24,NO BET,5,0,0,0,,,,0.2533944619578717,0.0005246858187485397,-0.007320911112687649
2023-12-13,2023-24,NO BET,9,0,0,0,,,,0.24735865121201706,0.0005246858187485397,-0.007320911112687649
2023-12-14,2023-24,NO BET,7,0,0,0,,,,0.24870310545910973,0.0005246858187485397,-0.007320911112687649
2023-12-15,2023-24,NO BET,8,0,0,0,,,,0.24718170426522723,0.0005246858187485397,-0.007320911112687649
2023-12-16,2023-24,NO BET,10,0,0,0,,,,0.24780554513448957,0.0005246858187485397,-0.007320911112687649
2023-12-17,2023-24,NO BET,5,0,0,0,,,,0.24538735058557498,0.0005246858187485397,-0.007320911112687649
2023-12-18,2023-24,NO BET,11,0,0,0,,,,0.24878256871268092,0.0005246858187485397,-0.007320911112687649
2023-12-19,2023-24,NO BET,4,0,0,0,,,,0.24167774921718838,0.0005246858187485397,-0.007320911112687649
2023-12-20,2023-24,NO BET,10,0,0,0,,,,0.24855922654227158,0.0005246858187485397,-0.007320911112687649
2023-12-21,2023-24,NO BET,8,0,0,0,,,,0.24703824030203558,0.0005246858187485397,-0.007320911112687649
2023-12-22,2023-24,NO BET,6,0,0,0,,,,0.24833143413038047,0.0005246858187485397,-0.007320911112687649
2023-12-23,2023-24,NO BET,13,0,0,0,,,,0.24979042162065881,0.0005246858187485397,-0.007320911112687649
2023-12-25,2023-24,NO BET,5,0,0,0,,,,0.23858819673692666,0.0005246858187485397,-0.007320911112687649
2023-12-26,2023-24,NO BET,9,0,0,0,,,,0.2468278420454713,0.0005246858187485397,-0.007320911112687649
2023-12-27,2023-24,NO BET,6,0,0,0,,,,0.24118705240326122,0.0005246858187485397,-0.007320911112687649
2023-12-28,2023-24,NO BET,8,0,0,0,,,,0.24700303403191476,0.0005246858187485397,-0.007320911112687649
2023-12-29,2023-24,NO BET,10,0,0,0,,,,0.24044906830945217,0.0005246858187485397,-0.007320911112687649
2023-12-30,2023-24,NO BET,6,0,0,0,,,,0.24123584010822086,0.0005246858187485397,-0.007320911112687649
2023-12-31,2023-24,NO BET,6,0,0,0,,,,0.24064013988551047,0.0005246858187485397,-0.007320911112687649
2024-01-01,2023-24,NO BET,8,0,0,0,,,,0.24371086306522471,0.0005246858187485397,-0.007320911112687649
2024-01-02,2023-24,NO BET,6,0,0,0,,,,0.23951397542316838,0.0005246858187485397,-0.007320911112687649
2024-01-03,2023-24,NO BET,12,0,0,0,,,,0.23689703687378316,0.0005246858187485397,-0.007320911112687649
2024-01-04,2023-24,NO BET,2,0,0,0,,,,0.23597062554201648,0.0005246858187485397,-0.007320911112687649
2024-01-05,2023-24,NO BET,14,0,0,0,,,,0.24246190287873864,0.0005246858187485397,-0.007320911112687649
2024-01-06,2023-24,NO BET,4,0,0,0,,,,0.2341276543935324,0.0005246858187485397,-0.007320911112687649
2024-01-07,2023-24,NO BET,9,0,0,0,,,,0.2395426124600744,0.0005246858187485397,-0.007320911112687649
2024-01-08,2023-24,NO BET,6,0,0,0,,,,0.2423594933884809,0.0005246858187485397,-0.007320911112687649
2024-01-09,2023-24,NO BET,5,0,0,0,,,,0.2432804630822476,0.0005246858187485397,-0.007320911112687649
2024-01-10,2023-24,NO BET,10,0,0,0,,,,0.24645809060497947,0.0005246858187485397,-0.007320911112687649
2024-01-11,2023-24,NO BET,5,0,0,0,,,,0.24613658048598586,0.0005246858187485397,-0.007320911112687649
2024-01-12,2023-24,NO BET,10,0,0,0,,,,0.24487694986863823,0.0005246858187485397,-0.007320911112687649
2024-01-13,2023-24,NO BET,8,0,0,0,,,,0.2536740918648617,0.0005246858187485397,-0.007320911112687649
2024-01-14,2023-24,NO BET,5,0,0,0,,,,0.23750664419506856,0.0005246858187485397,-0.007320911112687649
2024-01-15,2023-24,NO BET,11,0,0,0,,,,0.24662881381620533,0.0005246858187485397,-0.007320911112687649
2024-01-16,2023-24,NO BET,3,0,0,0,,,,0.22730543734670727,0.0005246858187485397,-0.007320911112687649
2024-01-17,2023-24,NO BET,10,0,0,0,,,,0.24131311527330757,0.0005246858187485397,-0.007320911112687649
2024-01-18,2023-24,NO BET,5,0,0,0,,,,0.2366604355912706,0.0005246858187485397,-0.007320911112687649
2024-01-19,2023-24,NO BET,8,0,0,0,,,,0.25409336269439897,0.0005246858187485397,-0.007320911112687649
2024-01-20,2023-24,NO BET,8,0,0,0,,,,0.24282657751470693,0.0005246858187485397,-0.007320911112687649
2024-01-21,2023-24,NO BET,6,0,0,0,,,,0.23827335018630702,0.0005246858187485397,-0.007320911112687649
2024-01-22,2023-24,NO BET,8,0,0,0,,,,0.24135658952077893,0.0005246858187485397,-0.007320911112687649
2024-01-23,2023-24,NO BET,5,0,0,0,,,,0.24003086270194224,0.0005246858187485397,-0.007320911112687649
2024-01-24,2023-24,NO BET,8,0,0,0,,,,0.2489442402745504,0.0005246858187485397,-0.007320911112687649
2024-01-25,2023-24,NO BET,7,0,0,0,,,,0.23886287465026462,0.0005246858187485397,-0.007320911112687649
2024-01-26,2023-24,NO BET,8,0,0,0,,,,0.24714194554594882,0.0005246858187485397,-0.007320911112687649
2024-01-27,2023-24,NO BET,10,0,0,0,,,,0.24878078287601518,0.0005246858187485397,-0.007320911112687649
2024-01-28,2023-24,NO BET,5,0,0,0,,,,0.24292656342184932,0.0005246858187485397,-0.007320911112687649
2024-01-29,2023-24,NO BET,12,0,0,0,,,,0.248948513101588,0.0005246858187485397,-0.007320911112687649
2024-01-30,2023-24,NO BET,5,0,0,0,,,,0.2493869140264353,0.0005246858187485397,-0.007320911112687649
2024-01-31,2023-24,NO BET,10,0,0,0,,,,0.2511204423026193,0.0005246858187485397,-0.007320911112687649
2024-02-01,2023-24,NO BET,4,0,0,0,,,,0.2382012164148244,0.0005246858187485397,-0.007320911112687649
2024-02-02,2023-24,NO BET,10,0,0,0,,,,0.24822628840837047,0.0005246858187485397,-0.007320911112687649
2024-02-03,2023-24,NO BET,6,0,0,0,,,,0.24177435163924033,0.0005246858187485397,-0.007320911112687649
2024-02-04,2023-24,NO BET,9,0,0,0,,,,0.24354921423119702,0.0005246858187485397,-0.007320911112687649
2024-02-05,2023-24,NO BET,6,0,0,0,,,,0.2459809095152597,0.0005246858187485397,-0.007320911112687649
2024-02-06,2023-24,NO BET,7,0,0,0,,,,0.24343635467316704,0.0005246858187485397,-0.007320911112687649
2024-02-07,2023-24,NO BET,7,0,0,0,,,,0.2482445658178368,0.0005246858187485397,-0.007320911112687649
2024-02-08,2023-24,NO BET,9,0,0,0,,,,0.25094261371058946,0.0005246858187485397,-0.007320911112687649
2024-02-09,2023-24,NO BET,6,0,0,0,,,,0.2458259147429438,0.0005246858187485397,-0.007320911112687649
2024-02-10,2023-24,NO BET,11,0,0,0,,,,0.25103895568845114,0.0005246858187485397,-0.007320911112687649
2024-02-11,2023-24,NO BET,2,0,0,0,,,,0.24036299598151167,0.0005246858187485397,-0.007320911112687649
2024-02-12,2023-24,NO BET,10,0,0,0,,,,0.24692278163186387,0.0005246858187485397,-0.007320911112687649
2024-02-13,2023-24,NO BET,6,0,0,0,,,,0.24629023075398904,0.0005246858187485397,-0.007320911112687649
2024-02-14,2023-24,NO BET,13,0,0,0,,,,0.2471738338335785,0.0005246858187485397,-0.007320911112687649
2024-02-15,2023-24,NO BET,2,0,0,0,,,,0.24559101686828705,0.0005246858187485397,-0.007320911112687649
2024-02-22,2023-24,NO BET,12,0,0,0,,,,0.26217575899155454,0.0005246858187485397,-0.007320911112687649
2024-02-23,2023-24,NO BET,10,0,0,0,,,,0.25723627125501747,0.0005246858187485397,-0.007320911112687649
2024-02-24,2023-24,NO BET,3,0,0,0,,,,0.24023342078088905,0.0005246858187485397,-0.007320911112687649
2024-02-25,2023-24,NO BET,11,0,0,0,,,,0.2504681179029217,0.0005246858187485397,-0.007320911112687649
2024-02-26,2023-24,NO BET,4,0,0,0,,,,0.24327288311702805,0.0005246858187485397,-0.007320911112687649
2024-02-27,2023-24,NO BET,11,0,0,0,,,,0.24875841630012274,0.0005246858187485397,-0.007320911112687649
2024-02-28,2023-24,NO BET,6,0,0,0,,,,0.24466998203913848,0.0005246858187485397,-0.007320911112687649
2024-02-29,2023-24,NO BET,8,0,0,0,,,,0.24347385645371894,0.0005246858187485397,-0.007320911112687649
2024-03-01,2023-24,NO BET,9,0,0,0,,,,0.2539459444094048,0.0005246858187485397,-0.007320911112687649
2024-03-02,2023-24,NO BET,5,0,0,0,,,,0.24998548298590148,0.0005246858187485397,-0.007320911112687649
2024-03-03,2023-24,NO BET,8,0,0,0,,,,0.24940947444976308,0.0005246858187485397,-0.007320911112687649
2024-03-04,2023-24,NO BET,6,0,0,0,,,,0.25059313772959735,0.0005246858187485397,-0.007320911112687649
2024-03-05,2023-24,NO BET,9,0,0,0,,,,0.25607378120461133,0.0005246858187485397,-0.007320911112687649
2024-03-06,2023-24,NO BET,8,0,0,0,,,,0.25444133705076977,0.0005246858187485397,-0.007320911112687649
2024-03-07,2023-24,NO BET,7,0,0,0,,,,0.2489918671483549,0.0005246858187485397,-0.007320911112687649
2024-03-08,2023-24,NO BET,8,0,0,0,,,,0.25843073593041066,0.0005246858187485397,-0.007320911112687649
2024-03-09,2023-24,NO BET,7,0,0,0,,,,0.2516202669208986,0.0005246858187485397,-0.007320911112687649
2024-03-10,2023-24,NO BET,9,0,0,0,,,,0.25665863876952216,0.0005246858187485397,-0.007320911112687649
2024-03-11,2023-24,NO BET,6,0,0,0,,,,0.24903493473895497,0.0005246858187485397,-0.007320911112687649
2024-03-12,2023-24,NO BET,7,0,0,0,,,,0.25300256410723726,0.0005246858187485397,-0.007320911112687649
2024-03-13,2023-24,NO BET,9,0,0,0,,,,0.25438201707398767,0.0005246858187485397,-0.007320911112687649
2024-03-14,2023-24,NO BET,6,0,0,0,,,,0.2582449395333683,0.0005246858187485397,-0.007320911112687649
2024-03-15,2023-24,NO BET,6,0,0,0,,,,0.24798699536194613,0.0005246858187485397,-0.007320911112687649
2024-03-16,2023-24,NO BET,9,0,0,0,,,,0.2594679035671392,0.0005246858187485397,-0.007320911112687649
2024-03-17,2023-24,NO BET,7,0,0,0,,,,0.25573940409182727,0.0005246858187485397,-0.007320911112687649
2024-03-18,2023-24,NO BET,8,0,0,0,,,,0.2610406295291927,0.0005246858187485397,-0.007320911112687649
2024-03-19,2023-24,NO BET,5,0,0,0,,,,0.25341875313283374,0.0005246858187485397,-0.007320911112687649
2024-03-20,2023-24,NO BET,8,0,0,0,,,,0.2620156501849917,0.0005246858187485397,-0.007320911112687649
2024-03-21,2023-24,NO BET,7,0,0,0,,,,0.25499429632841464,0.0005246858187485397,-0.007320911112687649
2024-03-22,2023-24,NO BET,8,0,0,0,,,,0.259690192853826,0.0005246858187485397,-0.007320911112687649
2024-03-23,2023-24,NO BET,8,0,0,0,,,,0.255064771807593,0.0005246858187485397,-0.007320911112687649
2024-03-24,2023-24,NO BET,6,0,0,0,,,,0.26089038468299264,0.0005246858187485397,-0.007320911112687649
2024-03-25,2023-24,NO BET,11,0,0,0,,,,0.26074624753645625,0.0005246858187485397,-0.007320911112687649
2024-03-26,2023-24,NO BET,4,0,0,0,,,,0.2494139901316516,0.0005246858187485397,-0.007320911112687649
2024-03-27,2023-24,NO BET,12,0,0,0,,,,0.2623113334925146,0.0005246858187485397,-0.007320911112687649
2024-03-28,2023-24,NO BET,2,0,0,0,,,,0.2523343374781132,0.0005246858187485397,-0.007320911112687649
2024-03-30,2023-24,NO BET,3,0,0,0,,,,0.2589710052353632,0.0005246858187485397,-0.007320911112687649
2024-03-31,2023-24,NO BET,10,0,0,0,,,,0.25768606449318143,0.0005246858187485397,-0.007320911112687649
2024-04-01,2023-24,NO BET,6,0,0,0,,,,0.2639302984897979,0.0005246858187485397,-0.007320911112687649
2024-04-02,2023-24,NO BET,8,0,0,0,,,,0.2599521108759879,0.0005246858187485397,-0.007320911112687649
2024-04-03,2023-24,NO BET,9,0,0,0,,,,0.26122368341300817,0.0005246858187485397,-0.007320911112687649
2024-04-04,2023-24,NO BET,5,0,0,0,,,,0.26090160108405025,0.0005246858187485397,-0.007320911112687649
2024-04-05,2023-24,NO BET,12,0,0,0,,,,0.26313663064000337,0.0005246858187485397,-0.007320911112687649
2024-04-06,2023-24,NO BET,4,0,0,0,,,,0.26070262314686476,0.0005246858187485397,-0.007320911112687649
2024-04-07,2023-24,NO BET,13,0,0,0,,,,0.26027497885043394,0.0005246858187485397,-0.007320911112687649
2024-04-09,2023-24,NO BET,14,0,0,0,,,,0.26134170464864404,0.0005246858187485397,-0.007320911112687649
2024-04-10,2023-24,NO BET,8,0,0,0,,,,0.25939714979812106,0.0005246858187485397,-0.007320911112687649
2024-04-11,2023-24,NO BET,5,0,0,0,,,,0.2593317453221393,0.0005246858187485397,-0.007320911112687649
2024-04-12,2023-24,NO BET,15,0,0,0,,,,0.26857745126449006,0.0005246858187485397,-0.007320911112687649
2024-04-14,2023-24,NO BET,15,0,0,0,,,,0.2608508023553141,0.0005246858187485397,-0.007320911112687649
2024-04-16,2023-24,NO BET,2,0,0,0,,,,0.2450432770400014,0.0005246858187485397,-0.007320911112687649
2024-04-17,2023-24,NO BET,2,0,0,0,,,,0.24831533387704458,0.0005246858187485397,-0.007320911112687649
2024-04-19,2023-24,NO BET,2,0,0,0,,,,0.24881801556428643,0.0005246858187485397,-0.007320911112687649
2024-04-20,2023-24,NO BET,4,0,0,0,,,,0.25596143215475486,0.0005246858187485397,-0.007320911112687649
2024-04-21,2023-24,NO BET,4,0,0,0,,,,0.26019122566654534,0.0005246858187485397,-0.007320911112687649
2024-04-22,2023-24,NO BET,3,0,0,0,,,,0.25462661220240046,0.0005246858187485397,-0.007320911112687649
2024-04-23,2023-24,NO BET,3,0,0,0,,,,0.24900236478884435,0.0005246858187485397,-0.007320911112687649
2024-04-24,2023-24,NO BET,2,0,0,0,,,,0.24837922549048128,0.0005246858187485397,-0.007320911112687649
2024-04-25,2023-24,NO BET,3,0,0,0,,,,0.25284631915121025,0.0005246858187485397,-0.007320911112687649
2024-04-26,2023-24,NO BET,3,0,0,0,,,,0.24917680063123884,0.0005246858187485397,-0.007320911112687649
2024-04-27,2023-24,NO BET,4,0,0,0,,,,0.24799923297515217,0.0005246858187485397,-0.007320911112687649
2024-04-28,2023-24,NO BET,4,0,0,0,,,,0.2556222169940176,0.0005246858187485397,-0.007320911112687649
2024-10-22,2024-25,NO BET,0,0,0,0,,,,,0.002004406213089926,-0.0056687947889760785
2024-10-23,2024-25,NO BET,0,0,0,0,,,,,0.002004406213089926,-0.0056687947889760785
2024-10-24,2024-25,NO BET,0,0,0,0,,,,,0.002004406213089926,-0.0056687947889760785
2024-10-25,2024-25,NO BET,0,0,0,0,,,,,0.002004406213089926,-0.0056687947889760785
2024-10-26,2024-25,NO BET,0,0,0,0,,,,,0.002004406213089926,-0.0056687947889760785
2024-10-27,2024-25,NO BET,0,0,0,0,,,,,0.002004406213089926,-0.0056687947889760785
2024-10-28,2024-25,NO BET,0,0,0,0,,,,,0.002004406213089926,-0.0056687947889760785
2024-10-29,2024-25,NO BET,0,0,0,0,,,,,0.002004406213089926,-0.0056687947889760785
2024-10-30,2024-25,NO BET,0,0,0,0,,,,,0.002004406213089926,-0.0056687947889760785
2024-10-31,2024-25,NO BET,0,0,0,0,,,,,0.002004406213089926,-0.0056687947889760785
2024-11-01,2024-25,NO BET,4,0,0,0,,,,0.2380160352354846,0.002004406213089926,-0.0056687947889760785
2024-11-02,2024-25,NO BET,8,0,0,0,,,,0.2524971116297138,0.002004406213089926,-0.0056687947889760785
2024-11-03,2024-25,NO BET,3,0,0,0,,,,0.23687852405346782,0.002004406213089926,-0.0056687947889760785
2024-11-04,2024-25,NO BET,15,0,0,0,,,,0.24591968138754328,0.002004406213089926,-0.0056687947889760785
2024-11-06,2024-25,NO BET,12,0,0,0,,,,0.2470541362805856,0.002004406213089926,-0.0056687947889760785
2024-11-07,2024-25,NO BET,3,0,0,0,,,,0.24315353843877857,0.002004406213089926,-0.0056687947889760785
2024-11-08,2024-25,NO BET,13,0,0,0,,,,0.24636090490372559,0.002004406213089926,-0.0056687947889760785
2024-11-09,2024-25,NO BET,4,0,0,0,,,,0.24471977648836707,0.002004406213089926,-0.0056687947889760785
2024-11-10,2024-25,NO BET,11,0,0,0,,,,0.2449643813477166,0.002004406213089926,-0.0056687947889760785
2024-11-11,2024-25,NO BET,5,0,0,0,,,,0.2484316651457268,0.002004406213089926,-0.0056687947889760785
2024-11-12,2024-25,NO BET,8,0,0,0,,,,0.247925318920524,0.002004406213089926,-0.0056687947889760785
2024-11-13,2024-25,NO BET,11,0,0,0,,,,0.24945870490254088,0.002004406213089926,-0.0056687947889760785
2024-11-14,2024-25,NO BET,1,0,0,0,,,,,0.002004406213089926,-0.0056687947889760785
2024-11-15,2024-25,NO BET,12,0,0,0,,,,0.2488117641286432,0.002004406213089926,-0.0056687947889760785
2024-11-16,2024-25,NO BET,5,0,0,0,,,,0.24874089963615975,0.002004406213089926,-0.0056687947889760785
2024-11-17,2024-25,NO BET,10,0,0,0,,,,0.24839135278007568,0.002004406213089926,-0.0056687947889760785
2024-11-18,2024-25,NO BET,8,0,0,0,,,,0.24731975634386683,0.002004406213089926,-0.0056687947889760785
2024-11-19,2024-25,NO BET,6,0,0,0,,,,0.24187939072141046,0.002004406213089926,-0.0056687947889760785
2024-11-20,2024-25,NO BET,8,0,0,0,,,,0.24675458504447162,0.002004406213089926,-0.0056687947889760785
2024-11-21,2024-25,NO BET,4,0,0,0,,,,0.24624025040544373,0.002004406213089926,-0.0056687947889760785
2024-11-22,2024-25,NO BET,8,0,0,0,,,,0.2481475976640644,0.002004406213089926,-0.0056687947889760785
2024-11-23,2024-25,NO BET,7,0,0,0,,,,0.2417565374903945,0.002004406213089926,-0.0056687947889760785
2024-11-24,2024-25,NO BET,6,0,0,0,,,,0.24521361926092755,0.002004406213089926,-0.0056687947889760785
2024-11-25,2024-25,NO BET,9,0,0,0,,,,0.24575610327057368,0.002004406213089926,-0.0056687947889760785
2024-11-26,2024-25,NO BET,5,0,0,0,,,,0.24519771255951495,0.002004406213089926,-0.0056687947889760785
2024-11-27,2024-25,NO BET,14,0,0,0,,,,0.2478688123550472,0.002004406213089926,-0.0056687947889760785
2024-11-29,2024-25,NO BET,10,0,0,0,,,,0.2486353828344927,0.002004406213089926,-0.0056687947889760785
2024-11-30,2024-25,NO BET,5,0,0,0,,,,0.247693959864633,0.002004406213089926,-0.0056687947889760785
2024-12-01,2024-25,NO BET,10,0,0,0,,,,0.24855923553077194,0.002004406213089926,-0.0056687947889760785
2024-12-02,2024-25,NO BET,4,0,0,0,,,,0.2484716589744188,0.002004406213089926,-0.0056687947889760785
2024-12-03,2024-25,NO BET,11,0,0,0,,,,0.24534054051653742,0.002004406213089926,-0.0056687947889760785
2024-12-04,2024-25,NO BET,6,0,0,0,,,,0.24591518395325013,0.002004406213089926,-0.0056687947889760785
2024-12-05,2024-25,NO BET,8,0,0,0,,,,0.24953524401044935,0.002004406213089926,-0.0056687947889760785
2024-12-06,2024-25,NO BET,7,0,0,0,,,,0.24439740443494667,0.002004406213089926,-0.0056687947889760785
2024-12-07,2024-25,NO BET,7,0,0,0,,,,0.24747419369354406,0.002004406213089926,-0.0056687947889760785
2024-12-08,2024-25,NO BET,12,0,0,0,,,,0.2492077912033914,0.002004406213089926,-0.0056687947889760785
2024-12-09,2024-25,NO BET,1,0,0,0,,,,,0.002004406213089926,-0.0056687947889760785
2024-12-10,2024-25,NO BET,2,0,0,0,,,,0.2396060262281703,0.002004406213089926,-0.0056687947889760785
2024-12-11,2024-25,NO BET,2,0,0,0,,,,0.24236188154474592,0.002004406213089926,-0.0056687947889760785
2024-12-12,2024-25,NO BET,3,0,0,0,,,,0.2464959515225808,0.002004406213089926,-0.0056687947889760785
2024-12-13,2024-25,NO BET,8,0,0,0,,,,0.2518461384568924,0.002004406213089926,-0.0056687947889760785
2024-12-14,2024-25,NO BET,2,0,0,0,,,,0.24892199268849663,0.002004406213089926,-0.0056687947889760785
2024-12-15,2024-25,NO BET,7,0,0,0,,,,0.248280592987546,0.002004406213089926,-0.0056687947889760785
2024-12-16,2024-25,NO BET,6,0,0,0,,,,0.24606550012847767,0.002004406213089926,-0.0056687947889760785
2024-12-17,2024-25,NO BET,1,0,0,0,,,,,0.002004406213089926,-0.0056687947889760785
2024-12-19,2024-25,NO BET,13,0,0,0,,,,0.25419416339915146,0.002004406213089926,-0.0056687947889760785
2024-12-20,2024-25,NO BET,3,0,0,0,,,,0.24777866366417384,0.002004406213089926,-0.0056687947889760785
2024-12-21,2024-25,NO BET,12,0,0,0,,,,0.24867860023104602,0.002004406213089926,-0.0056687947889760785
2024-12-22,2024-25,NO BET,3,0,0,0,,,,0.2448187357997737,0.002004406213089926,-0.0056687947889760785
2024-12-23,2024-25,NO BET,14,0,0,0,,,,0.2483211236911098,0.002004406213089926,-0.0056687947889760785
2024-12-25,2024-25,NO BET,5,0,0,0,,,,0.24441768199760378,0.002004406213089926,-0.0056687947889760785
2024-12-26,2024-25,NO BET,9,0,0,0,,,,0.24831734252161455,0.002004406213089926,-0.0056687947889760785
2024-12-27,2024-25,NO BET,8,0,0,0,,,,0.24978217153652757,0.002004406213089926,-0.0056687947889760785
2024-12-28,2024-25,NO BET,9,0,0,0,,,,0.24958111326261884,0.002004406213089926,-0.0056687947889760785
2024-12-29,2024-25,NO BET,6,0,0,0,,,,0.24851469500112605,0.002004406213089926,-0.0056687947889760785
2024-12-30,2024-25,NO BET,7,0,0,0,,,,0.24914081298981922,0.002004406213089926,-0.0056687947889760785
2024-12-31,2024-25,NO BET,6,0,0,0,,,,0.24216386629496112,0.002004406213089926,-0.0056687947889760785
2025-01-01,2024-25,NO BET,8,0,0,0,,,,0.25039556654864303,0.002004406213089926,-0.0056687947889760785
2025-01-02,2024-25,NO BET,6,0,0,0,,,,0.24462739263558198,0.002004406213089926,-0.0056687947889760785
2025-01-03,2024-25,NO BET,9,0,0,0,,,,0.24976518939597925,0.002004406213089926,-0.0056687947889760785
2025-01-04,2024-25,NO BET,9,0,0,0,,,,0.24814024804786855,0.002004406213089926,-0.0056687947889760785
2025-01-05,2024-25,NO BET,6,0,0,0,,,,0.248134057376252,0.002004406213089926,-0.0056687947889760785
2025-01-06,2024-25,NO BET,9,0,0,0,,,,0.2495054143594836,0.002004406213089926,-0.0056687947889760785
2025-01-07,2024-25,NO BET,7,0,0,0,,,,0.248822437884504,0.002004406213089926,-0.0056687947889760785
2025-01-08,2024-25,NO BET,8,0,0,0,,,,0.2487866074426322,0.002004406213089926,-0.0056687947889760785
2025-01-09,2024-25,NO BET,7,0,0,0,,,,0.2490449555337836,0.002004406213089926,-0.0056687947889760785
2025-01-10,2024-25,NO BET,7,0,0,0,,,,0.24682634812897375,0.002004406213089926,-0.0056687947889760785
2025-01-11,2024-25,NO BET,4,0,0,0,,,,0.24050445981047103,0.002004406213089926,-0.0056687947889760785
2025-01-12,2024-25,NO BET,9,0,0,0,,,,0.24589274555435264,0.002004406213089926,-0.0056687947889760785
2025-01-13,2024-25,NO BET,6,0,0,0,,,,0.2516877035864082,0.002004406213089926,-0.0056687947889760785
2025-01-14,2024-25,NO BET,7,0,0,0,,,,0.24798904544890127,0.002004406213089926,-0.0056687947889760785
2025-01-15,2024-25,NO BET,11,0,0,0,,,,0.2500808996050866,0.002004406213089926,-0.0056687947889760785
2025-01-16,2024-25,NO BET,5,0,0,0,,,,0.24383814770158718,0.002004406213089926,-0.0056687947889760785
2025-01-17,2024-25,NO BET,9,0,0,0,,,,0.2508530423821754,0.002004406213089926,-0.0056687947889760785
2025-01-18,2024-25,NO BET,6,0,0,0,,,,0.24834820553500875,0.002004406213089926,-0.0056687947889760785
2025-01-19,2024-25,NO BET,7,0,0,0,,,,0.2479497249051324,0.002004406213089926,-0.0056687947889760785
2025-01-20,2024-25,NO BET,8,0,0,0,,,,0.24649266134037262,0.002004406213089926,-0.0056687947889760785
2025-01-21,2024-25,NO BET,5,0,0,0,,,,0.24797678232031722,0.002004406213089926,-0.0056687947889760785
2025-01-22,2024-25,NO BET,8,0,0,0,,,,0.24571614904881217,0.002004406213089926,-0.0056687947889760785
2025-01-23,2024-25,NO BET,9,0,0,0,,,,0.2455971059779623,0.002004406213089926,-0.0056687947889760785
2025-01-24,2024-25,NO BET,3,0,0,0,,,,0.24514101798842863,0.002004406213089926,-0.0056687947889760785
2025-01-25,2024-25,NO BET,14,0,0,0,,,,0.24415807277690615,0.002004406213089926,-0.0056687947889760785
2025-01-26,2024-25,NO BET,1,0,0,0,,,,,0.002004406213089926,-0.0056687947889760785
2025-01-27,2024-25,NO BET,12,0,0,0,,,,0.24556975575599566,0.002004406213089926,-0.0056687947889760785
2025-01-28,2024-25,NO BET,4,0,0,0,,,,0.248177647307888,0.002004406213089926,-0.0056687947889760785
2025-01-29,2024-25,NO BET,11,0,0,0,,,,0.24615901890670755,0.002004406213089926,-0.0056687947889760785
2025-01-30,2024-25,NO BET,5,0,0,0,,,,0.24522656164520884,0.002004406213089926,-0.0056687947889760785
2025-01-31,2024-25,NO BET,7,0,0,0,,,,0.24298860961608815,0.002004406213089926,-0.0056687947889760785
2025-02-01,2024-25,NO BET,9,0,0,0,,,,0.2492468260891105,0.002004406213089926,-0.0056687947889760785
2025-02-02,2024-25,NO BET,5,0,0,0,,,,0.24524612683578034,0.002004406213089926,-0.0056687947889760785
2025-02-03,2024-25,NO BET,10,0,0,0,,,,0.25219430247480223,0.002004406213089926,-0.0056687947889760785
2025-02-04,2024-25,NO BET,7,0,0,0,,,,0.2463963447630939,0.002004406213089926,-0.0056687947889760785
2025-02-05,2024-25,NO BET,11,0,0,0,,,,0.24894317831790733,0.002004406213089926,-0.0056687947889760785
2025-02-06,2024-25,NO BET,6,0,0,0,,,,0.25261278265261433,0.002004406213089926,-0.0056687947889760785
2025-02-07,2024-25,NO BET,7,0,0,0,,,,0.24799018956837504,0.002004406213089926,-0.0056687947889760785
2025-02-08,2024-25,NO BET,11,0,0,0,,,,0.25309648955757347,0.002004406213089926,-0.0056687947889760785
2025-02-09,2024-25,NO BET,3,0,0,0,,,,0.2467569777687883,0.002004406213089926,-0.0056687947889760785
2025-02-10,2024-25,NO BET,10,0,0,0,,,,0.2537280391642608,0.002004406213089926,-0.0056687947889760785
2025-02-11,2024-25,NO BET,4,0,0,0,,,,0.24376362360663278,0.002004406213089926,-0.0056687947889760785
2025-02-12,2024-25,NO BET,15,0,0,0,,,,0.2505320743639434,0.002004406213089926,-0.0056687947889760785
2025-02-13,2024-25,NO BET,5,0,0,0,,,,0.24752848034139996,0.002004406213089926,-0.0056687947889760785
2025-02-19,2024-25,NO BET,1,0,0,0,,,,,0.002004406213089926,-0.0056687947889760785
2025-02-20,2024-25,NO BET,9,0,0,0,,,,0.2636629658894084,0.002004406213089926,-0.0056687947889760785
2025-02-21,2024-25,NO BET,9,0,0,0,,,,0.2620417513907316,0.002004406213089926,-0.0056687947889760785
2025-02-22,2024-25,NO BET,5,0,0,0,,,,0.24496614580661613,0.002004406213089926,-0.0056687947889760785
2025-02-23,2024-25,NO BET,10,0,0,0,,,,0.24564064091752819,0.002004406213089926,-0.0056687947889760785
2025-02-24,2024-25,NO BET,8,0,0,0,,,,0.24821389871124427,0.002004406213089926,-0.0056687947889760785
2025-02-25,2024-25,NO BET,7,0,0,0,,,,0.24316031621852963,0.002004406213089926,-0.0056687947889760785
2025-02-26,2024-25,NO BET,9,0,0,0,,,,0.25044386126295526,0.002004406213089926,-0.0056687947889760785
2025-02-27,2024-25,NO BET,5,0,0,0,,,,0.23793372305250654,0.002004406213089926,-0.0056687947889760785
2025-02-28,2024-25,NO BET,10,0,0,0,,,,0.24542174993496702,0.002004406213089926,-0.0056687947889760785
2025-03-01,2024-25,NO BET,6,0,0,0,,,,0.24365740769224492,0.002004406213089926,-0.0056687947889760785
2025-03-02,2024-25,NO BET,9,0,0,0,,,,0.24589273350376628,0.002004406213089926,-0.0056687947889760785
2025-03-03,2024-25,NO BET,7,0,0,0,,,,0.2524291455500125,0.002004406213089926,-0.0056687947889760785
2025-03-04,2024-25,NO BET,9,0,0,0,,,,0.24708847886786595,0.002004406213089926,-0.0056687947889760785
2025-03-05,2024-25,NO BET,8,0,0,0,,,,0.25519692164452545,0.002004406213089926,-0.0056687947889760785
2025-03-06,2024-25,NO BET,6,0,0,0,,,,0.24453464004739806,0.002004406213089926,-0.0056687947889760785
2025-03-07,2024-25,NO BET,8,0,0,0,,,,0.2518399897618236,0.002004406213089926,-0.0056687947889760785
2025-03-08,2024-25,NO BET,8,0,0,0,,,,0.2468366377844306,0.002004406213089926,-0.0056687947889760785
2025-03-09,2024-25,NO BET,8,0,0,0,,,,0.2474157467729386,0.002004406213089926,-0.0056687947889760785
2025-03-10,2024-25,NO BET,12,0,0,0,,,,0.25401731308731124,0.002004406213089926,-0.0056687947889760785
2025-03-11,2024-25,NO BET,4,0,0,0,,,,0.24822788345488814,0.002004406213089926,-0.0056687947889760785
2025-03-12,2024-25,NO BET,9,0,0,0,,,,0.249533841667972,0.002004406213089926,-0.0056687947889760785
2025-03-13,2024-25,NO BET,5,0,0,0,,,,0.2469803426074884,0.002004406213089926,-0.0056687947889760785
2025-03-14,2024-25,NO BET,10,0,0,0,,,,0.24895528741120654,0.002004406213089926,-0.0056687947889760785
2025-03-15,2024-25,NO BET,8,0,0,0,,,,0.24972837971047976,0.002004406213089926,-0.0056687947889760785
2025-03-16,2024-25,NO BET,8,0,0,0,,,,0.24865398365296815,0.002004406213089926,-0.0056687947889760785
2025-03-17,2024-25,NO BET,10,0,0,0,,,,0.2484819593826001,0.002004406213089926,-0.0056687947889760785
2025-03-18,2024-25,NO BET,4,0,0,0,,,,0.2486014346260854,0.002004406213089926,-0.0056687947889760785
2025-03-19,2024-25,NO BET,11,0,0,0,,,,0.2549118642711599,0.002004406213089926,-0.0056687947889760785
2025-03-20,2024-25,NO BET,5,0,0,0,,,,0.24756980575261556,0.002004406213089926,-0.0056687947889760785
2025-03-21,2024-25,NO BET,10,0,0,0,,,,0.24997200110152448,0.002004406213089926,-0.0056687947889760785
2025-03-22,2024-25,NO BET,5,0,0,0,,,,0.24931501026497765,0.002004406213089926,-0.0056687947889760785
2025-03-23,2024-25,NO BET,8,0,0,0,,,,0.2536924750260744,0.002004406213089926,-0.0056687947889760785
2025-03-24,2024-25,NO BET,8,0,0,0,,,,0.2512904329633979,0.002004406213089926,-0.0056687947889760785
2025-03-25,2024-25,NO BET,8,0,0,0,,,,0.2521066610877689,0.002004406213089926,-0.0056687947889760785
2025-03-26,2024-25,NO BET,6,0,0,0,,,,0.24816018197086587,0.002004406213089926,-0.0056687947889760785
2025-03-27,2024-25,NO BET,8,0,0,0,,,,0.24943806324501697,0.002004406213089926,-0.0056687947889760785
2025-03-28,2024-25,NO BET,7,0,0,0,,,,0.25224208398437264,0.002004406213089926,-0.0056687947889760785
2025-03-29,2024-25,NO BET,7,0,0,0,,,,0.24686884300261136,0.002004406213089926,-0.0056687947889760785
2025-03-30,2024-25,NO BET,8,0,0,0,,,,0.25325058945985424,0.002004406213089926,-0.0056687947889760785
2025-03-31,2024-25,NO BET,8,0,0,0,,,,0.25371573730374186,0.002004406213089926,-0.0056687947889760785
2025-04-01,2024-25,NO BET,7,0,0,0,,,,0.2531694647803188,0.002004406213089926,-0.0056687947889760785
2025-04-02,2024-25,NO BET,9,0,0,0,,,,0.2569912880657846,0.002004406213089926,-0.0056687947889760785
2025-04-03,2024-25,NO BET,6,0,0,0,,,,0.253121268146973,0.002004406213089926,-0.0056687947889760785
2025-04-04,2024-25,NO BET,10,0,0,0,,,,0.25027666597205467,0.002004406213089926,-0.0056687947889760785
2025-04-05,2024-25,NO BET,5,0,0,0,,,,0.2484672827823801,0.002004406213089926,-0.0056687947889760785
2025-04-06,2024-25,NO BET,11,0,0,0,,,,0.2525962946256206,0.002004406213089926,-0.0056687947889760785
2025-04-07,2024-25,NO BET,2,0,0,0,,,,0.24224607251596725,0.002004406213089926,-0.0056687947889760785
2025-04-08,2024-25,NO BET,10,0,0,0,,,,0.2510073328330934,0.002004406213089926,-0.0056687947889760785
2025-04-09,2024-25,NO BET,10,0,0,0,,,,0.25547993793916335,0.002004406213089926,-0.0056687947889760785
2025-04-10,2024-25,NO BET,5,0,0,0,,,,0.2480354264608935,0.002004406213089926,-0.0056687947889760785
2025-04-11,2024-25,NO BET,15,0,0,0,,,,0.2526948649827819,0.002004406213089926,-0.0056687947889760785
2025-04-13,2024-25,NO BET,15,0,0,0,,,,0.26171895497997094,0.002004406213089926,-0.0056687947889760785
2025-04-15,2024-25,NO BET,2,0,0,0,,,,0.23051323113769373,0.002004406213089926,-0.0056687947889760785
2025-04-16,2024-25,NO BET,2,0,0,0,,,,0.24660419213733703,0.002004406213089926,-0.0056687947889760785
2025-04-18,2024-25,NO BET,2,0,0,0,,,,0.24617284887954294,0.002004406213089926,-0.0056687947889760785
2025-04-19,2024-25,NO BET,4,0,0,0,,,,0.2554335854958183,0.002004406213089926,-0.0056687947889760785
2025-04-20,2024-25,NO BET,4,0,0,0,,,,0.2528969220821078,0.002004406213089926,-0.0056687947889760785
2025-04-21,2024-25,NO BET,2,0,0,0,,,,0.2295793027416138,0.002004406213089926,-0.0056687947889760785
2025-04-22,2024-25,NO BET,3,0,0,0,,,,0.2349026481339846,0.002004406213089926,-0.0056687947889760785
2025-04-23,2024-25,NO BET,3,0,0,0,,,,0.24370382502519639,0.002004406213089926,-0.0056687947889760785
2025-04-24,2024-25,NO BET,3,0,0,0,,,,0.2389749646680452,0.002004406213089926,-0.0056687947889760785
2025-04-25,2024-25,NO BET,3,0,0,0,,,,0.23798326356352156,0.002004406213089926,-0.0056687947889760785
2025-04-26,2024-25,NO BET,4,0,0,0,,,,0.24332685264571136,0.002004406213089926,-0.0056687947889760785
2025-04-27,2024-25,NO BET,4,0,0,0,,,,0.23431764656526194,0.002004406213089926,-0.0056687947889760785
2025-04-28,2024-25,NO BET,2,0,0,0,,,,0.2362802542357833,0.002004406213089926,-0.0056687947889760785
2025-04-29,2024-25,NO BET,4,0,0,0,,,,0.23960897875700143,0.002004406213089926,-0.0056687947889760785
2025-04-30,2024-25,NO BET,2,0,0,0,,,,0.243442699509045,0.002004406213089926,-0.0056687947889760785
2025-05-01,2024-25,NO BET,2,0,0,0,,,,0.23486695886455566,0.002004406213089926,-0.0056687947889760785
2025-05-02,2024-25,NO BET,1,0,0,0,,,,,0.002004406213089926,-0.0056687947889760785
2025-05-03,2024-25,NO BET,1,0,0,0,,,,,0.002004406213089926,-0.0056687947889760785
2025-05-04,2024-25,NO BET,2,0,0,0,,,,0.24754585221452008,0.002004406213089926,-0.0056687947889760785
2025-05-05,2024-25,NO BET,2,0,0,0,,,,0.24087723581960363,0.002004406213089926,-0.0056687947889760785
2025-05-06,2024-25,NO BET,2,0,0,0,,,,0.2374381209129222,0.002004406213089926,-0.0056687947889760785
2025-05-07,2024-25,NO BET,2,0,0,0,,,,0.22317110444856597,0.002004406213089926,-0.0056687947889760785
2025-05-08,2024-25,NO BET,1,0,0,0,,,,,0.002004406213089926,-0.0056687947889760785
2025-05-09,2024-25,NO BET,2,0,0,0,,,,0.21259760714725745,0.002004406213089926,-0.0056687947889760785
2025-05-10,2024-25,NO BET,2,0,0,0,,,,0.2403355760537132,0.002004406213089926,-0.0056687947889760785
2025-05-11,2024-25,NO BET,2,0,0,0,,,,0.21319900075449766,0.002004406213089926,-0.0056687947889760785
2025-05-12,2024-25,NO BET,2,0,0,0,,,,0.23902171281951357,0.002004406213089926,-0.0056687947889760785
2025-05-13,2024-25,NO BET,2,0,0,0,,,,0.2171156069514426,0.002004406213089926,-0.0056687947889760785
2025-05-14,2024-25,NO BET,2,0,0,0,,,,0.24398497086571513,0.002004406213089926,-0.0056687947889760785
2025-05-15,2024-25,NO BET,1,0,0,0,,,,,0.002004406213089926,-0.0056687947889760785
2025-05-16,2024-25,NO BET,1,0,0,0,,,,,0.002004406213089926,-0.0056687947889760785
2025-05-18,2024-25,NO BET,1,0,0,0,,,,,0.002004406213089926,-0.0056687947889760785
2025-05-20,2024-25,NO BET,1,0,0,0,,,,,0.002004406213089926,-0.0056687947889760785
2025-05-21,2024-25,NO BET,1,0,0,0,,,,,0.002004406213089926,-0.0056687947889760785
2025-05-22,2024-25,NO BET,1,0,0,0,,,,,0.002004406213089926,-0.0056687947889760785
2025-05-23,2024-25,NO BET,1,0,0,0,,,,,0.002004406213089926,-0.0056687947889760785
2025-05-24,2024-25,NO BET,1,0,0,0,,,,,0.002004406213089926,-0.0056687947889760785
2025-05-25,2024-25,NO BET,1,0,0,0,,,,,0.002004406213089926,-0.0056687947889760785
2025-05-26,2024-25,NO BET,1,0,0,0,,,,,0.002004406213089926,-0.0056687947889760785
2025-05-27,2024-25,NO BET,1,0,0,0,,,,,0.002004406213089926,-0.0056687947889760785
2025-05-28,2024-25,NO BET,1,0,0,0,,,,,0.002004406213089926,-0.0056687947889760785
2025-05-29,2024-25,NO BET,1,0,0,0,,,,,0.002004406213089926,-0.0056687947889760785
2025-05-31,2024-25,NO BET,1,0,0,0,,,,,0.002004406213089926,-0.0056687947889760785
2025-06-05,2024-25,NO BET,1,0,0,0,,,,,0.002004406213089926,-0.0056687947889760785
2025-06-08,2024-25,NO BET,1,0,0,0,,,,,0.002004406213089926,-0.0056687947889760785
2025-06-11,2024-25,NO BET,1,0,0,0,,,,,0.002004406213089926,-0.0056687947889760785
2025-06-13,2024-25,NO BET,1,0,0,0,,,,,0.002004406213089926,-0.0056687947889760785
2025-06-16,2024-25,NO BET,1,0,0,0,,,,,0.002004406213089926,-0.0056687947889760785
2025-06-19,2024-25,NO BET,1,0,0,0,,,,,0.002004406213089926,-0.0056687947889760785
2025-06-22,2024-25,NO BET,1,0,0,0,,,,,0.002004406213089926,-0.0056687947889760785
2025-10-21,2025-26,NO BET,0,0,0,0,,,,,-0.0007388032147023298,-0.008034894391798478
2025-10-22,2025-26,NO BET,0,0,0,0,,,,,-0.0007388032147023298,-0.008034894391798478
2025-10-23,2025-26,NO BET,0,0,0,0,,,,,-0.0007388032147023298,-0.008034894391798478
2025-10-24,2025-26,NO BET,0,0,0,0,,,,,-0.0007388032147023298,-0.008034894391798478
2025-10-25,2025-26,NO BET,0,0,0,0,,,,,-0.0007388032147023298,-0.008034894391798478
2025-10-26,2025-26,NO BET,0,0,0,0,,,,,-0.0007388032147023298,-0.008034894391798478
2025-10-27,2025-26,NO BET,0,0,0,0,,,,,-0.0007388032147023298,-0.008034894391798478
2025-10-28,2025-26,NO BET,0,0,0,0,,,,,-0.0007388032147023298,-0.008034894391798478
2025-10-29,2025-26,NO BET,0,0,0,0,,,,,-0.0007388032147023298,-0.008034894391798478
2025-10-30,2025-26,NO BET,0,0,0,0,,,,,-0.0007388032147023298,-0.008034894391798478
2025-10-31,2025-26,NO BET,2,0,0,0,,,,0.2235821437548594,-0.0007388032147023298,-0.008034894391798478
2025-11-01,2025-26,NO BET,5,0,0,0,,,,0.24136246615428936,-0.0007388032147023298,-0.008034894391798478
2025-11-02,2025-26,NO BET,8,0,0,0,,,,0.24744695174752504,-0.0007388032147023298,-0.008034894391798478
2025-11-03,2025-26,NO BET,9,0,0,0,,,,0.24295493472434865,-0.0007388032147023298,-0.008034894391798478
2025-11-04,2025-26,NO BET,6,0,0,0,,,,0.24068106242482312,-0.0007388032147023298,-0.008034894391798478
2025-11-05,2025-26,NO BET,11,0,0,0,,,,0.24158622346157038,-0.0007388032147023298,-0.008034894391798478
2025-11-06,2025-26,NO BET,1,0,0,0,,,,,-0.0007388032147023298,-0.008034894391798478
2025-11-07,2025-26,NO BET,11,0,0,0,,,,0.2460061808214814,-0.0007388032147023298,-0.008034894391798478
2025-11-08,2025-26,NO BET,8,0,0,0,,,,0.24941901337287284,-0.0007388032147023298,-0.008034894391798478
2025-11-09,2025-26,NO BET,7,0,0,0,,,,0.24356651224795556,-0.0007388032147023298,-0.008034894391798478
2025-11-10,2025-26,NO BET,9,0,0,0,,,,0.24675088331079326,-0.0007388032147023298,-0.008034894391798478
2025-11-11,2025-26,NO BET,6,0,0,0,,,,0.23384654196052174,-0.0007388032147023298,-0.008034894391798478
2025-11-12,2025-26,NO BET,12,0,0,0,,,,0.2470955512200363,-0.0007388032147023298,-0.008034894391798478
2025-11-13,2025-26,NO BET,3,0,0,0,,,,0.2419574147775495,-0.0007388032147023298,-0.008034894391798478
2025-11-14,2025-26,NO BET,9,0,0,0,,,,0.2422594664569681,-0.0007388032147023298,-0.008034894391798478
2025-11-15,2025-26,NO BET,5,0,0,0,,,,0.24783473748499435,-0.0007388032147023298,-0.008034894391798478
2025-11-16,2025-26,NO BET,8,0,0,0,,,,0.24903724735586039,-0.0007388032147023298,-0.008034894391798478
2025-11-17,2025-26,NO BET,8,0,0,0,,,,0.24812104400665327,-0.0007388032147023298,-0.008034894391798478
2025-11-18,2025-26,NO BET,6,0,0,0,,,,0.24590497395864708,-0.0007388032147023298,-0.008034894391798478
2025-11-19,2025-26,NO BET,9,0,0,0,,,,0.23987860285628582,-0.0007388032147023298,-0.008034894391798478
2025-11-20,2025-26,NO BET,4,0,0,0,,,,0.24753343485147797,-0.0007388032147023298,-0.008034894391798478
2025-11-21,2025-26,NO BET,9,0,0,0,,,,0.24503898814900305,-0.0007388032147023298,-0.008034894391798478
2025-11-22,2025-26,NO BET,7,0,0,0,,,,0.24916616275770714,-0.0007388032147023298,-0.008034894391798478
2025-11-23,2025-26,NO BET,8,0,0,0,,,,0.24421351866589042,-0.0007388032147023298,-0.008034894391798478
2025-11-24,2025-26,NO BET,10,0,0,0,,,,0.24830114849506904,-0.0007388032147023298,-0.008034894391798478
2025-11-25,2025-26,NO BET,3,0,0,0,,,,0.23813171000386352,-0.0007388032147023298,-0.008034894391798478
2025-11-26,2025-26,NO BET,9,0,0,0,,,,0.23719182303918906,-0.0007388032147023298,-0.008034894391798478
2025-11-28,2025-26,NO BET,11,0,0,0,,,,0.24749206990164888,-0.0007388032147023298,-0.008034894391798478
2025-11-29,2025-26,NO BET,8,0,0,0,,,,0.24555163134841795,-0.0007388032147023298,-0.008034894391798478
2025-11-30,2025-26,NO BET,8,0,0,0,,,,0.24366578315105958,-0.0007388032147023298,-0.008034894391798478
2025-12-01,2025-26,NO BET,9,0,0,0,,,,0.24357204372368324,-0.0007388032147023298,-0.008034894391798478
2025-12-02,2025-26,NO BET,6,0,0,0,,,,0.24425036074466128,-0.0007388032147023298,-0.008034894391798478
2025-12-03,2025-26,NO BET,9,0,0,0,,,,0.24439390095542474,-0.0007388032147023298,-0.008034894391798478
2025-12-04,2025-26,NO BET,5,0,0,0,,,,0.24547747417100202,-0.0007388032147023298,-0.008034894391798478
2025-12-05,2025-26,NO BET,12,0,0,0,,,,0.24950389116778166,-0.0007388032147023298,-0.008034894391798478
2025-12-06,2025-26,NO BET,7,0,0,0,,,,0.24530233284198089,-0.0007388032147023298,-0.008034894391798478
2025-12-07,2025-26,NO BET,7,0,0,0,,,,0.24443380031825424,-0.0007388032147023298,-0.008034894391798478
2025-12-08,2025-26,NO BET,3,0,0,0,,,,0.24009958906473805,-0.0007388032147023298,-0.008034894391798478
2025-12-09,2025-26,NO BET,2,0,0,0,,,,0.2291134472930162,-0.0007388032147023298,-0.008034894391798478
2025-12-10,2025-26,NO BET,2,0,0,0,,,,0.2301068818025186,-0.0007388032147023298,-0.008034894391798478
2025-12-11,2025-26,NO BET,4,0,0,0,,,,0.24906977068143252,-0.0007388032147023298,-0.008034894391798478
2025-12-12,2025-26,NO BET,7,0,0,0,,,,0.2504129921381668,-0.0007388032147023298,-0.008034894391798478
2025-12-13,2025-26,NO BET,2,0,0,0,,,,0.2447234335472216,-0.0007388032147023298,-0.008034894391798478
2025-12-14,2025-26,NO BET,8,0,0,0,,,,0.24622119201719705,-0.0007388032147023298,-0.008034894391798478
2025-12-15,2025-26,NO BET,5,0,0,0,,,,0.24630401786922101,-0.0007388032147023298,-0.008034894391798478
2025-12-16,2025-26,NO BET,1,0,0,0,,,,,-0.0007388032147023298,-0.008034894391798478
2025-12-17,2025-26,NO BET,2,0,0,0,,,,0.24039669806142472,-0.0007388032147023298,-0.008034894391798478
2025-12-18,2025-26,NO BET,12,0,0,0,,,,0.24878294330112882,-0.0007388032147023298,-0.008034894391798478
2025-12-19,2025-26,NO BET,5,0,0,0,,,,0.24235377997640684,-0.0007388032147023298,-0.008034894391798478
2025-12-20,2025-26,NO BET,10,0,0,0,,,,0.24913881453022554,-0.0007388032147023298,-0.008034894391798478
2025-12-21,2025-26,NO BET,6,0,0,0,,,,0.24610644213483895,-0.0007388032147023298,-0.008034894391798478
2025-12-22,2025-26,NO BET,7,0,0,0,,,,0.24166187775484227,-0.0007388032147023298,-0.008034894391798478
2025-12-23,2025-26,NO BET,14,0,0,0,,,,0.24498758428285616,-0.0007388032147023298,-0.008034894391798478
2025-12-25,2025-26,NO BET,5,0,0,0,,,,0.23999287102625033,-0.0007388032147023298,-0.008034894391798478
2025-12-26,2025-26,NO BET,9,0,0,0,,,,0.2451564359064159,-0.0007388032147023298,-0.008034894391798478
2025-12-27,2025-26,NO BET,9,0,0,0,,,,0.2425386930505608,-0.0007388032147023298,-0.008034894391798478
2025-12-28,2025-26,NO BET,6,0,0,0,,,,0.24375625728156464,-0.0007388032147023298,-0.008034894391798478
2025-12-29,2025-26,NO BET,11,0,0,0,,,,0.24776019189496473,-0.0007388032147023298,-0.008034894391798478
2025-12-30,2025-26,NO BET,4,0,0,0,,,,0.2421283796443111,-0.0007388032147023298,-0.008034894391798478
2025-12-31,2025-26,NO BET,9,0,0,0,,,,0.24679023924707277,-0.0007388032147023298,-0.008034894391798478
2026-01-01,2025-26,NO BET,5,0,0,0,,,,0.25033209183827465,-0.0007388032147023298,-0.008034894391798478
2026-01-02,2025-26,NO BET,10,0,0,0,,,,0.2496454754460085,-0.0007388032147023298,-0.008034894391798478
2026-01-03,2025-26,NO BET,8,0,0,0,,,,0.2463250973078343,-0.0007388032147023298,-0.008034894391798478
2026-01-04,2025-26,NO BET,8,0,0,0,,,,0.2459843743679922,-0.0007388032147023298,-0.008034894391798478
2026-01-05,2025-26,NO BET,8,0,0,0,,,,0.24577192819670146,-0.0007388032147023298,-0.008034894391798478
2026-01-06,2025-26,NO BET,6,0,0,0,,,,0.23633468754593073,-0.0007388032147023298,-0.008034894391798478
2026-01-07,2025-26,NO BET,12,0,0,0,,,,0.24457606235107676,-0.0007388032147023298,-0.008034894391798478
