date,game_key,away,home,side,opener,line,price,book,p,final,result,stake,pnl,kind,card_odds,card_won
2023-11-16,,Bryant Bulldogs,Boston University Terriers,OVER,135.5,132.5,1.6472977206485244,,0.6904056393227489,174.0,1,100.0,154.9178898051614,2.5+ card leg 1,2.549178898051614,1.0
2023-11-16,,Houston Cougars,Towson Tigers,UNDER,127.25,132.5,1.5474913041511573,,0.713650053933849,114.0,1,,,2.5+ card leg 2,2.549178898051614,1.0
2023-11-16,L295945,Denver Pioneers,SIU Edwardsville Cougars,UNDER,149.5,149.5,1.9090909090909092,betmgm,0.5529054638928188,151.0,-1,100.0,-100.0,straight,,
2023-11-16,L292900,Houston Cougars,Towson Tigers,UNDER,127.25,129.0,1.9090909090909092,draftkings,0.5556473704694682,114.0,1,100.0,90.90909090909092,straight,,
2023-11-16,L294788,Bryant Bulldogs,Boston University Terriers,OVER,135.5,133.0,1.9090909090909092,caesars,0.620301913661676,174.0,1,100.0,90.90909090909092,straight,,
2023-11-16,L293010,William & Mary Tribe,Omaha Mavericks,UNDER,149.0,149.5,1.9090909090909092,betmgm,0.5575868988224371,172.0,-1,100.0,-100.0,straight,,
2023-11-17,,Valparaiso Beacons,Illinois Fighting Illini,OVER,134.5,131.5,1.6472977206485244,,0.7273959260914395,151.0,1,101.36736071623343,154.64883220091676,2.5+ card leg 1,2.5256274910208902,1.0
2023-11-17,,Robert Morris Colonials,Wisconsin Badgers,UNDER,141.0,146.5,1.5331943092998248,,0.7168297132726237,146.0,1,,,2.5+ card leg 2,2.5256274910208902,1.0
2023-11-17,L292931,Sacred Heart Pioneers,UMBC Retrievers,UNDER,161.0,162.0,1.9090909090909092,bet365,0.5597569971102295,165.0,-1,101.36736071623343,-101.36736071623343,straight,,
2023-11-17,L301741,North Texas Mean Green,LSU Tigers,UNDER,128.5,129.5,1.9090909090909092,fanduel,0.5788422774908413,128.0,1,101.36736071623343,92.15214610566677,straight,,
2023-11-17,L292909,Lindenwood Lions,Omaha Mavericks,UNDER,150.0,150.5,1.9090909090909092,betmgm,0.5763266009493774,142.0,1,101.36736071623343,92.15214610566677,straight,,
2023-11-17,L301745,Houston Cougars,Utah Utes,UNDER,133.5,134.5,1.9090909090909092,betmgm,0.555586469977991,142.0,-1,101.36736071623343,-101.36736071623343,straight,,
2023-11-17,L292955,Hampton Pirates,Kent State Golden Flashes,UNDER,154.5,155.5,1.9090909090909092,bet365,0.5607559175504595,162.0,-1,101.36736071623343,-101.36736071623343,straight,,
2023-11-17,L292907,Robert Morris Colonials,Wisconsin Badgers,UNDER,141.0,141.5,1.9523809523809523,fanduel,0.5576530811688225,146.0,-1,101.36736071623343,-101.36736071623343,straight,,
2023-11-17,L292935,East Texas A&M Lions,Saint Joseph's Hawks,OVER,144.5,142.5,1.9090909090909092,draftkings,0.5643114327529941,111.0,-1,101.36736071623343,-101.36736071623343,straight,,
2023-11-17,L295946,SIU Edwardsville Cougars,Nicholls State Colonels,OVER,142.5,142.5,1.9090909090909092,bet365,0.5500019364875868,111.0,-1,101.36736071623343,-101.36736071623343,straight,,
2023-11-17,L294872,Davidson Wildcats,East Tennessee State Buccaneers,OVER,136.5,136.5,1.9090909090909092,betmgm,0.5608695275455344,138.0,1,101.36736071623343,92.15214610566677,straight,,
2023-11-17,L292930,Mississippi Valley State Delta Devils,TCU Horned Frogs,OVER,144.5,144.5,1.9090909090909092,betmgm,0.5661471055146433,138.0,-1,101.36736071623343,-101.36736071623343,straight,,
2023-11-17,L292937,Oral Roberts Golden Eagles,Texas A&M Aggies,OVER,148.0,148.0,1.9174311926605505,bet_rivers_co,0.5725809308519793,140.0,-1,101.36736071623343,-101.36736071623343,straight,,
2023-11-17,L292946,Mercer Bears,Alabama Crimson Tide,UNDER,148.5,150.5,1.8928571428571428,bet_rivers_co,0.5509022240743512,165.0,-1,101.36736071623343,-101.36736071623343,straight,,
2023-11-17,L292959,Southern University Jaguars,Western Illinois Leathernecks,OVER,143.0,142.0,1.9090909090909092,bet365,0.5934639148654379,168.0,1,101.36736071623343,92.15214610566677,straight,,
2023-11-17,L292906,Valparaiso Beacons,Illinois Fighting Illini,OVER,134.5,133.5,1.9090909090909092,bet365,0.6526599461511153,151.0,1,101.36736071623343,92.15214610566677,straight,,
2023-11-18,,North Carolina Central Eagles,Longwood Lancers,OVER,133.5,131.5,1.7224532897933247,,0.657527314119151,139.0,1,98.39839387906494,148.02617245114268,2.5+ card leg 1,2.504355575489088,1.0
2023-11-18,,Cal Poly Mustangs,Portland State Vikings,UNDER,141.5,148.5,1.4539468735257157,,0.7400494678714271,130.0,1,,,2.5+ card leg 2,2.504355575489088,1.0
2023-11-18,L294792,North Carolina Central Eagles,Longwood Lancers,OVER,133.5,132.5,1.9090909090909092,draftkings,0.6078789624987443,139.0,1,98.39839387906494,89.4530853446045,straight,,
2023-11-18,L292997,Penn Quakers,Maryland-Eastern Shore Hawks,OVER,141.5,140.5,1.9090909090909092,betmgm,0.5691064667770417,163.0,1,98.39839387906494,89.4530853446045,straight,,
2023-11-18,L301762,Hampton Pirates,Florida Gulf Coast Eagles,UNDER,148.5,149.0,1.9090909090909092,bet_rivers_co,0.5653578101628365,177.0,-1,98.39839387906494,-98.39839387906494,straight,,
2023-11-18,L293001,Cal Poly Mustangs,Portland State Vikings,UNDER,141.5,141.5,1.9090909090909092,betmgm,0.568144472046086,130.0,1,98.39839387906494,89.4530853446045,straight,,
2023-11-18,L292981,Texas Southern Tigers,Creighton Bluejays,OVER,142.5,141.5,1.9090909090909092,bet365,0.5697993474551583,132.0,-1,98.39839387906494,-98.39839387906494,straight,,
2023-11-18,L292994,Morgan State Bears,BYU Cougars,OVER,156.5,155.5,1.8333333333333335,fanduel,0.567934678203097,143.0,-1,98.39839387906494,-98.39839387906494,straight,,
2023-11-19,,Southern University Jaguars,Illinois Fighting Illini,OVER,148.0,144.5,1.612366425673126,,0.6994799716975806,148.0,1,99.61029634754256,151.27868057899556,2.5+ card leg 1,2.518705255641253,1.0
2023-11-19,,Dayton Flyers,Houston Cougars,UNDER,131.5,136.5,1.5621171562101654,,0.7101553258312436,124.0,1,,,2.5+ card leg 2,2.518705255641253,1.0
2023-11-19,L301756,Wyoming Cowboys,Furman Paladins,UNDER,153.5,153.5,1.9090909090909092,betmgm,0.5524091903374205,149.0,1,99.61029634754256,90.55481486140233,straight,,
2023-11-19,L294737,Utah Valley Wolverines,Southern Miss Golden Eagles,OVER,137.5,136.5,1.9090909090909092,draftkings,0.553828719177347,132.0,-1,99.61029634754256,-99.61029634754256,straight,,
2023-11-19,L293028,Manhattan Jaspers,Central Connecticut State Blue Devils,OVER,137.0,136.5,1.9090909090909092,betmgm,0.5677853473573996,130.0,-1,99.61029634754256,-99.61029634754256,straight,,
2023-11-19,L293030,UConn Huskies,Indiana Hoosiers,UNDER,144.5,145.5,1.9523809523809523,fanduel,0.5706900962185678,134.0,1,99.61029634754256,94.86694890242148,straight,,
2023-11-19,L298017,SIU Edwardsville Cougars,South Alabama Jaguars,OVER,128.0,127.0,1.9090909090909092,draftkings,0.5593987582397237,160.0,1,99.61029634754256,90.55481486140233,straight,,
2023-11-19,L294791,Prairie View A&M Panthers,Tennessee-Martin Skyhawks,OVER,151.5,150.5,1.9090909090909092,betmgm,0.5510749757670491,144.0,-1,99.61029634754256,-99.61029634754256,straight,,
2023-11-19,L292892,Lindenwood Lions,William & Mary Tribe,UNDER,147.5,148.0,1.9090909090909092,draftkings,0.5806885095059404,131.0,1,99.61029634754256,90.55481486140233,straight,,
2023-11-19,L295289,Little Rock Trojans,Georgia State Panthers,UNDER,153.0,154.5,1.8695652173913042,betmgm,0.5511751752129445,165.0,-1,99.61029634754256,-99.61029634754256,straight,,
2023-11-19,L295290,Elon Phoenix,Winthrop Eagles,UNDER,154.5,154.5,1.9090909090909092,betmgm,0.592858596640181,148.0,1,99.61029634754256,90.55481486140233,straight,,
2023-11-19,L301761,LSU Tigers,Wake Forest Demon Deacons,UNDER,150.0,150.0,1.9090909090909092,bet365,0.568815877723728,166.0,-1,99.61029634754256,-99.61029634754256,straight,,
2023-11-19,L293029,Texas Longhorns,Louisville Cardinals,UNDER,144.5,145.5,1.9090909090909092,draftkings,0.5522905655675981,161.0,-1,99.61029634754256,-99.61029634754256,straight,,
2023-11-19,L293012,Omaha Mavericks,Air Force Falcons,UNDER,136.0,137.5,1.9090909090909092,draftkings,0.552509876919937,114.0,1,99.61029634754256,90.55481486140233,straight,,
2023-11-19,L293013,Wofford Terriers,Virginia Tech Hokies,UNDER,149.5,149.5,1.9090909090909092,bet365,0.5673006844136022,174.0,-1,99.61029634754256,-99.61029634754256,straight,,
2023-11-19,L293026,Georgia Southern Eagles,Kennesaw State Owls,OVER,146.5,144.5,1.9090909090909092,betmgm,0.5745347264899885,188.0,1,99.61029634754256,90.55481486140233,straight,,
2023-11-19,L293014,Jackson State Tigers,Missouri Tigers,OVER,145.5,145.0,1.9174311926605505,bet_rivers_co,0.5606429632739345,145.0,0,99.61029634754256,0.0,straight,,
2023-11-19,L301767,South Carolina Gamecocks,Grand Canyon Antelopes,UNDER,144.5,144.5,1.9090909090909092,bet365,0.5871094902197156,143.0,1,99.61029634754256,90.55481486140233,straight,,
2023-11-19,L293009,Southern University Jaguars,Illinois Fighting Illini,OVER,148.0,147.5,1.9090909090909092,betmgm,0.6004485214467895,148.0,1,99.61029634754256,90.55481486140233,straight,,
2023-11-19,L293021,Brown Bears,USC Trojans,OVER,142.5,142.5,1.9090909090909092,betmgm,0.5723669483439899,151.0,1,99.61029634754256,90.55481486140233,straight,,
2023-11-19,L301755,Dayton Flyers,Houston Cougars,UNDER,131.5,131.5,1.9523809523809523,fanduel,0.586648066824928,124.0,1,99.61029634754256,94.86694890242148,straight,,
2023-11-20,,Indiana Hoosiers,Louisville Cardinals,UNDER,145.5,149.5,1.624049385268904,,0.7073845385212296,140.0,1,104.19763472457917,160.14711811376182,2.5+ card leg 1,2.536955407261128,1.0
2023-11-20,,Wisconsin Badgers,Virginia Cavaliers,UNDER,127.5,132.5,1.5621171562101654,,0.7144826738452353,106.0,1,,,2.5+ card leg 2,2.536955407261128,1.0
2023-11-20,L301776,Southern Miss Golden Eagles,Cal State Fullerton Titans,UNDER,137.5,137.5,1.9090909090909092,draftkings,0.5681459047412966,141.0,-1,104.19763472457917,-104.19763472457917,straight,,
2023-11-20,L293040,Siena Saints,Central Michigan Chippewas,UNDER,139.0,139.5,1.9090909090909092,bet365,0.5540800124500402,126.0,1,104.19763472457917,94.72512247689016,straight,,
2023-11-20,L293061,Long Beach State Beach,Illinois State Redbirds,UNDER,153.5,153.5,1.9090909090909092,betmgm,0.5688895187336257,113.0,1,104.19763472457917,94.72512247689016,straight,,
2023-11-20,L301778,Utah Valley Wolverines,Cornell Big Red,OVER,153.5,153.5,1.9090909090909092,draftkings,0.5506463728066177,135.0,-1,104.19763472457917,-104.19763472457917,straight,,
2023-11-20,L301781,Indiana Hoosiers,Louisville Cardinals,UNDER,145.5,146.0,1.9090909090909092,draftkings,0.6129116040933918,140.0,1,104.19763472457917,94.72512247689016,straight,,
2023-11-20,L295950,Austin Peay Governors,Tarleton State Texans,UNDER,138.5,139.5,1.9090909090909092,draftkings,0.5574066659936917,125.0,1,104.19763472457917,94.72512247689016,straight,,
2023-11-20,L293065,Wisconsin Badgers,Virginia Cavaliers,UNDER,127.5,128.0,1.9090909090909092,bet365,0.5947231928192361,106.0,1,104.19763472457917,94.72512247689016,straight,,
2023-11-20,L293052,Rider Broncs,Stony Brook Seawolves,OVER,137.5,137.5,1.9090909090909092,bet365,0.570837846399403,103.0,-1,104.19763472457917,-104.19763472457917,straight,,
2023-11-20,L293045,North Carolina Central Eagles,Campbell Fighting Camels,OVER,124.5,123.0,1.9090909090909092,caesars,0.5683103099828998,153.0,1,104.19763472457917,94.72512247689016,straight,,
2023-11-20,L293059,New Orleans Privateers,Oklahoma State Cowboys,OVER,144.5,141.5,1.9090909090909092,draftkings,0.5644675593454976,164.0,1,104.19763472457917,94.72512247689016,straight,,
2023-11-20,L293048,Stonehill Skyhawks,East Texas A&M Lions,OVER,138.5,138.0,1.9090909090909092,draftkings,0.5623481468094484,183.0,1,104.19763472457917,94.72512247689016,straight,,
2023-11-20,L293071,West Virginia Mountaineers,SMU Mustangs,OVER,143.5,143.0,1.9090909090909092,draftkings,0.5515796043759564,128.0,-1,104.19763472457917,-104.19763472457917,straight,,
2023-11-21,,Western Illinois Leathernecks,Valparaiso Beacons,OVER,138.0,136.5,1.7628404958138189,,0.6730783313499806,139.0,1,109.20921031488484,163.82817717377296,2.5+ card leg 1,2.5001315063207974,1.0
2023-11-21,,Hofstra Pride,Wright State Raiders,UNDER,157.75,165.5,1.4182403412321243,,0.7506298423931717,161.0,1,,,2.5+ card leg 2,2.5001315063207974,1.0
2023-11-21,L294795,Prairie View A&M Panthers,Eastern Kentucky Colonels,OVER,151.5,151.0,1.9090909090909092,bet365,0.5976011731123221,140.0,-1,109.20921031488484,-109.20921031488484,straight,,
2023-11-21,L293080,Texas State Bobcats,McNeese Cowboys,UNDER,138.5,140.5,1.9090909090909092,draftkings,0.5637273241030206,107.0,1,109.20921031488484,99.28110028625896,straight,,
2023-11-21,L301800,Florida State Seminoles,Colorado Buffaloes,UNDER,151.5,152.0,1.9090909090909092,bet365,0.5612890565899263,148.0,1,109.20921031488484,99.28110028625896,straight,,
2023-11-21,L298018,The Citadel Bulldogs,North Carolina Central Eagles,OVER,132.5,130.5,1.9090909090909092,fanduel,0.5846262642333342,128.0,-1,109.20921031488484,-109.20921031488484,straight,,
2023-11-21,L293082,Lehigh Mountain Hawks,Monmouth Hawks,OVER,146.5,146.0,1.9090909090909092,caesars,0.5504695533394112,167.0,1,109.20921031488484,99.28110028625896,straight,,
2023-11-21,L301803,Hofstra Pride,Wright State Raiders,UNDER,157.75,159.5,1.9090909090909092,fanduel,0.5778790826692428,161.0,-1,109.20921031488484,-109.20921031488484,straight,,
2023-11-21,L293090,Western Illinois Leathernecks,Valparaiso Beacons,OVER,138.0,136.5,1.9090909090909092,draftkings,0.6274102272044111,139.0,1,109.20921031488484,99.28110028625896,straight,,
2023-11-21,L293078,Texas Southern Tigers,Oral Roberts Golden Eagles,OVER,144.5,143.0,1.9090909090909092,bet365,0.5755688086217029,128.0,-1,109.20921031488484,-109.20921031488484,straight,,
2023-11-21,L294929,Fresno State Bulldogs,New Mexico State Aggies,UNDER,143.5,145.0,1.9090909090909092,caesars,0.5824033671623927,157.0,-1,109.20921031488484,-109.20921031488484,straight,,
2023-11-22,,Maryland-Eastern Shore Hawks,Notre Dame Fighting Irish,OVER,133.0,131.5,1.7628404958138189,,0.6440431378681631,130.0,-1,109.35827558232869,-109.35827558232869,2.5+ card leg 1,2.52063002742611,0.0
2023-11-22,,Southern Utah Thunderbirds,Texas State Bobcats,UNDER,144.0,151.5,1.4298684613904653,,0.7619211888437231,141.0,1,,,2.5+ card leg 2,2.52063002742611,0.0
2023-11-22,L294797,Southern Utah Thunderbirds,Texas State Bobcats,UNDER,144.0,144.5,1.8695652173913042,betmgm,0.5731720959784095,141.0,1,109.35827558232869,95.0941526802858,straight,,
2023-11-22,L295294,Georgia State Panthers,Little Rock Trojans,UNDER,158.5,159.0,1.9090909090909092,bet365,0.5604558550960866,183.0,-1,109.35827558232869,-109.35827558232869,straight,,
2023-11-22,L301798,Austin Peay Governors,Sacramento State Hornets,OVER,131.5,131.5,1.9523809523809523,betmgm,0.560537065952605,145.0,1,109.35827558232869,104.15073864983684,straight,,
2023-11-22,L293122,Creighton Bluejays,Loyola Chicago Ramblers,OVER,145.5,144.5,1.9090909090909092,draftkings,0.556219571318171,153.0,1,109.35827558232869,99.41661416575336,straight,,
2023-11-22,L293124,Princeton Tigers,Old Dominion Monarchs,OVER,134.0,134.0,1.9090909090909092,bet365,0.5582033063105474,132.0,-1,109.35827558232869,-109.35827558232869,straight,,
2023-11-22,L293112,McNeese Cowboys,Louisiana Tech Bulldogs,UNDER,144.75,145.5,1.8695652173913042,fanduel,0.5663102943768368,133.0,1,109.35827558232869,95.0941526802858,straight,,
2023-11-22,L301795,Cal State Bakersfield Roadrunners,Tarleton State Texans,UNDER,137.5,138.5,1.9090909090909092,caesars,0.5625302627256601,99.0,1,109.35827558232869,99.41661416575336,straight,,
2023-11-22,L293128,Maryland-Eastern Shore Hawks,Notre Dame Fighting Irish,OVER,133.0,133.0,1.9090909090909092,bet365,0.592306544090879,130.0,-1,109.35827558232869,-109.35827558232869,straight,,
2023-11-22,L293111,Alabama State Hornets,Samford Bulldogs,OVER,150.0,147.5,1.9090909090909092,draftkings,0.5592476486777581,166.0,1,109.35827558232869,99.41661416575336,straight,,
2023-11-22,L293119,South Dakota State Jackrabbits,Southern Miss Golden Eagles,UNDER,145.5,145.5,1.9090909090909092,draftkings,0.5590405201486424,119.0,1,109.35827558232869,99.41661416575336,straight,,
2023-11-22,L293110,Idaho Vandals,Seattle Redhawks,OVER,138.5,138.5,1.9090909090909092,draftkings,0.5593130100712912,147.0,1,109.35827558232869,99.41661416575336,straight,,
2023-11-22,L293107,UC Riverside Highlanders,Montana State Bobcats,OVER,128.5,128.5,1.9523809523809523,betmgm,0.5769913707989437,137.0,1,109.35827558232869,104.15073864983684,straight,,
2023-11-22,L293131,Florida Gators,Pittsburgh Panthers,UNDER,156.75,158.0,1.9090909090909092,draftkings,0.5555673101245067,157.0,1,109.35827558232869,99.41661416575336,straight,,
2023-11-22,L294800,New Mexico Lobos,Rice Owls,UNDER,164.0,164.5,1.9090909090909092,betmgm,0.560711386704534,146.0,1,109.35827558232869,99.41661416575336,straight,,
2023-11-23,,Tulane Green Wave,California Golden Bears,UNDER,155.5,158.5,1.6918202619775498,,0.6698656542741098,165.0,-1,115.92800537724072,-115.92800537724072,2.5+ card leg 1,2.547136685161815,0.0
2023-11-23,,Boise State Broncos,Virginia Tech Hokies,UNDER,142.5,148.5,1.5055598649613613,,0.6921545393229914,157.0,-1,,,2.5+ card leg 2,2.547136685161815,0.0
2023-11-23,L301838,Tulane Green Wave,California Golden Bears,UNDER,155.5,156.5,1.9090909090909092,draftkings,0.6026787717643214,165.0,-1,115.92800537724072,-115.92800537724072,straight,,
2023-11-23,L301887,North Carolina Tar Heels,Villanova Wildcats,UNDER,146.5,147.5,1.9090909090909092,bet365,0.5550662069103849,164.0,-1,115.92800537724072,-115.92800537724072,straight,,
2023-11-24,,Bryant Bulldogs,Xavier Musketeers,OVER,145.0,143.5,1.8695652173913042,,0.7055691049853753,175.0,1,112.4501652159235,184.0713388258925,2.5+ card leg 1,2.636914792187669,1.0
2023-11-24,,Western Illinois Leathernecks,Illinois Fighting Illini,OVER,140.5,133.5,1.4104427958213115,,0.7961620365569299,136.0,1,,,2.5+ card leg 2,2.636914792187669,1.0
2023-11-24,L293140,BYU Cougars,Arizona State Sun Devils,OVER,141.0,140.0,1.8695652173913042,caesars,0.5508530129843782,126.0,-1,112.4501652159235,-112.4501652159235,straight,,
2023-11-24,L293148,Mercer Bears,Tennessee State Tigers,UNDER,142.5,143.0,1.9090909090909092,draftkings,0.5711145509410477,119.0,1,112.4501652159235,102.22742292356683,straight,,
2023-11-24,L293156,Bryant Bulldogs,Xavier Musketeers,OVER,145.0,143.5,1.8695652173913042,fanduel,0.6573386960842187,175.0,1,112.4501652159235,97.78275236167259,straight,,
2023-11-24,L301896,Penn State Nittany Lions,Butler Bulldogs,UNDER,147.5,147.5,1.9090909090909092,betmgm,0.5727718363523451,166.0,-1,112.4501652159235,-112.4501652159235,straight,,
2023-11-24,L298021,Nicholls State Colonels,Mississippi State Bulldogs,OVER,137.5,136.5,1.9090909090909092,fanduel,0.5749413920081615,135.0,-1,112.4501652159235,-112.4501652159235,straight,,
2023-11-24,L295956,Manhattan Jaspers,UConn Huskies,OVER,139.0,139.0,1.9090909090909092,bet365,0.5512144153299063,150.0,1,112.4501652159235,102.22742292356683,straight,,
2023-11-24,L293167,Toledo Rockets,Indiana State Sycamores,UNDER,165.5,166.0,1.9090909090909092,draftkings,0.5794079689167557,150.0,1,112.4501652159235,102.22742292356683,straight,,
2023-11-24,L294805,Davidson Wildcats,Saint Mary's Gaels,OVER,120.5,120.5,1.9090909090909092,betmgm,0.5990982306371997,144.0,1,112.4501652159235,102.22742292356683,straight,,
2023-11-24,L293171,Lafayette Leopards,Penn Quakers,OVER,133.5,132.5,1.9090909090909092,betmgm,0.5526224170471765,146.0,1,112.4501652159235,102.22742292356683,straight,,
2023-11-24,L293170,Middle Tennessee Blue Raiders,UIC Flames,OVER,129.5,129.5,1.9090909090909092,betmgm,0.5638656898844038,110.0,-1,112.4501652159235,-112.4501652159235,straight,,
2023-11-24,L301901,Iowa State Cyclones,Virginia Tech Hokies,UNDER,141.5,143.0,1.9090909090909092,caesars,0.5870733505121228,133.0,1,112.4501652159235,102.22742292356683,straight,,
2023-11-24,L293152,Lehigh Mountain Hawks,Providence Friars,OVER,143.5,142.5,1.9090909090909092,caesars,0.5777393128577344,142.0,-1,112.4501652159235,-112.4501652159235,straight,,
2023-11-24,L293161,Marshall Thundering Herd,Kentucky Wildcats,OVER,156.5,153.5,1.9090909090909092,draftkings,0.5525144658324798,200.0,1,112.4501652159235,102.22742292356683,straight,,
2023-11-24,L293142,Western Illinois Leathernecks,Illinois Fighting Illini,OVER,140.5,140.5,1.9090909090909092,betmgm,0.6390002648507509,136.0,-1,112.4501652159235,-112.4501652159235,straight,,
2023-11-24,L293160,Le Moyne Dolphins,Pacific Tigers,OVER,148.0,147.5,1.9090909090909092,betmgm,0.5540786338981518,144.0,-1,112.4501652159235,-112.4501652159235,straight,,
2023-11-25,,Southern University Jaguars,Valparaiso Beacons,OVER,145.5,142.5,1.6472977206485244,,0.6800902081424963,130.0,-1,114.55311416733419,-114.55311416733419,2.5+ card leg 1,2.5490509394158583,0.0
2023-11-25,,Army Black Knights,Binghamton Bearcats,OVER,128.0,123.5,1.5474136262462153,,0.707645468433275,143.0,1,,,2.5+ card leg 2,2.5490509394158583,0.0
2023-11-25,L294751,Loyola Maryland Greyhounds,Missouri Tigers,OVER,137.0,135.5,1.9090909090909092,bet365,0.5783763239648818,148.0,1,114.55311416733419,104.13919469757654,straight,,
2023-11-25,L301910,Mercer Bears,Western Michigan Broncos,UNDER,133.0,133.5,1.8695652173913042,betmgm,0.5547939517232384,138.0,-1,114.55311416733419,-114.55311416733419,straight,,
2023-11-25,L301913,Middle Tennessee Blue Raiders,Ohio Bobcats,OVER,131.5,131.0,1.9090909090909092,draftkings,0.5802569085625112,148.0,1,114.55311416733419,104.13919469757654,straight,,
2023-11-25,L293181,Evansville Purple Aces,Southeast Missouri State Redhawks,OVER,141.5,141.0,1.9090909090909092,bet365,0.5722123299090697,167.0,1,114.55311416733419,104.13919469757654,straight,,
2023-11-25,L293185,Army Black Knights,Binghamton Bearcats,OVER,128.0,127.5,1.9090909090909092,bet365,0.5801382203353173,143.0,1,114.55311416733419,104.13919469757654,straight,,
2023-11-25,L298223,Western Kentucky Hilltoppers,Canisius Golden Griffins,OVER,146.5,146.5,1.9090909090909092,bet365,0.5632582226479549,162.0,1,114.55311416733419,104.13919469757654,straight,,
2023-11-25,L293186,UMBC Retrievers,William & Mary Tribe,UNDER,160.5,160.5,1.9090909090909092,bet365,0.5729597932584075,177.0,-1,114.55311416733419,-114.55311416733419,straight,,
2023-11-25,L295371,Tennessee-Martin Skyhawks,Chicago State Cougars,OVER,149.5,147.5,1.9090909090909092,draftkings,0.5715485448535018,165.0,1,114.55311416733419,104.13919469757654,straight,,
2023-11-25,L293210,Eastern Michigan Eagles,Central Arkansas Bears,OVER,141.0,140.0,1.9090909090909092,caesars,0.5626296739840596,145.0,1,114.55311416733419,104.13919469757654,straight,,
2023-11-25,L294752,Southern University Jaguars,Valparaiso Beacons,OVER,145.5,144.5,1.9090909090909092,draftkings,0.6108397920005509,130.0,-1,114.55311416733419,-114.55311416733419,straight,,
2023-11-25,L293184,Texas Southern Tigers,Drake Bulldogs,OVER,135.0,135.0,1.9090909090909092,bet365,0.5726920318387676,148.0,1,114.55311416733419,104.13919469757654,straight,,
2023-11-25,L293195,Norfolk State Spartans,Wichita State Shockers,OVER,142.5,141.5,1.9090909090909092,caesars,0.5615695466093603,147.0,1,114.55311416733419,104.13919469757654,straight,,
2023-11-25,L301914,UIC Flames,George Washington Revolutionaries,OVER,144.75,144.0,1.9090909090909092,draftkings,0.5820667839785805,168.0,1,114.55311416733419,104.13919469757654,straight,,
2023-11-25,L293213,Vermont Catamounts,Bradley Braves,OVER,127.5,127.5,1.9090909090909092,bet365,0.5668100612568376,149.0,1,114.55311416733419,104.13919469757654,straight,,
2023-11-25,L295370,Dartmouth Big Green,Saint Louis Billikens,OVER,148.25,147.5,1.9090909090909092,caesars,0.5748719469466583,131.0,-1,114.55311416733419,-114.55311416733419,straight,,
2023-11-26,,North Carolina Central Eagles,Coastal Carolina Chanticleers,OVER,145.0,142.5,1.68396673857181,,0.6537228777354923,128.0,-1,120.2807698757009,-120.2807698757009,2.5+ card leg 1,2.506637964661862,0.0
2023-11-26,,Coppin State Eagles,La Salle Explorers,OVER,133.0,127.5,1.4885317549607708,,0.7293687127279673,143.0,1,,,2.5+ card leg 2,2.506637964661862,0.0
2023-11-26,L293233,Sacred Heart Pioneers,Saint Joseph's Hawks,OVER,149.0,149.0,1.9090909090909092,bet365,0.5507872785649007,119.0,-1,120.2807698757009,-120.2807698757009,straight,,
2023-11-26,L301911,Florida Atlantic Owls,Virginia Tech Hokies,UNDER,152.0,152.5,1.9090909090909092,fanduel,0.5649733922987922,134.0,1,120.2807698757009,109.34615443245538,straight,,
2023-11-26,L293239,Coppin State Eagles,La Salle Explorers,OVER,133.0,132.5,1.9090909090909092,bet_rivers_co,0.576093487360562,143.0,1,120.2807698757009,109.34615443245538,straight,,
2023-11-26,L295959,Lipscomb Bisons,Wofford Terriers,UNDER,160.5,162.5,1.9090909090909092,bet365,0.5693592217981794,163.0,-1,120.2807698757009,-120.2807698757009,straight,,
2023-11-26,L294766,Southeast Missouri State Redhawks,Chattanooga Mocs,OVER,149.5,149.0,1.9090909090909092,draftkings,0.5515192780770488,128.0,-1,120.2807698757009,-120.2807698757009,straight,,
2023-11-26,L296000,North Carolina Central Eagles,Coastal Carolina Chanticleers,OVER,145.0,142.5,1.9090909090909092,draftkings,0.5856436850994597,128.0,-1,120.2807698757009,-120.2807698757009,straight,,
2023-11-26,L293236,Louisiana-Monroe Warhawks,SMU Mustangs,OVER,137.0,136.5,1.8695652173913042,betmgm,0.5531645902902609,127.0,-1,120.2807698757009,-120.2807698757009,straight,,
2023-11-26,L293242,New Orleans Privateers,Central Arkansas Bears,OVER,153.0,152.5,1.9090909090909092,betmgm,0.5510808895819119,153.0,1,120.2807698757009,109.34615443245538,straight,,
2023-11-26,L293238,North Alabama Lions,Western Carolina Catamounts,OVER,146.5,146.5,1.9090909090909092,bet365,0.5529139644005941,144.0,-1,120.2807698757009,-120.2807698757009,straight,,
2023-11-26,L293224,Yale Bulldogs,Rhode Island Rams,OVER,140.25,139.5,1.8695652173913042,fanduel,0.5649278100370951,148.0,1,120.2807698757009,104.59197380495729,straight,,
2023-11-26,L293228,Mississippi Valley State Delta Devils,Pacific Tigers,OVER,138.0,138.0,1.9174311926605505,bet_rivers_co,0.5713780818598393,133.0,-1,120.2807698757009,-120.2807698757009,straight,,
2023-11-27,,Oakland Golden Grizzlies,Xavier Musketeers,OVER,148.5,145.5,1.6472977206485244,,0.6606314351020495,154.0,1,114.98461265666808,172.7766411079778,2.5+ card leg 1,2.502606628104846,1.0
2023-11-27,,UC Santa Barbara Gauchos,Fresno State Bulldogs,UNDER,144.75,150.5,1.5192193838036727,,0.71316416623642,134.0,1,,,2.5+ card leg 2,2.502606628104846,1.0
2023-11-27,L293253,Oakland Golden Grizzlies,Xavier Musketeers,OVER,148.5,147.5,1.8695652173913042,fanduel,0.5887347141307471,154.0,1,114.98461265666808,99.98661970145048,straight,,
2023-11-27,L293249,UMBC Retrievers,Hampton Pirates,UNDER,167.5,167.5,1.9090909090909092,betmgm,0.567181986683697,156.0,1,114.98461265666808,104.53146605151645,straight,,
2023-11-27,L293255,Troy Trojans,Eastern Kentucky Colonels,OVER,150.5,150.5,1.9090909090909092,betmgm,0.5866760866584184,153.0,1,114.98461265666808,104.53146605151645,straight,,
2023-11-27,L294930,UC Santa Barbara Gauchos,Fresno State Bulldogs,UNDER,144.75,145.5,1.8695652173913042,betmgm,0.5722956237929788,134.0,1,114.98461265666808,99.98661970145048,straight,,
2023-11-27,L294874,North Dakota State Bison,San Jose State Spartans,OVER,132.5,132.5,1.9090909090909092,bet365,0.5595368739520685,143.0,1,114.98461265666808,104.53146605151645,straight,,
2023-11-28,,Wagner Seahawks,Providence Friars,OVER,121.75,119.5,1.7029777064138392,,0.7005221068378332,138.0,1,121.84805544332235,184.15818212569118,2.5+ card leg 1,2.5113756346432003,1.0
2023-11-28,,Eastern Illinois Panthers,Kansas Jayhawks,OVER,139.25,133.5,1.474696718098383,,0.7499810780654768,134.0,1,,,2.5+ card leg 2,2.5113756346432003,1.0
2023-11-28,L294772,Georgia Southern Eagles,Michigan State Spartans,OVER,137.5,137.5,1.9090909090909092,betmgm,0.5530551523360954,141.0,1,121.84805544332235,110.77095949392942,straight,,
2023-11-28,L293264,Wagner Seahawks,Providence Friars,OVER,121.75,121.0,1.9090909090909092,bet365,0.6200670002272868,138.0,1,121.84805544332235,110.77095949392942,straight,,
2023-11-28,L293267,Western Carolina Catamounts,Tennessee Tech Golden Eagles,OVER,142.5,141.5,1.9090909090909092,bet365,0.55954320114381,134.0,-1,121.84805544332235,-121.84805544332235,straight,,
2023-11-28,L295896,Southern Illinois Salukis,Indiana State Sycamores,UNDER,147.5,148.5,1.9090909090909092,fanduel,0.557932366428,125.0,1,121.84805544332235,110.77095949392942,straight,,
2023-11-28,L293265,Eastern Illinois Panthers,Kansas Jayhawks,OVER,139.25,138.5,1.9090909090909092,caesars,0.6022085211694577,134.0,-1,121.84805544332235,-121.84805544332235,straight,,
2023-11-28,L294770,Oral Roberts Golden Eagles,Kansas State Wildcats,OVER,153.5,152.0,1.9090909090909092,caesars,0.5900326587674056,166.0,1,121.84805544332235,110.77095949392942,straight,,
2023-11-28,L293261,Texas Southern Tigers,Purdue Boilermakers,OVER,137.5,136.5,1.9090909090909092,fanduel,0.5725049982380745,166.0,1,121.84805544332235,110.77095949392942,straight,,
2023-11-28,L293266,Southern University Jaguars,Marquette Golden Eagles,OVER,147.5,147.0,1.9523809523809523,caesars,0.6057058416788393,149.0,1,121.84805544332235,116.04576708887842,straight,,
2023-11-28,L295301,Cal State Bakersfield Roadrunners,Gonzaga Bulldogs,OVER,139.0,139.0,1.9090909090909092,bet365,0.5503482729099902,146.0,1,121.84805544332235,110.77095949392942,straight,,
2023-11-29,,Dartmouth Big Green,Vermont Catamounts,OVER,132.5,130.5,1.7224532897933247,,0.6641434716153306,117.0,-1,129.05939139623737,-129.05939139623737,2.5+ card leg 1,2.504355575489088,0.0
2023-11-29,,Robert Morris Colonials,Northern Kentucky Norse,UNDER,141.5,148.5,1.4539468735257157,,0.7354871281544975,136.0,1,,,2.5+ card leg 2,2.504355575489088,0.0
2023-11-29,L293310,Central Connecticut State Blue Devils,Army Black Knights,OVER,127.5,127.5,1.9090909090909092,bet365,0.5721558713068599,130.0,1,129.05939139623737,117.3267194511249,straight,,
2023-11-29,L293281,East Tennessee State Buccaneers,Appalachian State Mountaineers,OVER,139.0,137.5,1.9090909090909092,fanduel,0.5619513466877764,133.0,-1,129.05939139623737,-129.05939139623737,straight,,
2023-11-29,L293296,Stony Brook Seawolves,Yale Bulldogs,OVER,138.0,137.0,1.9090909090909092,draftkings,0.5612393073643056,150.0,1,129.05939139623737,117.3267194511249,straight,,
2023-11-29,L293297,Princeton Tigers,Bucknell Bison,OVER,132.5,132.5,1.9090909090909092,bet365,0.5874753005786305,156.0,1,129.05939139623737,117.3267194511249,straight,,
2023-11-29,L293299,Robert Morris Colonials,Northern Kentucky Norse,UNDER,141.5,141.5,1.9090909090909092,bet365,0.5748834482205575,136.0,1,129.05939139623737,117.3267194511249,straight,,
2023-11-29,L293308,St. Francis (PA) Red Flash,Lehigh Mountain Hawks,OVER,143.5,143.5,1.9090909090909092,betmgm,0.5627599704379946,123.0,-1,129.05939139623737,-129.05939139623737,straight,,
2023-11-29,L294831,Dartmouth Big Green,Vermont Catamounts,OVER,132.5,132.0,1.9090909090909092,bet365,0.6131884355572399,117.0,-1,129.05939139623737,-129.05939139623737,straight,,
2023-11-29,L295373,Drexel Dragons,Lafayette Leopards,OVER,123.5,123.0,1.9090909090909092,caesars,0.5537223096736066,117.0,-1,129.05939139623737,-129.05939139623737,straight,,
2023-11-29,L293316,Loyola Maryland Greyhounds,Columbia Lions,OVER,143.5,143.5,1.9090909090909092,draftkings,0.5515021638655883,126.0,-1,129.05939139623737,-129.05939139623737,straight,,
2023-11-29,L293283,Richmond Spiders,Wichita State Shockers,OVER,141.5,141.5,1.9523809523809523,betmgm,0.5804218672071729,148.0,1,129.05939139623737,122.91370609165463,straight,,
2023-11-29,L293295,Seattle Redhawks,Utah Valley Wolverines,OVER,137.5,135.0,1.9090909090909092,caesars,0.5829068251967603,150.0,1,129.05939139623737,117.3267194511249,straight,,
2023-11-29,L295899,Drake Bulldogs,Valparaiso Beacons,OVER,142.5,141.5,1.9090909090909092,draftkings,0.5723305576070845,148.0,1,129.05939139623737,117.3267194511249,straight,,
2023-11-29,L293322,Virginia Tech Hokies,Auburn Tigers,UNDER,150.5,152.0,1.9090909090909092,caesars,0.5512696734446879,131.0,1,129.05939139623737,117.3267194511249,straight,,
2023-11-29,L294876,Northern Colorado Bears,San Diego Toreros,OVER,148.5,148.5,1.9090909090909092,betmgm,0.564515482776232,146.0,-1,129.05939139623737,-129.05939139623737,straight,,
2023-11-29,L293324,Central Arkansas Bears,Loyola Marymount Lions,OVER,145.5,145.5,1.9174311926605505,bet_rivers_co,0.5555354451869405,153.0,1,129.05939139623737,118.40311137269484,straight,,
2023-11-30,,Creighton Bluejays,Oklahoma State Cowboys,OVER,140.0,136.5,1.612366425673126,,0.6885589592937337,144.0,1,130.651272534723,198.42077425470148,2.5+ card leg 1,2.518705255641253,1.0
2023-11-30,,Hawai'i Rainbow Warriors,Utah Utes,UNDER,146.5,151.5,1.5621171562101654,,0.690235598568379,145.0,1,,,2.5+ card leg 2,2.518705255641253,1.0
2023-11-30,L293343,Tennessee Tech Golden Eagles,North Alabama Lions,OVER,144.0,144.0,1.9090909090909092,bet365,0.5509078849012887,157.0,1,130.651272534723,118.77388412247547,straight,,
2023-11-30,L293325,Creighton Bluejays,Oklahoma State Cowboys,OVER,140.0,138.0,1.9090909090909092,caesars,0.5931935861185077,144.0,1,130.651272534723,118.77388412247547,straight,,
2023-11-30,L298082,Hawai'i Rainbow Warriors,Utah Utes,UNDER,146.5,148.0,1.9090909090909092,draftkings,0.5716100621751342,145.0,1,130.651272534723,118.77388412247547,straight,,
2023-11-30,L293335,UC Riverside Highlanders,UCLA Bruins,OVER,129.5,128.5,1.9090909090909092,fanduel,0.5650545213214175,131.0,1,130.651272534723,118.77388412247547,straight,,
2023-12-01,,Bryant Bulldogs,Brown Bears,OVER,147.0,145.5,1.7628404958138189,,0.6660458956406038,135.0,-1,137.38643564216903,-137.38643564216903,2.5+ card leg 1,2.52063002742611,0.0
2023-12-01,,Saint Peter's Peacocks,Niagara Purple Eagles,UNDER,124.0,131.5,1.4298684613904653,,0.7419147453667702,139.0,-1,,,2.5+ card leg 2,2.52063002742611,0.0
2023-12-01,L295377,Maryland Terrapins,Indiana Hoosiers,UNDER,137.5,138.5,1.9090909090909092,draftkings,0.5527609691367187,118.0,1,137.38643564216903,124.89675967469913,straight,,
2023-12-01,L293358,Bryant Bulldogs,Brown Bears,OVER,147.0,146.0,1.9090909090909092,caesars,0.6217938818343238,135.0,-1,137.38643564216903,-137.38643564216903,straight,,
2023-12-01,L293356,SIU Edwardsville Cougars,Troy Trojans,OVER,140.5,140.5,1.9090909090909092,bet365,0.557499589298913,143.0,1,137.38643564216903,124.89675967469913,straight,,
2023-12-02,,USC Upstate Spartans,North Carolina Central Eagles,OVER,133.0,129.5,1.612366425673126,,0.6988060505153968,167.0,1,137.1366421228196,-137.1366421228196,2.5+ card leg 1,2.546081757780756,0.0
2023-12-02,,Wagner Seahawks,Stony Brook Seawolves,OVER,123.5,119.5,1.5790962384482952,,0.7038594088660566,119.0,-1,,,2.5+ card leg 2,2.546081757780756,0.0
2023-12-02,L295966,Syracuse Orange,Virginia Cavaliers,OVER,128.25,128.0,1.9090909090909092,draftkings,0.5672287525358068,146.0,1,137.1366421228196,124.66967465710874,straight,,
2023-12-02,L295905,Mississippi Valley State Delta Devils,North Texas Mean Green,OVER,118.5,117.5,1.9090909090909092,caesars,0.5713499674439562,127.0,1,137.1366421228196,124.66967465710874,straight,,
2023-12-02,L295910,Valparaiso Beacons,Belmont Bruins,OVER,153.5,152.5,1.9090909090909092,draftkings,0.574270007489992,145.0,-1,137.1366421228196,-137.1366421228196,straight,,
2023-12-02,L293386,North Alabama Lions,Kansas State Wildcats,OVER,152.5,152.5,1.9174311926605505,bet_rivers_co,0.5709833833607548,149.0,-1,137.1366421228196,-137.1366421228196,straight,,
2023-12-02,L294938,Colgate Raiders,Arizona Wildcats,OVER,149.5,149.5,1.9174311926605505,bet_rivers_co,0.5750144679907502,137.0,-1,137.1366421228196,-137.1366421228196,straight,,
2023-12-02,L293395,Purdue Fort Wayne Mastodons,Oakland Golden Grizzlies,OVER,148.5,148.5,1.9090909090909092,betmgm,0.5618550887161977,175.0,1,137.1366421228196,124.66967465710874,straight,,
2023-12-02,L293399,Nicholls State Colonels,Louisiana Tech Bulldogs,OVER,139.5,139.5,1.9090909090909092,bet365,0.5815226119730715,123.0,-1,137.1366421228196,-137.1366421228196,straight,,
2023-12-02,L294897,USC Upstate Spartans,North Carolina Central Eagles,OVER,133.0,133.0,1.9090909090909092,bet365,0.6058252734947431,167.0,1,137.1366421228196,124.66967465710874,straight,,
2023-12-02,L293411,Wagner Seahawks,Stony Brook Seawolves,OVER,123.5,122.5,1.9090909090909092,caesars,0.6072184299656356,119.0,-1,137.1366421228196,-137.1366421228196,straight,,
2023-12-02,L293382,FDU Knights,NJIT Highlanders,UNDER,164.75,165.5,1.9090909090909092,draftkings,0.5548644917413519,139.0,1,137.1366421228196,124.66967465710874,straight,,
2023-12-02,L295379,Illinois Fighting Illini,Rutgers Scarlet Knights,OVER,135.5,135.0,1.9090909090909092,draftkings,0.5955609118796475,134.0,-1,137.1366421228196,-137.1366421228196,straight,,
2023-12-02,L293416,Pacific Tigers,Northern Arizona Lumberjacks,OVER,142.5,141.5,1.9090909090909092,draftkings,0.5599582455139854,136.0,-1,137.1366421228196,-137.1366421228196,straight,,
2023-12-02,L293393,Bowling Green Falcons,Southern Indiana Screaming Eagles,OVER,143.5,143.0,1.9090909090909092,bet365,0.5895918510073057,106.0,-1,137.1366421228196,-137.1366421228196,straight,,
2023-12-02,L293396,Cal Poly Mustangs,Idaho Vandals,OVER,132.5,132.5,1.9090909090909092,betmgm,0.5575432215736915,155.0,1,137.1366421228196,124.66967465710874,straight,,
2023-12-02,L293387,UT Rio Grande Valley Vaqueros,Tarleton State Texans,OVER,140.5,140.5,1.9090909090909092,betmgm,0.5730008390372702,152.0,1,137.1366421228196,124.66967465710874,straight,,
2023-12-02,L293405,Western Carolina Catamounts,Gardner-Webb Runnin' Bulldogs,OVER,139.5,139.5,1.9090909090909092,bet365,0.5578085019982059,159.0,1,137.1366421228196,124.66967465710874,straight,,
2023-12-02,L293384,Yale Bulldogs,Vermont Catamounts,OVER,135.5,135.5,1.9523809523809523,betmgm,0.5754421366829932,131.0,-1,137.1366421228196,-137.1366421228196,straight,,
2023-12-02,L301941,Temple Owls,Saint Joseph's Hawks,OVER,144.5,144.5,1.9090909090909092,betmgm,0.5784805664109939,139.0,-1,137.1366421228196,-137.1366421228196,straight,,
2023-12-02,L293375,Rhode Island Rams,Providence Friars,OVER,142.5,142.5,1.9090909090909092,bet365,0.5704805462244426,153.0,1,137.1366421228196,124.66967465710874,straight,,
2023-12-02,L293398,Dartmouth Big Green,University at Albany Great Danes,OVER,144.5,144.5,1.9090909090909092,betmgm,0.5573205991423132,141.0,-1,137.1366421228196,-137.1366421228196,straight,,
2023-12-02,L294902,Tulsa Golden Hurricane,Oral Roberts Golden Eagles,OVER,145.0,143.0,1.9090909090909092,draftkings,0.5694477258162738,149.0,1,137.1366421228196,124.66967465710874,straight,,
2023-12-02,L293361,Utah Valley Wolverines,Utah Tech Trailblazers,OVER,141.0,139.5,1.9090909090909092,draftkings,0.5576237826710311,118.0,-1,137.1366421228196,-137.1366421228196,straight,,
2023-12-02,L294888,UC Irvine Anteaters,Utah State Aggies,OVER,139.5,138.0,1.9090909090909092,draftkings,0.5683697827302381,148.0,1,137.1366421228196,124.66967465710874,straight,,
2023-12-03,,East Texas A&M Lions,SMU Mustangs,OVER,137.5,135.5,1.7224532897933247,,0.6413478632813678,137.0,1,133.02254285913503,200.11320401587594,2.5+ card leg 1,2.504355575489088,1.0
2023-12-03,,Quinnipiac Bobcats,Niagara Purple Eagles,UNDER,149.5,156.5,1.4539468735257157,,0.7348366287376595,143.0,1,,,2.5+ card leg 2,2.504355575489088,1.0
2023-12-03,L293418,Coppin State Eagles,Navy Midshipmen,OVER,123.0,123.0,1.9090909090909092,bet365,0.553242148634002,127.0,1,133.02254285913503,120.92958441739549,straight,,
2023-12-03,L294908,Quinnipiac Bobcats,Niagara Purple Eagles,UNDER,149.5,150.5,1.9090909090909092,betmgm,0.569594694540096,143.0,1,133.02254285913503,120.92958441739549,straight,,
2023-12-03,L293419,East Texas A&M Lions,SMU Mustangs,OVER,137.5,137.5,1.9090909090909092,betmgm,0.5912981753960495,137.0,-1,133.02254285913503,-133.02254285913503,straight,,
2023-12-03,L294904,San Francisco Dons,Arizona State Sun Devils,OVER,134.5,134.5,1.9090909090909092,betmgm,0.5822780544668807,133.0,-1,133.02254285913503,-133.02254285913503,straight,,
2023-12-03,L293421,Wichita State Shockers,Missouri Tigers,OVER,144.0,143.5,1.8771929824561404,fanduel,0.5724746276001832,154.0,1,133.02254285913503,116.68644110450442,straight,,
2023-12-03,L294903,Southern University Jaguars,Mississippi State Bulldogs,OVER,141.0,139.5,1.9090909090909092,caesars,0.5630487378665858,119.0,-1,133.02254285913503,-133.02254285913503,straight,,
2023-12-03,L295973,Louisville Cardinals,Virginia Tech Hokies,UNDER,148.5,149.5,1.9090909090909092,draftkings,0.5584429949829119,143.0,1,133.02254285913503,120.92958441739549,straight,,
2023-12-03,L295107,Eastern Kentucky Colonels,Western Kentucky Hilltoppers,OVER,154.0,151.5,1.9090909090909092,draftkings,0.5807476064800786,148.0,-1,133.02254285913503,-133.02254285913503,straight,,
2023-12-03,L295108,San Diego Toreros,Stanford Cardinal,OVER,148.5,147.5,1.8695652173913042,fanduel,0.5588137888805329,152.0,1,133.02254285913503,115.67177639924783,straight,,
2023-12-03,L294939,North Dakota Fighting Hawks,UC Riverside Highlanders,OVER,137.0,136.5,1.9090909090909092,betmgm,0.5505645376058156,130.0,-1,133.02254285913503,-133.02254285913503,straight,,
2023-12-04,,Arkansas State Red Wolves,Alabama Crimson Tide,UNDER,165.25,168.5,1.674303508154255,,0.6309756683239164,154.0,1,134.3240174638964,204.27515207538875,2.5+ card leg 1,2.520764163641054,1.0
2023-12-04,,Maryland-Eastern Shore Hawks,East Carolina Pirates,UNDER,146.5,152.5,1.5055598649613613,,0.6617589892451915,115.0,1,,,2.5+ card leg 2,2.520764163641054,1.0
2023-12-05,,Weber State Wildcats,Utah Valley Wolverines,OVER,126.0,122.5,1.612366425673126,,0.6855985146196284,124.0,1,136.3667689846503,207.30844676208105,2.5+ card leg 1,2.5202270194244765,1.0
2023-12-05,,North Carolina Central Eagles,Virginia Cavaliers,OVER,122.75,118.5,1.5630609638701323,,0.6978825478068204,124.0,1,,,2.5+ card leg 2,2.5202270194244765,1.0
2023-12-05,L293466,Le Moyne Dolphins,Army Black Knights,OVER,134.5,133.5,1.9090909090909092,betmgm,0.6035453533716965,119.0,-1,136.3667689846503,-136.3667689846503,straight,,
2023-12-05,L293450,Delaware Blue Hens,Xavier Musketeers,OVER,148.5,147.5,1.9090909090909092,bet365,0.5526150310610942,167.0,1,136.3667689846503,123.96978998604573,straight,,
2023-12-05,L293469,Drexel Dragons,Princeton Tigers,OVER,124.5,124.0,1.9090909090909092,draftkings,0.5846531526631056,151.0,1,136.3667689846503,123.96978998604573,straight,,
2023-12-05,L293445,North Carolina Central Eagles,Virginia Cavaliers,OVER,122.75,121.5,1.9090909090909092,fanduel,0.5676645069270824,124.0,1,136.3667689846503,123.96978998604573,straight,,
2023-12-05,L293451,Weber State Wildcats,Utah Valley Wolverines,OVER,126.0,125.5,1.9090909090909092,betmgm,0.5902330427393316,124.0,-1,136.3667689846503,-136.3667689846503,straight,,
2023-12-05,L293441,Montana State Bobcats,Washington Huskies,OVER,143.75,142.0,1.9090909090909092,caesars,0.5712156330582757,146.0,1,136.3667689846503,123.96978998604573,straight,,
2023-12-06,,Wagner Seahawks,Coppin State Eagles,OVER,120.5,118.5,1.7224532897933247,,0.6640202342428111,121.0,1,140.67130967201993,211.61966901645522,2.5+ card leg 1,2.504355575489088,1.0
2023-12-06,,Northern Kentucky Norse,Illinois State Redbirds,UNDER,135.5,142.5,1.4539468735257157,,0.7384608836934778,121.0,1,,,2.5+ card leg 2,2.504355575489088,1.0
2023-12-06,L295388,Penn State Nittany Lions,Maryland Terrapins,UNDER,140.75,141.5,1.8695652173913042,betmgm,0.5525144924732435,156.0,-1,140.67130967201993,-140.67130967201993,straight,,
2023-12-06,L293481,St. Bonaventure Bonnies,Niagara Purple Eagles,UNDER,136.5,137.5,1.9090909090909092,draftkings,0.5514310240409325,154.0,-1,140.67130967201993,-140.67130967201993,straight,,
2023-12-06,L293483,New Hampshire Wildcats,Dartmouth Big Green,OVER,145.0,145.0,1.9090909090909092,bet365,0.5600178480171226,140.0,-1,140.67130967201993,-140.67130967201993,straight,,
2023-12-06,L293504,Wagner Seahawks,Coppin State Eagles,OVER,120.5,119.5,1.9090909090909092,draftkings,0.6139776316029051,121.0,1,140.67130967201993,127.8830087927454,straight,,
2023-12-06,L293499,Old Dominion Monarchs,William & Mary Tribe,UNDER,146.5,146.5,1.9090909090909092,draftkings,0.5624830546232751,163.0,-1,140.67130967201993,-140.67130967201993,straight,,
2023-12-06,L293484,Jacksonville Dolphins,UCF Knights,UNDER,143.5,145.0,1.9090909090909092,caesars,0.5727486529106838,146.0,-1,140.67130967201993,-140.67130967201993,straight,,
2023-12-06,L294956,Bryant Bulldogs,Siena Saints,OVER,138.5,138.0,1.9090909090909092,caesars,0.6014156293964567,118.0,-1,140.67130967201993,-140.67130967201993,straight,,
2023-12-06,L293479,Texas Longhorns,Marquette Golden Eagles,OVER,146.5,146.0,1.9090909090909092,caesars,0.555352745833287,151.0,1,140.67130967201993,127.8830087927454,straight,,
2023-12-06,L293477,Northern Kentucky Norse,Illinois State Redbirds,UNDER,135.5,135.5,1.9090909090909092,betmgm,0.5767612450263087,121.0,1,140.67130967201993,127.8830087927454,straight,,
2023-12-06,L294951,Denver Pioneers,Colorado State Rams,UNDER,162.5,164.5,1.9090909090909092,draftkings,0.5585298720943059,170.0,-1,140.67130967201993,-140.67130967201993,straight,,
2023-12-06,L294950,San Diego Toreros,Utah State Aggies,OVER,143.5,142.5,1.9090909090909092,bet_rivers_co,0.5744597873581195,189.0,1,140.67130967201993,127.8830087927454,straight,,
2023-12-06,L295389,UC Santa Barbara Gauchos,New Mexico Lobos,UNDER,157.75,158.5,1.8333333333333335,fanduel,0.5584907328367547,145.0,1,140.67130967201993,117.22609139334996,straight,,
2023-12-06,L293508,SMU Mustangs,Arizona State Sun Devils,OVER,139.0,137.5,1.9090909090909092,draftkings,0.5546706013456415,150.0,1,140.67130967201993,127.8830087927454,straight,,
2023-12-07,,Eastern Kentucky Colonels,UNC Greensboro Spartans,OVER,145.5,143.5,1.7224532897933247,,0.6187537553559738,172.0,1,140.50692603871386,213.1277241718127,2.5+ card leg 1,2.516848529680947,1.0
2023-12-07,,IU Indy Jaguars,Eastern Illinois Panthers,OVER,130.5,124.5,1.4611998738049616,,0.7098743596399578,133.0,1,,,2.5+ card leg 2,2.516848529680947,1.0
2023-12-07,L294968,Eastern Kentucky Colonels,UNC Greensboro Spartans,OVER,145.5,145.5,1.9090909090909092,betmgm,0.5728725927065108,172.0,1,140.50692603871386,127.73356912610352,straight,,
2023-12-07,L293516,IU Indy Jaguars,Eastern Illinois Panthers,OVER,130.5,129.5,1.847457627118644,fanduel,0.5581064306697028,133.0,1,140.50692603871386,119.07366613450327,straight,,
2023-12-08,,Army Black Knights,Harvard Crimson,OVER,131.5,129.5,1.7224532897933247,,0.6330110873394854,134.0,1,145.10627563303805,220.104240841452,2.5+ card leg 1,2.516848529680947,1.0
2023-12-08,,Holy Cross Crusaders,Boston College Eagles,OVER,139.5,133.5,1.4611998738049616,,0.683485633824976,159.0,1,,,2.5+ card leg 2,2.516848529680947,1.0
2023-12-08,L293524,Army Black Knights,Harvard Crimson,OVER,131.5,130.5,1.9090909090909092,draftkings,0.5821321708925289,134.0,1,145.10627563303805,131.9147960300346,straight,,
2023-12-09,,Bryant Bulldogs,Stony Brook Seawolves,OVER,139.0,135.5,1.612366425673126,,0.7235897871265863,161.0,1,148.6264660017529,-148.6264660017529,2.5+ card leg 1,2.546081757780756,0.0
2023-12-09,,Coppin State Eagles,George Washington Revolutionaries,OVER,142.5,138.5,1.5790962384482952,,0.7199930838228855,121.0,-1,,,2.5+ card leg 2,2.546081757780756,0.0
2023-12-09,L293526,Illinois Fighting Illini,Tennessee Volunteers,OVER,145.5,145.5,1.9090909090909092,betmgm,0.5610613708358387,165.0,1,148.6264660017529,135.11496909250266,straight,,
2023-12-09,L293571,Central Michigan Chippewas,Creighton Bluejays,OVER,145.0,144.5,1.9090909090909092,draftkings,0.565683158002389,173.0,1,148.6264660017529,135.11496909250266,straight,,
2023-12-09,L293535,Grand Canyon Antelopes,Liberty Flames,UNDER,143.5,143.5,1.9090909090909092,betmgm,0.5763236458380696,133.0,1,148.6264660017529,135.11496909250266,straight,,
2023-12-09,L294993,Colgate Raiders,Vermont Catamounts,OVER,132.5,132.5,1.9090909090909092,bet365,0.5826911582134874,148.0,1,148.6264660017529,135.11496909250266,straight,,
2023-12-09,L294986,Southern Indiana Screaming Eagles,Indiana State Sycamores,OVER,149.5,149.5,1.9090909090909092,draftkings,0.5570289630594181,152.0,1,148.6264660017529,135.11496909250266,straight,,
2023-12-09,L293528,Drexel Dragons,West Virginia Mountaineers,OVER,124.0,123.0,1.9090909090909092,caesars,0.5786047576891595,126.0,1,148.6264660017529,135.11496909250266,straight,,
2023-12-09,L293534,Marist Red Foxes,Dartmouth Big Green,OVER,130.0,128.5,1.9090909090909092,caesars,0.5529332372576625,116.0,-1,148.6264660017529,-148.6264660017529,straight,,
2023-12-09,L293557,North Carolina Central Eagles,Radford Highlanders,OVER,136.5,135.5,1.9090909090909092,draftkings,0.5745794642058896,156.0,1,148.6264660017529,135.11496909250266,straight,,
2023-12-09,L294982,Southeastern Louisiana Lions,Southern University Jaguars,OVER,146.5,146.0,1.9090909090909092,caesars,0.5759265968470161,113.0,-1,148.6264660017529,-148.6264660017529,straight,,
2023-12-09,L293550,New Orleans Privateers,San Jose State Spartans,OVER,146.5,145.5,1.9090909090909092,betmgm,0.5529020253894582,169.0,1,148.6264660017529,135.11496909250266,straight,,
2023-12-09,L293558,Utah Valley Wolverines,Oregon State Beavers,OVER,128.75,128.0,1.9090909090909092,draftkings,0.5986791659491567,145.0,1,148.6264660017529,135.11496909250266,straight,,
2023-12-09,L293529,Missouri Tigers,Kansas Jayhawks,OVER,144.0,143.0,1.9090909090909092,caesars,0.5693307069875656,137.0,-1,148.6264660017529,-148.6264660017529,straight,,
2023-12-09,L293548,Coppin State Eagles,George Washington Revolutionaries,OVER,142.5,141.5,1.9090909090909092,caesars,0.6285167160601481,121.0,-1,148.6264660017529,-148.6264660017529,straight,,
2023-12-09,L294977,Bryant Bulldogs,Stony Brook Seawolves,OVER,139.0,138.5,1.9090909090909092,caesars,0.6363040147397463,161.0,1,148.6264660017529,135.11496909250266,straight,,
2023-12-09,L293591,Southeast Missouri State Redhawks,Purdue Fort Wayne Mastodons,OVER,151.5,151.0,1.9090909090909092,bet365,0.5622159991108711,169.0,1,148.6264660017529,135.11496909250266,straight,,
2023-12-09,L293569,Belmont Bruins,Middle Tennessee Blue Raiders,OVER,140.5,139.0,1.9090909090909092,draftkings,0.5868579140729654,140.0,1,148.6264660017529,135.11496909250266,straight,,
2023-12-09,L293570,Notre Dame Fighting Irish,Marquette Golden Eagles,OVER,138.0,137.5,1.8695652173913042,fanduel,0.5680890719709815,137.0,-1,148.6264660017529,-148.6264660017529,straight,,
2023-12-09,L295917,Cal Poly Mustangs,Weber State Wildcats,OVER,126.5,126.5,1.9090909090909092,draftkings,0.5619832976469127,128.0,1,148.6264660017529,135.11496909250266,straight,,
2023-12-09,L294975,Arizona State Sun Devils,San Diego Toreros,OVER,145.0,143.5,1.9090909090909092,fanduel,0.5646224429426838,173.0,1,148.6264660017529,135.11496909250266,straight,,
2023-12-09,L293551,Gonzaga Bulldogs,Washington Huskies,OVER,158.75,158.0,1.9090909090909092,draftkings,0.5503431798723251,151.0,-1,148.6264660017529,-148.6264660017529,straight,,
2023-12-10,,Boston University Terriers,Wagner Seahawks,OVER,122.5,120.5,1.7224532897933247,,0.6455697388646565,132.0,1,157.13870905458057,238.35561978540267,2.5+ card leg 1,2.516848529680947,1.0
2023-12-10,,Central Arkansas Bears,Eastern Illinois Panthers,OVER,138.5,132.5,1.4611998738049616,,0.7344697042613545,143.0,1,,,2.5+ card leg 2,2.516848529680947,1.0
2023-12-10,L293598,Brown Bears,Providence Friars,OVER,139.25,139.0,1.9090909090909092,bet365,0.5677659067837011,128.0,-1,157.13870905458057,-157.13870905458057,straight,,
2023-12-10,L293595,Boston University Terriers,Wagner Seahawks,OVER,122.5,122.5,1.9090909090909092,bet365,0.5961978729369733,132.0,1,157.13870905458057,142.85337186780055,straight,,
2023-12-10,L293602,Princeton Tigers,Saint Joseph's Hawks,OVER,137.5,136.5,1.8695652173913042,fanduel,0.570993328532832,144.0,1,157.13870905458057,136.64235569963526,straight,,
2023-12-10,L293599,Central Arkansas Bears,Eastern Illinois Panthers,OVER,138.5,138.5,1.9090909090909092,draftkings,0.5944264128512186,143.0,1,157.13870905458057,142.85337186780055,straight,,
2023-12-10,L295002,Tennessee Tech Golden Eagles,East Tennessee State Buccaneers,OVER,138.5,138.0,1.9090909090909092,draftkings,0.5788771842664796,145.0,1,157.13870905458057,142.85337186780055,straight,,
2023-12-11,,Mississippi Valley State Delta Devils,Gonzaga Bulldogs,OVER,141.5,135.5,1.4611998738049616,,0.7589138546295072,118.0,-1,163.60290287491918,-163.60290287491918,2.5+ card leg 1,2.516848529680947,0.0
2023-12-11,,New Orleans Privateers,San Francisco Dons,OVER,145.5,143.5,1.7224532897933247,,0.6373644377166853,157.0,1,,,2.5+ card leg 2,2.516848529680947,0.0
2023-12-11,L297967,Northern Colorado Bears,East Texas A&M Lions,OVER,143.5,143.5,1.9090909090909092,betmgm,0.5598302438696667,200.0,1,163.60290287491918,148.729911704472,straight,,
2023-12-11,L295009,Delaware Blue Hens,Robert Morris Colonials,UNDER,147.5,147.5,1.9090909090909092,betmgm,0.5532263898167915,142.0,1,163.60290287491918,148.729911704472,straight,,
2023-12-11,L298086,Mississippi Valley State Delta Devils,Gonzaga Bulldogs,OVER,141.5,140.5,1.9090909090909092,fanduel,0.6065894156588764,118.0,-1,163.60290287491918,-163.60290287491918,straight,,
2023-12-11,L293617,New Orleans Privateers,San Francisco Dons,OVER,145.5,145.5,1.9174311926605505,bet_rivers_co,0.5873924805880391,157.0,1,163.60290287491918,150.0944063072653,straight,,
2023-12-12,,Bryant Bulldogs,Cincinnati Bearcats,OVER,150.75,148.5,1.7029777064138392,,0.6848664408112517,138.0,-1,164.80638711458286,-164.80638711458286,2.5+ card leg 1,2.5113756346432003,0.0
2023-12-12,,Oral Roberts Golden Eagles,Texas Tech Red Raiders,OVER,142.25,136.5,1.474696718098383,,0.7283432531979745,158.0,1,,,2.5+ card leg 2,2.5113756346432003,0.0
2023-12-12,L295980,Bryant Bulldogs,Cincinnati Bearcats,OVER,150.75,150.5,1.9174311926605505,bet_rivers_co,0.6144698375044242,138.0,-1,164.80638711458286,-164.80638711458286,straight,,
2023-12-12,L295018,Oral Roberts Golden Eagles,Texas Tech Red Raiders,OVER,142.25,142.0,1.9090909090909092,draftkings,0.5894998270962689,158.0,1,164.80638711458286,149.82398828598443,straight,,
2023-12-13,,Boston University Terriers,Dartmouth Big Green,OVER,128.5,126.5,1.7224532897933247,,0.6499245685346974,117.0,-1,163.00849925515107,-163.00849925515107,2.5+ card leg 1,2.504355575489088,0.0
2023-12-13,,Southern Miss Golden Eagles,McNeese Cowboys,UNDER,141.5,148.5,1.4539468735257157,,0.7260422070558552,115.0,1,,,2.5+ card leg 2,2.504355575489088,0.0
2023-12-13,L293649,Appalachian State Mountaineers,Queens University Royals,OVER,148.75,148.5,1.9090909090909092,draftkings,0.5571053505778893,174.0,1,163.00849925515107,148.18954477741008,straight,,
2023-12-13,L295019,Boston University Terriers,Dartmouth Big Green,OVER,128.5,128.0,1.9090909090909092,caesars,0.6018071429870901,117.0,-1,163.00849925515107,-163.00849925515107,straight,,
2023-12-13,L293642,Southern Miss Golden Eagles,McNeese Cowboys,UNDER,141.5,142.0,1.9090909090909092,draftkings,0.5620562022848509,115.0,1,163.00849925515107,148.18954477741008,straight,,
2023-12-13,L295400,Eastern Kentucky Colonels,Louisiana Ragin' Cajuns,OVER,148.5,147.5,1.9090909090909092,draftkings,0.5853151031367029,135.0,-1,163.00849925515107,-163.00849925515107,straight,,
2023-12-13,L295030,Seattle Redhawks,San Francisco Dons,OVER,134.5,134.5,1.9090909090909092,betmgm,0.5538867655421186,121.0,-1,163.00849925515107,-163.00849925515107,straight,,
2023-12-14,,East Carolina Pirates,Florida Gators,UNDER,155.25,160.5,1.5474913041511573,,0.6771132733332231,135.0,1,159.4519501804932,-159.4519501804932,2.5+ card leg 1,2.538544755280229,0.0
2023-12-14,,Furman Paladins,Tulane Green Wave,UNDER,174.75,178.5,1.6404258611796803,,0.6349228313262,227.0,-1,,,2.5+ card leg 2,2.538544755280229,0.0
2023-12-14,L293656,St. Thomas Tommies,Marquette Golden Eagles,OVER,138.5,138.5,1.9090909090909092,betmgm,0.5509796862798517,163.0,1,159.4519501804932,144.95631834590293,straight,,
2023-12-15,,New Mexico Lobos,New Mexico State Aggies,UNDER,155.5,158.5,1.6918202619775498,,0.6159120694645102,145.0,1,159.30699386214732,239.3547068231499,2.5+ card leg 1,2.502474568255742,1.0
2023-12-15,,Cleveland State Vikings,Bradley Braves,UNDER,140.0,146.5,1.479161010479108,,0.6940897944184978,145.0,1,,,2.5+ card leg 2,2.502474568255742,1.0
2023-12-16,,Sacred Heart Pioneers,Providence Friars,OVER,140.25,138.5,1.8333333333333335,,0.6384537908125762,142.0,1,161.70054093037882,256.4266246350014,2.5+ card leg 1,2.5858117923390713,1.0
2023-12-16,,Towson Tigers,Bryant Bulldogs,OVER,132.5,125.5,1.4104427958213115,,0.759573684883372,194.0,1,,,2.5+ card leg 2,2.5858117923390713,1.0
2023-12-16,L293674,LIU Sharks,Rutgers Scarlet Knights,OVER,137.0,136.5,1.9090909090909092,bet365,0.5653021076850476,144.0,1,161.70054093037882,147.00049175488985,straight,,
2023-12-16,L293678,Sacred Heart Pioneers,Providence Friars,OVER,140.25,138.5,1.8333333333333335,fanduel,0.588102284614396,142.0,1,161.70054093037882,134.7504507753157,straight,,
2023-12-16,L293688,Kansas City Roos,Bowling Green Falcons,OVER,137.5,137.5,1.9090909090909092,bet365,0.5586927759090049,148.0,1,161.70054093037882,147.00049175488985,straight,,
2023-12-16,L293671,Temple Owls,VCU Rams,OVER,136.5,136.5,1.9090909090909092,draftkings,0.5876849708232889,165.0,1,161.70054093037882,147.00049175488985,straight,,
2023-12-16,L295323,Southern University Jaguars,Tulane Green Wave,OVER,160.5,160.5,1.9090909090909092,betmgm,0.5531067484513013,186.0,1,161.70054093037882,147.00049175488985,straight,,
2023-12-16,L295401,Dartmouth Big Green,Le Moyne Dolphins,OVER,138.25,138.0,1.9090909090909092,bet365,0.5920079138748507,134.0,-1,161.70054093037882,-161.70054093037882,straight,,
2023-12-16,L293703,University at Albany Great Danes,Drexel Dragons,OVER,138.5,138.5,1.9090909090909092,betmgm,0.561375822492146,123.0,-1,161.70054093037882,-161.70054093037882,straight,,
2023-12-16,L295921,Towson Tigers,Bryant Bulldogs,OVER,132.5,131.5,1.9090909090909092,draftkings,0.6030007469954215,194.0,1,161.70054093037882,147.00049175488985,straight,,
2023-12-16,L293701,Utah Valley Wolverines,Utah Utes,OVER,142.5,142.5,1.9090909090909092,betmgm,0.5650044251994877,138.0,-1,161.70054093037882,-161.70054093037882,straight,,
2023-12-16,L295046,Chicago State Cougars,Valparaiso Beacons,OVER,135.5,132.5,1.9090909090909092,draftkings,0.5519639038173116,125.0,-1,161.70054093037882,-161.70054093037882,straight,,
2023-12-16,L293698,North Alabama Lions,Tennessee Tech Golden Eagles,OVER,145.5,145.5,1.9090909090909092,bet365,0.5880602582586792,137.0,-1,161.70054093037882,-161.70054093037882,straight,,
2023-12-16,L293724,Loyola Maryland Greyhounds,George Mason Patriots,OVER,134.5,134.0,1.9090909090909092,draftkings,0.569361842231261,116.0,-1,161.70054093037882,-161.70054093037882,straight,,
2023-12-16,L295057,Georgia State Panthers,BYU Cougars,OVER,148.5,147.0,1.9090909090909092,draftkings,0.5505377105995369,140.0,-1,161.70054093037882,-161.70054093037882,straight,,
2023-12-16,L293693,North Dakota Fighting Hawks,Utah Tech Trailblazers,OVER,140.5,140.0,1.9090909090909092,bet365,0.5649835835289349,141.0,1,161.70054093037882,147.00049175488985,straight,,
2023-12-17,,Oral Roberts Golden Eagles,Oklahoma State Cowboys,OVER,141.5,139.5,1.7224532897933247,,0.6479266316979584,141.0,1,163.11330332464885,-163.11330332464885,2.5+ card leg 1,2.516848529680947,0.0
2023-12-17,,Colgate Raiders,Illinois Fighting Illini,OVER,145.5,139.5,1.4611998738049616,,0.7300229178494666,131.0,-1,,,2.5+ card leg 2,2.516848529680947,0.0
2023-12-17,L293745,Stony Brook Seawolves,Army Black Knights,OVER,132.0,129.0,1.9090909090909092,draftkings,0.5514705614041486,152.0,1,163.11330332464885,148.28482120422623,straight,,
2023-12-17,L293247,Colgate Raiders,Illinois Fighting Illini,OVER,145.5,144.5,1.9090909090909092,draftkings,0.5886435056112507,131.0,-1,163.11330332464885,-163.11330332464885,straight,,
2023-12-17,L293741,Nebraska Cornhuskers,Kansas State Wildcats,OVER,149.5,148.5,1.8695652173913042,fanduel,0.5566160919680582,108.0,-1,163.11330332464885,-163.11330332464885,straight,,
2023-12-17,L295403,UTEP Miners,Abilene Christian Wildcats,OVER,139.5,138.5,1.8695652173913042,fanduel,0.5644188058548414,170.0,1,163.11330332464885,141.837655064912,straight,,
2023-12-17,L295061,Northern Kentucky Norse,Eastern Kentucky Colonels,OVER,142.5,141.5,1.8695652173913042,fanduel,0.5607602768096571,160.0,1,163.11330332464885,141.837655064912,straight,,
2023-12-17,L295059,Oral Roberts Golden Eagles,Oklahoma State Cowboys,OVER,141.5,140.5,1.8695652173913042,fanduel,0.5998539530534105,141.0,1,163.11330332464885,141.837655064912,straight,,
2023-12-17,L293737,Jackson State Tigers,North Carolina A&T Aggies,UNDER,155.5,155.5,1.9090909090909092,betmgm,0.5644064462353355,128.0,1,163.11330332464885,148.28482120422623,straight,,
2023-12-18,,Morgan State Bears,Campbell Fighting Camels,OVER,134.5,128.5,1.4611998738049616,,0.7248399535345991,159.0,1,165.44073030094128,250.9485285063249,2.5+ card leg 1,2.516848529680947,1.0
2023-12-18,,Delaware State Hornets,Wake Forest Demon Deacons,OVER,142.5,140.5,1.7224532897933247,,0.639597873505943,147.0,1,,,2.5+ card leg 2,2.516848529680947,1.0
2023-12-18,L293754,Coastal Carolina Chanticleers,Charleston Cougars,OVER,155.5,155.0,1.9090909090909092,draftkings,0.5508270888873801,165.0,1,165.44073030094128,150.40066390994664,straight,,
2023-12-18,L293760,Delaware State Hornets,Wake Forest Demon Deacons,OVER,142.5,141.5,1.9090909090909092,fanduel,0.5891214077343375,147.0,1,165.44073030094128,150.40066390994664,straight,,
2023-12-18,L295067,Morgan State Bears,Campbell Fighting Camels,OVER,134.5,133.5,1.8695652173913042,fanduel,0.580432943570822,159.0,1,165.44073030094128,143.86150460951413,straight,,
2023-12-18,L295405,Oakland Golden Grizzlies,Michigan State Spartans,OVER,134.5,134.5,1.9090909090909092,betmgm,0.5668035379793964,141.0,1,165.44073030094128,150.40066390994664,straight,,
2023-12-18,L295074,UC San Diego Tritons,Sacramento State Hornets,OVER,138.5,138.0,1.9090909090909092,bet365,0.5640398236536786,135.0,-1,165.44073030094128,-165.44073030094128,straight,,
2023-12-19,,Middle Tennessee Blue Raiders,Saint Mary's Gaels,OVER,119.5,115.5,1.5790962384482952,,0.7243156684196324,105.0,-1,172.24644324638868,-172.24644324638868,2.5+ card leg 1,2.546081757780756,0.0
2023-12-19,,Coppin State Eagles,James Madison Dukes,OVER,145.0,141.5,1.612366425673126,,0.6942772940382637,135.0,-1,,,2.5+ card leg 2,2.546081757780756,0.0
2023-12-19,L293787,The Citadel Bulldogs,Notre Dame Fighting Irish,OVER,128.0,127.0,1.9090909090909092,draftkings,0.5664757052947854,110.0,-1,172.24644324638868,-172.24644324638868,straight,,
2023-12-19,L293766,Coppin State Eagles,James Madison Dukes,OVER,145.0,144.5,1.9090909090909092,betmgm,0.5950520713674311,135.0,-1,172.24644324638868,-172.24644324638868,straight,,
2023-12-19,L293784,Houston Christian Huskies,SMU Mustangs,OVER,149.5,149.5,1.9090909090909092,betmgm,0.5836294815672064,142.0,-1,172.24644324638868,-172.24644324638868,straight,,
2023-12-19,L298025,Mississippi Valley State Delta Devils,Tulsa Golden Hurricane,OVER,134.5,134.0,1.9090909090909092,draftkings,0.5582718260310784,129.0,-1,172.24644324638868,-172.24644324638868,straight,,
2023-12-19,L293771,North Florida Ospreys,Florida State Seminoles,OVER,150.5,150.5,1.9174311926605505,bet_rivers_co,0.5521252420345667,166.0,1,172.24644324638868,158.0242598590722,straight,,
2023-12-19,L295117,Marquette Golden Eagles,Providence Friars,OVER,144.5,144.0,1.9090909090909092,caesars,0.5552776815005287,129.0,-1,172.24644324638868,-172.24644324638868,straight,,
2023-12-19,L293765,Nicholls State Colonels,Maryland Terrapins,OVER,136.25,134.5,1.8333333333333335,fanduel,0.5548535468246626,140.0,1,172.24644324638868,143.5387027053239,straight,,
2023-12-19,L293767,Southern Utah Thunderbirds,Montana State Bobcats,OVER,143.5,143.5,1.9090909090909092,betmgm,0.5616451688888594,177.0,1,172.24644324638868,156.58767567853516,straight,,
2023-12-19,L293781,Middle Tennessee Blue Raiders,Saint Mary's Gaels,OVER,119.5,119.0,1.9090909090909092,bet365,0.6236909825408019,105.0,-1,172.24644324638868,-172.24644324638868,straight,,
2023-12-20,,Baylor Bears,Duke Blue Devils,UNDER,155.25,157.5,1.7467787608176955,,0.6545674565179899,148.0,1,164.77069860157076,-164.77069860157076,2.5+ card leg 1,2.506959620028109,0.0
2023-12-20,,Western Illinois Leathernecks,Central Arkansas Bears,OVER,143.0,136.5,1.4351901203874042,,0.7299680014842099,119.0,-1,,,2.5+ card leg 2,2.506959620028109,0.0
2023-12-20,L293810,Western Illinois Leathernecks,Central Arkansas Bears,OVER,143.0,140.0,1.9090909090909092,draftkings,0.5698008442268235,119.0,-1,164.77069860157076,-164.77069860157076,straight,,
2023-12-20,L293793,Baylor Bears,Duke Blue Devils,UNDER,155.25,157.5,1.9090909090909092,draftkings,0.5846665919188884,148.0,1,164.77069860157076,149.79154418324615,straight,,
2023-12-20,L293800,Liberty Flames,Utah Valley Wolverines,OVER,130.5,130.5,1.9090909090909092,betmgm,0.5687144182391133,142.0,1,164.77069860157076,149.79154418324615,straight,,
2023-12-20,L293805,Tennessee Tech Golden Eagles,Evansville Purple Aces,OVER,147.5,146.0,1.9090909090909092,draftkings,0.566163837941127,133.0,-1,164.77069860157076,-164.77069860157076,straight,,
2023-12-20,L295125,Villanova Wildcats,Creighton Bluejays,OVER,139.5,138.5,1.8695652173913042,fanduel,0.5636480998720097,134.0,-1,164.77069860157076,-164.77069860157076,straight,,
2023-12-20,L293806,Northern Arizona Lumberjacks,San Francisco Dons,OVER,134.5,133.5,1.9090909090909092,draftkings,0.5689147222711821,142.0,1,164.77069860157076,149.79154418324615,straight,,
2023-12-21,,Wichita State Shockers,Kansas State Wildcats,OVER,145.5,143.5,1.7224532897933247,,0.6601966502161196,129.0,-1,162.67361698300533,-162.67361698300533,2.5+ card leg 1,2.516848529680947,0.0
2023-12-21,,Eastern Kentucky Colonels,Troy Trojans,OVER,150.5,144.5,1.4611998738049616,,0.726082381927006,169.0,1,,,2.5+ card leg 2,2.516848529680947,0.0
2023-12-21,L293814,Dartmouth Big Green,Sacred Heart Pioneers,OVER,137.5,137.0,1.9090909090909092,draftkings,0.5749893147066221,124.0,-1,162.67361698300533,-162.67361698300533,straight,,
2023-12-21,L293844,Central Connecticut State Blue Devils,Fordham Rams,OVER,136.5,134.5,1.8695652173913042,fanduel,0.559778701888199,162.0,1,162.67361698300533,141.45531911565678,straight,,
2023-12-21,L293824,Quinnipiac Bobcats,Lafayette Leopards,OVER,138.5,138.0,1.9090909090909092,caesars,0.5549764107733478,138.0,0,162.67361698300533,0.0,straight,,
2023-12-21,L293838,Navy Midshipmen,Youngstown State Penguins,OVER,138.0,135.5,1.9090909090909092,caesars,0.5686466517107878,140.0,1,162.67361698300533,147.88510634818667,straight,,
2023-12-21,L295135,Northern Colorado Bears,Air Force Falcons,OVER,135.0,134.5,1.9090909090909092,bet_rivers_co,0.5623180769536545,162.0,1,162.67361698300533,147.88510634818667,straight,,
2023-12-21,L293853,Eastern Kentucky Colonels,Troy Trojans,OVER,150.5,150.5,1.9090909090909092,bet365,0.5950561368365459,169.0,1,162.67361698300533,147.88510634818667,straight,,
2023-12-21,L293836,UNC Wilmington Seahawks,Marshall Thundering Herd,OVER,151.5,150.5,1.9090909090909092,caesars,0.5718039663608342,147.0,-1,162.67361698300533,-162.67361698300533,straight,,
2023-12-21,L293834,UNC Asheville Bulldogs,Appalachian State Mountaineers,OVER,141.0,141.0,1.9090909090909092,bet365,0.5673734452889359,139.0,-1,162.67361698300533,-162.67361698300533,straight,,
2023-12-21,L293828,Saint Joseph's Hawks,Charleston Cougars,OVER,148.0,148.0,1.9090909090909092,bet365,0.5575566672620628,171.0,1,162.67361698300533,147.88510634818667,straight,,
2023-12-21,L293827,Maine Black Bears,Florida International Panthers,OVER,135.5,135.5,1.9090909090909092,bet365,0.5743486147207337,156.0,1,162.67361698300533,147.88510634818667,straight,,
2023-12-21,L293818,Eastern Illinois Panthers,Iowa State Cyclones,OVER,138.5,138.5,1.9090909090909092,betmgm,0.5571806771033023,128.0,-1,162.67361698300533,-162.67361698300533,straight,,
2023-12-21,L293823,Army Black Knights,UTSA Roadrunners,OVER,140.5,139.0,1.9090909090909092,draftkings,0.5733804866303424,116.0,-1,162.67361698300533,-162.67361698300533,straight,,
2023-12-21,L293837,Idaho Vandals,UC Riverside Highlanders,OVER,134.5,133.0,1.9090909090909092,bet_rivers_co,0.5692901993368013,149.0,1,162.67361698300533,147.88510634818667,straight,,
2023-12-21,L293849,Wichita State Shockers,Kansas State Wildcats,OVER,145.5,144.0,1.9090909090909092,caesars,0.6137016953219546,129.0,-1,162.67361698300533,-162.67361698300533,straight,,
2023-12-22,,Drexel Dragons,Bryant Bulldogs,OVER,132.5,130.5,1.7224532897933247,,0.7246554178434674,190.0,1,161.5741233662427,-161.5741233662427,2.5+ card leg 1,2.516848529680947,0.0
2023-12-22,,Yale Bulldogs,Kansas Jayhawks,OVER,142.5,136.5,1.4611998738049616,,0.7344457560433247,135.0,-1,,,2.5+ card leg 2,2.516848529680947,0.0
2023-12-22,L295413,Drexel Dragons,Bryant Bulldogs,OVER,132.5,131.5,1.9090909090909092,draftkings,0.6797328378860384,190.0,1,161.5741233662427,146.88556669658428,straight,,
2023-12-22,L293870,UMass Lowell River Hawks,Boston University Terriers,OVER,137.5,137.5,1.9090909090909092,bet365,0.5704838494988193,134.0,-1,161.5741233662427,-161.5741233662427,straight,,
2023-12-22,L293872,North Florida Ospreys,Georgia Bulldogs,OVER,149.25,149.0,1.9090909090909092,bet365,0.5560535843067098,138.0,-1,161.5741233662427,-161.5741233662427,straight,,
2023-12-22,L293876,Nicholls State Colonels,Towson Tigers,OVER,131.5,130.5,1.9090909090909092,draftkings,0.5798543087595326,120.0,-1,161.5741233662427,-161.5741233662427,straight,,
2023-12-22,L293897,Maryland-Eastern Shore Hawks,VCU Rams,OVER,134.5,132.5,1.9090909090909092,draftkings,0.5683889514725877,126.0,-1,161.5741233662427,-161.5741233662427,straight,,
2023-12-22,L293873,Alabama State Hornets,Auburn Tigers,OVER,148.0,147.0,1.9090909090909092,draftkings,0.5519851257903139,144.0,-1,161.5741233662427,-161.5741233662427,straight,,
2023-12-22,L293864,Yale Bulldogs,Kansas Jayhawks,OVER,142.5,142.0,1.9090909090909092,bet_rivers_co,0.5904876921665337,135.0,-1,161.5741233662427,-161.5741233662427,straight,,
2023-12-22,L293896,Marist Red Foxes,Notre Dame Fighting Irish,OVER,123.5,121.5,1.9090909090909092,draftkings,0.5506909366611242,116.0,-1,161.5741233662427,-161.5741233662427,straight,,
2023-12-22,L293890,Middle Tennessee Blue Raiders,Southern Utah Thunderbirds,OVER,138.5,136.5,1.9090909090909092,draftkings,0.5681511099677655,132.0,-1,161.5741233662427,-161.5741233662427,straight,,
2023-12-23,,Missouri State Bears,Saint Mary's Gaels,OVER,128.5,126.5,1.7224532897933247,,0.6235419589745823,133.0,1,148.50130793024672,-148.50130793024672,2.5+ card leg 1,2.504355575489088,0.0
2023-12-23,,Mississippi Rebels,Southern Miss Golden Eagles,UNDER,140.5,147.5,1.4539468735257157,,0.7146269848485493,161.0,-1,,,2.5+ card leg 2,2.504355575489088,0.0
2023-12-23,L293902,Eastern Kentucky Colonels,Alabama Crimson Tide,OVER,165.5,165.5,1.9174311926605505,bet_rivers_co,0.5559694511421431,178.0,1,148.50130793024672,136.2397320460979,straight,,
2023-12-23,L293878,Missouri State Bears,Saint Mary's Gaels,OVER,128.5,128.0,1.9090909090909092,draftkings,0.5715021154826547,133.0,1,148.50130793024672,135.00118902749705,straight,,
2023-12-24,,Old Dominion Monarchs,UMass Minutemen,UNDER,154.5,158.5,1.624049385268904,,0.6571328410429065,152.0,1,149.7287040616802,230.12634132980057,2.5+ card leg 1,2.536955407261128,1.0
2023-12-24,,TCU Horned Frogs,Hawai'i Rainbow Warriors,UNDER,149.5,154.5,1.5621171562101654,,0.65919535544289,116.0,1,,,2.5+ card leg 2,2.536955407261128,1.0
2023-12-24,L302079,Old Dominion Monarchs,UMass Minutemen,UNDER,154.5,155.0,1.9090909090909092,draftkings,0.5659379748150039,152.0,1,149.7287040616802,136.11700369243655,straight,,
2023-12-27,,Morgan State Bears,Virginia Cavaliers,OVER,131.5,129.5,1.7224532897933247,,0.6183998598412448,123.0,-1,153.39113751190257,-153.39113751190257,2.5+ card leg 1,2.504355575489088,0.0
2023-12-27,,Chicago State Cougars,California Baptist Lancers,UNDER,131.5,138.5,1.4539468735257157,,0.675818573165909,136.0,1,,,2.5+ card leg 2,2.504355575489088,0.0
2023-12-27,L293906,Morgan State Bears,Virginia Cavaliers,OVER,131.5,130.5,1.8695652173913042,fanduel,0.5622922067113754,123.0,-1,153.39113751190257,-153.39113751190257,straight,,
2023-12-28,,Coppin State Eagles,Maryland Terrapins,OVER,126.75,125.5,1.7837737545416157,,0.6440290536298348,128.0,1,150.32331476166453,227.87674257266718,2.5+ card leg 1,2.5159108414683544,1.0
2023-12-28,,UC Riverside Highlanders,UC Irvine Anteaters,OVER,138.5,131.5,1.4104427958213115,,0.7546174625433387,139.0,1,,,2.5+ card leg 2,2.5159108414683544,1.0
2023-12-28,L293914,Coppin State Eagles,Maryland Terrapins,OVER,126.75,125.5,1.9090909090909092,bet365,0.5897900591711039,128.0,1,150.32331476166453,136.6575588742405,straight,,
2023-12-28,L293919,Tennessee-Martin Skyhawks,Tennessee State Tigers,OVER,160.75,160.5,1.9090909090909092,bet365,0.551857525398813,166.0,1,150.32331476166453,136.6575588742405,straight,,
2023-12-28,L293908,Montana State Bobcats,Idaho State Bengals,OVER,133.5,133.0,1.9090909090909092,draftkings,0.5581519831904045,140.0,1,150.32331476166453,136.6575588742405,straight,,
2023-12-28,L293909,Montana Grizzlies,Weber State Wildcats,OVER,134.5,134.5,1.9090909090909092,betmgm,0.5531608763988316,156.0,1,150.32331476166453,136.6575588742405,straight,,
2023-12-28,L293910,UC Riverside Highlanders,UC Irvine Anteaters,OVER,138.5,138.5,1.9090909090909092,bet365,0.5884885187485249,139.0,1,150.32331476166453,136.6575588742405,straight,,
2023-12-28,L293921,Cal State Bakersfield Roadrunners,UC San Diego Tritons,OVER,133.0,132.5,1.9090909090909092,betmgm,0.5622226583588412,140.0,1,150.32331476166453,136.6575588742405,straight,,
2023-12-29,,Alabama State Hornets,South Florida Bulls,OVER,142.5,139.5,1.6472977206485244,,0.6788647445398124,143.0,1,160.80153571984565,249.0897699663396,2.5+ card leg 1,2.5490509394158583,1.0
2023-12-29,,Utah Valley Wolverines,Boise State Broncos,OVER,136.0,131.5,1.5474136262462153,,0.7204377128260211,148.0,1,,,2.5+ card leg 2,2.5490509394158583,1.0
2023-12-29,L293947,North Florida Ospreys,Miami (FL) Hurricanes,OVER,157.25,156.5,1.9090909090909092,draftkings,0.5530933335920212,150.0,-1,160.80153571984565,-160.80153571984565,straight,,
2023-12-29,L293948,Alabama State Hornets,South Florida Bulls,OVER,142.5,142.5,1.9090909090909092,bet365,0.6099543659132335,143.0,1,160.80153571984565,146.18321429076877,straight,,
2023-12-29,L293953,Eastern Kentucky Colonels,Purdue Boilermakers,OVER,157.0,156.5,1.8695652173913042,betmgm,0.5571113509172383,133.0,-1,160.80153571984565,-160.80153571984565,straight,,
2023-12-29,L293958,Radford Highlanders,Clemson Tigers,OVER,142.5,140.5,1.9090909090909092,fanduel,0.5508408455165935,151.0,1,160.80153571984565,146.18321429076877,straight,,
2023-12-29,L293999,Evansville Purple Aces,Cincinnati Bearcats,OVER,150.0,149.5,1.9090909090909092,draftkings,0.5591370891425202,134.0,-1,160.80153571984565,-160.80153571984565,straight,,
2023-12-29,L293955,Loyola Maryland Greyhounds,Saint Joseph's Hawks,OVER,137.0,135.5,1.9090909090909092,draftkings,0.5783810008472902,153.0,1,160.80153571984565,146.18321429076877,straight,,
2023-12-29,L293956,South Carolina State Bulldogs,Nebraska Cornhuskers,OVER,151.5,150.5,1.9090909090909092,fanduel,0.5560072859326323,153.0,1,160.80153571984565,146.18321429076877,straight,,
2023-12-29,L293937,New Orleans Privateers,Stephen F. Austin Lumberjacks,OVER,151.5,151.0,1.9090909090909092,caesars,0.5823033032302939,131.0,-1,160.80153571984565,-160.80153571984565,straight,,
2023-12-29,L293936,Oral Roberts Golden Eagles,Kansas City Roos,OVER,143.5,143.5,1.9523809523809523,betmgm,0.5572860758728518,137.0,-1,160.80153571984565,-160.80153571984565,straight,,
2023-12-29,L293944,UNC Greensboro Spartans,Texas Longhorns,OVER,143.5,142.5,1.9523809523809523,betmgm,0.5831277742369001,109.0,-1,160.80153571984565,-160.80153571984565,straight,,
2023-12-29,L293935,St. Thomas Tommies,North Dakota Fighting Hawks,OVER,136.5,136.5,1.9090909090909092,bet365,0.5725248162997585,115.0,-1,160.80153571984565,-160.80153571984565,straight,,
2023-12-29,L293928,Eastern Illinois Panthers,SIU Edwardsville Cougars,OVER,133.5,133.0,1.9090909090909092,draftkings,0.5996554632042875,125.0,-1,160.80153571984565,-160.80153571984565,straight,,
2023-12-29,L295183,Southern Indiana Screaming Eagles,Southeast Missouri State Redhawks,OVER,141.5,140.5,1.9090909090909092,draftkings,0.5912614279639706,184.0,1,160.80153571984565,146.18321429076877,straight,,
2023-12-29,L293930,Utah Valley Wolverines,Boise State Broncos,OVER,136.0,135.5,1.9090909090909092,betmgm,0.5968392195651067,148.0,1,160.80153571984565,146.18321429076877,straight,,
2023-12-29,L295180,San Diego State Aztecs,Gonzaga Bulldogs,OVER,146.5,145.5,1.9090909090909092,draftkings,0.5616806190750566,158.0,1,160.80153571984565,146.18321429076877,straight,,
2023-12-29,L293960,Tarleton State Texans,Loyola Marymount Lions,OVER,135.0,134.5,1.9090909090909092,betmgm,0.5610816290872503,145.0,1,160.80153571984565,146.18321429076877,straight,,
2023-12-29,L298095,Arizona State Sun Devils,Stanford Cardinal,OVER,144.0,141.5,1.9090909090909092,draftkings,0.5569620149249247,149.0,1,160.80153571984565,146.18321429076877,straight,,
2023-12-30,,Wagner Seahawks,Manhattan Jaspers,OVER,126.0,122.5,1.612366425673126,,0.7138401458588728,124.0,1,163.58479984809057,252.915474895349,2.5+ card leg 1,2.546081757780756,1.0
2023-12-30,,Mississippi Valley State Delta Devils,San Francisco Dons,OVER,125.5,121.5,1.5790962384482952,,0.7323102745245123,134.0,1,,,2.5+ card leg 2,2.546081757780756,1.0
2023-12-30,L293995,Stonehill Skyhawks,Rutgers Scarlet Knights,OVER,134.5,134.0,1.9090909090909092,bet365,0.602836549748137,117.0,-1,163.58479984809057,-163.58479984809057,straight,,
2023-12-30,L293973,Lipscomb Bisons,Florida State Seminoles,OVER,148.5,148.5,1.9090909090909092,bet365,0.5746286405352224,153.0,1,163.58479984809057,148.71345440735507,straight,,
2023-12-30,L295199,Mount St. Mary's Mountaineers,Delaware State Hornets,OVER,138.5,137.5,1.9090909090909092,betmgm,0.5662838738253829,150.0,1,163.58479984809057,148.71345440735507,straight,,
2023-12-30,L295994,Pittsburgh Panthers,Syracuse Orange,OVER,146.5,146.0,1.9090909090909092,caesars,0.5644990617548725,154.0,1,163.58479984809057,148.71345440735507,straight,,
2023-12-30,L295995,Virginia Cavaliers,Notre Dame Fighting Irish,OVER,114.25,113.0,1.9090909090909092,draftkings,0.5763930181879707,130.0,1,163.58479984809057,148.71345440735507,straight,,
2023-12-30,L293975,Columbia Lions,Fordham Rams,OVER,144.0,143.0,1.9090909090909092,draftkings,0.5623808635122254,165.0,1,163.58479984809057,148.71345440735507,straight,,
2023-12-30,L293977,Louisiana-Monroe Warhawks,Appalachian State Mountaineers,OVER,137.5,137.0,1.9090909090909092,caesars,0.5805448341183688,122.0,-1,163.58479984809057,-163.58479984809057,straight,,
2023-12-30,L293967,Le Moyne Dolphins,Fairfield Stags,OVER,144.0,144.0,1.9090909090909092,bet365,0.556720488310357,150.0,1,163.58479984809057,148.71345440735507,straight,,
2023-12-30,L293976,Arkansas State Red Wolves,Georgia State Panthers,OVER,144.5,141.5,1.9090909090909092,draftkings,0.5606199218949405,181.0,1,163.58479984809057,148.71345440735507,straight,,
2023-12-30,L294010,Merrimack Warriors,Boston University Terriers,OVER,125.5,125.5,1.9090909090909092,bet365,0.5988391128113227,137.0,1,163.58479984809057,148.71345440735507,straight,,
2023-12-30,L294011,Texas State Bobcats,James Madison Dukes,OVER,145.5,145.0,1.9090909090909092,caesars,0.5708492749890817,147.0,1,163.58479984809057,148.71345440735507,straight,,
2023-12-30,L294014,Troy Trojans,Coastal Carolina Chanticleers,OVER,153.5,152.5,1.9090909090909092,draftkings,0.5515123164676725,137.0,-1,163.58479984809057,-163.58479984809057,straight,,
2023-12-30,L294019,Gardner-Webb Runnin' Bulldogs,VCU Rams,OVER,134.5,134.5,1.9090909090909092,bet365,0.6103987223220803,160.0,1,163.58479984809057,148.71345440735507,straight,,
2023-12-30,L295185,Creighton Bluejays,Marquette Golden Eagles,OVER,148.75,147.0,1.9090909090909092,caesars,0.5777783134434572,139.0,-1,163.58479984809057,-163.58479984809057,straight,,
2023-12-30,L294005,Lehigh Mountain Hawks,Marist Red Foxes,OVER,135.5,135.5,1.9090909090909092,bet365,0.5610874020615241,123.0,-1,163.58479984809057,-163.58479984809057,straight,,
2023-12-30,L295204,Florida A&M Rattlers,South Carolina Gamecocks,OVER,131.0,130.5,1.9090909090909092,caesars,0.5773348956071822,156.0,1,163.58479984809057,148.71345440735507,straight,,
2023-12-30,L295187,Abilene Christian Wildcats,Western Kentucky Hilltoppers,OVER,152.0,151.5,1.9090909090909092,draftkings,0.5744726963682036,170.0,1,163.58479984809057,148.71345440735507,straight,,
2023-12-30,L293996,Tennessee-Martin Skyhawks,Tennessee Tech Golden Eagles,OVER,158.0,157.5,1.9090909090909092,draftkings,0.5624322967028599,154.0,-1,163.58479984809057,-163.58479984809057,straight,,
2023-12-30,L293980,Montana State Bobcats,Weber State Wildcats,OVER,132.0,131.5,1.9090909090909092,draftkings,0.586914606743717,150.0,1,163.58479984809057,148.71345440735507,straight,,
2023-12-30,L293979,Northern Arizona Lumberjacks,Northern Colorado Bears,OVER,150.5,150.5,1.9090909090909092,betmgm,0.5681723089440484,169.0,1,163.58479984809057,148.71345440735507,straight,,
2023-12-30,L294012,Louisiana Ragin' Cajuns,Marshall Thundering Herd,OVER,151.0,150.0,1.9090909090909092,draftkings,0.5653977217578902,136.0,-1,163.58479984809057,-163.58479984809057,straight,,
2023-12-30,L293970,Middle Tennessee Blue Raiders,Murray State Racers,OVER,131.5,130.5,1.9090909090909092,draftkings,0.5776584317302789,129.0,-1,163.58479984809057,-163.58479984809057,straight,,
2023-12-30,L293963,Maryland-Eastern Shore Hawks,George Washington Revolutionaries,OVER,148.5,147.5,1.9090909090909092,betmgm,0.6089743166012171,132.0,-1,163.58479984809057,-163.58479984809057,straight,,
2023-12-30,L293994,Campbell Fighting Camels,St. Francis (PA) Red Flash,OVER,128.5,126.0,1.9090909090909092,draftkings,0.5624272655989162,154.0,1,163.58479984809057,148.71345440735507,straight,,
2023-12-30,L295202,Lafayette Leopards,Richmond Spiders,OVER,136.0,134.5,1.9090909090909092,draftkings,0.5768001445507006,97.0,-1,163.58479984809057,-163.58479984809057,straight,,
2023-12-30,L293986,Kansas Jayhawks,Wichita State Shockers,OVER,145.5,145.5,1.9523809523809523,betmgm,0.5993713939530935,153.0,1,163.58479984809057,155.79504747437196,straight,,
2023-12-30,L295195,Dartmouth Big Green,Vanderbilt Commodores,OVER,131.0,130.5,1.9523809523809523,betmgm,0.58046790539472,122.0,-1,163.58479984809057,-163.58479984809057,straight,,
2023-12-30,L293982,Portland State Vikings,Idaho Vandals,OVER,138.5,137.5,1.9090909090909092,draftkings,0.5645372528878,149.0,1,163.58479984809057,148.71345440735507,straight,,
2023-12-30,L294003,Florida International Panthers,Utah Tech Trailblazers,OVER,147.5,146.5,1.9090909090909092,caesars,0.57624813982477,188.0,1,163.58479984809057,148.71345440735507,straight,,
2023-12-30,L295201,Wyoming Cowboys,BYU Cougars,OVER,149.5,148.5,1.9090909090909092,draftkings,0.5516699083576153,162.0,1,163.58479984809057,148.71345440735507,straight,,
2023-12-30,L295210,Mississippi Valley State Delta Devils,San Francisco Dons,OVER,125.5,124.5,1.9090909090909092,draftkings,0.6291016482709499,134.0,1,163.58479984809057,148.71345440735507,straight,,
2023-12-30,L293993,Wagner Seahawks,Manhattan Jaspers,OVER,126.0,124.5,1.9090909090909092,draftkings,0.6204266010574264,124.0,-1,163.58479984809057,-163.58479984809057,straight,,
2023-12-30,L293987,Penn Quakers,Houston Cougars,OVER,132.5,131.5,1.9090909090909092,fanduel,0.5737768384816941,123.0,-1,163.58479984809057,-163.58479984809057,straight,,
2023-12-30,L293964,Yale Bulldogs,Santa Clara Broncos,OVER,147.5,147.5,1.9090909090909092,betmgm,0.5562874870260605,124.0,-1,163.58479984809057,-163.58479984809057,straight,,
2023-12-30,L294007,Austin Peay Governors,Memphis Tigers,OVER,141.0,141.0,1.9174311926605505,bet_rivers_co,0.5772994063476569,151.0,1,163.58479984809057,150.07779802577116,straight,,
2023-12-30,L293991,UC Irvine Anteaters,Cal State Bakersfield Roadrunners,OVER,136.5,136.0,1.9090909090909092,draftkings,0.557138992562679,131.0,-1,163.58479984809057,-163.58479984809057,straight,,
2023-12-31,,Western Illinois Leathernecks,SIU Edwardsville Cougars,OVER,133.0,128.5,1.5474136262462153,,0.6970203214687005,148.0,1,172.89051941222937,261.5965212178319,2.5+ card leg 1,2.5130761484618915,1.0
2023-12-31,,Robert Morris Colonials,Green Bay Phoenix,UNDER,139.5,143.5,1.624049385268904,,0.6577532802696182,139.0,1,,,2.5+ card leg 2,2.5130761484618915,1.0
2023-12-31,L294022,Robert Morris Colonials,Green Bay Phoenix,UNDER,139.5,139.5,1.9090909090909092,betmgm,0.5614932162393703,139.0,1,172.89051941222937,157.17319946566306,straight,,
2023-12-31,L294024,Oakland Golden Grizzlies,Youngstown State Penguins,OVER,147.25,147.0,1.9090909090909092,bet365,0.5530955287713659,169.0,1,172.89051941222937,157.17319946566306,straight,,
2023-12-31,L294029,Omaha Mavericks,South Dakota Coyotes,UNDER,155.5,156.5,1.9090909090909092,draftkings,0.5506809952016027,118.0,1,172.89051941222937,157.17319946566306,straight,,
2023-12-31,L295999,South Carolina State Bulldogs,Oklahoma State Cowboys,OVER,146.25,145.5,1.9090909090909092,caesars,0.5581446612766244,156.0,1,172.89051941222937,157.17319946566306,straight,,
2023-12-31,L293998,Southern Indiana Screaming Eagles,Lindenwood Lions,OVER,138.5,137.5,1.9090909090909092,bet365,0.5538641543571317,135.0,-1,172.89051941222937,-172.89051941222937,straight,,
2023-12-31,L295212,Bryant Bulldogs,Mississippi Rebels,OVER,150.5,148.5,1.9090909090909092,draftkings,0.5796671400987594,173.0,1,172.89051941222937,157.17319946566306,straight,,
2023-12-31,L294027,Western Illinois Leathernecks,SIU Edwardsville Cougars,OVER,133.0,133.0,1.9090909090909092,bet365,0.5727405410842811,148.0,1,172.89051941222937,157.17319946566306,straight,,
2024-01-01,,East Texas A&M Lions,TCU Horned Frogs,OVER,149.25,143.5,1.474696718098383,,0.6941923416338569,119.0,-1,183.20797139822517,-183.20797139822517,2.5+ card leg 1,2.5113756346432003,0.0
2024-01-01,,Hampton Pirates,Drexel Dragons,OVER,138.75,136.5,1.7029777064138392,,0.6359432163477086,164.0,1,,,2.5+ card leg 2,2.5113756346432003,0.0
2024-01-01,L295436,Hampton Pirates,Drexel Dragons,OVER,138.75,138.5,1.9090909090909092,betmgm,0.558859600707466,164.0,1,183.20797139822517,166.55270127111382,straight,,
2024-01-02,,Chicago State Cougars,Kansas State Wildcats,OVER,135.0,129.5,1.4885317549607708,,0.7220359421767136,117.0,-1,183.04141869695405,-183.04141869695405,2.5+ card leg 1,2.506637964661862,0.0
2024-01-02,,Eastern Michigan Eagles,Bowling Green Falcons,OVER,141.0,138.5,1.68396673857181,,0.6451209401065024,182.0,1,,,2.5+ card leg 2,2.506637964661862,0.0
2024-01-02,L294040,Eastern Michigan Eagles,Bowling Green Falcons,OVER,141.0,140.5,1.9090909090909092,betmgm,0.569671430569774,182.0,1,183.04141869695405,166.4012897245037,straight,,
2024-01-02,L295224,Creighton Bluejays,Georgetown Hoyas,OVER,148.5,148.0,1.8695652173913042,draftkings,0.5521442680262025,137.0,-1,183.04141869695405,-183.04141869695405,straight,,
2024-01-02,L295225,Chicago State Cougars,Kansas State Wildcats,OVER,135.0,133.5,1.9090909090909092,bet_rivers_co,0.573280125151358,117.0,-1,183.04141869695405,-183.04141869695405,straight,,
2024-01-03,,Oral Roberts Golden Eagles,Montana State Bobcats,OVER,142.0,139.5,1.68396673857181,,0.669422171557438,158.0,1,179.21418903329047,270.0109010036429,2.5+ card leg 1,2.506637964661862,1.0
2024-01-03,,Loyola Maryland Greyhounds,Colgate Raiders,OVER,131.0,125.5,1.4885317549607708,,0.7249521230248733,133.0,1,,,2.5+ card leg 2,2.506637964661862,1.0
2024-01-03,L295448,Seton Hall Pirates,Providence Friars,OVER,137.5,137.5,1.9090909090909092,bet365,0.5610313818001991,118.0,-1,179.21418903329047,-179.21418903329047,straight,,
2024-01-03,L296025,Georgia Tech Yellow Jackets,Florida State Seminoles,OVER,142.5,142.5,1.9090909090909092,betmgm,0.5593508275304394,153.0,1,179.21418903329047,162.92199003026408,straight,,
2024-01-03,L295450,Fordham Rams,George Washington Revolutionaries,OVER,149.5,149.5,1.9090909090909092,betmgm,0.5941080277841664,232.0,1,179.21418903329047,162.92199003026408,straight,,
2024-01-03,L296017,Army Black Knights,Lafayette Leopards,OVER,121.5,118.5,1.9090909090909092,caesars,0.6034106124649141,99.0,-1,179.21418903329047,-179.21418903329047,straight,,
2024-01-03,L295456,Loyola Maryland Greyhounds,Colgate Raiders,OVER,131.0,130.5,1.9090909090909092,draftkings,0.5795199708113129,133.0,1,179.21418903329047,162.92199003026408,straight,,
2024-01-03,L294047,Western Carolina Catamounts,The Citadel Bulldogs,OVER,137.5,137.0,1.9090909090909092,bet365,0.5579498449769851,151.0,1,179.21418903329047,162.92199003026408,straight,,
2024-01-03,L295461,Boston University Terriers,Navy Midshipmen,OVER,128.5,126.5,1.9090909090909092,draftkings,0.5641389269714961,122.0,-1,179.21418903329047,-179.21418903329047,straight,,
2024-01-03,L294053,Marshall Thundering Herd,Louisiana-Monroe Warhawks,OVER,144.0,142.0,1.9090909090909092,caesars,0.5777470648651061,125.0,-1,179.21418903329047,-179.21418903329047,straight,,
2024-01-03,L296022,Bradley Braves,Valparaiso Beacons,OVER,134.5,133.0,1.9090909090909092,draftkings,0.5789454735422241,147.0,1,179.21418903329047,162.92199003026408,straight,,
2024-01-03,L295447,Xavier Musketeers,Villanova Wildcats,OVER,139.25,137.5,1.9090909090909092,draftkings,0.5787724229035488,131.0,-1,179.21418903329047,-179.21418903329047,straight,,
2024-01-03,L294057,St. Thomas Tommies,Idaho Vandals,OVER,131.5,130.0,1.9090909090909092,draftkings,0.5573075530712767,142.0,1,179.21418903329047,162.92199003026408,straight,,
2024-01-03,L296026,North Carolina State Wolfpack,Notre Dame Fighting Irish,OVER,136.5,135.0,1.9090909090909092,draftkings,0.5620521157364243,106.0,-1,179.21418903329047,-179.21418903329047,straight,,
2024-01-03,L294059,Oral Roberts Golden Eagles,Montana State Bobcats,OVER,142.0,140.5,1.9090909090909092,draftkings,0.5993992892799066,158.0,1,179.21418903329047,162.92199003026408,straight,,
2024-01-04,,Eastern Illinois Panthers,Tennessee-Martin Skyhawks,OVER,149.5,147.5,1.7224532897933247,,0.6710120267505025,151.0,1,182.56598600344793,276.92494743908236,2.5+ card leg 1,2.516848529680947,1.0
2024-01-04,,Saint Mary's Gaels,San Diego Toreros,OVER,131.5,125.5,1.4611998738049616,,0.7617891315912335,151.0,1,,,2.5+ card leg 2,2.516848529680947,1.0
2024-01-04,L294068,St. Francis (PA) Red Flash,Sacred Heart Pioneers,OVER,140.5,140.0,1.9090909090909092,draftkings,0.5581561390778308,146.0,1,182.56598600344793,165.96907818495268,straight,,
2024-01-04,L294085,Stephen F. Austin Lumberjacks,UT Rio Grande Valley Vaqueros,OVER,150.5,150.5,1.9090909090909092,bet365,0.5676414664127558,163.0,1,182.56598600344793,165.96907818495268,straight,,
2024-01-04,L296029,Temple Owls,South Florida Bulls,OVER,144.0,143.5,1.9090909090909092,caesars,0.5825088939574947,144.0,1,182.56598600344793,165.96907818495268,straight,,
2024-01-04,L294094,North Florida Ospreys,Stetson Hatters,OVER,152.5,152.5,1.9090909090909092,draftkings,0.5531726324269602,149.0,-1,182.56598600344793,-182.56598600344793,straight,,
2024-01-04,L294075,Tennessee Tech Golden Eagles,Morehead State Eagles,OVER,139.0,137.5,1.9090909090909092,draftkings,0.5508074254587404,139.0,1,182.56598600344793,165.96907818495268,straight,,
2024-01-04,L294072,Cleveland State Vikings,Wright State Raiders,UNDER,164.5,165.5,1.9090909090909092,draftkings,0.557226937700579,152.0,1,182.56598600344793,165.96907818495268,straight,,
2024-01-04,L294095,Lipscomb Bisons,Eastern Kentucky Colonels,OVER,153.5,153.0,1.9090909090909092,draftkings,0.5978693943996365,152.0,-1,182.56598600344793,-182.56598600344793,straight,,
2024-01-04,L294066,Wagner Seahawks,LIU Sharks,OVER,131.5,128.5,1.9090909090909092,draftkings,0.6029506716678916,136.0,1,182.56598600344793,165.96907818495268,straight,,
2024-01-04,L295468,Elon Phoenix,William & Mary Tribe,UNDER,154.5,154.5,1.8695652173913042,betmgm,0.5666713200018261,147.0,1,182.56598600344793,158.753031307346,straight,,
2024-01-04,L296028,Memphis Tigers,Tulsa Golden Hurricane,OVER,151.0,150.5,1.9090909090909092,caesars,0.5568000873256452,153.0,1,182.56598600344793,165.96907818495268,straight,,
2024-01-04,L294088,California Baptist Lancers,Utah Valley Wolverines,OVER,132.5,131.5,1.9090909090909092,draftkings,0.5839702445458104,123.0,-1,182.56598600344793,-182.56598600344793,straight,,
2024-01-04,L294083,Appalachian State Mountaineers,South Alabama Jaguars,OVER,137.5,135.5,1.9090909090909092,draftkings,0.5860323814708851,175.0,1,182.56598600344793,165.96907818495268,straight,,
2024-01-04,L294073,Tennessee State Tigers,Southern Indiana Screaming Eagles,OVER,143.5,143.0,1.9090909090909092,bet_rivers_co,0.58174196823497,136.0,-1,182.56598600344793,-182.56598600344793,straight,,
2024-01-04,L294074,Southeast Missouri State Redhawks,Western Illinois Leathernecks,OVER,143.0,141.5,1.9090909090909092,draftkings,0.5744445088332785,129.0,-1,182.56598600344793,-182.56598600344793,straight,,
2024-01-04,L296027,North Texas Mean Green,Wichita State Shockers,OVER,131.5,129.5,1.9090909090909092,draftkings,0.5741666682463821,136.0,1,182.56598600344793,165.96907818495268,straight,,
2024-01-04,L294064,Pepperdine Waves,Gonzaga Bulldogs,OVER,154.0,151.5,1.9090909090909092,caesars,0.5641142739406244,146.0,-1,182.56598600344793,-182.56598600344793,straight,,
2024-01-04,L294077,Eastern Illinois Panthers,Tennessee-Martin Skyhawks,OVER,149.5,149.5,1.9090909090909092,draftkings,0.6246068756939361,151.0,1,182.56598600344793,165.96907818495268,straight,,
2024-01-04,L295473,Long Beach State Beach,Cal Poly Mustangs,OVER,143.5,142.5,1.9090909090909092,caesars,0.5735369472356068,171.0,1,182.56598600344793,165.96907818495268,straight,,
2024-01-04,L294063,San Francisco Dons,Pacific Tigers,OVER,136.0,134.0,1.9090909090909092,caesars,0.5672811833660639,180.0,1,182.56598600344793,165.96907818495268,straight,,
2024-01-04,L294089,Utah Tech Trailblazers,Seattle Redhawks,OVER,142.5,141.0,1.9090909090909092,draftkings,0.5804954725631457,123.0,-1,182.56598600344793,-182.56598600344793,straight,,
2024-01-04,L295229,Saint Mary's Gaels,San Diego Toreros,OVER,131.5,131.0,1.9090909090909092,caesars,0.6188440139216274,151.0,1,182.56598600344793,165.96907818495268,straight,,
2024-01-05,,Bowling Green Falcons,Akron Zips,OVER,138.5,136.5,1.7224532897933247,,0.63527722698523,150.0,1,195.71912693471472,294.4311598340946,2.5+ card leg 1,2.504355575489088,1.0
2024-01-05,,Miami (OH) RedHawks,Toledo Rockets,UNDER,157.5,164.5,1.4539468735257157,,0.6977762753076071,132.0,1,,,2.5+ card leg 2,2.504355575489088,1.0
2024-01-05,L294112,Bowling Green Falcons,Akron Zips,OVER,138.5,137.0,1.9090909090909092,caesars,0.585429235441362,150.0,1,195.71912693471472,177.92647903155884,straight,,
2024-01-06,,Coppin State Eagles,Delaware State Hornets,OVER,133.0,130.5,1.8695652173913042,,0.6947733963261872,108.0,-1,200.4427033233713,-200.4427033233713,2.5+ card leg 1,2.636914792187669,0.0
2024-01-06,,Providence Friars,Creighton Bluejays,OVER,138.5,131.5,1.4104427958213115,,0.7866157786918347,129.0,-1,,,2.5+ card leg 2,2.636914792187669,0.0
2024-01-06,L294136,UMass Lowell River Hawks,New Hampshire Wildcats,OVER,152.0,150.5,1.9090909090909092,fanduel,0.560836271552552,157.0,1,200.4427033233713,182.22063938488301,straight,,
2024-01-06,L295488,Rutgers Scarlet Knights,Iowa Hawkeyes,OVER,150.5,149.5,1.9090909090909092,draftkings,0.5573485313889451,163.0,1,200.4427033233713,182.22063938488301,straight,,
2024-01-06,L295511,La Salle Explorers,Fordham Rams,OVER,145.0,145.0,1.9090909090909092,bet365,0.5783010795174538,157.0,1,200.4427033233713,182.22063938488301,straight,,
2024-01-06,L294099,St. Francis (PA) Red Flash,Wagner Seahawks,OVER,127.5,127.5,1.9090909090909092,bet365,0.5764922567479058,127.0,-1,200.4427033233713,-200.4427033233713,straight,,
2024-01-06,L294138,Bryant Bulldogs,UMBC Retrievers,OVER,169.0,168.5,1.9090909090909092,bet365,0.5599312074592128,148.0,-1,200.4427033233713,-200.4427033233713,straight,,
2024-01-06,L295491,Holy Cross Crusaders,Army Black Knights,OVER,126.5,126.5,1.9090909090909092,betmgm,0.59145908093919,127.0,1,200.4427033233713,182.22063938488301,straight,,
2024-01-06,L295496,Lafayette Leopards,Boston University Terriers,OVER,125.5,125.5,1.9090909090909092,bet365,0.5924477771650675,110.0,-1,200.4427033233713,-200.4427033233713,straight,,
2024-01-06,L295492,St. John's Red Storm,Villanova Wildcats,OVER,142.5,142.5,1.9090909090909092,betmgm,0.56428240476753,152.0,1,200.4427033233713,182.22063938488301,straight,,
2024-01-06,L296048,West Virginia Mountaineers,Houston Cougars,OVER,131.5,129.0,1.9090909090909092,draftkings,0.5969096467577002,144.0,1,200.4427033233713,182.22063938488301,straight,,
2024-01-06,L294107,LIU Sharks,Stonehill Skyhawks,OVER,143.25,143.0,1.9090909090909092,bet365,0.56706603031595,141.0,-1,200.4427033233713,-200.4427033233713,straight,,
2024-01-06,L294108,Dartmouth Big Green,Penn Quakers,OVER,134.5,132.5,1.9090909090909092,bet365,0.601972220743289,131.0,-1,200.4427033233713,-200.4427033233713,straight,,
2024-01-06,L296047,TCU Horned Frogs,Kansas Jayhawks,OVER,150.5,148.5,1.9090909090909092,fanduel,0.5570460238568098,164.0,1,200.4427033233713,182.22063938488301,straight,,
2024-01-06,L294148,McNeese Cowboys,East Texas A&M Lions,OVER,135.5,135.5,1.9523809523809523,betmgm,0.5821464968464573,140.0,1,200.4427033233713,190.89781268892503,straight,,
2024-01-06,L295495,Providence Friars,Creighton Bluejays,OVER,138.5,137.5,1.9090909090909092,draftkings,0.632952476390502,129.0,-1,200.4427033233713,-200.4427033233713,straight,,
2024-01-06,L294098,Sacred Heart Pioneers,Merrimack Warriors,OVER,134.0,133.5,1.9090909090909092,bet365,0.5548660116980579,140.0,1,200.4427033233713,182.22063938488301,straight,,
2024-01-06,L295479,Charleston Southern Buccaneers,Longwood Lancers,OVER,134.0,134.0,1.9090909090909092,bet365,0.5675591877847851,133.0,-1,200.4427033233713,-200.4427033233713,straight,,
2024-01-06,L295497,UNLV Runnin' Rebels,San Diego State Aztecs,OVER,140.0,139.5,1.8695652173913042,betmgm,0.55612423357317,133.0,-1,200.4427033233713,-200.4427033233713,straight,,
2024-01-06,L295516,George Washington Revolutionaries,VCU Rams,OVER,151.5,149.5,1.9090909090909092,bet365,0.5941705331247895,166.0,1,200.4427033233713,182.22063938488301,straight,,
2024-01-06,L294131,Georgia State Panthers,South Alabama Jaguars,OVER,145.5,143.5,1.9090909090909092,bet365,0.562736850962898,166.0,1,200.4427033233713,182.22063938488301,straight,,
2024-01-06,L294155,Southern Utah Thunderbirds,Utah Valley Wolverines,OVER,147.5,147.5,1.9090909090909092,betmgm,0.5716849310675461,142.0,-1,200.4427033233713,-200.4427033233713,straight,,
2024-01-06,L296087,Morgan State Bears,Maryland-Eastern Shore Hawks,OVER,144.5,144.5,1.9090909090909092,bet365,0.5682894981325953,149.0,1,200.4427033233713,182.22063938488301,straight,,
2024-01-06,L294125,Eastern Illinois Panthers,Little Rock Trojans,OVER,146.0,146.0,1.9090909090909092,bet365,0.5615926193485059,178.0,1,200.4427033233713,182.22063938488301,straight,,
2024-01-06,L294165,Coppin State Eagles,Delaware State Hornets,OVER,133.0,130.5,1.8695652173913042,betmgm,0.6215495662421054,108.0,-1,200.4427033233713,-200.4427033233713,straight,,
2024-01-06,L294166,Florida A&M Rattlers,Bethune-Cookman Wildcats,OVER,138.5,138.5,1.9090909090909092,bet365,0.5789310837029397,184.0,1,200.4427033233713,182.22063938488301,straight,,
2024-01-06,L294102,UC Davis Aggies,UC Irvine Anteaters,OVER,140.5,140.0,1.9090909090909092,bet365,0.5531438428195936,145.0,1,200.4427033233713,182.22063938488301,straight,,
2024-01-06,L294135,Appalachian State Mountaineers,Troy Trojans,OVER,145.5,145.5,1.925925925925926,draftkings,0.5634890904877041,128.0,-1,200.4427033233713,-200.4427033233713,straight,,
2024-01-06,L294149,Nicholls State Colonels,Houston Christian Huskies,OVER,150.25,150.0,1.9090909090909092,draftkings,0.5854855945394944,192.0,1,200.4427033233713,182.22063938488301,straight,,
2024-01-06,L295518,Prairie View A&M Panthers,Grambling State Tigers,OVER,136.0,136.0,1.9090909090909092,bet365,0.5548881831620318,132.0,-1,200.4427033233713,-200.4427033233713,straight,,
2024-01-06,L294147,Southeastern Louisiana Lions,New Orleans Privateers,OVER,142.75,141.5,1.9090909090909092,betmgm,0.5651527643641437,141.0,-1,200.4427033233713,-200.4427033233713,straight,,
2024-01-06,L294158,Florida International Panthers,Jacksonville State Gamecocks,OVER,137.5,137.5,1.9090909090909092,betmgm,0.5968890120985525,133.0,-1,200.4427033233713,-200.4427033233713,straight,,
2024-01-06,L295517,Lehigh Mountain Hawks,Loyola Maryland Greyhounds,OVER,138.5,138.0,1.9090909090909092,bet365,0.5821774837192635,164.0,1,200.4427033233713,182.22063938488301,straight,,
2024-01-06,L294129,Marshall Thundering Herd,Texas State Bobcats,OVER,140.5,138.0,1.9090909090909092,bet365,0.5997181237328503,154.0,1,200.4427033233713,182.22063938488301,straight,,
2024-01-06,L294144,Montana State Bobcats,South Dakota State Jackrabbits,OVER,144.5,144.5,1.9090909090909092,betmgm,0.5508048578078284,150.0,1,200.4427033233713,182.22063938488301,straight,,
2024-01-06,L294100,Louisiana Tech Bulldogs,Sam Houston Bearkats,OVER,136.25,136.0,1.9090909090909092,bet365,0.5532957462721162,158.0,1,200.4427033233713,182.22063938488301,straight,,
2024-01-06,L298114,Oregon State Beavers,Washington Huskies,OVER,145.75,145.0,1.9090909090909092,caesars,0.5543433796648435,151.0,1,200.4427033233713,182.22063938488301,straight,,
2024-01-06,L296032,UCF Knights,Kansas State Wildcats,OVER,139.0,138.5,1.9090909090909092,draftkings,0.5579228692413308,129.0,-1,200.4427033233713,-200.4427033233713,straight,,
2024-01-06,L296054,Texas Southern Tigers,Southern University Jaguars,OVER,143.5,143.5,1.9090909090909092,betmgm,0.5935522270400009,109.0,-1,200.4427033233713,-200.4427033233713,straight,,
2024-01-06,L295486,Charleston Cougars,Stony Brook Seawolves,OVER,151.5,151.0,1.9090909090909092,bet365,0.5510631494167288,180.0,1,200.4427033233713,182.22063938488301,straight,,
2024-01-06,L296043,Alabama State Hornets,Mississippi Valley State Delta Devils,OVER,131.0,128.5,1.9090909090909092,betmgm,0.5974739432830525,105.0,-1,200.4427033233713,-200.4427033233713,straight,,
2024-01-06,L294163,Austin Peay Governors,Eastern Kentucky Colonels,OVER,143.0,142.5,1.9090909090909092,betmgm,0.5740424870178801,128.0,-1,200.4427033233713,-200.4427033233713,straight,,
2024-01-06,L294168,North Florida Ospreys,Florida Gulf Coast Eagles,OVER,141.5,140.5,1.9090909090909092,bet365,0.5603336873445688,136.0,-1,200.4427033233713,-200.4427033233713,straight,,
2024-01-06,L294105,Pacific Tigers,Portland Pilots,OVER,148.5,148.0,1.9090909090909092,caesars,0.5603856506645009,142.0,-1,200.4427033233713,-200.4427033233713,straight,,
2024-01-06,L296039,Valparaiso Beacons,UIC Flames,OVER,136.0,134.5,1.9090909090909092,bet365,0.590749974631112,134.0,-1,200.4427033233713,-200.4427033233713,straight,,
2024-01-06,L294141,Portland State Vikings,Kansas City Roos,OVER,138.5,138.0,1.9090909090909092,bet365,0.5564509195675401,150.0,1,200.4427033233713,182.22063938488301,straight,,
2024-01-06,L294152,Central Arkansas Bears,North Alabama Lions,OVER,151.5,151.5,1.9090909090909092,betmgm,0.5725562734586925,165.0,1,200.4427033233713,182.22063938488301,straight,,
2024-01-06,L294123,Tennessee Tech Golden Eagles,Southern Indiana Screaming Eagles,OVER,138.0,136.5,1.9090909090909092,bet365,0.5892879072087829,132.0,-1,200.4427033233713,-200.4427033233713,straight,,
2024-01-06,L294104,Saint Mary's Gaels,Loyola Marymount Lions,OVER,128.5,128.0,1.9090909090909092,draftkings,0.5847246854802277,132.0,1,200.4427033233713,182.22063938488301,straight,,
2024-01-06,L294106,San Diego Toreros,Gonzaga Bulldogs,OVER,155.5,155.0,1.9090909090909092,draftkings,0.5835899219164422,175.0,1,200.4427033233713,182.22063938488301,straight,,
2024-01-06,L296056,Cincinnati Bearcats,BYU Cougars,OVER,151.25,150.5,1.9090909090909092,draftkings,0.5834460827867186,131.0,-1,200.4427033233713,-200.4427033233713,straight,,
2024-01-07,,Wichita State Shockers,Temple Owls,OVER,147.5,145.5,1.7224532897933247,,0.6282933987609564,129.0,-1,199.8005924988722,-199.8005924988722,2.5+ card leg 1,2.504355575489088,0.0
2024-01-07,,Northern Kentucky Norse,Cleveland State Vikings,UNDER,146.5,153.5,1.4539468735257157,,0.7179676198372665,173.0,-1,,,2.5+ card leg 2,2.504355575489088,0.0
2024-01-07,L296058,Wichita State Shockers,Temple Owls,OVER,147.5,146.5,1.9090909090909092,draftkings,0.5817074875846757,129.0,-1,199.8005924988722,-199.8005924988722,straight,,
2024-01-07,L295242,Manhattan Jaspers,Quinnipiac Bobcats,OVER,147.5,146.5,1.9523809523809523,betmgm,0.5758860537459777,135.0,-1,199.8005924988722,-199.8005924988722,straight,,
2024-01-07,L294169,Northern Kentucky Norse,Cleveland State Vikings,UNDER,146.5,147.0,1.9090909090909092,bet_rivers_co,0.553809384283691,173.0,-1,199.8005924988722,-199.8005924988722,straight,,
2024-01-07,L296059,SMU Mustangs,Memphis Tigers,OVER,147.5,147.0,1.8695652173913042,caesars,0.5781165943990343,121.0,-1,199.8005924988722,-199.8005924988722,straight,,
2024-01-08,,East Texas A&M Lions,New Orleans Privateers,OVER,144.0,142.5,1.7628404958138189,,0.6116185057360013,173.0,1,189.81056287392857,-189.81056287392857,2.5+ card leg 1,2.5079266931737156,0.0
2024-01-08,,Maryland-Eastern Shore Hawks,Coppin State Eagles,OVER,130.25,123.5,1.422662288011444,,0.7291592174110555,113.0,-1,,,2.5+ card leg 2,2.5079266931737156,0.0
2024-01-08,L294173,East Texas A&M Lions,New Orleans Privateers,OVER,144.0,143.0,1.8695652173913042,draftkings,0.563648817792331,173.0,1,189.81056287392857,165.05266336863352,straight,,
2024-01-08,L294176,Maryland-Eastern Shore Hawks,Coppin State Eagles,OVER,130.25,129.5,1.8064516129032258,fanduel,0.5554580625391392,113.0,-1,189.81056287392857,-189.81056287392857,straight,,
2024-01-08,L298030,Alabama State Hornets,Arkansas-Pine Bluff Golden Lions,OVER,152.5,151.5,1.9523809523809523,betmgm,0.5501065658660966,155.0,1,189.81056287392857,180.77196464183672,straight,,
2024-01-09,,Kansas State Wildcats,West Virginia Mountaineers,OVER,140.0,136.5,1.612366425673126,,0.6850970796115751,148.0,1,189.4725978965547,292.94012720719167,2.5+ card leg 1,2.546081757780756,1.0
2024-01-09,,Yale Bulldogs,Brown Bears,OVER,135.5,131.5,1.5790962384482952,,0.6905722788980233,150.0,1,,,2.5+ card leg 2,2.546081757780756,1.0
2024-01-09,L294184,Yale Bulldogs,Brown Bears,OVER,135.5,134.5,1.9523809523809523,betmgm,0.5919683868756521,150.0,1,189.4725978965547,180.450093234814,straight,,
2024-01-09,L296092,Kansas State Wildcats,West Virginia Mountaineers,OVER,140.0,139.0,1.8333333333333335,draftkings,0.588082873240497,148.0,1,189.4725978965547,157.8938315804623,straight,,
2024-01-09,L296095,Oklahoma State Cowboys,Texas Tech Red Raiders,OVER,138.5,138.0,1.8333333333333335,draftkings,0.5529001859940109,163.0,1,189.4725978965547,157.8938315804623,straight,,
2024-01-09,L295253,Richmond Spiders,Loyola Chicago Ramblers,OVER,137.25,137.0,1.9090909090909092,bet365,0.5532069087191751,114.0,-1,189.4725978965547,-189.4725978965547,straight,,
2024-01-09,L295245,Creighton Bluejays,DePaul Blue Demons,OVER,141.25,140.5,1.8695652173913042,fanduel,0.5594037634801678,142.0,1,189.4725978965547,164.75878077961275,straight,,
2024-01-09,L296097,Notre Dame Fighting Irish,Georgia Tech Yellow Jackets,OVER,131.5,131.0,1.819672131147541,draftkings,0.5852557860933005,143.0,1,189.4725978965547,155.3054081119301,straight,,
2024-01-10,,Providence Friars,St. John's Red Storm,OVER,143.5,141.5,1.7224532897933247,,0.6419817463433768,148.0,1,198.67029264253387,301.352741286111,2.5+ card leg 1,2.516848529680947,1.0
2024-01-10,,Lafayette Leopards,Colgate Raiders,OVER,129.5,123.5,1.4611998738049616,,0.7352256122857245,133.0,1,,,2.5+ card leg 2,2.516848529680947,1.0
2024-01-10,L295545,Loyola Maryland Greyhounds,Army Black Knights,OVER,125.5,124.5,1.9090909090909092,betmgm,0.5864857758746388,136.0,1,198.67029264253387,180.60935694775807,straight,,
2024-01-10,L295536,Providence Friars,St. John's Red Storm,OVER,143.5,142.5,1.8695652173913042,fanduel,0.592373386920036,148.0,1,198.67029264253387,172.75677621089898,straight,,
2024-01-10,L294188,Wright State Raiders,Robert Morris Colonials,UNDER,161.5,161.5,1.9090909090909092,betmgm,0.5580121652805735,177.0,-1,198.67029264253387,-198.67029264253387,straight,,
2024-01-10,L294193,Georgia Southern Eagles,Marshall Thundering Herd,OVER,152.5,152.0,1.9090909090909092,bet_rivers_co,0.5603728585811036,153.0,1,198.67029264253387,180.60935694775807,straight,,
2024-01-10,L295532,Charleston Southern Buccaneers,Gardner-Webb Runnin' Bulldogs,OVER,141.0,140.5,1.8695652173913042,betmgm,0.5787420874406305,160.0,1,198.67029264253387,172.75677621089898,straight,,
2024-01-10,L295546,Bucknell Bison,Lehigh Mountain Hawks,OVER,139.0,138.5,1.9090909090909092,betmgm,0.5513637987523347,166.0,1,198.67029264253387,180.60935694775807,straight,,
2024-01-10,L295538,Lafayette Leopards,Colgate Raiders,OVER,129.5,129.5,1.9090909090909092,bet365,0.5892125438716463,133.0,1,198.67029264253387,180.60935694775807,straight,,
2024-01-10,L296101,Southern Illinois Salukis,Valparaiso Beacons,OVER,133.5,133.0,1.9090909090909092,bet_rivers_co,0.5557884450789494,145.0,1,198.67029264253387,180.60935694775807,straight,,
2024-01-11,,Louisiana Tech Bulldogs,Middle Tennessee Blue Raiders,OVER,127.5,120.5,1.4104427958213115,,0.7685790688298743,112.0,-1,212.18272050057553,-212.18272050057553,2.5+ card leg 1,2.5159108414683544,0.0
2024-01-11,,Portland Pilots,Saint Mary's Gaels,OVER,134.75,133.5,1.7837737545416157,,0.6242951608025573,147.0,1,,,2.5+ card leg 2,2.5159108414683544,0.0
2024-01-11,L294217,New Hampshire Wildcats,Maine Black Bears,OVER,143.0,143.0,1.9090909090909092,bet365,0.5542719193559947,153.0,1,212.18272050057553,192.8933822732505,straight,,
2024-01-11,L294218,Binghamton Bearcats,Bryant Bulldogs,OVER,156.0,155.5,1.9090909090909092,betmgm,0.5760350199281103,146.0,-1,212.18272050057553,-212.18272050057553,straight,,
2024-01-11,L294204,VMI Keydets,Chattanooga Mocs,OVER,150.5,150.5,1.9090909090909092,betmgm,0.5696753430168614,170.0,1,212.18272050057553,192.8933822732505,straight,,
2024-01-11,L294214,Appalachian State Mountaineers,Coastal Carolina Chanticleers,OVER,147.0,145.5,1.8695652173913042,fanduel,0.5657618777838662,115.0,-1,212.18272050057553,-212.18272050057553,straight,,
2024-01-11,L294232,Seattle Redhawks,UT Rio Grande Valley Vaqueros,OVER,144.5,144.5,1.9090909090909092,betmgm,0.57672824014407,161.0,1,212.18272050057553,192.8933822732505,straight,,
2024-01-11,L294206,Western Illinois Leathernecks,Tennessee-Martin Skyhawks,OVER,152.5,152.5,1.9090909090909092,betmgm,0.5900246929362963,137.0,-1,212.18272050057553,-212.18272050057553,straight,,
2024-01-11,L294207,Southern Indiana Screaming Eagles,SIU Edwardsville Cougars,OVER,137.0,137.0,1.9090909090909092,bet365,0.5639753281048624,131.0,-1,212.18272050057553,-212.18272050057553,straight,,
2024-01-11,L294209,Morehead State Eagles,Eastern Illinois Panthers,OVER,134.0,133.5,1.9090909090909092,bet_rivers_co,0.5621051557302955,130.0,-1,212.18272050057553,-212.18272050057553,straight,,
2024-01-11,L294235,Eastern Kentucky Colonels,Central Arkansas Bears,OVER,154.75,154.5,1.9090909090909092,betmgm,0.5683170437975539,149.0,-1,212.18272050057553,-212.18272050057553,straight,,
2024-01-11,L294229,Stephen F. Austin Lumberjacks,Utah Tech Trailblazers,OVER,146.0,145.5,1.8695652173913042,fanduel,0.5619732784891082,145.0,-1,212.18272050057553,-212.18272050057553,straight,,
2024-01-11,L294197,Louisiana Tech Bulldogs,Middle Tennessee Blue Raiders,OVER,127.5,124.5,1.9090909090909092,fanduel,0.605475544808466,112.0,-1,212.18272050057553,-212.18272050057553,straight,,
2024-01-11,L294200,San Francisco Dons,San Diego Toreros,OVER,144.5,144.5,1.9090909090909092,betmgm,0.5691935094641506,146.0,1,212.18272050057553,192.8933822732505,straight,,
2024-01-11,L294234,Long Beach State Beach,UC San Diego Tritons,OVER,155.5,155.5,1.9090909090909092,bet365,0.5676923262105257,162.0,1,212.18272050057553,192.8933822732505,straight,,
2024-01-11,L294201,Pacific Tigers,Pepperdine Waves,OVER,143.5,143.5,1.9090909090909092,betmgm,0.581218676055376,171.0,1,212.18272050057553,192.8933822732505,straight,,
2024-01-11,L294231,Tarleton State Texans,California Baptist Lancers,OVER,129.5,129.5,1.925925925925926,draftkings,0.554268582848426,140.0,1,212.18272050057553,196.46548194497737,straight,,
2024-01-11,L294202,Portland Pilots,Saint Mary's Gaels,OVER,134.75,134.5,1.9090909090909092,draftkings,0.5727884740129272,147.0,1,212.18272050057553,192.8933822732505,straight,,
2024-01-11,L298121,Arizona State Sun Devils,Washington Huskies,OVER,151.25,149.5,1.9090909090909092,fanduel,0.5742874533708127,149.0,-1,212.18272050057553,-212.18272050057553,straight,,
2024-01-12,,Manhattan Jaspers,Rider Broncs,OVER,141.5,139.5,1.7224532897933247,,0.6471200250388501,129.0,-1,206.4316400290953,-206.4316400290953,2.5+ card leg 1,2.516848529680947,0.0
2024-01-12,,DePaul Blue Demons,Villanova Wildcats,OVER,135.5,129.5,1.4611998738049616,,0.702362088959771,163.0,1,,,2.5+ card leg 2,2.516848529680947,0.0
2024-01-12,L296113,Rice Owls,South Florida Bulls,OVER,144.0,144.0,1.9090909090909092,bet365,0.5603286370688624,154.0,1,206.4316400290953,187.66512729917756,straight,,
2024-01-12,L295565,Manhattan Jaspers,Rider Broncs,OVER,141.5,140.5,1.8695652173913042,fanduel,0.598703803099599,129.0,-1,206.4316400290953,-206.4316400290953,straight,,
2024-01-12,L295563,DePaul Blue Demons,Villanova Wildcats,OVER,135.5,135.5,1.9090909090909092,bet365,0.551202179208417,163.0,1,206.4316400290953,187.66512729917756,straight,,
2024-01-13,,Houston Christian Huskies,East Texas A&M Lions,OVER,146.5,144.5,1.7224532897933247,,0.6581650804391589,134.0,-1,206.05630977449695,-206.05630977449695,2.5+ card leg 1,2.516848529680947,0.0
2024-01-13,,Western Illinois Leathernecks,Eastern Illinois Panthers,OVER,131.5,125.5,1.4611998738049616,,0.7504746037521667,123.0,-1,,,2.5+ card leg 2,2.516848529680947,0.0
2024-01-13,L295583,St. John's Red Storm,Creighton Bluejays,OVER,151.5,150.5,1.9090909090909092,draftkings,0.5744202616284172,131.0,-1,206.05630977449695,-206.05630977449695,straight,,
2024-01-13,L295571,USC Upstate Spartans,Charleston Southern Buccaneers,OVER,139.5,139.5,1.9090909090909092,betmgm,0.5518091992750289,147.0,1,206.05630977449695,187.32391797681544,straight,,
2024-01-13,L295582,Xavier Musketeers,Providence Friars,OVER,139.5,139.0,1.9090909090909092,draftkings,0.6044213315963493,150.0,1,206.05630977449695,187.32391797681544,straight,,
2024-01-13,L295585,Navy Midshipmen,Lafayette Leopards,OVER,128.5,127.5,1.9090909090909092,betmgm,0.5576944030641638,140.0,1,206.05630977449695,187.32391797681544,straight,,
2024-01-13,L295595,Davidson Wildcats,George Washington Revolutionaries,OVER,149.0,149.0,1.9090909090909092,bet365,0.574333627011079,162.0,1,206.05630977449695,187.32391797681544,straight,,
2024-01-13,L296125,Oklahoma Sooners,Kansas Jayhawks,OVER,142.25,141.5,1.8695652173913042,fanduel,0.5570199174375032,144.0,1,206.05630977449695,179.17939980391037,straight,,
2024-01-13,L294285,Houston Christian Huskies,East Texas A&M Lions,OVER,146.5,146.5,1.9090909090909092,bet365,0.6111161021273223,134.0,-1,206.05630977449695,-206.05630977449695,straight,,
2024-01-13,L294302,LIU Sharks,Sacred Heart Pioneers,OVER,149.5,149.5,1.9090909090909092,bet365,0.5591732277247883,144.0,-1,206.05630977449695,-206.05630977449695,straight,,
2024-01-13,L294304,Merrimack Warriors,Le Moyne Dolphins,OVER,136.5,135.5,1.9090909090909092,betmgm,0.5822561170241123,128.0,-1,206.05630977449695,-206.05630977449695,straight,,
2024-01-13,L296126,Florida State Seminoles,Notre Dame Fighting Irish,OVER,133.5,132.5,1.9090909090909092,fanduel,0.5965495383556118,125.0,-1,206.05630977449695,-206.05630977449695,straight,,
2024-01-13,L295607,Fordham Rams,St. Bonaventure Bonnies,OVER,141.0,141.0,1.9090909090909092,draftkings,0.5540021843310868,154.0,1,206.05630977449695,187.32391797681544,straight,,
2024-01-13,L295599,Colgate Raiders,Bucknell Bison,OVER,136.5,136.5,1.9090909090909092,betmgm,0.5544416648180688,157.0,1,206.05630977449695,187.32391797681544,straight,,
2024-01-13,L294250,Central Connecticut State Blue Devils,St. Francis (PA) Red Flash,OVER,136.0,136.0,1.9090909090909092,bet365,0.5514316742031822,136.0,0,206.05630977449695,0.0,straight,,
2024-01-13,L294251,Bowling Green Falcons,Northern Illinois Huskies,OVER,150.5,150.5,1.9090909090909092,betmgm,0.58583813175501,155.0,1,206.05630977449695,187.32391797681544,straight,,
2024-01-13,L294244,Southeast Missouri State Redhawks,Tennessee Tech Golden Eagles,OVER,145.5,145.5,1.9090909090909092,betmgm,0.5742567967124216,129.0,-1,206.05630977449695,-206.05630977449695,straight,,
2024-01-13,L295598,Loyola Chicago Ramblers,Saint Joseph's Hawks,OVER,140.5,139.5,1.9090909090909092,fanduel,0.597365379265389,153.0,1,206.05630977449695,187.32391797681544,straight,,
2024-01-13,L294267,South Alabama Jaguars,Marshall Thundering Herd,OVER,151.0,151.0,1.9090909090909092,bet365,0.5776511951694482,176.0,1,206.05630977449695,187.32391797681544,straight,,
2024-01-13,L295608,Southern University Jaguars,Florida A&M Rattlers,OVER,140.0,138.0,1.9090909090909092,bet365,0.5893113185618928,139.0,1,206.05630977449695,187.32391797681544,straight,,
2024-01-13,L296128,BYU Cougars,UCF Knights,OVER,143.5,142.5,1.8695652173913042,fanduel,0.5556941901080448,121.0,-1,206.05630977449695,-206.05630977449695,straight,,
2024-01-13,L294272,Appalachian State Mountaineers,James Madison Dukes,OVER,149.5,149.0,1.9090909090909092,bet365,0.5741339821616838,114.0,-1,206.05630977449695,-206.05630977449695,straight,,
2024-01-13,L296129,Kansas State Wildcats,Texas Tech Red Raiders,OVER,139.5,138.5,1.8695652173913042,fanduel,0.5804782875486539,119.0,-1,206.05630977449695,-206.05630977449695,straight,,
2024-01-13,L294264,Western Illinois Leathernecks,Eastern Illinois Panthers,OVER,131.5,131.5,1.9090909090909092,betmgm,0.6066649463534093,123.0,-1,206.05630977449695,-206.05630977449695,straight,,
2024-01-13,L294287,Austin Peay Governors,Lipscomb Bisons,OVER,140.0,139.5,1.9090909090909092,bet365,0.5776148403418175,168.0,1,206.05630977449695,187.32391797681544,straight,,
2024-01-13,L294292,Jacksonville State Gamecocks,Western Kentucky Hilltoppers,OVER,139.75,139.0,1.9090909090909092,draftkings,0.5775147071957255,149.0,1,206.05630977449695,187.32391797681544,straight,,
2024-01-13,L295610,Boston University Terriers,Loyola Maryland Greyhounds,OVER,132.5,132.5,1.9090909090909092,betmgm,0.5613919154217384,118.0,-1,206.05630977449695,-206.05630977449695,straight,,
2024-01-13,L294283,Texas A&M-Corpus Christi Islanders,New Orleans Privateers,OVER,151.0,151.0,1.9090909090909092,bet365,0.5536823597242817,163.0,1,206.05630977449695,187.32391797681544,straight,,
2024-01-13,L296116,Temple Owls,North Texas Mean Green,OVER,127.5,127.5,1.9090909090909092,betmgm,0.5786710853006533,120.0,-1,206.05630977449695,-206.05630977449695,straight,,
2024-01-13,L296133,Arkansas-Pine Bluff Golden Lions,Texas Southern Tigers,OVER,152.5,152.5,1.9090909090909092,betmgm,0.5843787456679075,137.0,-1,206.05630977449695,-206.05630977449695,straight,,
2024-01-13,L294294,Sam Houston Bearkats,Middle Tennessee Blue Raiders,OVER,131.5,131.5,1.9090909090909092,bet365,0.5774846714447511,111.0,-1,206.05630977449695,-206.05630977449695,straight,,
2024-01-13,L295597,George Mason Patriots,Richmond Spiders,OVER,131.5,131.5,1.9090909090909092,betmgm,0.5716034861122737,147.0,1,206.05630977449695,187.32391797681544,straight,,
2024-01-13,L296131,Texas Longhorns,West Virginia Mountaineers,OVER,144.5,143.5,1.9090909090909092,caesars,0.5556623479073977,149.0,1,206.05630977449695,187.32391797681544,straight,,
2024-01-13,L295611,Mississippi Valley State Delta Devils,Prairie View A&M Panthers,OVER,132.0,132.0,1.9090909090909092,bet365,0.5527501648575959,131.0,-1,206.05630977449695,-206.05630977449695,straight,,
2024-01-13,L296121,Missouri State Bears,Evansville Purple Aces,OVER,142.5,142.5,1.9090909090909092,betmgm,0.5755375879914693,138.0,-1,206.05630977449695,-206.05630977449695,straight,,
2024-01-13,L294246,Saint Mary's Gaels,Santa Clara Broncos,OVER,134.5,134.5,1.9090909090909092,betmgm,0.5825051160092913,122.0,-1,206.05630977449695,-206.05630977449695,straight,,
2024-01-13,L294260,UNC Greensboro Spartans,Chattanooga Mocs,OVER,143.5,143.5,1.9090909090909092,betmgm,0.5501323907492081,124.0,-1,206.05630977449695,-206.05630977449695,straight,,
2024-01-13,L294275,Bryant Bulldogs,New Hampshire Wildcats,OVER,159.0,159.0,1.9090909090909092,bet365,0.5956490924608735,163.0,1,206.05630977449695,187.32391797681544,straight,,
2024-01-13,L294289,Utah Valley Wolverines,UT Rio Grande Valley Vaqueros,OVER,147.5,147.5,1.925925925925926,draftkings,0.5849556175677306,144.0,-1,206.05630977449695,-206.05630977449695,straight,,
2024-01-13,L294286,Eastern Kentucky Colonels,North Alabama Lions,OVER,150.5,150.5,1.9090909090909092,betmgm,0.5767117992932461,153.0,1,206.05630977449695,187.32391797681544,straight,,
2024-01-13,L296132,Oklahoma State Cowboys,Iowa State Cyclones,OVER,138.5,136.5,1.9090909090909092,betmgm,0.5558919466753932,108.0,-1,206.05630977449695,-206.05630977449695,straight,,
2024-01-13,L294247,Pacific Tigers,Loyola Marymount Lions,OVER,141.5,141.5,1.9090909090909092,bet365,0.5897999117185091,145.0,1,206.05630977449695,187.32391797681544,straight,,
2024-01-13,L294248,Pepperdine Waves,San Diego Toreros,OVER,150.0,150.0,1.9090909090909092,bet365,0.5537962457067854,160.0,1,206.05630977449695,187.32391797681544,straight,,
2024-01-13,L294249,Portland Pilots,San Francisco Dons,OVER,142.0,142.0,1.9090909090909092,bet365,0.5682019413639853,165.0,1,206.05630977449695,187.32391797681544,straight,,
2024-01-13,L294296,UC San Diego Tritons,Cal Poly Mustangs,OVER,133.5,133.5,1.9090909090909092,betmgm,0.5516362092221619,147.0,1,206.05630977449695,187.32391797681544,straight,,
2024-01-14,,Memphis Tigers,Wichita State Shockers,OVER,152.75,151.5,1.7837737545416157,,0.6299549220658781,198.0,1,203.91430149502293,309.11590036675193,2.5+ card leg 1,2.5159108414683544,1.0
2024-01-14,,Saint Peter's Peacocks,Manhattan Jaspers,OVER,127.5,120.5,1.4104427958213115,,0.7373187421728323,149.0,1,,,2.5+ card leg 2,2.5159108414683544,1.0
2024-01-14,L295612,Rutgers Scarlet Knights,Michigan State Spartans,OVER,136.5,136.5,1.9090909090909092,bet365,0.5678576831404007,128.0,-1,203.91430149502293,-203.91430149502293,straight,,
2024-01-14,L296137,Memphis Tigers,Wichita State Shockers,OVER,152.75,152.5,1.8771929824561404,fanduel,0.58313430759221,198.0,1,203.91430149502293,178.87219429387977,straight,,
2024-01-14,L295255,Saint Peter's Peacocks,Manhattan Jaspers,OVER,127.5,126.5,1.9090909090909092,draftkings,0.5704967496676118,149.0,1,203.91430149502293,185.37663772274814,straight,,
2024-01-14,L296140,Valparaiso Beacons,Illinois State Redbirds,OVER,136.5,135.5,1.8695652173913042,fanduel,0.5508407554500545,109.0,-1,203.91430149502293,-203.91430149502293,straight,,
2024-01-15,,Mississippi Valley State Delta Devils,Texas Southern Tigers,OVER,127.0,121.5,1.4885317549607708,,0.7260010708625046,154.0,1,206.56966278895626,311.2256963052402,2.5+ card leg 1,2.506637964661862,1.0
2024-01-15,,Dartmouth Big Green,Princeton Tigers,OVER,135.0,132.5,1.68396673857181,,0.6738188825937831,134.0,1,,,2.5+ card leg 2,2.506637964661862,1.0
2024-01-15,L294311,Stonehill Skyhawks,Wagner Seahawks,OVER,131.0,130.5,1.9090909090909092,draftkings,0.5599649222300455,118.0,-1,206.56966278895626,-206.56966278895626,straight,,
2024-01-15,L294314,Dartmouth Big Green,Princeton Tigers,OVER,135.0,135.0,1.9090909090909092,bet_rivers_co,0.5989117553731304,134.0,-1,206.56966278895626,-206.56966278895626,straight,,
2024-01-15,L295619,George Mason Patriots,George Washington Revolutionaries,OVER,145.5,144.5,1.8695652173913042,betmgm,0.5863328420028312,137.0,-1,206.56966278895626,-206.56966278895626,straight,,
2024-01-15,L294321,Brown Bears,Harvard Crimson,OVER,139.0,138.5,1.8695652173913042,fanduel,0.5630061847827884,146.0,1,206.56966278895626,179.62579372952715,straight,,
2024-01-15,L295618,Villanova Wildcats,Marquette Golden Eagles,OVER,142.5,141.5,1.8695652173913042,fanduel,0.5558178530040097,161.0,1,206.56966278895626,179.62579372952715,straight,,
2024-01-15,L296143,Mississippi Valley State Delta Devils,Texas Southern Tigers,OVER,127.0,125.5,1.8695652173913042,fanduel,0.5705963444250057,154.0,1,206.56966278895626,179.62579372952715,straight,,
2024-01-15,L294317,Texas A&M-Corpus Christi Islanders,Southeastern Louisiana Lions,OVER,134.5,134.5,1.9090909090909092,betmgm,0.5574498760634458,141.0,1,206.56966278895626,187.7906025354148,straight,,
2024-01-15,L294310,Sacred Heart Pioneers,Le Moyne Dolphins,OVER,144.5,144.5,1.9090909090909092,betmgm,0.5542671603759322,153.0,1,206.56966278895626,187.7906025354148,straight,,
2024-01-15,L294322,Columbia Lions,Yale Bulldogs,OVER,145.5,144.5,1.8695652173913042,fanduel,0.5796428012817175,159.0,1,206.56966278895626,179.62579372952715,straight,,
2024-01-15,L294318,New Orleans Privateers,Nicholls State Colonels,OVER,150.5,150.5,1.9090909090909092,betmgm,0.5518912195420952,153.0,1,206.56966278895626,187.7906025354148,straight,,
2024-01-16,,Temple Owls,SMU Mustangs,OVER,138.0,134.5,1.612366425673126,,0.6904989562208681,141.0,1,216.30357969358352,328.8305462484212,2.5+ card leg 1,2.5202270194244765,1.0
2024-01-16,,Kansas Jayhawks,Oklahoma State Cowboys,OVER,138.75,134.5,1.5630609638701323,,0.6798680078695984,156.0,1,,,2.5+ card leg 2,2.5202270194244765,1.0
2024-01-16,L294326,Bowling Green Falcons,Miami (OH) RedHawks,OVER,144.5,144.5,1.9090909090909092,betmgm,0.5660327868797581,151.0,1,216.30357969358352,196.63961790325777,straight,,
2024-01-16,L296144,Temple Owls,SMU Mustangs,OVER,138.0,136.5,1.9090909090909092,draftkings,0.5913694559650088,141.0,1,216.30357969358352,196.63961790325777,straight,,
2024-01-16,L296152,Kansas Jayhawks,Oklahoma State Cowboys,OVER,138.75,137.5,1.9090909090909092,fanduel,0.5540022409848916,156.0,1,216.30357969358352,196.63961790325777,straight,,
2024-01-17,,Lafayette Leopards,Holy Cross Crusaders,OVER,128.5,124.5,1.5790962384482952,,0.6924148782279275,140.0,1,225.49107369316545,348.6276355793992,2.5+ card leg 1,2.546081757780756,1.0
2024-01-17,,Valparaiso Beacons,Evansville Purple Aces,OVER,141.0,137.5,1.612366425673126,,0.6762688017176144,153.0,1,,,2.5+ card leg 2,2.546081757780756,1.0
2024-01-17,L295648,Colgate Raiders,Army Black Knights,OVER,131.5,130.5,1.9090909090909092,betmgm,0.5556591229082208,120.0,-1,225.49107369316545,-225.49107369316545,straight,,
2024-01-17,L294340,Georgia State Panthers,Appalachian State Mountaineers,OVER,141.5,140.5,1.9090909090909092,fanduel,0.5775939248488587,144.0,1,225.49107369316545,204.99188517560498,straight,,
2024-01-17,L294332,The Citadel Bulldogs,UNC Greensboro Spartans,OVER,132.5,131.5,1.9090909090909092,caesars,0.579522909636639,140.0,1,225.49107369316545,204.99188517560498,straight,,
2024-01-17,L295644,Nebraska Cornhuskers,Rutgers Scarlet Knights,OVER,140.5,138.0,1.9090909090909092,draftkings,0.5720859727916257,169.0,1,225.49107369316545,204.99188517560498,straight,,
2024-01-17,L295646,Lafayette Leopards,Holy Cross Crusaders,OVER,128.5,128.5,1.9090909090909092,draftkings,0.5930992510389571,140.0,1,225.49107369316545,204.99188517560498,straight,,
2024-01-17,L295652,Davidson Wildcats,Fordham Rams,OVER,141.5,140.5,1.9090909090909092,caesars,0.562154126479332,148.0,1,225.49107369316545,204.99188517560498,straight,,
2024-01-17,L295655,Bucknell Bison,Boston University Terriers,OVER,131.5,131.5,1.9090909090909092,draftkings,0.5603501601205864,130.0,-1,225.49107369316545,-225.49107369316545,straight,,
2024-01-17,L296155,UTSA Roadrunners,Tulsa Golden Hurricane,OVER,153.5,153.0,1.9090909090909092,caesars,0.5502725022620865,185.0,1,225.49107369316545,204.99188517560498,straight,,
2024-01-17,L296160,Valparaiso Beacons,Evansville Purple Aces,OVER,141.0,139.5,1.9090909090909092,caesars,0.5782102232475905,153.0,1,225.49107369316545,204.99188517560498,straight,,
2024-01-17,L296166,West Virginia Mountaineers,Oklahoma Sooners,OVER,143.5,143.0,1.9090909090909092,draftkings,0.5550845577295621,140.0,-1,225.49107369316545,-225.49107369316545,straight,,
2024-01-17,L295647,Providence Friars,DePaul Blue Demons,OVER,139.25,137.5,1.9090909090909092,draftkings,0.5549836147215429,162.0,1,225.49107369316545,204.99188517560498,straight,,
2024-01-17,L298128,UCLA Bruins,Arizona State Sun Devils,OVER,129.75,127.5,1.9090909090909092,draftkings,0.5594520142568373,134.0,1,225.49107369316545,204.99188517560498,straight,,
2024-01-18,,Utah Valley Wolverines,Grand Canyon Antelopes,OVER,139.5,133.5,1.4611998738049616,,0.7298444132788559,143.0,1,240.66188750396896,365.0476302106368,2.5+ card leg 1,2.516848529680947,1.0
2024-01-18,,UC San Diego Tritons,UC Irvine Anteaters,OVER,139.5,137.5,1.7224532897933247,,0.6338786954879928,141.0,1,,,2.5+ card leg 2,2.516848529680947,1.0
2024-01-18,L296170,Wichita State Shockers,Florida Atlantic Owls,OVER,152.5,152.5,1.9090909090909092,betmgm,0.5654419711881598,163.0,1,240.66188750396896,218.78353409451725,straight,,
2024-01-18,L294364,Kennesaw State Owls,North Florida Ospreys,OVER,161.25,161.0,1.9090909090909092,bet365,0.5540382509160687,159.0,-1,240.66188750396896,-240.66188750396896,straight,,
2024-01-18,L295658,Towson Tigers,Charleston Cougars,OVER,140.5,140.0,1.9090909090909092,draftkings,0.5586517596934014,160.0,1,240.66188750396896,218.78353409451725,straight,,
2024-01-18,L294352,Marshall Thundering Herd,Old Dominion Monarchs,OVER,155.5,155.5,1.925925925925926,draftkings,0.5656071301602789,157.0,1,240.66188750396896,222.8350810221935,straight,,
2024-01-18,L294348,Tennessee-Martin Skyhawks,Morehead State Eagles,OVER,153.5,152.5,1.8928571428571428,draftkings,0.5650326095191476,150.0,-1,240.66188750396896,-240.66188750396896,straight,,
2024-01-18,L294369,Seattle Redhawks,Stephen F. Austin Lumberjacks,OVER,138.5,138.5,1.9090909090909092,betmgm,0.5701808565243198,173.0,1,240.66188750396896,218.78353409451725,straight,,
2024-01-18,L294353,Louisiana-Monroe Warhawks,James Madison Dukes,OVER,144.5,144.5,1.9174311926605505,bet_rivers_co,0.5733282901359981,159.0,1,240.66188750396896,220.79072248070548,straight,,
2024-01-18,L294365,Central Arkansas Bears,Lipscomb Bisons,OVER,154.0,154.0,1.9090909090909092,bet365,0.5665875088882092,182.0,1,240.66188750396896,218.78353409451725,straight,,
2024-01-18,L294366,North Alabama Lions,Austin Peay Governors,OVER,139.5,139.5,1.9090909090909092,betmgm,0.5642968283800395,163.0,1,240.66188750396896,218.78353409451725,straight,,
2024-01-18,L294347,Tennessee Tech Golden Eagles,Tennessee State Tigers,OVER,142.5,142.5,1.9090909090909092,betmgm,0.5720463887729773,138.0,-1,240.66188750396896,-240.66188750396896,straight,,
2024-01-18,L294371,Western Kentucky Hilltoppers,New Mexico State Aggies,OVER,146.5,146.5,1.9090909090909092,betmgm,0.5515969053657678,142.0,-1,240.66188750396896,-240.66188750396896,straight,,
2024-01-18,L294380,Utah Valley Wolverines,Grand Canyon Antelopes,OVER,139.5,139.5,1.9090909090909092,betmgm,0.5833951810450351,143.0,1,240.66188750396896,218.78353409451725,straight,,
2024-01-18,L294373,UC San Diego Tritons,UC Irvine Anteaters,OVER,139.5,139.0,1.8928571428571428,draftkings,0.5830235151794055,141.0,1,240.66188750396896,214.87668527140085,straight,,
2024-01-18,L294341,Santa Clara Broncos,Pacific Tigers,OVER,147.5,147.5,1.9090909090909092,betmgm,0.5740289351568004,157.0,1,240.66188750396896,218.78353409451725,straight,,
2024-01-18,L294342,Loyola Marymount Lions,San Francisco Dons,OVER,138.0,137.5,1.8695652173913042,fanduel,0.5685937388019613,164.0,1,240.66188750396896,209.27120652519037,straight,,
2024-01-19,,LIU Sharks,St. Francis (PA) Red Flash,OVER,142.5,140.5,1.8695652173913042,,0.5852856110031869,138.0,-1,258.6784726455277,-258.6784726455277,2.5+ card leg 1,2.659759929760525,0.0
2024-01-19,,Wagner Seahawks,Merrimack Warriors,OVER,124.25,117.5,1.422662288011444,,0.7242075040201136,136.0,1,,,2.5+ card leg 2,2.659759929760525,0.0
2024-01-19,L294382,Wagner Seahawks,Merrimack Warriors,OVER,124.25,122.5,1.9090909090909092,fanduel,0.5502400147085595,136.0,1,258.6784726455277,235.16224785957064,straight,,
2024-01-20,,Morgan State Bears,Coppin State Eagles,OVER,135.5,133.5,1.7224532897933247,,0.6938614001182277,175.0,1,258.4433103976681,392.0193553825795,2.5+ card leg 1,2.516848529680947,1.0
2024-01-20,,Yale Bulldogs,Dartmouth Big Green,OVER,132.5,126.5,1.4611998738049616,,0.7642446272537688,127.0,1,,,2.5+ card leg 2,2.516848529680947,1.0
2024-01-20,L295723,Marquette Golden Eagles,St. John's Red Storm,OVER,153.5,153.5,1.9090909090909092,betmgm,0.5669412146892667,145.0,-1,258.4433103976681,-258.4433103976681,straight,,
2024-01-20,L294394,The Citadel Bulldogs,VMI Keydets,OVER,147.5,147.5,1.9090909090909092,betmgm,0.5785576105142697,133.0,-1,258.4433103976681,-258.4433103976681,straight,,
2024-01-20,L295739,Loyola Chicago Ramblers,Fordham Rams,OVER,145.0,143.0,1.9090909090909092,caesars,0.5590377718405407,126.0,-1,258.4433103976681,-258.4433103976681,straight,,
2024-01-20,L296178,Oklahoma Sooners,Cincinnati Bearcats,OVER,141.5,140.5,1.9090909090909092,bet_rivers_co,0.5610406642877155,134.0,-1,258.4433103976681,-258.4433103976681,straight,,
2024-01-20,L295701,Winthrop Eagles,Gardner-Webb Runnin' Bulldogs,OVER,145.5,145.5,1.9090909090909092,betmgm,0.5584723929269523,153.0,1,258.4433103976681,234.9484639978801,straight,,
2024-01-20,L294406,Yale Bulldogs,Dartmouth Big Green,OVER,132.5,132.5,1.9090909090909092,betmgm,0.6269198801320798,127.0,-1,258.4433103976681,-258.4433103976681,straight,,
2024-01-20,L294389,Western Michigan Broncos,Bowling Green Falcons,OVER,152.0,151.5,1.8695652173913042,betmgm,0.5562390824790863,163.0,1,258.4433103976681,224.73331338927656,straight,,
2024-01-20,L295711,Rice Owls,Temple Owls,OVER,143.5,143.5,1.9090909090909092,betmgm,0.5800507379950647,135.0,-1,258.4433103976681,-258.4433103976681,straight,,
2024-01-20,L295728,Boston University Terriers,Colgate Raiders,OVER,133.0,132.5,1.9090909090909092,draftkings,0.5829606660385156,134.0,1,258.4433103976681,234.9484639978801,straight,,
2024-01-20,L295743,Loyola Maryland Greyhounds,Holy Cross Crusaders,OVER,134.0,134.0,1.9090909090909092,bet365,0.5502017276872238,164.0,1,258.4433103976681,234.9484639978801,straight,,
2024-01-20,L295744,Bucknell Bison,Lafayette Leopards,OVER,132.0,131.5,1.9090909090909092,betmgm,0.5521085350123431,147.0,1,258.4433103976681,234.9484639978801,straight,,
2024-01-20,L298034,Western Carolina Catamounts,Furman Paladins,OVER,149.5,149.5,1.9090909090909092,betmgm,0.5781978596743728,127.0,-1,258.4433103976681,-258.4433103976681,straight,,
2024-01-20,L294449,Princeton Tigers,Columbia Lions,OVER,150.0,150.0,1.9090909090909092,bet365,0.5505686193275342,132.0,-1,258.4433103976681,-258.4433103976681,straight,,
2024-01-20,L295712,Tulsa Golden Hurricane,SMU Mustangs,OVER,143.5,143.5,1.9090909090909092,fanduel,0.5925484298551641,173.0,1,258.4433103976681,234.9484639978801,straight,,
2024-01-20,L296185,Southern University Jaguars,Grambling State Tigers,OVER,133.5,132.0,1.9090909090909092,caesars,0.584823218026466,141.0,1,258.4433103976681,234.9484639978801,straight,,
2024-01-20,L294398,Youngstown State Penguins,Detroit Mercy Titans,OVER,146.0,145.0,1.9090909090909092,bet_rivers_co,0.5598304875030609,169.0,1,258.4433103976681,234.9484639978801,straight,,
2024-01-20,L295714,UIC Flames,Valparaiso Beacons,OVER,134.0,133.5,1.8695652173913042,betmgm,0.5785390915888252,161.0,1,258.4433103976681,224.73331338927656,straight,,
2024-01-20,L296183,Kansas Jayhawks,West Virginia Mountaineers,OVER,146.5,145.5,1.9090909090909092,bet_rivers_co,0.5599167742348244,176.0,1,258.4433103976681,234.9484639978801,straight,,
2024-01-20,L298134,UCLA Bruins,Arizona Wildcats,OVER,143.0,142.5,1.9090909090909092,draftkings,0.5738341920293656,148.0,1,258.4433103976681,234.9484639978801,straight,,
2024-01-20,L295709,Texas Southern Tigers,Alcorn State Braves,OVER,140.5,140.0,1.9090909090909092,draftkings,0.5671855751435675,133.0,-1,258.4433103976681,-258.4433103976681,straight,,
2024-01-20,L296181,Maryland-Eastern Shore Hawks,Delaware State Hornets,OVER,134.5,134.5,1.9090909090909092,bet365,0.6103662831099257,130.0,-1,258.4433103976681,-258.4433103976681,straight,,
2024-01-20,L294427,Utah Tech Trailblazers,Utah Valley Wolverines,OVER,140.5,140.5,1.9090909090909092,betmgm,0.5972490442094769,155.0,1,258.4433103976681,234.9484639978801,straight,,
2024-01-20,L298035,North Carolina Central Eagles,South Carolina State Bulldogs,OVER,146.5,146.5,1.9090909090909092,bet365,0.5759739966534914,139.0,-1,258.4433103976681,-258.4433103976681,straight,,
2024-01-20,L294392,Eastern Michigan Eagles,Ohio Bobcats,OVER,145.5,145.5,1.9090909090909092,betmgm,0.5553027284162178,152.0,1,258.4433103976681,234.9484639978801,straight,,
2024-01-20,L295741,Richmond Spiders,Davidson Wildcats,OVER,134.5,133.5,1.9090909090909092,draftkings,0.5600328512488226,133.0,-1,258.4433103976681,-258.4433103976681,straight,,
2024-01-20,L294451,Morgan State Bears,Coppin State Eagles,OVER,135.5,135.0,1.9090909090909092,bet365,0.6452494224819358,175.0,1,258.4433103976681,234.9484639978801,straight,,
2024-01-20,L295726,Florida A&M Rattlers,Arkansas-Pine Bluff Golden Lions,OVER,155.5,154.5,1.9090909090909092,bet365,0.5604517001130208,196.0,1,258.4433103976681,234.9484639978801,straight,,
2024-01-20,L294447,Coastal Carolina Chanticleers,Appalachian State Mountaineers,OVER,141.0,141.0,1.9090909090909092,bet365,0.5824832905653227,147.0,1,258.4433103976681,234.9484639978801,straight,,
2024-01-20,L294403,Tennessee State Tigers,Western Illinois Leathernecks,OVER,137.5,137.5,1.9090909090909092,betmgm,0.576132120151513,115.0,-1,258.4433103976681,-258.4433103976681,straight,,
2024-01-20,L294405,Eastern Illinois Panthers,Lindenwood Lions,OVER,135.5,134.5,1.9090909090909092,caesars,0.5531362230446675,146.0,1,258.4433103976681,234.9484639978801,straight,,
2024-01-20,L294417,Nicholls State Colonels,Texas A&M-Corpus Christi Islanders,OVER,143.0,140.5,1.7692307692307692,draftkings,0.5659186558862902,128.0,-1,258.4433103976681,-258.4433103976681,straight,,
2024-01-20,L295753,Morehead State Eagles,Southern Indiana Screaming Eagles,OVER,133.5,133.5,1.9090909090909092,betmgm,0.5772359269880483,151.0,1,258.4433103976681,234.9484639978801,straight,,
2024-01-20,L294416,East Texas A&M Lions,Southeastern Louisiana Lions,OVER,130.0,130.0,1.9090909090909092,bet365,0.5873395558113638,120.0,-1,258.4433103976681,-258.4433103976681,straight,,
2024-01-20,L294404,SIU Edwardsville Cougars,Southeast Missouri State Redhawks,OVER,141.5,141.5,1.9090909090909092,betmgm,0.5716440943958483,99.0,-1,258.4433103976681,-258.4433103976681,straight,,
2024-01-20,L294452,Queens University Royals,North Florida Ospreys,OVER,158.5,158.5,1.9090909090909092,bet365,0.5778810964022961,166.0,1,258.4433103976681,234.9484639978801,straight,,
2024-01-20,L295747,UC Irvine Anteaters,UC Davis Aggies,OVER,139.5,138.5,1.9090909090909092,draftkings,0.5689629120151353,106.0,-1,258.4433103976681,-258.4433103976681,straight,,
2024-01-20,L294432,Louisiana Tech Bulldogs,Jacksonville State Gamecocks,OVER,126.5,125.5,1.9090909090909092,fanduel,0.6088236397831407,131.0,1,258.4433103976681,234.9484639978801,straight,,
2024-01-20,L294407,North Alabama Lions,Lipscomb Bisons,OVER,155.5,155.5,1.9090909090909092,betmgm,0.5584677764742899,167.0,1,258.4433103976681,234.9484639978801,straight,,
2024-01-20,L294424,Central Arkansas Bears,Austin Peay Governors,OVER,142.5,142.5,1.9090909090909092,bet365,0.5711210560480302,165.0,1,258.4433103976681,234.9484639978801,straight,,
2024-01-20,L296184,Virginia Cavaliers,Georgia Tech Yellow Jackets,OVER,128.5,125.5,1.9090909090909092,draftkings,0.5751517615828333,141.0,1,258.4433103976681,234.9484639978801,straight,,
2024-01-20,L294440,Harvard Crimson,Penn Quakers,OVER,142.5,142.5,1.9090909090909092,betmgm,0.5620904369909369,131.0,-1,258.4433103976681,-258.4433103976681,straight,,
2024-01-20,L294444,Marshall Thundering Herd,James Madison Dukes,OVER,158.0,157.5,1.8695652173913042,fanduel,0.5941836830989167,119.0,-1,258.4433103976681,-258.4433103976681,straight,,
2024-01-20,L295717,Evansville Purple Aces,Drake Bulldogs,OVER,146.5,145.0,1.9090909090909092,caesars,0.5615346464103144,145.0,0,258.4433103976681,0.0,straight,,
2024-01-20,L294408,Prairie View A&M Panthers,Jackson State Tigers,OVER,146.5,146.5,1.9090909090909092,bet365,0.5506544196213087,133.0,-1,258.4433103976681,-258.4433103976681,straight,,
2024-01-20,L294411,Bryant Bulldogs,University at Albany Great Danes,OVER,163.0,161.5,1.9090909090909092,bet365,0.5623375053827955,187.0,1,258.4433103976681,234.9484639978801,straight,,
2024-01-20,L294387,Portland Pilots,Santa Clara Broncos,OVER,151.5,151.5,1.9090909090909092,betmgm,0.564991187273889,187.0,1,258.4433103976681,234.9484639978801,straight,,
2024-01-20,L294442,Louisiana-Monroe Warhawks,Old Dominion Monarchs,OVER,140.0,140.0,1.9090909090909092,bet365,0.5514758453119972,153.0,1,258.4433103976681,234.9484639978801,straight,,
2024-01-20,L296186,Oklahoma State Cowboys,Kansas State Wildcats,OVER,132.0,131.0,1.9090909090909092,caesars,0.6138679740718844,136.0,1,258.4433103976681,234.9484639978801,straight,,
2024-01-20,L294435,Portland State Vikings,Northern Colorado Bears,OVER,155.5,155.5,1.9090909090909092,betmgm,0.5683291271165549,151.0,-1,258.4433103976681,-258.4433103976681,straight,,
2024-01-20,L294430,Middle Tennessee Blue Raiders,New Mexico State Aggies,OVER,129.5,128.0,1.9090909090909092,draftkings,0.5557512402371998,135.0,1,258.4433103976681,234.9484639978801,straight,,
2024-01-20,L294388,Gonzaga Bulldogs,San Diego Toreros,OVER,158.0,156.5,1.9090909090909092,fanduel,0.5604508714023255,168.0,1,258.4433103976681,234.9484639978801,straight,,
2024-01-20,L294385,Saint Mary's Gaels,San Francisco Dons,OVER,128.0,126.5,1.9090909090909092,fanduel,0.5664917788869465,137.0,1,258.4433103976681,234.9484639978801,straight,,
2024-01-21,,Rutgers Scarlet Knights,Illinois Fighting Illini,OVER,143.0,139.5,1.612366425673126,,0.6765179059558915,149.0,1,278.3706449551756,-278.3706449551756,2.5+ card leg 1,2.546081757780756,0.0
2024-01-21,,Stonehill Skyhawks,Merrimack Warriors,OVER,132.5,128.5,1.5790962384482952,,0.6786831480992528,110.0,-1,,,2.5+ card leg 2,2.546081757780756,0.0
2024-01-21,L295760,Rutgers Scarlet Knights,Illinois Fighting Illini,OVER,143.0,143.0,1.9090909090909092,bet365,0.5764159573400471,149.0,1,278.3706449551756,253.06422268652327,straight,,
2024-01-21,L294456,Stonehill Skyhawks,Merrimack Warriors,OVER,132.5,132.5,1.9090909090909092,bet_rivers_co,0.5802177300878585,110.0,-1,278.3706449551756,-278.3706449551756,straight,,
2024-01-21,L295757,Wichita State Shockers,South Florida Bulls,OVER,150.5,150.5,1.9090909090909092,betmgm,0.5691446151578256,140.0,-1,278.3706449551756,-278.3706449551756,straight,,
2024-01-22,,Lehigh Mountain Hawks,Colgate Raiders,OVER,144.0,142.5,1.7628404958138189,,0.5926712150406704,117.0,-1,272.55016783338556,-272.55016783338556,2.5+ card leg 1,2.52063002742611,0.0
2024-01-22,,Prairie View A&M Panthers,Alcorn State Braves,UNDER,151.0,158.5,1.4298684613904653,,0.712584506414538,168.0,-1,,,2.5+ card leg 2,2.52063002742611,0.0
2024-01-22,L294458,Texas Southern Tigers,Jackson State Tigers,OVER,140.5,139.0,1.9090909090909092,draftkings,0.5506817467950855,137.0,-1,272.55016783338556,-272.55016783338556,straight,,
2024-01-23,,Xavier Musketeers,Creighton Bluejays,OVER,147.5,145.5,1.7224532897933247,,0.6529124658749241,163.0,1,267.0991644767178,401.81211728902736,2.5+ card leg 1,2.504355575489088,1.0
2024-01-23,,Wisconsin Badgers,Minnesota Golden Gophers,UNDER,143.5,150.5,1.4539468735257157,,0.7214887459905404,120.0,1,,,2.5+ card leg 2,2.504355575489088,1.0
2024-01-23,L296209,Florida State Seminoles,Syracuse Orange,OVER,149.5,149.0,1.9090909090909092,bet365,0.550712255678491,154.0,1,267.0991644767178,242.81742225156168,straight,,
2024-01-23,L295774,Wisconsin Badgers,Minnesota Golden Gophers,UNDER,143.5,144.5,1.9090909090909092,draftkings,0.5501229675813241,120.0,1,267.0991644767178,242.81742225156168,straight,,
2024-01-23,L295771,Evansville Purple Aces,Northern Iowa Panthers,OVER,142.0,141.5,1.9090909090909092,betmgm,0.558037963697673,133.0,-1,267.0991644767178,-267.0991644767178,straight,,
2024-01-23,L295778,Xavier Musketeers,Creighton Bluejays,OVER,147.5,147.5,1.9090909090909092,bet365,0.6034644262230303,163.0,1,267.0991644767178,242.81742225156168,straight,,
2024-01-24,,George Washington Revolutionaries,Richmond Spiders,OVER,145.0,141.5,1.612366425673126,,0.7001031439360865,156.0,1,275.7308166723878,426.30238571516867,2.5+ card leg 1,2.546081757780756,1.0
2024-01-24,,Army Black Knights,Boston University Terriers,OVER,122.5,118.5,1.5790962384482952,,0.6975587845344796,128.0,1,,,2.5+ card leg 2,2.546081757780756,1.0
2024-01-24,L295802,Providence Friars,Seton Hall Pirates,OVER,138.5,137.5,1.9090909090909092,fanduel,0.5639054604341905,130.0,-1,275.7308166723878,-275.7308166723878,straight,,
2024-01-24,L296218,Miami (FL) Hurricanes,Notre Dame Fighting Irish,OVER,138.5,137.0,1.9090909090909092,draftkings,0.5778688780305037,134.0,-1,275.7308166723878,-275.7308166723878,straight,,
2024-01-24,L295791,South Florida Bulls,Temple Owls,OVER,143.0,142.5,1.8695652173913042,betmgm,0.5675712075923758,144.0,1,275.7308166723878,239.76592754120674,straight,,
2024-01-24,L295811,George Washington Revolutionaries,Richmond Spiders,OVER,145.0,145.0,1.9090909090909092,bet365,0.6062879302456006,156.0,1,275.7308166723878,250.66437879307983,straight,,
2024-01-24,L295814,Lafayette Leopards,Loyola Maryland Greyhounds,OVER,129.0,129.0,1.9090909090909092,bet365,0.567253865723215,114.0,-1,275.7308166723878,-275.7308166723878,straight,,
2024-01-24,L295804,Army Black Knights,Boston University Terriers,OVER,122.5,122.5,1.9090909090909092,betmgm,0.5984935681545267,128.0,1,275.7308166723878,250.66437879307983,straight,,
2024-01-24,L294478,James Madison Dukes,Old Dominion Monarchs,OVER,152.5,152.0,1.9090909090909092,bet365,0.5621381703505948,140.0,-1,275.7308166723878,-275.7308166723878,straight,,
2024-01-24,L294479,Georgia State Panthers,Marshall Thundering Herd,OVER,154.5,154.0,1.9090909090909092,bet365,0.5842969739931282,145.0,-1,275.7308166723878,-275.7308166723878,straight,,
2024-01-24,L294482,UNC Greensboro Spartans,Western Carolina Catamounts,OVER,135.5,135.5,1.9090909090909092,betmgm,0.5770111184299991,167.0,1,275.7308166723878,250.66437879307983,straight,,
2024-01-24,L294484,Jacksonville State Gamecocks,Middle Tennessee Blue Raiders,OVER,120.5,120.5,1.9090909090909092,bet365,0.5879350146601767,142.0,1,275.7308166723878,250.66437879307983,straight,,
2024-01-24,L296219,Kansas State Wildcats,Iowa State Cyclones,OVER,134.5,133.5,1.8771929824561404,fanduel,0.5732522638635336,145.0,1,275.7308166723878,241.86913743191914,straight,,
2024-01-25,,Southeast Missouri State Redhawks,Tennessee-Martin Skyhawks,OVER,156.5,154.5,1.7224532897933247,,0.6439017364110033,142.0,-1,281.0502254973745,-281.0502254973745,2.5+ card leg 1,2.516848529680947,0.0
2024-01-25,,Pacific Tigers,Saint Mary's Gaels,OVER,135.5,129.5,1.4611998738049616,,0.7360911610010789,104.0,-1,,,2.5+ card leg 2,2.516848529680947,0.0
2024-01-25,L294502,Georgia Southern Eagles,Appalachian State Mountaineers,OVER,143.5,143.5,1.9090909090909092,betmgm,0.5605274626031412,158.0,1,281.0502254973745,255.50020499761322,straight,,
2024-01-25,L294503,Vermont Catamounts,UMass Lowell River Hawks,OVER,139.5,139.0,1.9090909090909092,draftkings,0.5644496246772446,137.0,-1,281.0502254973745,-281.0502254973745,straight,,
2024-01-25,L295816,SMU Mustangs,North Texas Mean Green,OVER,126.25,126.0,1.9090909090909092,bet365,0.5590077850282815,134.0,1,281.0502254973745,255.50020499761322,straight,,
2024-01-25,L295823,Charleston Cougars,Hampton Pirates,OVER,161.5,161.5,1.925925925925926,draftkings,0.5501044479848185,193.0,1,281.0502254973745,260.2316902753468,straight,,
2024-01-25,L294504,Bryant Bulldogs,NJIT Highlanders,OVER,152.5,152.5,1.9090909090909092,bet365,0.5952807286694395,125.0,-1,281.0502254973745,-281.0502254973745,straight,,
2024-01-25,L294489,Merrimack Warriors,Wagner Seahawks,OVER,124.5,123.5,1.9090909090909092,bet_rivers_co,0.5590800432303185,104.0,-1,281.0502254973745,-281.0502254973745,straight,,
2024-01-25,L294490,Stonehill Skyhawks,LIU Sharks,OVER,140.0,140.0,1.9090909090909092,bet365,0.5733957315737174,123.0,-1,281.0502254973745,-281.0502254973745,straight,,
2024-01-25,L294514,Utah Tech Trailblazers,Abilene Christian Wildcats,OVER,147.0,146.5,1.8695652173913042,betmgm,0.562391644202919,142.0,-1,281.0502254973745,-281.0502254973745,straight,,
2024-01-25,L294517,Florida International Panthers,Western Kentucky Hilltoppers,OVER,157.5,157.5,1.9090909090909092,draftkings,0.5594136038479791,196.0,1,281.0502254973745,255.50020499761322,straight,,
2024-01-25,L294497,Southeast Missouri State Redhawks,Tennessee-Martin Skyhawks,OVER,156.5,156.5,1.9523809523809523,betmgm,0.5961990813286626,142.0,-1,281.0502254973745,-281.0502254973745,straight,,
2024-01-25,L294499,Tennessee Tech Golden Eagles,Eastern Illinois Panthers,OVER,133.0,133.0,1.9090909090909092,bet365,0.57738550646637,127.0,-1,281.0502254973745,-281.0502254973745,straight,,
2024-01-25,L294485,San Francisco Dons,Gonzaga Bulldogs,OVER,149.5,149.5,1.9090909090909092,betmgm,0.5850253969710394,149.0,-1,281.0502254973745,-281.0502254973745,straight,,
2024-01-25,L294496,Western Illinois Leathernecks,Southern Indiana Screaming Eagles,OVER,131.5,131.0,1.9090909090909092,caesars,0.5891664099700757,141.0,1,281.0502254973745,255.50020499761322,straight,,
2024-01-25,L294521,UC Irvine Anteaters,Long Beach State Beach,OVER,152.5,152.5,1.9090909090909092,betmgm,0.5693400420692096,133.0,-1,281.0502254973745,-281.0502254973745,straight,,
2024-01-25,L294522,UC Riverside Highlanders,UC San Diego Tritons,OVER,139.5,139.5,1.9090909090909092,betmgm,0.5612101592663704,131.0,-1,281.0502254973745,-281.0502254973745,straight,,
2024-01-25,L294486,Pacific Tigers,Saint Mary's Gaels,OVER,135.5,135.5,1.9090909090909092,betmgm,0.5840654927118418,104.0,-1,281.0502254973745,-281.0502254973745,straight,,
2024-01-25,L298143,Arizona Wildcats,Oregon State Beavers,OVER,149.5,149.0,1.9174311926605505,bet_rivers_co,0.5824158177798994,163.0,1,281.0502254973745,257.844243575573,straight,,
2024-01-26,,Utah Valley Wolverines,Seattle Redhawks,OVER,138.75,136.5,1.8695652173913042,,0.6219954639260962,123.0,-1,262.7249659761033,-262.7249659761033,2.5+ card leg 1,2.6831815294199295,0.0
2024-01-26,,Manhattan Jaspers,Canisius Golden Griffins,OVER,142.0,135.5,1.4351901203874042,,0.7323480209953236,152.0,1,,,2.5+ card leg 2,2.6831815294199295,0.0
2024-01-26,L295835,Manhattan Jaspers,Canisius Golden Griffins,OVER,142.0,142.0,1.925925925925926,draftkings,0.5657012790232355,152.0,1,262.7249659761033,243.26385738528086,straight,,
2024-01-27,,Coppin State Eagles,Norfolk State Spartans,OVER,127.5,125.5,1.7224532897933247,,0.6864650209906004,126.0,1,262.5303548901951,398.21878281180966,2.5+ card leg 1,2.516848529680947,1.0
2024-01-27,,Brown Bears,Dartmouth Big Green,OVER,132.5,126.5,1.4611998738049616,,0.7540998280938781,146.0,1,,,2.5+ card leg 2,2.516848529680947,1.0
2024-01-27,L296233,Boston College Eagles,Notre Dame Fighting Irish,OVER,134.5,133.5,1.9090909090909092,caesars,0.5692210585965588,119.0,-1,262.5303548901951,-262.5303548901951,straight,,
2024-01-27,L296234,Kansas State Wildcats,Houston Cougars,OVER,128.0,127.5,1.9090909090909092,betmgm,0.5700557984887318,126.0,-1,262.5303548901951,-262.5303548901951,straight,,
2024-01-27,L296235,Fordham Rams,Duquesne Dukes,OVER,143.5,143.5,1.9090909090909092,betmgm,0.5675999541552664,127.0,-1,262.5303548901951,-262.5303548901951,straight,,
2024-01-27,L294539,Central Michigan Chippewas,Western Michigan Broncos,OVER,143.5,143.5,1.9090909090909092,betmgm,0.5540865076798884,117.0,-1,262.5303548901951,-262.5303548901951,straight,,
2024-01-27,L296229,Bucknell Bison,Army Black Knights,OVER,129.5,128.0,1.8695652173913042,draftkings,0.5638658454183807,122.0,-1,262.5303548901951,-262.5303548901951,straight,,
2024-01-27,L294538,Bowling Green Falcons,Toledo Rockets,OVER,155.5,155.5,1.9090909090909092,betmgm,0.5524530252735794,160.0,1,262.5303548901951,238.66395899108647,straight,,
2024-01-27,L294545,The Citadel Bulldogs,Chattanooga Mocs,OVER,141.0,140.5,1.9090909090909092,betmgm,0.5515196218809763,152.0,1,262.5303548901951,238.66395899108647,straight,,
2024-01-27,L294553,Yale Bulldogs,Harvard Crimson,OVER,142.75,141.5,1.9090909090909092,bet_rivers_co,0.5586046829467924,143.0,1,262.5303548901951,238.66395899108647,straight,,
2024-01-27,L294571,Nicholls State Colonels,East Texas A&M Lions,OVER,138.5,138.5,1.9090909090909092,bet365,0.5802501742471055,171.0,1,262.5303548901951,238.66395899108647,straight,,
2024-01-27,L294574,Brown Bears,Dartmouth Big Green,OVER,132.5,132.5,1.9090909090909092,betmgm,0.6187759179603148,146.0,1,262.5303548901951,238.66395899108647,straight,,
2024-01-27,L294596,Penn Quakers,Columbia Lions,OVER,145.75,145.5,1.9090909090909092,betmgm,0.5744347422795083,165.0,1,262.5303548901951,238.66395899108647,straight,,
2024-01-27,L295866,Boston University Terriers,Lafayette Leopards,OVER,128.5,127.5,1.9523809523809523,betmgm,0.5976781382942687,110.0,-1,262.5303548901951,-262.5303548901951,straight,,
2024-01-27,L296240,West Virginia Mountaineers,Oklahoma State Cowboys,OVER,143.5,142.0,1.9090909090909092,draftkings,0.5514895601368758,136.0,-1,262.5303548901951,-262.5303548901951,straight,,
2024-01-27,L294580,California Baptist Lancers,Stephen F. Austin Lumberjacks,OVER,134.5,134.5,1.925925925925926,draftkings,0.5556455662111957,160.0,1,262.5303548901951,243.08366193536585,straight,,
2024-01-27,L294584,New Mexico State Aggies,Louisiana Tech Bulldogs,OVER,135.5,135.5,1.9090909090909092,betmgm,0.5511659446455376,126.0,-1,262.5303548901951,-262.5303548901951,straight,,
2024-01-27,L295859,Indiana Hoosiers,Illinois Fighting Illini,OVER,153.5,153.5,1.9090909090909092,betmgm,0.55318956893021,132.0,-1,262.5303548901951,-262.5303548901951,straight,,
2024-01-27,L294537,Buffalo Bulls,Eastern Michigan Eagles,OVER,141.0,139.5,1.8695652173913042,fanduel,0.5720148335294102,140.0,1,262.5303548901951,228.28726512190875,straight,,
2024-01-27,L295860,Alabama A&M Bulldogs,Texas Southern Tigers,OVER,138.5,138.0,1.9090909090909092,bet365,0.5911023690007746,154.0,1,262.5303548901951,238.66395899108647,straight,,
2024-01-27,L294534,Merrimack Warriors,St. Francis (PA) Red Flash,OVER,132.5,131.5,1.9090909090909092,betmgm,0.5548018839117406,129.0,-1,262.5303548901951,-262.5303548901951,straight,,
2024-01-27,L294555,Southern Miss Golden Eagles,Marshall Thundering Herd,OVER,149.0,148.5,1.9090909090909092,fanduel,0.5589287312113662,150.0,1,262.5303548901951,238.66395899108647,straight,,
2024-01-27,L294562,Vermont Catamounts,Bryant Bulldogs,OVER,148.0,147.5,1.9090909090909092,bet365,0.5876268045257261,124.0,-1,262.5303548901951,-262.5303548901951,straight,,
2024-01-27,L294576,North Florida Ospreys,Eastern Kentucky Colonels,OVER,150.0,148.5,1.9090909090909092,betmgm,0.5858116333266017,165.0,1,262.5303548901951,238.66395899108647,straight,,
2024-01-27,L294597,Coppin State Eagles,Norfolk State Spartans,OVER,127.5,127.5,1.9090909090909092,bet365,0.6375150646327918,126.0,-1,262.5303548901951,-262.5303548901951,straight,,
2024-01-27,L295839,Missouri State Bears,Valparaiso Beacons,OVER,140.5,138.5,1.8064516129032258,fanduel,0.562884173001521,151.0,1,262.5303548901951,211.7180281372541,straight,,
2024-01-27,L294548,Tennessee Tech Golden Eagles,SIU Edwardsville Cougars,OVER,134.5,134.5,1.9090909090909092,betmgm,0.5620507519051965,131.0,-1,262.5303548901951,-262.5303548901951,straight,,
2024-01-27,L294552,Tennessee State Tigers,Eastern Illinois Panthers,OVER,138.0,138.0,1.9090909090909092,bet365,0.5623802929029146,124.0,-1,262.5303548901951,-262.5303548901951,straight,,
2024-01-27,L294543,VMI Keydets,Western Carolina Catamounts,OVER,150.0,150.0,1.9090909090909092,bet365,0.5925584521796112,179.0,1,262.5303548901951,238.66395899108647,straight,,
2024-01-27,L294587,UC San Diego Tritons,UC Davis Aggies,OVER,139.5,139.5,1.9090909090909092,bet365,0.5613106682953186,151.0,1,262.5303548901951,238.66395899108647,straight,,
2024-01-27,L296246,North Carolina Central Eagles,Maryland-Eastern Shore Hawks,OVER,135.5,135.0,1.9090909090909092,bet365,0.582584582800163,122.0,-1,262.5303548901951,-262.5303548901951,straight,,
2024-01-27,L296247,South Carolina State Bulldogs,Delaware State Hornets,OVER,145.75,145.0,1.9090909090909092,bet_rivers_co,0.5550589985099398,130.0,-1,262.5303548901951,-262.5303548901951,straight,,
2024-01-27,L294542,Furman Paladins,Wofford Terriers,OVER,154.5,154.5,1.9090909090909092,betmgm,0.5607857555380207,144.0,-1,262.5303548901951,-262.5303548901951,straight,,
2024-01-27,L294560,James Madison Dukes,Appalachian State Mountaineers,OVER,144.0,143.0,1.8695652173913042,draftkings,0.5704213239307979,158.0,1,262.5303548901951,228.28726512190875,straight,,
2024-01-27,L294573,Houston Christian Huskies,Incarnate Word Cardinals,OVER,151.5,151.5,1.9090909090909092,bet365,0.5547042433821019,154.0,1,262.5303548901951,238.66395899108647,straight,,
2024-01-27,L294582,Florida International Panthers,Middle Tennessee Blue Raiders,OVER,137.5,137.5,1.9523809523809523,draftkings,0.5799871560700867,140.0,1,262.5303548901951,250.0289094192334,straight,,
2024-01-27,L295868,Tennessee Volunteers,Vanderbilt Commodores,OVER,141.5,141.5,1.9090909090909092,betmgm,0.5537980693985747,137.0,-1,262.5303548901951,-262.5303548901951,straight,,
2024-01-27,L296224,La Salle Explorers,George Washington Revolutionaries,OVER,153.5,153.5,1.9090909090909092,betmgm,0.5884188465324832,150.0,-1,262.5303548901951,-262.5303548901951,straight,,
2024-01-27,L296257,Arkansas-Pine Bluff Golden Lions,Southern University Jaguars,OVER,156.0,155.5,1.9090909090909092,betmgm,0.5642942871590317,146.0,-1,262.5303548901951,-262.5303548901951,straight,,
2024-01-27,L296258,Alabama State Hornets,Prairie View A&M Panthers,OVER,138.0,138.0,1.9090909090909092,bet365,0.5732682729203327,141.0,1,262.5303548901951,238.66395899108647,straight,,
2024-01-27,L298149,Arizona State Sun Devils,Oregon State Beavers,OVER,136.75,136.5,1.9090909090909092,draftkings,0.5522115150942651,155.0,1,262.5303548901951,238.66395899108647,straight,,
2024-01-27,L294541,Mercer Bears,UNC Greensboro Spartans,OVER,134.5,134.5,1.9090909090909092,draftkings,0.5562754968558812,134.0,-1,262.5303548901951,-262.5303548901951,straight,,
2024-01-27,L296260,UCF Knights,Cincinnati Bearcats,OVER,135.5,135.0,1.9090909090909092,caesars,0.5838361386787185,125.0,-1,262.5303548901951,-262.5303548901951,straight,,
2024-01-27,L295864,DePaul Blue Demons,Creighton Bluejays,OVER,143.75,143.5,1.9090909090909092,draftkings,0.5898106482217359,147.0,1,262.5303548901951,238.66395899108647,straight,,
2024-01-27,L294528,San Francisco Dons,Portland Pilots,OVER,149.0,148.5,1.9090909090909092,draftkings,0.5532262340632056,140.0,-1,262.5303548901951,-262.5303548901951,straight,,
2024-01-27,L294566,South Dakota Coyotes,Kansas City Roos,OVER,146.5,146.0,1.9090909090909092,draftkings,0.5611392756770978,138.0,-1,262.5303548901951,-262.5303548901951,straight,,
2024-01-27,L295838,Tulsa Golden Hurricane,Rice Owls,OVER,148.0,147.0,1.9090909090909092,draftkings,0.5545550487427618,168.0,1,262.5303548901951,238.66395899108647,straight,,
2024-01-27,L296228,VCU Rams,Davidson Wildcats,OVER,137.25,136.5,1.9090909090909092,draftkings,0.5519859029700852,121.0,-1,262.5303548901951,-262.5303548901951,straight,,
2024-01-27,L294529,Loyola Marymount Lions,Saint Mary's Gaels,OVER,129.5,128.5,1.9090909090909092,draftkings,0.5829781099205186,135.0,1,262.5303548901951,238.66395899108647,straight,,
2024-01-27,L294530,Gonzaga Bulldogs,Pacific Tigers,OVER,154.5,154.0,1.9174311926605505,bet_rivers_co,0.575167782616881,155.0,1,262.5303548901951,240.8535365965093,straight,,
2024-01-27,L294589,Cal State Northridge Matadors,UC Irvine Anteaters,OVER,146.0,145.5,1.9090909090909092,betmgm,0.5522328389900406,149.0,1,262.5303548901951,238.66395899108647,straight,,
2024-01-28,,SMU Mustangs,Wichita State Shockers,OVER,145.0,142.5,1.68396673857181,,0.6384410639749282,149.0,1,257.8620532774818,-257.8620532774818,2.5+ card leg 1,2.506637964661862,0.0
2024-01-28,,Purdue Boilermakers,Rutgers Scarlet Knights,OVER,142.0,136.5,1.4885317549607708,,0.6939523372602544,128.0,-1,,,2.5+ card leg 2,2.506637964661862,0.0
2024-01-28,L296262,SMU Mustangs,Wichita State Shockers,OVER,145.0,145.0,1.9090909090909092,bet_rivers_co,0.5634996192600137,149.0,1,257.8620532774818,234.42004843407437,straight,,
2024-01-28,L296265,Temple Owls,East Carolina Pirates,OVER,135.5,135.5,1.9090909090909092,bet365,0.5575768816753326,134.0,-1,257.8620532774818,-257.8620532774818,straight,,
2024-01-29,,Alabama State Hornets,Texas Southern Tigers,OVER,132.0,130.5,1.7628404958138189,,0.6449403259474524,111.0,-1,255.04901269627288,-255.04901269627288,2.5+ card leg 1,2.5079266931737156,0.0
2024-01-29,,Texas A&M-Corpus Christi Islanders,East Texas A&M Lions,OVER,136.25,129.5,1.422662288011444,,0.7299320553092369,123.0,-1,,,2.5+ card leg 2,2.5079266931737156,0.0
2024-01-29,L294608,Howard Bison,Coppin State Eagles,OVER,134.5,134.5,1.9090909090909092,betmgm,0.5694353393852027,147.0,1,255.04901269627288,231.86273881479354,straight,,
2024-01-29,L296274,North Carolina Central Eagles,Delaware State Hornets,OVER,133.5,133.0,1.9090909090909092,draftkings,0.5818234366362289,135.0,1,255.04901269627288,231.86273881479354,straight,,
2024-01-29,L296276,South Carolina State Bulldogs,Maryland-Eastern Shore Hawks,OVER,140.5,139.5,1.8695652173913042,fanduel,0.5558409859905048,116.0,-1,255.04901269627288,-255.04901269627288,straight,,
2024-01-29,L294605,Texas A&M-Corpus Christi Islanders,East Texas A&M Lions,OVER,136.25,136.0,1.9090909090909092,bet365,0.5674926399681514,123.0,-1,255.04901269627288,-255.04901269627288,straight,,
2024-01-29,L294607,Southeastern Louisiana Lions,Houston Christian Huskies,OVER,139.5,139.5,1.9090909090909092,betmgm,0.5653134164043497,138.0,-1,255.04901269627288,-255.04901269627288,straight,,
2024-01-29,L296277,Mississippi Valley State Delta Devils,Southern University Jaguars,OVER,132.5,132.5,1.9090909090909092,betmgm,0.5724564087725452,132.0,-1,255.04901269627288,-255.04901269627288,straight,,
2024-01-29,L296298,Alabama State Hornets,Texas Southern Tigers,OVER,132.0,131.5,1.8695652173913042,fanduel,0.5954334946264186,111.0,-1,255.04901269627288,-255.04901269627288,straight,,
2024-01-30,,Southeast Missouri State Redhawks,Lindenwood Lions,OVER,137.0,134.5,1.68396673857181,,0.6303580419170143,112.0,-1,244.3833267107924,-244.3833267107924,2.5+ card leg 1,2.506637964661862,0.0
2024-01-30,,Loyola Marymount Lions,Gonzaga Bulldogs,OVER,152.0,146.5,1.4885317549607708,,0.691069140413081,150.0,1,,,2.5+ card leg 2,2.506637964661862,0.0
2024-01-30,L294612,Buffalo Bulls,Ohio Bobcats,OVER,147.5,147.0,1.8695652173913042,draftkings,0.553790194478283,161.0,1,244.3833267107924,212.50724061808032,straight,,
2024-01-30,L296288,George Washington Revolutionaries,Dayton Flyers,OVER,146.5,146.0,1.9090909090909092,bet365,0.564228447016025,144.0,-1,244.3833267107924,-244.3833267107924,straight,,
2024-01-30,L296294,North Carolina Tar Heels,Georgia Tech Yellow Jackets,OVER,152.5,152.0,1.9090909090909092,draftkings,0.5517163596289787,147.0,-1,244.3833267107924,-244.3833267107924,straight,,
2024-01-30,L296297,Oklahoma Sooners,Kansas State Wildcats,OVER,136.5,136.5,1.9090909090909092,draftkings,0.56081423654179,126.0,-1,244.3833267107924,-244.3833267107924,straight,,
2024-01-30,L294617,Southeast Missouri State Redhawks,Lindenwood Lions,OVER,137.0,136.5,1.8695652173913042,fanduel,0.5536261938090035,112.0,-1,244.3833267107924,-244.3833267107924,straight,,
2024-01-31,,Richmond Spiders,Fordham Rams,OVER,136.5,134.5,1.7224532897933247,,0.6557455285515622,152.0,1,234.28923278143358,355.3812782645947,2.5+ card leg 1,2.516848529680947,1.0
2024-01-31,,Notre Dame Fighting Irish,Virginia Cavaliers,OVER,114.5,108.5,1.4611998738049616,,0.7555967928098322,118.0,1,,,2.5+ card leg 2,2.516848529680947,1.0
2024-01-31,L294623,UNC Greensboro Spartans,VMI Keydets,OVER,148.0,147.5,1.8695652173913042,fanduel,0.5849250569587339,164.0,1,234.28923278143358,203.72976763602918,straight,,
2024-01-31,L294621,Furman Paladins,The Citadel Bulldogs,OVER,146.5,145.5,1.9090909090909092,betmgm,0.5608636781253815,161.0,1,234.28923278143358,212.99021161948508,straight,,
2024-01-31,L294622,Chattanooga Mocs,Western Carolina Catamounts,OVER,144.5,143.5,1.8695652173913042,fanduel,0.5861742734058502,176.0,1,234.28923278143358,203.72976763602918,straight,,
2024-01-31,L296304,Wichita State Shockers,Tulsa Golden Hurricane,OVER,152.5,151.5,1.9090909090909092,draftkings,0.5546773897461935,147.0,-1,234.28923278143358,-234.28923278143358,straight,,
2024-01-31,L296318,Army Black Knights,Colgate Raiders,OVER,129.0,127.5,1.9090909090909092,bet_rivers_co,0.5673248895961069,129.0,1,234.28923278143358,212.99021161948508,straight,,
2024-01-31,L296319,Chicago State Cougars,Duquesne Dukes,OVER,132.0,132.0,1.9090909090909092,bet_rivers_co,0.5592168460722607,125.0,-1,234.28923278143358,-234.28923278143358,straight,,
2024-01-31,L296327,Notre Dame Fighting Irish,Virginia Cavaliers,OVER,114.5,114.0,1.9090909090909092,draftkings,0.6033197307375289,118.0,1,234.28923278143358,212.99021161948508,straight,,
2024-01-31,L296329,Cincinnati Bearcats,West Virginia Mountaineers,OVER,142.5,142.0,1.9090909090909092,draftkings,0.5660691550010413,134.0,-1,234.28923278143358,-234.28923278143358,straight,,
2024-01-31,L296333,Richmond Spiders,Fordham Rams,OVER,136.5,135.5,1.8695652173913042,fanduel,0.6071495693445671,152.0,1,234.28923278143358,203.72976763602918,straight,,
2024-01-31,L296309,UIC Flames,Evansville Purple Aces,OVER,140.75,139.5,1.9090909090909092,fanduel,0.5527129163683621,137.0,-1,234.28923278143358,-234.28923278143358,straight,,
2024-01-31,L296310,Valparaiso Beacons,Drake Bulldogs,OVER,144.5,144.5,1.9174311926605505,bet_rivers_co,0.5591358234381059,151.0,1,234.28923278143358,214.94425025819595,straight,,
2024-01-31,L296316,Penn State Nittany Lions,Rutgers Scarlet Knights,OVER,143.5,142.5,1.9090909090909092,draftkings,0.5572375008123749,107.0,-1,234.28923278143358,-234.28923278143358,straight,,
2024-02-01,,Utah Valley Wolverines,Stephen F. Austin Lumberjacks,OVER,140.0,137.5,1.68396673857181,,0.6510164280137842,149.0,1,240.77962580525525,362.7677253552745,2.5+ card leg 1,2.506637964661862,1.0
2024-02-01,,UC Irvine Anteaters,Cal Poly Mustangs,OVER,131.0,125.5,1.4885317549607708,,0.7148681194996348,132.0,1,,,2.5+ card leg 2,2.506637964661862,1.0
2024-02-01,L294642,Maine Black Bears,UMass Lowell River Hawks,OVER,137.5,137.5,1.9090909090909092,bet365,0.5699171199157793,138.0,1,240.77962580525525,218.89056891386844,straight,,
2024-02-01,L294629,Le Moyne Dolphins,Wagner Seahawks,OVER,131.0,131.0,1.9090909090909092,bet365,0.5541181569230188,137.0,1,240.77962580525525,218.89056891386844,straight,,
2024-02-01,L294630,Stonehill Skyhawks,Sacred Heart Pioneers,OVER,141.5,140.5,1.9090909090909092,draftkings,0.5676079512022283,149.0,1,240.77962580525525,218.89056891386844,straight,,
2024-02-01,L294633,Robert Morris Colonials,Oakland Golden Grizzlies,OVER,145.5,145.0,1.9090909090909092,bet365,0.566138485746107,159.0,1,240.77962580525525,218.89056891386844,straight,,
2024-02-01,L294640,Coastal Carolina Chanticleers,James Madison Dukes,OVER,153.0,152.5,1.9090909090909092,betmgm,0.5665743467075617,172.0,1,240.77962580525525,218.89056891386844,straight,,
2024-02-01,L294641,Appalachian State Mountaineers,Georgia State Panthers,OVER,145.5,145.5,1.9090909090909092,betmgm,0.5687701015514965,152.0,1,240.77962580525525,218.89056891386844,straight,,
2024-02-01,L294644,UMBC Retrievers,Bryant Bulldogs,OVER,165.5,164.5,1.9090909090909092,draftkings,0.5866895611055203,194.0,1,240.77962580525525,218.89056891386844,straight,,
2024-02-01,L294652,Louisiana Tech Bulldogs,Florida International Panthers,OVER,142.5,142.5,1.9090909090909092,bet365,0.5654145567777753,146.0,1,240.77962580525525,218.89056891386844,straight,,
2024-02-01,L294660,Old Dominion Monarchs,Marshall Thundering Herd,OVER,153.0,152.5,1.9090909090909092,betmgm,0.5731708472831484,159.0,1,240.77962580525525,218.89056891386844,straight,,
2024-02-01,L296337,Tulane Green Wave,SMU Mustangs,OVER,157.0,156.5,1.8695652173913042,betmgm,0.5521737435064086,156.0,-1,240.77962580525525,-240.77962580525525,straight,,
2024-02-01,L294651,Utah Valley Wolverines,Stephen F. Austin Lumberjacks,OVER,140.0,139.5,1.8695652173913042,betmgm,0.5773620446145915,149.0,1,240.77962580525525,209.37358765674367,straight,,
2024-02-01,L294658,Morehead State Eagles,Tennessee State Tigers,OVER,136.5,136.5,1.9090909090909092,betmgm,0.5582107438442336,117.0,-1,240.77962580525525,-240.77962580525525,straight,,
2024-02-01,L294664,Eastern Kentucky Colonels,Queens University Royals,OVER,160.25,160.0,1.8695652173913042,draftkings,0.5710939097201693,170.0,1,240.77962580525525,209.37358765674367,straight,,
2024-02-01,L294643,Tennessee-Martin Skyhawks,Eastern Illinois Panthers,OVER,149.5,149.5,1.9090909090909092,betmgm,0.5850300850885377,135.0,-1,240.77962580525525,-240.77962580525525,straight,,
2024-02-01,L294657,Southern Indiana Screaming Eagles,Tennessee Tech Golden Eagles,OVER,137.5,137.5,1.9523809523809523,betmgm,0.5733219681165942,145.0,1,240.77962580525525,229.3139293383383,straight,,
2024-02-01,L294628,Portland Pilots,Pacific Tigers,OVER,151.5,151.5,1.9523809523809523,betmgm,0.5516129488718663,125.0,-1,240.77962580525525,-240.77962580525525,straight,,
2024-02-01,L294655,UC Irvine Anteaters,Cal Poly Mustangs,OVER,131.0,130.5,1.9090909090909092,draftkings,0.5557462288783496,132.0,1,240.77962580525525,218.89056891386844,straight,,
2024-02-01,L298153,Oregon State Beavers,UCLA Bruins,OVER,127.5,126.5,1.8695652173913042,fanduel,0.559597579447234,134.0,1,240.77962580525525,209.37358765674367,straight,,
2024-02-01,L296345,San Diego Toreros,San Francisco Dons,OVER,150.5,149.5,1.9090909090909092,betmgm,0.5656715572862937,174.0,1,240.77962580525525,218.89056891386844,straight,,
2024-02-02,,Butler Bulldogs,Creighton Bluejays,OVER,147.0,143.5,1.612366425673126,,0.6961641682052975,197.0,1,267.42842753020904,413.4662133164491,2.5+ card leg 1,2.546081757780756,1.0
2024-02-02,,Quinnipiac Bobcats,Manhattan Jaspers,OVER,149.5,145.5,1.5790962384482952,,0.6770392819228319,148.0,1,,,2.5+ card leg 2,2.546081757780756,1.0
2024-02-02,L294676,Princeton Tigers,Yale Bulldogs,OVER,140.5,139.5,1.8695652173913042,fanduel,0.5507112998382497,134.0,-1,267.42842753020904,-267.42842753020904,straight,,
2024-02-02,L294671,Siena Saints,Rider Broncs,OVER,134.5,134.0,1.819672131147541,draftkings,0.5645995471872818,141.0,1,267.42842753020904,219.20362912312217,straight,,
2024-02-02,L296355,Cornell Big Red,Dartmouth Big Green,OVER,149.5,149.5,1.925925925925926,draftkings,0.5653108436713773,109.0,-1,267.42842753020904,-267.42842753020904,straight,,
2024-02-02,L294672,Quinnipiac Bobcats,Manhattan Jaspers,OVER,149.5,149.5,1.9090909090909092,betmgm,0.5822106799687145,148.0,-1,267.42842753020904,-267.42842753020904,straight,,
2024-02-02,L296357,Butler Bulldogs,Creighton Bluejays,OVER,147.0,145.5,1.9090909090909092,fanduel,0.5992170982477306,197.0,1,267.42842753020904,243.11675230019006,straight,,
2024-02-03,,Houston Christian Huskies,Nicholls State Colonels,OVER,145.5,143.5,1.7224532897933247,,0.6662088936760372,156.0,1,268.1634406517004,406.7633206667157,2.5+ card leg 1,2.516848529680947,1.0
2024-02-03,,Central Michigan Chippewas,Bowling Green Falcons,OVER,140.5,134.5,1.4611998738049616,,0.7450460856253155,153.0,1,,,2.5+ card leg 2,2.516848529680947,1.0
2024-02-03,L296390,Saint Joseph's Hawks,La Salle Explorers,OVER,146.5,146.5,1.9090909090909092,betmgm,0.5648384202071088,170.0,1,268.1634406517004,243.78494604700037,straight,,
2024-02-03,L296362,Wichita State Shockers,Memphis Tigers,OVER,158.0,157.0,1.9090909090909092,bet_rivers_co,0.5527112622962483,128.0,-1,268.1634406517004,-268.1634406517004,straight,,
2024-02-03,L296386,Lehigh Mountain Hawks,Boston University Terriers,OVER,137.0,136.5,1.9090909090909092,betmgm,0.5812976178371452,143.0,1,268.1634406517004,243.78494604700037,straight,,
2024-02-03,L296463,Binghamton Bearcats,Vermont Catamounts,OVER,134.5,134.5,1.9090909090909092,draftkings,0.5689459684859282,111.0,-1,268.1634406517004,-268.1634406517004,straight,,
2024-02-03,L296368,Belmont Bruins,Missouri State Bears,OVER,148.0,147.5,1.8695652173913042,betmgm,0.5528223631522727,167.0,1,268.1634406517004,233.18560056669597,straight,,
2024-02-03,L296457,Kansas State Wildcats,Oklahoma State Cowboys,OVER,134.5,134.5,1.9090909090909092,betmgm,0.5862835628756835,147.0,1,268.1634406517004,243.78494604700037,straight,,
2024-02-03,L296465,Fordham Rams,Saint Louis Billikens,OVER,147.5,147.0,1.9090909090909092,bet365,0.559210025427588,132.0,-1,268.1634406517004,-268.1634406517004,straight,,
2024-02-03,L296466,Appalachian State Mountaineers,Georgia Southern Eagles,OVER,144.0,143.5,1.8695652173913042,betmgm,0.5557434575858411,169.0,1,268.1634406517004,233.18560056669597,straight,,
2024-02-03,L297977,Bryant Bulldogs,Maine Black Bears,OVER,144.5,143.5,1.9090909090909092,draftkings,0.6038890727776304,151.0,1,268.1634406517004,243.78494604700037,straight,,
2024-02-03,L298156,California Golden Bears,Arizona State Sun Devils,OVER,145.0,143.5,1.8695652173913042,fanduel,0.5555807360649375,147.0,1,268.1634406517004,233.18560056669597,straight,,
2024-02-03,L296399,Central Connecticut State Blue Devils,Merrimack Warriors,OVER,131.25,130.5,1.9090909090909092,draftkings,0.5734248372271517,139.0,1,268.1634406517004,243.78494604700037,straight,,
2024-02-03,L296467,Missouri Tigers,Vanderbilt Commodores,OVER,139.5,139.5,1.9090909090909092,betmgm,0.5514937660060755,129.0,-1,268.1634406517004,-268.1634406517004,straight,,
2024-02-03,L296431,Bethune-Cookman Wildcats,Alabama State Hornets,OVER,140.0,139.0,1.8928571428571428,draftkings,0.5601297149153217,147.0,1,268.1634406517004,239.4316434390182,straight,,
2024-02-03,L296470,Houston Cougars,Kansas Jayhawks,OVER,134.25,133.5,1.8928571428571428,draftkings,0.5540891939827266,143.0,1,268.1634406517004,239.4316434390182,straight,,
2024-02-03,L296471,Florida Gators,Texas A&M Aggies,OVER,153.5,151.5,1.8695652173913042,fanduel,0.5512320270486436,133.0,-1,268.1634406517004,-268.1634406517004,straight,,
2024-02-03,L296380,Rutgers Scarlet Knights,Michigan Wolverines,OVER,139.0,137.5,1.9090909090909092,bet_rivers_co,0.5737996102976384,128.0,-1,268.1634406517004,-268.1634406517004,straight,,
2024-02-03,L296423,Coastal Carolina Chanticleers,Marshall Thundering Herd,OVER,155.5,153.5,1.7246376811594204,fanduel,0.5811464000364241,165.0,1,268.1634406517004,194.32133380558003,straight,,
2024-02-03,L296407,Western Carolina Catamounts,Wofford Terriers,OVER,145.5,145.5,1.9090909090909092,betmgm,0.5717973100230295,174.0,1,268.1634406517004,243.78494604700037,straight,,
2024-02-03,L296473,Delaware State Hornets,Norfolk State Spartans,OVER,135.0,135.0,1.9090909090909092,bet365,0.5801983539751471,129.0,-1,268.1634406517004,-268.1634406517004,straight,,
2024-02-03,L296474,Coppin State Eagles,North Carolina Central Eagles,OVER,131.25,129.5,1.9090909090909092,draftkings,0.5967724424426527,123.0,-1,268.1634406517004,-268.1634406517004,straight,,
2024-02-03,L296430,Houston Christian Huskies,Nicholls State Colonels,OVER,145.5,145.0,1.9090909090909092,draftkings,0.6175336087086453,156.0,1,268.1634406517004,243.78494604700037,straight,,
2024-02-03,L296391,Richmond Spiders,VCU Rams,OVER,135.5,135.5,1.9090909090909092,betmgm,0.5630032465342537,115.0,-1,268.1634406517004,-268.1634406517004,straight,,
2024-02-03,L296438,Grand Canyon Antelopes,Utah Valley Wolverines,OVER,140.5,139.5,1.9090909090909092,fanduel,0.5638611597765815,153.0,1,268.1634406517004,243.78494604700037,straight,,
2024-02-03,L296365,Evansville Purple Aces,Valparaiso Beacons,OVER,144.5,144.5,1.9090909090909092,betmgm,0.5731101367718311,125.0,-1,268.1634406517004,-268.1634406517004,straight,,
2024-02-03,L296402,Eastern Michigan Eagles,Northern Illinois Huskies,OVER,146.0,145.5,1.9090909090909092,bet_rivers_co,0.5543523428177528,142.0,-1,268.1634406517004,-268.1634406517004,straight,,
2024-02-03,L296413,Southern Indiana Screaming Eagles,Tennessee State Tigers,OVER,141.5,141.0,1.9090909090909092,caesars,0.5670868837173587,153.0,1,268.1634406517004,243.78494604700037,straight,,
2024-02-03,L296476,Tennessee-Martin Skyhawks,SIU Edwardsville Cougars,OVER,147.5,147.5,1.9090909090909092,betmgm,0.590978376791014,169.0,1,268.1634406517004,243.78494604700037,straight,,
2024-02-03,L296414,Western Illinois Leathernecks,Southeast Missouri State Redhawks,OVER,132.0,132.0,1.9090909090909092,draftkings,0.5846607110171611,131.0,-1,268.1634406517004,-268.1634406517004,straight,,
2024-02-03,L296480,Holy Cross Crusaders,Loyola Maryland Greyhounds,OVER,134.5,133.5,1.9090909090909092,caesars,0.5557694170837784,137.0,1,268.1634406517004,243.78494604700037,straight,,
2024-02-03,L296425,New Hampshire Wildcats,UMass Lowell River Hawks,OVER,153.0,151.5,1.9090909090909092,draftkings,0.5561080502311255,162.0,1,268.1634406517004,243.78494604700037,straight,,
2024-02-03,L296404,Central Michigan Chippewas,Bowling Green Falcons,OVER,140.5,140.5,1.9090909090909092,betmgm,0.6062109209950353,153.0,1,268.1634406517004,243.78494604700037,straight,,
2024-02-03,L296434,North Florida Ospreys,Austin Peay Governors,OVER,140.5,140.5,1.9090909090909092,betmgm,0.566685700379907,186.0,1,268.1634406517004,243.78494604700037,straight,,
2024-02-03,L296482,Georgia Tech Yellow Jackets,North Carolina State Wolfpack,OVER,146.0,145.5,1.9090909090909092,fanduel,0.576405186765286,158.0,1,268.1634406517004,243.78494604700037,straight,,
2024-02-03,L296383,Maryland Terrapins,Michigan State Spartans,OVER,129.5,128.0,1.9090909090909092,bet_rivers_co,0.5577774005202063,117.0,-1,268.1634406517004,-268.1634406517004,straight,,
2024-02-03,L296361,South Florida Bulls,North Texas Mean Green,OVER,129.5,129.0,1.9090909090909092,bet365,0.5572502604827718,115.0,-1,268.1634406517004,-268.1634406517004,straight,,
2024-02-03,L296483,Notre Dame Fighting Irish,Pittsburgh Panthers,OVER,128.0,127.0,1.9090909090909092,bet_rivers_co,0.5776084408947276,130.0,1,268.1634406517004,243.78494604700037,straight,,
2024-02-03,L296394,Columbia Lions,Dartmouth Big Green,OVER,137.0,136.0,1.9090909090909092,bet365,0.5819681083845525,128.0,-1,268.1634406517004,-268.1634406517004,straight,,
2024-02-03,L296358,Lafayette Leopards,Army Black Knights,OVER,122.5,122.0,1.9090909090909092,draftkings,0.5920959046697983,120.0,-1,268.1634406517004,-268.1634406517004,straight,,
2024-02-03,L296490,Texas Southern Tigers,Prairie View A&M Panthers,OVER,140.5,139.0,1.9090909090909092,draftkings,0.5689937356227641,149.0,1,268.1634406517004,243.78494604700037,straight,,
2024-02-03,L296446,Sacramento State Hornets,Portland State Vikings,OVER,136.5,136.0,1.9090909090909092,caesars,0.5543037916661295,109.0,-1,268.1634406517004,-268.1634406517004,straight,,
2024-02-03,L296492,Penn Quakers,Yale Bulldogs,OVER,140.0,137.0,1.9090909090909092,caesars,0.5649475336304257,132.0,-1,268.1634406517004,-268.1634406517004,straight,,
2024-02-03,L296493,UC San Diego Tritons,Long Beach State Beach,OVER,151.5,151.5,1.9090909090909092,betmgm,0.5735070835053241,161.0,1,268.1634406517004,243.78494604700037,straight,,
2024-02-03,L296375,Campbell Fighting Camels,UNC Wilmington Seahawks,OVER,136.5,136.0,1.9090909090909092,bet_rivers_co,0.5784167876789986,151.0,1,268.1634406517004,243.78494604700037,straight,,
2024-02-03,L296494,Syracuse Orange,Wake Forest Demon Deacons,OVER,152.5,150.5,1.9090909090909092,draftkings,0.5569044763685943,169.0,1,268.1634406517004,243.78494604700037,straight,,
2024-02-03,L296440,Middle Tennessee Blue Raiders,Western Kentucky Hilltoppers,OVER,144.5,143.0,1.8695652173913042,draftkings,0.575840490784489,153.0,1,268.1634406517004,233.18560056669597,straight,,
2024-02-03,L298159,Washington State Cougars,Washington Huskies,OVER,148.5,148.5,1.9090909090909092,betmgm,0.5615585727858866,177.0,1,268.1634406517004,243.78494604700037,straight,,
2024-02-03,L296503,Hawai'i Rainbow Warriors,UC Irvine Anteaters,OVER,134.5,134.0,1.9090909090909092,bet_rivers_co,0.5546664434506385,161.0,1,268.1634406517004,243.78494604700037,straight,,
2024-02-03,L296396,Pacific Tigers,San Francisco Dons,OVER,144.5,144.5,1.9174311926605505,bet_rivers_co,0.5793743359955204,152.0,1,268.1634406517004,246.02150518504624,straight,,
2024-02-03,L296395,Saint Mary's Gaels,Gonzaga Bulldogs,OVER,138.0,135.5,1.9090909090909092,bet_rivers_co,0.5612861359810916,126.0,-1,268.1634406517004,-268.1634406517004,straight,,
2024-02-04,,Temple Owls,Tulane Green Wave,OVER,153.0,149.5,1.612366425673126,,0.6679265607667733,172.0,1,293.432193546239,453.6701615874322,2.5+ card leg 1,2.546081757780756,1.0
2024-02-04,,Davidson Wildcats,Loyola Chicago Ramblers,OVER,134.5,130.5,1.5790962384482952,,0.6856735895386736,139.0,1,,,2.5+ card leg 2,2.546081757780756,1.0
2024-02-04,L296513,Davidson Wildcats,Loyola Chicago Ramblers,OVER,134.5,134.0,1.9090909090909092,bet365,0.5898086490435565,139.0,1,293.432193546239,266.75653958749,straight,,
2024-02-04,L296406,UNC Greensboro Spartans,Furman Paladins,OVER,147.0,147.0,1.9090909090909092,bet_rivers_co,0.557949502114301,176.0,1,293.432193546239,266.75653958749,straight,,
2024-02-04,L296516,Canisius Golden Griffins,Quinnipiac Bobcats,OVER,149.5,149.5,1.9090909090909092,betmgm,0.5551563583794309,151.0,1,293.432193546239,266.75653958749,straight,,
2024-02-04,L296509,Temple Owls,Tulane Green Wave,OVER,153.0,152.5,1.8695652173913042,fanduel,0.5753927903075292,172.0,1,293.432193546239,255.15842917064256,straight,,
2024-02-05,,Coppin State Eagles,South Carolina State Bulldogs,OVER,133.5,127.5,1.4611998738049616,,0.7320415598524702,142.0,1,308.5231756414444,467.98292534422154,2.5+ card leg 1,2.516848529680947,1.0
2024-02-05,,Norfolk State Spartans,Maryland-Eastern Shore Hawks,OVER,128.5,126.5,1.7224532897933247,,0.6344070467162025,129.0,1,,,2.5+ card leg 2,2.516848529680947,1.0
2024-02-05,L296528,Coppin State Eagles,South Carolina State Bulldogs,OVER,133.5,133.0,1.9090909090909092,bet_rivers_co,0.5855793436399529,142.0,1,308.5231756414444,280.47561421949496,straight,,
2024-02-05,L296527,Howard Bison,Delaware State Hornets,OVER,140.5,140.5,1.9090909090909092,betmgm,0.5546237556872672,146.0,1,308.5231756414444,280.47561421949496,straight,,
2024-02-05,L296529,Norfolk State Spartans,Maryland-Eastern Shore Hawks,OVER,128.5,128.5,1.9090909090909092,bet365,0.5832713430053861,129.0,1,308.5231756414444,280.47561421949496,straight,,
2024-02-05,L296519,Florida A&M Rattlers,Alabama State Hornets,OVER,137.25,137.0,1.9090909090909092,bet365,0.5659067335455483,115.0,-1,308.5231756414444,-308.5231756414444,straight,,
2024-02-06,,Buffalo Bulls,Bowling Green Falcons,OVER,149.0,146.5,1.68396673857181,,0.6535717843349376,160.0,1,318.53204156505706,495.3158006609026,2.5+ card leg 1,2.5549952156374798,1.0
2024-02-06,,Saint Mary's Gaels,Pacific Tigers,OVER,129.5,124.5,1.517248029378774,,0.7070790740993214,127.0,1,,,2.5+ card leg 2,2.5549952156374798,1.0
2024-02-06,L296539,Rutgers Scarlet Knights,Maryland Terrapins,OVER,125.5,125.5,1.9090909090909092,fanduel,0.5767755889471315,109.0,-1,318.53204156505706,-318.53204156505706,straight,,
2024-02-06,L296541,Rhode Island Rams,George Washington Revolutionaries,OVER,154.5,154.5,1.9090909090909092,bet365,0.5692910484344549,153.0,-1,318.53204156505706,-318.53204156505706,straight,,
2024-02-06,L296547,Central Michigan Chippewas,Akron Zips,OVER,133.5,133.0,1.8695652173913042,draftkings,0.5776237623383653,115.0,-1,318.53204156505706,-318.53204156505706,straight,,
2024-02-06,L296548,Buffalo Bulls,Bowling Green Falcons,OVER,149.0,148.5,1.9090909090909092,fanduel,0.5794806579705135,160.0,1,318.53204156505706,289.574583240961,straight,,
2024-02-06,L296556,VCU Rams,Fordham Rams,OVER,140.5,139.5,1.8695652173913042,betmgm,0.556118559413886,135.0,-1,318.53204156505706,-318.53204156505706,straight,,
2024-02-06,L296555,Oklahoma State Cowboys,Houston Cougars,OVER,128.5,128.5,1.9090909090909092,bet_rivers_co,0.5674557107771174,142.0,1,318.53204156505706,289.574583240961,straight,,
2024-02-06,L296545,Saint Mary's Gaels,Pacific Tigers,OVER,129.5,129.0,1.819672131147541,draftkings,0.5754635955255617,127.0,-1,318.53204156505706,-318.53204156505706,straight,,
2024-02-07,,Creighton Bluejays,Providence Friars,OVER,141.5,139.5,1.7224532897933247,,0.6472788920265589,178.0,1,313.35008915823244,475.30462201505856,2.5+ card leg 1,2.516848529680947,1.0
2024-02-07,,Army Black Knights,Lehigh Mountain Hawks,OVER,130.5,124.5,1.4611998738049616,,0.7411442251554874,125.0,1,,,2.5+ card leg 2,2.516848529680947,1.0
2024-02-07,L296564,Army Black Knights,Lehigh Mountain Hawks,OVER,130.5,130.0,1.9090909090909092,bet365,0.5975504912398614,125.0,-1,313.35008915823244,-313.35008915823244,straight,,
2024-02-07,L296579,Holy Cross Crusaders,Lafayette Leopards,OVER,132.0,129.0,1.9090909090909092,caesars,0.5671731573921904,134.0,1,313.35008915823244,284.86371741657496,straight,,
2024-02-07,L296580,Colgate Raiders,Boston University Terriers,OVER,133.5,133.0,1.9090909090909092,caesars,0.5763395126032574,138.0,1,313.35008915823244,284.86371741657496,straight,,
2024-02-07,L296581,Davidson Wildcats,Duquesne Dukes,OVER,136.5,136.5,1.9090909090909092,betmgm,0.5618123738060652,131.0,-1,313.35008915823244,-313.35008915823244,straight,,
2024-02-07,L296582,Loyola Chicago Ramblers,George Mason Patriots,OVER,136.5,135.5,1.9090909090909092,caesars,0.5622689887464434,164.0,1,313.35008915823244,284.86371741657496,straight,,
2024-02-07,L296587,The Citadel Bulldogs,Western Carolina Catamounts,OVER,139.25,139.0,1.9090909090909092,draftkings,0.586121223874165,135.0,-1,313.35008915823244,-313.35008915823244,straight,,
2024-02-07,L296590,Marshall Thundering Herd,Troy Trojans,OVER,152.5,152.5,1.9090909090909092,betmgm,0.5717080430239939,148.0,-1,313.35008915823244,-313.35008915823244,straight,,
2024-02-07,L296597,Western Kentucky Hilltoppers,Louisiana Tech Bulldogs,OVER,149.25,149.0,1.9090909090909092,bet365,0.5514533096836463,157.0,1,313.35008915823244,284.86371741657496,straight,,
2024-02-07,L296604,Villanova Wildcats,Xavier Musketeers,OVER,144.5,144.5,1.9090909090909092,betmgm,0.5588972181177243,109.0,-1,313.35008915823244,-313.35008915823244,straight,,
2024-02-07,L296569,Valparaiso Beacons,Indiana State Sycamores,OVER,153.5,153.5,1.925925925925926,draftkings,0.5514661010041959,162.0,1,313.35008915823244,290.1389714428079,straight,,
2024-02-07,L296566,North Texas Mean Green,Tulsa Golden Hurricane,OVER,132.5,132.5,1.9090909090909092,bet365,0.5615679392066688,123.0,-1,313.35008915823244,-313.35008915823244,straight,,
2024-02-07,L296567,SMU Mustangs,Rice Owls,OVER,144.5,144.0,1.9090909090909092,caesars,0.5608523792858661,164.0,1,313.35008915823244,284.86371741657496,straight,,
2024-02-07,L296568,Missouri State Bears,Northern Iowa Panthers,OVER,138.5,138.5,1.925925925925926,draftkings,0.5677455403326506,137.0,-1,313.35008915823244,-313.35008915823244,straight,,
2024-02-07,L296584,Portland Pilots,Gonzaga Bulldogs,OVER,159.25,158.5,1.9090909090909092,caesars,0.558749577628236,160.0,1,313.35008915823244,284.86371741657496,straight,,
2024-02-07,L296595,Appalachian State Mountaineers,Texas State Bobcats,OVER,133.5,133.5,1.9090909090909092,betmgm,0.5834984063027691,119.0,-1,313.35008915823244,-313.35008915823244,straight,,
2024-02-07,L296610,Creighton Bluejays,Providence Friars,OVER,141.5,140.5,1.8695652173913042,fanduel,0.5987203184062826,178.0,1,313.35008915823244,272.47833839846294,straight,,
2024-02-07,L296596,Florida Gulf Coast Eagles,Eastern Kentucky Colonels,OVER,143.5,143.0,1.9090909090909092,bet365,0.551740451603239,172.0,1,313.35008915823244,284.86371741657496,straight,,
2024-02-07,L296611,Notre Dame Fighting Irish,Duke Blue Devils,OVER,134.0,133.5,1.9090909090909092,fanduel,0.5552197828352387,124.0,-1,313.35008915823244,-313.35008915823244,straight,,
2024-02-07,L296583,Loyola Marymount Lions,San Diego Toreros,OVER,147.5,146.5,1.9090909090909092,caesars,0.5590943040201496,156.0,1,313.35008915823244,284.86371741657496,straight,,
2024-02-08,,New Hampshire Wildcats,Bryant Bulldogs,OVER,158.0,155.5,1.68396673857181,,0.6742814577727483,151.0,-1,318.3168978458808,-318.3168978458808,2.5+ card leg 1,2.506637964661862,0.0
2024-02-08,,Tennessee Tech Golden Eagles,Southeast Missouri State Redhawks,OVER,135.0,129.5,1.4885317549607708,,0.740901935779999,157.0,1,,,2.5+ card leg 2,2.506637964661862,0.0
2024-02-08,L296631,Chattanooga Mocs,VMI Keydets,OVER,157.0,156.5,1.9090909090909092,betmgm,0.5612618583382034,172.0,1,318.3168978458808,289.37899804170985,straight,,
2024-02-08,L296632,Milwaukee Panthers,Youngstown State Penguins,OVER,157.25,157.0,1.9090909090909092,bet365,0.5545425597270877,182.0,1,318.3168978458808,289.37899804170985,straight,,
2024-02-08,L296615,Memphis Tigers,Temple Owls,OVER,149.0,148.5,1.8695652173913042,fanduel,0.5836692473279009,161.0,1,318.3168978458808,276.79730247467893,straight,,
2024-02-08,L296620,Hofstra Pride,Hampton Pirates,OVER,146.5,146.0,1.8928571428571428,draftkings,0.5573598294546538,122.0,-1,318.3168978458808,-318.3168978458808,straight,,
2024-02-08,L296627,Merrimack Warriors,LIU Sharks,OVER,134.5,134.5,1.9090909090909092,bet365,0.5913864105768255,161.0,1,318.3168978458808,289.37899804170985,straight,,
2024-02-08,L296660,Saint Peter's Peacocks,Quinnipiac Bobcats,OVER,135.5,135.5,1.9090909090909092,bet_rivers_co,0.5809188103577569,157.0,1,318.3168978458808,289.37899804170985,straight,,
2024-02-08,L296661,Manhattan Jaspers,Mount St. Mary's Mountaineers,OVER,141.5,141.0,1.9090909090909092,draftkings,0.5645948043713638,160.0,1,318.3168978458808,289.37899804170985,straight,,
2024-02-08,L296663,Wagner Seahawks,FDU Knights,OVER,139.5,139.5,1.9090909090909092,bet365,0.5547659768323223,128.0,-1,318.3168978458808,-318.3168978458808,straight,,
2024-02-08,L296664,New Hampshire Wildcats,Bryant Bulldogs,OVER,158.0,157.5,1.9090909090909092,draftkings,0.6077953617393361,151.0,-1,318.3168978458808,-318.3168978458808,straight,,
2024-02-08,L296665,North Alabama Lions,North Florida Ospreys,OVER,151.0,151.0,1.9090909090909092,bet365,0.5678729582523832,153.0,1,318.3168978458808,289.37899804170985,straight,,
2024-02-08,L296666,Middle Tennessee Blue Raiders,Liberty Flames,OVER,130.0,129.5,1.9090909090909092,betmgm,0.560555895714401,141.0,1,318.3168978458808,289.37899804170985,straight,,
2024-02-08,L296640,Vermont Catamounts,NJIT Highlanders,OVER,131.0,131.0,1.9090909090909092,bet365,0.5623910081613434,124.0,-1,318.3168978458808,-318.3168978458808,straight,,
2024-02-08,L296621,Drexel Dragons,UNC Wilmington Seahawks,OVER,137.5,136.5,1.8695652173913042,fanduel,0.5535336924871767,131.0,-1,318.3168978458808,-318.3168978458808,straight,,
2024-02-08,L296649,UT Rio Grande Valley Vaqueros,Stephen F. Austin Lumberjacks,OVER,149.5,149.5,1.9090909090909092,betmgm,0.5632916735976716,176.0,1,318.3168978458808,289.37899804170985,straight,,
2024-02-08,L296651,Tarleton State Texans,Utah Valley Wolverines,OVER,136.0,135.5,1.9090909090909092,betmgm,0.555083875772981,133.0,-1,318.3168978458808,-318.3168978458808,straight,,
2024-02-08,L296636,Tennessee Tech Golden Eagles,Southeast Missouri State Redhawks,OVER,135.0,135.0,1.9090909090909092,bet365,0.5945825846567068,157.0,1,318.3168978458808,289.37899804170985,straight,,
2024-02-08,L296670,Eastern Illinois Panthers,Southern Indiana Screaming Eagles,OVER,134.5,134.5,1.9090909090909092,betmgm,0.567472329835755,152.0,1,318.3168978458808,289.37899804170985,straight,,
2024-02-08,L296654,Cal State Fullerton Titans,UC Davis Aggies,OVER,133.5,132.5,1.9523809523809523,draftkings,0.5523584695942632,129.0,-1,318.3168978458808,-318.3168978458808,straight,,
2024-02-08,L298166,Washington State Cougars,Oregon State Beavers,OVER,135.5,135.5,1.925925925925926,draftkings,0.5553369103947652,122.0,-1,318.3168978458808,-318.3168978458808,straight,,
2024-02-08,L296655,Cal State Bakersfield Roadrunners,UC Riverside Highlanders,OVER,131.5,129.5,1.8695652173913042,fanduel,0.5644013732005388,128.0,-1,318.3168978458808,-318.3168978458808,straight,,
2024-02-08,L296652,Abilene Christian Wildcats,Seattle Redhawks,OVER,142.5,142.5,1.9090909090909092,betmgm,0.576645055517965,127.0,-1,318.3168978458808,-318.3168978458808,straight,,
2024-02-09,,San Diego State Aztecs,Nevada Wolf Pack,UNDER,141.5,144.5,1.6918202619775498,,0.604542508762165,136.0,1,315.0079119117517,473.29137644675194,2.5+ card leg 1,2.502474568255742,1.0
2024-02-09,,Dayton Flyers,VCU Rams,UNDER,135.0,141.5,1.479161010479108,,0.6734811257334078,96.0,1,,,2.5+ card leg 2,2.502474568255742,1.0
2024-02-10,,Dartmouth Big Green,Harvard Crimson,OVER,131.0,128.5,1.68396673857181,,0.6743391056656819,136.0,1,319.74082567621923,-319.74082567621923,2.5+ card leg 1,2.506637964661862,0.0
2024-02-10,,Abilene Christian Wildcats,Utah Valley Wolverines,OVER,142.0,136.5,1.4885317549607708,,0.7321080501412739,119.0,-1,,,2.5+ card leg 2,2.506637964661862,0.0
2024-02-10,L296732,Loyola Chicago Ramblers,George Washington Revolutionaries,OVER,148.5,148.5,1.9090909090909092,betmgm,0.6102521421967577,154.0,1,319.74082567621923,290.6734778874721,straight,,
2024-02-10,L296770,Columbia Lions,Brown Bears,OVER,146.5,143.5,1.9433962264150944,fanduel,0.5755690336028889,152.0,1,319.74082567621923,301.64228837379176,straight,,
2024-02-10,L296710,Wisconsin Badgers,Rutgers Scarlet Knights,OVER,128.5,128.5,1.9090909090909092,draftkings,0.5848394849135126,134.0,1,319.74082567621923,290.6734778874721,straight,,
2024-02-10,L296791,Tennessee-Martin Skyhawks,Western Illinois Leathernecks,OVER,144.0,143.5,1.8695652173913042,betmgm,0.5719315808780988,121.0,-1,319.74082567621923,-319.74082567621923,straight,,
2024-02-10,L296763,Creighton Bluejays,Xavier Musketeers,OVER,151.75,149.5,1.9090909090909092,bet_rivers_co,0.5759840936658136,149.0,-1,319.74082567621923,-319.74082567621923,straight,,
2024-02-10,L296768,Vanderbilt Commodores,South Carolina Gamecocks,OVER,129.5,129.5,1.9523809523809523,betmgm,0.577382558151365,135.0,1,319.74082567621923,304.5150720725897,straight,,
2024-02-10,L296724,Navy Midshipmen,Army Black Knights,OVER,126.5,126.5,1.9090909090909092,draftkings,0.5524206788395526,136.0,1,319.74082567621923,290.6734778874721,straight,,
2024-02-10,L302969,Central Michigan Chippewas,Old Dominion Monarchs,OVER,138.0,138.0,1.9090909090909092,bet365,0.5898298218060264,115.0,-1,319.74082567621923,-319.74082567621923,straight,,
2024-02-10,L296715,Central Arkansas Bears,North Florida Ospreys,OVER,151.5,151.5,1.9090909090909092,bet365,0.5882547974575949,156.0,1,319.74082567621923,290.6734778874721,straight,,
2024-02-10,L296717,Illinois Fighting Illini,Michigan State Spartans,OVER,145.5,144.5,1.8695652173913042,fanduel,0.5593024131195893,168.0,1,319.74082567621923,278.0355005880167,straight,,
2024-02-10,L296725,Middle Tennessee Blue Raiders,Florida International Panthers,OVER,140.25,138.5,1.9090909090909092,fanduel,0.5655473240928399,134.0,-1,319.74082567621923,-319.74082567621923,straight,,
2024-02-10,L296734,La Salle Explorers,Richmond Spiders,OVER,140.75,140.5,1.9523809523809523,betmgm,0.5705407674086094,147.0,1,319.74082567621923,304.5150720725897,straight,,
2024-02-10,L296742,Boston University Terriers,Bucknell Bison,OVER,131.5,130.5,1.9090909090909092,draftkings,0.5854009867818534,139.0,1,319.74082567621923,290.6734778874721,straight,,
2024-02-10,L296771,Cornell Big Red,Yale Bulldogs,OVER,153.0,152.5,1.9090909090909092,betmgm,0.5503138598119856,158.0,1,319.74082567621923,290.6734778874721,straight,,
2024-02-10,L296772,Providence Friars,Butler Bulldogs,OVER,144.5,143.5,1.8695652173913042,fanduel,0.5748739551197342,147.0,1,319.74082567621923,278.0355005880167,straight,,
2024-02-10,L302962,Miami (OH) RedHawks,Georgia State Panthers,OVER,145.5,145.5,1.9090909090909092,betmgm,0.5664118902179944,126.0,-1,319.74082567621923,-319.74082567621923,straight,,
2024-02-10,L296690,Dartmouth Big Green,Harvard Crimson,OVER,131.0,131.0,1.9090909090909092,bet365,0.6003600089011397,136.0,1,319.74082567621923,290.6734778874721,straight,,
2024-02-10,L296691,Indiana State Sycamores,Missouri State Bears,OVER,152.5,151.5,1.8695652173913042,fanduel,0.5559975097113643,144.0,-1,319.74082567621923,-319.74082567621923,straight,,
2024-02-10,L296696,Bryant Bulldogs,Binghamton Bearcats,OVER,149.5,148.5,1.9090909090909092,betmgm,0.5993043127926507,139.0,-1,319.74082567621923,-319.74082567621923,straight,,
2024-02-10,L296702,Stony Brook Seawolves,Campbell Fighting Camels,OVER,137.0,136.5,1.9090909090909092,bet_rivers_co,0.5524543071548512,172.0,1,319.74082567621923,290.6734778874721,straight,,
2024-02-10,L296703,Omaha Mavericks,North Dakota State Bison,OVER,142.5,142.5,1.9523809523809523,betmgm,0.5515712330262098,160.0,1,319.74082567621923,304.5150720725897,straight,,
2024-02-10,L296706,Hofstra Pride,North Carolina A&T Aggies,OVER,140.5,139.0,1.847457627118644,draftkings,0.5528856546573009,130.0,-1,319.74082567621923,-319.74082567621923,straight,,
2024-02-10,L296674,Milwaukee Panthers,Robert Morris Colonials,OVER,154.5,154.5,1.9523809523809523,betmgm,0.5609072780816255,131.0,-1,319.74082567621923,-319.74082567621923,straight,,
2024-02-10,L296701,UNC Wilmington Seahawks,Hampton Pirates,OVER,147.5,147.5,1.9523809523809523,betmgm,0.5619950741209224,160.0,1,319.74082567621923,304.5150720725897,straight,,
2024-02-10,L296775,George Mason Patriots,Davidson Wildcats,OVER,134.5,131.5,1.8928571428571428,fanduel,0.5556460309427398,112.0,-1,319.74082567621923,-319.74082567621923,straight,,
2024-02-10,L296754,Le Moyne Dolphins,Merrimack Warriors,OVER,138.0,137.5,1.8695652173913042,betmgm,0.5739830974853017,116.0,-1,319.74082567621923,-319.74082567621923,straight,,
2024-02-10,L302966,Northern Illinois Huskies,South Alabama Jaguars,OVER,150.0,150.0,1.9090909090909092,bet365,0.5502995610778829,141.0,-1,319.74082567621923,-319.74082567621923,straight,,
2024-02-10,L296683,South Florida Bulls,Rice Owls,OVER,145.5,144.5,1.9090909090909092,fanduel,0.5621723502526617,134.0,-1,319.74082567621923,-319.74082567621923,straight,,
2024-02-10,L296757,Mercer Bears,Western Carolina Catamounts,OVER,138.5,138.5,1.9090909090909092,betmgm,0.5782058710769722,125.0,-1,319.74082567621923,-319.74082567621923,straight,,
2024-02-10,L302964,Buffalo Bulls,Georgia Southern Eagles,OVER,151.5,150.5,1.9090909090909092,draftkings,0.5551625348279702,163.0,1,319.74082567621923,290.6734778874721,straight,,
2024-02-10,L296719,Chicago State Cougars,South Carolina State Bulldogs,OVER,139.25,139.0,1.9090909090909092,bet365,0.5505173125039885,133.0,-1,319.74082567621923,-319.74082567621923,straight,,
2024-02-10,L296686,Eastern Illinois Panthers,Morehead State Eagles,OVER,129.0,129.0,1.9090909090909092,bet365,0.5632732217341061,126.0,-1,319.74082567621923,-319.74082567621923,straight,,
2024-02-10,L296781,North Carolina Tar Heels,Miami (FL) Hurricanes,OVER,155.25,154.5,1.9090909090909092,draftkings,0.5603073014947745,147.0,-1,319.74082567621923,-319.74082567621923,straight,,
2024-02-10,L296788,Houston Cougars,Cincinnati Bearcats,OVER,128.75,127.0,1.9090909090909092,bet_rivers_co,0.5701984161655681,129.0,1,319.74082567621923,290.6734778874721,straight,,
2024-02-10,L296692,UMass Lowell River Hawks,NJIT Highlanders,OVER,145.5,145.5,1.9090909090909092,bet_rivers_co,0.5553937836702663,135.0,-1,319.74082567621923,-319.74082567621923,straight,,
2024-02-10,L296786,Texas Southern Tigers,Florida A&M Rattlers,OVER,137.0,136.5,1.9090909090909092,bet365,0.5869162554591691,153.0,1,319.74082567621923,290.6734778874721,straight,,
2024-02-10,L296685,Belmont Bruins,Valparaiso Beacons,OVER,152.5,152.5,1.9090909090909092,betmgm,0.5580858112957854,174.0,1,319.74082567621923,290.6734778874721,straight,,
2024-02-10,L296761,Chattanooga Mocs,UNC Greensboro Spartans,OVER,144.5,144.5,1.9523809523809523,betmgm,0.5555693645303348,150.0,1,319.74082567621923,304.5150720725897,straight,,
2024-02-10,L296688,Evansville Purple Aces,Murray State Racers,OVER,137.5,136.5,1.9090909090909092,fanduel,0.5816639053826732,143.0,1,319.74082567621923,290.6734778874721,straight,,
2024-02-10,L296718,Abilene Christian Wildcats,Utah Valley Wolverines,OVER,142.0,142.0,1.9090909090909092,bet365,0.5895586001800616,119.0,-1,319.74082567621923,-319.74082567621923,straight,,
2024-02-10,L296682,Tennessee State Tigers,Southeast Missouri State Redhawks,OVER,138.5,138.0,1.9090909090909092,bet_rivers_co,0.5816500207523154,151.0,1,319.74082567621923,290.6734778874721,straight,,
2024-02-10,L296793,Colgate Raiders,Loyola Maryland Greyhounds,OVER,131.0,131.0,1.9090909090909092,bet365,0.5691916460889964,138.0,1,319.74082567621923,290.6734778874721,straight,,
2024-02-10,L296722,Alabama State Hornets,Grambling State Tigers,OVER,128.5,126.0,1.9090909090909092,draftkings,0.5741235338633716,142.0,1,319.74082567621923,290.6734778874721,straight,,
2024-02-10,L298171,UCLA Bruins,California Golden Bears,OVER,134.0,133.0,1.9090909090909092,bet_rivers_co,0.5577129556902077,121.0,-1,319.74082567621923,-319.74082567621923,straight,,
2024-02-10,L296797,Virginia Tech Hokies,Notre Dame Fighting Irish,OVER,129.5,127.5,1.8695652173913042,fanduel,0.5938888532328316,140.0,1,319.74082567621923,278.0355005880167,straight,,
2024-02-10,L296762,Furman Paladins,East Tennessee State Buccaneers,OVER,145.5,144.5,1.8695652173913042,betmgm,0.5596748350942298,128.0,-1,319.74082567621923,-319.74082567621923,straight,,
2024-02-10,L296795,Penn Quakers,Princeton Tigers,OVER,139.5,139.5,1.9090909090909092,bet365,0.5828292887459169,147.0,1,319.74082567621923,290.6734778874721,straight,,
2024-02-10,L302959,Akron Zips,James Madison Dukes,OVER,145.5,144.5,1.9090909090909092,draftkings,0.5536502383927392,132.0,-1,319.74082567621923,-319.74082567621923,straight,,
2024-02-10,L296712,Michigan Wolverines,Nebraska Cornhuskers,OVER,150.5,150.0,1.9090909090909092,bet365,0.5637358392902164,138.0,-1,319.74082567621923,-319.74082567621923,straight,,
2024-02-10,L296801,Alabama A&M Bulldogs,Southern University Jaguars,OVER,141.5,140.5,1.9090909090909092,bet365,0.5764411357031606,131.0,-1,319.74082567621923,-319.74082567621923,straight,,
2024-02-10,L296804,Oklahoma State Cowboys,Oklahoma Sooners,OVER,139.5,137.5,1.9090909090909092,bet_rivers_co,0.5523885176209453,128.0,-1,319.74082567621923,-319.74082567621923,straight,,
2024-02-10,L296694,Maine Black Bears,New Hampshire Wildcats,OVER,142.5,141.5,1.9090909090909092,draftkings,0.5658238518245584,117.0,-1,319.74082567621923,-319.74082567621923,straight,,
2024-02-10,L296760,The Citadel Bulldogs,Wofford Terriers,OVER,136.5,136.5,1.9090909090909092,betmgm,0.5735391835386152,141.0,1,319.74082567621923,290.6734778874721,straight,,
2024-02-10,L296727,Cal Poly Mustangs,Long Beach State Beach,OVER,144.5,143.5,1.9090909090909092,caesars,0.5515935079917536,145.0,1,319.74082567621923,290.6734778874721,straight,,
2024-02-10,L296675,Lafayette Leopards,Lehigh Mountain Hawks,OVER,132.5,132.5,1.9090909090909092,bet365,0.5992095759576401,184.0,1,319.74082567621923,290.6734778874721,straight,,
2024-02-10,L296743,Siena Saints,Manhattan Jaspers,OVER,138.5,137.5,1.9090909090909092,betmgm,0.556721951435704,131.0,-1,319.74082567621923,-319.74082567621923,straight,,
2024-02-10,L296733,UC Irvine Anteaters,UC Riverside Highlanders,OVER,136.5,136.5,1.9090909090909092,betmgm,0.5802393338598709,166.0,1,319.74082567621923,290.6734778874721,straight,,
2024-02-10,L296738,Portland State Vikings,Idaho State Bengals,OVER,137.5,137.5,1.9090909090909092,betmgm,0.5590416603875143,133.0,-1,319.74082567621923,-319.74082567621923,straight,,
2024-02-10,L298173,Arizona State Sun Devils,Utah Utes,OVER,145.5,143.5,1.9090909090909092,fanduel,0.578390062647822,162.0,1,319.74082567621923,290.6734778874721,straight,,
2024-02-10,L296807,Virginia Cavaliers,Florida State Seminoles,OVER,126.25,124.0,1.9090909090909092,bet_rivers_co,0.5728253031521154,156.0,1,319.74082567621923,290.6734778874721,straight,,
2024-02-10,L296810,SIU Edwardsville Cougars,Southern Indiana Screaming Eagles,OVER,138.5,138.5,1.9090909090909092,betmgm,0.5508551411457773,151.0,1,319.74082567621923,290.6734778874721,straight,,
2024-02-10,L296750,Saint Mary's Gaels,Portland Pilots,OVER,139.5,137.5,1.9090909090909092,draftkings,0.5680452346673679,127.0,-1,319.74082567621923,-319.74082567621923,straight,,
2024-02-10,L296812,New Mexico State Aggies,UTEP Miners,OVER,137.5,137.0,1.9090909090909092,bet365,0.5534097277453416,123.0,-1,319.74082567621923,-319.74082567621923,straight,,
2024-02-10,L296752,San Diego Toreros,Pacific Tigers,OVER,147.0,146.5,1.9090909090909092,fanduel,0.5615108000654245,173.0,1,319.74082567621923,290.6734778874721,straight,,
2024-02-10,L298169,Arizona Wildcats,Colorado Buffaloes,OVER,158.5,156.5,1.8771929824561404,fanduel,0.5511809941062146,178.0,1,319.74082567621923,280.4744084879116,straight,,
2024-02-10,L296813,Kansas State Wildcats,BYU Cougars,OVER,144.25,142.5,1.9090909090909092,draftkings,0.5874985815086389,138.0,-1,319.74082567621923,-319.74082567621923,straight,,
2024-02-11,,Seton Hall Pirates,Villanova Wildcats,OVER,130.5,127.5,1.6472977206485244,,0.6496483222307903,134.0,1,319.4801165215841,480.05294063304075,2.5+ card leg 1,2.502606628104846,1.0
2024-02-11,,Penn State Nittany Lions,Northwestern Wildcats,UNDER,147.75,153.5,1.5192193838036727,,0.6763399270316304,131.0,1,,,2.5+ card leg 2,2.502606628104846,1.0
2024-02-11,L296822,Seton Hall Pirates,Villanova Wildcats,OVER,130.5,130.5,1.9090909090909092,bet365,0.5740096134664675,134.0,1,319.4801165215841,290.43646956507644,straight,,
2024-02-12,,Alabama State Hornets,Southern University Jaguars,OVER,134.0,131.5,1.68396673857181,,0.6500878335217593,135.0,1,327.18501062356523,-327.18501062356523,2.5+ card leg 1,2.506637964661862,0.0
2024-02-12,,Texas A&M-Corpus Christi Islanders,Nicholls State Colonels,OVER,138.0,132.5,1.4885317549607708,,0.6958770323626692,130.0,-1,,,2.5+ card leg 2,2.506637964661862,0.0
2024-02-12,L296839,Alabama State Hornets,Southern University Jaguars,OVER,134.0,133.5,1.9803921568627452,draftkings,0.5772612368105186,135.0,1,327.18501062356523,320.7696182583973,straight,,
2024-02-12,L296826,Lehigh Mountain Hawks,Bucknell Bison,OVER,139.5,139.5,1.9090909090909092,betmgm,0.5708274574328016,134.0,-1,327.18501062356523,-327.18501062356523,straight,,
2024-02-13,,George Washington Revolutionaries,George Mason Patriots,OVER,144.0,141.5,1.68396673857181,,0.6493251494195486,157.0,1,323.8490065936779,-323.8490065936779,2.5+ card leg 1,2.506637964661862,0.0
2024-02-13,,Tennessee State Tigers,Tennessee Tech Golden Eagles,OVER,136.0,130.5,1.4885317549607708,,0.7013358884131622,120.0,-1,,,2.5+ card leg 2,2.506637964661862,0.0
2024-02-13,L296854,North Carolina Tar Heels,Syracuse Orange,OVER,156.5,154.5,1.9090909090909092,draftkings,0.5527881898929832,165.0,1,323.8490065936779,294.4081878124345,straight,,
2024-02-13,L296849,George Washington Revolutionaries,George Mason Patriots,OVER,144.0,144.0,1.9090909090909092,bet365,0.5755601500696758,157.0,1,323.8490065936779,294.4081878124345,straight,,
2024-02-13,L296851,Buffalo Bulls,Northern Illinois Huskies,OVER,149.5,149.0,1.9090909090909092,draftkings,0.567851309484396,140.0,-1,323.8490065936779,-323.8490065936779,straight,,
2024-02-13,L296842,Drake Bulldogs,Evansville Purple Aces,OVER,144.0,143.5,1.9090909090909092,draftkings,0.5548488066290922,153.0,1,323.8490065936779,294.4081878124345,straight,,
2024-02-14,,Georgia Tech Yellow Jackets,Notre Dame Fighting Irish,OVER,132.5,130.5,1.7224532897933247,,0.6471475544671639,113.0,-1,326.20427209617736,-326.20427209617736,2.5+ card leg 1,2.516848529680947,0.0
2024-02-14,,Loyola Maryland Greyhounds,Lafayette Leopards,OVER,125.5,119.5,1.4611998738049616,,0.7376494043237225,143.0,1,,,2.5+ card leg 2,2.516848529680947,0.0
2024-02-14,L296878,Boston University Terriers,Army Black Knights,OVER,124.5,123.5,1.8695652173913042,betmgm,0.5772281210188861,115.0,-1,326.20427209617736,-326.20427209617736,straight,,
2024-02-14,L296886,Robert Morris Colonials,Youngstown State Penguins,OVER,147.5,147.5,1.9090909090909092,bet365,0.569867250382091,164.0,1,326.20427209617736,296.5493382692522,straight,,
2024-02-14,L296866,Tulsa Golden Hurricane,South Florida Bulls,OVER,148.5,148.5,1.9090909090909092,betmgm,0.5598668832884587,119.0,-1,326.20427209617736,-326.20427209617736,straight,,
2024-02-14,L296893,Georgia Tech Yellow Jackets,Notre Dame Fighting Irish,OVER,132.5,132.0,1.9090909090909092,draftkings,0.5973466906081051,113.0,-1,326.20427209617736,-326.20427209617736,straight,,
2024-02-14,L296895,Xavier Musketeers,Seton Hall Pirates,OVER,144.5,143.5,1.9090909090909092,fanduel,0.5547446522316439,158.0,1,326.20427209617736,296.5493382692522,straight,,
2024-02-14,L296882,VMI Keydets,Furman Paladins,OVER,164.0,163.5,1.9090909090909092,caesars,0.5644205392082542,137.0,-1,326.20427209617736,-326.20427209617736,straight,,
2024-02-14,L296881,Loyola Maryland Greyhounds,Lafayette Leopards,OVER,125.5,125.5,1.9090909090909092,bet365,0.5874155557448056,143.0,1,326.20427209617736,296.5493382692522,straight,,
2024-02-14,L296898,Wofford Terriers,Mercer Bears,OVER,134.5,134.5,1.9090909090909092,betmgm,0.5631104570950523,133.0,-1,326.20427209617736,-326.20427209617736,straight,,
2024-02-14,L296876,Chicago State Cougars,Eastern Kentucky Colonels,OVER,142.0,141.5,1.8695652173913042,betmgm,0.5524734231293983,159.0,1,326.20427209617736,283.6558887792846,straight,,
2024-02-14,L296868,Missouri State Bears,Murray State Racers,OVER,136.5,136.0,1.9090909090909092,caesars,0.5666697338566276,154.0,1,326.20427209617736,296.5493382692522,straight,,
2024-02-14,L296875,Iowa Hawkeyes,Maryland Terrapins,OVER,143.5,143.5,1.9090909090909092,draftkings,0.5595186133589861,144.0,1,326.20427209617736,296.5493382692522,straight,,
2024-02-14,L296884,Western Carolina Catamounts,Samford Bulldogs,OVER,156.5,156.5,1.9090909090909092,betmgm,0.5521396810804241,150.0,-1,326.20427209617736,-326.20427209617736,straight,,
2024-02-15,,Maine Black Bears,Bryant Bulldogs,OVER,141.5,139.5,1.7224532897933247,,0.6761099101566499,149.0,1,321.0339988507004,486.9599491342798,2.5+ card leg 1,2.516848529680947,1.0
2024-02-15,,Southeast Missouri State Redhawks,Eastern Illinois Panthers,OVER,133.5,127.5,1.4611998738049616,,0.7641839524816814,132.0,1,,,2.5+ card leg 2,2.516848529680947,1.0
2024-02-15,L296910,Hampton Pirates,Stony Brook Seawolves,OVER,144.5,144.0,1.8928571428571428,draftkings,0.5923304939509303,166.0,1,321.0339988507004,286.6374989738396,straight,,
2024-02-15,L296914,Northwestern Wildcats,Rutgers Scarlet Knights,OVER,131.0,130.5,1.847457627118644,draftkings,0.5695572639868282,123.0,-1,321.0339988507004,-321.0339988507004,straight,,
2024-02-15,L296949,Marshall Thundering Herd,Appalachian State Mountaineers,OVER,149.0,148.5,1.9523809523809523,fanduel,0.6066369141235802,131.0,-1,321.0339988507004,-321.0339988507004,straight,,
2024-02-15,L296905,Temple Owls,Florida Atlantic Owls,OVER,148.0,146.5,1.847457627118644,draftkings,0.5855634258773817,148.0,1,321.0339988507004,272.06271089042406,straight,,
2024-02-15,L296906,Wichita State Shockers,East Carolina Pirates,OVER,138.0,137.0,1.8928571428571428,draftkings,0.5571948216768232,123.0,-1,321.0339988507004,-321.0339988507004,straight,,
2024-02-15,L296909,North Carolina A&T Aggies,UNC Wilmington Seahawks,OVER,142.5,142.0,1.9174311926605505,bet_rivers_co,0.5663039346846299,127.0,-1,321.0339988507004,-321.0339988507004,straight,,
2024-02-15,L296920,FDU Knights,LIU Sharks,OVER,153.0,153.0,1.9090909090909092,bet365,0.5520623916042736,166.0,1,321.0339988507004,291.84908986427314,straight,,
2024-02-15,L296921,Merrimack Warriors,Stonehill Skyhawks,OVER,130.0,130.0,1.9090909090909092,bet365,0.5965040836292954,129.0,-1,321.0339988507004,-321.0339988507004,straight,,
2024-02-15,L296939,Jacksonville State Gamecocks,Louisiana Tech Bulldogs,OVER,130.5,129.5,1.8695652173913042,fanduel,0.5616061064822284,121.0,-1,321.0339988507004,-321.0339988507004,straight,,
2024-02-15,L296950,Hofstra Pride,Drexel Dragons,OVER,132.75,132.0,1.8928571428571428,draftkings,0.5553476238681289,156.0,1,321.0339988507004,286.6374989738396,straight,,
2024-02-15,L296953,New Hampshire Wildcats,Vermont Catamounts,OVER,139.5,139.0,1.9090909090909092,bet_rivers_co,0.5930715095973303,124.0,-1,321.0339988507004,-321.0339988507004,straight,,
2024-02-15,L296954,Maine Black Bears,Bryant Bulldogs,OVER,141.5,141.5,1.9090909090909092,bet365,0.6278426102352818,149.0,1,321.0339988507004,291.84908986427314,straight,,
2024-02-15,L296935,Abilene Christian Wildcats,UT Rio Grande Valley Vaqueros,OVER,148.5,148.0,1.8695652173913042,draftkings,0.57876724228603,166.0,1,321.0339988507004,279.159999000609,straight,,
2024-02-15,L296940,New Mexico State Aggies,Middle Tennessee Blue Raiders,OVER,131.5,130.5,1.8695652173913042,draftkings,0.5984763415702095,145.0,1,321.0339988507004,279.159999000609,straight,,
2024-02-15,L296925,Texas State Bobcats,South Alabama Jaguars,OVER,137.5,137.0,1.8695652173913042,draftkings,0.5562059847316309,127.0,-1,321.0339988507004,-321.0339988507004,straight,,
2024-02-15,L296928,Georgia State Panthers,James Madison Dukes,OVER,152.5,152.5,1.9090909090909092,betmgm,0.5796854651747221,146.0,-1,321.0339988507004,-321.0339988507004,straight,,
2024-02-15,L296933,North Dakota State Bison,Oral Roberts Golden Eagles,OVER,147.5,147.0,1.9090909090909092,draftkings,0.5640911291713445,133.0,-1,321.0339988507004,-321.0339988507004,straight,,
2024-02-15,L296955,South Dakota Coyotes,Omaha Mavericks,OVER,150.5,150.0,1.9090909090909092,bet365,0.5594115705759695,175.0,1,321.0339988507004,291.84908986427314,straight,,
2024-02-15,L296923,Western Illinois Leathernecks,Tennessee Tech Golden Eagles,OVER,127.0,126.5,1.8928571428571428,draftkings,0.5713469825901595,117.0,-1,321.0339988507004,-321.0339988507004,straight,,
2024-02-15,L296934,Austin Peay Governors,Central Arkansas Bears,OVER,142.5,141.5,1.9090909090909092,caesars,0.5589336786165292,144.0,1,321.0339988507004,291.84908986427314,straight,,
2024-02-15,L296958,Lindenwood Lions,SIU Edwardsville Cougars,OVER,131.5,131.5,1.925925925925926,draftkings,0.5745686186269041,154.0,1,321.0339988507004,297.25370263953744,straight,,
2024-02-15,L296959,Southeast Missouri State Redhawks,Eastern Illinois Panthers,OVER,133.5,133.0,1.847457627118644,draftkings,0.6190933979460582,132.0,-1,321.0339988507004,-321.0339988507004,straight,,
2024-02-15,L296919,Gonzaga Bulldogs,Loyola Marymount Lions,OVER,151.0,150.5,1.9090909090909092,fanduel,0.5514415732663007,165.0,1,321.0339988507004,291.84908986427314,straight,,
2024-02-15,L296944,Long Beach State Beach,UC Davis Aggies,OVER,151.5,150.5,1.8,draftkings,0.5586466954004896,152.0,1,321.0339988507004,256.8271990805603,straight,,
2024-02-15,L296964,UC Riverside Highlanders,Cal State Fullerton Titans,OVER,130.5,130.5,1.9090909090909092,bet365,0.5725901309692003,154.0,1,321.0339988507004,291.84908986427314,straight,,
2024-02-15,L298176,California Golden Bears,Washington State Cougars,OVER,140.0,140.0,1.9090909090909092,bet365,0.5582829976805341,149.0,1,321.0339988507004,291.84908986427314,straight,,
2024-02-15,L296936,Utah Valley Wolverines,California Baptist Lancers,OVER,133.5,133.5,1.9090909090909092,bet365,0.5694698490770177,115.0,-1,321.0339988507004,-321.0339988507004,straight,,
2024-02-15,L298178,Utah Utes,USC Trojans,OVER,148.5,148.5,1.9090909090909092,betmgm,0.562605409982223,132.0,-1,321.0339988507004,-321.0339988507004,straight,,
2024-02-15,L296917,Pepperdine Waves,Saint Mary's Gaels,OVER,133.5,132.5,1.8695652173913042,fanduel,0.5603842590250503,162.0,1,321.0339988507004,279.159999000609,straight,,
2024-02-16,,Dartmouth Big Green,Columbia Lions,OVER,135.5,131.5,1.5790962384482952,,0.6870774314732454,136.0,1,323.75726086904456,500.55519497869517,2.5+ card leg 1,2.546081757780756,1.0
2024-02-16,,Yale Bulldogs,Penn Quakers,OVER,138.0,134.5,1.612366425673126,,0.6600659957511341,138.0,1,,,2.5+ card leg 2,2.546081757780756,1.0
2024-02-16,L296974,Dartmouth Big Green,Columbia Lions,OVER,135.5,135.5,1.9090909090909092,betmgm,0.5891939340843863,136.0,1,323.75726086904456,294.32478260822234,straight,,
2024-02-16,L296975,Yale Bulldogs,Penn Quakers,OVER,138.0,137.5,1.9090909090909092,fanduel,0.5613144031923762,138.0,1,323.75726086904456,294.32478260822234,straight,,
2024-02-16,L296972,Siena Saints,Saint Peter's Peacocks,OVER,124.5,124.0,1.8695652173913042,draftkings,0.5517670110901736,128.0,1,323.75726086904456,281.5280529296039,straight,,
2024-02-17,,Maryland-Eastern Shore Hawks,Morgan State Bears,OVER,142.0,139.5,1.8695652173913042,,0.6617557441792206,135.0,-1,337.464589000292,-337.464589000292,2.5+ card leg 1,2.6831815294199295,0.0
2024-02-17,,Delaware State Hornets,Coppin State Eagles,OVER,129.0,122.5,1.4351901203874042,,0.7877732335690871,122.0,-1,,,2.5+ card leg 2,2.6831815294199295,0.0
2024-02-17,L297038,Wake Forest Demon Deacons,Virginia Cavaliers,OVER,129.5,128.5,1.9090909090909092,draftkings,0.5781926406842451,96.0,-1,337.464589000292,-337.464589000292,straight,,
2024-02-17,L297040,TCU Horned Frogs,Kansas State Wildcats,OVER,143.25,142.5,1.9090909090909092,betmgm,0.58048803802804,147.0,1,337.464589000292,306.7859900002655,straight,,
2024-02-17,L297060,Richmond Spiders,George Washington Revolutionaries,OVER,146.5,145.0,1.847457627118644,draftkings,0.6245286134028755,164.0,1,337.464589000292,285.9869398307559,straight,,
2024-02-17,L297061,Creighton Bluejays,Butler Bulldogs,OVER,152.0,151.0,1.9090909090909092,bet365,0.5779162760041776,136.0,-1,337.464589000292,-337.464589000292,straight,,
2024-02-17,L297050,VMI Keydets,The Citadel Bulldogs,OVER,149.5,149.0,1.8695652173913042,draftkings,0.5925729592306518,127.0,-1,337.464589000292,-337.464589000292,straight,,
2024-02-17,L297062,Florida Gators,Georgia Bulldogs,OVER,157.25,155.0,1.9090909090909092,draftkings,0.5653414162421033,170.0,1,337.464589000292,306.7859900002655,straight,,
2024-02-17,L297063,Texas Longhorns,Houston Cougars,OVER,131.0,130.5,1.9090909090909092,caesars,0.5595791586334308,143.0,1,337.464589000292,306.7859900002655,straight,,
2024-02-17,L296985,Valparaiso Beacons,Missouri State Bears,OVER,145.5,144.5,1.9090909090909092,bet_rivers_co,0.5715333693469187,156.0,1,337.464589000292,306.7859900002655,straight,,
2024-02-17,L297014,Army Black Knights,Holy Cross Crusaders,OVER,127.0,126.5,1.9090909090909092,bet365,0.5765285412222216,112.0,-1,337.464589000292,-337.464589000292,straight,,
2024-02-17,L297026,Loyola Maryland Greyhounds,Lehigh Mountain Hawks,OVER,137.5,136.0,1.847457627118644,draftkings,0.5979863142768029,145.0,1,337.464589000292,285.9869398307559,straight,,
2024-02-17,L297028,Bucknell Bison,Colgate Raiders,OVER,137.0,136.5,1.8695652173913042,betmgm,0.5805500102041006,112.0,-1,337.464589000292,-337.464589000292,straight,,
2024-02-17,L297041,Stonehill Skyhawks,Le Moyne Dolphins,OVER,140.5,140.5,1.9090909090909092,betmgm,0.5760591030758981,142.0,1,337.464589000292,306.7859900002655,straight,,
2024-02-17,L297075,Akron Zips,Buffalo Bulls,OVER,140.5,139.5,1.8695652173913042,fanduel,0.5834501108217907,135.0,-1,337.464589000292,-337.464589000292,straight,,
2024-02-17,L297076,Marshall Thundering Herd,Coastal Carolina Chanticleers,OVER,156.0,155.0,1.847457627118644,draftkings,0.5569418873469592,141.0,-1,337.464589000292,-337.464589000292,straight,,
2024-02-17,L296981,Rice Owls,Tulsa Golden Hurricane,OVER,146.5,146.5,1.925925925925926,draftkings,0.5585082814065183,175.0,1,337.464589000292,312.46721203730743,straight,,
2024-02-17,L297006,Abilene Christian Wildcats,Stephen F. Austin Lumberjacks,OVER,146.5,145.5,1.9090909090909092,fanduel,0.5636104772600078,125.0,-1,337.464589000292,-337.464589000292,straight,,
2024-02-17,L297017,New Mexico State Aggies,Western Kentucky Hilltoppers,OVER,154.5,154.0,1.847457627118644,draftkings,0.571610270216265,130.0,-1,337.464589000292,-337.464589000292,straight,,
2024-02-17,L297037,LIU Sharks,Merrimack Warriors,OVER,138.0,136.5,1.8695652173913042,draftkings,0.5884509651228647,151.0,1,337.464589000292,293.447468695906,straight,,
2024-02-17,L297056,IU Indy Jaguars,Oakland Golden Grizzlies,OVER,144.5,144.5,1.9174311926605505,bet_rivers_co,0.5635476614815156,166.0,1,337.464589000292,309.6005403672404,straight,,
2024-02-17,L297981,Vermont Catamounts,Maine Black Bears,OVER,126.75,125.0,1.8928571428571428,draftkings,0.5596482290753895,125.0,0,337.464589000292,0.0,straight,,
2024-02-17,L297045,Bowling Green Falcons,Eastern Michigan Eagles,OVER,147.0,146.0,1.9090909090909092,draftkings,0.5625569703933825,129.0,-1,337.464589000292,-337.464589000292,straight,,
2024-02-17,L298228,North Carolina Central Eagles,Howard Bison,OVER,141.0,139.0,1.847457627118644,draftkings,0.5747108643324044,172.0,1,337.464589000292,285.9869398307559,straight,,
2024-02-17,L296988,UMass Lowell River Hawks,Bryant Bulldogs,OVER,155.0,154.5,1.847457627118644,draftkings,0.5980824846575106,163.0,1,337.464589000292,285.9869398307559,straight,,
2024-02-17,L296994,North Dakota State Bison,Denver Pioneers,OVER,155.0,154.5,1.9523809523809523,draftkings,0.5513232925904172,148.0,-1,337.464589000292,-337.464589000292,straight,,
2024-02-17,L297039,Sacred Heart Pioneers,Wagner Seahawks,OVER,131.25,131.0,1.9090909090909092,bet365,0.5509379912973921,116.0,-1,337.464589000292,-337.464589000292,straight,,
2024-02-17,L297052,East Tennessee State Buccaneers,Western Carolina Catamounts,OVER,138.5,137.0,1.847457627118644,draftkings,0.57460364913087,135.0,-1,337.464589000292,-337.464589000292,straight,,
2024-02-17,L297071,Lafayette Leopards,American Eagles,OVER,126.0,125.5,1.9090909090909092,betmgm,0.5528464941613382,130.0,1,337.464589000292,306.7859900002655,straight,,
2024-02-17,L297085,Delaware State Hornets,Coppin State Eagles,OVER,129.0,128.0,1.8695652173913042,draftkings,0.6287840199771744,122.0,-1,337.464589000292,-337.464589000292,straight,,
2024-02-17,L297086,South Carolina State Bulldogs,Norfolk State Spartans,OVER,139.25,138.5,1.9090909090909092,bet_rivers_co,0.5557195714131649,138.0,-1,337.464589000292,-337.464589000292,straight,,
2024-02-17,L297087,Kansas Jayhawks,Oklahoma Sooners,OVER,142.5,142.5,1.9090909090909092,betmgm,0.5500943610351507,124.0,-1,337.464589000292,-337.464589000292,straight,,
2024-02-17,L297088,Cincinnati Bearcats,UCF Knights,OVER,135.0,134.0,1.9090909090909092,draftkings,0.5587312998305332,150.0,1,337.464589000292,306.7859900002655,straight,,
2024-02-17,L296991,Gardner-Webb Runnin' Bulldogs,USC Upstate Spartans,OVER,143.5,143.5,1.9090909090909092,bet365,0.55971142752686,138.0,-1,337.464589000292,-337.464589000292,straight,,
2024-02-17,L297058,Western Illinois Leathernecks,Tennessee State Tigers,OVER,130.5,129.5,1.9523809523809523,betmgm,0.5598642495273223,129.0,-1,337.464589000292,-337.464589000292,straight,,
2024-02-17,L297059,Lindenwood Lions,Eastern Illinois Panthers,OVER,130.5,130.0,1.9803921568627452,draftkings,0.5890025120689735,129.0,-1,337.464589000292,-337.464589000292,straight,,
2024-02-17,L297081,Maryland-Eastern Shore Hawks,Morgan State Bears,OVER,142.0,139.5,1.8695652173913042,draftkings,0.5867421263551947,135.0,-1,337.464589000292,-337.464589000292,straight,,
2024-02-17,L297090,Houston Christian Huskies,Southeastern Louisiana Lions,OVER,142.5,142.5,1.9090909090909092,bet365,0.5926070816392864,159.0,1,337.464589000292,306.7859900002655,straight,,
2024-02-17,L297091,East Texas A&M Lions,Texas A&M-Corpus Christi Islanders,OVER,134.5,134.0,1.9090909090909092,bet365,0.6155966722232974,149.0,1,337.464589000292,306.7859900002655,straight,,
2024-02-17,L297093,Southeast Missouri State Redhawks,SIU Edwardsville Cougars,OVER,141.0,139.5,1.8695652173913042,draftkings,0.5687755500679198,156.0,1,337.464589000292,293.447468695906,straight,,
2024-02-17,L297012,Arkansas-Pine Bluff Golden Lions,Alabama State Hornets,OVER,147.5,147.5,1.9090909090909092,bet365,0.5810716982802108,154.0,1,337.464589000292,306.7859900002655,straight,,
2024-02-17,L297011,Illinois Fighting Illini,Maryland Terrapins,OVER,139.0,138.5,1.9090909090909092,draftkings,0.569349296252395,165.0,1,337.464589000292,306.7859900002655,straight,,
2024-02-17,L297095,Syracuse Orange,Georgia Tech Yellow Jackets,OVER,149.5,147.5,1.8695652173913042,fanduel,0.555774687243598,125.0,-1,337.464589000292,-337.464589000292,straight,,
2024-02-17,L296984,Georgia Southern Eagles,James Madison Dukes,OVER,151.25,151.0,1.9090909090909092,bet365,0.5623933421171872,167.0,1,337.464589000292,306.7859900002655,straight,,
2024-02-17,L297096,Grambling State Tigers,Texas Southern Tigers,OVER,132.5,132.0,1.9090909090909092,caesars,0.5599538881077541,129.0,-1,337.464589000292,-337.464589000292,straight,,
2024-02-17,L297098,Brown Bears,Penn Quakers,OVER,138.5,138.5,1.9090909090909092,betmgm,0.5691418325070045,135.0,-1,337.464589000292,-337.464589000292,straight,,
2024-02-17,L297102,Dartmouth Big Green,Cornell Big Red,OVER,141.0,140.5,1.9090909090909092,bet365,0.5933396054331513,169.0,1,337.464589000292,306.7859900002655,straight,,
2024-02-17,L297029,Florida A&M Rattlers,Jackson State Tigers,OVER,143.5,143.0,1.9090909090909092,bet365,0.5733584502158099,132.0,-1,337.464589000292,-337.464589000292,straight,,
2024-02-17,L297105,Southern University Jaguars,Prairie View A&M Panthers,OVER,142.5,142.5,1.9090909090909092,bet365,0.5670155519181048,148.0,1,337.464589000292,306.7859900002655,straight,,
2024-02-17,L297043,Western Michigan Broncos,Central Michigan Chippewas,OVER,134.5,134.0,1.8695652173913042,draftkings,0.6084244503086026,111.0,-1,337.464589000292,-337.464589000292,straight,,
2024-02-17,L297110,DePaul Blue Demons,Providence Friars,OVER,141.0,139.5,1.9090909090909092,fanduel,0.5592737467018482,151.0,1,337.464589000292,306.7859900002655,straight,,
2024-02-17,L297111,North Carolina State Wolfpack,Clemson Tigers,OVER,146.0,144.5,1.8695652173913042,fanduel,0.5646864309580081,155.0,1,337.464589000292,293.447468695906,straight,,
2024-02-17,L297106,Yale Bulldogs,Princeton Tigers,OVER,137.5,137.5,1.9090909090909092,fanduel,0.5705857694048028,135.0,-1,337.464589000292,-337.464589000292,straight,,
2024-02-17,L298180,California Golden Bears,Washington Huskies,OVER,155.5,154.5,1.9090909090909092,bet365,0.5612714667965532,162.0,1,337.464589000292,306.7859900002655,straight,,
2024-02-17,L297113,South Dakota Coyotes,St. Thomas Tommies,OVER,145.5,143.5,1.8695652173913042,draftkings,0.5655412185545299,163.0,1,337.464589000292,293.447468695906,straight,,
2024-02-17,L297008,Utah Valley Wolverines,Southern Utah Thunderbirds,OVER,147.0,145.5,1.847457627118644,draftkings,0.5555131162434676,153.0,1,337.464589000292,285.9869398307559,straight,,
2024-02-17,L297034,Pacific Tigers,Gonzaga Bulldogs,OVER,152.5,152.5,1.9174311926605505,bet_rivers_co,0.568491811311178,178.0,1,337.464589000292,309.6005403672404,straight,,
2024-02-17,L298181,Arizona State Sun Devils,Arizona Wildcats,OVER,156.5,154.5,1.9090909090909092,fanduel,0.597335241119984,165.0,1,337.464589000292,306.7859900002655,straight,,
2024-02-17,L297117,Cal State Bakersfield Roadrunners,UC Irvine Anteaters,OVER,135.5,135.5,1.9090909090909092,betmgm,0.5622937472531602,148.0,1,337.464589000292,306.7859900002655,straight,,
2024-02-18,,Rutgers Scarlet Knights,Minnesota Golden Gophers,OVER,131.5,127.5,1.5790962384482952,,0.679841779518055,151.0,1,336.9245568373528,511.95444908697795,2.5+ card leg 1,2.5194928321420016,1.0
2024-02-18,,Murray State Racers,Drake Bulldogs,OVER,139.25,135.5,1.595528360334637,,0.6501798121248772,167.0,1,,,2.5+ card leg 2,2.5194928321420016,1.0
2024-02-18,L297128,Rutgers Scarlet Knights,Minnesota Golden Gophers,OVER,131.5,130.0,1.8333333333333335,draftkings,0.5781272390391123,151.0,1,336.9245568373528,280.77046403112735,straight,,
2024-02-19,,Coppin State Eagles,Maryland-Eastern Shore Hawks,OVER,126.5,124.5,1.7224532897933247,,0.6556041312834913,142.0,1,344.8518059685339,-344.8518059685339,2.5+ card leg 1,2.516848529680947,0.0
2024-02-19,,Mississippi Valley State Delta Devils,Alabama State Hornets,OVER,128.5,122.5,1.4611998738049616,,0.7326384084318812,107.0,-1,,,2.5+ card leg 2,2.516848529680947,0.0
2024-02-19,L297138,Colgate Raiders,Lafayette Leopards,OVER,131.5,131.5,1.8695652173913042,betmgm,0.5832538460094993,129.0,-1,344.8518059685339,-344.8518059685339,straight,,
2024-02-19,L297146,Morgan State Bears,Delaware State Hornets,OVER,143.5,143.5,1.9090909090909092,betmgm,0.5806676187028119,138.0,-1,344.8518059685339,-344.8518059685339,straight,,
2024-02-19,L297148,Coppin State Eagles,Maryland-Eastern Shore Hawks,OVER,126.5,126.0,1.9090909090909092,bet365,0.6041423258317605,142.0,1,344.8518059685339,313.5016417895763,straight,,
2024-02-19,L297153,Mississippi Valley State Delta Devils,Alabama State Hornets,OVER,128.5,127.5,1.8333333333333335,fanduel,0.5813375669892836,107.0,-1,344.8518059685339,-344.8518059685339,straight,,
2024-02-20,,Bowling Green Falcons,Central Michigan Chippewas,OVER,137.25,135.5,1.7424039832773655,,0.6541365437236617,122.0,-1,334.1927501476883,-334.1927501476883,2.5+ card leg 1,2.5006809825233347,0.0
2024-02-20,,Butler Bulldogs,Villanova Wildcats,OVER,140.0,133.5,1.4351901203874042,,0.7386404932472213,134.0,1,,,2.5+ card leg 2,2.5006809825233347,0.0
2024-02-20,L297170,Butler Bulldogs,Villanova Wildcats,OVER,140.0,140.0,1.9090909090909092,bet365,0.5751053974513733,134.0,-1,334.1927501476883,-334.1927501476883,straight,,
2024-02-20,L297176,Fordham Rams,Davidson Wildcats,OVER,138.0,137.5,1.9090909090909092,fanduel,0.5572302734657993,121.0,-1,334.1927501476883,-334.1927501476883,straight,,
2024-02-20,L297168,Bowling Green Falcons,Central Michigan Chippewas,OVER,137.25,135.5,1.9090909090909092,fanduel,0.6049156386924541,122.0,-1,334.1927501476883,-334.1927501476883,straight,,
2024-02-21,,Lehigh Mountain Hawks,Army Black Knights,OVER,130.5,124.5,1.4611998738049616,,0.7509559475122396,139.0,1,320.82504014178073,-320.82504014178073,2.5+ card leg 1,2.516848529680947,0.0
2024-02-21,,George Washington Revolutionaries,Saint Joseph's Hawks,OVER,157.5,155.5,1.7224532897933247,,0.6414807556543282,154.0,-1,,,2.5+ card leg 2,2.516848529680947,0.0
2024-02-21,L297183,Lehigh Mountain Hawks,Army Black Knights,OVER,130.5,129.5,1.9090909090909092,betmgm,0.6114558753272917,139.0,1,320.82504014178073,291.6591274016189,straight,,
2024-02-21,L297206,Western Carolina Catamounts,UNC Greensboro Spartans,OVER,138.0,137.5,1.9090909090909092,betmgm,0.5797161786012215,136.0,-1,320.82504014178073,-320.82504014178073,straight,,
2024-02-21,L297195,Charleston Southern Buccaneers,USC Upstate Spartans,OVER,140.5,139.0,1.9090909090909092,draftkings,0.5534810797097622,123.0,-1,320.82504014178073,-320.82504014178073,straight,,
2024-02-21,L297201,George Washington Revolutionaries,Saint Joseph's Hawks,OVER,157.5,157.5,1.9090909090909092,betmgm,0.5947996593558244,154.0,-1,320.82504014178073,-320.82504014178073,straight,,
2024-02-21,L297202,Bucknell Bison,Holy Cross Crusaders,OVER,134.0,134.0,1.9523809523809523,bet365,0.5791816114550622,132.0,-1,320.82504014178073,-320.82504014178073,straight,,
2024-02-21,L297205,VMI Keydets,East Tennessee State Buccaneers,OVER,147.5,147.5,1.9174311926605505,bet_rivers_co,0.58542097906821,151.0,1,320.82504014178073,294.3348992126429,straight,,
2024-02-21,L297209,James Madison Dukes,Marshall Thundering Herd,OVER,155.0,154.5,1.9090909090909092,betmgm,0.5674891077740911,142.0,-1,320.82504014178073,-320.82504014178073,straight,,
2024-02-21,L297214,Notre Dame Fighting Irish,Louisville Cardinals,OVER,134.75,134.5,1.9523809523809523,fanduel,0.5505764806901892,122.0,-1,320.82504014178073,-320.82504014178073,straight,,
2024-02-21,L297215,Clemson Tigers,Georgia Tech Yellow Jackets,OVER,145.5,144.5,1.9090909090909092,betmgm,0.5664416169731182,138.0,-1,320.82504014178073,-320.82504014178073,straight,,
2024-02-21,L297216,Oklahoma State Cowboys,Cincinnati Bearcats,OVER,139.25,138.5,1.9090909090909092,betmgm,0.5745484538687491,156.0,1,320.82504014178073,291.6591274016189,straight,,
2024-02-21,L297222,Middle Tennessee Blue Raiders,Jacksonville State Gamecocks,OVER,130.5,130.5,1.9090909090909092,betmgm,0.5702966115517805,144.0,1,320.82504014178073,291.6591274016189,straight,,
2024-02-21,L297198,Providence Friars,Xavier Musketeers,OVER,149.5,147.5,1.8695652173913042,fanduel,0.557751366868606,154.0,1,320.82504014178073,278.97829577546145,straight,,
2024-02-21,L297196,Nebraska Cornhuskers,Indiana Hoosiers,OVER,146.25,145.5,1.8333333333333335,fanduel,0.5504047834459694,155.0,1,320.82504014178073,267.3542001181507,straight,,
2024-02-21,L297184,Tulsa Golden Hurricane,Wichita State Shockers,OVER,146.0,145.5,1.9090909090909092,betmgm,0.5776063284117504,142.0,-1,320.82504014178073,-320.82504014178073,straight,,
2024-02-22,,Appalachian State Mountaineers,Old Dominion Monarchs,OVER,142.75,141.5,1.7837737545416157,,0.6419076648027195,149.0,1,309.1072343021316,-309.1072343021316,2.5+ card leg 1,2.5159108414683544,0.0
2024-02-22,,UT Rio Grande Valley Vaqueros,Utah Valley Wolverines,OVER,147.5,140.5,1.4104427958213115,,0.7657174999055845,129.0,-1,,,2.5+ card leg 2,2.5159108414683544,0.0
2024-02-22,L297229,North Carolina A&T Aggies,Stony Brook Seawolves,OVER,138.5,138.5,1.9090909090909092,betmgm,0.5879461071989548,144.0,1,309.1072343021316,281.00657663830145,straight,,
2024-02-22,L297252,Binghamton Bearcats,UMass Lowell River Hawks,OVER,143.5,143.5,1.9090909090909092,betmgm,0.5642328980786302,167.0,1,309.1072343021316,281.00657663830145,straight,,
2024-02-22,L297230,Monmouth Hawks,Towson Tigers,OVER,133.0,133.0,1.9090909090909092,bet365,0.5539344017339382,141.0,1,309.1072343021316,281.00657663830145,straight,,
2024-02-22,L297233,Drexel Dragons,Hofstra Pride,OVER,135.0,133.5,1.8695652173913042,fanduel,0.5517630148500102,126.0,-1,309.1072343021316,-309.1072343021316,straight,,
2024-02-22,L297234,Rutgers Scarlet Knights,Purdue Boilermakers,OVER,139.0,139.0,1.925925925925926,draftkings,0.5691525566831033,164.0,1,309.1072343021316,286.21040213160336,straight,,
2024-02-22,L297239,Le Moyne Dolphins,LIU Sharks,OVER,148.5,148.0,1.9090909090909092,draftkings,0.5692603251503332,140.0,-1,309.1072343021316,-309.1072343021316,straight,,
2024-02-22,L297240,Central Connecticut State Blue Devils,Wagner Seahawks,OVER,125.0,124.5,1.8771929824561404,fanduel,0.5626460251431222,145.0,1,309.1072343021316,271.1466967562558,straight,,
2024-02-22,L297241,St. Francis (PA) Red Flash,Merrimack Warriors,OVER,134.0,133.0,1.9090909090909092,bet_rivers_co,0.5563406361444638,131.0,-1,309.1072343021316,-309.1072343021316,straight,,
2024-02-22,L297253,Vermont Catamounts,University at Albany Great Danes,OVER,145.5,144.5,1.9090909090909092,betmgm,0.5764156573480789,174.0,1,309.1072343021316,281.00657663830145,straight,,
2024-02-22,L297257,North Alabama Lions,Eastern Kentucky Colonels,OVER,154.5,154.5,1.925925925925926,draftkings,0.5505276216839229,147.0,-1,309.1072343021316,-309.1072343021316,straight,,
2024-02-22,L297262,Liberty Flames,Florida International Panthers,OVER,141.0,140.5,1.9090909090909092,bet365,0.5592148603029756,147.0,1,309.1072343021316,281.00657663830145,straight,,
2024-02-22,L297272,Appalachian State Mountaineers,Old Dominion Monarchs,OVER,142.75,141.5,1.9433962264150944,fanduel,0.5915549457269157,149.0,1,309.1072343021316,291.61059839823736,straight,,
2024-02-22,L297273,NJIT Highlanders,New Hampshire Wildcats,OVER,144.0,142.5,1.8333333333333335,draftkings,0.5653364747114203,161.0,1,309.1072343021316,257.58936191844305,straight,,
2024-02-22,L297246,Little Rock Trojans,Southeast Missouri State Redhawks,OVER,149.5,148.5,1.9090909090909092,bet_rivers_co,0.5636110321951335,144.0,-1,309.1072343021316,-309.1072343021316,straight,,
2024-02-22,L297255,St. Thomas Tommies,North Dakota State Bison,OVER,137.5,137.5,1.9523809523809523,betmgm,0.5675475515096214,114.0,-1,309.1072343021316,-309.1072343021316,straight,,
2024-02-22,L297258,UT Rio Grande Valley Vaqueros,Utah Valley Wolverines,OVER,147.5,147.5,1.9090909090909092,betmgm,0.602524962350384,129.0,-1,309.1072343021316,-309.1072343021316,straight,,
2024-02-22,L297267,Idaho Vandals,Northern Colorado Bears,OVER,144.75,142.5,1.9090909090909092,betmgm,0.5539255887248835,138.0,-1,309.1072343021316,-309.1072343021316,straight,,
2024-02-22,L297247,Eastern Illinois Panthers,Tennessee State Tigers,OVER,136.0,134.5,1.8928571428571428,fanduel,0.55981064429564,151.0,1,309.1072343021316,275.9886020554746,straight,,
2024-02-22,L297278,SIU Edwardsville Cougars,Tennessee Tech Golden Eagles,OVER,136.25,135.0,1.9090909090909092,bet365,0.5737132336589696,155.0,1,309.1072343021316,281.00657663830145,straight,,
2024-02-22,L297279,Tennessee-Martin Skyhawks,Lindenwood Lions,OVER,148.5,148.5,1.9090909090909092,betmgm,0.5730123942500137,188.0,1,309.1072343021316,281.00657663830145,straight,,
2024-02-22,L297238,Gonzaga Bulldogs,Portland Pilots,OVER,159.5,159.5,1.9174311926605505,bet_rivers_co,0.5653891570338333,151.0,-1,309.1072343021316,-309.1072343021316,straight,,
2024-02-22,L298187,Washington Huskies,Arizona State Sun Devils,OVER,153.75,152.5,1.8695652173913042,fanduel,0.5503706369964603,166.0,1,309.1072343021316,268.78889939315786,straight,,
2024-02-22,L297261,Stephen F. Austin Lumberjacks,Seattle Redhawks,OVER,140.0,139.5,1.9090909090909092,betmgm,0.5651954828248594,118.0,-1,309.1072343021316,-309.1072343021316,straight,,
2024-02-22,L297265,Cal State Bakersfield Roadrunners,Long Beach State Beach,OVER,145.0,144.5,1.9090909090909092,fanduel,0.5539420590800243,145.0,1,309.1072343021316,281.00657663830145,straight,,
2024-02-22,L297283,UC San Diego Tritons,UC Riverside Highlanders,OVER,140.0,139.5,1.9090909090909092,fanduel,0.5625085325153945,142.0,1,309.1072343021316,281.00657663830145,straight,,
2024-02-22,L298188,Oregon State Beavers,California Golden Bears,OVER,138.5,138.5,1.9090909090909092,bet365,0.567684459413678,154.0,1,309.1072343021316,281.00657663830145,straight,,
2024-02-22,L298190,Washington State Cougars,Arizona Wildcats,OVER,150.25,150.0,1.9090909090909092,bet365,0.5702314771455713,151.0,1,309.1072343021316,281.00657663830145,straight,,
2024-02-23,,Penn Quakers,Dartmouth Big Green,OVER,131.0,128.5,1.68396673857181,,0.656405555829174,151.0,1,322.529507565642,-322.529507565642,2.5+ card leg 1,2.506637964661862,0.0
2024-02-23,,Marist Red Foxes,Manhattan Jaspers,OVER,134.0,128.5,1.4885317549607708,,0.6899882072838877,107.0,-1,,,2.5+ card leg 2,2.506637964661862,0.0
2024-02-23,L297291,Saint Peter's Peacocks,Mount St. Mary's Mountaineers,OVER,130.5,130.0,1.9090909090909092,caesars,0.5543098250885795,135.0,1,322.529507565642,293.2086432414928,straight,,
2024-02-23,L297347,Toledo Rockets,Bowling Green Falcons,OVER,156.5,155.5,1.9090909090909092,bet_rivers_co,0.5520228872554738,144.0,-1,322.529507565642,-322.529507565642,straight,,
2024-02-23,L297295,Penn Quakers,Dartmouth Big Green,OVER,131.0,131.0,1.9090909090909092,bet365,0.5823113681254847,151.0,1,322.529507565642,293.2086432414928,straight,,
2024-02-23,L297287,Youngstown State Penguins,Milwaukee Panthers,OVER,158.5,158.5,1.9090909090909092,betmgm,0.5671813276307436,164.0,1,322.529507565642,293.2086432414928,straight,,
2024-02-23,L297285,Duquesne Dukes,Fordham Rams,OVER,139.5,139.5,1.9090909090909092,betmgm,0.5545928956155283,146.0,1,322.529507565642,293.2086432414928,straight,,
2024-02-24,,Western Carolina Catamounts,VMI Keydets,OVER,152.5,150.5,1.7224532897933247,,0.6806365581640824,135.0,-1,327.80726314398885,-327.80726314398885,2.5+ card leg 1,2.516848529680947,0.0
2024-02-24,,Central Michigan Chippewas,Miami (OH) RedHawks,OVER,130.5,124.5,1.4611998738049616,,0.7633642133360059,148.0,1,,,2.5+ card leg 2,2.516848529680947,0.0
2024-02-24,L297384,Notre Dame Fighting Irish,Syracuse Orange,OVER,132.5,130.5,1.9090909090909092,fanduel,0.6175345335752433,173.0,1,327.80726314398885,298.00660285817173,straight,,
2024-02-24,L297314,William & Mary Tribe,Stony Brook Seawolves,OVER,139.5,139.0,1.9090909090909092,caesars,0.5503085639734134,137.0,-1,327.80726314398885,-327.80726314398885,straight,,
2024-02-24,L297356,Western Carolina Catamounts,VMI Keydets,OVER,152.5,152.5,1.9090909090909092,betmgm,0.6325495963165068,135.0,-1,327.80726314398885,-327.80726314398885,straight,,
2024-02-24,L297365,Central Arkansas Bears,Eastern Kentucky Colonels,OVER,151.5,151.5,1.9090909090909092,bet365,0.6054291385021751,177.0,1,327.80726314398885,298.00660285817173,straight,,
2024-02-24,L297386,Vanderbilt Commodores,Florida Gators,OVER,153.0,152.5,1.9090909090909092,betmgm,0.5554761798577418,141.0,-1,327.80726314398885,-327.80726314398885,straight,,
2024-02-24,L297300,Lehigh Mountain Hawks,Lafayette Leopards,OVER,138.5,136.0,1.8928571428571428,draftkings,0.5903191020837751,134.0,-1,327.80726314398885,-327.80726314398885,straight,,
2024-02-24,L297315,North Carolina A&T Aggies,Monmouth Hawks,OVER,142.5,142.5,1.9090909090909092,bet365,0.5619088412277684,150.0,1,327.80726314398885,298.00660285817173,straight,,
2024-02-24,L298193,Washington Huskies,Arizona Wildcats,OVER,167.5,166.5,1.9090909090909092,betmgm,0.5794465419324917,166.0,-1,327.80726314398885,-327.80726314398885,straight,,
2024-02-24,L297343,St. Francis (PA) Red Flash,Stonehill Skyhawks,OVER,134.0,133.5,1.8333333333333335,fanduel,0.5602598008968627,135.0,1,327.80726314398885,273.1727192866574,straight,,
2024-02-24,L297344,Texas State Bobcats,Georgia State Panthers,OVER,139.0,137.5,1.9090909090909092,fanduel,0.5582951569905074,127.0,-1,327.80726314398885,-327.80726314398885,straight,,
2024-02-24,L297357,North Dakota Fighting Hawks,North Dakota State Bison,OVER,141.5,141.0,1.9523809523809523,draftkings,0.5638470944391466,141.0,0,327.80726314398885,0.0,straight,,
2024-02-24,L297366,Wofford Terriers,Furman Paladins,OVER,148.25,148.0,1.9090909090909092,bet365,0.5545539068817559,149.0,1,327.80726314398885,298.00660285817173,straight,,
2024-02-24,L297393,Eastern Michigan Eagles,Ball State Cardinals,OVER,142.5,142.0,1.8695652173913042,bet365,0.554514485179437,114.0,-1,327.80726314398885,-327.80726314398885,straight,,
2024-02-24,L297394,Oral Roberts Golden Eagles,South Dakota Coyotes,OVER,153.5,153.0,1.9090909090909092,draftkings,0.56593161547015,153.0,0,327.80726314398885,0.0,straight,,
2024-02-24,L297354,Buffalo Bulls,Western Michigan Broncos,OVER,144.5,144.0,1.8695652173913042,draftkings,0.5854253007259623,163.0,1,327.80726314398885,285.04979403825115,straight,,
2024-02-24,L297326,George Washington Revolutionaries,Saint Louis Billikens,OVER,163.5,163.5,1.9090909090909092,betmgm,0.562505792004195,187.0,1,327.80726314398885,298.00660285817173,straight,,
2024-02-24,L297397,Cincinnati Bearcats,TCU Horned Frogs,OVER,146.5,144.5,1.9090909090909092,bet_rivers_co,0.5684468927522803,132.0,-1,327.80726314398885,-327.80726314398885,straight,,
2024-02-24,L297349,Central Michigan Chippewas,Miami (OH) RedHawks,OVER,130.5,130.5,1.9090909090909092,bet365,0.6273611425020718,148.0,1,327.80726314398885,298.00660285817173,straight,,
2024-02-24,L297299,North Carolina Tar Heels,Virginia Cavaliers,OVER,130.0,129.5,1.9090909090909092,draftkings,0.5886828774808432,98.0,-1,327.80726314398885,-327.80726314398885,straight,,
2024-02-24,L297305,UTSA Roadrunners,North Texas Mean Green,OVER,137.5,137.0,1.9523809523809523,draftkings,0.56054049570354,126.0,-1,327.80726314398885,-327.80726314398885,straight,,
2024-02-24,L297334,Eastern Illinois Panthers,Tennessee Tech Golden Eagles,OVER,131.5,131.5,1.9090909090909092,betmgm,0.599387650597192,142.0,1,327.80726314398885,298.00660285817173,straight,,
2024-02-24,L297359,East Texas A&M Lions,Nicholls State Colonels,OVER,135.0,133.5,1.9090909090909092,draftkings,0.6026989465263465,155.0,1,327.80726314398885,298.00660285817173,straight,,
2024-02-24,L297369,Stephen F. Austin Lumberjacks,Utah Valley Wolverines,OVER,137.0,136.5,1.8695652173913042,fanduel,0.5944903926359929,133.0,-1,327.80726314398885,-327.80726314398885,straight,,
2024-02-24,L297403,Alabama State Hornets,Florida A&M Rattlers,OVER,136.5,136.0,1.9090909090909092,draftkings,0.6083805192669905,138.0,1,327.80726314398885,298.00660285817173,straight,,
2024-02-24,L297407,Delaware State Hornets,South Carolina State Bulldogs,OVER,137.5,137.5,1.9090909090909092,bet365,0.5828984479947825,131.0,-1,327.80726314398885,-327.80726314398885,straight,,
2024-02-24,L297408,Maryland-Eastern Shore Hawks,North Carolina Central Eagles,OVER,136.0,135.5,1.8333333333333335,fanduel,0.5729850910392622,143.0,1,327.80726314398885,273.1727192866574,straight,,
2024-02-24,L297411,Norfolk State Spartans,Coppin State Eagles,OVER,131.0,130.5,1.8333333333333335,fanduel,0.5799412605877104,134.0,1,327.80726314398885,273.1727192866574,straight,,
2024-02-24,L297425,UC Irvine Anteaters,UC San Diego Tritons,OVER,142.5,141.5,1.9090909090909092,fanduel,0.5706598767315134,180.0,1,327.80726314398885,298.00660285817173,straight,,
2024-02-24,L297332,Little Rock Trojans,Lindenwood Lions,OVER,144.5,143.5,1.9090909090909092,draftkings,0.5512246008179962,155.0,1,327.80726314398885,298.00660285817173,straight,,
2024-02-24,L297358,UNC Greensboro Spartans,Mercer Bears,OVER,136.5,136.5,1.9090909090909092,betmgm,0.5556916874490654,158.0,1,327.80726314398885,298.00660285817173,straight,,
2024-02-24,L297413,New Orleans Privateers,Southeastern Louisiana Lions,OVER,147.5,147.5,1.925925925925926,draftkings,0.5706665997302829,144.0,-1,327.80726314398885,-327.80726314398885,straight,,
2024-02-24,L297330,Tennessee-Martin Skyhawks,Southeast Missouri State Redhawks,OVER,155.0,154.5,1.847457627118644,fanduel,0.5822168959095307,154.0,-1,327.80726314398885,-327.80726314398885,straight,,
2024-02-24,L297325,Davidson Wildcats,Richmond Spiders,OVER,133.5,131.5,1.9090909090909092,fanduel,0.5899253854539949,129.0,-1,327.80726314398885,-327.80726314398885,straight,,
2024-02-24,L297335,Princeton Tigers,Dartmouth Big Green,OVER,132.0,132.0,1.9090909090909092,bet365,0.5921366545005471,124.0,-1,327.80726314398885,-327.80726314398885,straight,,
2024-02-24,L297350,Appalachian State Mountaineers,Marshall Thundering Herd,OVER,146.5,144.5,1.9090909090909092,fanduel,0.6291942268759331,123.0,-1,327.80726314398885,-327.80726314398885,straight,,
2024-02-24,L297373,UT Rio Grande Valley Vaqueros,Seattle Redhawks,OVER,146.5,146.5,1.9174311926605505,bet_rivers_co,0.5845162371797211,140.0,-1,327.80726314398885,-327.80726314398885,straight,,
2024-02-24,L297375,Jacksonville State Gamecocks,Florida International Panthers,OVER,139.0,139.0,1.9090909090909092,bet365,0.5573104487907155,152.0,1,327.80726314398885,298.00660285817173,straight,,
2024-02-24,L297415,Auburn Tigers,Georgia Bulldogs,OVER,150.25,149.5,1.9090909090909092,draftkings,0.555201247467249,173.0,1,327.80726314398885,298.00660285817173,straight,,
2024-02-24,L297418,Yale Bulldogs,Columbia Lions,OVER,140.5,140.5,1.9090909090909092,betmgm,0.5782911100179509,160.0,1,327.80726314398885,298.00660285817173,straight,,
2024-02-24,L297416,Texas Longhorns,Kansas Jayhawks,OVER,144.5,143.0,1.9090909090909092,bet365,0.5517177751879178,153.0,1,327.80726314398885,298.00660285817173,straight,,
2024-02-24,L297339,Texas A&M-Corpus Christi Islanders,Lamar Cardinals,OVER,144.5,144.5,1.9090909090909092,bet365,0.559481414166016,136.0,-1,327.80726314398885,-327.80726314398885,straight,,
2024-02-24,L297421,Bryant Bulldogs,Vermont Catamounts,OVER,145.5,144.0,1.9090909090909092,draftkings,0.6130623879078332,113.0,-1,327.80726314398885,-327.80726314398885,straight,,
2024-02-24,L297424,Texas Southern Tigers,Mississippi Valley State Delta Devils,OVER,131.0,130.5,1.9090909090909092,draftkings,0.5545242973133692,125.0,-1,327.80726314398885,-327.80726314398885,straight,,
2024-02-24,L297374,Western Kentucky Hilltoppers,Middle Tennessee Blue Raiders,OVER,149.0,147.5,1.9090909090909092,draftkings,0.5680876417090805,146.0,-1,327.80726314398885,-327.80726314398885,straight,,
2024-02-24,L297308,UIC Flames,Indiana State Sycamores,OVER,151.5,150.0,1.9090909090909092,draftkings,0.5615764317499373,161.0,1,327.80726314398885,298.00660285817173,straight,,
2024-02-24,L298192,Washington State Cougars,Arizona State Sun Devils,OVER,137.5,136.5,1.9090909090909092,fanduel,0.5843973805877952,134.0,-1,327.80726314398885,-327.80726314398885,straight,,
2024-02-24,L297428,Villanova Wildcats,UConn Huskies,OVER,133.0,131.5,1.9174311926605505,bet_rivers_co,0.5501035000110063,132.0,1,327.80726314398885,300.7406083889806,straight,,
2024-02-24,L297430,Butler Bulldogs,Seton Hall Pirates,OVER,143.5,143.5,1.9090909090909092,bet365,0.5626634694903069,140.0,-1,327.80726314398885,-327.80726314398885,straight,,
2024-02-24,L298196,Utah Utes,Colorado Buffaloes,OVER,151.5,151.5,1.9090909090909092,betmgm,0.5533685477621475,154.0,1,327.80726314398885,298.00660285817173,straight,,
2024-02-24,L297432,Portland State Vikings,Montana Grizzlies,OVER,143.5,143.5,1.9090909090909092,betmgm,0.5538849258024439,155.0,1,327.80726314398885,298.00660285817173,straight,,
2024-02-24,L298191,USC Trojans,UCLA Bruins,OVER,133.0,130.5,1.8695652173913042,fanduel,0.5750909041258528,118.0,-1,327.80726314398885,-327.80726314398885,straight,,
2024-02-24,L297338,San Diego Toreros,Saint Mary's Gaels,OVER,138.5,135.5,1.8695652173913042,fanduel,0.5685986007232415,150.0,1,327.80726314398885,285.04979403825115,straight,,
2024-02-24,L297377,UC Riverside Highlanders,Cal Poly Mustangs,OVER,130.25,130.0,1.9090909090909092,bet365,0.5711814700820691,162.0,1,327.80726314398885,298.00660285817173,straight,,
2024-02-25,,Army Black Knights,Bucknell Bison,OVER,123.5,117.5,1.4611998738049616,,0.7522810884336532,95.0,-1,319.08227884144065,-319.08227884144065,2.5+ card leg 1,2.516848529680947,0.0
2024-02-25,,Temple Owls,Wichita State Shockers,OVER,142.5,140.5,1.7224532897933247,,0.6483787203537409,138.0,-1,,,2.5+ card leg 2,2.516848529680947,0.0
2024-02-25,L297341,LIU Sharks,Wagner Seahawks,OVER,131.0,131.0,1.9523809523809523,bet365,0.5649824692755246,129.0,-1,319.08227884144065,-319.08227884144065,straight,,
2024-02-25,L297442,Maryland Terrapins,Rutgers Scarlet Knights,OVER,129.0,127.5,1.8695652173913042,fanduel,0.5581092599001943,109.0,-1,319.08227884144065,-319.08227884144065,straight,,
2024-02-25,L297328,Army Black Knights,Bucknell Bison,OVER,123.5,123.5,1.8695652173913042,betmgm,0.6090211206047833,95.0,-1,319.08227884144065,-319.08227884144065,straight,,
2024-02-25,L297434,Temple Owls,Wichita State Shockers,OVER,142.5,142.5,1.9523809523809523,draftkings,0.5994816376748154,138.0,-1,319.08227884144065,-319.08227884144065,straight,,
2024-02-26,,Delaware State Hornets,North Carolina Central Eagles,OVER,138.75,137.5,1.8695652173913042,,0.5834725043788062,174.0,1,303.1281648993686,-303.1281648993686,2.5+ card leg 1,2.636914792187669,0.0
2024-02-26,,Maryland-Eastern Shore Hawks,South Carolina State Bulldogs,OVER,135.5,128.5,1.4104427958213115,,0.7280234949282572,120.0,-1,,,2.5+ card leg 2,2.636914792187669,0.0
2024-02-26,L297468,Maryland-Eastern Shore Hawks,South Carolina State Bulldogs,OVER,135.5,135.0,1.8928571428571428,draftkings,0.5560552508622933,120.0,-1,303.1281648993686,-303.1281648993686,straight,,
2024-02-26,L297456,Texas Southern Tigers,Arkansas-Pine Bluff Golden Lions,OVER,147.5,146.5,1.8695652173913042,fanduel,0.5531960172795314,147.0,1,303.1281648993686,263.58970860814657,straight,,
2024-02-27,,Ball State Cardinals,Central Michigan Chippewas,OVER,134.25,131.5,1.6654101023242012,,0.6576244648766502,150.0,1,299.70149868746273,450.3414096775244,2.5+ card leg 1,2.502633158825653,1.0
2024-02-27,,Wake Forest Demon Deacons,Notre Dame Fighting Irish,OVER,134.75,129.5,1.5027128485248444,,0.7122707285346205,135.0,1,,,2.5+ card leg 2,2.502633158825653,1.0
2024-02-27,L297483,Ball State Cardinals,Central Michigan Chippewas,OVER,134.25,133.5,1.8695652173913042,fanduel,0.5822447053930326,150.0,1,299.70149868746273,260.60999885866323,straight,,
2024-02-27,L297485,Miami (OH) RedHawks,Bowling Green Falcons,OVER,144.0,143.5,1.9090909090909092,bet365,0.5519883575771127,124.0,-1,299.70149868746273,-299.70149868746273,straight,,
2024-02-27,L297491,Cincinnati Bearcats,Houston Cougars,OVER,132.0,131.5,1.8695652173913042,fanduel,0.5556699529640541,126.0,-1,299.70149868746273,-299.70149868746273,straight,,
2024-02-27,L297499,Wake Forest Demon Deacons,Notre Dame Fighting Irish,OVER,134.75,132.5,1.9090909090909092,betmgm,0.561406823427547,135.0,1,299.70149868746273,272.4559078976934,straight,,
2024-02-28,,Old Dominion Monarchs,Appalachian State Mountaineers,OVER,143.25,139.5,1.595528360334637,,0.7018056304517515,153.0,1,303.54154187805227,461.22919714103165,2.5+ card leg 1,2.5194928321420016,1.0
2024-02-28,,VMI Keydets,UNC Greensboro Spartans,OVER,150.5,146.5,1.5790962384482952,,0.6967745885231713,158.0,1,,,2.5+ card leg 2,2.5194928321420016,1.0
2024-02-28,L297520,American Eagles,Army Black Knights,OVER,120.5,119.5,1.8695652173913042,fanduel,0.5516259520083254,124.0,1,303.54154187805227,263.9491668504802,straight,,
2024-02-28,L297519,Boston University Terriers,Lehigh Mountain Hawks,OVER,138.5,138.5,1.9090909090909092,betmgm,0.5884683867863623,126.0,-1,303.54154187805227,-303.54154187805227,straight,,
2024-02-28,L297540,Old Dominion Monarchs,Appalachian State Mountaineers,OVER,143.25,142.5,1.9523809523809523,fanduel,0.6024730238679851,153.0,1,303.54154187805227,289.08718274100215,straight,,
2024-02-28,L297518,Colgate Raiders,Holy Cross Crusaders,OVER,139.5,139.5,1.9090909090909092,betmgm,0.5600534757621974,135.0,-1,303.54154187805227,-303.54154187805227,straight,,
2024-02-28,L297521,La Salle Explorers,Duquesne Dukes,OVER,141.5,141.5,1.9090909090909092,betmgm,0.5644503388568844,138.0,-1,303.54154187805227,-303.54154187805227,straight,,
2024-02-28,L297526,Furman Paladins,Western Carolina Catamounts,OVER,148.5,148.5,1.9090909090909092,bet365,0.5825174882138527,162.0,1,303.54154187805227,275.9468562527748,straight,,
2024-02-28,L297528,VMI Keydets,UNC Greensboro Spartans,OVER,150.5,150.0,1.8695652173913042,draftkings,0.6016765041121395,158.0,1,303.54154187805227,263.9491668504802,straight,,
2024-02-28,L297535,James Madison Dukes,Georgia State Panthers,OVER,152.5,152.5,1.9090909090909092,bet365,0.5501572955481019,162.0,1,303.54154187805227,275.9468562527748,straight,,
2024-02-28,L297546,Lafayette Leopards,Navy Midshipmen,OVER,130.0,129.0,1.9090909090909092,bet365,0.5508862176715076,120.0,-1,303.54154187805227,-303.54154187805227,straight,,
2024-02-28,L297548,Bucknell Bison,Loyola Maryland Greyhounds,OVER,132.5,131.5,1.9090909090909092,draftkings,0.563913087692126,114.0,-1,303.54154187805227,-303.54154187805227,straight,,
2024-02-28,L297550,Milwaukee Panthers,IU Indy Jaguars,OVER,152.5,152.5,1.9090909090909092,betmgm,0.5594527049156685,145.0,-1,303.54154187805227,-303.54154187805227,straight,,
2024-02-28,L297504,Wichita State Shockers,UAB Blazers,OVER,146.0,145.5,1.9090909090909092,bet_rivers_co,0.568436863529499,140.0,-1,303.54154187805227,-303.54154187805227,straight,,
2024-02-28,L297506,Temple Owls,Rice Owls,OVER,143.75,143.5,1.9090909090909092,betmgm,0.5537512947409547,108.0,-1,303.54154187805227,-303.54154187805227,straight,,
2024-02-28,L297509,Missouri State Bears,Illinois State Redbirds,OVER,135.5,135.5,1.9803921568627452,draftkings,0.5502818814962794,149.0,1,303.54154187805227,297.58974693926694,straight,,
2024-02-28,L297557,Seton Hall Pirates,Creighton Bluejays,OVER,143.5,143.5,1.9090909090909092,bet365,0.5696511665507891,149.0,1,303.54154187805227,275.9468562527748,straight,,
2024-02-28,L298199,Arizona Wildcats,Arizona State Sun Devils,OVER,159.5,158.5,1.8695652173913042,betmgm,0.5802429537411854,152.0,-1,303.54154187805227,-303.54154187805227,straight,,
2024-02-29,,LIU Sharks,Central Connecticut State Blue Devils,OVER,141.75,140.5,1.7837737545416157,,0.6288592312935161,142.0,1,300.2592534018334,455.1662574830331,2.5+ card leg 1,2.5159108414683544,1.0
2024-02-29,,UCLA Bruins,Washington Huskies,OVER,138.5,131.5,1.4104427958213115,,0.75607934760727,171.0,1,,,2.5+ card leg 2,2.5159108414683544,1.0
2024-02-29,L297565,Nebraska Cornhuskers,Ohio State Buckeyes,OVER,143.5,143.5,1.9090909090909092,betmgm,0.5531128468437561,147.0,1,300.2592534018334,272.9629576380304,straight,,
2024-02-29,L297595,Bryant Bulldogs,UMass Lowell River Hawks,OVER,160.5,160.5,1.9090909090909092,draftkings,0.5771885086849915,156.0,-1,300.2592534018334,-300.2592534018334,straight,,
2024-02-29,L297609,Wagner Seahawks,Le Moyne Dolphins,OVER,131.5,131.5,1.9090909090909092,betmgm,0.558399003855954,126.0,-1,300.2592534018334,-300.2592534018334,straight,,
2024-02-29,L297570,LIU Sharks,Central Connecticut State Blue Devils,OVER,141.75,141.0,1.9090909090909092,caesars,0.5773918731728767,142.0,1,300.2592534018334,272.9629576380304,straight,,
2024-02-29,L297591,Stony Brook Seawolves,Drexel Dragons,OVER,139.5,139.0,1.9090909090909092,bet365,0.5633855773842348,176.0,1,300.2592534018334,272.9629576380304,straight,,
2024-02-29,L297593,Merrimack Warriors,FDU Knights,OVER,147.0,146.0,1.9090909090909092,caesars,0.5591757119767155,129.0,-1,300.2592534018334,-300.2592534018334,straight,,
2024-02-29,L297597,UTEP Miners,Jacksonville State Gamecocks,OVER,133.25,132.5,1.9090909090909092,fanduel,0.5501114873016337,137.0,1,300.2592534018334,272.9629576380304,straight,,
2024-02-29,L297563,Hofstra Pride,UNC Wilmington Seahawks,OVER,143.5,142.5,1.8695652173913042,fanduel,0.5525873939875694,127.0,-1,300.2592534018334,-300.2592534018334,straight,,
2024-02-29,L297599,North Dakota State Bison,South Dakota Coyotes,OVER,147.5,146.5,1.9090909090909092,bet365,0.5849568678343712,156.0,1,300.2592534018334,272.9629576380304,straight,,
2024-02-29,L298201,Stanford Cardinal,Utah Utes,OVER,153.5,153.5,1.9523809523809523,draftkings,0.5556231584701783,158.0,1,300.2592534018334,285.9611937160318,straight,,
2024-02-29,L297566,Michigan Wolverines,Rutgers Scarlet Knights,OVER,138.5,138.5,1.8695652173913042,bet365,0.5770397037533798,134.0,-1,300.2592534018334,-300.2592534018334,straight,,
2024-02-29,L297600,Tennessee Tech Golden Eagles,Tennessee-Martin Skyhawks,OVER,152.0,152.0,1.9090909090909092,bet365,0.567348176358956,149.0,-1,300.2592534018334,-300.2592534018334,straight,,
2024-02-29,L298203,USC Trojans,Washington State Cougars,OVER,138.0,137.5,1.8695652173913042,betmgm,0.5643367252929902,147.0,1,300.2592534018334,261.09500295811597,straight,,
2024-02-29,L298202,UCLA Bruins,Washington Huskies,OVER,138.5,138.5,1.9090909090909092,betmgm,0.5932806087958222,171.0,1,300.2592534018334,272.9629576380304,straight,,
2024-03-01,,Dartmouth Big Green,Yale Bulldogs,OVER,133.5,127.5,1.4611998738049616,,0.7246955371330398,136.0,1,308.64370019757706,468.1657428399818,2.5+ card leg 1,2.516848529680947,1.0
2024-03-01,,Marshall Thundering Herd,Georgia State Panthers,OVER,150.5,148.5,1.7224532897933247,,0.6137045188695859,161.0,1,,,2.5+ card leg 2,2.516848529680947,1.0
2024-03-01,L297614,Marshall Thundering Herd,Georgia State Panthers,OVER,150.5,150.5,1.9090909090909092,betmgm,0.5650828923781994,161.0,1,308.64370019757706,280.58518199779735,straight,,
2024-03-01,L297624,Dartmouth Big Green,Yale Bulldogs,OVER,133.5,133.5,1.9090909090909092,betmgm,0.5761473109469284,136.0,1,308.64370019757706,280.58518199779735,straight,,
2024-03-02,,NJIT Highlanders,Bryant Bulldogs,OVER,145.5,143.5,1.7224532897933247,,0.6534344689889992,183.0,1,318.9370612659328,483.77921244199234,2.5+ card leg 1,2.516848529680947,1.0
2024-03-02,,Clemson Tigers,Notre Dame Fighting Irish,OVER,130.5,124.5,1.4611998738049616,,0.7389567699005263,131.0,1,,,2.5+ card leg 2,2.516848529680947,1.0
2024-03-02,L297683,Villanova Wildcats,Providence Friars,OVER,134.75,134.5,1.8695652173913042,betmgm,0.5543819216711056,131.0,-1,318.9370612659328,-318.9370612659328,straight,,
2024-03-02,L297684,Butler Bulldogs,DePaul Blue Demons,OVER,148.5,148.5,1.9090909090909092,betmgm,0.5515884529025314,145.0,-1,318.9370612659328,-318.9370612659328,straight,,
2024-03-02,L297702,Holy Cross Crusaders,Boston University Terriers,OVER,135.5,135.5,1.9090909090909092,betmgm,0.5558398695718002,178.0,1,318.9370612659328,289.94278296902985,straight,,
2024-03-02,L297701,Colgate Raiders,Lehigh Mountain Hawks,OVER,141.0,139.5,1.8695652173913042,fanduel,0.5765933202797799,123.0,-1,318.9370612659328,-318.9370612659328,straight,,
2024-03-02,L297705,Fordham Rams,Saint Joseph's Hawks,OVER,145.0,143.5,1.8695652173913042,fanduel,0.5548156879837584,151.0,1,318.9370612659328,277.3365750138546,straight,,
2024-03-02,L297632,Tulsa Golden Hurricane,Temple Owls,OVER,144.0,143.5,1.8695652173913042,fanduel,0.562239214562594,139.0,-1,318.9370612659328,-318.9370612659328,straight,,
2024-03-02,L297644,Stonehill Skyhawks,Central Connecticut State Blue Devils,OVER,136.75,136.5,1.9090909090909092,draftkings,0.562734069527787,146.0,1,318.9370612659328,289.94278296902985,straight,,
2024-03-02,L297656,Wofford Terriers,VMI Keydets,OVER,151.5,151.5,1.9090909090909092,betmgm,0.5930724989530496,136.0,-1,318.9370612659328,-318.9370612659328,straight,,
2024-03-02,L297710,George Washington Revolutionaries,La Salle Explorers,OVER,153.0,152.5,1.8695652173913042,betmgm,0.5680067705662338,138.0,-1,318.9370612659328,-318.9370612659328,straight,,
2024-03-02,L297661,Western Carolina Catamounts,Chattanooga Mocs,OVER,146.25,145.5,1.9090909090909092,fanduel,0.5670700223067877,145.0,-1,318.9370612659328,-318.9370612659328,straight,,
2024-03-02,L297732,UMass Lowell River Hawks,Vermont Catamounts,OVER,141.5,141.0,1.819672131147541,draftkings,0.5540969814713765,136.0,-1,318.9370612659328,-318.9370612659328,straight,,
2024-03-02,L297719,Central Michigan Chippewas,Kent State Golden Flashes,OVER,134.5,133.5,1.8928571428571428,draftkings,0.5734236035283085,152.0,1,318.9370612659328,284.76523327315425,straight,,
2024-03-02,L297724,North Carolina Central Eagles,Coppin State Eagles,OVER,136.5,135.5,1.9090909090909092,draftkings,0.5561007724442233,141.0,1,318.9370612659328,289.94278296902985,straight,,
2024-03-02,L297726,North Carolina State Wolfpack,North Carolina Tar Heels,OVER,153.0,151.5,1.9090909090909092,fanduel,0.5530963394819518,149.0,-1,318.9370612659328,-318.9370612659328,straight,,
2024-03-02,L297646,Le Moyne Dolphins,St. Francis (PA) Red Flash,OVER,139.5,139.5,1.9090909090909092,bet365,0.5561097619891467,132.0,-1,318.9370612659328,-318.9370612659328,straight,,
2024-03-02,L297649,NJIT Highlanders,Bryant Bulldogs,OVER,145.5,145.5,1.9090909090909092,bet_rivers_co,0.6044582311597868,183.0,1,318.9370612659328,289.94278296902985,straight,,
2024-03-02,L298205,USC Trojans,Washington Huskies,OVER,154.5,153.5,1.9090909090909092,draftkings,0.5681370744558831,157.0,1,318.9370612659328,289.94278296902985,straight,,
2024-03-02,L297675,Tennessee Tech Golden Eagles,Little Rock Trojans,OVER,142.5,141.5,1.9090909090909092,draftkings,0.5512252185359331,124.0,-1,318.9370612659328,-318.9370612659328,straight,,
2024-03-02,L297643,FDU Knights,Wagner Seahawks,OVER,137.0,136.5,1.925925925925926,draftkings,0.5574335755372443,111.0,-1,318.9370612659328,-318.9370612659328,straight,,
2024-03-02,L297736,Southeastern Louisiana Lions,Texas A&M-Corpus Christi Islanders,OVER,134.5,134.5,1.9090909090909092,bet365,0.5772933091810708,148.0,1,318.9370612659328,289.94278296902985,straight,,
2024-03-02,L297700,Florida A&M Rattlers,Grambling State Tigers,OVER,132.5,132.5,1.9090909090909092,bet365,0.5553594012295139,143.0,1,318.9370612659328,289.94278296902985,straight,,
2024-03-02,L297733,Army Black Knights,Loyola Maryland Greyhounds,OVER,124.0,123.5,1.9090909090909092,betmgm,0.5587797598031483,137.0,1,318.9370612659328,289.94278296902985,straight,,
2024-03-02,L297739,Alabama State Hornets,Alabama A&M Bulldogs,OVER,138.5,137.5,1.8333333333333335,draftkings,0.5623247611322819,111.0,-1,318.9370612659328,-318.9370612659328,straight,,
2024-03-02,L297635,VCU Rams,Richmond Spiders,OVER,135.25,133.5,1.9433962264150944,fanduel,0.5515574514534514,155.0,1,318.9370612659328,300.88402006220076,straight,,
2024-03-02,L297648,Northern Illinois Huskies,Akron Zips,OVER,139.0,139.0,1.9090909090909092,bet365,0.5550680074011173,153.0,1,318.9370612659328,289.94278296902985,straight,,
2024-03-02,L297664,Dartmouth Big Green,Brown Bears,OVER,131.5,131.5,1.9090909090909092,betmgm,0.5782698040730285,156.0,1,318.9370612659328,289.94278296902985,straight,,
2024-03-02,L297631,Rice Owls,Wichita State Shockers,OVER,142.5,141.5,1.8695652173913042,fanduel,0.5688899478510471,153.0,1,318.9370612659328,277.3365750138546,straight,,
2024-03-02,L297637,Lafayette Leopards,Bucknell Bison,OVER,127.25,127.0,1.9090909090909092,bet_rivers_co,0.5872156439256818,110.0,-1,318.9370612659328,-318.9370612659328,straight,,
2024-03-02,L297750,Harvard Crimson,Yale Bulldogs,OVER,137.5,137.5,1.9090909090909092,betmgm,0.5575098732619547,140.0,1,318.9370612659328,289.94278296902985,straight,,
2024-03-02,L297745,Kansas State Wildcats,Cincinnati Bearcats,OVER,140.0,138.5,1.9090909090909092,fanduel,0.5527229077585176,146.0,1,318.9370612659328,289.94278296902985,straight,,
2024-03-02,L297752,Clemson Tigers,Notre Dame Fighting Irish,OVER,130.5,130.5,1.9090909090909092,draftkings,0.5952080711537242,131.0,1,318.9370612659328,289.94278296902985,straight,,
2024-03-02,L297672,Middle Tennessee Blue Raiders,Sam Houston Bearkats,OVER,136.5,136.0,1.9090909090909092,bet365,0.5615908970156984,145.0,1,318.9370612659328,289.94278296902985,straight,,
2024-03-02,L297680,Northern Colorado Bears,Idaho State Bengals,OVER,145.5,145.0,1.9090909090909092,draftkings,0.5550796059150838,160.0,1,318.9370612659328,289.94278296902985,straight,,
2024-03-02,L298208,California Golden Bears,Utah Utes,OVER,151.5,151.5,1.9090909090909092,betmgm,0.5611428398616957,147.0,-1,318.9370612659328,-318.9370612659328,straight,,
2024-03-03,,Rutgers Scarlet Knights,Nebraska Cornhuskers,OVER,136.5,133.5,1.6472977206485244,,0.6690103314751622,123.0,-1,330.82893567944797,-330.82893567944797,2.5+ card leg 1,2.5490509394158583,0.0
2024-03-03,,UIC Flames,Missouri State Bears,OVER,145.0,140.5,1.5474136262462153,,0.6698296390373799,128.0,-1,,,2.5+ card leg 2,2.5490509394158583,0.0
2024-03-03,L297770,Rutgers Scarlet Knights,Nebraska Cornhuskers,OVER,136.5,135.5,1.847457627118644,draftkings,0.594582747142109,123.0,-1,330.82893567944797,-330.82893567944797,straight,,
2024-03-04,,Eastern Washington Eagles,Sacramento State Hornets,UNDER,144.5,147.5,1.6918202619775498,,0.6268274704255904,179.0,-1,324.212356965859,-324.212356965859,2.5+ card leg 1,2.502474568255742,0.0
2024-03-04,,Texas Longhorns,Baylor Bears,UNDER,146.0,152.5,1.479161010479108,,0.6996617871421303,178.0,-1,,,2.5+ card leg 2,2.502474568255742,0.0
2024-03-04,L297787,Eastern Washington Eagles,Sacramento State Hornets,UNDER,144.5,145.0,1.9090909090909092,bet365,0.5517245477332295,179.0,-1,324.212356965859,-324.212356965859,straight,,
2024-03-04,L297795,Florida A&M Rattlers,Southern University Jaguars,OVER,136.5,136.0,1.9090909090909092,bet_rivers_co,0.5563354194387493,102.0,-1,324.212356965859,-324.212356965859,straight,,
2024-03-05,,Central Michigan Chippewas,Northern Illinois Huskies,OVER,136.5,132.5,1.5790962384482952,,0.6774580393814301,132.0,-1,314.4859862568832,-314.4859862568832,2.5+ card leg 1,2.546081757780756,0.0
2024-03-05,,Notre Dame Fighting Irish,North Carolina Tar Heels,OVER,138.0,134.5,1.612366425673126,,0.684833346754469,135.0,1,,,2.5+ card leg 2,2.546081757780756,0.0
2024-03-05,L303138,Holy Cross Crusaders,Army Black Knights,OVER,128.5,128.5,1.9090909090909092,bet365,0.5633845964130408,152.0,1,314.4859862568832,285.89635114262114,straight,,
2024-03-05,L297813,Notre Dame Fighting Irish,North Carolina Tar Heels,OVER,138.0,137.5,1.9090909090909092,betmgm,0.5827826043236036,135.0,-1,314.4859862568832,-314.4859862568832,straight,,
2024-03-05,L297818,Vermont Catamounts,New Hampshire Wildcats,OVER,140.5,140.5,1.9090909090909092,betmgm,0.5660099511282218,132.0,-1,314.4859862568832,-314.4859862568832,straight,,
2024-03-05,L297819,University at Albany Great Danes,Bryant Bulldogs,OVER,168.5,168.0,1.9090909090909092,caesars,0.5665494032499742,162.0,-1,314.4859862568832,-314.4859862568832,straight,,
2024-03-05,L303142,Detroit Mercy Titans,Milwaukee Panthers,OVER,152.25,152.0,1.9090909090909092,bet365,0.5501494189695578,162.0,1,314.4859862568832,285.89635114262114,straight,,
2024-03-05,L297806,Central Michigan Chippewas,Northern Illinois Huskies,OVER,136.5,135.5,1.8695652173913042,fanduel,0.5805026099045564,132.0,-1,314.4859862568832,-314.4859862568832,straight,,
2024-03-06,,LIU Sharks,Merrimack Warriors,OVER,140.25,138.5,1.8695652173913042,,0.6164488801256002,138.0,-1,304.47961396689146,-304.47961396689146,2.5+ card leg 1,2.636914792187669,0.0
2024-03-06,,Loyola Chicago Ramblers,Davidson Wildcats,OVER,135.5,128.5,1.4104427958213115,,0.7285556381343883,128.0,-1,,,2.5+ card leg 2,2.636914792187669,0.0
2024-03-06,L297841,Villanova Wildcats,Seton Hall Pirates,OVER,131.5,131.5,1.9090909090909092,bet365,0.5563154741559425,122.0,-1,304.47961396689146,-304.47961396689146,straight,,
2024-03-06,L303118,FDU Knights,Le Moyne Dolphins,OVER,151.5,151.0,1.9090909090909092,bet365,0.5665488025509144,143.0,-1,304.47961396689146,-304.47961396689146,straight,,
2024-03-06,L303120,LIU Sharks,Merrimack Warriors,OVER,140.25,138.5,1.8695652173913042,fanduel,0.5639915935451792,138.0,-1,304.47961396689146,-304.47961396689146,straight,,
2024-03-06,L297836,Saint Joseph's Hawks,Richmond Spiders,OVER,145.5,145.5,1.9090909090909092,bet365,0.5531731330936996,139.0,-1,304.47961396689146,-304.47961396689146,straight,,
2024-03-06,L297847,Loyola Chicago Ramblers,Davidson Wildcats,OVER,135.5,134.5,1.9090909090909092,fanduel,0.5655428951169658,128.0,-1,304.47961396689146,-304.47961396689146,straight,,
2024-03-07,,Lehigh Mountain Hawks,Lafayette Leopards,OVER,137.0,135.5,1.8695652173913042,,0.6274541389196581,137.0,1,286.21083712887804,468.50275298067623,2.5+ card leg 1,2.636914792187669,1.0
2024-03-07,,Cal Poly Mustangs,UC Irvine Anteaters,OVER,137.5,130.5,1.4104427958213115,,0.7422388623616348,150.0,1,,,2.5+ card leg 2,2.636914792187669,1.0
2024-03-07,L303145,Lehigh Mountain Hawks,Lafayette Leopards,OVER,137.0,135.5,1.8695652173913042,fanduel,0.5761254234091575,137.0,1,286.21083712887804,248.87898880772,straight,,
2024-03-07,L297870,Delaware State Hornets,Maryland-Eastern Shore Hawks,OVER,133.75,133.5,1.9090909090909092,bet365,0.5508023027976602,126.0,-1,286.21083712887804,-286.21083712887804,straight,,
2024-03-07,L297863,Utah Valley Wolverines,Tarleton State Texans,OVER,141.5,141.5,1.9090909090909092,betmgm,0.5540391208827286,123.0,-1,286.21083712887804,-286.21083712887804,straight,,
2024-03-07,L297876,Southern University Jaguars,Alabama State Hornets,OVER,131.25,129.0,1.8333333333333335,draftkings,0.5753288092069628,122.0,-1,286.21083712887804,-286.21083712887804,straight,,
2024-03-07,L297879,Cal Poly Mustangs,UC Irvine Anteaters,OVER,137.5,137.5,1.9090909090909092,betmgm,0.5558143002923832,150.0,1,286.21083712887804,260.1916701171619,straight,,
2024-03-07,L297878,UC Davis Aggies,UC San Diego Tritons,OVER,140.5,140.5,1.9090909090909092,bet365,0.5570847888431689,133.0,-1,286.21083712887804,-286.21083712887804,straight,,
2024-03-07,L298217,Arizona State Sun Devils,USC Trojans,OVER,144.0,143.5,1.8695652173913042,fanduel,0.5694362607363382,154.0,1,286.21083712887804,248.87898880772,straight,,
2024-03-08,,UIC Flames,Bradley Braves,OVER,134.75,133.5,1.8771929824561404,,0.6136963078841433,121.0,-1,287.02692765085567,-287.02692765085567,2.5+ card leg 1,2.647673318471585,0.0
2024-03-08,,Eastern Michigan Eagles,Central Michigan Chippewas,OVER,129.5,122.5,1.4104427958213115,,0.7667145398173526,127.0,1,,,2.5+ card leg 2,2.647673318471585,0.0
2024-03-08,L303167,Missouri State Bears,Indiana State Sycamores,OVER,148.25,147.5,1.9090909090909092,fanduel,0.5542430102258088,134.0,-1,287.02692765085567,-287.02692765085567,straight,,
2024-03-08,L297884,Ball State Cardinals,Bowling Green Falcons,OVER,142.0,141.5,1.8695652173913042,fanduel,0.5566390633653772,150.0,1,287.02692765085567,249.58863273987447,straight,,
2024-03-08,L297885,Eastern Michigan Eagles,Central Michigan Chippewas,OVER,129.5,128.5,1.9090909090909092,fanduel,0.5970215970822048,127.0,-1,287.02692765085567,-287.02692765085567,straight,,
2024-03-08,L303132,VMI Keydets,East Tennessee State Buccaneers,OVER,146.5,145.5,1.8695652173913042,bet365,0.5590772472803449,164.0,1,287.02692765085567,249.58863273987447,straight,,
2024-03-08,L303170,UIC Flames,Bradley Braves,OVER,134.75,133.5,1.8771929824561404,fanduel,0.5630801203495475,121.0,-1,287.02692765085567,-287.02692765085567,straight,,
2024-03-09,,Maine Black Bears,Bryant Bulldogs,OVER,142.25,140.5,1.7424039832773655,,0.6760038935503354,142.0,1,280.53762319961896,420.99747601796525,2.5+ card leg 1,2.5006809825233347,1.0
2024-03-09,,Georgia Tech Yellow Jackets,Virginia Cavaliers,OVER,123.0,116.5,1.4351901203874042,,0.766145293186104,129.0,1,,,2.5+ card leg 2,2.5006809825233347,1.0
2024-03-09,L297914,Brown Bears,Yale Bulldogs,OVER,140.5,138.5,1.9090909090909092,fanduel,0.5586282138392371,165.0,1,280.53762319961896,255.03420290874453,straight,,
2024-03-09,L303223,Le Moyne Dolphins,Merrimack Warriors,OVER,136.75,136.5,1.9090909090909092,draftkings,0.5677854170731382,112.0,-1,280.53762319961896,-280.53762319961896,straight,,
2024-03-09,L303109,Campbell Fighting Camels,Monmouth Hawks,OVER,146.0,145.5,1.9090909090909092,fanduel,0.5511315814924664,157.0,1,280.53762319961896,255.03420290874453,straight,,
2024-03-09,L303103,Georgia Southern Eagles,Appalachian State Mountaineers,OVER,146.5,146.0,1.9090909090909092,draftkings,0.5665868408098249,165.0,1,280.53762319961896,255.03420290874453,straight,,
2024-03-09,L297903,Davidson Wildcats,Saint Joseph's Hawks,OVER,140.0,139.5,1.9090909090909092,betmgm,0.5595071711263904,160.0,1,280.53762319961896,255.03420290874453,straight,,
2024-03-09,L297917,Siena Saints,Iona Gaels,OVER,135.5,135.0,1.9090909090909092,draftkings,0.5504300555522543,122.0,-1,280.53762319961896,-280.53762319961896,straight,,
2024-03-09,L303192,Maine Black Bears,Bryant Bulldogs,OVER,142.25,141.5,1.925925925925926,fanduel,0.6280950812686232,142.0,1,280.53762319961896,259.75705851816576,straight,,
2024-03-09,L297920,West Virginia Mountaineers,Cincinnati Bearcats,OVER,146.5,145.5,1.8695652173913042,fanduel,0.5568421888237093,148.0,1,280.53762319961896,243.94575930401646,straight,,
2024-03-09,L297901,George Washington Revolutionaries,Duquesne Dukes,OVER,145.0,144.5,1.9090909090909092,draftkings,0.5606062988479402,132.0,-1,280.53762319961896,-280.53762319961896,straight,,
2024-03-09,L297905,Quinnipiac Bobcats,Saint Peter's Peacocks,OVER,140.5,140.5,1.9090909090909092,bet365,0.5557151266931267,163.0,1,280.53762319961896,255.03420290874453,straight,,
2024-03-09,L297906,Niagara Purple Eagles,Marist Red Foxes,OVER,130.5,130.5,1.9090909090909092,betmgm,0.5541344943994579,125.0,-1,280.53762319961896,-280.53762319961896,straight,,
2024-03-09,L303224,Wagner Seahawks,Central Connecticut State Blue Devils,OVER,126.5,126.0,1.9090909090909092,bet365,0.5598907356860611,122.0,-1,280.53762319961896,-280.53762319961896,straight,,
2024-03-09,L297897,Creighton Bluejays,Villanova Wildcats,OVER,137.0,135.0,1.9090909090909092,bet_rivers_co,0.5731690989375184,136.0,1,280.53762319961896,255.03420290874453,straight,,
2024-03-09,L297918,Notre Dame Fighting Irish,Virginia Tech Hokies,OVER,133.5,133.5,1.9090909090909092,betmgm,0.5787599311868024,158.0,1,280.53762319961896,255.03420290874453,straight,,
2024-03-09,L294684,Middle Tennessee Blue Raiders,Louisiana Tech Bulldogs,OVER,132.5,131.5,1.9090909090909092,fanduel,0.5598691157791769,154.0,1,280.53762319961896,255.03420290874453,straight,,
2024-03-09,L303193,University at Albany Great Danes,Vermont Catamounts,OVER,146.5,145.5,1.9090909090909092,betmgm,0.5733812556502044,147.0,1,280.53762319961896,255.03420290874453,straight,,
2024-03-09,L297927,La Salle Explorers,Loyola Chicago Ramblers,OVER,142.5,141.5,1.9090909090909092,draftkings,0.5743657199055031,118.0,-1,280.53762319961896,-280.53762319961896,straight,,
2024-03-09,L294681,Utah Valley Wolverines,Abilene Christian Wildcats,OVER,137.5,137.0,1.847457627118644,draftkings,0.5881943176134516,141.0,1,280.53762319961896,237.74374847425335,straight,,
2024-03-09,L297895,Grambling State Tigers,Alabama State Hornets,OVER,129.5,128.5,1.9090909090909092,bet365,0.5550603471339404,171.0,1,280.53762319961896,255.03420290874453,straight,,
2024-03-09,L303248,Bradley Braves,Drake Bulldogs,OVER,136.75,136.5,1.9090909090909092,bet365,0.5521222030300647,139.0,1,280.53762319961896,255.03420290874453,straight,,
2024-03-09,L297941,Georgia Tech Yellow Jackets,Virginia Cavaliers,OVER,123.0,122.5,1.9090909090909092,fanduel,0.5932510161932361,129.0,1,280.53762319961896,255.03420290874453,straight,,
2024-03-09,L303137,Furman Paladins,Western Carolina Catamounts,OVER,147.5,147.5,1.9090909090909092,betmgm,0.5624922703869029,155.0,1,280.53762319961896,255.03420290874453,straight,,
2024-03-09,L303112,Hampton Pirates,Delaware Fightin' Blue Hens,OVER,138.25,138.0,1.9090909090909092,bet365,0.5810399758272493,130.0,-1,280.53762319961896,-280.53762319961896,straight,,
2024-03-10,,Portland Pilots,San Francisco Dons,OVER,145.0,142.5,1.68396673857181,,0.6394599492106164,123.0,-1,305.67887637692644,-305.67887637692644,2.5+ card leg 1,2.506637964661862,0.0
2024-03-10,,Arkansas State Red Wolves,Appalachian State Mountaineers,OVER,146.0,140.5,1.4885317549607708,,0.7074019353782592,132.0,-1,,,2.5+ card leg 2,2.506637964661862,0.0
2024-03-10,L303158,Portland Pilots,San Francisco Dons,OVER,145.0,144.5,1.9090909090909092,betmgm,0.5635556909138406,123.0,-1,305.67887637692644,-305.67887637692644,straight,,
2024-03-10,L303226,Bucknell Bison,Colgate Raiders,OVER,131.5,131.5,1.9090909090909092,betmgm,0.5672368407052325,133.0,1,305.67887637692644,277.8898876153877,straight,,
2024-03-10,L303267,Drake Bulldogs,Indiana State Sycamores,OVER,150.75,150.5,1.9090909090909092,betmgm,0.5588207685194561,164.0,1,305.67887637692644,277.8898876153877,straight,,
2024-03-10,L303252,Arkansas State Red Wolves,Appalachian State Mountaineers,OVER,146.0,145.5,1.9090909090909092,bet365,0.5585261187036556,132.0,-1,305.67887637692644,-305.67887637692644,straight,,
2024-03-10,L303230,East Texas A&M Lions,Northwestern State Demons,OVER,136.5,136.0,1.9090909090909092,caesars,0.5652892272751491,133.0,-1,305.67887637692644,-305.67887637692644,straight,,
2024-03-11,,East Texas A&M Lions,Nicholls State Colonels,OVER,138.0,133.5,1.5474136262462153,,0.666315075181026,123.0,-1,299.00951907415714,-299.00951907415714,2.5+ card leg 1,2.5130761484618915,0.0
2024-03-11,,New Orleans Privateers,Lamar Cardinals,UNDER,158.5,162.5,1.624049385268904,,0.6366752592752906,128.0,1,,,2.5+ card leg 2,2.5130761484618915,0.0
2024-03-12,,Bryant Bulldogs,UMass Lowell River Hawks,OVER,156.5,154.5,1.7224532897933247,,0.6519237431606087,147.0,-1,296.0194238834155,-296.0194238834155,2.5+ card leg 1,2.504355575489088,0.0
2024-03-12,,Idaho State Bengals,Montana Grizzlies,UNDER,141.5,148.5,1.4539468735257157,,0.7265261509831911,130.0,1,,,2.5+ card leg 2,2.504355575489088,0.0
2024-03-12,L303273,Georgia Tech Yellow Jackets,Notre Dame Fighting Irish,OVER,131.0,130.5,1.9523809523809523,fanduel,0.5589104491803141,164.0,1,296.0194238834155,281.9232608413481,straight,,
2024-03-12,L303253,New Hampshire Wildcats,Vermont Catamounts,OVER,136.5,136.5,1.9090909090909092,betmgm,0.5766217790703642,125.0,-1,296.0194238834155,-296.0194238834155,straight,,
2024-03-12,L303254,Bryant Bulldogs,UMass Lowell River Hawks,OVER,156.5,156.5,1.9523809523809523,betmgm,0.6044438225259242,147.0,-1,296.0194238834155,-296.0194238834155,straight,,
2024-03-12,L303250,Wagner Seahawks,Merrimack Warriors,OVER,120.0,119.5,1.8695652173913042,betmgm,0.5514483575351132,101.0,-1,296.0194238834155,-296.0194238834155,straight,,
2024-03-12,L303256,Manhattan Jaspers,Iona Gaels,OVER,138.5,137.5,1.8695652173913042,fanduel,0.5639890460107156,117.0,-1,296.0194238834155,-296.0194238834155,straight,,
2024-03-12,L303323,Denver Pioneers,South Dakota State Jackrabbits,UNDER,163.5,164.5,1.8695652173913042,betmgm,0.5504335869956484,144.0,1,296.0194238834155,257.40819468123084,straight,,
2024-03-12,L303324,Idaho State Bengals,Montana Grizzlies,UNDER,141.5,142.5,1.9090909090909092,draftkings,0.5527637771949522,130.0,1,296.0194238834155,269.1085671667414,straight,,
2024-03-13,,Lehigh Mountain Hawks,Colgate Raiders,OVER,136.75,133.5,1.629619719792026,,0.6771820458782216,129.0,-1,289.30285291613797,-289.30285291613797,2.5+ card leg 1,2.52169576000572,0.0
2024-03-13,,California Baptist Lancers,Utah Valley Wolverines,OVER,128.0,123.5,1.5474136262462153,,0.6790745356240647,137.0,1,,,2.5+ card leg 2,2.52169576000572,0.0
2024-03-13,L303327,Fordham Rams,VCU Rams,OVER,133.5,133.0,1.9090909090909092,bet_rivers_co,0.5504338556351934,131.0,-1,289.30285291613797,-289.30285291613797,straight,,
2024-03-13,L303306,Lehigh Mountain Hawks,Colgate Raiders,OVER,136.75,134.0,1.9090909090909092,bet_rivers_co,0.5754520801051934,129.0,-1,289.30285291613797,-289.30285291613797,straight,,
2024-03-13,L303238,Maryland-Eastern Shore Hawks,North Carolina Central Eagles,OVER,134.5,133.5,1.8695652173913042,fanduel,0.5502811867422652,168.0,1,289.30285291613797,251.567698187946,straight,,
2024-03-13,L303270,Alabama State Hornets,Grambling State Tigers,OVER,128.25,127.5,1.8695652173913042,betmgm,0.5566428684419549,106.0,-1,289.30285291613797,-289.30285291613797,straight,,
2024-03-13,L303297,Arizona State Sun Devils,Utah Utes,OVER,144.5,144.5,1.9090909090909092,betmgm,0.5544014024595053,147.0,1,289.30285291613797,263.00259356012543,straight,,
2024-03-14,,Bowling Green Falcons,Central Michigan Chippewas,OVER,132.0,130.5,1.8695652173913042,,0.64609913179023,122.0,-1,282.87644171697315,-282.87644171697315,2.5+ card leg 1,2.6302512987109066,0.0
2024-03-14,,North Carolina State Wolfpack,Duke Blue Devils,UNDER,149.5,157.5,1.4068786016360664,,0.7293965102981899,143.0,1,,,2.5+ card leg 2,2.6302512987109066,0.0
2024-03-14,L303245,Bowling Green Falcons,Central Michigan Chippewas,OVER,132.0,130.5,1.8695652173913042,fanduel,0.5963764003767633,122.0,-1,282.87644171697315,-282.87644171697315,straight,,
2024-03-15,,North Carolina State Wolfpack,Virginia Cavaliers,OVER,121.0,114.5,1.4351901203874042,,0.7351268351103287,138.0,1,277.21891288263373,417.7577076222192,2.5+ card leg 1,2.506959620028109,1.0
2024-03-15,,Ohio State Buckeyes,Illinois Fighting Illini,UNDER,154.25,156.5,1.7467787608176955,,0.6142275329084814,151.0,1,,,2.5+ card leg 2,2.506959620028109,1.0
2024-03-15,L303402,Providence Friars,Marquette Golden Eagles,OVER,137.0,136.5,1.8695652173913042,fanduel,0.5581704903953345,147.0,1,277.21891288263373,241.05992424576843,straight,,
2024-03-15,L303407,Delaware State Hornets,North Carolina Central Eagles,OVER,137.5,137.0,1.9090909090909092,bet_rivers_co,0.5506893955384518,129.0,-1,277.21891288263373,-277.21891288263373,straight,,
2024-03-15,L303405,North Carolina State Wolfpack,Virginia Cavaliers,OVER,121.0,120.5,1.8695652173913042,betmgm,0.5556898433634694,138.0,1,277.21891288263373,241.05992424576843,straight,,
2024-03-16,,UMass Lowell River Hawks,Vermont Catamounts,OVER,133.5,131.5,1.7224532897933247,,0.6540981946622608,127.0,-1,283.4454993149449,-283.4454993149449,2.5+ card leg 1,2.504355575489088,0.0
2024-03-16,,Wisconsin Badgers,Purdue Boilermakers,UNDER,143.5,150.5,1.4539468735257157,,0.7215029612771305,151.0,-1,,,2.5+ card leg 2,2.504355575489088,0.0
2024-03-16,L303334,UMass Lowell River Hawks,Vermont Catamounts,OVER,133.5,133.5,1.9090909090909092,bet365,0.604030146161092,127.0,-1,283.4454993149449,-283.4454993149449,straight,,
2024-03-16,L303440,North Carolina State Wolfpack,North Carolina Tar Heels,OVER,145.5,145.0,1.9090909090909092,bet365,0.5711796551521798,160.0,1,283.4454993149449,257.67772664994993,straight,,
2024-03-17,,Wisconsin Badgers,Illinois Fighting Illini,UNDER,150.5,154.5,1.624049385268904,,0.6484781302426841,180.0,-1,280.35336659514553,-280.35336659514553,2.5+ card leg 1,2.5130761484618915,0.0
2024-03-17,,Brown Bears,Yale Bulldogs,OVER,134.0,129.5,1.5474136262462153,,0.6713689952295642,123.0,-1,,,2.5+ card leg 2,2.5130761484618915,0.0
2024-03-19,,Xavier Musketeers,Georgia Bulldogs,OVER,149.25,147.5,1.7424039832773655,,0.5975219984873988,154.0,1,277.54983292919405,416.51375597937033,2.5+ card leg 1,2.5006809825233347,1.0
2024-03-19,,UC Irvine Anteaters,Utah Runnin' Utes,OVER,148.0,141.5,1.4351901203874042,,0.7093951358014643,159.0,1,,,2.5+ card leg 2,2.5006809825233347,1.0
2024-03-19,L303484,Boston College Eagles,Providence Friars,OVER,137.5,137.5,1.9090909090909092,bet365,0.5532050697477857,119.0,-1,277.54983292919405,-277.54983292919405,straight,,
2024-03-20,,Abilene Christian Wildcats,Tarleton State Texans,UNDER,147.25,151.5,1.6080376531229383,,0.6475172400562366,145.0,1,278.93947215969587,-278.93947215969587,2.5+ card leg 1,2.511943205775273,0.0
2024-03-20,,Alabama A&M Bulldogs,Austin Peay Governors,UNDER,144.5,149.5,1.5621171562101654,,0.6618069228539222,152.0,-1,,,2.5+ card leg 2,2.511943205775273,0.0
2024-03-21,,Colorado State Rams,Texas Longhorns,UNDER,144.5,148.5,1.624049385268904,,0.6551396912139319,100.0,1,276.1500774380989,424.43035473406525,2.5+ card leg 1,2.536955407261128,1.0
2024-03-21,,Morehead State Eagles,Illinois Fighting Illini,UNDER,149.5,154.5,1.5621171562101654,,0.6778020972657098,154.0,1,,,2.5+ card leg 2,2.536955407261128,1.0
2024-03-21,L303465,Morehead State Eagles,Illinois Fighting Illini,UNDER,149.5,150.0,1.9090909090909092,caesars,0.5517092323883969,154.0,-1,276.1500774380989,-276.1500774380989,straight,,
2024-03-21,L303512,Colorado State Rams,Texas Longhorns,UNDER,144.5,145.0,1.9090909090909092,bet365,0.5544929230256996,100.0,1,276.1500774380989,251.0455249437263,straight,,
2024-03-22,,Colorado Buffaloes,Florida Gators,UNDER,160.0,163.5,1.6571746619507302,,0.6290241168212725,202.0,-1,280.1433354604958,-280.1433354604958,2.5+ card leg 1,2.5143449901811814,0.0
2024-03-22,,Yale Bulldogs,Auburn Tigers,OVER,138.5,133.5,1.517248029378774,,0.670990054443368,154.0,1,,,2.5+ card leg 2,2.5143449901811814,0.0
2024-03-23,,Virginia Tech Hokies,Ohio State Buckeyes,UNDER,150.0,154.5,1.5923832210077615,,0.660687165914218,154.0,1,277.3419021058908,425.9096110493961,2.5+ card leg 1,2.5356843225470533,1.0
2024-03-23,,North Texas Mean Green,Seton Hall Pirates,UNDER,136.0,140.5,1.5923832210077615,,0.661142538061507,130.0,1,,,2.5+ card leg 2,2.5356843225470533,1.0
2024-03-24,,Presbyterian Blue Hose,Montana Grizzlies,UNDER,149.5,154.5,1.5621171562101654,,0.6981496828721986,161.0,-1,281.6009982163848,-281.6009982163848,2.5+ card leg 1,2.536955407261128,0.0
2024-03-24,,Minnesota Golden Gophers,Indiana State Sycamores,UNDER,162.5,166.5,1.624049385268904,,0.661084212974364,140.0,1,,,2.5+ card leg 2,2.536955407261128,0.0
2024-03-24,L303503,Presbyterian Blue Hose,Montana Grizzlies,UNDER,149.5,151.0,1.9090909090909092,draftkings,0.5753601578326719,161.0,-1,281.6009982163848,-281.6009982163848,straight,,
2024-03-24,L303520,Minnesota Golden Gophers,Indiana State Sycamores,UNDER,162.5,163.0,1.9090909090909092,bet365,0.5648305520913429,140.0,1,281.6009982163848,256.0009074694408,straight,,
2024-03-25,,Montana Grizzlies,Arkansas State Red Wolves,UNDER,158.5,161.5,1.6918202619775498,,0.6756710279517889,135.0,1,278.5289873267515,-278.5289873267515,2.5+ card leg 1,2.502474568255742,0.0
2024-03-25,,Cleveland State Vikings,High Point Panthers,UNDER,155.0,161.5,1.479161010479108,,0.722818757613309,167.0,-1,,,2.5+ card leg 2,2.502474568255742,0.0
2024-03-25,L303543,Cleveland State Vikings,High Point Panthers,UNDER,155.0,155.5,1.8695652173913042,betmgm,0.5584841042375656,167.0,-1,278.5289873267515,-278.5289873267515,straight,,
2024-03-25,L303545,Montana Grizzlies,Arkansas State Red Wolves,UNDER,158.5,158.5,1.9090909090909092,betmgm,0.6037054583320669,135.0,1,278.5289873267515,253.20817029704685,straight,,
2024-03-26,,Arkansas State Red Wolves,High Point Panthers,UNDER,161.5,164.5,1.6918202619775498,,0.6424225445854068,161.0,1,275.49048928318695,413.9174539443194,2.5+ card leg 1,2.502474568255742,1.0
2024-03-26,,Fairfield Stags,Seattle Redhawks,UNDER,146.0,152.5,1.479161010479108,,0.7026215294284309,133.0,1,,,2.5+ card leg 2,2.502474568255742,1.0
2024-03-26,L303557,Arkansas State Red Wolves,High Point Panthers,UNDER,161.5,161.5,1.9090909090909092,betmgm,0.5707257843392839,161.0,1,275.49048928318695,250.4458993483518,straight,,
2024-03-27,,Seattle Redhawks,High Point Panthers,UNDER,151.0,153.5,1.7280496622999064,,0.6017013624985986,144.0,1,282.1341228161137,426.72571761161726,2.5+ card leg 1,2.512492403798118,1.0
2024-03-27,,Purdue Fort Wayne Mastodons,Norfolk State Spartans,UNDER,145.5,152.5,1.4539468735257157,,0.6818277076039966,142.0,1,,,2.5+ card leg 2,2.512492403798118,1.0
2024-03-28,,Illinois Fighting Illini,Iowa State Cyclones,UNDER,146.5,151.5,1.5621171562101654,,0.6689264277342378,141.0,1,286.40137999222986,440.18614962610667,2.5+ card leg 1,2.536955407261128,1.0
2024-03-28,,Alabama Crimson Tide,North Carolina Tar Heels,UNDER,173.5,177.5,1.624049385268904,,0.6215559677280955,176.0,1,,,2.5+ card leg 2,2.536955407261128,1.0
2024-03-29,,Creighton Bluejays,Tennessee Volunteers,OVER,143.5,139.5,1.5790962384482952,,0.6501225358992915,157.0,1,290.8032414884909,440.429173197162,2.5+ card leg 1,2.5145263544615366,1.0
2024-03-29,,Gonzaga Bulldogs,Purdue Boilermakers,UNDER,154.0,158.5,1.5923832210077615,,0.6443218575186259,148.0,1,,,2.5+ card leg 2,2.5145263544615366,1.0
2024-03-29,L303542,Creighton Bluejays,Tennessee Volunteers,OVER,143.5,142.5,1.9090909090909092,fanduel,0.5548561967006717,157.0,1,290.8032414884909,264.3665831713554,straight,,
2024-03-30,,Illinois Fighting Illini,UConn Huskies,UNDER,154.75,162.5,1.4182403412321243,,0.7480596143910192,129.0,1,297.85119905217607,-297.85119905217607,2.5+ card leg 1,2.5045112872352937,0.0
2024-03-30,,Clemson Tigers,Alabama Crimson Tide,UNDER,164.5,166.5,1.7659286754313095,,0.5900483590338078,171.0,-1,,,2.5+ card leg 2,2.5045112872352937,0.0
2024-03-30,L303564,Illinois Fighting Illini,UConn Huskies,UNDER,154.75,155.5,1.9090909090909092,draftkings,0.5567338203486558,129.0,1,297.85119905217607,270.7738173201601,straight,,
2024-03-31,,Tennessee Volunteers,Purdue Boilermakers,UNDER,147.5,150.5,1.6918202619775498,,0.6090354626121398,138.0,1,297.58042523485597,447.1070209261003,2.5+ card leg 1,2.502474568255742,1.0
2024-03-31,,North Carolina State Wolfpack,Duke Blue Devils,UNDER,143.0,149.5,1.479161010479108,,0.6882259880665429,140.0,1,,,2.5+ card leg 2,2.502474568255742,1.0
2024-04-02,,Utah Runnin' Utes,Indiana State Sycamores,UNDER,165.5,167.5,1.7659286754313095,,0.581475882520386,190.0,-1,302.05149544411694,-302.05149544411694,2.5+ card leg 1,2.679351802821623,0.0
2024-04-02,,Georgia Bulldogs,Seton Hall Pirates,OVER,144.5,139.5,1.517248029378774,,0.6505026203562395,151.0,1,,,2.5+ card leg 2,2.679351802821623,0.0
2024-04-06,,North Carolina State Wolfpack,Purdue Boilermakers,OVER,146.0,145.5,1.8695652173913042,,0.5357438987414186,113.0,-1,299.0309804896758,-299.0309804896758,2.5+ card leg 1,3.569169960474308,0.0
2024-04-06,,Alabama Crimson Tide,UConn Huskies,UNDER,161.5,161.5,1.9090909090909092,,0.5115631359663328,158.0,1,,,2.5+ card leg 2,3.569169960474308,0.0
