date,season,released,game_a,side_a,buf_a,thr_a,p_a,pc_a,pm_a,odds_a,win_a,game_b,side_b,buf_b,thr_b,p_b,pc_b,pm_b,odds_b,win_b,joint_model,joint_cons,joint_mkt,ev_double,card_2of2,profit_double,odds_close_a,odds_close_b,profit_double_close
2011-11-22,2011-12,True,20111122_UCLA@Kansas,-1,11.0,150.5,0.7946012557776382,0.7840610337370302,0.7437834628255713,1.2833036060978475,1.0,20111122_California@Missouri,-1,14.5,160.0,0.8033919902703799,0.7977118025631521,0.8040693645390679,1.1870866396547348,1.0,0.63837628435054,0.6254547405418948,0.5980534963088245,-0.02750231448026441,1,0.5233925654194973,1.252391778618922,1.154905418845468,0.44639405164450663
2011-11-23,2011-12,True,20111123_UCLA@Michigan,-1,8.0,136.5,0.7604745325584039,0.7466019491322307,0.6836108179260134,1.3962622810678,0.0,20111123_IllinoisState@Illinois,1,15.0,110.5,0.8435157774061613,0.8380309523632405,0.812888719295272,1.174207462034283,1.0,0.6414722665285892,0.625675542467535,0.5556995222802704,0.05169480052118813,0,-1.0,1.2999233706423015,1.1856898402208071,-1.0
2011-11-25,2011-12,True,20111125_WiscGreenBay@Virginia,1,9.0,105.5,0.7703429358497489,0.7607265287559064,0.6920031391164725,1.3793290030716843,1.0,20111125_VirginiaTech@OklahomaState,1,15.0,116.5,0.8283555544582527,0.8217857848506142,0.8050165967705741,1.1856898402208071,0.0,0.6381178497488169,0.6251542474903559,0.5570740120060969,0.04361391192263042,0,-1.0,1.3195629325924798,1.1632877186120927,-1.0
2011-11-26,2011-12,True,20111126_FloridaState@Connecticut,1,10.0,115.5,0.7738522704703725,0.7625631565482309,0.7131111073372979,1.3385010977658582,1.0,20111126_NCAsheville@UtahU,-1,14.5,154.0,0.8289802100059876,0.8217607998400146,0.8040693645390679,1.1870866396547348,1.0,0.6415082176881398,0.6266445094536005,0.5733907949224522,0.019303165383449894,1,0.5889167703210463,1.3195629325924798,1.1651123412695092,0.5374390578452837
2011-11-27,2011-12,True,20111127_VaCommonwealth@Alabama,1,9.5,113.0,0.7699653935984871,0.761751769168669,0.7131111073372979,1.3385010977658582,1.0,20111127_Oklahoma@SaintLouis,-1,14.5,141.0,0.8287536665910966,0.8232422924285842,0.811766315227357,1.1758310022172658,0.0,0.6381116430930031,0.6271062727119447,0.5788795759508986,0.004292703271958853,0,-1.0,1.2525915173013258,1.3962622810678,-1.0
2011-11-28,2011-12,True,20111128_LongBeachState@Louisville,1,10.0,124.5,0.7818509386581596,0.7723569724820911,0.723345568767032,1.3195629325924798,1.0,20111128_Georgia@Colorado,1,15.0,119.5,0.8176918530397832,0.8120026211016436,0.8050165967705741,1.1856898402208071,1.0,0.6393131428322844,0.627155886081588,0.5823051880579114,0.00026446065352292436,1,0.5645923627068772,1.3793290030716843,1.1632877186120927,0.6045564891987518
2011-11-29,2011-12,True,20111129_EasternMichigan@Syracuse,1,11.5,118.0,0.8035641161346018,0.7957027595731289,0.7431449459114129,1.2844062322584668,1.0,20111129_Manhattan@Pennsylvania,1,11.0,111.5,0.7941500913867637,0.7856007773268272,0.7333586156910888,1.3015460370647123,1.0,0.638150516263418,0.6251047064417515,0.5449917487914229,0.06680505104720846,1,0.6717138415772259,1.2238053811836804,1.174207462034283,0.4370014106635878
2011-11-30,2011-12,True,20111130_IndianaU@NCState,-1,8.0,157.5,0.7879548804901786,0.7691318945486435,0.6836108179260134,1.3962622810678,0.0,20111130_FloridaState@MichiganState,1,11.5,112.0,0.8249887719026818,0.8130218286859603,0.7527000444960056,1.2681014262980628,1.0,0.6500539291703169,0.6253210194066353,0.5145538930708611,0.1509869106774453,0,-1.0,1.3549069703184116,1.237838300763963,-1.0
2011-12-01,2011-12,True,20111201_Davidson@Wofford,1,9.0,122.5,0.7584958390028782,0.7473863509525401,0.7026613305756375,1.3584069002602577,1.0,20111201_IllinoisChicago@WiscGreenBay,1,14.5,112.0,0.8431608592528804,0.837157008461151,0.8050165967705741,1.1856898402208071,1.0,0.6395340033534013,0.6256797217281245,0.5656540330222831,0.03006496958138194,1,0.6106492605244269,1.2681014262980628,1.1247104834056807,0.42624696817912744
2011-12-02,2011-12,True,20111202_Vanderbilt@Louisville,1,9.5,125.0,0.7597901074132103,0.7503361756217352,0.7026613305756375,1.3584069002602577,0.0,20111202_Columbia@LoyolaMarymount,1,15.0,117.5,0.8407419426902069,0.8344560767971554,0.8050165967705741,1.1856898402208071,1.0,0.6387874109433833,0.6261225813882945,0.5656540330222831,0.028862471068273443,0,-1.0,1.2844062322584668,1.1856898402208071,-1.0
2011-12-03,2011-12,True,20111203_TheCitadel@Wofford,1,8.5,124.0,0.784077535111672,0.7674470461665224,0.6811442339655983,1.4013184761807846,1.0,20111203_MissouriSt@NewMexico,1,11.5,115.0,0.8293111390487296,0.8167286618920908,0.7527000444960056,1.2681014262980628,1.0,0.650244233745981,0.6267959990886215,0.5126972952141035,0.15549307969844905,1,0.7770139583426809,1.3195629325924798,1.2104580877333138,0.5972756240296566
2011-12-04,2011-12,True,20111204_Montana@OregonState,-1,14.5,149.0,0.870651477107814,0.8621951185912983,0.811766315227357,1.1758310022172658,1.0,20111204_Mississippi@PennState,1,7.0,120.5,0.7400098947109877,0.7261270427976764,0.6588590406035529,1.4487165557076107,1.0,0.6442907079045193,0.6260631917772913,0.5348395756449777,0.09751432588991782,1,0.7034458396264252,1.2243464935423272,1.529247554685897,0.8723288813378562
2011-12-05,2011-12,True,20111205_Brown@Providence,1,13.5,128.0,0.810720706186798,0.80504138158522,0.7885444441842533,1.2104580877333138,1.0,20111205_WiscMilwaukee@Depaul,1,12.5,124.0,0.7825442981838849,0.776748492623224,0.7620201692379684,1.2525915173013258,1.0,0.6344248660460915,0.6253146796456373,0.6008867708089445,-0.0380789702913773,1,0.5162095327435328,1.2681014262980628,1.1632877186120927,0.4751668151670143
2011-12-06,2011-12,True,20111206_Tulane@Wofford,1,6.5,116.0,0.7418015118464162,0.7263832905856168,0.6474520629314358,1.4742404181683488,0.0,20111206_GeorgeMason@Virginia,1,15.0,100.5,0.8682067708598201,0.8608130432047254,0.812888719295272,1.174207462034283,1.0,0.6440370952191096,0.6252802109020672,0.5263064782414166,0.11486949450278261,0,-1.0,1.3584069002602577,1.1247104834056807,-1.0
2011-12-07,2011-12,True,20111207_ColoradoState@Duke,-1,13.0,161.5,0.8553422541527529,0.8457642770277227,0.7879859779077594,1.2113159710460388,1.0,20111207_OklahomaState@MissouriSt,1,8.0,122.5,0.7535162042406786,0.7394894753417074,0.6700931095401577,1.4244289135505552,1.0,0.6445142486758482,0.6254337814819891,0.5280239742102525,0.11206647112551837,1,0.7254334926035448,1.1870866396547348,1.501062425983355,0.781891151172565
2011-12-08,2011-12,True,20111208_Harvard@Connecticut,1,13.5,116.0,0.8343883720091178,0.8269143477072765,0.7885444441842533,1.2104580877333138,1.0,20111208_WestVirginia@KansasState,1,10.5,124.0,0.7652445761256638,0.7566713112357578,0.7333586156910888,1.3015460370647123,1.0,0.6385111760623,0.6257023637593262,0.578285861997863,0.005953240484069422,1,0.5754669271222244,1.1336388770762593,1.2238053811836804,0.3873533580849511
2011-12-09,2011-12,True,20111209_IdahoU@OregonState,-1,9.0,147.5,0.7887524859134435,0.7758585998413176,0.7044764112296851,1.3549069703184116,1.0,20111209_Siena@Massachusetts,1,12.5,120.0,0.8153403774659946,0.8073327891882528,0.7711023317107786,1.237838300763963,1.0,0.6431017495919086,0.6263760874255834,0.5432234033344515,0.07858179191039794,1,0.6771557418321918,1.252391778618922,1.1632877186120927,0.4568919749581468
2011-12-10,2011-12,True,20111210_Princeton@Drexel,1,9.0,104.5,0.7760078638064255,0.7657465705176734,0.7026613305756375,1.3584069002602577,1.0,20111210_ULMonroe@TexasA&M,1,12.5,111.0,0.8252095129431061,0.8177371840196127,0.7620201692379684,1.2525915173013258,1.0,0.6403690713317206,0.626179444247798,0.5354421060422234,0.08960652015747828,1,0.7015289603095869,1.4244289135505552,1.2525915173013258,0.7842275741121689
2011-12-11,2011-12,True,20111211_NCGreensboro@FloridaState,1,8.5,128.0,0.7539026291584568,0.7433158178983191,0.6811442339655983,1.4013184761807846,1.0,20111211_JacksonvilleSt@Tulane,1,14.5,106.0,0.8483100868510275,0.8411526855983771,0.7969019632260101,1.1977633938006667,1.0,0.6395432048186285,0.6252420964729254,0.5428051772872621,0.07343999630193365,1,0.6784479738258753,1.4487165557076107,1.2238053811836804,0.7729471166848612
2011-12-12,2011-12,True,20111212_Fordham@Siena,1,11.0,117.5,0.7787197837398872,0.7722256787845105,0.7431449459114129,1.2844062322584668,1.0,20111212_PortlandState@Oregon,1,14.5,131.0,0.8165965697666615,0.811076721198939,0.7969019632260101,1.1977633938006667,1.0,0.6358999042114283,0.6263342715741659,0.5922136663582921,-0.021722196538482397,1,0.5384147677686286,1.3385010977658582,1.1004755606914003,0.47298774604993765
2011-12-13,2011-12,True,20111213_IllinoisChicago@OregonState,-1,12.5,150.0,0.8413836373423578,0.8323381891831337,0.7709843185765192,1.2380277743681076,1.0,20111213_CalSantaBarb@SanDiego,1,9.0,123.5,0.7627562951974891,0.7533711920744373,0.7026613305756375,1.3584069002602577,1.0,0.6417706660590445,0.6270596137939759,0.5417408671439281,0.07929491133209865,1,0.6817454714154867,1.2113159710460388,1.1856898402208071,0.4362450401664897
2011-12-14,2011-12,True,20111214_Cincinnati@WrightState,1,9.5,102.0,0.771741851269396,0.7619696726112238,0.7026613305756375,1.3584069002602577,1.0,20111214_ULLafayette@Mississippi,1,14.0,124.5,0.8282727507174787,0.8211151866816623,0.7885444441842533,1.2104580877333138,0.0,0.639212745994702,0.6256648699719302,0.5540796883685339,0.05105407854119104,0,-1.0,1.3584069002602577,1.2525915173013258,-1.0
2011-12-15,2011-12,True,20111215_OralRoberts@Gonzaga,-1,10.5,149.0,0.7978034470437445,0.7878752289478604,0.7342740514991855,1.2999233706423015,1.0,20111215_CalIrvine@LSU,1,11.5,127.0,0.8005990031868703,0.7932878766874645,0.7431449459114129,1.2844062322584668,0.0,0.638720644442271,0.6250118674666981,0.5456720502855161,0.06642694436649044,0,-1.0,1.3549069703184116,1.4013184761807846,-1.0
2011-12-16,2011-12,True,20111216_Canisius@UMKC,-1,10.5,147.0,0.7684588803916221,0.7605603944752461,0.7342740514991855,1.2999233706423015,1.0,20111216_WeberState@California,1,15.0,126.5,0.8291235806235724,0.823720181944483,0.8050165967705741,1.1856898402208071,1.0,0.6371473784722833,0.6264889465169176,0.5911027980348156,-0.01796096495994326,1,0.5413059336361634,1.1651123412695092,1.143028698303935,0.3317568428191373
2011-12-17,2011-12,True,20111217_Georgia@USC,1,7.5,101.0,0.7611366528056951,0.7485352681278118,0.6700931095401577,1.4244289135505552,1.0,20111217_TennesseeChat@Kentucky,1,13.0,128.5,0.8430888029453637,0.8352530062022939,0.7799442743721189,1.2238053811836804,1.0,0.6417057894917944,0.6252163329521949,0.5226352840820551,0.11863678527863541,1,0.7432237695167929,1.529247554685897,1.1632877186120927,0.7789548990836785
2011-12-18,2011-12,True,20111218_LoyolaMarymount@FloridaState,1,8.0,123.5,0.7788802145844992,0.7640418516369193,0.6811442339655983,1.4013184761807846,1.0,20111218_Canisius@SouthDakota,-1,11.5,157.0,0.8314676490263134,0.8190420902677013,0.7530738265896016,1.2674720144273033,0.0,0.6476137008936841,0.6257824352167073,0.512951894731916,0.1502473866189673,0,-1.0,1.3584069002602577,1.1651123412695092,-1.0
2011-12-19,2011-12,True,20111219_CalRiverside@SanDiegoState,1,15.0,105.5,0.8538087725466026,0.8479039386644429,0.8050165967705741,1.1856898402208071,1.0,20111219_LaSalle@Delaware,1,9.0,127.5,0.7497969222422857,0.7385357820898262,0.6920031391164725,1.3793290030716843,1.0,0.6401831898389063,0.6262073984785883,0.5570740120060969,0.046991685560708873,1,0.6354563852639905,1.1162211577484678,1.3385010977658582,0.49406324499580134
2011-12-20,2011-12,True,20111220_IPFW@Purdue,-1,9.0,150.5,0.7865595824603208,0.7747040928348681,0.7044764112296851,1.3549069703184116,1.0,20111220_Samford@Kentucky,-1,11.5,147.0,0.8148922766806994,0.8071842116886985,0.7530738265896016,1.2674720144273033,1.0,0.6409613288961111,0.6253289124669212,0.5305227467468487,0.10072716342238697,1,0.7173066670310715,1.2833036060978475,1.2674720144273033,0.6265514067426614
2011-12-21,2011-12,True,20111221_St.Peter's@UtahState,-1,9.0,127.5,0.7795574217399849,0.7681491456476762,0.7044764112296851,1.3549069703184116,1.0,20111221_OklahomaState@Alabama,1,13.0,108.5,0.820456131362615,0.8143542387582151,0.7799442743721189,1.2238053811836804,1.0,0.6395926664158025,0.6255455127566867,0.5494523433688111,0.06053574531481143,1,0.6581424412789492,1.3356836341920717,1.1856898402208071,0.5837065148107445
2011-12-22,2011-12,True,20111222_SanJoseState@CalRiverside,1,8.0,116.5,0.7499135634209682,0.737974049123917,0.6700931095401577,1.4244289135505552,1.0,20111222_TheCitadel@DenverU,-1,13.5,142.0,0.8554976215637433,0.8481429261603887,0.7961426725285496,1.1989057149373836,1.0,0.6415492698850296,0.6259074694543894,0.5334897190722673,0.09560959247331757,1,0.7077559649778091,1.3584069002602577,1.1271199028491803,0.5310874534509977
2011-12-23,2011-12,True,20111223_Richmond@UCLA,-1,14.5,144.0,0.8583945890428063,0.8512081464601633,0.811766315227357,1.1758310022172658,1.0,20111223_Xavier@Hawaii,1,9.0,122.5,0.7449714837858755,0.7361886078579419,0.6920031391164725,1.3793290030716843,1.0,0.6394794906729863,0.6266497403398468,0.5617448383663429,0.0371448024901293,1,0.6218578040691205,1.154905418845468,1.174207462034283,0.3560985607521776
2011-12-25,2011-12,True,20111225_Clemson@Hawaii,1,9.0,117.5,0.7726265406870291,0.7615225816775577,0.7026613305756375,1.3584069002602577,1.0,20111225_SoIllinois@Xavier,1,15.0,111.5,0.8277214533035805,0.8221585586259635,0.8050165967705741,1.1856898402208071,1.0,0.6395195631183856,0.6260923081131434,0.5656540330222831,0.030041711427532203,1,0.6106492605244269,1.2681014262980628,1.0931797102930154,0.38626274982267583
2011-12-27,2011-12,True,20111227_Pittsburgh@NotreDame,-1,7.0,143.5,0.7590239106845819,0.7447770200686813,0.6728988327422933,1.4184896058001548,1.0,20111227_Wisconsin@Nebraska,1,14.0,90.5,0.8476134602822687,0.8415096249530549,0.7969019632260101,1.1977633938006667,1.0,0.643358883372338,0.6267370308316499,0.5362344008648242,0.09307634453969738,1,0.6990149243141632,1.2380277743681076,1.0862436763572574,0.34479984106200634
2011-12-28,2011-12,True,20111228_ColoradoState@UTEP,-1,7.5,145.0,0.7802989154296298,0.7629907039810395,0.6728988327422933,1.4184896058001548,1.0,20111228_UAB@GeoWashington,1,13.0,101.5,0.8302722181237493,0.8216129829980282,0.7711023317107786,1.237838300763963,1.0,0.6478605113133146,0.6268830682976274,0.5188738589330436,0.13755285190329025,1,0.7558607632950074,1.3173698978695219,1.1529034269953005,0.5188002698742207
2011-12-29,2011-12,True,20111229_ArkPineBluff@UTEP,-1,12.5,140.0,0.8600712312164553,0.8498827345475682,0.7795995700844482,1.2243464935423272,1.0,20111229_GeorgiaTech@Fordham,1,6.5,119.0,0.7528343315152971,0.7354074512052292,0.6474520629314358,1.4742404181683488,1.0,0.6474911504083787,0.6250100956369575,0.5047533499116365,0.168709280242757,1,0.804981086622792,1.1651123412695092,1.4742404181683488,0.7176557052062653
2011-12-30,2011-12,True,20111230_Princeton@FloridaState,1,7.5,112.0,0.7545696044136256,0.7398744756058375,0.6588590406035529,1.4487165557076107,1.0,20111230_Towson@Virginia,-1,15.0,131.5,0.8543811493166195,0.848816581513768,0.811766315227357,1.1758310022172658,1.0,0.6446900458583004,0.6280177231330387,0.5348395756449777,0.09819457646589091,1,0.7034458396264252,1.4244289135505552,1.1870866396547348,0.6909205324137733
2011-12-31,2011-12,True,20111231_LouisianaTech@SMU,1,10.0,111.5,0.7872239982528001,0.7777331045983835,0.723345568767032,1.3195629325924798,1.0,20111231_USC@Stanford,1,12.0,99.5,0.8117451577442223,0.8040863282700641,0.7527000444960056,1.2681014262980628,0.0,0.6390252686417566,0.6253645564505919,0.5444622417969335,0.06930631100568152,0,-1.0,1.3015460370647123,1.2238053811836804,-1.0
2012-01-01,2011-12,True,20120101_Rutgers@SouthFlorida,1,10.5,108.0,0.7773544346026191,0.7697720444963105,0.723345568767032,1.3195629325924798,1.0,20120101_Evansville@NorthernIowa,-1,12.0,146.5,0.8204517852337481,0.8127769385701061,0.7709843185765192,1.2380277743681076,1.0,0.6377818336290897,0.6256529657225628,0.5576880904311949,0.04191583894259687,1,0.6336555605761209,1.2525915173013258,1.1758310022172658,0.4728359391572634
2012-01-02,2011-12,True,20120102_Niagara@LoyolaMaryland,-1,10.0,155.5,0.791201671316343,0.7790193092766873,0.724549727106743,1.3173698978695219,1.0,20120102_Virginia@LSU,1,11.5,100.0,0.8105297218462129,0.8026417457318465,0.7527000444960056,1.2681014262980628,1.0,0.6412924705762942,0.6252734183566575,0.5453686118328142,0.07131668162481453,1,0.670558646450474,1.2833036060978475,1.2104580877333138,0.5533852290184662
2012-01-03,2011-12,True,20120103_SouthernUtah@IPFW,-1,11.5,157.0,0.8250491740921371,0.8130946345723964,0.7530738265896016,1.2674720144273033,1.0,20120103_Alabama@GeorgiaTech,1,9.0,107.5,0.7805029026257821,0.7687310774746342,0.7026613305756375,1.3584069002602577,1.0,0.6439532751879172,0.6250511145236822,0.5291558570131364,0.10872187019789514,1,0.7217427302848176,1.2833036060978475,1.3385010977658582,0.7177032855288534
2012-01-04,2011-12,True,20120104_UTEP@Marshall,-1,12.0,142.5,0.8432914501871945,0.8336231939764195,0.7709843185765192,1.2380277743681076,1.0,20120104_EastCarolina@SouthernMiss,1,9.0,122.5,0.7608860669439289,0.7498571979167308,0.6920031391164725,1.3793290030716843,1.0,0.6416487148203766,0.6250983523535533,0.5335235686645258,0.09570989804044006,1,0.707647615794218,1.1870866396547348,1.3195629325924798,0.5664355274641542
2012-01-05,2011-12,True,20120105_BYU@LoyolaMarymount,1,7.0,138.5,0.7493451389029651,0.7314000399050915,0.6474520629314358,1.4742404181683488,0.0,20120105_SouthDakotaSt@SouthernUtah,-1,15.0,165.5,0.8668376816757564,0.8571826254792647,0.811766315227357,1.1758310022172658,1.0,0.6495606029816439,0.6269434064814853,0.5255797754122025,0.12598575636686737,0,-1.0,1.1977633938006667,1.1187301268648777,-1.0
2012-01-06,2011-12,True,20120106_Butler@WrightState,1,9.0,107.5,0.7601646458962307,0.751849090375316,0.7026613305756375,1.3584069002602577,1.0,20120106_Valparaiso@DetroitU,-1,14.5,165.0,0.8422263531254361,0.8347558710027062,0.8040693645390679,1.1870866396547348,1.0,0.6402306974880709,0.6276104422988393,0.5649884495621288,0.032401887277855534,1,0.6125466825137538,1.3584069002602577,1.1271199028491803,0.5310874534509977
2012-01-07,2011-12,True,20120107_Mississippi@LSU,1,12.0,109.5,0.8399181439343759,0.8277997508431589,0.7527000444960056,1.2681014262980628,1.0,20120107_FloridaState@Clemson,1,8.0,109.5,0.7735890712443125,0.7565215617825829,0.6700931095401577,1.4244289135505552,1.0,0.6497514968874407,0.6262483603510995,0.5043791133673434,0.17365934278087125,1,0.8063203369336591,1.1977633938006667,1.3385010977658582,0.6032076174659522
2012-01-08,2011-12,True,20120108_Columbia@Elon,1,6.0,117.5,0.7423221733038732,0.7241492149975953,0.6358829476227156,1.501062425983355,1.0,20120108_Arizona@USC,1,15.0,93.5,0.8736444265527323,0.8653674652802547,0.812888719295272,1.174207462034283,1.0,0.6485256294134403,0.6266551706671553,0.5169020749147317,0.14306449131313226,1,0.762558701568939,1.3195629325924798,1.143028698303935,0.5082983011713054
2012-01-09,2011-12,True,20120109_Oklahoma@OklahomaState,1,9.5,120.0,0.7681075982167395,0.7589311537728988,0.7131111073372979,1.3385010977658582,1.0,20120109_IdahoState@Wyoming,1,14.5,104.0,0.8296892793554217,0.8243217183005863,0.7969019632260101,1.1977633938006667,1.0,0.6372906396318704,0.6256034327499224,0.5682796414353667,0.021709207997563595,1,0.6032076174659522,1.2844062322584668,1.143028698303935,0.46811318375185706
2012-01-10,2011-12,True,20120110_FloridaState@VirginiaTech,1,7.0,116.5,0.7498445846689765,0.7350573443527857,0.6588590406035529,1.4487165557076107,1.0,20120110_NorthernIowa@Creighton,-1,14.5,158.0,0.8589479258809726,0.8506042805239287,0.811766315227357,1.1758310022172658,1.0,0.6440774507344967,0.6252429235370309,0.5348395756449777,0.09715105385087242,1,0.7034458396264252,1.2681014262980628,1.1107423879426672,0.4085340063998124
2012-01-11,2011-12,True,20120111_LSU@Alabama,1,9.0,108.5,0.7751796932581555,0.76413234002169,0.6920031391164725,1.3793290030716843,1.0,20120111_DenverU@ColoradoState,-1,12.0,137.5,0.8305191673891367,0.8201266748507999,0.7621417006206933,1.252391778618922,0.0,0.6438015934217297,0.6266853151679495,0.5274044492810865,0.11214169593879486,0,-1.0,1.3015460370647123,1.3173698978695219,-1.0
2012-01-12,2011-12,True,20120112_Wofford@TennesseeChat,1,7.0,116.5,0.7723955182602863,0.7513377795538011,0.6474520629314358,1.4742404181683488,0.0,20120112_LoyolaMarymount@Pepperdine,1,12.5,109.0,0.8460666199023944,0.8327784362742984,0.7620201692379684,1.2525915173013258,1.0,0.6534980653622385,0.625697901170618,0.4933715305684845,0.20676327857439358,0,-1.0,1.2681014262980628,1.143028698303935,-1.0
2012-01-13,2011-12,True,20120113_Princeton@Cornell,1,7.5,116.0,0.7536650337849913,0.7373918022001913,0.6588590406035529,1.4487165557076107,1.0,20120113_Drake@Evansville,-1,14.5,161.0,0.8582266337289782,0.8485648543143309,0.8040693645390679,1.1870866396547348,1.0,0.6468154049045297,0.6257247672065872,0.5297683700989188,0.11236213015168839,1,0.719752067927129,1.3195629325924798,1.1271199028491803,0.4873056443870152
2012-01-14,2011-12,True,20120114_TCU@ColoradoState,-1,10.5,161.0,0.8568485499786692,0.8409631316000694,0.7437834628255713,1.2833036060978475,0.0,20120114_NorthCarolina@FloridaState,1,7.5,135.0,0.7643685412655655,0.7456642367957893,0.6588590406035529,1.4487165557076107,1.0,0.6549480762327105,0.6270761316979627,0.4900484587340443,0.2176422492825214,0,-1.0,1.2380277743681076,1.2681014262980628,-1.0
2012-01-15,2011-12,True,20120115_Nebraska@Wisconsin,1,8.5,96.0,0.7727806981058977,0.7619770706340476,0.6811442339655983,1.4013184761807846,0.0,20120115_SoIllinois@Creighton,-1,12.0,162.5,0.8328748063588144,0.8224472082601433,0.7621417006206933,1.252391778618922,1.0,0.6436295742927789,0.6266859145012145,0.5191284248425205,0.12956973476495692,0,-1.0,1.1856898402208071,1.2113159710460388,-1.0
2012-01-16,2011-12,True,20120116_Louisville@Marquette,1,8.5,125.0,0.754141775732716,0.7431881807242332,0.6920031391164725,1.3793290030716843,1.0,20120116_IdahoState@PortlandState,-1,15.0,159.5,0.8504888975457038,0.842921853067751,0.811766315227357,1.1758310022172658,1.0,0.6413892074360771,0.6264495584741213,0.5617448383663429,0.04024209152590963,1,0.6218578040691205,1.3385010977658582,1.1758310022172658,0.5738510872549396
2012-01-17,2011-12,True,20120117_BoiseState@ColoradoState,-1,7.5,159.0,0.7535127428167575,0.7388553659765862,0.6728988327422933,1.4184896058001548,1.0,20120117_Auburn@LSU,1,15.0,107.5,0.8536316630405307,0.847230452007406,0.8050165967705741,1.1856898402208071,1.0,0.6432223357729004,0.6259807656844405,0.5416947283050928,0.08182838716521967,1,0.6818887140560612,1.2674720144273033,1.2681014262980628,0.6072830692881421
2012-01-18,2011-12,True,20120118_GeorgiaState@Northeastern,1,8.0,109.5,0.7661348825164395,0.7536267414440022,0.6811442339655983,1.4013184761807846,1.0,20120118_OldDominion@Towson,1,12.5,96.0,0.8400956266617612,0.8322248815859299,0.7711023317107786,1.237838300763963,1.0,0.643626564235083,0.627186925658225,0.525231907042225,0.11643829501233371,1,0.7346056813847686,1.3195629325924798,1.174207462034283,0.5494406420739315
2012-01-19,2011-12,True,20120119_IPFW@OralRoberts,-1,7.0,154.5,0.7735496605570351,0.757794469810609,0.6728988327422933,1.4184896058001548,1.0,20120119_DenverU@ULMonroe,-1,11.5,132.0,0.8356550760166999,0.8255344686317272,0.7530738265896016,1.2674720144273033,1.0,0.6464207003954815,0.6255854549671626,0.5067424988809152,0.1621971127645374,1,0.7978958781077137,1.3962622810678,1.1651123412695092,0.6268024153212102
2012-01-20,2011-12,True,20120120_WiscMilwaukee@YoungstownState,1,7.5,117.0,0.7618788493112783,0.7455201271820711,0.6588590406035529,1.4487165557076107,1.0,20120120_WiscGreenBay@ClevelandState,1,15.0,111.5,0.849018591685428,0.8429999371409794,0.812888719295272,1.174207462034283,1.0,0.6468493076771759,0.6284734203518209,0.5355790817123337,0.10035134041008997,1,0.7010937900844816,1.3195629325924798,1.143028698303935,0.5082983011713054
2012-01-21,2011-12,True,20120121_TennesseeChat@Elon,1,5.0,129.5,0.7426077846819049,0.7193408430133792,0.6123048665600911,1.558863977943455,1.0,20120121_Harvard@Dartmouth,1,15.0,97.5,0.8821078167611195,0.8727260387347233,0.8050165967705741,1.1856898402208071,0.0,0.6550601316555666,0.6277874844231629,0.49291557986426504,0.210766756605286,0,-1.0,1.3385010977658582,1.1529034269953005,-1.0
2012-01-22,2011-12,True,20120122_WiscMilwaukee@ClevelandState,1,8.5,112.0,0.7614465272460675,0.7495394622613303,0.6811442339655983,1.4013184761807846,1.0,20120122_Wisconsin@Illinois,1,13.0,95.5,0.8425702033342135,0.8345651954768898,0.7799442743721189,1.2238053811836804,1.0,0.6415721552898499,0.62553954783977,0.5312545453030514,0.10025845252679688,1,0.7149410919021593,1.2104580877333138,1.1336388770762593,0.3722223473258699
2012-01-23,2011-12,True,20120123_JamesMadison@GeorgiaState,1,8.5,119.0,0.755077876212127,0.744514288283296,0.6811442339655983,1.4013184761807846,1.0,20120123_TexasA&M@Kansas,1,14.0,110.5,0.8461317109400995,0.8396978622342832,0.7969019632260101,1.1977633938006667,1.0,0.6388953352923836,0.6251670562743625,0.5428051772872621,0.07235258100830455,1,0.6784479738258753,1.3584069002602577,1.143028698303935,0.5526980709715656
2012-01-24,2011-12,True,20120124_EasternMichigan@Buffalo,1,9.0,105.5,0.7757360776773468,0.7652775922552646,0.6920031391164725,1.3793290030716843,1.0,20120124_Tennessee@Vanderbilt,1,13.5,116.0,0.8250266354795548,0.8177054886943911,0.7799442743721189,1.2238053811836804,0.0,0.640002926186248,0.6257716875619581,0.5397238862014255,0.08034430357530531,0,-1.0,1.3015460370647123,1.1977633938006667,-1.0
2012-01-25,2011-12,True,20120125_SMU@Tulane,1,6.0,100.5,0.7515462012429264,0.7319456525309259,0.6241631690534575,1.529247554685897,1.0,20120125_VaCommonwealth@Towson,1,14.5,102.0,0.8660029276194992,0.8583855997430102,0.7969019632260101,1.1977633938006667,1.0,0.6508412105176875,0.6282916079270477,0.4973968547920683,0.19213070742985283,1,0.8316767410619506,1.3195629325924798,1.1529034269953005,0.5213286271218387
2012-01-26,2011-12,True,20120126_BostonCollege@Virginia,1,10.0,100.5,0.8080215380395379,0.7960715702904306,0.7131111073372979,1.3385010977658582,1.0,20120126_Butler@WiscMilwaukee,1,10.0,109.5,0.7978112909744696,0.7851592061788905,0.7131111073372979,1.3385010977658582,0.0,0.6446487063985002,0.6250429221908174,0.5085274514078272,0.15494307431132381,0,-1.0,1.1977633938006667,1.2844062322584668,-1.0
2012-01-27,2011-12,True,20120127_Dartmouth@Brown,1,6.5,112.0,0.7584775990674875,0.7388669684980891,0.6358829476227156,1.501062425983355,1.0,20120127_LoyolaChicago@WrightState,1,14.5,91.0,0.8561831242280769,0.8490077113096666,0.7969019632260101,1.1977633938006667,0.0,0.6493957204266121,0.6273037538868741,0.5067363693424842,0.1675600117782996,0,-1.0,1.4487165557076107,1.1004755606914003,-1.0
2012-01-28,2011-12,True,20120128_VaCommonwealth@GeorgiaState,1,10.5,108.0,0.8324188603598991,0.8173429511686812,0.7333586156910888,1.3015460370647123,1.0,20120128_Columbia@Cornell,1,7.5,115.0,0.7850717181722793,0.7661558149118095,0.6700931095401577,1.4244289135505552,1.0,0.6535085049417566,0.6262120548150643,0.4914185551965072,0.2115785020293517,1,0.8539598075121189,1.143028698303935,1.2844062322584668,0.46811318375185706
2012-01-29,2011-12,True,20120129_MiamiFlorida@BostonCollege,1,7.5,123.0,0.7447222314107984,0.732968360870408,0.6700931095401577,1.4244289135505552,1.0,20120129_Providence@SouthFlorida,1,15.0,107.5,0.8610985836701428,0.8543148023285169,0.812888719295272,1.174207462034283,1.0,0.6412792586955068,0.6261857203300596,0.5447111296226852,0.0725876942228687,1,0.6725750594284488,1.3793290030716843,1.1162211577484678,0.5396362167247153
2012-01-30,2011-12,True,20120130_Princeton@Pennsylvania,1,8.5,117.0,0.7676409705161725,0.7553354022001393,0.6920031391164725,1.3793290030716843,1.0,20120130_WesternCarolina@Wofford,1,14.0,115.5,0.8354615611780803,0.8282370591608148,0.7885444441842533,1.2104580877333138,1.0,0.6413345236516983,0.6255967721982946,0.5456752307083573,0.07078491365364958,1,0.6696199474132489,1.4013184761807846,1.174207462034283,0.645438611417988
2012-01-31,2011-12,True,20120131_YoungstownState@WiscMilwaukee,1,7.5,118.0,0.7580007030484609,0.7429587755506489,0.6588590406035529,1.4487165557076107,1.0,20120131_Clemson@Virginia,1,13.5,94.0,0.8500855425801132,0.8424407625571857,0.7885444441842533,1.2104580877333138,1.0,0.6443654389270581,0.6258987574234417,0.5195396359684991,0.12996611017033088,1,0.7536106716894271,1.3793290030716843,1.1081496082810915,0.5285028944446355
2012-02-01,2011-12,True,20120201_VaCommonwealth@William&Mary,1,8.0,113.5,0.7758736969139759,0.762757503833422,0.6811442339655983,1.4013184761807846,1.0,20120201_EasternMichigan@MiamiOhio,1,11.5,92.0,0.8319669782054251,0.8220471092394274,0.7527000444960056,1.2681014262980628,1.0,0.6455012950905924,0.627022601076946,0.5126972952141035,0.14706481150426054,1,0.7770139583426809,1.2681014262980628,1.143028698303935,0.4494763226188381
2012-02-02,2011-12,True,20120202_CollCharleston@Elon,1,6.5,131.0,0.7484622026499028,0.7287492909713963,0.6358829476227156,1.501062425983355,1.0,20120202_WrightState@Butler,1,15.0,100.5,0.8706933228246516,0.8620459397593531,0.8050165967705741,1.1856898402208071,1.0,0.6516810422339017,0.6282153673843995,0.5118963264396797,0.15985831388509553,1,0.7797944680256612,1.2844062322584668,1.143028698303935,0.46811318375185706
2012-02-03,2011-12,True,20120203_Columbia@Dartmouth,1,4.5,105.0,0.7474089156340494,0.7234808537611451,0.6003208000297999,1.5899832222248815,1.0,20120203_Cornell@Harvard,1,14.5,106.0,0.8744424944308983,0.8656077582066637,0.8050165967705741,1.1856898402208071,1.0,0.653566116546931,0.6262506399296279,0.4832682074105779,0.2321204582946217,1,0.8852269527135839,1.3195629325924798,1.0931797102930154,0.4425194243648489
2012-02-04,2011-12,True,20120204_Columbia@Harvard,1,12.0,101.5,0.8403426947979319,0.8293944906309029,0.7527000444960056,1.2681014262980628,1.0,20120204_Cornell@Dartmouth,1,7.5,113.0,0.7726876364975517,0.7559369444916694,0.6700931095401577,1.4244289135505552,1.0,0.6493224106913974,0.6269699370257492,0.5043791133673434,0.1728842756586606,1,0.8063203369336591,1.174207462034283,1.2525915173013258,0.4708023064960616
2012-02-05,2011-12,True,20120205_YoungstownState@LoyolaChicago,1,9.5,108.0,0.7816191026282097,0.7714586548244676,0.7131111073372979,1.3385010977658582,1.0,20120205_Siena@Fairfield,1,12.5,113.0,0.8184966186980088,0.8111133834542987,0.7711023317107786,1.237838300763963,1.0,0.6397525926109615,0.6257404397097759,0.5498816376366457,0.05997275521566414,1,0.6568479244291892,1.2681014262980628,1.174207462034283,0.4890141573755027
2012-02-06,2011-12,True,20120206_Connecticut@Louisville,1,9.0,119.5,0.7739301589215435,0.7626577633648827,0.7026613305756375,1.3584069002602577,1.0,20120206_AppalachianSt@Elon,1,14.0,124.5,0.8301945383497794,0.8215121602843999,0.7885444441842533,1.2104580877333138,1.0,0.6425125910008422,0.6265326267395535,0.5540796883685339,0.05647999592783548,1,0.6442946188527698,1.2844062322584668,1.1336388770762593,0.4560528388472376
2012-02-07,2011-12,True,20120207_Alabama@Auburn,1,11.5,106.0,0.7939682975471454,0.7871031655913945,0.7431449459114129,1.2844062322584668,1.0,20120207_Creighton@Evansville,-1,12.0,165.5,0.8028267185216359,0.7945123385205782,0.7621417006206933,1.252391778618922,1.0,0.6374189629299846,0.6253631767509688,0.5663817528845974,0.02533927153138471,1,0.6085798056874097,1.174207462034283,1.2113159710460388,0.4223362520835623
2012-02-08,2011-12,True,20120208_Towson@VaCommonwealth,1,12.5,105.0,0.8495052963146845,0.8402014215228939,0.7620201692379684,1.2525915173013258,1.0,20120208_FloridaState@BostonCollege,1,7.5,117.0,0.7622466987669663,0.7463292060468849,0.6588590406035529,1.4487165557076107,1.0,0.6475326077009218,0.6270668598446455,0.502063877624685,0.17504509101975851,1,0.8146500686533467,1.1336388770762593,1.558863977943455,0.7671888094704491
2012-02-09,2011-12,True,20120209_California@USC,1,13.0,100.5,0.8592363588651458,0.8489225502508299,0.7799442743721189,1.2238053811836804,1.0,20120209_Elon@TennesseeChat,1,7.0,136.5,0.7564736895877131,0.7370822734598333,0.6474520629314358,1.4742404181683488,1.0,0.6499896986186292,0.6257257633302012,0.5049765294137901,0.17270059641256563,1,0.8041833569129047,1.1529034269953005,1.2238053811836804,0.41092941794195514
2012-02-10,2011-12,True,20120210_Brown@Columbia,1,7.5,117.0,0.7706018960363723,0.7538399260149059,0.6588590406035529,1.4487165557076107,1.0,20120210_Dartmouth@Princeton,1,12.0,105.5,0.8402978070292357,0.8293097933006286,0.7527000444960056,1.2681014262980628,1.0,0.6475350833319348,0.6251668332251827,0.49592322917888987,0.18959934833419423,1,0.8371195305944381,1.3793290030716843,1.2104580877333138,0.6696199474132489
2012-02-11,2011-12,True,20120211_Brown@Cornell,1,6.5,124.0,0.7686327793646349,0.749330310019051,0.6474520629314358,1.4742404181683488,1.0,20120211_Ohio@EasternMichigan,1,12.0,99.5,0.84721446563952,0.8343710185577884,0.7527000444960056,1.2681014262980628,1.0,0.6511968094424282,0.625219494006819,0.4873371965775223,0.21740356398906524,1,0.8694863769855357,1.2844062322584668,1.1977633938006667,0.5384147677686286
2012-02-12,2011-12,True,20120212_WiscMilwaukee@WrightState,1,7.5,105.0,0.7786033625388393,0.7630299349888555,0.6700931095401577,1.4244289135505552,1.0,20120212_BostonCollege@VirginiaTech,1,12.0,109.5,0.8323588995428265,0.8217109694640577,0.7527000444960056,1.2681014262980628,1.0,0.6480774380231726,0.6269900676097895,0.5043791133673434,0.17063545620911968,1,0.8063203369336591,1.2844062322584668,1.3015460370647123,0.6717138415772259
2012-02-13,2011-12,True,20120213_Syracuse@Louisville,1,10.5,127.0,0.7708811991933936,0.761861313733093,0.723345568767032,1.3195629325924798,0.0,20120213_IowaState@Baylor,1,15.0,125.5,0.831453908915926,0.8254804384758174,0.8050165967705741,1.1856898402208071,1.0,0.6409521863791436,0.6289016113181559,0.5823051880579114,0.0028288956690829536,0,-1.0,1.2681014262980628,1.1632877186120927,-1.0
2012-02-14,2011-12,True,20120214_ClevelandState@WiscMilwaukee,1,8.0,110.5,0.7550292950527435,0.7422847537198384,0.6700931095401577,1.4244289135505552,1.0,20120214_LoyolaChicago@Butler,1,13.5,98.0,0.8503731910126767,0.8434586586455903,0.7885444441842533,1.2104580877333138,1.0,0.6420566709420533,0.6260865027056073,0.5283981986140416,0.1070414949249594,1,0.7242114988084467,1.3015460370647123,1.1336388770762593,0.4754831879210959
2012-02-15,2011-12,True,20120215_AirForce@Wyoming,1,14.5,94.0,0.869071760763117,0.8602483000714761,0.7969019632260101,1.1977633938006667,1.0,20120215_CollCharleston@NCGreensboro,1,7.5,140.0,0.7428046514609445,0.7269930494084635,0.6588590406035529,1.4487165557076107,1.0,0.6455505463481965,0.6253945349174094,0.5250460629461768,0.1201719985268781,1,0.7352196584195603,1.1081496082810915,1.2844062322584668,0.4233142631510127
2012-02-16,2011-12,True,20120216_Wisconsin@MichiganState,1,12.0,99.5,0.8337933568762096,0.8252104594807617,0.7620201692379684,1.2525915173013258,1.0,20120216_VirginiaTech@FloridaState,1,9.0,117.5,0.7699301863343784,0.7578965471613248,0.6920031391164725,1.3793290030716843,0.0,0.6419626746240669,0.6254241579218796,0.5273203491827397,0.10914190087083653,0,-1.0,1.1247104834056807,1.3015460370647123,-1.0
2012-02-17,2011-12,True,20120217_Brown@Harvard,1,12.5,111.0,0.8460580774394542,0.8367317787290154,0.7620201692379684,1.2525915173013258,0.0,20120217_Columbia@Princeton,1,7.5,112.0,0.7608243145306847,0.747604270682665,0.6700931095401577,1.4244289135505552,1.0,0.6437015568210216,0.6255442511937146,0.5106244647369874,0.14851006717899784,0,-1.0,1.1977633938006667,1.3385010977658582,-1.0
2012-02-18,2011-12,True,20120218_Brown@Dartmouth,1,14.0,108.5,0.8651842052382969,0.8543971576783432,0.7969019632260101,1.1977633938006667,1.0,20120218_ULLafayette@NorthTexas,1,7.0,132.5,0.7504748163713886,0.7321446678077789,0.6474520629314358,1.4742404181683488,0.0,0.6492989575536366,0.6255423231843211,0.5159558200447915,0.14652638966603093,0,-1.0,1.174207462034283,1.3195629325924798,-1.0
2012-02-19,2011-12,True,20120219_PennState@Wisconsin,1,12.5,98.0,0.8379416025083867,0.8312158000361854,0.7711023317107786,1.237838300763963,1.0,20120219_Syracuse@Rutgers,1,9.0,120.5,0.7614066185257626,0.7530287861152529,0.7026613305756375,1.3584069002602577,1.0,0.6380142820879694,0.6259294249010675,0.5418237904098723,0.07281341604756819,1,0.6814880891641997,1.143028698303935,1.3015460370647123,0.4877044725287232
2012-02-20,2011-12,True,20120220_Connecticut@Villanova,1,10.0,127.5,0.771709602802145,0.762774836489952,0.723345568767032,1.3195629325924798,1.0,20120220_Fairfield@Marist,1,15.0,117.5,0.8266819793409058,0.8212936155665649,0.8050165967705741,1.1856898402208071,0.0,0.6379584219208614,0.6264621033240281,0.5823051880579114,-0.0018551253380887367,0,-1.0,1.3195629325924798,1.143028698303935,-1.0
2012-02-21,2011-12,True,20120221_Virginia@VirginiaTech,1,14.0,99.5,0.8433376958721713,0.8357860053543678,0.7885444441842533,1.2104580877333138,1.0,20120221_Wofford@NCGreensboro,1,8.5,128.0,0.7631455251246791,0.7500976264594733,0.6920031391164725,1.3793290030716843,0.0,0.6435893887738051,0.6269210988443559,0.5456752307083573,0.07454968144024554,0,-1.0,1.1529034269953005,1.3015460370647123,-1.0
2012-02-22,2011-12,True,20120222_Tulane@SMU,1,12.5,100.0,0.8383384256476261,0.8282211055140158,0.7620201692379684,1.2525915173013258,1.0,20120222_OldDominion@GeorgiaState,1,8.0,110.5,0.7712707439677958,0.7575996357265958,0.6811442339655983,1.4013184761807846,1.0,0.6465859012460352,0.6274600078384969,0.5190456444419316,0.1349390655769287,1,0.7552796363016707,1.1336388770762593,1.2525915173013258,0.41998644110872285
2012-02-23,2011-12,True,20120223_USC@Arizona,1,12.0,102.5,0.8420144234802203,0.8312473508996282,0.7527000444960056,1.2681014262980628,1.0,20120223_NorthTexas@ArkansasLR,1,8.5,122.0,0.7677332776237025,0.7532282956306434,0.6811442339655983,1.4013184761807846,1.0,0.6464424931449018,0.6261190253656144,0.5126972952141035,0.14873733358433316,1,0.7770139583426809,1.174207462034283,1.3195629325924798,0.5494406420739315
2012-02-24,2011-12,True,20120224_Cornell@Brown,1,6.0,127.5,0.748500657167042,0.7292293461054373,0.6358829476227156,1.501062425983355,1.0,20120224_Pennsylvania@Dartmouth,1,15.0,104.5,0.8695974428956652,0.8611129831523868,0.812888719295272,1.174207462034283,1.0,0.6508942574781846,0.6279488576271175,0.5169020749147317,0.14723933731942784,1,0.762558701568939,1.4487165557076107,1.1632877186120927,0.6852741770046751
2012-02-25,2011-12,True,20120225_GeorgeMason@VaCommonwealth,1,9.0,121.5,0.7838227681657586,0.7700392071673302,0.6920031391164725,1.3793290030716843,1.0,20120225_WiscMilwaukee@LoyolaChicago,1,11.0,103.5,0.8234370791254455,0.8128504530386529,0.7431449459114129,1.2844062322584668,1.0,0.6454287307704335,0.6259267184034895,0.5142586353892389,0.143453652761951,1,0.7716187678801292,1.2844062322584668,1.1856898402208071,0.5229074203051505
2012-02-26,2011-12,True,20120226_California@Colorado,1,12.0,120.5,0.8300596208306661,0.8175896144973447,0.7527000444960056,1.2681014262980628,1.0,20120226_FloridaState@MiamiFlorida,1,9.0,119.5,0.7815176857280794,0.7665794693557525,0.6920031391164725,1.3793290030716843,1.0,0.6487062738879092,0.6267474128321487,0.5208707936043444,0.13467100552496136,1,0.7491290761294878,1.1977633938006667,1.2844062322584668,0.5384147677686286
2012-02-27,2011-12,True,20120227_Kansas@OklahomaState,1,10.5,127.0,0.7652511389857444,0.7585011478247926,0.723345568767032,1.3195629325924798,1.0,20120227_TexasTech@Baylor,1,14.0,115.5,0.8315595536412104,0.8262205111453238,0.7969019632260101,1.1977633938006667,1.0,0.6363518955584134,0.6266892060601149,0.5764355038412827,0.005769555676103266,1,0.5805241764755289,1.3195629325924798,1.2238053811836804,0.614888217717195
2012-02-28,2011-12,True,20120228_WrightState@Butler,1,14.0,102.5,0.8492252144352361,0.8421127982718569,0.7969019632260101,1.1977633938006667,1.0,20120228_WiscGreenBay@YoungstownState,1,8.5,127.0,0.7551652470682122,0.7442108282774724,0.6920031391164725,1.3793290030716843,1.0,0.6413053688755406,0.6267094631049587,0.5514586601204787,0.059506876943655085,1,0.6521097878868307,1.1977633938006667,1.4487165557076107,0.7352196584195603
2012-02-29,2011-12,True,20120229_AirForce@NewMexico,1,8.0,110.5,0.7832118945418094,0.7688694615094905,0.6811442339655983,1.4013184761807846,1.0,20120229_SouthFlorida@Louisville,1,11.0,103.5,0.8242608464685042,0.8140326188222713,0.7431449459114129,1.2844062322584668,1.0,0.6455708991592326,0.6258848212850401,0.5061888949082354,0.16193864860735796,1,0.7998621841855378,1.3015460370647123,1.1529034269953005,0.500556886524059
2012-03-01,2011-12,True,20120301_FloridaState@Virginia,1,8.5,105.0,0.7914364279909406,0.7769522508853554,0.6920031391164725,1.3793290030716843,1.0,20120301_WashingtonU@USC,1,11.0,114.5,0.8177392285670796,0.8055885928312747,0.7333586156910888,1.3015460370647123,1.0,0.6471886140851968,0.6259038704878249,0.5074864641563442,0.16187195930826204,1,0.7952601977563709,1.3195629325924798,1.3584069002602577,0.7925033929612859
2012-03-02,2011-12,True,20120302_Dartmouth@Cornell,1,6.0,116.5,0.7668677134906062,0.746597542954811,0.6358829476227156,1.501062425983355,1.0,20120302_Brown@Pennsylvania,1,12.5,115.0,0.8507230039664687,0.8402421003087079,0.7711023317107786,1.237838300763963,0.0,0.6523920048656258,0.6273226875776712,0.49033082360699887,0.212191684378626,0,-1.0,1.3015460370647123,1.174207462034283,-1.0
2012-03-03,2011-12,True,20120303_CalIrvine@CalRiverside,1,6.0,120.5,0.7501339680439555,0.7295291003562607,0.6241631690534575,1.529247554685897,1.0,20120303_Dartmouth@Columbia,1,13.5,105.0,0.8683149314450268,0.8577966852686024,0.7885444441842533,1.2104580877333138,1.0,0.6513525250366732,0.625787644092586,0.4921803992215408,0.20571219163113952,1,0.851090070715937,1.3584069002602577,1.1529034269953005,0.5661119705641144
2012-03-04,2011-12,True,20120304_NorthTexas@ULLafayette,1,5.5,128.0,0.744088003327088,0.7239969428563781,0.6241631690534575,1.529247554685897,0.0,20120304_Illinois@Wisconsin,1,14.5,100.0,0.8742234183669096,0.8663948402471524,0.8050165967705741,1.1856898402208071,1.0,0.6504991578344154,0.6272672156454784,0.5024617101809509,0.1794937173213853,0,-1.0,1.6570340234841012,1.1632877186120927,-1.0
2012-03-05,2011-12,True,20120305_NoIllinois@EasternMichigan,1,8.5,98.0,0.7805425954031437,0.769084989727995,0.6920031391164725,1.3793290030716843,1.0,20120305_VaCommonwealth@Drexel,1,12.0,106.5,0.8219369749167564,0.8127539864144186,0.7527000444960056,1.2681014262980628,1.0,0.6415568196593338,0.6250768912929201,0.5208707936043444,0.12216568725530297,1,0.7491290761294878,1.3015460370647123,1.1977633938006667,0.5589441985424382
2012-03-06,2011-12,True,20120306_WesternIllinois@SouthDakotaSt,-1,15.0,136.5,0.8737223300078245,0.8660135285139033,0.811766315227357,1.1758310022172658,1.0,20120306_MorganState@Hampton,1,7.0,124.5,0.7391561353282609,0.7242472670572649,0.6588590406035529,1.4487165557076107,1.0,0.6458172207985869,0.6272079312608133,0.5348395756449777,0.10011465792845353,1,0.7034458396264252,1.1271199028491803,1.501062425983355,0.691877335744914
2012-03-07,2011-12,True,20120307_USC@UCLA,1,11.5,102.0,0.8187191141740237,0.810041218890207,0.7431449459114129,1.2844062322584668,0.0,20120307_UtahU@Colorado,1,9.5,110.0,0.7824799235745622,0.7721135619273833,0.7026613305756375,1.3584069002602577,0.0,0.6406312698879233,0.6254438108253169,0.5221792165046736,0.11773903052187817,0,-1.0,1.237838300763963,1.3385010977658582,-1.0
2012-03-08,2011-12,True,20120308_UTEP@MemphisU,1,10.0,115.5,0.7921281345555143,0.7829589365462463,0.723345568767032,1.3195629325924798,0.0,20120308_AirForce@NewMexico,1,11.0,113.5,0.8067618161462601,0.798290599119106,0.7431449459114129,1.2844062322584668,1.0,0.6390587324545558,0.625028758541161,0.5375506035766362,0.08311179499782617,0,-1.0,1.2681014262980628,1.3195629325924798,-1.0
2012-03-09,2011-12,True,20120309_ArkPineBluff@MissValleySt,-1,7.5,143.0,0.7782823401852159,0.7624579806357641,0.6836108179260134,1.3962622810678,1.0,20120309_Louisville@NotreDame,1,12.0,105.5,0.8298768327966629,0.8203631295452736,0.7620201692379684,1.2525915173013258,1.0,0.645878483494482,0.625492415141125,0.5209252311688868,0.1296067769774869,1,0.7489462891933258,1.2674720144273033,1.1856898402208071,0.5028286902706538
2012-03-10,2011-12,True,20120310_Louisville@Cincinnati,1,7.5,116.0,0.7535026788081817,0.7409789709902053,0.6700931095401577,1.4244289135505552,0.0,20120310_BethuneCookman@NorfolkSt,-1,14.5,146.0,0.8524465587287892,0.8449404526872671,0.8040693645390679,1.1870866396547348,1.0,0.6423207655429586,0.6260831071802094,0.5388013407699626,0.08611337085232207,0,-1.0,1.4244289135505552,1.095897973105864,-1.0
2012-03-11,2011-12,True,20120311_FloridaState@NorthCarolina,1,10.0,132.5,0.7649764635041424,0.7573202614794476,0.723345568767032,1.3195629325924798,1.0,20120311_Vanderbilt@Kentucky,-1,14.5,151.0,0.832113260916518,0.8267194669855159,0.811766315227357,1.1758310022172658,1.0,0.6365470595708177,0.6260914029076204,0.5871875669940504,-0.012344400156847901,1,0.5515830055189699,1.2844062322584668,1.2113159710460388,0.5558217824457488
2012-03-13,2011-12,True,20120313_TennesseeTech@GeorgiaState,1,13.0,120.5,0.8234827012314947,0.8156059866317645,0.7711023317107786,1.237838300763963,0.0,20120313_Massachusetts@MississippiSt,1,10.5,140.0,0.7767263742088677,0.7664393665692992,0.723345568767032,1.3195629325924798,1.0,0.6396207327512632,0.6251125357641779,0.5577734547089177,0.04476004724353122,0,-1.0,1.1247104834056807,1.2104580877333138,-1.0
2012-03-14,2011-12,True,20120314_SouthFlorida@California,1,11.0,104.5,0.799320731290202,0.7912357464710481,0.7333586156910888,1.3015460370647123,1.0,20120314_Delaware@Butler,1,10.5,122.0,0.7990369030480522,0.7899240875881306,0.7333586156910888,1.3015460370647123,1.0,0.6386867616722273,0.6250161750982561,0.5378148592083501,0.08194948069105346,1,0.6940220865988573,1.3385010977658582,1.1977633938006667,0.6032076174659522
2012-03-15,2011-12,True,20120315_VaCommonwealth@WichitaState,1,8.5,126.0,0.7725679057466058,0.7604301701492561,0.6920031391164725,1.3793290030716843,0.0,20120315_Davidson@Louisville,1,13.0,122.5,0.8327230622576411,0.8236213963405238,0.7711023317107786,1.237838300763963,1.0,0.6433351122752863,0.6263065585577924,0.5336052341238903,0.09842153729387793,0,-1.0,1.2681014262980628,1.1336388770762593,-1.0
2012-03-16,2011-12,True,20120316_LongIsland@MichiganState,-1,5.5,160.0,0.7625596995540749,0.7413134663777132,0.6397489610461536,1.4919914812196766,1.0,20120316_NorfolkSt@Missouri,-1,12.5,158.0,0.8549236780464313,0.8443153101788783,0.7709843185765192,1.2380277743681076,0.0,0.6519303430727513,0.6259023093044784,0.49323641679220487,0.2041980689680174,0,-1.0,1.4184896058001548,1.1989057149373836,-1.0
2012-03-17,2011-12,True,20120317_NewMexico@Louisville,1,12.5,115.0,0.8304589750573483,0.8197587495868165,0.7620201692379684,1.2525915173013258,0.0,20120317_Massachusetts@SetonHall,1,9.5,139.0,0.777120882756412,0.7643132089156843,0.7026613305756375,1.3584069002602577,1.0,0.6453670117895517,0.6265524404334086,0.5354421060422234,0.0981106605883808,0,-1.0,1.237838300763963,1.2844062322584668,-1.0
2012-03-18,2011-12,True,20120318_NorfolkSt@Florida,-1,8.5,149.0,0.7692298299349126,0.7576768887510965,0.6941392444728146,1.3750843330071683,1.0,20120318_NorthernIowa@Drexel,1,13.0,106.5,0.8321759277727087,0.825660396774652,0.7799442743721189,1.2238053811836804,1.0,0.6401345473965289,0.6255838005932142,0.5413899293435602,0.07724120919156441,1,0.6828356063155445,1.518952656619322,1.1529034269953005,0.7512057232600322
2012-03-19,2011-12,True,20120319_MinnesotaU@MiamiFlorida,1,10.0,121.5,0.7749352986411597,0.7660002453251421,0.7131111073372979,1.3385010977658582,1.0,20120319_IllinoisState@Stanford,1,13.0,121.5,0.823697296532447,0.8160701387719215,0.7711023317107786,1.237838300763963,1.0,0.6383121104782877,0.6251099265018146,0.5498816376366457,0.05758609538396642,1,0.6568479244291892,1.3584069002602577,1.1856898402208071,0.6106492605244269
2012-03-20,2011-12,True,20120320_Massachusetts@Drexel,1,10.5,131.0,0.7801700840269983,0.7708664329782109,0.723345568767032,1.3195629325924798,1.0,20120320_Oregon@WashingtonU,-1,15.0,169.5,0.8192877294935886,0.813881729000911,0.811766315227357,1.1758310022172658,0.0,0.6391837767613017,0.6273941053010712,0.5871875669940504,-0.00825331457373335,0,-1.0,1.3015460370647123,1.1451861647331598,-1.0
2012-03-21,2011-12,True,20120321_Mercer@OldDominion,1,10.0,119.5,0.7709256383199605,0.762596785939613,0.723345568767032,1.3195629325924798,1.0,20120321_LoyolaMarymount@UtahState,1,14.0,117.5,0.8271655232582186,0.821187897330474,0.7969019632260101,1.1977633938006667,1.0,0.6376831090141063,0.6262352511567284,0.5764355038412827,0.007873570726875334,1,0.5805241764755289,1.3584069002602577,1.1632877186120927,0.5802180639506798
2012-03-22,2011-12,True,20120322_Louisville@MichiganState,1,9.0,115.5,0.7570165660420961,0.7479059613778803,0.6920031391164725,1.3793290030716843,0.0,20120322_Wisconsin@Syracuse,1,15.0,104.5,0.8425385180842694,0.8370523348257164,0.8050165967705741,1.1856898402208071,1.0,0.6378156157183501,0.6260364312014268,0.5570740120060969,0.04311962134765923,0,-1.0,1.3385010977658582,1.174207462034283,-1.0
2012-03-23,2011-12,True,20120323_IndianaU@Kentucky,-1,14.5,159.0,0.8584271879131401,0.8511132284824955,0.811766315227357,1.1758310022172658,0.0,20120323_Ohio@NorthCarolina,1,9.0,134.5,0.7455936016833984,0.7367831088749343,0.6920031391164725,1.3793290030716843,1.0,0.6400378188191096,0.6270858504859153,0.5617448383663429,0.03805033135115066,0,-1.0,1.1758310022172658,1.4013184761807846,-1.0
2012-03-24,2011-12,True,20120324_Florida@Louisville,1,10.0,121.5,0.7711864076975485,0.761970183424914,0.7131111073372979,1.3385010977658582,1.0,20120324_OhioState@Syracuse,1,15.0,121.5,0.827918424495661,0.8224278872920883,0.8050165967705741,1.1856898402208071,1.0,0.6384794356534229,0.626665528133717,0.5740662767479672,0.013296970440239031,1,0.5870471527453753,1.2681014262980628,1.1856898402208071,0.5035749775311278
2012-03-25,2011-12,True,20120325_Baylor@Kentucky,-1,14.5,160.0,0.8505178301054939,0.8431484173523686,0.8040693645390679,1.1870866396547348,1.0,20120325_Kansas@NorthCarolina,1,9.5,135.0,0.75354295535606,0.7444608942829706,0.7026613305756375,1.3584069002602577,1.0,0.6409017192807172,0.6276910247954156,0.5649884495621288,0.03348394124348153,1,0.6125466825137538,1.2243464935423272,1.501062425983355,0.8378205178408595
2012-03-27,2011-12,True,20120327_Massachusetts@Stanford,1,10.0,138.5,0.7751327944388794,0.7652428139087357,0.723345568767032,1.3195629325924798,0.0,20120327_MinnesotaU@WashingtonU,-1,15.0,157.5,0.8227820417872244,0.8174237203902134,0.811766315227357,1.1758310022172658,1.0,0.6377653432646581,0.6255276279471544,0.5871875669940504,-0.010454131881584394,0,-1.0,1.2844062322584668,1.2243464935423272,-1.0
2012-03-28,2011-12,True,20120328_WashingtonState@Pittsburgh,-1,11.5,144.0,0.8120830488282382,0.8051790109089929,0.7621417006206933,1.252391778618922,1.0,20120328_Mercer@UtahState,1,12.5,117.0,0.7845780185509263,0.7791719469435094,0.7620201692379684,1.2525915173013258,1.0,0.6371425093484543,0.6273728975680092,0.5807673476902938,-0.0004920428355806861,1,0.5687353182359816,1.2113159710460388,1.2525915173013258,0.5172841101038865
2012-03-31,2011-12,True,20120331_OhioState@Kansas,1,9.5,127.0,0.758845629390473,0.7516045510758079,0.7131111073372979,1.3385010977658582,0.0,20120331_Louisville@Kentucky,1,15.0,123.5,0.8379535235198348,0.8323953721164367,0.8050165967705741,1.1856898402208071,1.0,0.6358773689553735,0.6256321499771544,0.5740662767479672,0.009167367895846157,0,-1.0,1.3195629325924798,1.2525915173013258,-1.0
2012-11-20,2012-13,True,20121120_Butler@NorthCarolina,1,11.0,130.5,0.781291194788341,0.775114383860941,0.7522909758991592,1.2687909739434997,1.0,20121120_Georgia@UCLA,1,15.0,117.5,0.817046105366169,0.8128677693079371,0.81395568616052,1.172668262202868,0.0,0.6383509278586948,0.6300655001675393,0.6123315174803674,-0.050216226293463895,0,-1.0,1.3031298615602176,1.161526227660067,-1.0
2012-11-21,2012-13,True,20121121_MississippiSt@Texas,1,7.0,120.5,0.7590582479520432,0.747571411316752,0.6676835466857436,1.429569449087011,1.0,20121121_Delaware@KansasState,1,14.5,122.0,0.8417509291152921,0.8362446171871238,0.81395568616052,1.172668262202868,1.0,0.6389379854662582,0.6251525686766152,0.543464819380684,0.07112248924705655,1,0.6764107215591764,1.3831246863691784,1.1509399292303049,0.5918934286464297
2012-11-23,2012-13,True,20121123_Oakland@MichiganState,-1,7.5,157.0,0.7623901832402004,0.7519104901541189,0.6801791814727828,1.4033066962344158,1.0,20121123_KansasState@Michigan,1,14.5,112.0,0.8378517839391256,0.8321267136945407,0.81395568616052,1.172668262202868,1.0,0.6387699750854787,0.6256848051643983,0.5536357123677798,0.05116831861276738,1,0.6456132248108604,1.303135588994777,1.1136304936116854,0.45121152921520813
2012-11-24,2012-13,True,20121124_KentState@Nebraska,-1,7.0,136.5,0.7728931455208747,0.7606871259338381,0.6691372188057472,1.4264637703213676,1.0,20121124_Northeastern@CharlotteU,-1,15.0,144.5,0.8317524727340365,0.8272549088062232,0.8201504381050562,1.1638108762160224,1.0,0.6428557849461751,0.6292821589944653,0.5487931831559324,0.06722677810384337,1,0.6601340504281219,1.3812569455902959,1.174834279711444,0.6227480087690043
2012-11-25,2012-13,True,20121125_Marist@Clemson,1,14.0,110.5,0.8385088610356249,0.8342417655548418,0.8058970941856143,1.184394393386607,0.0,20121125_Pacific@California,-1,10.5,140.0,0.7562495756395742,0.751649025490996,0.7324640720896047,1.303135588994777,1.0,0.634121970328214,0.6270570101031847,0.5902906672923748,-0.021279356003666594,0,-1.0,1.2097194726806064,1.303135588994777,-1.0
2012-11-27,2012-13,True,20121127_Maryland@Northwestern,1,9.0,122.5,0.7675625549820618,0.7589157407598477,0.7117207568673468,1.3411158671291967,1.0,20121127_MinnesotaU@FloridaState,-1,15.0,150.5,0.8291206829793186,0.8244455447620163,0.8124550130035691,1.174834279711444,1.0,0.6364019898160779,0.6256847013192217,0.5782410967755703,0.002707907126270781,1,0.5755888937683185,1.3831246863691784,1.269485746573471,0.7558570750795743
2012-11-28,2012-13,True,20121128_Virginia@Wisconsin,-1,13.5,124.0,0.8477672039305272,0.8419590208228503,0.7879265432191375,1.2114073427458265,1.0,20121128_GeorgiaTech@Illinois,1,7.5,114.0,0.7535107220532642,0.7437763715263577,0.6789896370052652,1.4057651957839798,1.0,0.6388016779667685,0.6262292254815046,0.5349939575671755,0.0878500517877836,1,0.7029542803492377,1.3812569455902959,1.19673438528493,0.6529976817015426
2012-11-29,2012-13,True,20121129_Kentucky@NotreDame,-1,9.5,143.0,0.7606089070900659,0.7539328196311637,0.7121668683378326,1.3402757730470707,1.0,20121129_SouthCarolina@St.Johns,-1,15.0,150.5,0.8379726428432364,0.8335399046225883,0.8124550130035691,1.174834279711444,0.0,0.6373694560443681,0.6284330905671992,0.5786035422761249,0.003603170793563093,0,-1.0,1.3812569455902959,1.2390067021904776,-1.0
2012-11-30,2012-13,True,20121130_Georgia@SouthFlorida,1,9.0,99.5,0.7885609443177406,0.7785391583769523,0.7010173633544705,1.3615925223771606,1.0,20121130_Depaul@Auburn,1,12.0,125.5,0.8107539905941993,0.8030695985258143,0.7711525748961414,1.2377576514330537,1.0,0.6393289324323383,0.6252211293544044,0.5405913447977039,0.07747483549025858,1,0.6853215627063618,1.172668262202868,1.1222515701147635,0.3160287984809196
2012-12-01,2012-13,True,20121201_MississippiSt@Providence,1,8.5,119.0,0.7791873322253656,0.7684325796262714,0.7010173633544705,1.3615925223771606,1.0,20121201_SanDiegoState@UCLA,1,12.0,121.5,0.8222969781479275,0.8136567903815405,0.7711525748961414,1.2377576514330537,1.0,0.6407233887000634,0.6252403863633196,0.5405913447977039,0.07982494270650653,1,0.6853215627063618,1.3411158671291967,1.1408823457331303,0.5300554163902791
2012-12-02,2012-13,True,20121202_Maryland@GeorgeMason,1,9.5,122.0,0.7603875069871193,0.7539669275428806,0.7222064042661385,1.3216443309858266,1.0,20121202_California@Wisconsin,1,15.0,113.5,0.837485919508185,0.8331572112841932,0.8217636220947604,1.161526227660067,1.0,0.6368138304716441,0.6281729827521377,0.5934829506697747,-0.0224114524663358,1,0.5351245540782803,1.3031298615602176,1.184394393386607,0.5434197018865872
2012-12-03,2012-13,True,20121203_EasternMichigan@Syracuse,1,14.5,104.0,0.8498952325115906,0.8454984612446889,0.8058970941856143,1.184394393386607,1.0,20121203_USC@Nebraska,1,9.0,107.5,0.7451085060772891,0.7396532090080151,0.7010173633544705,1.3615925223771606,1.0,0.6332641670189215,0.6253756500709731,0.5649478561010287,0.021241406142792574,1,0.6126625495806373,1.076608683867357,1.2097194726806064,0.3023944893313808
2012-12-04,2012-13,True,20121204_Texas@Georgetown,1,6.0,108.5,0.7614177971078429,0.7460961843797473,0.6327227472981548,1.5085596401834684,0.0,20121204_Samford@Kentucky,-1,11.5,146.0,0.8465939691822827,0.8386054780411513,0.7518792570742413,1.269485746573471,1.0,0.6446117150595587,0.625680347366457,0.47573110917250955,0.23449264735655362,0,-1.0,1.161526227660067,1.2248642143113804,-1.0
2012-12-05,2012-13,True,20121205_SouthFlorida@OklahomaState,1,14.0,107.5,0.8489041035444091,0.8421577150073352,0.7975871770181848,1.19673438528493,1.0,20121205_Temple@Villanova,1,8.5,131.0,0.7546889511944201,0.743883223487568,0.6901040877996653,1.3831246863691784,1.0,0.6406585475685695,0.6264669957245811,0.5504181712368446,0.06043908722405589,1,0.6552328713144302,1.131327733976311,1.3615925223771606,0.5404073829400426
2012-12-06,2012-13,True,20121206_LongBeachState@Syracuse,1,9.0,131.5,0.7558178208146713,0.7485862626030465,0.7010173633544705,1.3615925223771606,1.0,20121206_Vanderbilt@Xavier,1,14.5,115.0,0.8406210688664952,0.8363203279698882,0.81395568616052,1.172668262202868,1.0,0.6353563844015742,0.6260579086539327,0.5705970689996267,0.014471211691795327,1,0.5966963370444445,1.2097194726806064,1.19673438528493,0.44771288950563504
2012-12-07,2012-13,True,20121207_VaCommonwealth@OldDominion,-1,12.5,144.0,0.7887151239526646,0.7845731188387095,0.770375170943394,1.2390067021904776,0.0,20121207_IowaState@Iowa,-1,15.0,166.5,0.8039194880245066,0.7997428052853872,0.8201504381050562,1.1638108762160224,1.0,0.6340634586452114,0.627456707011575,0.6318235339544821,-0.08569984696807054,0,-1.0,1.269485746573471,1.1533255192404572,-1.0
2012-12-08,2012-13,True,20121208_UCLA@Texas,1,5.5,123.0,0.7482933608193201,0.7329034129571044,0.6327227472981548,1.5085596401834684,1.0,20121208_KansasState@GeoWashington,1,15.0,110.5,0.8595858583878343,0.8538851320286358,0.8217636220947604,1.161526227660067,1.0,0.6432223908857927,0.6258153275371149,0.5199485366014794,0.1270745914591913,1,0.7522315880625323,1.3031298615602176,1.1054422536906632,0.4405348110147289
2012-12-11,2012-13,True,20121211_NDakotaSt@MinnesotaU,-1,15.0,147.5,0.8457631437465495,0.841476960747852,0.8201504381050562,1.1638108762160224,1.0,20121211_WestVirginia@Duquesne,1,9.5,129.0,0.7491162967588115,0.7442389399227414,0.7222064042661385,1.3216443309858266,0.0,0.6335749541785055,0.6262599212363916,0.5923178988611507,-0.025470455971376427,0,-1.0,1.253868705774063,1.3831246863691784,-1.0
2012-12-15,2012-13,True,20121215_NCAsheville@OhioState,-1,13.5,157.0,0.8437546215606058,0.8372466599365309,0.7879265432191375,1.2114073427458265,0.0,20121215_Louisville@MemphisU,1,8.5,126.0,0.7558226562132037,0.7468224727761323,0.7010173633544705,1.3615925223771606,1.0,0.6377288592601035,0.6252746208973576,0.552350187844482,0.05189751723576186,0,-1.0,1.253868705774063,1.2097194726806064,-1.0
2012-12-16,2012-13,True,20121216_Delaware@Villanova,1,10.5,130.0,0.766148286632332,0.7603401384938197,0.7324672913697118,1.3031298615602176,1.0,20121216_EasternKentucky@Illinois,-1,14.5,151.0,0.8264796891370293,0.8221658858317424,0.8045194458214728,1.1864225345422026,1.0,0.6332059977687574,0.625125723498201,0.5892841793351158,-0.02102386773799514,1,0.546062633189903,1.3216443309858266,1.11627055787206,0.475312654657994
2012-12-17,2012-13,True,20121217_Cornell@Vanderbilt,1,6.5,120.0,0.7370270575651313,0.7250193394736224,0.644538604064241,1.4809043150887284,1.0,20121217_IPFW@NotreDame,-1,14.5,149.0,0.8711194321174097,0.8659273446375294,0.8124550130035691,1.174834279711444,1.0,0.6420385918413026,0.6278140714412493,0.5236586199463152,0.1170297558330482,1,0.7398171543388354,1.4057651957839798,1.1248478818329453,0.5812720028320852
2012-12-18,2012-13,True,20121218_MichiganState@BowlingGreen,1,9.0,111.5,0.7558976507390244,0.7498545701704582,0.7010173633544705,1.3615925223771606,1.0,20121218_WesternKentucky@VaCommonwealth,-1,14.0,146.5,0.839665552048412,0.8348150296393485,0.796343252828017,1.1986037385390387,1.0,0.6347012181998806,0.625989865222052,0.558250447422619,0.03583866382986467,1,0.6320098876880642,1.2687909739434997,1.1986037385390387,0.5207776047932668
2012-12-19,2012-13,True,20121219_NorthCarolina@Texas,1,5.5,134.0,0.7473470220339581,0.7314319410821574,0.6327227472981548,1.5085596401834684,1.0,20121219_AppalachianSt@SouthCarolina,-1,14.5,160.0,0.8653542646563334,0.857574315900952,0.8045194458214728,1.1864225345422026,1.0,0.6467199326952964,0.6272572465016365,0.5090377540149513,0.15749231980027334,1,0.7897891518145439,1.3216443309858266,1.1533255192404572,0.5242861342854352
2012-12-20,2012-13,True,20121220_EasternMichigan@Michigan,1,7.5,107.0,0.7566278810693304,0.7477712518992807,0.6676835466857436,1.429569449087011,1.0,20121220_Elon@Duke,1,14.5,128.0,0.8440025289320462,0.839689595609279,0.81395568616052,1.172668262202868,1.0,0.6385958450830104,0.6278957401155514,0.543464819380684,0.07054892144030145,1,0.6764107215591764,1.3031298615602176,1.19673438528493,0.5595003138207029
2012-12-21,2012-13,True,20121221_Niagara@NotreDame,-1,10.5,149.0,0.7967788311651874,0.7906700399176763,0.7422845317977281,1.285895043088545,0.0,20121221_Stanford@Northwestern,1,12.0,118.5,0.7966165688752598,0.7914033078841368,0.7711525748961414,1.2377576514330537,1.0,0.6347272186352515,0.6257388850357315,0.5724146280013948,0.010248616082561446,0,-1.0,1.3812569455902959,1.2687909739434997,-1.0
2012-12-22,2012-13,True,20121222_Texas@MichiganState,1,7.0,117.5,0.7515434120986337,0.7394317769379529,0.6561961608168623,1.454595526453242,1.0,20121222_Florida@KansasState,1,14.0,112.5,0.8546475061563557,0.8475774051225985,0.8058970941856143,1.184394393386607,1.0,0.6423047029183356,0.6267256667622622,0.5288265792180653,0.10657203941838689,1,0.7228147861764598,1.3615925223771606,1.161526227660067,0.5815254261268987
2012-12-23,2012-13,True,20121223_Bradley@PortlandU,1,9.0,122.5,0.7560311010604297,0.7486140082651405,0.7010173633544705,1.3615925223771606,0.0,20121223_VirginiaTech@ColoradoState,-1,14.0,151.5,0.8425110844000101,0.8370769619593599,0.8045194458214728,1.1864225345422026,1.0,0.6369645827945563,0.6266475397188029,0.5639821006771687,0.028967906944204813,0,-1.0,1.2528812145489179,1.4033066962344158,-1.0
2012-12-25,2012-13,True,20121225_Mississippi@Hawaii,1,10.5,139.0,0.7594627903051617,0.7538461757877678,0.7324672913697118,1.3031298615602176,1.0,20121225_IndianaState@MiamiFlorida,-1,15.0,144.5,0.8386596106031821,0.8343548078691336,0.8201504381050562,1.1638108762160224,1.0,0.6369307679849331,0.6289751811622841,0.600733369914493,-0.03403289532039466,1,0.5165967060056609,1.2855266386862583,1.1338678474517359,0.45761732264905297
2012-12-29,2012-13,True,20121229_Auburn@Illinois,1,7.0,123.5,0.744070886931475,0.7327439807926912,0.6561961608168623,1.454595526453242,1.0,20121229_CentralMichigan@Michigan,1,15.0,119.5,0.8617271166912736,0.8569963972775482,0.81395568616052,1.172668262202868,1.0,0.6411860600093786,0.6279589516661453,0.534114596333588,0.09370825661617288,1,0.7057580082139889,1.3216443309858266,1.0902805245915672,0.44096307451069783
2012-12-31,2012-13,True,20121231_NCGreensboro@NCState,-1,8.5,174.0,0.781352916624431,0.770525051725068,0.6910372491137654,1.3812569455902959,1.0,20121231_Harvard@SaintMarysCA,-1,11.0,152.5,0.8196832484845107,0.8119289966018429,0.7518792570742413,1.269485746573471,1.0,0.6404618969115606,0.6256116321037176,0.5195765734742853,0.12304097283086679,1,0.753486004782489,1.303135588994777,1.285895043088545,0.6756955943606553
2013-01-02,2012-13,True,20130102_UTEP@ColoradoState,1,8.0,118.5,0.750437432976525,0.7434135590061395,0.6901040877996653,1.3831246863691784,1.0,20130102_EasternMichigan@Kentucky,1,13.5,111.0,0.8472244398390586,0.8428622229898574,0.7975871770181848,1.19673438528493,1.0,0.6357889337877974,0.6265952049447162,0.5504181712368446,0.052378742423516034,1,0.6552328713144302,1.3615925223771606,1.1509399292303049,0.5671112013452815
2013-01-03,2012-13,True,20130103_PennState@Wisconsin,-1,15.0,138.5,0.8580737100013663,0.8533808659148112,0.8124550130035691,1.174834279711444,1.0,20130103_Stanford@USC,1,8.5,116.0,0.7446740087480228,0.736832684764141,0.6901040877996653,1.3831246863691784,1.0,0.6389851894280059,0.6287989145583578,0.5606785256270933,0.03831405996395332,1,0.6249422946616505,1.174834279711444,1.3216443309858266,0.5527130656284467
2013-01-05,2012-13,True,20130105_Texas@Baylor,1,7.0,124.5,0.7460358871865528,0.7361060770744593,0.6676835466857436,1.429569449087011,1.0,20130105_SouthernUtah@NorthernArizona,-1,15.0,149.5,0.855468392741223,0.8509631987924909,0.8201504381050562,1.1638108762160224,0.0,0.6382101213387527,0.6263991819978738,0.5476009533298504,0.061821114928530374,0,-1.0,1.3831246863691784,1.2114073427458265,-1.0
2013-01-06,2012-13,True,20130106_NorthCarolina@Virginia,1,8.0,126.5,0.7493542394260014,0.7391051080086134,0.6789896370052652,1.4057651957839798,0.0,20130106_Florida@Yale,-1,14.5,143.0,0.8526776285815238,0.8482854896721793,0.8124550130035691,1.174834279711444,1.0,0.6389575958412743,0.6269721384662956,0.5516485343624014,0.055264757034737766,0,-1.0,1.4809043150887284,1.1638108762160224,-1.0
2013-01-07,2012-13,True,20130107_NotreDame@Cincinnati,-1,10.0,144.5,0.7669142137024639,0.7624839153362651,0.7324640720896047,1.303135588994777,1.0,20130107_IndianaU@PennState,-1,14.5,152.0,0.8248199805738654,0.820582464185052,0.8045194458214728,1.1864225345422026,1.0,0.6325661668478876,0.625680930148099,0.5892815893616681,-0.022008788029625026,1,0.5460694283473295,1.2390067021904776,1.1986037385390387,0.48507806532043185
2013-01-08,2012-13,True,20130108_Baylor@TexasTech,-1,9.0,159.5,0.7586799636459337,0.7513470081446818,0.7017025242593257,1.3602630274239242,1.0,20130108_Pittsburgh@Georgetown,1,14.0,101.5,0.8391813716783082,0.8345308484881601,0.7975871770181848,1.19673438528493,1.0,0.6366700925572436,0.6270222562160218,0.5596689354305299,0.036418396078106374,1,0.6278735379499878,1.303135588994777,1.19673438528493,0.5595071680385797
2013-01-09,2012-13,True,20130109_WestVirginia@Texas,1,6.0,118.5,0.7342196652977924,0.7225418896792823,0.644538604064241,1.4809043150887284,0.0,20130109_Nebraska@Michigan,-1,15.0,143.5,0.8728368402603912,0.8679202740003517,0.8124550130035691,1.174834279711444,1.0,0.6408539727155671,0.6271087548671745,0.5236586199463152,0.11496873515673567,0,-1.0,1.3216443309858266,1.1338678474517359,-1.0
2013-01-10,2012-13,True,20130110_Massachusetts@SaintLouis,1,13.5,119.0,0.8399831063174067,0.8325429170411143,0.7890259035716207,1.2097194726806064,1.0,20130110_MiamiFlorida@NorthCarolina,1,8.5,132.0,0.7605014996791238,0.7511325591228593,0.7010173633544705,1.3615925223771606,0.0,0.6388084120595167,0.6253500918567024,0.5531208585401562,0.052210074328473466,0,-1.0,1.1509399292303049,1.3216443309858266,-1.0
2013-01-11,2012-13,True,20130111_Fairfield@LoyolaMaryland,-1,14.0,132.5,0.8294401369833057,0.8251577655621025,0.796343252828017,1.1986037385390387,1.0,20130111_WrightState@LoyolaChicago,1,10.0,103.5,0.7631826397235473,0.7588686822903322,0.7324672913697118,1.3031298615602176,1.0,0.6330143132355799,0.6261863862337476,0.5832953853994832,-0.011271950629031746,1,0.5619363238679367,1.1533255192404572,1.2233824313253598,0.4109581778379736
2013-01-12,2012-13,True,20130112_Texas@IowaState,1,7.0,126.5,0.7363771855767102,0.7253584963752081,0.6561961608168623,1.454595526453242,1.0,20130112_GeoWashington@Xavier,1,15.0,104.5,0.8685761225502746,0.8618056584808355,0.8217636220947604,1.161526227660067,1.0,0.6395996405827029,0.6251180566033049,0.5392381339175406,0.08063611935631743,1,0.6895508546124434,1.2377576514330537,1.1136304936116854,0.378404664337032
2013-01-13,2012-13,True,20130113_Nebraska@MichiganState,1,14.5,106.0,0.8442276457390606,0.8399325527512179,0.8058970941856143,1.184394393386607,1.0,20130113_Iowa@Northwestern,1,9.5,124.0,0.7511453265349031,0.7445525624333663,0.7117207568673468,1.3411158671291967,0.0,0.6341376506284592,0.625373934422118,0.5735736898309809,0.007270657869141273,0,-1.0,1.2377576514330537,1.3216443309858266,-1.0
2013-01-14,2012-13,True,20130114_Louisville@Connecticut,1,9.5,123.0,0.7535711504387969,0.7486457773547136,0.7222064042661385,1.3216443309858266,1.0,20130114_Baylor@Kansas,-1,15.0,157.5,0.8430732491547668,0.83878750156604,0.8201504381050562,1.1638108762160224,1.0,0.635315678269732,0.627954721145326,0.5923178988611507,-0.0227929715731775,1,0.5381440468905536,1.3615925223771606,1.1533255192404572,0.5703594028645627
2013-01-15,2012-13,True,20130115_Mississippi@Vanderbilt,1,8.5,117.0,0.7617522090890179,0.754877150856882,0.7010173633544705,1.3615925223771606,1.0,20130115_Tennessee@Kentucky,-1,15.0,149.5,0.8365363752017289,0.8321754427553025,0.8124550130035691,1.174834279711444,1.0,0.6372334317932364,0.6281902272401871,0.5695450710598841,0.019347636407126556,1,0.5996455702874595,1.2855266386862583,1.1864225345422026,0.5251777728916689
2013-01-16,2012-13,True,20130116_KansasState@TCU,1,8.5,102.0,0.783994076262296,0.774490730851987,0.6901040877996653,1.3831246863691784,1.0,20130116_Purdue@Nebraska,1,11.0,104.5,0.8149271474526814,0.8079096318830994,0.7522909758991592,1.2687909739434997,1.0,0.6388980561882328,0.6257185212595014,0.5191590776828092,0.12119971854091616,1,0.7548961179036475,1.2377576514330537,1.184394393386607,0.46599322272868293
2013-01-17,2012-13,True,20130117_GeorgiaTech@Duke,1,9.5,119.0,0.7895815040286689,0.7818254073802364,0.7222064042661385,1.3216443309858266,1.0,20130117_Oregon@USC,1,12.0,118.5,0.8068943333435586,0.8000057758622945,0.7618439712528168,1.2528812145489179,1.0,0.6371088413136171,0.6254648416200805,0.5502085950903322,0.05496518322748134,1,0.6558633546072143,1.3031298615602176,1.184394393386607,0.5434197018865872
2013-01-19,2012-13,True,20130119_Kansas@Texas,1,5.0,119.5,0.7431510566699682,0.7274812869431958,0.6207611663008717,1.5376284017376356,1.0,20130119_Harvard@MemphisU,-1,15.0,153.5,0.8708085636149504,0.8650135029112273,0.8201504381050562,1.1638108762160224,1.0,0.6471423042077076,0.6292811363211015,0.5091175425002656,0.15806675602772957,1,0.7895086575209198,1.3831246863691784,1.1081147196343288,0.532660824055301
2013-01-20,2012-13,True,20130120_Clemson@NCState,1,15.0,117.5,0.8346848268812797,0.8303764275186883,0.81395568616052,1.172668262202868,1.0,20130120_Drake@NorthernIowa,1,10.5,127.0,0.7638142408175402,0.7592671039630257,0.7424972546468968,1.2855266386862583,1.0,0.6375441573662446,0.6304775053212778,0.6043598623784172,-0.0389045484393723,1,0.5074962894037085,1.172668262202868,1.3031298615602176,0.5281390301804842
2013-01-21,2012-13,True,20130121_Texas@Oklahoma,1,5.0,116.5,0.7523193467382965,0.7358711478756124,0.6207611663008717,1.5376284017376356,1.0,20130121_Georgetown@NotreDame,-1,14.5,137.0,0.854542936387705,0.8500099389951417,0.8124550130035691,1.174834279711444,1.0,0.6428891836630238,0.6254977895140341,0.5043405214390855,0.16135266627175082,1,0.8064585558192938,1.2097194726806064,1.1638108762160224,0.40788467947600116
2013-01-22,2012-13,True,20130122_Illinois@Nebraska,1,10.0,114.5,0.7784651945044314,0.77108726536451,0.7222064042661385,1.3216443309858266,1.0,20130122_Iowa@OhioState,1,12.5,124.0,0.8186422045553795,0.811988268864751,0.7711525748961414,1.2377576514330537,1.0,0.6372844629987401,0.6261138137469833,0.5569313282563163,0.042517965084132525,1,0.6358753831508261,1.2097194726806064,1.2097194726806064,0.4634212025826445
2013-01-23,2012-13,True,20130123_TCU@WestVirginia,1,13.0,100.5,0.8496656506953596,0.843001291360106,0.7802139180353733,1.2233824313253598,1.0,20130123_Duke@MiamiFlorida,1,7.0,119.5,0.7534247076494301,0.7418319971571585,0.6676835466857436,1.429569449087011,1.0,0.6401590944749141,0.6253653315757312,0.5209359959674381,0.11958073690014182,1,0.7489101483725227,1.131327733976311,1.19673438528493,0.35389880027593335
2013-01-24,2012-13,True,20130124_Stanford@Colorado,1,9.0,122.5,0.761765852489537,0.7547920546080626,0.7117207568673468,1.3411158671291967,1.0,20130124_Wyoming@UNLV,1,14.5,112.0,0.8345342903763215,0.829772234292964,0.8058970941856143,1.184394393386607,0.0,0.6357197251402694,0.626305489578709,0.5735736898309809,0.00978364102465945,0,-1.0,1.19673438528493,1.2528812145489179,-1.0
2013-01-25,2012-13,True,20130125_WiscGreenBay@WiscMilwaukee,1,9.5,117.0,0.7683840775137275,0.7621833975238739,0.7222064042661385,1.3216443309858266,1.0,20130125_LoyolaMaryland@Manhattan,1,15.0,103.5,0.8286558975199669,0.824409188044698,0.81395568616052,1.172668262202868,0.0,0.6367259973921897,0.6283509958938062,0.5878440093339666,-0.013169983168046073,0,-1.0,1.2528812145489179,1.1222515701147635,-1.0
2013-01-26,2012-13,True,20130126_Florida@MississippiSt,1,14.0,108.5,0.8623885466858492,0.8551977552077843,0.7975871770181848,1.19673438528493,1.0,20130126_NewMexico@SanDiegoState,1,6.5,121.0,0.744838160796307,0.7325445555606489,0.6561961608168623,1.454595526453242,0.0,0.6423398990052881,0.626470459505151,0.523373643476092,0.11816248232311977,0,-1.0,1.1054422536906632,1.2377576514330537,-1.0
2013-01-27,2012-13,True,20130127_FloridaState@MiamiFlorida,1,9.5,120.0,0.7783415565203622,0.7699687795520871,0.7117207568673468,1.3411158671291967,0.0,20130127_Iowa@Purdue,1,12.5,122.0,0.8205778702659993,0.8132799360217153,0.7711525748961414,1.2377576514330537,1.0,0.6386898567890017,0.6262001597728396,0.5488452942652852,0.06021010579342234,0,-1.0,1.3216443309858266,1.161526227660067,-1.0
2013-01-28,2012-13,True,20130128_SouthFlorida@Marquette,1,10.5,111.0,0.7894571801867879,0.783369717017805,0.7324672913697118,1.3031298615602176,1.0,20130128_Pittsburgh@Louisville,1,12.0,110.5,0.8046105851491249,0.7989529612178042,0.7618439712528168,1.2528812145489179,1.0,0.6352056037002696,0.6258755551397286,0.5580257900698953,0.037079178889059206,1,0.6326669236665285,1.2377576514330537,1.1509399292303049,0.4245847037446271
2013-01-29,2012-13,True,20130129_Nebraska@MinnesotaU,1,13.0,109.5,0.8198261040013874,0.8156399420245912,0.7802139180353733,1.2233824313253598,1.0,20130129_Wisconsin@OhioState,1,10.0,109.5,0.7720942851545066,0.7673466743745573,0.7324672913697118,1.3031298615602176,0.0,0.6329830497199554,0.6258785969996268,0.5714811752323202,0.009118148326904718,0,-1.0,1.161526227660067,1.3411158671291967,-1.0
2013-01-30,2012-13,True,20130130_Texas@KansasState,1,11.5,109.0,0.8431305851037635,0.8335420353232571,0.7618439712528168,1.2528812145489179,1.0,20130130_Depaul@St.Johns,1,7.5,135.0,0.7644652493349143,0.7523053207150023,0.6789896370052652,1.4057651957839798,1.0,0.6445440329632408,0.6270781082132988,0.5172841614955997,0.13520756473581552,1,0.76125680586443,1.2097194726806064,1.2687909739434997,0.5348811479408435
2013-01-31,2012-13,True,20130131_PennState@Iowa,1,8.5,121.0,0.7530475990576451,0.7455253792179531,0.6901040877996653,1.3831246863691784,1.0,20130131_Drexel@GeorgeMason,1,15.0,107.5,0.8453164161973564,0.8406560283246286,0.81395568616052,1.172668262202868,1.0,0.6365634976614323,0.6267304043085771,0.5617141463071563,0.03247188764611453,1,0.6219464223744311,1.3216443309858266,1.161526227660067,0.5351245540782803
2013-02-01,2012-13,True,20130201_Manhattan@Siena,1,10.0,110.5,0.766094023228648,0.7606760893544542,0.7222064042661385,1.3216443309858266,1.0,20130201_YoungstownState@DetroitU,1,15.0,138.5,0.8282783677510631,0.8239323601745405,0.8217636220947604,1.161526227660067,1.0,0.6345391071036696,0.6267456456301551,0.5934829506697747,-0.025903436162249105,1,0.5351245540782803,1.4057651957839798,1.131327733976311,0.5903811534490551
2013-02-02,2012-13,True,20130202_Nevada@NewMexico,1,10.0,118.5,0.7956521467841997,0.7870729968312811,0.7222064042661385,1.3216443309858266,1.0,20130202_OhioState@Nebraska,1,10.5,109.0,0.802351371463016,0.7944512867104166,0.7324672913697118,1.3031298615602176,1.0,0.6383925911797956,0.6252911550676349,0.5289925687426775,0.0994870854740626,1,0.7222741940694066,1.19673438528493,1.184394393386607,0.4174054963044387
2013-02-03,2012-13,True,20130203_Virginia@GeorgiaTech,1,10.0,102.5,0.7936103103241785,0.7852978168864192,0.7222064042661385,1.3216443309858266,1.0,20130203_Marquette@Louisville,1,10.5,122.0,0.8038528839959305,0.7963664052822036,0.7424972546468968,1.2855266386862583,0.0,0.6379459367229963,0.6253847995097999,0.5362362724560147,0.08387588440201799,0,-1.0,1.2687909739434997,1.2855266386862583,-1.0
2013-02-04,2012-13,True,20130204_Texas@WestVirginia,1,7.5,116.0,0.7499336316124591,0.7412222479738745,0.6789896370052652,1.4057651957839798,1.0,20130204_GeorgeMason@OldDominion,1,15.0,114.5,0.8500838392103814,0.8453458380339934,0.8217636220947604,1.161526227660067,1.0,0.6375064607141031,0.6265891423829154,0.5579689834702533,0.04094167910030011,1,0.6328331448347817,1.3216443309858266,1.161526227660067,0.5351245540782803
2013-02-05,2012-13,True,20130205_Villanova@Depaul,1,7.5,136.0,0.7558008769263285,0.7440389695023346,0.6789896370052652,1.4057651957839798,1.0,20130205_Purdue@PennState,1,15.0,110.5,0.8492202151064194,0.8441138412023597,0.81395568616052,1.172668262202868,0.0,0.641841383280997,0.628053592550861,0.552667475884503,0.05807310008662059,0,-1.0,1.3216443309858266,1.172668262202868,-1.0
2013-02-06,2012-13,True,20130206_Kansas@TCU,1,9.5,106.0,0.8051859514240375,0.796608189629921,0.7117207568673468,1.3411158671291967,1.0,20130206_Stanford@Arizona,1,10.5,125.0,0.7927421150857287,0.7846972220698728,0.7324672913697118,1.3031298615602176,1.0,0.6383048141692063,0.6250962334807094,0.5213121749942267,0.11553221757727528,1,0.7476481342682813,1.2233824313253598,1.2097194726806064,0.47994954970963244
2013-02-07,2012-13,True,20130207_Colorado@Oregon,1,9.0,127.5,0.7522512444672851,0.7447768373020321,0.7010173633544705,1.3615925223771606,0.0,20130207_Clemson@Virginia,1,14.5,95.0,0.8449348391707886,0.8406279870741608,0.81395568616052,1.172668262202868,1.0,0.6356032842599911,0.626080253560667,0.5705970689996267,0.01486543579134647,0,-1.0,1.3216443309858266,1.131327733976311,-1.0
2013-02-09,2012-13,True,20130209_NewMexico@UNLV,1,6.5,127.0,0.738951972715302,0.7257856411907113,0.644538604064241,1.4809043150887284,0.0,20130209_MississippiSt@Florida,1,14.5,114.0,0.867705654075468,0.8615244183072053,0.8058970941856143,1.184394393386607,1.0,0.6411928048152885,0.6252820523425495,0.519431788105824,0.12463600102628392,0,-1.0,1.3615925223771606,1.172668262202868,-1.0
2013-02-10,2012-13,True,20130210_St.Johns@Syracuse,1,9.5,125.0,0.7793975354789509,0.7712540644832495,0.7117207568673468,1.3411158671291967,1.0,20130210_Drake@Evansville,1,12.5,131.0,0.8179126213539711,0.8113572591045696,0.7802139180353733,1.2233824313253598,1.0,0.6374790813204134,0.6257625838323883,0.555294440262574,0.04591039253649032,1,0.6406975902175349,1.3216443309858266,1.2377576514330537,0.6358753831508261
2013-02-11,2012-13,True,20130211_TCU@Oklahoma,1,7.0,108.5,0.7608717167639727,0.7499717413238604,0.6561961608168623,1.454595526453242,1.0,20130211_Marquette@Georgetown,1,15.0,107.5,0.8398929067345672,0.8355934587501919,0.81395568616052,1.172668262202868,1.0,0.6390507578450133,0.6266714812977087,0.534114596333588,0.09006594784935018,1,0.7057580082139889,1.19673438528493,1.1509399292303049,0.37736938870730974
2013-02-12,2012-13,True,20130212_VirginiaTech@Virginia,1,14.5,111.0,0.8377180114049002,0.8334661613780553,0.8058970941856143,1.184394393386607,1.0,20130212_Alabama@Georgia,1,10.0,100.5,0.7558231946239297,0.7515255158001,0.7222064042661385,1.3216443309858266,0.0,0.6331667035740572,0.6263710868315724,0.582024042600322,-0.008873680991519639,0,-1.0,1.2097194726806064,1.2855266386862583,-1.0
2013-02-13,2012-13,True,20130213_SanDiegoState@ColoradoState,1,7.5,121.0,0.7391734274593893,0.7296439410723194,0.6676835466857436,1.429569449087011,1.0,20130213_Providence@SouthFlorida,1,15.0,104.5,0.8633790115203465,0.857500909896222,0.8217636220947604,1.161526227660067,1.0,0.638186823141994,0.6256703433697793,0.5486780497375527,0.05969799372290763,1,0.6604824093761161,1.2855266386862583,1.131327733976311,0.4543519391111086
2013-02-14,2012-13,True,20130214_St.Johns@Louisville,1,12.5,119.0,0.8372274881439301,0.8296003732569306,0.7711525748961414,1.2377576514330537,1.0,20130214_Iowa@PennState,1,8.5,122.0,0.7654815126137056,0.7557271539841663,0.6901040877996653,1.3831246863691784,1.0,0.6408821640261888,0.6269515290256623,0.5321755442530647,0.09717306573979845,1,0.7119731634393933,1.184394393386607,1.2855266386862583,0.5225705434091348
2013-02-15,2012-13,True,20130215_Georgetown@Cincinnati,1,15.0,104.5,0.8434438549843151,0.8391603127630749,0.8217636220947604,1.161526227660067,1.0,20130215_Iona@Manhattan,1,10.0,132.5,0.7527063870262185,0.7478321543249276,0.7324672913697118,1.3031298615602176,1.0,0.6348655767447096,0.6275510645175904,0.6019149744219126,-0.03905507538384978,1,0.5136195122492251,1.19673438528493,1.3411158671291967,0.604959472844725
2013-02-16,2012-13,True,20130216_Texas@Kansas,1,12.5,117.0,0.8472225976226829,0.8385104244831835,0.7711525748961414,1.2377576514330537,1.0,20130216_SanDiegoState@UNLV,1,7.0,124.5,0.7579333369303503,0.745471052907715,0.6676835466857436,1.429569449087011,1.0,0.6421382505389595,0.6250852490135738,0.5148858862424992,0.13623828519074155,1,0.7694605238623833,1.1509399292303049,1.2855266386862583,0.47956393855323376
2013-02-17,2012-13,True,20130217_Louisville@SouthFlorida,1,11.5,107.0,0.83382673104772,0.826874798543206,0.7618439712528168,1.2528812145489179,0.0,20130217_WichitaState@IllinoisState,1,9.0,127.5,0.7652937742836239,0.7558687632270134,0.7010173633544705,1.3615925223771606,1.0,0.6381224061020858,0.625008831318439,0.5340658520151487,0.08858175047959871,0,-1.0,1.2233824313253598,1.2687909739434997,-1.0
2013-02-18,2012-13,True,20130218_NotreDame@Pittsburgh,-1,11.0,134.5,0.7937459903606126,0.7893819683585462,0.7518792570742413,1.269485746573471,1.0,20130218_WestVirginia@KansasState,-1,12.5,139.0,0.8021935271689031,0.7979204323984554,0.770375170943394,1.2390067021904776,1.0,0.636737895683554,0.6298640015201951,0.5792291111973608,0.0015258946597169754,1,0.5729013483398127,1.2390067021904776,1.2248642143113804,0.5176149708050737
2013-02-19,2012-13,True,20130219_Virginia@MiamiFlorida,1,14.5,102.0,0.8422280628852786,0.8377103852047324,0.8058970941856143,1.184394393386607,1.0,20130219_LSU@Tennessee,1,9.5,122.0,0.7517117970800018,0.7469336637392645,0.7222064042661385,1.3216443309858266,1.0,0.6331127707027016,0.6257140871734014,0.582024042600322,-0.008958104711147552,1,0.5653481356708061,1.1136304936116854,1.2855266386862583,0.4316016651911485
2013-02-20,2012-13,True,20130220_Kansas@OklahomaState,1,9.0,126.5,0.7678489150206007,0.7594765739209418,0.7117207568673468,1.3411158671291967,1.0,20130220_ColoradoState@UNLV,1,13.5,127.0,0.8296447525479755,0.8233213461590622,0.7975871770181848,1.19673438528493,0.0,0.6370418230964978,0.6252932752168623,0.567659349295073,0.022426308576997567,0,-1.0,1.2855266386862583,1.19673438528493,-1.0
2013-02-21,2012-13,True,20130221_Cincinnati@Connecticut,1,8.0,118.5,0.7425202737691937,0.7350501103485517,0.6901040877996653,1.3831246863691784,1.0,20130221_Georgia@Arkansas,1,15.0,116.5,0.8568865867292349,0.8516993505432572,0.8217636220947604,1.161526227660067,1.0,0.6362556629673415,0.626041701600611,0.5671024348126534,0.022167372839919208,1,0.6065355993419053,1.3216443309858266,1.184394393386607,0.5653481356708061
2013-02-22,2012-13,True,20130222_NDakotaSt@Akron,1,10.5,114.0,0.7693238138679198,0.7647461307680088,0.7324672913697118,1.3031298615602176,1.0,20130222_SaintLouis@Butler,1,15.0,111.5,0.8272162698386403,0.8230066885398162,0.81395568616052,1.172668262202868,1.0,0.6363971756058571,0.6293911806570162,0.5961959167369714,-0.027496637260066237,1,0.5281390301804842,1.3031298615602176,1.2528812145489179,0.6326669236665285
2013-02-23,2012-13,True,20130223_NewMexico@ColoradoState,1,8.5,121.0,0.7593753900073533,0.7501264391173518,0.6901040877996653,1.3831246863691784,1.0,20130223_Clemson@Maryland,1,13.5,109.0,0.8396739731880037,0.8333432542713335,0.7890259035716207,1.2097194726806064,1.0,0.6376277508686643,0.6251128078890212,0.5445100014345999,0.06687420407396383,1,0.6731928662460516,1.3411158671291967,1.1136304936116854,0.4935075251015508
2013-02-24,2012-13,True,20130224_Pittsburgh@St.Johns,1,10.5,113.0,0.8152352146930706,0.8067838160702497,0.7424972546468968,1.2855266386862583,0.0,20130224_UCLA@USC,1,10.0,131.5,0.7842537436472292,0.7751032061909354,0.7222064042661385,1.3216443309858266,1.0,0.6393512690760933,0.6253407225390085,0.5362362724560147,0.08626355670998231,0,-1.0,1.19673438528493,1.2233824313253598,-1.0
2013-02-25,2012-13,True,20130225_TexasTech@KansasState,-1,7.0,143.5,0.7721075634444585,0.7602419393080162,0.6579209990923391,1.4507820867806593,1.0,20130225_Syracuse@Marquette,1,14.5,118.0,0.8301314995115298,0.825356408977377,0.8058970941856143,1.184394393386607,1.0,0.640950809426342,0.6274705569812613,0.5302166213722123,0.10134460264652057,1,0.7182981696087349,1.3602630274239242,1.2097194726806064,0.6455366722421949
2013-02-26,2012-13,True,20130226_Auburn@Alabama,1,8.0,111.5,0.7388754244084514,0.7322694820249588,0.6789896370052652,1.4057651957839798,0.0,20130226_Nebraska@Wisconsin,1,15.0,100.5,0.8595111323900951,0.8551223877810595,0.81395568616052,1.172668262202868,1.0,0.6350716527285203,0.6261800279683825,0.552667475884503,0.046913224798126985,0,-1.0,1.3615925223771606,1.2233824313253598,-1.0
2013-02-27,2012-13,True,20130227_OklahomaState@TCU,1,11.0,108.5,0.833610402470202,0.8243349277268587,0.7424972546468968,1.2855266386862583,1.0,20130227_Oklahoma@Texas,1,8.0,122.5,0.7708220184060425,0.758814963248646,0.6789896370052652,1.4057651957839798,1.0,0.6425652529963546,0.6255176778876315,0.5041479414101023,0.16121090180647335,1,0.8071486069183094,1.2233824313253598,1.2377576514330537,0.5142509650017366
2013-02-28,2012-13,True,20130228_NorthCarolina@Clemson,1,8.5,124.0,0.7634073591383743,0.7535762157759656,0.6901040877996653,1.3831246863691784,1.0,20130228_OregonState@Oregon,1,14.0,127.5,0.8385567602834666,0.8324918704434322,0.7975871770181848,1.19673438528493,1.0,0.640160401855632,0.6273460733930171,0.5504181712368446,0.05961454006529743,1,0.6552328713144302,1.3031298615602176,1.161526227660067,0.5136195122492251
2013-03-01,2012-13,True,20130301_Harvard@Princeton,-1,12.0,137.5,0.8137085482220959,0.8085412963903863,0.7612439768251089,1.253868705774063,1.0,20130301_Fairfield@Manhattan,1,10.5,103.0,0.7790821100688449,0.7735048479409168,0.7324672913697118,1.3031298615602176,0.0,0.6339457727299269,0.6254106125183975,0.5575863137765952,0.03583807453155852,0,-1.0,1.174834279711444,1.2855266386862583,-1.0
2013-03-02,2012-13,True,20130302_Texas@OklahomaState,1,4.5,123.0,0.7376444872654075,0.7196773182787412,0.596454365666814,1.6002900723727693,1.0,20130302_Alabama@Florida,1,15.0,102.5,0.8774451363246368,0.8708818960545264,0.81395568616052,1.172668262202868,1.0,0.6472425676877124,0.626753947490027,0.4854874224697693,0.21462147248645747,1,0.8766093781898772,1.3411158671291967,1.1222515701147635,0.5050693875915635
2013-03-03,2012-13,True,20130303_Purdue@Wisconsin,1,9.0,109.5,0.7954864910498249,0.7864259337033153,0.7010173633544705,1.3615925223771606,1.0,20130303_NCState@GeorgiaTech,1,10.5,126.0,0.8034414342031457,0.7954204896345348,0.7424972546468968,1.2855266386862583,1.0,0.6391268072582992,0.6255393012475873,0.5205034677505005,0.11870420880584143,1,0.750363458551855,1.2687909739434997,1.2097194726806064,0.5348811479408435
2013-03-04,2012-13,True,20130304_Cincinnati@Louisville,1,12.0,110.5,0.8349999674195909,0.8275043254352022,0.7618439712528168,1.2528812145489179,1.0,20130304_Baylor@Texas,1,8.5,129.0,0.7670510062146266,0.7570291481614742,0.6901040877996653,1.3831246863691784,1.0,0.6404875651983777,0.6264448945841464,0.5257516388270995,0.10989509694914812,1,0.7328909369308074,1.2377576514330537,1.3031298615602176,0.6129589569570553
2013-03-05,2012-13,True,20130305_St.Johns@NotreDame,1,10.0,116.5,0.7959314357406778,0.7875575481830335,0.7222064042661385,1.3216443309858266,0.0,20130305_Illinois@Iowa,1,11.5,125.0,0.8023151115894745,0.7948287057223746,0.7522909758991592,1.2687909739434997,0.0,0.6385878186838526,0.6259733467042072,0.543309360665996,0.07084178137861641,0,-1.0,1.2377576514330537,1.2855266386862583,-1.0
2013-03-06,2012-13,True,20130306_Connecticut@SouthFlorida,1,9.0,112.5,0.7830690314662933,0.7729823999269108,0.7010173633544705,1.3615925223771606,1.0,20130306_NewMexico@Nevada,1,11.5,121.0,0.8164082943302927,0.808604460924341,0.7522909758991592,1.2687909739434997,1.0,0.6393040523222708,0.625037016796903,0.5273690364001901,0.10444653093602518,1,0.727576302581104,1.2687909739434997,1.2233824313253598,0.5522165865466699
2013-03-07,2012-13,True,20130307_Oregon@Colorado,1,7.5,122.0,0.7548587902907372,0.7441119858503916,0.6676835466857436,1.429569449087011,1.0,20130307_Wisconsin@MichiganState,1,13.5,106.0,0.8489868031803338,0.8428001832650108,0.7975871770181848,1.19673438528493,0.0,0.640865151221507,0.6271377180444012,0.5325358351425716,0.0964016597744084,0,-1.0,1.3831246863691784,1.1509399292303049,-1.0
2013-03-08,2012-13,True,20130308_KentState@Akron,1,10.5,129.0,0.7666931912735999,0.7619823279894358,0.7424972546468968,1.2855266386862583,1.0,20130308_LoyolaMarymount@SantaClara,1,15.0,117.5,0.8274447995045757,0.8232236030869334,0.81395568616052,1.172668262202868,1.0,0.6343962939349073,0.6272818375360328,0.6043598623784172,-0.04364994088166285,1,0.5074962894037085,1.3411158671291967,1.131327733976311,0.5172415749589496
2013-03-09,2012-13,True,20130309_Nebraska@Iowa,1,11.5,113.0,0.8359714122392774,0.8268311672852312,0.7522909758991592,1.2687909739434997,1.0,20130309_Providence@Connecticut,1,8.0,125.5,0.7686905130785783,0.7566180626558581,0.6789896370052652,1.4057651957839798,0.0,0.6426032937932338,0.6255953959348334,0.5107977766481068,0.14616149539419676,0,-1.0,1.19673438528493,1.3216443309858266,-1.0
2013-03-10,2012-13,True,20130310_Wisconsin@PennState,1,9.0,110.5,0.7754103493242297,0.7674604223509726,0.7010173633544705,1.3615925223771606,1.0,20130310_Maryland@Virginia,1,12.0,109.5,0.82145592827411,0.815022939489512,0.7618439712528168,1.2528812145489179,1.0,0.6369654282974869,0.625497849366352,0.5340658520151487,0.08660804620005513,1,0.7059136931566214,1.2855266386862583,1.2097194726806064,0.5551266074684129
2013-03-11,2012-13,True,20130311_NoIllinois@EasternMichigan,1,12.5,90.0,0.8298121989955998,0.8244591923876358,0.7711525748961414,1.2377576514330537,0.0,20130311_SaintMarysCA@Gonzaga,-1,9.0,146.5,0.765290794637104,0.7586336401571008,0.7121668683378326,1.3402757730470707,1.0,0.6350476371689052,0.6254624782820156,0.549189314274441,0.05350376367348497,0,-1.0,1.1408823457331303,1.285895043088545,-1.0
2013-03-12,2012-13,True,20130312_MountStMarys@LongIsland,-1,6.5,163.0,0.7557939264490089,0.7427972826858557,0.6579209990923391,1.4507820867806593,1.0,20130312_WrightState@Valparaiso,1,15.0,107.5,0.845857329088702,0.841434039756556,0.81395568616052,1.172668262202868,1.0,0.6392938319676216,0.625014918290552,0.5355185382556198,0.08762171560190013,1,0.7012861085401261,1.476318102807876,1.161526227660067,0.7147821967806993
2013-03-13,2012-13,True,20130313_TCU@Texas,1,7.5,107.0,0.7816910700085293,0.7709958017656575,0.6789896370052652,1.4057651957839798,1.0,20130313_Rutgers@NotreDame,-1,11.0,136.5,0.8197830450033732,0.8124524957934524,0.7422845317977281,1.285895043088545,1.0,0.6408170856235371,0.6263974633907823,0.5040035047999626,0.15838357639006384,1,0.8076664970050176,1.3031298615602176,1.174834279711444,0.530961632276572
2013-03-14,2012-13,True,20130314_TexasTech@Kansas,-1,13.5,147.0,0.8546981157767745,0.849092484119748,0.796343252828017,1.1986037385390387,0.0,20130314_Hawaii@CalIrvine,1,8.0,130.5,0.7480880316506567,0.7381187508958152,0.6789896370052652,1.4057651957839798,1.0,0.6393894310869723,0.6267310837734933,0.5407088161692873,0.07734268687304913,0,-1.0,1.1864225345422026,1.3615925223771606,-1.0
2013-03-15,2012-13,True,20130315_CalPolySLO@Pacific,-1,8.0,127.5,0.7537047324967263,0.745375399574285,0.6801791814727828,1.4033066962344158,1.0,20130315_Nebraska@OhioState,1,14.5,105.0,0.8429343020132417,0.8385138483013178,0.8058970941856143,1.184394393386607,1.0,0.6353235726112051,0.6250075947261662,0.5481544258744653,0.05595135021739717,1,0.6620685832219246,1.3402757730470707,1.161526227660067,0.5567654626915441
2013-03-16,2012-13,True,20130316_NewMexico@UNLV,1,7.5,119.0,0.763519933621008,0.751296172933613,0.6676835466857436,1.429569449087011,0.0,20130316_PrairieViewA&M@Southern,1,13.5,111.0,0.8389093754213166,0.8321113828782206,0.7890259035716207,1.2097194726806064,0.0,0.6405240306357249,0.6251620974109035,0.5268196137236233,0.10770816712310638,0,-1.0,1.3216443309858266,1.2687909739434997,-1.0
2013-03-17,2012-13,True,20130317_Wisconsin@OhioState,1,9.0,108.5,0.7604686291329749,0.7534838602893172,0.7010173633544705,1.3615925223771606,0.0,20130317_Mississippi@Florida,1,15.0,120.5,0.8394042350550704,0.8351014764563173,0.81395568616052,1.172668262202868,1.0,0.6383405879207428,0.6292354842136143,0.5705970689996267,0.0192360785198471,0,-1.0,1.3411158671291967,1.184394393386607,-1.0
2013-03-19,2012-13,True,20130319_St.Johns@St.Josephs,1,9.0,120.5,0.7697849001773308,0.7611575385838831,0.7010173633544705,1.3615925223771606,1.0,20130319_GeorgeMason@CollCharleston,1,13.0,120.5,0.8305878461212539,0.8238900115022116,0.7802139180353733,1.2233824313253598,1.0,0.6393739822149537,0.6271100932188706,0.5469435036736183,0.06503616901478315,1,0.6657483705002001,1.3031298615602176,1.1509399292303049,0.4998241906420138
2013-03-20,2012-13,True,20130320_NorthDakota@NorthernIowa,1,12.5,118.0,0.831081858027916,0.8246557081495323,0.7711525748961414,1.2377576514330537,1.0,20130320_IndianaState@Iowa,1,9.0,124.5,0.7662236899863378,0.7587028909066995,0.7010173633544705,1.3615925223771606,0.0,0.6367946079388516,0.6256686697757616,0.5405913447977039,0.07320368377449027,0,-1.0,1.0976656581720847,1.3216443309858266,-1.0
2013-03-21,2012-13,True,20130321_Southern@Gonzaga,-1,12.0,139.5,0.8413142953856869,0.8356203957626264,0.770375170943394,1.2390067021904776,1.0,20130321_Oregon@OklahomaState,1,9.0,126.5,0.7580043564291283,0.7504520718201221,0.7010173633544705,1.3615925223771606,0.0,0.6377199010284532,0.6270930572552134,0.5400463711284876,0.07584766923974962,0,-1.0,1.2248642143113804,1.3615925223771606,-1.0
2013-03-22,2012-13,True,20130322_NorthwesternSt@Florida,-1,6.0,144.5,0.7672438503794141,0.7521363955571004,0.6350078902657218,1.5031309289725288,1.0,20130322_AlbanyNY@Duke,-1,10.5,143.0,0.8394580159094993,0.831146754424975,0.7422845317977281,1.285895043088545,1.0,0.6440690003582678,0.6251357240521832,0.4713565345137544,0.24490075390380373,1,0.9328686106788544,1.6586173980672325,1.269485746573471,1.1055911458651289
2013-03-23,2012-13,True,20130323_Oregon@SaintLouis,1,8.5,115.0,0.7680288548184819,0.7587212217226666,0.6901040877996653,1.3831246863691784,1.0,20130323_IllinoisChicago@NorthernIowa,1,12.0,117.5,0.8336111453452257,0.826743864017541,0.7711525748961414,1.2377576514330537,0.0,0.6402374133234168,0.6272681145591069,0.5321755442530647,0.096069269839544,0,-1.0,1.2855266386862583,1.2233824313253598,-1.0
2013-03-24,2012-13,True,20130324_St.Johns@Virginia,1,9.0,115.5,0.7827048119821148,0.7750374195491163,0.7117207568673468,1.3411158671291967,1.0,20130324_NorthCarolina@Kansas,1,12.5,129.0,0.8131397035955559,0.8067346522643292,0.7711525748961414,1.2377576514330537,0.0,0.6364483588179521,0.6252495431517994,0.5488452942652852,0.056489272002559154,0,-1.0,1.3831246863691784,1.1222515701147635,-1.0
2013-03-25,2012-13,True,20130325_SantaClara@Purdue,1,9.5,131.0,0.7522054590571914,0.7468235383064182,0.7117207568673468,1.3411158671291967,1.0,20130325_WesternMichigan@Wyoming,1,15.0,111.5,0.842923923128674,0.8386010726626572,0.81395568616052,1.172668262202868,1.0,0.634051976547293,0.6262870203134834,0.5793091570106459,-0.0028365928707033694,1,0.5726840133190874,1.2233824313253598,1.1222515701147635,0.37294285440570185
2013-03-26,2012-13,True,20130326_Bradley@NorthernIowa,1,9.0,124.5,0.7690006907469872,0.7610810111291829,0.7010173633544705,1.3615925223771606,1.0,20130326_Maryland@Alabama,1,13.0,113.5,0.8281121602516773,0.8223462418836471,0.7802139180353733,1.2233824313253598,1.0,0.6368188232495197,0.6258721092710898,0.5469435036736183,0.060779917131742245,1,0.6657483705002001,1.2855266386862583,1.161526227660067,0.4931729071897757
2013-03-27,2012-13,True,20130327_Iowa@Virginia,1,9.0,115.5,0.7663211803874502,0.758521852353179,0.7010173633544705,1.3615925223771606,1.0,20130327_WesternMichigan@GeorgeMason,1,13.5,124.0,0.8301614809990684,0.8249796018838513,0.7975871770181848,1.19673438528493,0.0,0.6361703260313999,0.6257650557745271,0.5591224598786233,0.03661701965224262,0,-1.0,1.3216443309858266,1.1408823457331303,-1.0
2013-03-28,2012-13,True,20130328_Arizona@OhioState,1,10.0,122.5,0.7560068046618776,0.7509894586952063,0.7222064042661385,1.3216443309858266,1.0,20130328_Marquette@MiamiFlorida,1,15.0,112.5,0.8400650131866226,0.8357775083644741,0.81395568616052,1.172668262202868,1.0,0.6350948663274567,0.6276600985962646,0.5878440093339666,-0.015697992237344582,1,0.5498503608674212,1.2687909739434997,1.161526227660067,0.4737339936537357
2013-03-29,2012-13,True,20130329_Oregon@Louisville,1,7.0,120.5,0.756481169536408,0.7463367931351886,0.6676835466857436,1.429569449087011,1.0,20130329_Michigan@Kansas,1,14.5,122.0,0.8427759295620492,0.8379630747320984,0.81395568616052,1.172668262202868,1.0,0.6375441208522323,0.6254026739612567,0.543464819380684,0.06878579966370157,1,0.6764107215591764,1.19673438528493,1.1408823457331303,0.36533313270336665
2013-03-30,2012-13,True,20130330_WichitaState@OhioState,1,10.5,117.0,0.778555524510701,0.7737029463583566,0.7424972546468968,1.2855266386862583,1.0,20130330_WeberState@NorthernIowa,1,13.5,123.0,0.8133845705799039,0.809028241085407,0.7890259035716207,1.2097194726806064,0.0,0.6332650509767483,0.6259475338148982,0.5858495672472155,-0.015192669646217904,0,-1.0,1.2377576514330537,1.1408823457331303,-1.0
2013-03-31,2012-13,True,20130331_Duke@Louisville,1,11.0,126.5,0.7687208723691212,0.7642462410907743,0.7424972546468968,1.2855266386862583,1.0,20130331_Michigan@Florida,1,14.5,117.0,0.823953763885091,0.8197285654125488,0.8058970941856143,1.184394393386607,1.0,0.6333904561655681,0.6264744748312734,0.5983763799607302,-0.03561834896583127,1,0.5225705434091348,1.2528812145489179,1.1136304936116854,0.39524672539491945
2013-04-02,2012-13,True,20130402_Iowa@Maryland,1,9.5,126.0,0.7582288068297723,0.7517056765270524,0.7117207568673468,1.3411158671291967,1.0,20130402_EastCarolina@WeberState,-1,15.0,161.5,0.8406793099695413,0.8363675593457189,0.8201504381050562,1.1638108762160224,1.0,0.6374272701246817,0.6287022420232533,0.5837180905532167,-0.00510018149528968,1,0.5608052324308412,1.2377576514330537,1.174834279711444,0.45416011887868013
2013-04-06,2012-13,True,20130406_WichitaState@Louisville,1,9.0,120.5,0.7583697116313817,0.7530586782421853,0.7117207568673468,1.3411158671291967,1.0,20130406_Michigan@Syracuse,1,14.0,116.5,0.8360307894016578,0.8316087610184015,0.8058970941856143,1.184394393386607,1.0,0.6340204286734916,0.6262501943871388,0.5735736898309809,0.007084461330298497,1,0.5884101139096385,1.2233824313253598,1.2233824313253598,0.4966645732755488
2013-11-22,2013-14,True,20131122_BostonCollege@WashingtonU,-1,4.5,162.0,0.7514874782626589,0.7328134979797153,0.5986130018429817,1.5945193256099184,0.0,20131122_KansasState@Georgetown,-1,12.0,140.5,0.8637693182535764,0.854256430507239,0.7600418014345258,1.2558519784023037,0.0,0.6491118267750362,0.6260106430116754,0.45497090428286896,0.299833612942876,0,-1.0,1.773829143570955,1.323551106590004,-1.0
2013-11-23,2013-14,True,20131123_Oklahoma@MichiganState,-1,8.0,163.5,0.7868157138465087,0.775620294828336,0.6897858556008364,1.3837627899293252,1.0,20131123_SetonHall@VirginiaTech,-1,11.5,162.0,0.814693656858014,0.8062497945622291,0.750657508628366,1.2715519248506604,1.0,0.6410137711869609,0.6253437033636415,0.5177929318524097,0.12788055000953857,1,0.7595262390713535,1.323551106590004,1.1879855465259848,0.5723595847173979
2013-11-24,2013-14,True,20131124_CharlotteU@Michigan,-1,7.5,160.0,0.770718287912345,0.7594818304950546,0.6789397782060705,1.405868429924711,1.0,20131124_Georgetown@VaCommonwealth,-1,11.5,159.0,0.8322066092589039,0.8240869236853192,0.7600418014345258,1.2558519784023037,0.0,0.6413968530773603,0.6258790452875646,0.5160226120932992,0.13242632704000457,0,-1.0,1.4290736584088035,1.3426511791706235,-1.0
2013-11-25,2013-14,True,20131125_ClevelandState@Kentucky,-1,7.0,165.5,0.7617343185792537,0.7510534407775605,0.6679151871449259,1.4290736584088035,1.0,20131125_Wyoming@OhioState,-1,12.0,143.5,0.8402637202058917,0.8333614147654504,0.7600418014345258,1.2558519784023037,1.0,0.6400577123379035,0.6258989579708473,0.507643462043108,0.14871476458531263,1,0.7947049811953137,1.3837627899293252,1.240906066360659,0.71711964042745
2013-11-26,2013-14,True,20131126_BYU@WichitaState,-1,8.0,174.5,0.7747602505258626,0.762509208191527,0.6789397782060705,1.405868429924711,1.0,20131126_Pittsburgh@Stanford,-1,11.5,156.0,0.8306951789760691,0.8218487423659636,0.750657508628366,1.2715519248506604,1.0,0.6435896049741257,0.6266672337946732,0.5096512424168643,0.15050311566114893,1,0.7876347081575421,1.3837627899293252,1.240906066360659,0.71711964042745
2013-11-27,2013-14,True,20131127_Tulsa@IndianaState,-1,6.0,163.5,0.775944570022503,0.7591706704666975,0.6338716028064472,1.5058254633493289,1.0,20131127_WestVirginia@Wisconsin,-1,10.0,155.5,0.8370472025521656,0.8262071311052688,0.7312146573235432,1.30536223589082,1.0,0.6495022316728791,0.6272322216655536,0.46349620683324133,0.2766925637401547,1,0.9656476936990097,1.4290736584088035,1.2266791733559816,0.7530148939617196
2013-11-28,2013-14,True,20131128_Missouri@Northwestern,-1,9.5,146.0,0.7725224351979898,0.7655228803382069,0.7109069092611303,1.3426511791706235,1.0,20131128_UCLA@Nevada,-1,13.0,162.5,0.8243382070594507,0.8187024410453166,0.7781170665746721,1.2266791733559816,0.0,0.6368197591443117,0.6267354508089319,0.5531687988419373,0.048843568876578924,0,-1.0,1.5058254633493289,1.2558519784023037,-1.0
2013-11-29,2013-14,True,20131129_Butler@OklahomaState,-1,7.0,160.5,0.7732204362293768,0.7596955635672875,0.6567218694856952,1.4534311165052363,1.0,20131129_TCU@Tulsa,-1,11.0,155.5,0.8347728787693267,0.8247412592127659,0.7410469434283141,1.2880425571748337,1.0,0.6454634494744714,0.6265522757148365,0.48666173406490265,0.2083599451444509,1,0.8720811319808781,1.5058254633493289,1.2558519784023037,0.8910938872758203
2013-11-30,2013-14,True,20131130_UTEP@Kansas,-1,6.0,153.5,0.7605723656444062,0.7461407905754766,0.6338716028064472,1.5058254633493289,1.0,20131130_MissouriSt@Virginia,-1,11.5,139.0,0.8472005221061706,0.8392931717138017,0.750657508628366,1.2715519248506604,0.0,0.6443573052734662,0.6262308706671352,0.4758204781529568,0.23377365657664928,0,-1.0,1.323551106590004,1.240906066360659,-1.0
2013-12-01,2013-14,True,20131201_OregonState@Depaul,-1,5.5,168.0,0.7660312682046784,0.74993657523002,0.6338716028064472,1.5058254633493289,0.0,20131201_GeoWashington@Creighton,-1,12.5,170.0,0.8436852161540311,0.8349562710157924,0.7781170665746721,1.2266791733559816,1.0,0.6462892560960106,0.6261642463524117,0.4932263121607383,0.1938027222112526,0,-1.0,1.3837627899293252,1.1763149075922619,-1.0
2013-12-02,2013-14,True,20131202_Vanderbilt@Texas,-1,9.5,152.0,0.7773752868238466,0.7704439684524583,0.7211659566808667,1.323551106590004,1.0,20131202_Auburn@IowaState,-1,12.0,165.5,0.8190444200041657,0.8130345249830517,0.7691960140056101,1.240906066360659,0.0,0.6367048909222094,0.6263975459168017,0.5547179793154652,0.04572576656800598,0,-1.0,1.323551106590004,1.3627064103986728,-1.0
2013-12-03,2013-14,True,20131203_PennState@Pittsburgh,-1,7.0,151.5,0.7478797604094497,0.7372823102155296,0.6567218694856952,1.4534311165052363,1.0,20131203_IndianaU@Syracuse,-1,15.0,161.5,0.8530530784887819,0.8480554642238646,0.8191653625016907,1.1652104003579986,1.0,0.6379811319567337,0.6252562918538743,0.5379638082800375,0.08045489388114468,1,0.6935530531558394,1.2002501464195148,1.1090653669031887,0.331155869014365
2013-12-04,2013-14,True,20131204_BostonCollege@Purdue,-1,8.5,160.0,0.7569920109609731,0.7485287822338471,0.6897858556008364,1.3837627899293252,1.0,20131204_Wisconsin@Virginia,-1,14.0,136.5,0.8415421298541891,0.8367397459910628,0.7952508923638827,1.2002501464195148,1.0,0.637040669186703,0.6263237831133488,0.5485528172065495,0.058036315794838034,1,0.6608614912225488,1.323551106590004,1.2266791733559816,0.6235725773262208
2013-12-05,2013-14,True,20131205_LongIsland@SetonHall,-1,13.0,157.5,0.8314908084527695,0.8260953223537273,0.7868025879292013,1.2131378501336203,0.0,20131205_Mississippi@KansasState,1,10.0,122.5,0.7640288056850787,0.7580060025998319,0.7229463708137627,1.3202915714558412,0.0,0.63528292932029,0.6261852130637684,0.5688160754902924,0.017529922546021037,0,-1.0,1.2002501464195148,1.139350449345472,-1.0
2013-12-06,2013-14,True,20131206_SouthCarolina@OklahomaState,-1,5.5,160.0,0.7594258203973981,0.7444175013733668,0.6222375243573576,1.5339801324032984,1.0,20131206_ArizonaState@Depaul,-1,14.5,169.0,0.8488864211636182,0.8425264882502959,0.803460953537049,1.1879855465259848,1.0,0.644666266816392,0.6271914632241625,0.4999435546466953,0.17480513833214872,1,0.8223462259531349,1.3426511791706235,1.0938061734811662,0.46860014860859533
2013-12-07,2013-14,True,20131207_TennesseeTech@Tennessee,-1,5.0,147.5,0.743177267477529,0.7301991377967141,0.6222375243573576,1.5339801324032984,1.0,20131207_NCGreensboro@NorthCarolina,-1,15.0,175.5,0.8616687445795445,0.8561491056640431,0.8114323756669178,1.1763149075922619,1.0,0.6403726230674187,0.6251593387813121,0.5049036726183923,0.155516343871285,1,0.8044436976963516,1.5339801324032984,1.1259399636954976,0.7271695345877844
2013-12-08,2013-14,True,20131208_Nebraska@Creighton,-1,8.5,154.0,0.7746212398432704,0.7656634211460632,0.6897858556008364,1.3837627899293252,1.0,20131208_WashingtonU@SanDiegoState,-1,11.5,160.0,0.8252307539145808,0.8187349958668363,0.7600418014345258,1.2558519784023037,1.0,0.6392412697541093,0.6268754379474099,0.5242660842949154,0.11087426955808954,1,0.7378012373722345,1.405868429924711,1.2131378501336203,0.7055122046495923
2013-12-10,2013-14,True,20131210_Evansville@Xavier,-1,11.5,156.0,0.8392808770464951,0.8311612417520174,0.750657508628366,1.2715519248506604,1.0,20131210_BoiseState@Kentucky,-1,7.5,167.0,0.7657980080133218,0.7541880798527849,0.6679151871449259,1.4290736584088035,1.0,0.6427196238058795,0.6268519009650104,0.5013755503572589,0.1679124120102815,1,0.8171413611030893,1.2131378501336203,1.323551106590004,0.6056499439905716
2013-12-12,2013-14,True,20131212_FlaAtlantic@Depaul,-1,7.5,152.0,0.7742319937365775,0.7631123422295686,0.6679151871449259,1.4290736584088035,1.0,20131212_Maryland@BostonCollege,-1,14.5,158.0,0.8267001203559414,0.8225027216541465,0.803460953537049,1.1879855465259848,0.0,0.6400576824054491,0.6276619784116907,0.5366437731453387,0.08663799321793775,0,-1.0,1.4789958597091202,1.1879855465259848,-1.0
2013-12-13,2013-14,True,20131213_Elon@Colorado,-1,11.0,157.5,0.7936973524780457,0.7876106853675984,0.7410469434283141,1.2880425571748337,1.0,20131213_Iowa@IowaState,1,14.5,152.0,0.7988608384788956,0.7947358427985443,0.8150118694735689,1.171148587831646,1.0,0.6340537324990911,0.6259424418327574,0.6039620547311844,-0.0435367784181534,1,0.5084892219023689,1.2880425571748337,1.2082300054187731,0.5562516658349597
2013-12-14,2013-14,True,20131214_NDakotaSt@OhioState,-1,11.5,147.0,0.8442778503217624,0.8356552849359213,0.750657508628366,1.2715519248506604,1.0,20131214_IdahoState@WashingtonU,-1,6.5,160.0,0.7621796424264736,0.7495421280527401,0.6567218694856952,1.4534311165052363,1.0,0.6434913900668326,0.6263588405893894,0.4929732024098949,0.18924488948908702,1,0.8481131338300776,1.2266791733559816,1.2558519784023037,0.5405274667240121
2013-12-15,2013-14,True,20131215_LaSalle@Villanova,1,8.5,133.0,0.7546809157037785,0.7484069475608452,0.7016876115620428,1.3602919365715547,0.0,20131215_WesternMichigan@Missouri,-1,14.5,158.0,0.8433091294094829,0.8388008903451585,0.803460953537049,1.1879855465259848,1.0,0.6364293060041047,0.6277644139545393,0.5637785974707734,0.028474315147348328,0,-1.0,1.2514397983125558,1.240906066360659,-1.0
2013-12-17,2013-14,True,20131217_MissouriSt@Louisville,-1,7.0,153.5,0.7863867508136047,0.7730096887608894,0.6567218694856952,1.4534311165052363,1.0,20131217_Pittsburgh@Cincinnati,-1,9.5,140.0,0.820199532124552,0.8098110981337671,0.7109069092611303,1.3426511791706235,1.0,0.6449940450862652,0.6259918249234974,0.466868114480267,0.25867427583789815,1,0.9514510024190312,1.3837627899293252,1.2715519248506604,0.7595262390713535
2013-12-18,2013-14,True,20131218_Towson@OregonState,-1,6.0,159.5,0.7547594826979693,0.7417569332072347,0.645370298864613,1.4789958597091202,1.0,20131218_Delaware@OhioState,-1,13.5,160.0,0.8519789441372297,0.8450422528500848,0.7868025879292013,1.2131378501336203,1.0,0.6430391871465776,0.6268159499046115,0.5077790213193195,0.15375753703107797,1,0.7942258576040475,1.2715519248506604,1.1445946935391502,0.4554115857435581
2013-12-19,2013-14,True,20131219_UCLA@Duke,-1,8.0,175.5,0.7524359511692246,0.7420439014282669,0.6789397782060705,1.405868429924711,1.0,20131219_TexasState@UtahU,-1,15.0,148.5,0.8489373629895849,0.8445022146566208,0.8114323756669178,1.1763149075922619,1.0,0.6387709922041616,0.6266577181286106,0.5509137171645221,0.05636369077083314,1,0.6537439922337647,1.2002501464195148,1.0938061734811662,0.31284101987533885
2013-12-21,2013-14,True,20131221_Belmont@Kentucky,-1,7.0,159.5,0.7731560012708523,0.7603273099477036,0.6567218694856952,1.4534311165052363,0.0,20131221_Davidson@NorthCarolina,-1,11.5,166.0,0.8302552456626997,0.822278847263319,0.750657508628366,1.2715519248506604,0.0,0.6419168257707221,0.625201063966618,0.4929732024098949,0.18633491653338496,0,-1.0,1.405868429924711,1.2715519248506604,-1.0
2013-12-22,2013-14,True,20131222_OregonState@Akron,-1,4.0,158.5,0.744332868443215,0.7262436810742431,0.5986130018429817,1.5945193256099184,1.0,20131222_SouthCarolina@SaintMarysCA,-1,12.5,151.0,0.8708027251413849,0.8620744127634296,0.7691960140056101,1.240906066360659,1.0,0.6481670902526555,0.6260760948852295,0.46045073494955446,0.28249497315484917,1,0.9786487040786547,1.405868429924711,1.2558519784023037,0.7655626490942888
2013-12-23,2013-14,True,20131223_SouthCarolina@BoiseState,-1,3.5,152.0,0.7602636338990022,0.7385646214052862,0.5746011936622274,1.6611521356516563,1.0,20131223_GeorgeMason@OregonState,-1,12.5,162.0,0.8570403331665164,0.8474752634402695,0.7691960140056101,1.240906066360659,1.0,0.6515765980911873,0.6259152470931079,0.44198094780785097,0.3431168403556757,1,1.0613337622781045,1.4789958597091202,1.154645452371647,0.70771584348963
2013-12-25,2013-14,True,20131225_OregonState@Hawaii,-1,4.5,161.0,0.7634682916488438,0.7456718742131032,0.6104803782425041,1.5635228158321566,1.0,20131225_Akron@SouthCarolina,-1,11.5,151.0,0.8490508701122347,0.8392833904034066,0.750657508628366,1.2715519248506604,1.0,0.6482234173275522,0.6258300187180358,0.4582616797980207,0.2887332651090635,1,0.9881004460193032,1.3837627899293252,1.1763149075922619,0.6277407983653247
2013-12-27,2013-14,True,20131227_ULMonroe@OhioState,1,12.5,113.0,0.8204748407408463,0.816510664030883,0.7811559846948019,1.221907043793467,0.0,20131227_Depaul@Northwestern,-1,10.0,144.5,0.7716527787899299,0.7669243643419517,0.7312146573235432,1.30536223589082,1.0,0.6331216907848992,0.6262019219903098,0.5711927056648445,0.009848920308652032,0,-1.0,1.1039203969485867,1.30536223589082,-1.0
2013-12-28,2013-14,True,20131228_FloridaIntl@Georgetown,-1,8.0,145.5,0.7635243389688209,0.7550490482759165,0.6789397782060705,1.405868429924711,0.0,20131228_Nebraska@Cincinnati,-1,11.5,140.0,0.8349216599053629,0.8284852729815013,0.7600418014345258,1.2558519784023037,1.0,0.637483008469993,0.6255470168752955,0.5160226120932992,0.12551618918687768,0,-1.0,1.2558519784023037,1.2131378501336203,-1.0
2013-12-29,2013-14,True,20131229_Quinnipiac@OregonState,-1,8.5,165.0,0.7741927313730849,0.7646779258350153,0.6897858556008364,1.3837627899293252,1.0,20131229_Hartford@WashingtonU,-1,11.5,160.0,0.825476442765022,0.8177525774009801,0.7600418014345258,1.2558519784023037,1.0,0.6390778619083903,0.6253173447332192,0.5242660842949154,0.11059029920160257,1,0.7378012373722345,1.1763149075922619,1.1763149075922619,0.38371676182379155
2013-12-30,2013-14,True,20131230_Virginia@Tennessee,-1,12.5,132.0,0.8023443207273127,0.7984553801932652,0.7781170665746721,1.2266791733559816,0.0,20131230_SaintLouis@Vanderbilt,1,13.0,117.5,0.7868807020812623,0.783023362929132,0.7811559846948019,1.221907043793467,0.0,0.6313492624048213,0.6252092169477892,0.6078308033479687,-0.05367821576626175,0,-1.0,1.30536223589082,1.139350449345472,-1.0
2013-12-31,2013-14,True,20131231_EasternMichigan@Syracuse,-1,8.0,137.5,0.7875864192801652,0.777138508765806,0.6789397782060705,1.405868429924711,1.0,20131231_Depaul@Georgetown,-1,10.0,151.5,0.8180776581554031,0.8089486608270032,0.7211659566808667,1.323551106590004,1.0,0.644306853479717,0.628665155943193,0.4896282546786763,0.1988867073484346,1,0.860738716146803,1.3426511791706235,1.2715519248506604,0.7072506912774152
2014-01-01,2013-14,True,20140101_SMU@Cincinnati,-1,7.0,133.5,0.7681689769625858,0.7571987346623423,0.6567218694856952,1.4534311165052363,1.0,20140101_SanDiegoState@ColoradoState,-1,15.0,153.5,0.8363874259743965,0.8323693322697262,0.8191653625016907,1.1652104003579986,1.0,0.6424868733551227,0.6302690051663755,0.5379638082800375,0.08808560598311699,1,0.6935530531558394,1.405868429924711,1.1445946935391502,0.6091495447060409
2014-01-02,2013-14,True,20140102_OregonState@Colorado,-1,8.0,155.5,0.7847980054014063,0.7730805118803417,0.6789397782060705,1.405868429924711,1.0,20140102_SaintMarysCA@Gonzaga,-1,11.0,153.5,0.8175234414992023,0.8091392458023555,0.7410469434283141,1.2880425571748337,1.0,0.6415907662574672,0.6255297823273586,0.5031262474115061,0.16180434397769106,1,0.8108183675315934,1.3837627899293252,1.2131378501336203,0.678695016069762
2014-01-04,2013-14,True,20140104_OregonState@UtahU,-1,8.5,150.0,0.7779574641768761,0.7677835146106765,0.6897858556008364,1.3837627899293252,1.0,20140104_Cincinnati@MemphisU,-1,11.5,147.0,0.8224259719757606,0.8151635484289996,0.750657508628366,1.2715519248506604,1.0,0.6398124236314653,0.6258691341953277,0.5177929318524097,0.12576674746339966,1,0.7595262390713535,1.2880425571748337,1.2266791733559816,0.5800149792825497
2014-01-05,2013-14,True,20140105_TennMartin@MurrayState,-1,9.5,152.0,0.7690652506253536,0.7623316194003248,0.7109069092611303,1.3426511791706235,0.0,20140105_Providence@Villanova,1,12.5,123.0,0.8259955482812913,0.8207391777917735,0.7811559846948019,1.221907043793467,1.0,0.6352444733543776,0.6256754265112938,0.5553291867302164,0.042178864319720955,0,-1.0,1.3426511791706235,1.1828827713000951,-1.0
2014-01-07,2013-14,True,20140107_JamesMadison@CollCharleston,-1,7.5,146.0,0.753888986613682,0.7454669332676463,0.6789397782060705,1.405868429924711,1.0,20140107_Cincinnati@HoustonU,-1,13.5,143.0,0.8442537118134535,0.838911943543078,0.7868025879292013,1.2131378501336203,1.0,0.636473575243884,0.6253811138346592,0.5341915745406143,0.08551345051540471,1,0.7055122046495923,1.405868429924711,1.2002501464195148,0.6873937888637078
2014-01-08,2013-14,True,20140108_BoiseState@SanDiegoState,-1,9.0,144.5,0.7647758425360027,0.7578332070456855,0.7004443456905379,1.3627064103986728,1.0,20140108_Texas@OklahomaState,-1,13.5,167.0,0.8311834461882799,0.825394828765307,0.7868025879292013,1.2131378501336203,1.0,0.63566902036062,0.625511610162137,0.5511114238896914,0.05085670191645986,1,0.6531507250743489,1.3627064103986728,1.1652104003579986,0.5878396820310487
2014-01-09,2013-14,True,20140109_SouthFlorida@Temple,-1,10.0,153.5,0.7746879253467354,0.7679084434706821,0.7211659566808667,1.323551106590004,0.0,20140109_California@Oregon,-1,13.0,165.5,0.8196476872188705,0.8139151767729935,0.7781170665746721,1.2266791733559816,0.0,0.6349711663268366,0.6250123365129145,0.561151538726033,0.030921773041098666,0,-1.0,1.2266791733559816,1.1763149075922619,-1.0
2014-01-11,2013-14,True,20140111_Rutgers@Cincinnati,-1,11.5,144.0,0.8339450450639992,0.8263882989504926,0.750657508628366,1.2715519248506604,1.0,20140111_California@OregonState,-1,8.0,153.5,0.7664632540011148,0.7569881456568284,0.6897858556008364,1.3837627899293252,0.0,0.6391882328978592,0.6255661460150341,0.5177929318524097,0.1246684674894345,0,-1.0,1.2002501464195148,1.3627064103986728,-1.0
2014-01-12,2013-14,True,20140112_SMU@Louisville,-1,7.5,151.0,0.7649729767050065,0.7557132901270138,0.6789397782060705,1.405868429924711,1.0,20140112_Illinois@Northwestern,1,12.5,107.0,0.8338255698472623,0.8281665853455239,0.7811559846948019,1.221907043793467,0.0,0.6378540282188085,0.6258564949847203,0.5303578709930334,0.09573150647263695,0,-1.0,1.3426511791706235,1.0628251575942091,-1.0
2014-01-13,2013-14,True,20140113_Syracuse@BostonCollege,-1,7.5,140.0,0.760273036731268,0.7507665925932829,0.6679151871449259,1.4290736584088035,1.0,20140113_CollCharleston@Northeastern,1,14.5,111.0,0.8383802142858788,0.8343428835650574,0.8150118694735689,1.171148587831646,0.0,0.6373978714505363,0.6263967637485923,0.5443588053247747,0.06678578983478167,0,-1.0,1.2715519248506604,1.120721107965785,-1.0
2014-01-14,2013-14,True,20140114_Georgia@Florida,-1,8.0,136.5,0.773336192934961,0.7653919280946799,0.6897858556008364,1.3837627899293252,1.0,20140114_Wisconsin@IndianaU,-1,13.0,153.5,0.8217387881593972,0.8170128604217504,0.7868025879292013,1.2131378501336203,1.0,0.6354803460221766,0.6253350485163531,0.5427252963036965,0.06677768967771569,1,0.678695016069762,1.240906066360659,1.2002501464195148,0.489397687842245
2014-01-15,2013-14,True,20140115_SouthFlorida@SMU,-1,8.0,143.5,0.7799063265776603,0.7706407812906693,0.6897858556008364,1.3837627899293252,1.0,20140115_Georgetown@Xavier,-1,11.5,149.0,0.8206360992467899,0.8133798948746802,0.750657508628366,1.2715519248506604,1.0,0.6400192856205842,0.626823717672346,0.5177929318524097,0.1261307265611209,1,0.7595262390713535,1.2880425571748337,1.2558519784023037,0.6175907936943772
2014-01-16,2013-14,True,20140116_Belmont@EasternKentucky,-1,8.0,163.5,0.7553438909574379,0.7448225021225157,0.6789397782060705,1.405868429924711,1.0,20140116_LongBeachState@CalSantaBarb,1,13.5,120.0,0.8473540008088624,0.8409387599188695,0.7985891730851409,1.1952328333134525,0.0,0.6400436679893181,0.6263501112945778,0.5421939560521948,0.07549104540333529,0,-1.0,1.30536223589082,1.1828827713000951,-1.0
2014-01-17,2013-14,True,20140117_Canisius@Iona,-1,6.0,172.5,0.7485375416512832,0.7357225056732764,0.645370298864613,1.4789958597091202,1.0,20140117_WiscGreenBay@WrightState,-1,15.0,144.5,0.8598212562169743,0.8549395838500539,0.8114323756669178,1.1763149075922619,0.0,0.643608489388172,0.6289982928294298,0.5236743547925816,0.11972744504789867,0,-1.0,1.2715519248506604,1.2131378501336203,-1.0
2014-01-18,2013-14,True,20140118_Cincinnati@SouthFlorida,-1,9.5,132.0,0.7785536293603414,0.7717535558843781,0.7109069092611303,1.3426511791706235,1.0,20140118_Pittsburgh@Syracuse,-1,12.0,136.5,0.817631334971107,0.8116885377678242,0.7600418014345258,1.2558519784023037,1.0,0.6365698433204964,0.6264235152929097,0.5403189679670805,0.07336569818848249,1,0.6861711396656134,1.405868429924711,1.2266791733559816,0.7245495234673163
2014-01-19,2013-14,True,20140119_Oregon@OregonState,-1,8.5,171.0,0.7628716314043118,0.7532536937136657,0.6897858556008364,1.3837627899293252,1.0,20140119_Towson@CollCharleston,1,14.5,113.0,0.8351829353503132,0.8311948691551025,0.8150118694735689,1.171148587831646,1.0,0.6371373684117353,0.626100605386928,0.5621836597096629,0.03253961849941778,1,0.6205918373197079,1.2558519784023037,1.171148587831646,0.470789271031437
2014-01-20,2013-14,True,20140120_Baylor@Kansas,-1,9.5,151.0,0.7757223122456035,0.7695946515937623,0.7211659566808667,1.323551106590004,1.0,20140120_Marquette@Georgetown,-1,13.0,142.5,0.8179813730433685,0.8131794641978826,0.7781170665746721,1.2266791733559816,0.0,0.6345264020710354,0.6258185664325717,0.561151538726033,0.030199665992004965,0,-1.0,1.4290736584088035,1.1763149075922619,-1.0
2014-01-21,2013-14,True,20140121_Rutgers@SMU,-1,13.0,150.5,0.8404012176216422,0.8343818757512735,0.7781170665746721,1.2266791733559816,1.0,20140121_Butler@Providence,1,8.5,122.0,0.7578351584132629,0.750053511011943,0.6907400180212953,1.3818513117775857,0.0,0.6368855898869963,0.6258310554319735,0.5374765965884664,0.07957726398276188,0,-1.0,1.2002501464195148,1.2673693078704265,-1.0
2014-01-22,2013-14,True,20140122_OregonState@WashingtonState,-1,8.5,141.0,0.7626697743430654,0.7543617964509297,0.6897858556008364,1.3837627899293252,1.0,20140122_TCU@Oklahoma,-1,13.0,165.5,0.8357047707686301,0.8298604441231904,0.7868025879292013,1.2131378501336203,1.0,0.6373667689395344,0.6260150154323363,0.5427252963036965,0.06994441842728394,1,0.678695016069762,1.2715519248506604,1.1350339039218094,0.4432545453025363
2014-01-23,2013-14,True,20140123_Illinois@OhioState,1,7.5,115.0,0.7462104232839017,0.7375152696628821,0.6682530936908013,1.42835103797012,1.0,20140123_SanDiego@Gonzaga,-1,15.0,146.5,0.8551802596850704,0.8507136190372523,0.8114323756669178,1.1763149075922619,1.0,0.6381444235636334,0.6274142841501454,0.5422421953602944,0.07220427419138087,1,0.6801906192391332,1.2514397983125558,1.2715519248506604,0.5912706843790525
2014-01-24,2013-14,True,20140124_Rider@Manhattan,-1,7.5,161.0,0.7627314811257837,0.7531107717710288,0.6789397782060705,1.405868429924711,1.0,20140124_Vermont@StonyBrook,1,15.0,115.5,0.8392776842528366,0.8352788719960942,0.8228444674355025,1.1600005077202722,1.0,0.6401435111859839,0.6290575159330128,0.5586618402187523,0.04395121840382954,1,0.6308080925005668,1.4534311165052363,1.1952328333134525,0.7371885914064882
2014-01-25,2013-14,True,20140125_NDakotaSt@SouthDakotaSt,-1,8.5,157.0,0.7769241808304036,0.7674454749163828,0.7004443456905379,1.3627064103986728,0.0,20140125_Georgetown@Creighton,-1,12.0,157.5,0.8215807225621288,0.814679306301216,0.7600418014345258,1.2558519784023037,1.0,0.638305929862633,0.625221947128886,0.5323669823032642,0.09236966684225179,0,-1.0,1.2266791733559816,1.2131378501336203,-1.0
2014-01-26,2013-14,True,20140126_SouthFlorida@MemphisU,-1,8.0,149.5,0.753321815011662,0.7466903715850821,0.6897858556008364,1.3837627899293252,1.0,20140126_Harvard@Dartmouth,-1,14.5,142.0,0.8426699628885581,0.838503521858646,0.803460953537049,1.1879855465259848,1.0,0.6348016658990184,0.6261025063120323,0.5542160012774172,0.04354423386909412,1,0.643890194256511,1.30536223589082,1.1763149075922619,0.5355170578863382
2014-01-27,2013-14,True,20140127_Duke@Pittsburgh,-1,9.0,150.5,0.76813261281582,0.7603639233583751,0.7004443456905379,1.3627064103986728,1.0,20140127_Villanova@Georgetown,-1,13.5,155.0,0.8281646496369346,0.8227290472174331,0.7868025879292013,1.2131378501336203,1.0,0.6361402761673167,0.6255734862031452,0.5511114238896914,0.051635758794996045,1,0.6531507250743489,1.30536223589082,1.1652104003579986,0.5210216534945544
2014-01-28,2013-14,True,20140128_SMU@SouthFlorida,-1,10.5,141.0,0.7948966044346643,0.7884523114540442,0.7312146573235432,1.30536223589082,0.0,20140128_WestVirginia@Baylor,-1,11.5,152.0,0.7991288124505951,0.7938201343281505,0.7600418014345258,1.2558519784023037,1.0,0.6352247795228837,0.62588931978979,0.5557537053875152,0.04135049946733038,0,-1.0,1.2002501464195148,1.3426511791706235,-1.0
2014-01-29,2013-14,True,20140129_PennState@OhioState,1,8.5,123.0,0.7398981327552641,0.7339847672361222,0.6907400180212953,1.3818513117775857,1.0,20140129_Northwestern@Wisconsin,1,15.0,103.5,0.8604924910183235,0.8564117387507946,0.8228444674355025,1.1600005077202722,1.0,0.6366767873543834,0.6285931707252846,0.5683716022651222,0.020559925077998198,1,0.6029482232559236,1.3202915714558412,1.1039203969485867,0.4574967956494056
2014-01-30,2013-14,True,20140130_SaintMarysCA@SanDiego,-1,13.0,141.5,0.8248388265737528,0.8198101244725201,0.7781170665746721,1.2266791733559816,1.0,20140130_Providence@Marquette,1,10.0,121.5,0.7699673169367324,0.7640145264656696,0.7229463708137627,1.3202915714558412,0.0,0.6350989382022352,0.6263468440406341,0.5625369093484102,0.028589837905682813,0,-1.0,1.240906066360659,1.221907043793467,-1.0
2014-01-31,2013-14,True,20140131_Manhattan@Iona,-1,10.5,173.0,0.761296916136498,0.7555890430871439,0.7312146573235432,1.30536223589082,1.0,20140131_ClevelandState@DetroitU,1,14.5,117.0,0.8335414857583014,0.8293006665305422,0.8150118694735689,1.171148587831646,1.0,0.6345725625796296,0.6266104970553431,0.5959486248517359,-0.029882511472532847,1,0.5287731391722938,1.2715519248506604,1.1494101467916338,0.46153468459578195
2014-02-01,2013-14,True,20140201_Richmond@VaCommonwealth,1,7.0,126.5,0.7413315388175453,0.7318911119055913,0.6682530936908013,1.42835103797012,1.0,20140201_Pennsylvania@Harvard,-1,14.5,157.0,0.8614316338561935,0.8560150972532844,0.8114323756669178,1.1763149075922619,1.0,0.6386064387127242,0.6265098413366792,0.5422421953602944,0.0729805477108294,1,0.6801906192391332,1.3602919365715547,1.1445946935391502,0.5569829322638957
2014-02-02,2013-14,True,20140202_SouthFlorida@Cincinnati,-1,12.0,135.5,0.8378716133768567,0.831723215628145,0.7600418014345258,1.2558519784023037,1.0,20140202_UCLA@OregonState,-1,9.0,163.5,0.7600876262735051,0.7521900865272604,0.7004443456905379,1.3627064103986728,1.0,0.636855845733567,0.6256139575300657,0.5323669823032642,0.08988805443219317,1,0.7113575414806748,1.240906066360659,1.3426511791706235,0.6661039932391188
2014-02-03,2013-14,True,20140203_NotreDame@Syracuse,-1,8.5,139.0,0.788627512740761,0.7804069060500589,0.7004443456905379,1.3627064103986728,1.0,20140203_Xavier@Villanova,-1,12.0,159.5,0.8073478576530709,0.8016315350800397,0.7600418014345258,1.2558519784023037,1.0,0.6366967328975234,0.625598786083973,0.5323669823032642,0.08961575548028344,1,0.7113575414806748,1.323551106590004,1.240906066360659,0.6424025973058993
2014-02-04,2013-14,True,20140204_Rutgers@MemphisU,-1,9.0,159.5,0.7685740743875092,0.7610714686075455,0.7004443456905379,1.3627064103986728,0.0,20140204_WakeForest@Duke,-1,12.5,160.0,0.8288438808835711,0.8231930467674824,0.7691960140056101,1.240906066360659,1.0,0.6370279185618416,0.6265087410508478,0.5387789987379294,0.07720825492572936,0,-1.0,1.323551106590004,1.1445946935391502,-1.0
2014-02-05,2013-14,True,20140205_Nebraska@Michigan,-1,8.5,146.0,0.7588921435955978,0.7515180966898841,0.6897858556008364,1.3837627899293252,1.0,20140205_BostonCollege@Virginia,-1,13.5,137.0,0.8368435835462854,0.8324359352593658,0.7868025879292013,1.2131378501336203,0.0,0.6350740209716622,0.6255906696823822,0.5427252963036965,0.06609559384051278,0,-1.0,1.2880425571748337,1.2131378501336203,-1.0
2014-02-06,2013-14,True,20140206_IUPUI@NDakotaSt,-1,8.0,152.5,0.7824916575961164,0.7725149778277135,0.6789397782060705,1.405868429924711,1.0,20140206_WashingtonU@UtahU,-1,12.0,154.5,0.8163499300911619,0.8100554633648631,0.7600418014345258,1.2558519784023037,1.0,0.638787009975507,0.6257799783205255,0.5160226120932992,0.12781848553937603,1,0.7655626490942888,1.323551106590004,1.1445946935391502,0.5149295732307888
2014-02-07,2013-14,True,20140207_Depaul@Creighton,-1,14.5,163.0,0.8517227113436578,0.8467436336362391,0.803460953537049,1.1879855465259848,1.0,20140207_Manhattan@Canisius,-1,8.5,157.0,0.7458108955495132,0.7381715043410145,0.6897858556008364,1.3837627899293252,0.0,0.6352240781070729,0.6250420218324395,0.5542160012774172,0.04423863315584908,0,-1.0,1.1763149075922619,1.3426511791706235,-1.0
2014-02-08,2013-14,True,20140208_IPFW@NDakotaSt,-1,8.0,157.5,0.7684290768148192,0.7581891838564593,0.6789397782060705,1.405868429924711,1.0,20140208_SouthCarolina@Tennessee,-1,12.0,153.5,0.833208861224127,0.8260295686282859,0.7600418014345258,1.2558519784023037,1.0,0.6402619160243826,0.6262866844795832,0.5160226120932992,0.1304225245701942,1,0.7655626490942888,1.2715519248506604,1.2131378501336203,0.5425677684465968
2014-02-09,2013-14,True,20140209_Clemson@Syracuse,-1,10.5,122.0,0.8045983197710935,0.7993884140972997,0.7312146573235432,1.30536223589082,1.0,20140209_OregonState@Arizona,-1,11.0,144.5,0.7963849757284743,0.7913757512987051,0.7410469434283141,1.2880425571748337,1.0,0.6407700133620735,0.6326166067857308,0.5418643867995938,0.07736642320101139,1,0.6813621123562701,1.4290736584088035,1.2880425571748337,0.84070768936807
2014-02-10,2013-14,True,20140210_Maryland@Virginia,-1,13.5,142.0,0.8302399982237506,0.8259101113156203,0.7868025879292013,1.2131378501336203,1.0,20140210_Kansas@KansasState,-1,9.5,144.0,0.7641137179096398,0.7587893221777354,0.7211659566808667,1.323551106590004,0.0,0.6343977718000428,0.6266917735449176,0.5674152410429442,0.01862074675848202,0,-1.0,1.2131378501336203,1.3837627899293252,-1.0
2014-02-11,2013-14,True,20140211_UtahState@ColoradoState,-1,8.0,145.5,0.7519777016424679,0.7439000822014632,0.6789397782060705,1.405868429924711,1.0,20140211_Florida@Tennessee,-1,14.5,141.0,0.8480401602436586,0.8431608571036571,0.803460953537049,1.1879855465259848,1.0,0.6377072906005365,0.6272274309084667,0.545501601591682,0.06506770828720643,1,0.6701513750677359,1.2266791733559816,1.2131378501336203,0.48813093516876216
2014-02-12,2013-14,True,20140212_Syracuse@Pittsburgh,-1,8.5,132.0,0.7637311682197262,0.7571795447142673,0.7004443456905379,1.3627064103986728,1.0,20140212_SouthFlorida@Connecticut,-1,12.5,146.0,0.8314616242909697,0.8265573767317953,0.7781170665746721,1.2266791733559816,1.0,0.6350131576496134,0.6258523381939999,0.5450276995675369,0.06149026325116713,1,0.6716035730347409,1.3837627899293252,1.2002501464195148,0.6608614912225488
2014-02-13,2013-14,True,20140213_Northwestern@MichiganState,1,9.0,106.5,0.7958577308420287,0.787797384895068,0.7124257608497567,1.3397887224930012,1.0,20140213_TennesseeState@Belmont,-1,10.0,160.5,0.8020908373720881,0.7944470917731039,0.7312146573235432,1.30536223589082,1.0,0.6383501937601327,0.6258633413363434,0.5209361585882194,0.11641678357042462,1,0.7489096024147692,1.1952328333134525,1.30536223589082,0.5602118037041681
2014-02-14,2013-14,True,20140214_SMU@Rutgers,-1,9.5,153.0,0.7656632828279976,0.7602505852184988,0.7211659566808667,1.323551106590004,1.0,20140214_Arizona@ArizonaState,1,13.5,119.0,0.8299122651984638,0.8253454946724131,0.7985891730851409,1.1952328333134525,1.0,0.6354333494310755,0.6274693953321534,0.5759153250029279,0.005224892255756952,1,0.581951739164726,1.323551106590004,1.1121034691757428,0.47192577727013685
2014-02-15,2013-14,True,20140215_VaCommonwealth@SaintLouis,1,7.0,127.5,0.7312223378001631,0.7213346887437663,0.6567341133631438,1.4534040193404805,0.0,20140215_Virginia@Clemson,1,15.0,88.5,0.8742909206874301,0.8695369645701967,0.8228444674355025,1.1600005077202722,1.0,0.6393010509425197,0.6272271756894422,0.540390031757023,0.07782922348455101,0,-1.0,1.3602919365715547,1.0571419823903563,-1.0
2014-02-16,2013-14,True,20140216_Rutgers@Louisville,-1,9.0,159.5,0.7777511538819675,0.7707659871337412,0.7109069092611303,1.3426511791706235,1.0,20140216_SMU@Temple,-1,12.0,159.5,0.8167914145790771,0.8110781078385598,0.7691960140056101,1.240906066360659,1.0,0.6352604651697616,0.6251514184307546,0.5468267609327094,0.058409997766279975,1,0.6661039932391188,1.2715519248506604,1.1763149075922619,0.49574548497946735
2014-02-17,2013-14,True,20140217_Delaware@Towson,-1,9.0,161.5,0.7607896326442574,0.7539513442403074,0.7109069092611303,1.3426511791706235,1.0,20140217_OklahomaState@Baylor,-1,15.0,157.5,0.8358846326339209,0.8317840121366528,0.8191653625016907,1.1652104003579986,1.0,0.6359323625945407,0.6271246740680255,0.5823503160298503,-0.005102185705002982,1,0.564471118022541,1.323551106590004,1.1879855465259848,0.5723595847173979
2014-02-18,2013-14,True,20140218_Georgia@Tennessee,-1,9.0,139.5,0.7863612947875944,0.7782894517889468,0.7004443456905379,1.3627064103986728,1.0,20140218_SouthFlorida@Louisville,-1,10.0,149.5,0.8104799974870882,0.8034602474749599,0.7312146573235432,1.30536223589082,1.0,0.637330100223393,0.6253246355414981,0.5121751722083201,0.13369902574441728,1,0.7788254867407647,1.405868429924711,1.240906066360659,0.744550663198509
2014-02-19,2013-14,True,20140219_BostonCollege@Syracuse,-1,6.5,138.0,0.769918463719384,0.7575289910664071,0.645370298864613,1.4789958597091202,1.0,20140219_Northwestern@OhioState,1,11.5,101.0,0.8329710861266654,0.8262975132790021,0.7531348550675068,1.2673693078704265,1.0,0.6413198189533089,0.6259443215549236,0.4860508665002738,0.20211164726607223,1,0.8744339590627739,1.405868429924711,1.1600005077202722,0.6308080925005668
2014-02-20,2013-14,True,20140220_WashingtonState@OregonState,-1,10.0,143.5,0.782334938907647,0.7758964270665596,0.7211659566808667,1.323551106590004,1.0,20140220_MemphisU@Rutgers,-1,12.5,164.0,0.8109793806424711,0.8058723438603143,0.7781170665746721,1.2266791733559816,1.0,0.6344575042102891,0.6252734722729717,0.561151538726033,0.03008780531466093,1,0.6235725773262208,1.3627064103986728,1.2266791733559816,0.6716035730347409
2014-02-21,2013-14,True,20140221_DetroitU@WrightState,1,15.0,114.5,0.8398784210430147,0.8356955056543753,0.8150118694735689,1.171148587831646,1.0,20140221_VaCommonwealth@Massachusetts,1,9.5,138.0,0.756573132869186,0.7505160201421659,0.7229463708137627,1.3202915714558412,1.0,0.635429448237739,0.6272028649544167,0.5892098732060567,-0.017462380402338384,1,0.5462576094365332,1.171148587831646,1.2514397983125558,0.4656219525500698
2014-02-22,2013-14,True,20140222_Syracuse@Duke,-1,12.0,145.5,0.8267775664001871,0.8199959423941946,0.7600418014345258,1.2558519784023037,1.0,20140222_Xavier@Georgetown,-1,9.0,145.5,0.7724980695876096,0.7642543345391793,0.7004443456905379,1.3627064103986728,1.0,0.6386840740224862,0.6266854532793025,0.5323669823032642,0.0930168067019832,1,0.7113575414806748,1.240906066360659,1.2715519248506604,0.5778764972397572
2014-02-23,2013-14,True,20140223_SetonHall@Creighton,-1,8.5,155.0,0.7646420912528535,0.757519554799512,0.7004443456905379,1.3627064103986728,1.0,20140223_WashingtonState@Oregon,-1,13.0,151.5,0.8322625033267997,0.826884350419039,0.7781170665746721,1.2266791733559816,1.0,0.6363829410151391,0.6263810650001141,0.5450276995675369,0.06377999801926348,1,0.6716035730347409,1.3627064103986728,1.2715519248506604,0.7327519591487663
2014-02-24,2013-14,True,20140224_OklahomaState@TCU,-1,9.5,150.0,0.7759273233322587,0.7700971324290421,0.7211659566808667,1.323551106590004,1.0,20140224_Syracuse@Maryland,-1,12.0,141.5,0.8175794640223104,0.8124686326541414,0.7691960140056101,1.240906066360659,1.0,0.634382245130254,0.6256797641954991,0.5547179793154652,0.04191104708667681,1,0.6424025973058993,1.30536223589082,1.2715519248506604,0.6598358636743338
2014-02-25,2013-14,True,20140225_KansasState@TexasTech,-1,9.0,138.5,0.7771314744960913,0.7691020434818117,0.7004443456905379,1.3627064103986728,1.0,20140225_VirginiaTech@Duke,-1,11.5,150.0,0.8202130503259034,0.8141693247347475,0.750657508628366,1.2715519248506604,1.0,0.6374133772007061,0.626179291393701,0.5257938074688852,0.10447927813215507,1,0.7327519591487663,1.30536223589082,1.2002501464195148,0.5667612147584618
2014-02-26,2013-14,True,20140226_SouthCarolina@Auburn,-1,8.0,154.5,0.754324542444952,0.7463525750657546,0.6897858556008364,1.3837627899293252,1.0,20140226_Connecticut@SouthFlorida,-1,15.0,147.5,0.8472513294017588,0.8430074888606909,0.8114323756669178,1.1763149075922619,1.0,0.639102471386859,0.6291808101108921,0.5597145755116242,0.040293167012497966,1,0.6277407983653247,1.3426511791706235,1.1652104003579986,0.564471118022541
2014-02-27,2013-14,True,20140227_DenverU@SouthDakotaSt,-1,8.0,137.5,0.7636749536425673,0.7544548832471278,0.6789397782060705,1.405868429924711,0.0,20140227_Gonzaga@Pacific,-1,14.0,155.5,0.8365500132591683,0.8312176428137935,0.7952508923638827,1.2002501464195148,1.0,0.6388522925953845,0.6271162096620334,0.5399274644797142,0.07799539052679183,0,-1.0,1.405868429924711,1.1879855465259848,-1.0
2014-02-28,2013-14,True,20140228_WashingtonState@WashingtonU,-1,10.0,142.5,0.7707439153113923,0.7654210578495775,0.7211659566808667,1.323551106590004,1.0,20140228_Providence@SetonHall,-1,15.0,151.5,0.8275870183011336,0.82362765034325,0.8114323756669178,1.1763149075922619,1.0,0.6378576587462965,0.6304219473998923,0.5851774054796612,-0.006911184238125423,1,0.5569128976420565,1.30536223589082,1.1652104003579986,0.5210216534945544
2014-03-01,2013-14,True,20140301_SaintLouis@VaCommonwealth,1,6.0,127.5,0.7371002626662331,0.7252251463582131,0.6450463368416453,1.4797386567196702,0.0,20140301_Northwestern@Nebraska,1,15.0,104.5,0.872693312595734,0.867231347635573,0.8228444674355025,1.1600005077202722,0.0,0.6432624699413806,0.6289379810154389,0.5307728095096854,0.10415848137830608,0,-1.0,1.3818513117775857,1.171148587831646,-1.0
2014-03-02,2013-14,True,20140302_OhioState@IndianaU,1,8.0,119.5,0.7516047758518768,0.7442530868220607,0.6907400180212953,1.3818513117775857,1.0,20140302_Stanford@Arizona,1,15.0,118.5,0.849868489666556,0.8456916778540804,0.8228444674355025,1.1600005077202722,1.0,0.6387652156794049,0.6294086417426271,0.5683716022651222,0.023907567550988995,1,0.6029482232559236,1.2362983005656685,1.129795628307976,0.39676441526367223
2014-03-03,2013-14,True,20140303_NCState@Pittsburgh,-1,13.5,148.0,0.8325034974306109,0.8281726111918407,0.7868025879292013,1.2131378501336203,1.0,20140303_Xavier@SetonHall,-1,10.0,147.5,0.7616491144965637,0.7563103700704643,0.7211659566808667,1.323551106590004,1.0,0.6340755516333171,0.6263555340527238,0.5674152410429442,0.018103373965826286,1,0.6056499439905716,1.240906066360659,1.2558519784023037,0.5583943384504539
2014-03-04,2013-14,True,20140304_Creighton@Georgetown,-1,9.5,152.0,0.7653645344267334,0.7585979415913225,0.7109069092611303,1.3426511791706235,1.0,20140304_FloridaState@BostonCollege,-1,13.0,154.5,0.8306942573575175,0.8252496346431702,0.7868025879292013,1.2131378501336203,1.0,0.6357839235333974,0.6260326741393,0.5593433959834072,0.0355781838474345,1,0.6288209649784204,1.2880425571748337,1.154645452371647,0.4872324811030688
2014-03-05,2013-14,True,20140305_Duke@WakeForest,-1,12.5,157.0,0.8094035876551101,0.8046212660976021,0.7691960140056101,1.240906066360659,1.0,20140305_SanDiegoState@UNLV,1,10.5,118.0,0.7828748942587895,0.7777697027035712,0.7433068722840657,1.2841264295955868,1.0,0.6336617480981792,0.625810042921703,0.5717486833438804,0.009727497541117458,1,0.5934802764592173,1.2266791733559816,1.2362983005656685,0.5165413773592991
2014-03-06,2013-14,True,20140306_VaCommonwealth@Richmond,1,8.0,126.5,0.7502214903698798,0.7412784779147309,0.6795919215411409,1.404519344249175,0.0,20140306_GeorgeMason@LaSalle,1,14.5,120.0,0.8515645859107831,0.8465872575763961,0.8150118694735689,1.171148587831646,0.0,0.6388620527881973,0.6275569137182371,0.5538754824543801,0.05086473149169657,0,-1.0,1.3818513117775857,1.171148587831646,-1.0
2014-03-07,2013-14,True,20140307_EasternKentucky@MurrayState,-1,8.0,157.5,0.7711289254920094,0.7601748465677673,0.6789397782060705,1.405868429924711,0.0,20140307_Harvard@Yale,1,14.5,111.0,0.8290185329036064,0.825048134731368,0.8069269611145983,1.1828827713000951,1.0,0.63928017049092,0.6271808392304403,0.5478548120076439,0.06310856815305077,0,-1.0,1.3426511791706235,1.1494101467916338,-1.0
2014-03-08,2013-14,True,20140308_EasternKentucky@Belmont,-1,9.0,161.5,0.749427711544758,0.7419557464370964,0.7004443456905379,1.3627064103986728,1.0,20140308_SantaClara@Gonzaga,-1,15.0,149.5,0.8471089950889202,0.8428713948453359,0.8114323756669178,1.1763149075922619,0.0,0.634846955618469,0.6253732749129478,0.568363219446133,0.017641808579196283,0,-1.0,1.2715519248506604,1.2002501464195148,-1.0
2014-03-09,2013-14,True,20140309_Northwestern@Purdue,1,9.0,114.5,0.7798250194344553,0.7715709993601763,0.7016876115620428,1.3602919365715547,1.0,20140309_SouthDakota@DenverU,-1,11.0,142.5,0.818144618114148,0.8116484736795928,0.750657508628366,1.2715519248506604,1.0,0.6380096427210604,0.6262444239661251,0.5267270743305517,0.10355368657489161,1,0.7296818303063928,1.42835103797012,1.1763149075922619,0.6801906192391332
2014-03-10,2013-14,True,20140310_DenverU@NDakotaSt,-1,4.0,133.5,0.7527271922302782,0.7354936987375967,0.5986130018429817,1.5945193256099184,1.0,20140310_SaintMarysCA@Gonzaga,-1,14.5,144.0,0.8550403220067021,0.850209514852984,0.803460953537049,1.1879855465259848,1.0,0.6436121008277778,0.6253237407811189,0.4809621732604374,0.21917246345830743,1,0.8942659124809436,1.4789958597091202,1.2880425571748337,0.9050096091907267
2014-03-11,2013-14,True,20140311_IPFW@NDakotaSt,-1,8.5,151.0,0.7957008244160154,0.7859310703593795,0.7004443456905379,1.3627064103986728,1.0,20140311_MountStMarys@RobertMorris,-1,11.0,156.5,0.8039719237001243,0.7959737933461638,0.7410469434283141,1.2880425571748337,0.0,0.6397211224955187,0.6255805353825661,0.5190621414156186,0.1228537712512423,0,-1.0,1.2266791733559816,1.2002501464195148,-1.0
2014-03-12,2013-14,True,20140312_Depaul@Georgetown,-1,8.0,146.5,0.7687190926689532,0.760684511551092,0.6897858556008364,1.3837627899293252,1.0,20140312_BostonCollege@GeorgiaTech,-1,12.0,145.5,0.8298300458805703,0.8233978153066277,0.7691960140056101,1.240906066360659,1.0,0.6379061999387479,0.6263459649487583,0.5305805306456127,0.09536126466526373,1,0.71711964042745,1.3426511791706235,1.240906066360659,0.6661039932391188
2014-03-13,2013-14,True,20140313_Depaul@Creighton,-1,12.0,158.5,0.836797151654188,0.8292566238355099,0.7600418014345258,1.2558519784023037,1.0,20140313_Fordham@Dayton,-1,7.5,153.0,0.7654938964548699,0.7559629544610401,0.6789397782060705,1.405868429924711,0.0,0.640563112162101,0.6268872873610795,0.5160226120932992,0.13095430522100115,0,-1.0,1.2558519784023037,1.3837627899293252,-1.0
2014-03-14,2013-14,True,20140314_SouthCarolina@Tennessee,-1,10.0,143.5,0.8059303315381904,0.798016264265396,0.7211659566808667,1.323551106590004,1.0,20140314_Xavier@Creighton,-1,9.5,154.0,0.7926791360843195,0.7833943071954965,0.7109069092611303,1.3426511791706235,0.0,0.638844158947842,0.6251613984749281,0.5126818613283411,0.13526916301588177,0,-1.0,1.240906066360659,1.3627064103986728,-1.0
2014-03-15,2013-14,True,20140315_IdahoU@NewMexicoState,-1,7.0,151.5,0.7722319474361302,0.7598246780979411,0.6567218694856952,1.4534311165052363,1.0,20140315_PrairieViewA&M@TexasSouthern,-1,10.5,158.0,0.8319960226145846,0.8225900951700581,0.7410469434283141,1.2880425571748337,1.0,0.6424939088027753,0.6250242542691441,0.48666173406490265,0.20280072408231886,1,0.8720811319808781,1.3837627899293252,1.1445946935391502,0.5838475464700355
2014-03-16,2013-14,True,20140316_Duke@Virginia,-1,7.5,136.0,0.7607744643816953,0.7514410310637241,0.6679151871449259,1.4290736584088035,1.0,20140316_Kentucky@Florida,-1,13.0,142.5,0.8376965949547114,0.8322404969151455,0.7781170665746721,1.2266791733559816,1.0,0.6372981783410405,0.625379657094903,0.5197162061418829,0.11719319852651622,1,0.7530148939617196,1.3426511791706235,1.2131378501336203,0.6288209649784204
2014-03-18,2013-14,True,20140318_NCState@Xavier,-1,14.0,155.5,0.8605348821928732,0.8537770905295216,0.7952508923638827,1.2002501464195148,1.0,20140318_MountStMarys@AlbanyNY,-1,6.5,148.0,0.7447673459403021,0.7330630759300962,0.6567218694856952,1.4534311165052363,1.0,0.6408982802998368,0.6258724601422193,0.5222586527433765,0.11803481548874672,1,0.7444809103960888,1.1445946935391502,1.3627064103986728,0.5597465261941044
2014-03-19,2013-14,True,20140319_CalPolySLO@TexasSouthern,-1,8.0,137.5,0.7750406640432553,0.7647789392201698,0.6789397782060705,1.405868429924711,0.0,20140319_Vermont@Georgia,-1,11.5,145.0,0.8251457362539157,0.8182308813324577,0.7600418014345258,1.2558519784023037,1.0,0.6395214993586957,0.6257657454626216,0.5160226120932992,0.12911527256049027,0,-1.0,1.3426511791706235,1.3426511791706235,-1.0
2014-03-20,2013-14,True,20140320_American@Wisconsin,-1,9.0,132.5,0.7922687810564183,0.7853003066041693,0.7109069092611303,1.3426511791706235,1.0,20140320_NewMexicoState@SanDiegoState,-1,10.5,140.0,0.8026176649473423,0.7963217547255006,0.7312146573235432,1.30536223589082,1.0,0.6358889190621797,0.6253517181415057,0.5198255520443166,0.11448826281017355,1,0.7526461452636108,1.2002501464195148,1.1350339039218094,0.36232460937326505
2014-03-21,2013-14,True,20140321_CalPolySLO@WichitaState,-1,11.0,136.5,0.8486811613699892,0.8414004822632629,0.750657508628366,1.2715519248506604,1.0,20140321_ULLafayette@Creighton,-1,7.0,163.5,0.7525693840217171,0.7428131861425418,0.6679151871449259,1.4290736584088035,1.0,0.6386914588430482,0.6250033730518455,0.5013755503572589,0.16059266684697437,1,0.8171413611030893,1.2715519248506604,1.3627064103986728,0.7327519591487663
2014-03-22,2013-14,True,20140322_Dayton@Syracuse,-1,10.0,137.5,0.7937525838240219,0.787106271489844,0.7211659566808667,1.323551106590004,1.0,20140322_Harvard@MichiganState,-1,11.0,148.5,0.8011222367408177,0.7949661160879476,0.7410469434283141,1.2880425571748337,0.0,0.6358928453719038,0.625722815594747,0.5344178279029123,0.08406386044337055,0,-1.0,1.4290736584088035,1.240906066360659,-1.0
2014-03-23,2013-14,True,20140323_Baylor@Creighton,-1,8.0,152.5,0.7757939669118766,0.7663427036078079,0.6897858556008364,1.3837627899293252,1.0,20140323_Illinois@Clemson,1,12.0,102.5,0.8233973230084147,0.817512463226711,0.7627214679340149,1.2514397983125558,0.0,0.6387866755613179,0.6264947113022363,0.5261144803439903,0.10618422024765817,0,-1.0,1.2715519248506604,1.1600005077202722,-1.0
2014-03-24,2013-14,True,20140324_TexasA&M@IllinoisState,1,7.5,118.0,0.7483950416221654,0.7385746737069285,0.6682530936908013,1.42835103797012,0.0,20140324_Radford@OldDominion,-1,15.0,154.5,0.8550852511150765,0.849901295551214,0.8114323756669178,1.1763149075922619,1.0,0.6399415620987674,0.6277155720448336,0.5422421953602944,0.07522380949958607,0,-1.0,1.3202915714558412,1.1879855465259848,-1.0
2014-03-25,2013-14,True,20140325_SouthernMiss@MinnesotaU,-1,13.5,148.0,0.8216228207057902,0.8176446769982517,0.7952508923638827,1.2002501464195148,0.0,20140325_Belmont@Clemson,1,11.5,122.0,0.7735601091481464,0.7696909354666608,0.7531348550675068,1.2673693078704265,1.0,0.635574638863779,0.6293336963181201,0.5989311655627783,-0.03318915692226043,0,-1.0,1.2715519248506604,1.120721107965785,-1.0
2014-03-26,2013-14,True,20140326_IllinoisState@Siena,1,9.5,126.0,0.7528970374142863,0.7475414714108004,0.7124257608497567,1.3397887224930012,0.0,20140326_California@SMU,-1,15.0,149.5,0.8420250230567263,0.8380193410301677,0.8191653625016907,1.1652104003579986,1.0,0.6339581452881053,0.6264542112644009,0.5835945066420338,-0.01030527302161921,0,-1.0,1.404519344249175,1.2715519248506604,-1.0
2014-03-27,2013-14,True,20140327_Baylor@Wisconsin,-1,9.0,145.5,0.7745167399056337,0.7678653422236889,0.7109069092611303,1.3426511791706235,1.0,20140327_Towson@MurrayState,-1,13.0,159.5,0.8206520736921262,0.8153680943104828,0.7781170665746721,1.2266791733559816,1.0,0.6356087687128235,0.6260929007759959,0.5531687988419373,0.04684906492503038,1,0.6470022385704544,1.3426511791706235,1.240906066360659,0.6661039932391188
2014-03-28,2013-14,True,20140328_MichiganState@Virginia,-1,11.0,136.5,0.7869742383710904,0.782425755402519,0.7410469434283141,1.2880425571748337,1.0,20140328_Tennessee@Michigan,-1,12.5,143.0,0.808918024284746,0.804582601341317,0.7691960140056101,1.240906066360659,0.0,0.6365976460661352,0.6295261496382037,0.5700103550761001,0.017499368890331102,0,-1.0,1.3837627899293252,1.4290736584088035,-1.0
2014-03-29,2013-14,True,20140329_Dayton@Florida,-1,8.0,141.5,0.7612135827561014,0.7545380641980265,0.6897858556008364,1.3837627899293252,1.0,20140329_Wisconsin@Arizona,-1,14.0,143.5,0.8328519259245762,0.8287686660315715,0.7952508923638827,1.2002501464195148,1.0,0.6339781984383659,0.6253375049354427,0.5485528172065495,0.05294997606092933,1,0.6608614912225488,1.4290736584088035,1.2880425571748337,0.84070768936807
2014-03-30,2013-14,True,20140330_Kentucky@Michigan,-1,9.5,147.0,0.7753666533672123,0.7696847125123562,0.7211659566808667,1.323551106590004,0.0,20140330_Connecticut@MichiganState,-1,12.5,152.0,0.8173394760129977,0.8128771995575813,0.7781170665746721,1.2266791733559816,1.0,0.633737774181109,0.6256591536493261,0.561151538726033,0.028919271376205646,0,-1.0,1.4789958597091202,1.2131378501336203,-1.0
2014-04-01,2013-14,True,20140401_MinnesotaU@FloridaState,-1,13.0,151.5,0.8299257672384556,0.8249321308766631,0.7868025879292013,1.2131378501336203,1.0,20140401_Pacific@MurrayState,-1,9.5,160.0,0.7632615553412201,0.7576610279087176,0.7211659566808667,1.323551106590004,0.0,0.633450431920179,0.6250189262349413,0.5674152410429442,0.01709965053343887,0,-1.0,1.240906066360659,1.2880425571748337,-1.0
2014-04-03,2013-14,True,20140403_MinnesotaU@SMU,-1,8.5,141.0,0.7632637721204922,0.7567717246140435,0.7004443456905379,1.3627064103986728,1.0,20140403_Yale@MurrayState,-1,15.0,151.5,0.8343440345003524,0.8303204584763669,0.8114323756669178,1.1763149075922619,1.0,0.6368245750189692,0.6283630453434835,0.568363219446133,0.02081187683831831,1,0.6029718652234977,1.3426511791706235,1.2131378501336203,0.6288209649784204
2014-04-05,2013-14,True,20140405_Kentucky@Wisconsin,-1,9.0,147.5,0.7666581262176757,0.7597693133418496,0.7004443456905379,1.3627064103986728,1.0,20140405_FresnoState@Siena,-1,14.0,150.5,0.8288681069226717,0.8245706792550336,0.7952508923638827,1.2002501464195148,1.0,0.6354584697349275,0.6264834987794193,0.5570289909616362,0.0393486089234647,1,0.6355885686078184,1.323551106590004,1.1172908051866066,0.4787914815875698
2014-11-21,2014-15,True,20141121_USC@Drexel,1,10.0,116.5,0.7887846602950159,0.7804420703505415,0.7167057093130454,1.331787911826289,1.0,20141121_California@Texas,1,15.0,123.5,0.8088708633778867,0.8051905231567718,0.8097988242697735,1.178687806642235,1.0,0.6380249291920627,0.6284045589191065,0.5803874407491382,0.0015473990873191568,1,0.569762172703171,1.6488339290004819,1.2457368851406192,1.0540132428272293
2014-11-22,2014-15,True,20141122_Stanford@Duke,-1,9.0,153.5,0.7747951864413791,0.7664646607547245,0.7021910989034688,1.3593165756309544,1.0,20141122_BoiseState@Wisconsin,1,15.0,120.5,0.826797618222782,0.8230212302101079,0.8097988242697735,1.178687806642235,1.0,0.6405988147602085,0.6308166880069264,0.5686335263047292,0.02637374568118722,1,0.6022098730628835,1.380137025688599,1.1458601813129987,0.5814440624923207
2014-11-23,2014-15,True,20141123_LongBeachState@UCLA,-1,9.5,165.0,0.7655283296778465,0.7581656172871003,0.7125943503524997,1.3394717478855067,1.0,20141123_CharlotteU@MiamiFlorida,-1,14.0,146.5,0.8300143966474995,0.8248789363734397,0.7966360931196437,1.1981631365234255,1.0,0.6353995346741258,0.6253948479826956,0.5676783792439459,0.019756316378351846,1,0.6049056707310139,1.2534213902797893,1.2534213902797893,0.5710651816109198
2014-11-24,2014-15,True,20141124_Missouri@Arizona,-1,9.0,138.5,0.7763406391655472,0.7698708092435986,0.7125943503524997,1.3394717478855067,1.0,20141124_SetonHall@IllinoisState,1,14.5,118.0,0.8191206078942954,0.8149922668195702,0.8015723125678519,1.1907846429254043,1.0,0.6359166162863289,0.6274387559836573,0.5711959013348393,0.01430123925121074,1,0.5950223870145104,1.4019785246868526,1.1671866177860766,0.6363705724379609
2014-11-25,2014-15,True,20141125_KansasState@Arizona,-1,6.0,141.5,0.7696536736464504,0.7563593309195596,0.6475076627486234,1.47411382893635,1.0,20141125_EasternIllinois@Creighton,1,14.5,119.0,0.8314255158865477,0.8274637263460329,0.8015723125678519,1.1907846429254043,1.0,0.6399097026654766,0.6258599104192911,0.5190242146348187,0.1232668464130473,1,0.755352109421372,1.4489163773003635,1.2035065028773577,0.7437802822064907
2014-11-26,2014-15,True,20141126_Pittsburgh@KansasState,-1,6.0,133.5,0.7463811748125946,0.735517751032666,0.6475076627486234,1.47411382893635,1.0,20141126_Furman@Duke,-1,14.5,149.0,0.8574574138446186,0.8534453597838244,0.8048327439722892,1.185960694502837,1.0,0.6399900718971155,0.6277242116574631,0.5211353689530582,0.11885692190150365,1,0.7482410603415899,1.557273802089897,1.3394717478855067,1.085924261621663
2014-11-27,2014-15,True,20141127_SanDiego@Xavier,-1,6.0,147.5,0.7442932785655512,0.7327121647404753,0.6475076627486234,1.47411382893635,0.0,20141127_Illinois@IndianaState,-1,15.0,152.5,0.8630141231541045,0.857423165697098,0.8205185324971901,1.1632887767873406,1.0,0.6423356111707428,0.6282443838365519,0.5312920372191859,0.10148999957964788,0,-1.0,1.557273802089897,1.1743448813740085,-1.0
2014-11-28,2014-15,True,20141128_NorthDakota@UtahU,-1,7.5,139.0,0.7704178215021894,0.7611120293494457,0.6698769841082624,1.424888483473763,0.0,20141128_Tennessee@Kansas,-1,13.0,142.5,0.8277567577666112,0.822102039421589,0.7795389272360793,1.2244417394064717,0.0,0.6377185580522681,0.6257117515564836,0.522195185571895,0.11262306158187907,0,-1.0,1.47411382893635,1.1981631365234255,-1.0
2014-11-29,2014-15,True,20141129_Virginia@Rutgers,1,9.5,112.0,0.7562728589442567,0.7513074073532765,0.7061458986399316,1.3517036661098074,0.0,20141129_AlabamaState@UtahU,-1,14.0,148.5,0.8365610674220207,0.8320335860347381,0.7966360931196437,1.1981631365234255,0.0,0.6326684301407107,0.6251129963546084,0.562541309864975,0.024645434401533217,0,-1.0,1.3517036661098074,1.4019785246868526,-1.0
2014-11-30,2014-15,True,20141130_USC@NewMexico,1,9.0,118.5,0.7779437825927145,0.7693478585595825,0.695383345989317,1.3726241870835139,1.0,20141130_Tennessee@Marquette,-1,11.5,143.0,0.8204898926492032,0.8133773864678104,0.761515646216103,1.2534213902797893,1.0,0.6382950106666114,0.6257701504797999,0.5295452980889707,0.09817157671009547,1,0.7204765169058835,1.3517036661098074,1.2534213902797893,0.6942542884216429
2014-12-01,2014-15,True,20141201_Rutgers@Clemson,1,14.0,111.5,0.8555443632227144,0.8505470042954129,0.8015723125678519,1.1907846429254043,1.0,20141201_SouthCarolina@Marshall,1,8.5,125.0,0.7456559188868552,0.7375706132398622,0.684426810675109,1.3945976182003954,1.0,0.6379417183073025,0.6273384755474953,0.5486175814162865,0.05940775591485581,1,0.6606654268133771,1.2612808950953396,1.2457368851406192,0.5712241335434405
2014-12-02,2014-15,True,20141202_Syracuse@Michigan,1,15.0,107.5,0.8515314673707234,0.846709113814097,0.8177783958922514,1.1671866177860766,1.0,20141202_BYU@UtahState,1,9.0,134.5,0.7463064293837358,0.7387613622760278,0.695383345989317,1.3726241870835139,1.0,0.6355034089213377,0.6255159783728306,0.56866947721333,0.01814546558582819,1,0.6021085824133694,1.0935036611363085,1.2947884672369925,0.41585592932072046
2014-12-03,2014-15,True,20141203_Temple@St.Josephs,1,6.5,121.0,0.7525339037238475,0.7400556249127613,0.6388626838160856,1.4940612813672796,0.0,20141203_LoyolaMarymount@USC,1,14.5,117.0,0.8516961626636658,0.8458592292521047,0.8015723125678519,1.1907846429254043,1.0,0.6409302380759094,0.6259828804923929,0.512094638879764,0.14028233826810532,0,-1.0,1.5515308416905125,1.178687806642235,-1.0
2014-12-04,2014-15,True,20141204_Baylor@Vanderbilt,1,9.5,108.0,0.7557653666975305,0.7504521848352698,0.7061458986399316,1.3517036661098074,1.0,20141204_SanDiego@SanDiegoState,-1,14.0,138.5,0.840941976532707,0.8367385921973406,0.8048327439722892,1.185960694502837,1.0,0.6355548212655874,0.627932304650482,0.5683293412471542,0.01883722671874888,1,0.6030674186216181,1.2776185773006687,1.1743448813740085,0.5003648366013833
2014-12-05,2014-15,True,20141205_Missouri@Oklahoma,1,8.5,123.0,0.7598628280460326,0.752211286672204,0.684426810675109,1.3945976182003954,1.0,20141205_Texas@Kentucky,1,13.0,108.5,0.8360461796980929,0.8309215132587879,0.7754175468594404,1.230949704279805,1.0,0.6352804144824744,0.6250285406120077,0.5307165585385237,0.09057288062859392,1,0.7166795257130971,1.3726241870835139,1.178687806642235,0.6178953924175479
2014-12-06,2014-15,True,20141206_St.Josephs@Villanova,1,14.0,111.5,0.8562929595816058,0.850851266095519,0.7930991629193278,1.2035065028773577,1.0,20141206_St.Johns@Syracuse,1,7.5,119.0,0.7463811790625559,0.7374476133110442,0.6732858292773021,1.417674275165646,1.0,0.6391209487954844,0.6274582354648207,0.5339824276052737,0.09045551407128061,1,0.7061802091237994,1.1671866177860766,1.4673499413034325,0.7126712150985515
2014-12-07,2014-15,True,20141207_California@Nevada,1,7.0,118.5,0.7369597747323763,0.7273425848022386,0.6504924102509092,1.4673499413034325,1.0,20141207_UtahState@USC,1,15.0,112.5,0.865789334830078,0.8604030813683871,0.8177783958922514,1.1671866177860766,1.0,0.6380519131620682,0.6258078011742935,0.5319586397950729,0.09277314541123483,1,0.7126712150985515,1.3517036661098074,1.1562530119264363,0.5629114351714708
2014-12-08,2014-15,True,20141208_IPFW@Purdue,-1,6.5,160.0,0.7461952048990762,0.7346648238523273,0.6475076627486234,1.47411382893635,1.0,20141208_Yale@Florida,1,14.0,104.5,0.8572027803224597,0.8522016402711245,0.8015723125678519,1.1907846429254043,1.0,0.6396406043027756,0.6260825679364501,0.5190242146348187,0.12279448403443838,1,0.755352109421372,1.210980347647156,1.2035065028773577,0.4574227232500354
2014-12-09,2014-15,True,20141209_IUPUI@Xavier,-1,7.0,153.5,0.7483281437511289,0.7389759989380288,0.6587681766551874,1.4489163773003635,1.0,20141209_SouthDakota@Creighton,-1,14.0,155.5,0.851125117140222,0.8461427483269273,0.8048327439722892,1.185960694502837,0.0,0.6369208790095044,0.6252791826890601,0.5301981992590162,0.0944580069875467,0,-1.0,1.4019785246868526,1.185960694502837,-1.0
2014-12-10,2014-15,True,20141210_WashingtonState@Gonzaga,-1,13.5,154.0,0.830722697695367,0.8259554593216473,0.7882043683487696,1.210980347647156,1.0,20141210_NCCentral@Maryland,1,10.0,112.5,0.7644962326781992,0.7595667033616065,0.7167057093130454,1.331787911826289,1.0,0.6350843727883786,0.6273682653604651,0.5649105709010459,0.024244381485922784,1,0.6127689884556793,1.2385780480983586,1.331787911826289,0.649523272310794
2014-12-12,2014-15,True,20141212_IowaState@Iowa,1,8.0,134.5,0.7415443175009008,0.7338680290146384,0.6732858292773021,1.417674275165646,1.0,20141212_TexasSouthern@Florida,-1,15.0,140.5,0.861058592231783,0.8569814249034879,0.8127935967866736,1.1743448813740085,1.0,0.6385131061048039,0.6289112691960791,0.5472424108437967,0.06302121999317722,1,0.664838528496384,1.2457368851406192,1.1632887767873406,0.44915173731410274
2014-12-13,2014-15,True,20141213_ULMonroe@NewMexico,1,14.0,105.5,0.8501186537902852,0.8442391945973929,0.7930991629193278,1.2035065028773577,0.0,20141213_SamHoustonSt@LSU,1,7.5,130.0,0.7503225505690148,0.7412178699125248,0.6732858292773021,1.417674275165646,1.0,0.637863196598224,0.6257651775161451,0.5339824276052737,0.08830956216433306,0,-1.0,1.2457368851406192,1.2168841319109849,-1.0
2014-12-14,2014-15,True,20141214_Fordham@St.Johns,1,7.0,122.5,0.7522036414935157,0.7427767533680988,0.6619706916052289,1.4419067371176353,1.0,20141214_Temple@Villanova,1,13.5,117.0,0.8486990912761562,0.84372401967441,0.7930991629193278,1.2035065028773577,1.0,0.6383945469901623,0.6266985880724402,0.5250084013892355,0.10783423272069781,1,0.7353441346637468,1.4940612813672796,1.1562530119264363,0.7275128565835878
2014-12-16,2014-15,True,20141216_OralRoberts@Oklahoma,-1,8.5,150.0,0.7849025876569635,0.7760810092744603,0.691597995151073,1.380137025688599,1.0,20141216_Oakland@Arizona,-1,11.0,156.5,0.813941499883014,0.8071033298096649,0.7425906892498654,1.2853648905350492,0.0,0.6388647894595678,0.6263775667874624,0.5135742319030604,0.13333315281867697,0,-1.0,1.4489163773003635,1.1632887767873406,-1.0
2014-12-17,2014-15,True,20141217_EasternMichigan@MichiganState,-1,11.5,143.0,0.8325073338123833,0.8259570478505028,0.761515646216103,1.2534213902797893,1.0,20141217_SanDiegoState@Cincinnati,1,9.0,100.5,0.7638964663595015,0.7571284901874288,0.695383345989317,1.3726241870835139,1.0,0.6359494105176495,0.6253556125987171,0.5295452980889707,0.09413602673575538,1,0.7204765169058835,1.1427538157594763,1.522100709373725,0.7393863936070302
2014-12-18,2014-15,True,20141218_CoastalCarolina@Mississippi,1,7.0,120.5,0.7408752591549959,0.7320748036339689,0.6619706916052289,1.4419067371176353,1.0,20141218_ClevelandState@Virginia,1,15.0,94.5,0.8637767014630308,0.8599016600154425,0.8177783958922514,1.1671866177860766,1.0,0.6399507875484705,0.629512338900329,0.5413453303086084,0.07702069521335742,1,0.6829742476592902,1.2776185773006687,1.1265955824133596,0.43935944519617465
2014-12-19,2014-15,True,20141219_TennesseeTech@Tennessee,-1,7.0,142.5,0.7653953816976625,0.7556621645849528,0.6698769841082624,1.424888483473763,1.0,20141219_Arizona@UTEP,-1,13.0,146.5,0.8340939209748288,0.8287041850231975,0.7882043683487696,1.210980347647156,1.0,0.6384116350162291,0.6262203982552387,0.5279999651304317,0.10158690592614472,1,0.7255119510754862,1.4019785246868526,1.1632887767873406,0.6309058830650891
2014-12-20,2014-15,True,20141220_NorthernIowa@Iowa,1,12.5,115.0,0.8421738304472965,0.8351999591466385,0.7754175468594404,1.230949704279805,0.0,20141220_WashingtonU@Oklahoma,1,8.5,132.0,0.7598179462473418,0.750629434097487,0.684426810675109,1.3945976182003954,1.0,0.6398987902337219,0.6269256726924854,0.5307165585385237,0.09850115172281027,0,-1.0,1.135982521894767,1.2168841319109849,-1.0
2014-12-21,2014-15,True,20141221_AppalachianSt@Alabama,-1,14.0,149.5,0.8539940155796172,0.8486714845180485,0.7966360931196437,1.1981631365234255,1.0,20141221_USC@BostonCollege,1,7.5,124.0,0.7471060193059363,0.7387375486963179,0.6732858292773021,1.417674275165646,1.0,0.6380240694907796,0.6269454921213283,0.5363637925882894,0.08375091035120219,1,0.6986050561010442,1.210980347647156,1.3726241870835139,0.6622209152632883
2014-12-22,2014-15,True,20141222_WichitaState@LoyolaMarymount,-1,12.5,144.0,0.8309823088777483,0.8261372687685481,0.7795389272360793,1.2244417394064717,1.0,20141222_Wisconsin@California,1,9.5,115.0,0.762697498364253,0.7575567303696686,0.7167057093130454,1.331787911826289,1.0,0.6337881281660096,0.6258458481648295,0.5586999997818648,0.03351621371162472,1,0.6306967072770941,1.1427538157594763,1.2457368851406192,0.42357057892676697
2014-12-23,2014-15,True,20141223_CSNorthridge@Louisville,1,8.0,130.5,0.7532061569160936,0.7465070859182513,0.684426810675109,1.3945976182003954,1.0,20141223_WichitaState@Hawaii,-1,14.5,148.0,0.8415268122462244,0.8372382293653545,0.8048327439722892,1.185960694502837,0.0,0.6338431761938297,0.6250042708228873,0.5508491080838505,0.048337289688055396,0,-1.0,1.522100709373725,1.1632887767873406,-1.0
2014-12-25,2014-15,True,20141225_Ohio@Nebraska,1,8.5,117.0,0.7572263659126768,0.7504855186145718,0.695383345989317,1.3726241870835139,1.0,20141225_GeoWashington@WichitaState,-1,14.5,136.0,0.8391867113841331,0.835307155805164,0.8048327439722892,1.185960694502837,1.0,0.6354543037836174,0.6268859240269015,0.5596672864652137,0.034442293506645294,1,0.6278783342049561,1.2457368851406192,1.32055902270154,0.6450690835845567
2014-12-27,2014-15,True,20141227_Kentucky@Louisville,1,8.5,119.0,0.7509036637826164,0.7432567701698127,0.684426810675109,1.3945976182003954,0.0,20141227_TennesseeState@Tennessee,-1,15.0,141.5,0.847061141029363,0.8432264271019738,0.8127935967866736,1.1743448813740085,1.0,0.6360613142468322,0.6267337507296441,0.5562977291858535,0.04170215009557565,0,-1.0,1.230949704279805,1.133226781268459,-1.0
2014-12-28,2014-15,True,20141228_CSBakersfield@California,1,7.0,109.5,0.7571358195680684,0.7472728747663933,0.6504924102509092,1.4673499413034325,0.0,20141228_Harvard@ArizonaState,1,14.0,113.5,0.8422405440552323,0.8371040138703192,0.8015723125678519,1.1907846429254043,0.0,0.6376904845967142,0.6255451229233602,0.5214167055926572,0.11423516544946555,0,-1.0,1.417674275165646,1.2035065028773577,-1.0
2014-12-29,2014-15,True,20141229_MiddleTennSt@Auburn,1,12.5,107.0,0.8270578508836512,0.8213625479174718,0.7662131637791681,1.2457368851406192,1.0,20141229_CalIrvine@Oregon,1,10.0,129.5,0.7680946388329728,0.76177144956167,0.7167057093130454,1.331787911826289,1.0,0.6352587012684527,0.625690538742759,0.5491493490313414,0.05393060157537044,1,0.6590573249464109,1.1562530119264363,1.3945976182003954,0.6125076964696414
2014-12-30,2014-15,True,20141230_Mississippi@Dayton,1,9.0,123.5,0.7504111905101314,0.7439925345563055,0.695383345989317,1.3726241870835139,1.0,20141230_Davidson@Virginia,-1,14.5,150.0,0.8456595582945584,0.841274999835416,0.8048327439722892,1.185960694502837,0.0,0.6345923959060914,0.6259023193864066,0.5596672864652137,0.03303921234674001,0,-1.0,1.2947884672369925,1.107340089346651,-1.0
2014-12-31,2014-15,True,20141231_Tulane@EastCarolina,-1,13.5,146.0,0.8369544542436067,0.8316914449888838,0.7966360931196437,1.1981631365234255,1.0,20141231_St.Johns@SetonHall,1,9.0,117.5,0.7579199650019913,0.7514823548222392,0.7061458986399316,1.3517036661098074,1.0,0.6343444906685751,0.6250014455657572,0.562541309864975,0.027359917511232457,1,0.61956150423634,1.2853648905350492,1.230949704279805,0.5822195318957628
2015-01-02,2014-15,True,20150102_WashingtonU@California,1,7.5,121.0,0.7439714051720292,0.7348385574486908,0.6619706916052289,1.4419067371176353,1.0,20150102_WashingtonState@Stanford,-1,15.0,156.5,0.8617198176083192,0.8565291658759664,0.8127935967866736,1.1743448813740085,1.0,0.6410949035706459,0.6294106566650255,0.5380455393971759,0.08556330515115507,1,0.693295796152793,1.614827669589356,1.1241630091622794,0.8153295323240815
2015-01-03,2014-15,True,20150103_OregonState@Oregon,1,8.0,123.5,0.7529150906199916,0.743899236451113,0.6732858292773021,1.417674275165646,1.0,20150103_Butler@St.Johns,1,14.0,106.5,0.8475653758390037,0.8412437462653144,0.7930991629193278,1.2035065028773577,1.0,0.6381447617561907,0.6258005805160413,0.5339824276052737,0.08878996306443465,1,0.7061802091237994,1.7611872141370983,1.1562530119264363,1.0363780209123492
2015-01-04,2014-15,True,20150104_Louisville@WakeForest,1,8.0,122.5,0.7512196049693987,0.7426350742965108,0.6732858292773021,1.417674275165646,1.0,20150104_USC@Colorado,1,13.5,115.0,0.84726057647471,0.8416621789888543,0.7930991629193278,1.2035065028773577,1.0,0.6364787555654766,0.6250478548259509,0.5339824276052737,0.08594745627356049,1,0.7061802091237994,1.3945976182003954,1.178687806642235,0.6437952077451092
2015-01-05,2014-15,True,20150105_Oklahoma@Texas,1,8.0,124.5,0.7640398599496157,0.7542650596237485,0.6732858292773021,1.417674275165646,0.0,20150105_Nebraska@Iowa,1,12.5,114.0,0.8384213748715276,0.8314963651524975,0.7662131637791681,1.2457368851406192,1.0,0.6405873498356062,0.6271686554386786,0.5158804653782425,0.1313087355103748,0,-1.0,1.2776185773006687,1.2457368851406192,-1.0
2015-01-06,2014-15,True,20150106_NewMexico@SanDiegoState,1,8.5,105.0,0.7467159343071124,0.7407904861741555,0.684426810675109,1.3945976182003954,0.0,20150106_EastCarolina@Cincinnati,-1,15.0,132.5,0.8527317174063709,0.8488772893871284,0.8127935967866736,1.1743448813740085,1.0,0.6367483610764068,0.6288402199072901,0.5562977291858535,0.042827353190864725,0,-1.0,1.331787911826289,1.1427538157594763,-1.0
2015-01-07,2014-15,True,20150107_Purdue@Wisconsin,-1,8.5,145.0,0.780400993566442,0.7720523166760882,0.691597995151073,1.380137025688599,1.0,20150107_NCState@Virginia,-1,10.0,135.5,0.8171258039750121,0.8104903656502561,0.732800842198419,1.3025367126168668,1.0,0.6376857892908772,0.62574096444393,0.5068035933094444,0.14635444408925835,1,0.7976791444012479,1.32055902270154,1.1981631365234255,0.5822451406043867
2015-01-08,2014-15,True,20150108_Rutgers@Nebraska,1,7.0,108.5,0.7527506363867023,0.7424274058536144,0.6504924102509092,1.4673499413034325,1.0,20150108_MichiganState@Iowa,1,15.0,116.5,0.8473659249215814,0.8419419330349027,0.8097988242697735,1.178687806642235,1.0,0.637855239237127,0.6250807652224804,0.5267679890175974,0.10320092410961901,1,0.7295474838915552,1.3726241870835139,1.230949704279805,0.6896313371777592
2015-01-09,2014-15,True,20150109_WiscGreenBay@WiscMilwaukee,1,11.0,116.5,0.7718674319251386,0.7679942403770654,0.7371860532839396,1.2947884672369925,1.0,20150109_Akron@Toledo,-1,14.5,150.0,0.8193599413890377,0.8156472919537974,0.8127935967866736,1.1743448813740085,0.0,0.6324372537822887,0.6264124223996671,0.5991801037496257,-0.03836131522565922,0,-1.0,1.2612808950953396,1.1981631365234255,-1.0
2015-01-10,2014-15,True,20150110_Texas@OklahomaState,1,7.0,118.5,0.7335018792353541,0.7240532032065005,0.6504924102509092,1.4673499413034325,1.0,20150110_MississippiSt@Florida,1,15.0,100.5,0.868289520458156,0.863488589204819,0.8177783958922514,1.1671866177860766,1.0,0.6368919949764219,0.6252116789460112,0.5319586397950729,0.09078658692280905,1,0.7126712150985515,1.4673499413034325,1.178687806642235,0.7295474838915552
2015-01-11,2014-15,True,20150111_California@UCLA,1,7.5,126.0,0.7423940282534084,0.7335995852478365,0.6619706916052289,1.4419067371176353,1.0,20150111_Wisconsin@Rutgers,1,14.5,106.0,0.8572802231104446,0.8533183835813319,0.8097988242697735,1.178687806642235,1.0,0.6364397181769437,0.6259940122796194,0.5360630877629632,0.08166614412703677,1,0.6995578893558474,1.331787911826289,1.2035065028773577,0.6028154123363958
2015-01-13,2014-15,True,20150113_MiamiFlorida@Duke,-1,14.5,156.0,0.8625652660130682,0.8573799438700477,0.8127935967866736,1.1743448813740085,0.0,20150113_Oklahoma@WestVirginia,1,7.5,133.0,0.7390072403113143,0.7304875796244589,0.6732858292773021,1.417674275165646,1.0,0.6374419768247122,0.6263054000161855,0.5472424108437967,0.06123796269867987,0,-1.0,1.1527666307140483,1.3945976182003954,-1.0
2015-01-14,2014-15,True,20150114_Rutgers@Maryland,1,9.5,112.0,0.7876293774281301,0.7797153872081946,0.7061458986399316,1.3517036661098074,1.0,20150114_SMU@Temple,1,11.5,112.0,0.8077147243328751,0.801644146256923,0.7567703623449,1.2612808950953396,1.0,0.6361798454658361,0.6250542759018993,0.534390287582106,0.08460902887286781,1,0.7048780098946299,1.2612808950953396,1.178687806642235,0.4866564117996808
2015-01-15,2014-15,True,20150115_Richmond@GeoWashington,-1,14.0,130.5,0.8490136981410531,0.8443707262438512,0.7966360931196437,1.1981631365234255,0.0,20150115_OregonState@WashingtonU,1,8.5,114.0,0.7482056192109093,0.7413655944029008,0.684426810675109,1.3945976182003954,0.0,0.6352368197361707,0.6259874053581819,0.5452391004825569,0.061452430051379014,0,-1.0,1.210980347647156,1.331787911826289,-1.0
2015-01-17,2014-15,True,20150117_Temple@Cincinnati,1,12.5,103.0,0.8439642164627055,0.8362162275970187,0.7662131637791681,1.2457368851406192,1.0,20150117_OklahomaState@Oklahoma,1,7.0,123.5,0.7586163319367392,0.7477039812793527,0.6619706916052289,1.4419067371176353,1.0,0.6402450381788017,0.6252422025846922,0.5072106579439265,0.15003144720848272,1,0.7962364073601966,1.2168841319109849,1.331787911826289,0.620631576972277
2015-01-18,2014-15,True,20150118_BoiseState@NewMexico,1,7.0,112.5,0.751580881180283,0.7423074762890657,0.6619706916052289,1.4419067371176353,1.0,20150118_MissouriSt@NorthernIowa,1,14.5,102.0,0.8499112530742802,0.8460319541988558,0.8015723125678519,1.1907846429254043,1.0,0.638777048510606,0.628015844781259,0.5306173781221436,0.09678044722247159,1,0.7170003990903582,1.417674275165646,1.2035065028773577,0.7061802091237994
2015-01-19,2014-15,True,20150119_Pittsburgh@Duke,-1,12.0,149.5,0.8354650526523708,0.8291868119777408,0.761515646216103,1.2534213902797893,1.0,20150119_Oklahoma@Kansas,1,9.5,130.0,0.7618841897544265,0.7550031276470734,0.7061458986399316,1.3517036661098074,1.0,0.6365276147081909,0.6260386364469002,0.5377411503256383,0.07843964091815159,1,0.6942542884216429,1.2385780480983586,1.3945976182003954,0.7273179958332656
2015-01-20,2014-15,True,20150120_SanDiegoState@AirForce,1,12.0,102.5,0.825811859438493,0.8197945696578255,0.7567703623449,1.2612808950953396,1.0,20150120_Michigan@Rutgers,1,9.0,109.5,0.7716645154020265,0.7639426384716614,0.695383345989317,1.3726241870835139,0.0,0.6372497083268511,0.6262760265491395,0.5262455067129443,0.10324790173356257,0,-1.0,1.2035065028773577,1.2776185773006687,-1.0
2015-01-21,2014-15,True,20150121_WashingtonState@UtahU,-1,12.5,149.0,0.845532729907564,0.8398950657365895,0.7795389272360793,1.2244417394064717,0.0,20150121_NewMexico@UNLV,1,8.5,113.0,0.753440076267765,0.7460535750107176,0.684426810675109,1.3945976182003954,1.0,0.6370582445084466,0.6266067164266442,0.5335373417652857,0.08784290930512584,0,-1.0,1.210980347647156,1.331787911826289,-1.0
2015-01-22,2014-15,True,20150122_SouthFlorida@Temple,1,12.0,112.5,0.825404756741878,0.819588205973927,0.7662131637791681,1.2457368851406192,1.0,20150122_UCLA@OregonState,1,9.5,114.0,0.7702150119818284,0.7629558471237432,0.7061458986399316,1.3517036661098074,1.0,0.6357391346038037,0.6253096139814665,0.5410582830865858,0.07050022225716668,1,0.683867114652787,1.230949704279805,1.3128308652306178,0.6160287653250294
2015-01-23,2014-15,True,20150123_Valparaiso@WiscGreenBay,1,9.0,114.5,0.7551565943496302,0.7498058874316907,0.7061458986399316,1.3517036661098074,0.0,20150123_Manhattan@Quinnipiac,1,14.5,119.0,0.8380847057855869,0.8337787471063277,0.8097988242697735,1.178687806642235,1.0,0.6328851921975557,0.6251722133957432,0.5718361184815393,0.008335870437571558,0,-1.0,1.178687806642235,1.1458601813129987,-1.0
2015-01-24,2014-15,True,20150124_USC@OregonState,1,12.5,109.0,0.8366622492067304,0.8295491988057777,0.7662131637791681,1.2457368851406192,1.0,20150124_MichiganState@Nebraska,1,8.5,109.0,0.7629081932913272,0.7540691769911598,0.684426810675109,1.3945976182003954,1.0,0.6382964849373648,0.6255374816171488,0.524416831982661,0.10891356386751827,1,0.7373016929214871,1.2035065028773577,1.2776185773006687,0.537622265978273
2015-01-25,2014-15,True,20150125_NorthernIowa@IllinoisState,1,8.0,110.5,0.7440336649708398,0.736355371869033,0.6732858292773021,1.417674275165646,0.0,20150125_WashingtonU@UtahU,1,14.5,110.0,0.8538067979594786,0.8494849294192519,0.8097988242697735,1.178687806642235,1.0,0.6352610010628081,0.6255227910996525,0.5452260729462586,0.06151819909498424,0,-1.0,1.2776185773006687,1.1176760154967156,-1.0
2015-01-26,2014-15,True,20150126_Army@American,1,14.0,108.5,0.8401238865891578,0.8351297286732057,0.8015723125678519,1.1907846429254043,1.0,20150126_Texas@IowaState,1,9.5,131.0,0.75494966663465,0.7488424941716113,0.7061458986399316,1.3517036661098074,1.0,0.6342512481122912,0.6253806289765044,0.5660270009831139,0.020883177263333108,1,0.609587967389527,1.1907846429254043,1.2612808950953396,0.5019139202947382
2015-01-27,2014-15,True,20150127_Nebraska@Michigan,1,6.5,105.0,0.7448884331362742,0.7352083572027166,0.6504924102509092,1.4673499413034325,0.0,20150127_FresnoState@SanDiegoState,1,14.0,101.5,0.8574091986585438,0.8522998239717249,0.7930991629193278,1.2035065028773577,1.0,0.6386741945453911,0.6266179534264164,0.515904986055372,0.1278763993774723,0,-1.0,1.3128308652306178,1.1176760154967156,-1.0
2015-01-28,2014-15,True,20150128_TexasTech@Oklahoma,1,12.5,115.0,0.8331515289890858,0.8275825331657644,0.7754175468594404,1.230949704279805,1.0,20150128_Temple@CentralFlorida,1,8.5,125.0,0.7635383387839365,0.7561454599784827,0.695383345989317,1.3726241870835139,1.0,0.6361431343996233,0.6257727752107848,0.5392124482739457,0.07484737481208659,1,0.6896313371777592,1.2168841319109849,1.417674275165646,0.7251453296674817
2015-01-29,2014-15,True,20150129_Kentucky@Missouri,1,15.0,105.5,0.8605552340722247,0.8563326221391235,0.8097988242697735,1.178687806642235,1.0,20150129_Colorado@USC,1,8.0,123.5,0.7387924777671814,0.731103771376289,0.6732858292773021,1.417674275165646,1.0,0.6357717336357356,0.6260680095984599,0.5452260729462586,0.06237163086574604,1,0.6709953819281156,1.1671866177860766,1.3517036661098074,0.5776904302957462
2015-01-30,2014-15,True,20150130_Harvard@Princeton,1,8.5,112.0,0.7513838383836923,0.7452975045903747,0.695383345989317,1.3726241870835139,1.0,20150130_OregonState@Arizona,-1,15.0,134.5,0.8455965499445577,0.8417926023739837,0.8127935967866736,1.1743448813740085,1.0,0.6353675814213493,0.6273859259319675,0.5652031309322089,0.024170726536321574,1,0.611934188151684,1.2168841319109849,1.210980347647156,0.47362276910787204
2015-01-31,2014-15,True,20150131_Oklahoma@OklahomaState,1,6.5,125.0,0.7384186205440751,0.7278693623840758,0.6504924102509092,1.4673499413034325,0.0,20150131_UtahState@SanDiegoState,1,15.0,97.5,0.8638225395140166,0.8589878456043479,0.8097988242697735,1.178687806642235,1.0,0.63786264802282,0.6252309354757077,0.5267679890175974,0.1032137379562732,0,-1.0,1.417674275165646,1.1562530119264363,-1.0
2015-02-01,2014-15,True,20150201_Michigan@MichiganState,1,8.5,115.0,0.769019998895336,0.7619691398701542,0.695383345989317,1.3726241870835139,1.0,20150201_California@WashingtonU,1,12.5,115.0,0.8265158442690024,0.8206310547187732,0.7662131637791681,1.2457368851406192,1.0,0.6356072136467259,0.625295538914801,0.5328118735698184,0.08684293981493707,1,0.7099285792860912,1.5515308416905125,1.1176760154967156,0.7341088090609174
2015-02-02,2014-15,True,20150202_Virginia@NorthCarolina,1,11.0,116.5,0.7713739688841124,0.7675712086620307,0.7470930815804602,1.2776185773006687,1.0,20150202_IowaState@Kansas,1,15.0,139.5,0.8215328920513922,0.8178117258538171,0.8177783958922514,1.1671866177860766,1.0,0.6337090875105255,0.6277287348715956,0.6109565818370677,-0.05500077427849481,1,0.49121930606022657,1.2168841319109849,1.1671866177860766,0.4203308741627283
2015-02-03,2014-15,True,20150203_IndianaU@Wisconsin,-1,13.5,159.0,0.8567471757483983,0.8504155971909534,0.7882043683487696,1.210980347647156,0.0,20150203_WestVirginia@Oklahoma,1,7.5,135.0,0.7439161884282276,0.7352780590932304,0.6732858292773021,1.417674275165646,0.0,0.6373480934293974,0.6252919297251747,0.5306868317836935,0.094183710694415,0,-1.0,1.1632887767873406,1.4419067371176353,-1.0
2015-02-04,2014-15,True,20150204_Temple@SouthFlorida,1,8.0,115.5,0.7597115961892226,0.7520825348694947,0.684426810675109,1.3945976182003954,0.0,20150204_VaCommonwealth@GeorgeMason,1,14.0,120.5,0.8379957042467759,0.8330656327196347,0.8015723125678519,1.1907846429254043,1.0,0.6366350540730298,0.6265341127684424,0.5486175814162865,0.057237823796545406,0,-1.0,1.4940612813672796,1.1458601813129987,-1.0
2015-02-05,2014-15,True,20150205_USC@California,1,7.0,125.5,0.7484918725950838,0.7376941936947724,0.6504924102509092,1.4673499413034325,1.0,20150205_Iowa@Michigan,1,14.0,107.5,0.8538308942939691,0.8479751066942641,0.8015723125678519,1.1907846429254043,1.0,0.6390854849496279,0.6255463126060637,0.5214167055926572,0.11667264646349373,1,0.7472977759016208,1.2612808950953396,1.2035065028773577,0.5179597592022156
2015-02-06,2014-15,True,20150206_Siena@Iona,-1,9.0,171.5,0.7543889140903433,0.7473637186784163,0.7021910989034688,1.3593165756309544,1.0,20150206_Dayton@GeoWashington,1,15.0,109.5,0.8407337286981275,0.8367257436462769,0.8097988242697735,1.178687806642235,1.0,0.6342402046317056,0.6253384632854448,0.5686335263047292,0.016185917754342416,1,0.6022098730628835,1.1743448813740085,1.1265955824133596,0.32301175558569883
2015-02-07,2014-15,True,20150207_Temple@MemphisU,1,6.0,118.5,0.7404774141706186,0.7292762677713533,0.6388626838160856,1.4940612813672796,1.0,20150207_Northwestern@Wisconsin,-1,15.0,143.5,0.8683555991682307,0.863678021038832,0.8127935967866736,1.1743448813740085,1.0,0.6429977086526697,0.6298598837393478,0.5192634986316637,0.12816726905574383,1,0.7545432182327569,1.4673499413034325,1.1632887767873406,0.706951718337846
2015-02-08,2014-15,True,20150208_SanDiegoState@BoiseState,1,7.0,114.5,0.7439554826593232,0.7352230755359883,0.6619706916052289,1.4419067371176353,0.0,20150208_WashingtonU@OregonState,1,15.0,104.5,0.8565489056111697,0.8517593803597082,0.8097988242697735,1.178687806642235,1.0,0.6372342544952728,0.6262331512446924,0.5360630877629632,0.08301650459523269,0,-1.0,1.417674275165646,1.1011508492967335,-1.0
2015-02-09,2014-15,True,20150209_Duke@FloridaState,-1,14.0,158.5,0.8431408032991494,0.8385281555222097,0.8048327439722892,1.185960694502837,1.0,20150209_IowaState@Oklahoma,1,9.5,139.0,0.7540068782770469,0.7478847189668579,0.7061458986399316,1.3517036661098074,1.0,0.6357339650435934,0.6271223939385255,0.5683293412471542,0.0191244062725191,1,0.6030674186216181,1.1743448813740085,1.2612808950953396,0.4811787631300397
2015-02-10,2014-15,True,20150210_Cincinnati@Temple,1,7.0,106.5,0.7535015368133855,0.7430676313934529,0.6504924102509092,1.4673499413034325,1.0,20150210_Kentucky@LSU,1,14.0,117.5,0.8496617143815269,0.8436170430424865,0.7930991629193278,1.2035065028773577,1.0,0.6402214075579763,0.626864517976729,0.515904986055372,0.13060872370904586,1,0.7659651963553902,1.331787911826289,1.0935036611363085,0.4563149574391261
2015-02-11,2014-15,True,20150211_Wyoming@SanDiegoState,1,14.0,91.5,0.8541635885088023,0.8492402937003435,0.7930991629193278,1.2035065028773577,1.0,20150211_Oregon@USC,1,8.0,137.5,0.7466489300802204,0.7375151677276212,0.6732858292773021,1.417674275165646,1.0,0.6377603294735789,0.6263275976494631,0.5339824276052737,0.08813405231209415,1,0.7061802091237994,1.178687806642235,1.2947884672369925,0.5261513785132321
2015-02-12,2014-15,True,20150212_Michigan@Illinois,1,9.0,110.5,0.7676571930809839,0.7601116548103763,0.695383345989317,1.3726241870835139,1.0,20150212_Tulsa@Connecticut,1,12.5,108.0,0.8292039406206748,0.823115851824384,0.7754175468594404,1.230949704279805,1.0,0.6365443695485581,0.625659952230885,0.5392124482739457,0.07552531429330389,1,0.6896313371777592,1.2035065028773577,1.230949704279805,0.4814559738157058
2015-02-13,2014-15,True,20150213_Columbia@Harvard,1,8.0,106.5,0.7723259515518308,0.7647089585189437,0.684426810675109,1.3945976182003954,1.0,20150213_WiscGreenBay@Valparaiso,1,12.5,112.0,0.824732811078063,0.8188581036606383,0.7662131637791681,1.2457368851406192,1.0,0.6369625530918813,0.626188127625124,0.524416831982661,0.10659612181411804,1,0.7373016929214871,1.2612808950953396,1.1671866177860766,0.47215018202452463
2015-02-14,2014-15,True,20150214_OregonState@USC,1,5.5,112.0,0.7425134035881624,0.7285993551694767,0.615198856736872,1.5515308416905125,1.0,20150214_EastCarolina@Temple,1,13.5,107.0,0.8647884196496284,0.8582489884804683,0.7930991629193278,1.2035065028773577,1.0,0.6421169928576737,0.6253196595817249,0.48791369830694065,0.19901058576974773,1,0.8672774573893121,1.522100709373725,1.2776185773006687,0.9446641428183973
2015-02-15,2014-15,True,20150215_NorthernIowa@MissouriSt,1,11.5,102.0,0.8155796359197915,0.8109427522143058,0.7567703623449,1.2612808950953396,1.0,20150215_Nebraska@Purdue,1,9.5,108.0,0.7764733463791117,0.7707877287898914,0.7167057093130454,1.331787911826289,1.0,0.6332758491412981,0.6250647221578884,0.542381639331492,0.06375058511798182,1,0.6797586495054149,1.2168841319109849,1.2947884672369925,0.5756075399620422
2015-02-16,2014-15,True,20150216_Pittsburgh@Virginia,-1,12.0,127.5,0.8412309716555487,0.8357353493754605,0.761515646216103,1.2534213902797893,1.0,20150216_Clemson@GeorgiaTech,1,8.5,105.0,0.7538510771326177,0.7481433223117616,0.695383345989317,1.3726241870835139,1.0,0.634162874099854,0.6252498208551378,0.5295452980889707,0.091062332782341,1,0.7204765169058835,1.4019785246868526,1.230949704279805,0.7257650503699185
2015-02-17,2014-15,True,20150217_SanDiegoState@NewMexico,1,8.0,101.5,0.7783115191105403,0.7691940149953972,0.684426810675109,1.3945976182003954,1.0,20150217_MichiganState@Michigan,1,11.0,109.5,0.820066093210719,0.812903663241706,0.7470930815804602,1.2776185773006687,1.0,0.6382668867778807,0.6252806325333542,0.5113305351035534,0.13724084947455806,1,0.7817638248720904,1.331787911826289,1.3945976182003954,0.8573082497810207
2015-02-18,2014-15,True,20150218_EastCarolina@Tulsa,1,14.5,107.0,0.8503969500473871,0.8458778615685025,0.8097988242697735,1.178687806642235,1.0,20150218_Colorado@Oregon,1,9.0,127.5,0.745718127049591,0.7394217159365977,0.695383345989317,1.3726241870835139,1.0,0.634156420838022,0.625460459873762,0.5631206159989299,0.025998751345839288,1,0.6178953924175479,1.1458601813129987,1.3128308652306178,0.5043206132664566
2015-02-19,2014-15,True,20150219_Temple@SMU,1,8.0,116.5,0.768900416278646,0.760091872243187,0.684426810675109,1.3945976182003954,1.0,20150219_Nebraska@Maryland,1,12.5,108.0,0.8313035703100473,0.8244629560899024,0.7662131637791681,1.2457368851406192,1.0,0.6391896612653201,0.6266675918895264,0.524416831982661,0.1104652806141524,1,0.7373016929214871,1.3945976182003954,1.2035065028773577,0.6784073024014503
2015-02-20,2014-15,True,20150220_ClevelandState@WiscGreenBay,1,14.5,108.0,0.8408401279762322,0.8370379891399381,0.8097988242697735,1.178687806642235,1.0,20150220_Iona@Marist,1,11.0,137.5,0.7520861049629182,0.7483786803135365,0.7371860532839396,1.2947884672369925,1.0,0.6323841767461661,0.6264213856848432,0.5969723992174089,-0.034886016908883155,1,0.5261513785132321,1.0935036611363085,1.331787911826289,0.4563149574391261
2015-02-21,2014-15,True,20150221_Colorado@OregonState,1,7.0,101.5,0.7511141400661643,0.7409277418562583,0.6504924102509092,1.4673499413034325,1.0,20150221_Oklahoma@TexasTech,1,13.5,109.0,0.8517905586744241,0.845857959152071,0.7930991629193278,1.2035065028773577,1.0,0.6397919329952177,0.6267196276056871,0.515904986055372,0.1298502865784943,1,0.7659651963553902,1.2947884672369925,1.2035065028773577,0.5582863401703271
2015-02-22,2014-15,True,20150222_Temple@Tulsa,1,4.5,113.0,0.7375286176494183,0.7229691757935919,0.6031911679818974,1.5824170688597448,0.0,20150222_Tulane@Connecticut,1,14.5,103.0,0.8722281462887944,0.8667036014749813,0.8097988242697735,1.178687806642235,1.0,0.6432932190072892,0.626599988415705,0.48846349864165195,0.19985488269665241,0,-1.0,1.4419067371176353,1.135982521894767,-1.0
2015-02-23,2014-15,True,20150223_Louisville@GeorgiaTech,1,9.0,113.5,0.7698388722604622,0.7625738588633089,0.695383345989317,1.3726241870835139,0.0,20150223_AlabamaState@Southern,1,15.0,116.5,0.8311790448388353,0.8268885186445638,0.8097988242697735,1.178687806642235,0.0,0.6398739385252571,0.6305635685125501,0.5631206159989299,0.03524909686808275,0,-1.0,1.3128308652306178,1.178687806642235,-1.0
2015-02-24,2014-15,True,20150224_NewMexico@BoiseState,1,7.5,114.0,0.7407290414669276,0.732935183902053,0.6619706916052289,1.4419067371176353,1.0,20150224_Florida@Missouri,1,15.0,105.5,0.8575768660830657,0.8532748070087716,0.8177783958922514,1.1671866177860766,1.0,0.635232089997921,0.6253951275939628,0.5413453303086084,0.06907924875328963,1,0.6829742476592902,1.2612808950953396,1.135982521894767,0.43279305202809293
2015-02-25,2014-15,True,20150225_Tulane@Tulsa,1,10.0,110.5,0.7888549637285307,0.7819355337871671,0.7167057093130454,1.331787911826289,1.0,20150225_Marquette@Butler,1,11.5,113.0,0.8055364105225916,0.7998310438781515,0.7470930815804602,1.2776185773006687,1.0,0.6354513959048098,0.6254163142344095,0.5354458769569926,0.08123133830078033,1,0.7015169771737317,1.3517036661098074,1.1671866177860766,0.5776904302957462
2015-02-26,2014-15,True,20150226_HoustonU@Temple,1,6.0,117.5,0.7429106615297261,0.7324438468104706,0.6388626838160856,1.4940612813672796,1.0,20150226_OregonState@Stanford,1,15.0,104.5,0.8596632491778265,0.8546661462956091,0.8097988242697735,1.178687806642235,1.0,0.6386529931394929,0.6259949599314364,0.5173502502240981,0.12468823948728258,1,0.7610318147238859,1.614827669589356,1.1562530119264363,0.867149356704841
2015-02-27,2014-15,True,20150227_Harvard@Cornell,1,6.5,107.0,0.7589366215070524,0.7476010097726247,0.6388626838160856,1.4940612813672796,0.0,20150227_Valparaiso@ClevelandState,1,15.0,106.5,0.8455776273926638,0.8414426225408549,0.8097988242697735,1.178687806642235,1.0,0.6417398277553376,0.6290633542772686,0.5173502502240981,0.13012425345257617,0,-1.0,1.3517036661098074,1.1176760154967156,-1.0
2015-02-28,2014-15,True,20150228_BoiseState@SanDiegoState,1,8.0,109.5,0.77108476565117,0.7623317579726566,0.684426810675109,1.3945976182003954,0.0,20150228_Tulsa@MemphisU,1,12.5,112.0,0.8270535996153203,0.8201879787258756,0.7662131637791681,1.2457368851406192,1.0,0.6377284310403358,0.6252553436901366,0.524416831982661,0.10792668287053941,0,-1.0,1.417674275165646,1.1671866177860766,-1.0
2015-03-01,2014-15,True,20150301_OregonState@California,1,6.5,108.0,0.7640405540994692,0.752816246950776,0.6504924102509092,1.4673499413034325,1.0,20150301_ArizonaState@Colorado,1,13.0,117.5,0.8381115459766527,0.831131503317654,0.7754175468594404,1.230949704279805,1.0,0.6403512099851646,0.6256892990501527,0.5044032290074447,0.15662411225439565,1,0.8062339763224495,1.331787911826289,1.230949704279805,0.6393639362259893
2015-03-02,2014-15,True,20150302_Virginia@Syracuse,1,15.0,99.5,0.8618091226393451,0.8572915280183178,0.8097988242697735,1.178687806642235,1.0,20150302_Oklahoma@IowaState,1,8.0,144.5,0.7377355670115219,0.730857826598031,0.684426810675109,1.3945976182003954,1.0,0.6357872417460394,0.6265582229283727,0.5542480265834141,0.0451040211276208,1,0.6437952077451092,1.2035065028773577,1.4419067371176353,0.7353441346637468
2015-03-03,2014-15,True,20150303_Michigan@Northwestern,1,8.5,107.0,0.7756558755188121,0.7676289491063754,0.695383345989317,1.3726241870835139,1.0,20150303_Maryland@Rutgers,1,12.0,117.5,0.8218569846845123,0.8149866767683788,0.7567703623449,1.2612808950953396,0.0,0.6374781990067163,0.6256073662234078,0.5262455067129443,0.10364347957350994,0,-1.0,1.331787911826289,1.2035065028773577,-1.0
2015-03-04,2014-15,True,20150304_USC@UCLA,1,8.0,129.5,0.7734252467816791,0.7630288723761359,0.6732858292773021,1.417674275165646,1.0,20150304_SanDiegoState@UNLV,1,11.5,110.0,0.8278136455708828,0.8200534178611213,0.7470930815804602,1.2776185773006687,1.0,0.6402519731149015,0.6257244347187676,0.5030071849792352,0.15965445947430457,1,0.8112469905128894,1.2947884672369925,1.3128308652306178,0.6998382637333662
2015-03-05,2014-15,True,20150305_Temple@EastCarolina,1,6.5,114.0,0.7390308035921407,0.7285549505518761,0.6388626838160856,1.4940612813672796,1.0,20150305_MemphisU@Connecticut,1,15.0,112.5,0.8645501269418674,0.858899389447836,0.8097988242697735,1.178687806642235,0.0,0.6389291750595355,0.6257554022082047,0.5173502502240981,0.1251746046351292,0,-1.0,1.4673499413034325,1.1562530119264363,-1.0
2015-03-06,2014-15,True,20150306_TexasTech@Baylor,1,10.5,111.0,0.7737484122929226,0.7696447690388446,0.7270548135934695,1.3128308652306178,1.0,20150306_DetroitU@ClevelandState,1,14.0,118.5,0.8181334627048094,0.8143530059478401,0.8015723125678519,1.1907846429254043,1.0,0.6330294678115572,0.6267625311788142,0.5827870082957058,-0.010385771668046773,1,0.5632988330750908,1.3128308652306178,1.178687806642235,0.5474177330309045
2015-03-07,2014-15,True,20150307_Rutgers@Michigan,1,10.0,109.5,0.8214700712233597,0.8117432743057331,0.7167057093130454,1.331787911826289,1.0,20150307_Connecticut@Temple,1,8.0,112.5,0.7827099508345882,0.7714963592184597,0.6732858292773021,1.417674275165646,1.0,0.6429727990593215,0.6262569807469446,0.4825477978426108,0.21395930393042617,1,0.8880414625727033,1.2168841319109849,1.331787911826289,0.620631576972277
2015-03-08,2014-15,True,20150308_MemphisU@Cincinnati,1,12.0,103.5,0.8411129562623642,0.8342370272307296,0.7567703623449,1.2612808950953396,1.0,20150308_Maryland@Nebraska,1,7.5,112.0,0.7616769182082332,0.7513938210798908,0.6619706916052289,1.4419067371176353,1.0,0.640656324390934,0.6268405475772268,0.5009598001477932,0.1651292527957957,1,0.8186494200357315,1.2168841319109849,1.2776185773006687,0.5547137733518719
2015-03-09,2014-15,True,20150309_Furman@Wofford,-1,14.5,133.0,0.8672495150350077,0.8627615320021296,0.8127935967866736,1.1743448813740085,1.0,20150309_Northeastern@William&Mary,-1,7.5,149.0,0.7344555416225947,0.7263073829940836,0.6698769841082624,1.424888483473763,1.0,0.6369562122869692,0.626630070456433,0.544471723317964,0.06582551621041288,1,0.673310497096187,1.185960694502837,1.2534213902797893,0.48650850252093036
2015-03-10,2014-15,True,20150310_WiscGreenBay@Valparaiso,1,9.5,113.0,0.7866557322765707,0.780035550743578,0.7167057093130454,1.331787911826289,0.0,20150310_GeorgiaTech@BostonCollege,1,12.0,111.5,0.8071470541161807,0.8016298420706439,0.7567703623449,1.2612808950953396,1.0,0.634946856910641,0.6252997753520622,0.542381639331492,0.0665574748719262,0,-1.0,1.3517036661098074,1.2035065028773577,-1.0
2015-03-11,2014-15,True,20150311_Colorado@OregonState,1,8.5,106.0,0.7671859836343157,0.7589299901710248,0.684426810675109,1.3945976182003954,1.0,20150311_PennState@Nebraska,1,12.5,106.0,0.8309227906835162,0.8241581712348,0.7662131637791681,1.2457368851406192,1.0,0.637472318494704,0.6254783527945965,0.524416831982661,0.10748173811143458,1,0.7373016929214871,1.2457368851406192,1.230949704279805,0.5334394503742905
2015-03-12,2014-15,True,20150312_UNLV@SanDiegoState,1,7.5,111.0,0.7594789668349382,0.7509489875363298,0.6732858292773021,1.417674275165646,1.0,20150312_Michigan@Illinois,1,14.0,107.5,0.8405853110248123,0.8352558403690916,0.7930991629193278,1.2035065028773577,1.0,0.6384068635537496,0.6272345276589756,0.5339824276052737,0.08923715596420556,1,0.7061802091237994,1.3128308652306178,1.2168841319109849,0.5975630477821074
2015-03-13,2014-15,True,20150313_Temple@MemphisU,1,8.0,117.5,0.7552335689526203,0.7467130484950598,0.6732858292773021,1.417674275165646,1.0,20150313_NotreDame@Duke,-1,14.0,165.5,0.8431310969378057,0.8371422503749275,0.7966360931196437,1.1981631365234255,1.0,0.6367609074352767,0.6251050418014767,0.5363637925882894,0.08160529689704998,1,0.6986050561010442,1.3726241870835139,1.1981631365234255,0.6446277012639001
2015-03-14,2014-15,True,20150314_Purdue@Wisconsin,-1,14.0,141.5,0.858937268601962,0.8536135393626096,0.7966360931196437,1.1981631365234255,1.0,20150314_MiddleTennSt@UAB,1,7.5,116.0,0.7416031828611857,0.7330195732684035,0.6619706916052289,1.4419067371176353,1.0,0.6369906122733081,0.6257154323597117,0.5273497455200981,0.1004901420766462,1,0.7276394987191244,1.1241630091622794,1.4419067371176353,0.6209382165295245
2015-03-15,2014-15,True,20150315_GeorgiaSouthern@GeorgiaState,1,9.0,117.5,0.7489640303284365,0.7436286924751951,0.695383345989317,1.3726241870835139,0.0,20150315_MichiganState@Wisconsin,-1,14.5,140.0,0.8475669621822706,0.8434179706851549,0.8048327439722892,1.185960694502837,0.0,0.6347971679692629,0.6271898027506841,0.5596672864652137,0.03337255635182723,0,-1.0,1.3945976182003954,1.2385780480983586,-1.0
2015-03-17,2014-15,True,20150317_Rider@LoyolaChicago,1,7.0,112.5,0.7660228961624335,0.7557241561325767,0.6619706916052289,1.4419067371176353,1.0,20150317_NCCentral@MiamiFlorida,1,12.0,106.5,0.8353557430875858,0.8280557806940891,0.7567703623449,1.2612808950953396,1.0,0.6399016256458742,0.6257817560957425,0.5009598001477932,0.1637567203607908,1,0.8186494200357315,1.1265955824133596,1.0606719505836637,0.1949483339173168
2015-03-18,2014-15,True,20150318_SacramentoState@PortlandU,-1,7.5,156.0,0.7703856765334882,0.7596917798713764,0.6698769841082624,1.424888483473763,1.0,20150318_GardnerWebb@Colorado,-1,12.0,170.5,0.8329350852387382,0.825909293326661,0.7706417867372058,1.2385780480983586,1.0,0.641681259150124,0.6274365010596418,0.5162351959273221,0.13246192783128863,1,0.7648355966187637,1.47411382893635,1.2534213902797893,0.8476858048960634
2015-03-19,2014-15,True,20150319_TennMartin@NorthwesternSt,-1,1.5,180.0,0.7311439732989191,0.7081647555832817,0.5413397043333468,1.7632181647851881,0.0,20150319_Lafayette@Villanova,-1,14.0,162.5,0.8926425216628754,0.8844902848738189,0.7966360931196437,1.1981631365234255,1.0,0.6526502000241612,0.6263648464034551,0.4312507471106604,0.3788038278945485,0,-1.0,1.5877117442100557,1.1155409714484994,-1.0
2015-03-20,2014-15,True,20150320_RobertMorris@Duke,-1,7.5,151.0,0.7546934261133139,0.746167990186197,0.6698769841082624,1.424888483473763,1.0,20150320_CoastalCarolina@Wisconsin,-1,12.5,141.0,0.844231991871592,0.8383340753159401,0.7706417867372058,1.2385780480983586,0.0,0.6371363343800391,0.6255380520830989,0.5162351959273221,0.12444088281308852,0,-1.0,1.4019785246868526,1.3394717478855067,-1.0
2015-03-21,2014-15,True,20150321_NorthernArizona@SacramentoState,-1,6.5,153.0,0.7476419052016309,0.737663303091944,0.6587681766551874,1.4489163773003635,1.0,20150321_Cincinnati@Kentucky,-1,15.0,132.5,0.8572231889227229,0.8533739219204192,0.8127935967866736,1.1743448813740085,1.0,0.6408959781492021,0.6295026260163431,0.5354425557521686,0.09050215147009855,1,0.7015275312216536,1.424888483473763,1.269005320384831,0.8081910664832785
2015-03-22,2014-15,True,20150322_GeoWashington@Temple,1,8.5,120.0,0.7544396373966661,0.74736003882196,0.684426810675109,1.3945976182003954,1.0,20150322_NorthernIowa@Louisville,1,14.5,102.0,0.8449683093429139,0.8404947822524683,0.8015723125678519,1.1907846429254043,1.0,0.637477584912342,0.6281522130938595,0.5486175814162865,0.05863698563241537,1,0.6606654268133771,1.3726241870835139,1.1265955824133596,0.5463923454820154
2015-03-23,2014-15,True,20150323_ClevelandState@NJIT,-1,9.5,149.0,0.7728423989765617,0.7655752602129847,0.7125943503524997,1.3394717478855067,0.0,20150323_Colorado@SeattleU,-1,12.5,156.0,0.8244997781260517,0.818804552280116,0.7795389272360793,1.2244417394064717,1.0,0.6372083864825806,0.6268565081754263,0.5554950354282785,0.0450887351804905,0,-1.0,1.3394717478855067,1.1981631365234255,-1.0
2015-03-24,2014-15,True,20150324_Vanderbilt@Stanford,-1,9.5,158.0,0.761238790434076,0.7561082040122075,0.7227999533465207,1.32055902270154,1.0,20150324_MiamiFlorida@Richmond,1,15.0,116.5,0.8339480651257664,0.8301772912933593,0.8177783958922514,1.1671866177860766,1.0,0.6348336163811764,0.627703860731541,0.5910901863987119,-0.021506303278962635,1,0.5413388192938973,1.2385780480983586,1.135982521894767,0.4070030146422714
2015-03-25,2014-15,True,20150325_SeattleU@LoyolaChicago,-1,8.5,143.0,0.7748584814006213,0.7665051543586177,0.691597995151073,1.380137025688599,1.0,20150325_MurrayState@OldDominion,1,14.5,124.0,0.8221009623458607,0.8183764933097204,0.8097988242697735,1.178687806642235,1.0,0.637011903241303,0.6272898003278314,0.5600552433406714,0.03625954910666862,1,0.6267506836746328,1.380137025688599,1.1562530119264363,0.5957875928236358
2015-03-26,2014-15,True,20150326_NorthCarolina@Wisconsin,-1,10.5,152.0,0.7704018396846903,0.7660100121904868,0.732800842198419,1.3025367126168668,1.0,20150326_Xavier@Arizona,-1,14.0,149.5,0.8219832748397161,0.8182405294958827,0.7966360931196437,1.1981631365234255,1.0,0.6332574271265637,0.6267804379738915,0.5837755999637331,-0.011705863550313444,1,0.5606514730259369,1.4489163773003635,1.2853648905350492,0.8623862407031218
2015-03-27,2014-15,True,20150327_MichiganState@Oklahoma,1,8.5,126.0,0.7524335119632185,0.7460087921575457,0.695383345989317,1.3726241870835139,0.0,20150327_UtahU@Duke,-1,14.5,149.0,0.8460576621753741,0.8415511899331197,0.8048327439722892,1.185960694502837,1.0,0.6366021380740071,0.6278045867407519,0.5596672864652137,0.03631082807922814,0,-1.0,1.2776185773006687,1.1427538157594763,-1.0
2015-03-28,2014-15,True,20150328_Arizona@Wisconsin,-1,8.5,142.0,0.7571890047778784,0.7515609500842136,0.7021910989034688,1.3593165756309544,0.0,20150328_NotreDame@Kentucky,-1,13.5,151.0,0.8362295899707379,0.8321891869754908,0.7966360931196437,1.1981631365234255,1.0,0.6331838509957564,0.6254408960131091,0.5593907736538487,0.031255781454195164,0,-1.0,1.3025367126168668,1.2244417394064717,-1.0
2015-03-29,2014-15,True,20150329_Gonzaga@Duke,-1,9.5,157.0,0.7674369096586077,0.7622055193594925,0.7227999533465207,1.32055902270154,1.0,20150329_MichiganState@Louisville,1,13.5,115.0,0.826393514137989,0.8224624535357289,0.7930991629193278,1.2035065028773577,1.0,0.6342048846519752,0.6268854215508828,0.5732520379572548,0.007942692833795117,1,0.5893013712546717,1.2385780480983586,1.2168841319109849,0.5072059728641731
2015-03-31,2014-15,True,20150331_TennMartin@Evansville,-1,10.0,159.5,0.7623283615791279,0.7578217641757776,0.732800842198419,1.3025367126168668,1.0,20150331_Stanford@OldDominion,-1,14.5,149.0,0.8309007155113963,0.8269066567469214,0.8048327439722892,1.185960694502837,1.0,0.6334191810907278,0.6266478614246462,0.5897821126117581,-0.02152106798292941,1,0.5447573443105413,1.2534213902797893,1.1241630091622794,0.40904996184529563
2015-04-02,2014-15,True,20150402_Stanford@MiamiFlorida,-1,11.5,148.0,0.7698003471332666,0.7660898944399454,0.7521639071698644,1.269005320384831,1.0,20150402_NorthernArizona@Evansville,-1,15.0,156.5,0.8235223561062311,0.8197904524885946,0.8127935967866736,1.1743448813740085,1.0,0.6339477956025823,0.6280331812098625,0.6113540074817118,-0.055259359457341506,1,0.49024990243030997,1.2853648905350492,1.185960694502837,0.52439223826851
2015-04-04,2014-15,True,20150404_Wisconsin@Kentucky,-1,7.5,141.0,0.7694613569763449,0.7614652279462595,0.6808235527096952,1.4019785246868526,1.0,20150404_MichiganState@Duke,1,15.0,123.5,0.8306842302712784,0.8269342471249971,0.8097988242697735,1.178687806642235,1.0,0.6391794150433884,0.6296816749836044,0.5513301125194813,0.05624078249101028,1,0.6524949922226628,1.32055902270154,1.178687806642235,0.5565268180096916
2015-11-22,2015-16,True,20151122_MissouriSt@MississippiSt,-1,4.5,150.0,0.7425109100950774,0.7264884769803419,0.5995837935473335,1.5919376245192793,0.0,20151122_Towson@Bradley,-1,14.5,148.0,0.8697772182242244,0.8631761135798331,0.811345258789174,1.1764412124925283,1.0,0.6458190738836336,0.6270875001204236,0.4864694681414559,0.20950354262898796,0,-1.0,1.939226047078449,1.1652697743903035,-1.0
2015-11-23,2015-16,True,20151123_Tulsa@SouthCarolina,-1,9.0,153.5,0.7558169316441369,0.7477601022956025,0.7003554461899976,1.3628793853072376,0.0,20151123_CSNorthridge@USC,-1,15.0,172.5,0.8420230175347028,0.8369904899220707,0.811345258789174,1.1764412124925283,1.0,0.6364152534868163,0.625868094364574,0.568230070733431,0.020394790704508114,0,-1.0,1.4287652935559612,1.288446313939119,-1.0
2015-11-24,2015-16,True,20151124_St.Johns@IndianaU,-1,10.0,165.5,0.7600455689849351,0.7549297208758935,0.731001870122588,1.3057422135458172,1.0,20151124_KansasState@NorthCarolina,-1,15.0,166.5,0.8334974073492651,0.8293559457190651,0.819123623539808,1.1652697743903035,1.0,0.6334960112162404,0.6261054526084565,0.5987809006691904,-0.036109253538720854,1,0.52154193459043,1.3057422135458172,1.108693092907552,0.44766737327606543
2015-11-25,2015-16,True,20151125_ClevelandState@SouthDakotaSt,-1,15.0,155.5,0.842402723145017,0.837460932630738,0.811345258789174,1.1764412124925283,1.0,20151125_CalSantaBarb@SanFrancisco,1,9.5,131.0,0.754519651601021,0.747534867025543,0.707874952863396,1.3484019969049494,0.0,0.6356094091751295,0.6260312469132059,0.5743309868213263,0.00827717223568536,0,-1.0,1.1445126694108785,1.3484019969049494,-1.0
2015-11-26,2015-16,True,20151126_SantaClara@Arizona,1,14.0,120.5,0.822491886818038,0.8189625372277052,0.8037579577892887,1.1875465626807884,1.0,20151126_CharlotteU@Michigan,-1,12.0,159.5,0.7671992982983902,0.7633344055781828,0.7597998399602606,1.2562519097791898,1.0,0.6310151984229176,0.6251422815455107,0.6106951676950875,-0.058615156968120474,1,0.49185763731945276,1.164001679576356,1.3057422135458172,0.5198861296610799
2015-11-27,2015-16,True,20151127_California@Richmond,-1,5.5,153.0,0.751873716354725,0.7389121510225443,0.6343677639699399,1.5046477047109694,0.0,20151127_Northeastern@MiamiFlorida,-1,14.5,158.0,0.8536304458420927,0.8477714170869295,0.8033329083874604,1.1881749023776196,1.0,0.6418222957088351,0.6264286013751336,0.5096085008172219,0.14744004165807545,0,-1.0,1.4287652935559612,1.154635070697379,-1.0
2015-11-28,2015-16,True,20151128_CentralFlorida@MiamiOhio,1,6.5,128.0,0.7478233277737534,0.7360780896433791,0.6402160901019415,1.4909028603889278,0.0,20151128_TennMartin@MississippiSt,-1,15.0,167.5,0.8572965442818665,0.8513211771509488,0.819123623539808,1.1652697743903035,1.0,0.6411063546338044,0.6266388657502231,0.5244161235727905,0.1137966598232083,0,-1.0,1.4641586170154595,1.1652697743903035,-1.0
2015-11-29,2015-16,True,20151129_No.Colorado@Colorado,-1,9.0,164.5,0.7711107311291338,0.7642630623204625,0.7107652178778491,1.3429188373199754,1.0,20151129_Rider@RhodeIsland,1,13.0,111.5,0.8230255955486245,0.8181729116133496,0.7774985540493576,1.2276550162425202,1.0,0.6346438687214906,0.6252993349372676,0.5526189291686043,0.0462999322280635,1,0.6486410470424406,1.45288256329436,1.2579654775600293,0.8276761075732291
2015-11-30,2015-16,True,20151130_NorthTexas@NorthernIowa,-1,13.5,152.0,0.8476117186550886,0.8422572032800888,0.7950870428409474,1.2004974909280999,0.0,20151130_WakeForest@Rutgers,-1,8.0,164.5,0.7516501250504145,0.7439745039243377,0.6897619160924896,1.3838108160671658,1.0,0.6371074543212941,0.6266178849870041,0.5484207621302832,0.05840202954875173,0,-1.0,1.2004974909280999,1.3429188373199754,-1.0
2015-12-01,2015-16,True,20151201_Richmond@Florida,-1,6.5,152.0,0.750942818760755,0.7407962900772214,0.6569698226921417,1.45288256329436,1.0,20151201_Villanova@St.Josephs,1,15.0,126.5,0.8496658912379724,0.8448817791313126,0.8200159989007876,1.164001679576356,1.0,0.638050499371112,0.6258852875343187,0.5387257654025699,0.07904404301188972,1,0.6911577439018364,1.5046477047109694,1.123548385474513,0.6905444993359415
2015-12-02,2015-16,True,20151202_FloridaState@Iowa,-1,8.5,163.0,0.7576763484541735,0.7493651840138272,0.7003554461899976,1.3628793853072376,1.0,20151202_PennState@BostonCollege,1,14.0,115.5,0.839740658542736,0.834768975638813,0.8037579577892887,1.1875465626807884,1.0,0.6362516358131632,0.6255468070386132,0.5629162631562785,0.029762284097089475,1,0.6184827293701158,1.3838108160671658,1.164001679576356,0.6107581141181087
2015-12-03,2015-16,True,20151203_SouthFlorida@Delaware,1,7.0,124.5,0.7605781581547255,0.7500959080954096,0.6634526629294996,1.438685912850768,1.0,20151203_No.Colorado@CalRiverside,-1,14.5,166.0,0.8393622907305803,0.8346327319617508,0.8033329083874604,1.1881749023776196,1.0,0.638400625108396,0.6260545970070021,0.5329733572885603,0.09128872797061782,1,0.709410494053518,1.438685912850768,1.1881749023776196,0.709410494053518
2015-12-04,2015-16,True,20151204_Alabama@SouthernMiss,1,9.0,118.5,0.7800100838488515,0.7724299813889789,0.707874952863396,1.3484019969049494,0.0,20151204_Arkansas@WakeForest,-1,12.0,178.5,0.8183543542097879,0.8110678908536801,0.7689624166217132,1.2412830320022794,1.0,0.6383246484452494,0.6264931558373065,0.5443292344198183,0.06839493502501082,0,-1.0,1.3095120960196411,1.2134368002694005,-1.0
2015-12-05,2015-16,True,20151205_ArkansasLR@IdahoU,1,3.5,121.0,0.7364722018188757,0.7185996244911476,0.5676132990040985,1.6816026010572878,0.0,20151205_NorthernIowa@Richmond,-1,15.0,157.5,0.8773609074026939,0.8705288482341954,0.819123623539808,1.1652697743903035,1.0,0.6461519192646688,0.625561703449804,0.4649454622496217,0.2661480505134677,0,-1.0,1.5189783513677035,1.1169903566026125,-1.0
2015-12-06,2015-16,True,20151206_Delaware@Columbia,1,8.0,126.5,0.7620362651672777,0.7526745628131337,0.6748313149999106,1.4144275447563166,1.0,20151206_NDakotaSt@SouthernMiss,1,13.0,112.5,0.8375864133019338,0.8313515255607563,0.7864996995630236,1.213605040828772,1.0,0.6382712221474616,0.625737146045474,0.5307546265031498,0.09562855016628369,1,0.7165563982033294,1.4144275447563166,1.213605040828772,0.7165563982033294
2015-12-07,2015-16,True,20151207_CSNorthridge@SanFrancisco,1,9.5,128.0,0.769281778283177,0.7629714461630793,0.7184926131585145,1.3284757317183682,0.0,20151207_IdahoU@USC,1,13.0,133.5,0.826578520323394,0.8214103056436339,0.7864996995630236,1.213605040828772,0.0,0.6358717940050577,0.6267126087901804,0.5650942243874234,0.025181021731620623,0,-1.0,1.3095120960196411,1.2002463272799617,-1.0
2015-12-08,2015-16,True,20151208_Bradley@UTArlington,1,7.0,123.5,0.7461672089742108,0.737279301205178,0.6634526629294996,1.438685912850768,1.0,20151208_TexSanAntonio@Texas,-1,15.0,163.5,0.8538357215618623,0.849121050580029,0.811345258789174,1.1764412124925283,0.0,0.6371042172802962,0.6260393748102504,0.5382891724989014,0.07831761842617868,0,-1.0,1.4641586170154595,1.1764412124925283,-1.0
2015-12-09,2015-16,True,20151209_EasternKentucky@Kentucky,-1,5.0,166.5,0.7591110750395681,0.7440492124085976,0.6112793943082997,1.5614791024979267,1.0,20151209_TennMartin@TexasTech,-1,15.0,154.5,0.8510261430158783,0.8465390388348264,0.811345258789174,1.1764412124925283,1.0,0.6460233703115607,0.6298667051181838,0.49595863836755694,0.18673741712187408,1,0.8369883686244057,1.5919376245192793,1.1652697743903035,0.8550367965670165
2015-12-10,2015-16,True,20151210_WashingtonState@IdahoU,1,8.0,130.5,0.7577630528243292,0.7486129860911954,0.6748313149999106,1.4144275447563166,1.0,20151210_ULMonroe@KentState,-1,15.0,146.5,0.8389457300049494,0.8351702090756187,0.819123623539808,1.1652697743903035,1.0,0.6357220775224859,0.6252192641105069,0.5527702720208604,0.047790558601301436,1,0.648189665969624,1.4641586170154595,1.1445126694108785,0.6757480872013035
2015-12-11,2015-16,True,20151211_E.Washington@Pittsburgh,-1,13.5,162.0,0.8318196155855587,0.8272333012190176,0.7866087461564436,1.2134368002694005,1.0,20151211_NDakotaSt@NorthDakota,1,10.0,126.5,0.7603653950528951,0.7555656070883836,0.72889742897471,1.3095120960196411,1.0,0.6324868506174607,0.6250290314392748,0.573357092682452,0.005028036572850336,1,0.5890101677081492,1.3838108160671658,1.3284757317183682,0.8383590864346204
2015-12-12,2015-16,True,20151212_OldDominion@GeorgiaState,1,13.0,104.5,0.8403188388997223,0.8348723038778727,0.7864996995630236,1.213605040828772,1.0,20151212_ArkansasLR@Depaul,1,8.5,122.0,0.7564328447128358,0.7496925272239582,0.6970526848510701,1.3693369536392148,0.0,0.6356447697747041,0.6258975274034908,0.5482317272149656,0.05633623623310702,0,-1.0,1.106236386776383,1.2914670009538383,-1.0
2015-12-13,2015-16,True,20151213_WrightState@MiamiOhio,1,12.5,114.0,0.8268654877445218,0.8208076540148453,0.7774985540493576,1.2276550162425202,1.0,20151213_Syracuse@St.Johns,1,9.0,120.5,0.7685119249292026,0.7615005675845311,0.707874952863396,1.3484019969049494,1.0,0.6354559876440665,0.6250454944100322,0.5503717522990476,0.05191635128160366,1,0.6553724754117922,1.1875465626807884,1.3484019969049494,0.6012901565363837
2015-12-14,2015-16,True,20151214_CalPolySLO@SaintMarysCA,-1,13.5,150.0,0.8479756544122471,0.8425510454572648,0.7950870428409474,1.2004974909280999,0.0,20151214_SouthernMiss@SouthAlabama,1,8.5,126.0,0.750032495765008,0.7427990624882467,0.6860348582969074,1.3913287181493397,0.0,0.6360092964267836,0.6258461266641484,0.5454574267690965,0.062317827681108495,0,-1.0,1.1881749023776196,1.4641586170154595,-1.0
2015-12-15,2015-16,True,20151215_AppalachianSt@Texas,-1,8.0,154.5,0.781405851161492,0.7722018053196031,0.6897619160924896,1.3838108160671658,1.0,20151215_Drexel@SouthCarolina,-1,10.5,157.0,0.8179215311156115,0.810562549015846,0.7408147236510326,1.288446313939119,1.0,0.6391286702047051,0.6259178636744956,0.5109857832550644,0.13954465354452106,1,0.782965945150824,1.3429188373199754,1.227021875147875,0.6477907899397604
2015-12-16,2015-16,True,20151216_OldDominion@Richmond,-1,6.0,141.5,0.7554936583660289,0.7433813122465427,0.6343677639699399,1.5046477047109694,1.0,20151216_KennesawSt@Louisville,1,15.0,121.5,0.8509983570966962,0.8471706858424044,0.8120122648274841,1.1754748559158623,1.0,0.6429238620664632,0.6297708561383302,0.5151144047547778,0.1371237114262145,1,0.7686755438992596,1.4287652935559612,1.1427392935392502,0.6327062421915384
2015-12-17,2015-16,True,20151217_Marshall@WestVirginia,-1,10.0,173.5,0.7711725246077918,0.7651565936384825,0.7209831501902414,1.3238866951996617,1.0,20151217_CalPolySLO@USC,-1,14.0,164.5,0.8234635529782958,0.8190598209927941,0.7950870428409474,1.2004974909280999,0.0,0.6350324670727745,0.6267090226169916,0.5732443608229097,0.009271487125612765,0,-1.0,1.288446313939119,1.2004974909280999,-1.0
2015-12-18,2015-16,True,20151218_SantaClara@Nevada,1,8.5,122.0,0.7613727549056264,0.7528985067589246,0.6860348582969074,1.3913287181493397,1.0,20151218_ULLafayette@Pepperdine,-1,14.0,169.5,0.8364074203100931,0.8304721249861854,0.7950870428409474,1.2004974909280999,1.0,0.6368178218250037,0.6252612228070099,0.5454574267690965,0.0636682968479707,1,0.6702866351944918,1.3913287181493397,1.1348791813087078,0.5789899965846164
2015-12-19,2015-16,True,20151219_UAB@SouthFlorida,1,7.0,122.5,0.749172849951251,0.7396029957194262,0.6634526629294996,1.438685912850768,1.0,20151219_Rice@NewMexico,-1,14.0,165.5,0.852723637988317,0.8460510991339132,0.7950870428409474,1.2004974909280999,0.0,0.6388373980925063,0.6257419274511554,0.5275026158335677,0.10336087541435846,0,-1.0,1.3693369536392148,1.1445126694108785,-1.0
2015-12-20,2015-16,True,20151220_NorthernArizona@ArkansasLR,1,11.5,118.0,0.8038716809317245,0.7990441161760854,0.7490397149319249,1.2742982527792241,1.0,20151220_Bradley@BoiseState,1,11.0,120.5,0.7875273312593029,0.7825174589626996,0.7390819891604163,1.2914670009538383,1.0,0.6330709195590908,0.6252659713892065,0.5536017624720383,0.04185376573753752,1,0.6457141428375006,1.2742982527792241,1.213605040828772,0.5464947830921631
2015-12-21,2015-16,True,20151221_EasternKentucky@WestVirginia,-1,6.5,169.0,0.7705490819293214,0.7581080810160052,0.6457355412671925,1.478159306713841,1.0,20151221_AppalachianSt@NorthCarolina,-1,10.5,171.0,0.8327189999170176,0.8244363494519421,0.7408147236510326,1.288446313939119,1.0,0.6416508608911605,0.6250118588028525,0.4783703965555052,0.22204261479001275,1,0.9045289101502518,1.4287652935559612,1.2134368002694005,0.7337163861485161
2015-12-22,2015-16,True,20151222_HoustonU@Wyoming,-1,6.0,147.5,0.7369263982619995,0.724956441276662,0.6343677639699399,1.5046477047109694,0.0,20151222_SouthernUtah@Butler,-1,14.5,170.0,0.8697581401651862,0.8635733986148317,0.811345258789174,1.1764412124925283,1.0,0.6409477335909859,0.6260530978410007,0.5146912776257005,0.1345605361207196,0,-1.0,1.45288256329436,1.1764412124925283,-1.0
2015-12-23,2015-16,True,20151223_No.Colorado@MississippiSt,-1,9.0,167.5,0.8021290288299198,0.7919268111874707,0.7003554461899976,1.3628793853072376,1.0,20151223_SMU@Colorado,-1,10.0,159.5,0.7986049175168521,0.7892821731399975,0.7209831501902414,1.3238866951996617,1.0,0.6405841869065908,0.6250537145018753,0.5049444758469566,0.1558046938371156,1,0.8042978853701452,1.3057422135458172,1.2412830320022794,0.6207956538435198
2015-12-25,2015-16,True,20151225_Harvard@Oklahoma,-1,14.5,156.0,0.8366541900633558,0.8320207728562957,0.8033329083874604,1.1881749023776196,1.0,20151225_NorthernIowa@BYU,-1,10.0,158.5,0.7575477549777371,0.7515943380298516,0.7209831501902414,1.3238866951996617,0.0,0.6338055033752121,0.6253421020020131,0.5791894909406798,-0.0030182739096494826,0,-1.0,1.1348791813087078,1.227021875147875,-1.0
2015-12-27,2015-16,True,20151227_Marshall@Maryland,-1,15.0,174.5,0.8266109695468999,0.8228992613569075,0.811345258789174,1.1764412124925283,1.0,20151227_MiddleTennSt@SouthDakotaSt,1,11.0,126.5,0.7642857220877395,0.7603068179340329,0.7490397149319249,1.2742982527792241,0.0,0.6317669617457988,0.6256559188825364,0.6077298213548117,-0.05289478390852009,0,-1.0,1.1257122188617084,1.2579654775600293,-1.0
2015-12-28,2015-16,True,20151228_IUPUI@Butler,-1,7.5,160.0,0.7420955456209459,0.7343279362375494,0.6680593406803765,1.4287652935559612,1.0,20151228_Pennsylvania@Villanova,1,15.0,119.5,0.8553754974190491,0.8514946113220218,0.8120122648274841,1.1754748559158623,1.0,0.6347703464679773,0.6252762806494946,0.5424723782650284,0.06608262728286696,1,0.6794776775802782,1.4287652935559612,1.2276550162425202,0.7540308796671926
2015-12-29,2015-16,True,20151229_Richmond@TexasTech,-1,7.5,152.0,0.7526331606429976,0.7431387076581284,0.6680593406803765,1.4287652935559612,0.0,20151229_TexasSouthern@Baylor,-1,13.5,155.0,0.8468418792421383,0.8410892552770216,0.7866087461564436,1.2134368002694005,1.0,0.6373612801388662,0.6250459821917035,0.5255013203306914,0.10500369527334708,0,-1.0,1.3429188373199754,1.288446313939119,-1.0
2015-12-30,2015-16,True,20151230_ArkansasLR@SouthAlabama,1,6.0,118.5,0.7507111803201008,0.7393617707278098,0.6402160901019415,1.4909028603889278,1.0,20151230_Oakland@Virginia,-1,14.5,166.0,0.8541874109149554,0.8490407968209405,0.811345258789174,1.1764412124925283,1.0,0.6412480394625371,0.6277483069576811,0.5194362893047528,0.12472313477963604,1,0.7539595687845289,1.3693369536392148,1.1652697743903035,0.5956469630314734
2015-12-31,2015-16,True,20151231_IdahoU@NorthDakota,1,7.5,123.0,0.7467466504506707,0.7370383084530803,0.6634526629294996,1.438685912850768,1.0,20151231_Drake@WichitaState,-1,14.5,149.0,0.8558111050808013,0.8514963853406811,0.811345258789174,1.1764412124925283,1.0,0.6390740761375753,0.6275854555054078,0.5382891724989014,0.08165166245540267,1,0.6925293997100774,1.3693369536392148,1.154635070697379,0.5810844702737483
2016-01-01,2015-16,True,20160101_DenverU@SouthDakotaSt,-1,15.0,147.5,0.85210197040392,0.8477528203311837,0.811345258789174,1.1764412124925283,1.0,20160101_USC@WashingtonState,1,8.5,141.0,0.7457644759503042,0.7392122077648255,0.6970526848510701,1.3693369536392148,1.0,0.6354673794145009,0.6266692339558718,0.56555039098018,0.023702632804481594,1,0.6109444260501429,1.1881749023776196,1.2914670009538383,0.534488677782244
2016-01-02,2015-16,True,20160102_AppalachianSt@ULLafayette,-1,13.5,177.0,0.8639601659366691,0.8561241471518372,0.7950870428409474,1.2004974909280999,1.0,20160102_VMI@Furman,1,6.5,127.0,0.7425771538847395,0.7308955065934871,0.6402160901019415,1.4909028603889278,1.0,0.641557081091039,0.6257372922394592,0.5090275178583462,0.14827499447984827,1,0.789825143114435,1.2004974909280999,1.4909028603889278,0.789825143114435
2016-01-03,2015-16,True,20160103_Rice@TexSanAntonio,-1,8.0,170.5,0.7595765175107059,0.7504846338002811,0.6897619160924896,1.3838108160671658,1.0,20160103_FlaAtlantic@FloridaIntl,1,14.0,111.5,0.8388659278957303,0.8330392824979456,0.7952534228228966,1.2002463272799617,1.0,0.6371828601694257,0.6251831808667195,0.548535524705432,0.05830583720537863,1,0.6609138496349025,1.227021875147875,1.2276550162425202,0.506359560064592
2016-01-04,2015-16,True,20160104_Virginia@VirginiaTech,-1,12.0,144.5,0.8332498588244125,0.8267195100138548,0.7597998399602606,1.2562519097791898,1.0,20160104_Rider@Quinnipiac,1,9.0,117.5,0.7637975285664448,0.7565581025813072,0.707874952863396,1.3484019969049494,1.0,0.6364341828484252,0.62546134386303,0.5378432758974853,0.07807659974683667,1,0.6939325837619159,1.2562519097791898,1.2914670009538383,0.622407886365062
2016-01-05,2015-16,True,20160105_Richmond@RhodeIsland,-1,7.0,149.5,0.7560927583901439,0.7466895899593521,0.6680593406803765,1.4287652935559612,1.0,20160105_OklahomaState@Baylor,-1,14.5,150.0,0.8422035760973804,0.8375432705700283,0.8033329083874604,1.1881749023776196,1.0,0.6367840249775119,0.6253848412751492,0.5366740531241762,0.08101924707366304,1,0.6976230631913851,1.532402104854352,1.1652697743903035,0.785661854998857
2016-01-06,2015-16,True,20160106_Evansville@WichitaState,-1,4.5,163.0,0.7505598739681458,0.734360318912122,0.5995837935473335,1.5919376245192793,1.0,20160106_OralRoberts@DenverU,-1,15.0,152.5,0.8568711105110545,0.8519269386335913,0.819123623539808,1.1652697743903035,0.0,0.6431330727121222,0.6256213383447918,0.491133249586236,0.19303551497019722,0,-1.0,1.0404037254237544,1.1445126694108785,-1.0
2016-01-07,2015-16,True,20160107_Cincinnati@SMU,-1,13.5,156.0,0.8426431378029478,0.8362421759922627,0.7866087461564436,1.2134368002694005,1.0,20160107_CharlotteU@SouthernMiss,1,9.0,121.5,0.7557337085805124,0.7482984930776334,0.6970526848510701,1.3693369536392148,1.0,0.6368138235417414,0.6257587601429713,0.5483077384356829,0.058132301894707306,1,0.6616038515146172,1.0861569700349316,1.2579654775600293,0.3663479715151472
2016-01-08,2015-16,True,20160108_IllinoisChicago@DetroitU,-1,10.5,169.0,0.7669757156980206,0.7620332238612684,0.731001870122588,1.3057422135458172,1.0,20160108_UtahU@Colorado,-1,14.5,161.0,0.8247641617537649,0.8205967618849697,0.8033329083874604,1.1881749023776196,1.0,0.6325740832431719,0.625321995949321,0.5872378583622512,-0.018592858145801805,1,0.5514501271101382,1.3429188373199754,1.1008008131468932,0.47828614811210923
2016-01-09,2015-16,True,20160109_No.Colorado@WeberState,-1,6.5,165.0,0.7439048057792254,0.7341231820500003,0.6569698226921417,1.45288256329436,1.0,20160109_ULMonroe@ArkansasLR,1,15.0,104.5,0.8584159738781103,0.8531716490282051,0.8120122648274841,1.1754748559158623,1.0,0.6385797683255803,0.6263330858194319,0.5334675536475566,0.09058372003201054,1,0.7078269217511066,1.478159306713841,1.153098814023539,0.7044637435095866
2016-01-10,2015-16,True,20160110_CentralFlorida@SMU,-1,13.5,157.0,0.8452614194664526,0.8401622504173977,0.7866087461564436,1.2134368002694005,0.0,20160110_Tulsa@Tulane,1,8.5,121.0,0.7525477019499044,0.7453430269906972,0.6860348582969074,1.3913287181493397,1.0,0.6360995387663931,0.6262090748894193,0.5396410197045438,0.0739201518188497,0,-1.0,1.1348791813087078,1.2914670009538383,-1.0
2016-01-11,2015-16,True,20160111_TennesseeChat@Wofford,-1,15.0,149.5,0.8427252272304785,0.8382866524917856,0.811345258789174,1.1764412124925283,1.0,20160111_Monmouth@Fairfield,-1,10.0,170.5,0.7528277292136449,0.7468614136007904,0.7209831501902414,1.3238866951996617,1.0,0.634426919166974,0.6260839542826895,0.5849662605737352,-0.011896017241618817,1,0.5574748689034164,1.1764412124925283,1.288446313939119,0.5157813438020658
2016-01-12,2015-16,True,20160112_Drake@Evansville,-1,7.5,151.0,0.7740979742422295,0.7650753521269876,0.67899340013792,1.4057574047201606,1.0,20160112_MississippiSt@Kentucky,-1,12.5,158.0,0.8247736973603701,0.8189055540949272,0.7689624166217132,1.2412830320022794,1.0,0.6384556483349362,0.6265244551579223,0.5221204058402488,0.11406859535843572,1,0.7449428135906964,1.2134368002694005,1.2719615225438652,0.5434449199814226
2016-01-13,2015-16,True,20160113_LaSalle@Richmond,-1,7.0,153.5,0.7480340783478535,0.7384094762521809,0.6569698226921417,1.45288256329436,1.0,20160113_Bradley@LoyolaChicago,1,14.5,99.0,0.8540691936463827,0.8495138239702128,0.8037579577892887,1.1875465626807884,1.0,0.6388728621145663,0.6272890578268322,0.5280447230162268,0.10228931913224848,1,0.7253656940190703,1.3057422135458172,1.164001679576356,0.5198861296610799
2016-01-14,2015-16,True,20160114_Wofford@TheCitadel,-1,7.0,179.5,0.7443233312458691,0.7337593041946944,0.6680593406803765,1.4287652935559612,1.0,20160114_Pacific@SaintMarysCA,-1,15.0,152.5,0.8628993023473804,0.8581107226992937,0.811345258789174,1.1764412124925283,1.0,0.6422760832529386,0.62964672680984,0.542026778650845,0.07957513316000675,1,0.6808583743182182,1.227021875147875,1.1348791813087078,0.3925215811156959
2016-01-15,2015-16,True,20160115_Siena@Quinnipiac,1,9.5,134.0,0.7541593188769752,0.747234967029475,0.707874952863396,1.3484019969049494,0.0,20160115_Niagara@Fairfield,-1,15.0,158.5,0.8450562686996018,0.840838682931021,0.819123623539808,1.1652697743903035,1.0,0.6373070600152099,0.6283040655170687,0.5798370964025358,0.0013700504800664426,0,-1.0,1.2742982527792241,1.1764412124925283,-1.0
2016-01-16,2015-16,True,20160116_MontanaState@No.Colorado,-1,8.0,175.5,0.7538988386325185,0.7439927870947477,0.67899340013792,1.4057574047201606,1.0,20160116_BostonCollege@Pittsburgh,-1,15.0,154.5,0.8508641271698314,0.8465434728114903,0.811345258789174,1.1764412124925283,1.0,0.6414654773074074,0.6298222377338875,0.5508980759510418,0.06084979833686366,1,0.6537909456793356,1.227021875147875,1.108693092907552,0.36039067782292156
2016-01-17,2015-16,True,20160117_OregonState@UtahU,-1,13.0,152.5,0.838852096124784,0.8326558361446463,0.7778997419137031,1.227021875147875,1.0,20160117_VMI@NCGreensboro,1,9.0,128.5,0.7590130660032662,0.752607569694636,0.707874952863396,1.3484019969049494,1.0,0.6366997014029389,0.6266630852328774,0.5506557431396105,0.05343159198655778,1,0.6545187466954501,1.1764412124925283,1.3095120960196411,0.5405639980149788
2016-01-18,2015-16,True,20160118_ArkansasLR@ArkansasState,1,9.5,124.0,0.7510992113719154,0.7457243761986921,0.707874952863396,1.3484019969049494,1.0,20160118_IllinoisChicago@ClevelandState,-1,15.0,145.5,0.8446201572738476,0.8407118034026897,0.811345258789174,1.1764412124925283,1.0,0.6343935340372101,0.6269392851553482,0.5743309868213263,0.006348410439279473,1,0.586315680166205,1.2914670009538383,1.2004974909280999,0.5504028942615209
2016-01-19,2015-16,True,20160119_Clemson@Virginia,-1,7.5,130.0,0.7623889490030239,0.7547602271044271,0.67899340013792,1.4057574047201606,0.0,20160119_HoustonU@SMU,-1,13.0,154.5,0.8335634272649026,0.8280993950787257,0.7778997419137031,1.227021875147875,1.0,0.6354995452398476,0.6250164874946577,0.5281887907283958,0.09617004321145983,0,-1.0,1.5046477047109694,1.1652697743903035,-1.0
2016-01-20,2015-16,True,20160120_IllinoisState@Bradley,1,7.0,109.5,0.7521560209627556,0.7433675105620385,0.6634526629294996,1.438685912850768,0.0,20160120_VirginiaTech@NotreDame,-1,13.5,168.0,0.8475477817232852,0.8416421509745171,0.7950870428409474,1.2004974909280999,1.0,0.6374881670767962,0.6256494305540062,0.5275026158335677,0.10103056613835948,0,-1.0,1.2742982527792241,1.1652697743903035,-1.0
2016-01-21,2015-16,True,20160121_No.Colorado@SouthernUtah,-1,8.0,168.5,0.7491050818602154,0.741238562238162,0.6897619160924896,1.3838108160671658,0.0,20160121_ArkansasLR@TexasState,1,15.0,98.5,0.8499744548975362,0.8454542870055515,0.8120122648274841,1.1754748559158623,1.0,0.6367201836151108,0.6266833201380854,0.5600951356780075,0.035711221030414686,0,-1.0,1.3628793853072376,1.0982294724726975,-1.0
2016-01-22,2015-16,True,20160122_Valparaiso@WrightState,1,11.0,112.5,0.7787083748390253,0.7741990678544867,0.7390819891604163,1.2914670009538383,1.0,20160122_RhodeIsland@GeoWashington,-1,12.5,150.0,0.812129102847815,0.8078243132200645,0.7778997419137031,1.227021875147875,1.0,0.6324117338380977,0.6254168302851648,0.5749316886209542,0.002156478507610027,1,0.584658261201981,1.213605040828772,1.1652697743903035,0.41417727212547817
2016-01-23,2015-16,True,20160123_TennesseeTech@EasternKentucky,-1,5.5,177.0,0.7440194238878037,0.7307298422299288,0.6343677639699399,1.5046477047109694,1.0,20160123_Bradley@WichitaState,1,15.0,103.5,0.8599427195510954,0.8560162462170764,0.8120122648274841,1.1754748559158623,1.0,0.6398140867769171,0.6255166165444601,0.5151144047547778,0.1316235279245721,1,0.7686755438992596,1.3429188373199754,1.114668879281608,0.49690983536161704
2016-01-24,2015-16,True,20160124_Quinnipiac@Rider,1,8.0,117.5,0.7518553543891444,0.7444574456612135,0.6860348582969074,1.3913287181493397,1.0,20160124_Providence@Villanova,1,14.0,118.5,0.8475958103232876,0.8428237806871662,0.8037579577892887,1.1875465626807884,1.0,0.6372694483493694,0.6274464389128946,0.5514059766769863,0.05293968542734162,1,0.6522676367973157,1.2914670009538383,1.0982294724726975,0.41832712317343046
2016-01-25,2015-16,True,20160125_Davidson@Richmond,-1,7.5,181.0,0.7534432840970787,0.7429862256133782,0.6680593406803765,1.4287652935559612,1.0,20160125_Duke@MiamiFlorida,-1,15.0,169.5,0.8468838540504298,0.8423529316244157,0.819123623539808,1.1652697743903035,1.0,0.6380789522445469,0.6258566253019887,0.5472231878777252,0.062335740551759056,1,0.6648970112786508,1.288446313939119,1.108693092907552,0.42849152884649655
2016-01-26,2015-16,True,20160126_Virginia@WakeForest,-1,8.0,149.5,0.7494769082895044,0.7417871213638485,0.67899340013792,1.4057574047201606,1.0,20160126_KansasState@WestVirginia,-1,15.0,152.5,0.8474783821196843,0.8432850017235269,0.811345258789174,1.1764412124925283,1.0,0.6351654776732522,0.6255379539178031,0.5508980759510418,0.05043091598411453,1,0.6537909456793356,1.3429188373199754,1.3238866951996617,0.7778723814609143
2016-01-27,2015-16,True,20160127_NorthernIowa@Bradley,1,9.0,106.5,0.757592200431755,0.7519901839242065,0.6970526848510701,1.3693369536392148,1.0,20160127_Missouri@Kentucky,-1,13.0,152.5,0.8364245653931207,0.8317621071994311,0.7866087461564436,1.2134368002694005,1.0,0.6336687269913487,0.6254769399740857,0.5483077384356829,0.05290639735318958,1,0.6616038515146172,1.2276550162425202,1.227021875147875,0.506359560064592
2016-01-28,2015-16,True,20160128_Richmond@GeoWashington,-1,9.0,162.5,0.7954266384429212,0.7862961332534144,0.7107652178778491,1.3429188373199754,0.0,20160128_TennesseeState@TennesseeTech,-1,11.0,160.5,0.8032996028601584,0.7956890385645157,0.7408147236510326,1.288446313939119,1.0,0.6389659027655894,0.6256472142954056,0.5265453384629447,0.1055891720045854,0,-1.0,1.1764412124925283,1.2562519097791898,-1.0
2016-01-29,2015-16,True,20160129_Canisius@Fairfield,-1,8.5,175.0,0.7519929693231862,0.743407924396915,0.6897619160924896,1.3838108160671658,1.0,20160129_KentState@Ohio,-1,14.5,168.0,0.8465197818533238,0.8412232965311887,0.811345258789174,1.1764412124925283,1.0,0.6365769243466968,0.6253720648285815,0.5596350603149775,0.03632945598932924,1,0.6279720743143316,1.2412830320022794,1.1257122188617084,0.3973274761906749
2016-01-30,2015-16,True,20160130_GeorgiaState@ArkansasLR,1,7.5,108.0,0.7419350925687734,0.7338300409016765,0.6634526629294996,1.438685912850768,1.0,20160130_Virginia@Louisville,-1,14.5,144.0,0.8578970198917348,0.8524044274089222,0.8033329083874604,1.1881749023776196,1.0,0.6365039048678491,0.6255199758302595,0.5329733572885603,0.08804645448714332,1,0.709410494053518,1.213605040828772,1.1764412124925283,0.42773498571964486
2016-01-31,2015-16,True,20160131_Richmond@St.Bonaventure,-1,6.0,169.5,0.7390053460312844,0.7279238248371198,0.6457355412671925,1.478159306713841,1.0,20160131_VirginiaTech@Pittsburgh,-1,15.0,166.5,0.8665619028216176,0.8611520496366291,0.819123623539808,1.1652697743903035,1.0,0.6403938788522178,0.6268530937378203,0.5289372364112219,0.1030492299293555,1,0.7224543618473649,1.2412830320022794,1.108693092907552,0.3762019239242711
2016-02-01,2015-16,True,20160201_SMU@HoustonU,-1,7.5,156.0,0.763499806916616,0.7546932375983638,0.67899340013792,1.4057574047201606,1.0,20160201_Texas@Baylor,-1,13.0,152.5,0.8343855884937295,0.8291606368041899,0.7866087461564436,1.2134368002694005,1.0,0.6370532357089694,0.6257619254788752,0.5341021471309897,0.08668398702081115,1,0.7057977671386484,1.1881749023776196,1.227021875147875,0.4579165967190302
2016-02-02,2015-16,True,20160202_Bradley@MissouriSt,1,11.0,109.5,0.7989944752631648,0.7935784172324298,0.7390819891604163,1.2914670009538383,1.0,20160202_UtahState@BoiseState,-1,11.0,164.5,0.7937581518808805,0.7879987965538539,0.7504157815175442,1.2719615225438652,1.0,0.6342083780479236,0.6253388377502668,0.5546187885013549,0.04181177688105797,1,0.6426963328484034,1.1875465626807884,1.2134368002694005,0.4410127011903009
2016-02-03,2015-16,True,20160203_GeorgeMason@Richmond,-1,12.0,163.5,0.8228778574480228,0.8165226182087325,0.7597998399602606,1.2562519097791898,1.0,20160203_NotreDame@MiamiFlorida,-1,9.0,161.5,0.7731148437951972,0.7659768655664394,0.7107652178778491,1.3429188373199754,1.0,0.6361790862234548,0.6254374357596274,0.5400392987929095,0.07326233558539053,1,0.6870443540616682,1.1764412124925283,1.2004974909280999,0.41231472382169176
2016-02-04,2015-16,True,20160204_MurrayState@SEMissouriSt,1,8.0,124.5,0.7413494441713941,0.7340740076139921,0.6748313149999106,1.4144275447563166,1.0,20160204_SouthFlorida@Cincinnati,-1,15.0,143.5,0.8624024830507869,0.858472014295265,0.819123623539808,1.1652697743903035,0.0,0.639341601461731,0.6301819919581815,0.5527702720208604,0.053756220553695,0,-1.0,1.2276550162425202,1.2134368002694005,-1.0
2016-02-05,2015-16,True,20160205_CentralMichigan@Akron,-1,10.0,156.5,0.76229971524044,0.757463895460497,0.731001870122588,1.3057422135458172,0.0,20160205_Rider@Niagara,1,15.0,112.5,0.8329550656093043,0.8292774093010944,0.8120122648274841,1.1754748559158623,1.0,0.6349614093220547,0.6281476968665959,0.593582484151369,-0.02541859745329811,0,-1.0,1.3057422135458172,1.1754748559158623,-1.0
2016-02-06,2015-16,True,20160206_IndianaState@Bradley,1,8.5,117.0,0.7742596602404497,0.7652852107819214,0.6860348582969074,1.3913287181493397,1.0,20160206_SouthAlabama@ArkansasLR,1,12.0,115.5,0.8242937000134576,0.8176668699017652,0.7587648604247582,1.2579654775600293,1.0,0.6382173601107628,0.6257483628821663,0.5205391435021717,0.11703578316589525,1,0.7502434953697175,1.2579654775600293,1.153098814023539,0.4505585002570247
2016-02-07,2015-16,True,20160207_SMU@SouthFlorida,-1,12.5,150.0,0.8430229407749473,0.8376754042262353,0.7778997419137031,1.227021875147875,0.0,20160207_Hofstra@JamesMadison,1,9.5,134.0,0.7538685191022508,0.7478341805630612,0.707874952863396,1.3484019969049494,1.0,0.6355284559312341,0.6264422994973577,0.5506557431396105,0.05149374439664012,0,-1.0,1.2004974909280999,1.24243004855844,-1.0
2016-02-08,2015-16,True,20160208_Quinnipiac@St.Peter's,1,8.0,111.5,0.7609482962156838,0.753299559053872,0.6860348582969074,1.3913287181493397,1.0,20160208_NotreDame@Clemson,-1,13.5,154.0,0.8352599414842057,0.8297286277503394,0.7866087461564436,1.2134368002694005,0.0,0.635589629369618,0.625034209418705,0.5396410197045438,0.07305927715470428,0,-1.0,1.24243004855844,1.1652697743903035,-1.0
2016-02-09,2015-16,True,20160209_VirginiaTech@Virginia,-1,8.5,143.0,0.767574145705671,0.7603857287806903,0.6897619160924896,1.3838108160671658,1.0,20160209_Pittsburgh@MiamiFlorida,-1,12.5,156.0,0.8279019060090362,0.8221110380223383,0.7689624166217132,1.2412830320022794,1.0,0.6354760982329827,0.6251215007852655,0.5304009898921042,0.09155785663960159,1,0.7177008854854001,1.288446313939119,1.2004974909280999,0.5467765670794711
2016-02-10,2015-16,True,20160210_Tulsa@SMU,-1,8.5,153.0,0.7592637676226918,0.7527835899661627,0.7003554461899976,1.3628793853072376,0.0,20160210_Nebraska@Wisconsin,-1,13.0,149.5,0.8356219655193847,0.8306216174279387,0.7866087461564436,1.2134368002694005,1.0,0.6344574818485271,0.6252783230709043,0.5509057193913506,0.049245481133742164,0,-1.0,1.288446313939119,1.154635070697379,-1.0
2016-02-11,2015-16,True,20160211_Pepperdine@SaintMarysCA,-1,14.0,149.5,0.8475686708532713,0.8425487906268169,0.7950870428409474,1.2004974909280999,1.0,20160211_CalSantaBarb@UCDavis,1,8.5,116.0,0.7516971497109264,0.7444556448346054,0.6860348582969074,1.3913287181493397,1.0,0.6371149540646823,0.6272402032307038,0.5454574267690965,0.06416459285679132,1,0.6702866351944918,1.1652697743903035,1.2914670009538383,0.504907460834001
2016-02-12,2015-16,True,20160212_Niagara@St.Peter's,1,11.0,111.5,0.7818345482050593,0.7773038438041001,0.7390819891604163,1.2914670009538383,1.0,20160212_Princeton@Cornell,-1,14.0,166.5,0.8099818739370411,0.8058589638757384,0.7950870428409474,1.2004974909280999,1.0,0.6332718124638538,0.6263972701846009,0.5876345131785606,-0.018173549101802133,1,0.5504028942615209,1.213605040828772,1.1764412124925283,0.42773498571964486
2016-02-13,2015-16,True,20160213_No.Colorado@E.Washington,-1,8.0,173.5,0.7675283179902129,0.7585930519561583,0.6897619160924896,1.3838108160671658,0.0,20160213_Rice@OldDominion,-1,12.5,155.0,0.8330669828360814,0.8266454018899084,0.7689624166217132,1.2412830320022794,1.0,0.6394025001093592,0.6270874583051907,0.5304009898921042,0.09830224061942494,0,-1.0,1.2719615225438652,1.1764412124925283,-1.0
2016-02-14,2015-16,True,20160214_Syracuse@BostonCollege,1,6.5,113.0,0.7498492107701253,0.7403836956958455,0.6519102431303875,1.4641586170154595,1.0,20160214_Bradley@IllinoisState,1,14.0,108.5,0.8512740596397183,0.8466189916567443,0.7952534228228966,1.2002463272799617,1.0,0.6383271817699233,0.6268228978891105,0.5184338522227473,0.12176491288815261,1,0.7573510026281134,1.2742982527792241,1.1754748559158623,0.4979055550794935
2016-02-15,2015-16,True,20160215_NCState@Virginia,-1,9.0,141.5,0.7875307132042185,0.7799727338093858,0.7003554461899976,1.3628793853072376,1.0,20160215_Wofford@NCGreensboro,-1,12.0,157.5,0.8087019178990578,0.8023850351940648,0.7597998399602606,1.2562519097791898,1.0,0.6368775981726643,0.625838449468055,0.5321299559304571,0.09041076549052485,1,0.7121198305909056,1.227021875147875,1.227021875147875,0.5055826820914073
2016-02-16,2015-16,True,20160216_Rutgers@Illinois,1,8.0,135.5,0.7435594911699751,0.7360279473376969,0.6748313149999106,1.4144275447563166,1.0,20160216_WakeForest@Pittsburgh,-1,14.5,166.0,0.8543472882699428,0.8493860963611921,0.811345258789174,1.1764412124925283,0.0,0.6352580349484467,0.6251719050019074,0.547521187907641,0.05706356118700451,0,-1.0,1.3913287181493397,1.1881749023776196,-1.0
2016-02-17,2015-16,True,20160217_VirginiaTech@MiamiFlorida,-1,15.0,159.5,0.8510372987304083,0.8464884354539661,0.811345258789174,1.1764412124925283,1.0,20160217_CalIrvine@CSFullerton,1,9.0,126.5,0.7476735542039518,0.7415580297967982,0.6970526848510701,1.3693369536392148,1.0,0.6362980819018946,0.6277202964410173,0.56555039098018,0.02504084834625453,1,0.6109444260501429,1.1445126694108785,1.3913287181493397,0.5923933452371166
2016-02-18,2015-16,True,20160218_ArkansasLR@GeorgiaState,1,12.0,104.5,0.8304312686156657,0.824418191153262,0.7682525073403385,1.24243004855844,1.0,20160218_St.Peter's@Quinnipiac,1,9.0,112.5,0.7665494748762127,0.7583560774204958,0.6970526848510701,1.3693369536392148,0.0,0.6365666528781257,0.6252025455970883,0.5355124728851494,0.08299426987150649,0,-1.0,1.153098814023539,1.2742982527792241,-1.0
2016-02-19,2015-16,True,20160219_DenverU@OralRoberts,-1,8.5,143.0,0.7570785719745747,0.7513591944206901,0.7003554461899976,1.3628793853072376,1.0,20160219_Richmond@VaCommonwealth,-1,15.0,164.5,0.8372511014713939,0.8331051498687548,0.811345258789174,1.1764412124925283,1.0,0.6338648682861027,0.6259612142731159,0.568230070733431,0.016305637028759534,1,0.6033474765319182,1.3838108160671658,1.1881749023776196,0.6442092812896989
2016-02-20,2015-16,True,20160220_UCDavis@CalSantaBarb,1,14.5,108.0,0.8555148041946562,0.8502038993211463,0.8037579577892887,1.1875465626807884,1.0,20160220_St.Josephs@Davidson,1,8.0,133.5,0.747210197673875,0.7381425337443605,0.6748313149999106,1.4144275447563166,1.0,0.6392493859552155,0.6275716604442461,0.5424010395965883,0.07374627878244189,1,0.6796985689363908,1.164001679576356,1.0172662623403017,0.18409963794047313
2016-02-21,2015-16,True,20160221_LaSalle@GeoWashington,-1,15.0,152.5,0.8748690292899789,0.8698932132399197,0.819123623539808,1.1652697743903035,1.0,20160221_Manhattan@Quinnipiac,1,7.0,127.5,0.7270995296693106,0.7195738391079809,0.6634526629294996,1.438685912850768,0.0,0.6361168597189899,0.6259523990650265,0.5434497493059466,0.0664226952971263,0,-1.0,1.1652697743903035,1.3693369536392148,-1.0
2016-02-22,2015-16,True,20160222_Virginia@MiamiFlorida,-1,9.5,135.0,0.7811986701198114,0.7747048225625258,0.7107652178778491,1.3429188373199754,1.0,20160222_IowaState@WestVirginia,-1,13.0,172.5,0.812483408182934,0.8075720374763659,0.7778997419137031,1.227021875147875,0.0,0.6347109579669199,0.6256299519995855,0.5529040795484158,0.0458708708117328,0,-1.0,1.45288256329436,1.1445126694108785,-1.0
2016-02-23,2015-16,True,20160223_Rutgers@MinnesotaU,1,8.5,134.0,0.7530231591399769,0.7467088360160176,0.6970526848510701,1.3693369536392148,1.0,20160223_Evansville@Bradley,1,15.0,113.5,0.8467622740308058,0.8428825765956028,0.8120122648274841,1.1754748559158623,1.0,0.6376316026312282,0.6293878676678843,0.566015329329996,0.026345318782777793,1,0.6096211582793218,1.4144275447563166,1.123548385474513,0.589177784281639
2016-02-24,2015-16,True,20160224_GeoWashington@Richmond,-1,12.5,162.0,0.8191540129056565,0.812776983824034,0.7689624166217132,1.2412830320022794,1.0,20160224_Georgia@Auburn,1,10.5,125.0,0.7767067532388096,0.7705060125328959,0.72889742897471,1.3095120960196411,1.0,0.6362424537664944,0.6262495528847704,0.5604947284537465,0.03419629478547126,1,0.6254751449909202,1.154635070697379,1.2276550162425202,0.41749353647117404
2016-02-25,2015-16,True,20160225_UTArlington@ArkansasLR,1,7.5,128.0,0.7476657607410405,0.7382910692982756,0.6634526629294996,1.438685912850768,1.0,20160225_CollCharleston@Northeastern,1,14.5,104.0,0.8542731054099842,0.8493555281013796,0.8120122648274841,1.1754748559158623,1.0,0.638710751236967,0.627071601056369,0.5387316994312084,0.08014873530095001,1,0.6911391161164375,1.2742982527792241,1.106236386776383,0.4096750948299468
2016-02-26,2015-16,True,20160226_Quinnipiac@Marist,1,8.0,129.5,0.7485060517673287,0.740997319504307,0.6860348582969074,1.3913287181493397,1.0,20160226_Harvard@Yale,-1,15.0,144.5,0.8474574285561374,0.8438089108201948,0.819123623539808,1.1652697743903035,1.0,0.6343270138894473,0.6252601410916132,0.5619473590027815,0.028417452039581015,1,0.6212733015006313,1.2914670009538383,1.2412830320022794,0.6030760746748711
2016-02-27,2015-16,True,20160227_Bradley@IndianaState,1,7.0,118.5,0.7578008376820472,0.7483041361830542,0.6634526629294996,1.438685912850768,1.0,20160227_CalIrvine@UCDavis,1,13.5,109.0,0.8433232065253073,0.8374927021343808,0.7864996995630236,1.213605040828772,1.0,0.639071032341588,0.6266992530302797,0.5218053200683394,0.11581577038531288,1,0.7459964760050355,1.2579654775600293,1.1427392935392502,0.43752658112371345
2016-02-28,2015-16,True,20160228_Quinnipiac@Siena,1,8.5,131.0,0.7597853399773385,0.7529840268188348,0.6970526848510701,1.3693369536392148,1.0,20160228_SaintLouis@St.Josephs,1,13.5,127.0,0.835640565842087,0.8300749889949044,0.7864996995630236,1.213605040828772,1.0,0.6349074514171856,0.6250332077749831,0.5482317272149656,0.05511093534852218,1,0.6618342295296655,1.3095120960196411,1.2742982527792241,0.6687089759510882
2016-02-29,2015-16,True,20160229_OklahomaState@IowaState,-1,9.5,158.0,0.7627993151827062,0.7582972738592552,0.7209831501902414,1.3238866951996617,1.0,20160229_Kansas@Texas,-1,14.0,155.5,0.8288827494506636,0.8250327962537416,0.8033329083874604,1.1881749023776196,1.0,0.6322711936477249,0.6256201202436905,0.5791894909406798,-0.005431756835123425,1,0.5730089448278874,1.2412830320022794,1.2134368002694005,0.5062185105815458
2016-03-01,2015-16,True,20160301_ArkansasState@ArkansasLR,1,13.0,124.5,0.8316825066370639,0.8260795628150431,0.7774985540493576,1.2276550162425202,1.0,20160301_TexasState@UTArlington,1,9.0,128.5,0.7643288603195569,0.7578544513860273,0.707874952863396,1.3484019969049494,1.0,0.6356789424456194,0.6260480738784038,0.5503717522990476,0.05228542452335527,1,0.6553724754117922,1.1754748559158623,1.3095120960196411,0.5392985423887666
2016-03-02,2015-16,True,20160302_BostonCollege@NCState,1,13.0,122.5,0.8363125154449038,0.8312967344971028,0.7864996995630236,1.213605040828772,1.0,20160302_Tulane@CentralFlorida,1,9.0,126.5,0.7590931113237002,0.7521967615670155,0.6970526848510701,1.3693369536392148,1.0,0.634839069388022,0.6252987115899559,0.5482317272149656,0.05499729575177348,1,0.6618342295296655,1.213605040828772,1.3095120960196411,0.5892304807556874
2016-03-03,2015-16,True,20160303_SouthAlabama@UTArlington,1,7.0,139.5,0.7452028589019032,0.7348977805812307,0.6519102431303875,1.4641586170154595,1.0,20160303_Bradley@LoyolaChicago,1,14.0,99.5,0.857078849003842,0.8515717554246981,0.7952534228228966,1.2002463272799617,1.0,0.6386976085820156,0.6258181930672733,0.5184338522227473,0.12241588281778348,1,0.7573510026281134,1.3284757317183682,1.106236386776383,0.46960819337623905
2016-03-04,2015-16,True,20160304_BallState@NoIllinois,1,8.5,122.0,0.7617942029841775,0.7540589372369385,0.6970526848510701,1.3693369536392148,1.0,20160304_IndianaState@IllinoisState,1,14.0,122.5,0.8355167980933806,0.8300609386185662,0.7952534228228966,1.2002463272799617,0.0,0.6364918532834389,0.6259148692166117,0.5543335335157034,0.04610087038416344,0,-1.0,1.2002463272799617,1.1754748559158623,-1.0
2016-03-05,2015-16,True,20160305_Providence@St.Johns,1,7.0,134.5,0.7617152327163595,0.7506736755912955,0.6634526629294996,1.438685912850768,1.0,20160305_UNLV@SanDiegoState,1,12.0,120.5,0.8408593119617458,0.8328113911706607,0.7682525073403385,1.24243004855844,1.0,0.6404953464926592,0.6251695880843801,0.5096991717972125,0.14486404479595238,1,0.7874666085635236,1.3095120960196411,1.2276550162425202,0.6076290935087691
2016-03-06,2015-16,True,20160306_Temple@Tulane,1,6.5,124.0,0.7425421559779769,0.7321490102918276,0.6402160901019415,1.4909028603889278,0.0,20160306_CentralFlorida@Connecticut,1,15.0,118.5,0.8584580626409187,0.8543697352015373,0.8200159989007876,1.164001679576356,0.0,0.637441300650065,0.6255259560510963,0.5249874366373002,0.10622419626549506,0,-1.0,1.3484019969049494,1.1754748559158623,-1.0
2016-03-07,2015-16,True,20160307_DenverU@SouthDakotaSt,-1,11.5,142.0,0.8117094472040404,0.8056865521776754,0.7504157815175442,1.2719615225438652,1.0,20160307_MiamiOhio@BallState,1,9.5,114.0,0.7826501316057058,0.7762110208695528,0.7184926131585145,1.3284757317183682,0.0,0.635284505679837,0.6253827811667036,0.5391681958179292,0.07348470829741904,0,-1.0,1.2134368002694005,1.24243004855844,-1.0
2016-03-08,2015-16,True,20160308_No.Colorado@PortlandState,-1,7.5,173.0,0.7472090446087934,0.7374950918177966,0.6680593406803765,1.4287652935559612,1.0,20160308_NorthernArizona@E.Washington,-1,15.0,174.5,0.8540449420899295,0.8489519530589132,0.819123623539808,1.1652697743903035,1.0,0.6381501052319886,0.626097898570081,0.5472231878777252,0.062454202947894055,1,0.6648970112786508,1.2719615225438652,1.093294754163176,0.39062886009461395
2016-03-09,2015-16,True,20160309_SaintLouis@GeorgeMason,1,7.0,125.5,0.7578724775640108,0.7475916283868053,0.6634526629294996,1.438685912850768,1.0,20160309_AirForce@UNLV,1,13.5,130.0,0.8433356394809304,0.8369387089174,0.7952534228228966,1.2002463272799617,1.0,0.6391408705114421,0.6256883722595095,0.52761300107565,0.10365406366964369,1,0.7267774830085534,1.3284757317183682,1.1875465626807884,0.5776267888069933
2016-03-10,2015-16,True,20160310_Tulane@CentralFlorida,1,7.5,126.0,0.7556732437545958,0.7457781273984452,0.6634526629294996,1.438685912850768,1.0,20160310_UCDavis@CalSantaBarb,1,13.0,107.5,0.8450067146717805,0.8382911002131926,0.7774985540493576,1.2276550162425202,1.0,0.6385489650704385,0.6251791669317771,0.5158334861078818,0.12781155336296912,1,0.7662099777086946,1.3913287181493397,1.153098814023539,0.6043394948148944
2016-03-11,2015-16,True,20160311_MiamiFlorida@Virginia,-1,12.0,138.5,0.8294505426305184,0.8231704857812829,0.7597998399602606,1.2562519097791898,0.0,20160311_Nevada@SanDiegoState,1,9.5,114.0,0.7658527550919607,0.759272887807723,0.707874952863396,1.3484019969049494,1.0,0.6352369832861043,0.6250110318972408,0.5378432758974853,0.07604862439895577,0,-1.0,1.2134368002694005,1.1754748559158623,-1.0
2016-03-12,2015-16,True,20160312_Connecticut@Temple,1,10.0,117.5,0.783573864546848,0.7775515727425488,0.72889742897471,1.3095120960196411,1.0,20160312_Tulane@MemphisU,1,12.5,131.0,0.8090583528605577,0.8038619036282458,0.7682525073403385,1.24243004855844,0.0,0.6339569801948546,0.6250440874339618,0.5599772774037473,0.031433538005744444,0,-1.0,1.3095120960196411,1.2742982527792241,-1.0
2016-03-13,2015-16,True,20160313_MemphisU@Connecticut,1,14.0,125.5,0.828966988280942,0.8245902170203705,0.7952534228228966,1.2002463272799617,1.0,20160313_St.Josephs@VaCommonwealth,1,10.5,136.0,0.7637566636557717,0.7586441028281913,0.72889742897471,1.3095120960196411,1.0,0.6331290612502254,0.6255705053923225,0.5796581752789473,-0.004887575616570383,1,0.5717370837762588,1.24243004855844,1.2579654775600293,0.5629341093697484
2016-03-15,2015-16,True,20160315_NewMexicoState@SaintMarysCA,-1,14.0,139.5,0.8642170396267794,0.8596839720678026,0.8033329083874604,1.1881749023776196,1.0,20160315_Mercer@CoastalCarolina,1,7.5,129.0,0.7366819427308231,0.7290908476888447,0.6748313149999106,1.4144275447563166,0.0,0.6366530876933366,0.6267877159394273,0.5421142029498126,0.06995109999310989,0,-1.0,1.3429188373199754,1.213605040828772,-1.0
2016-03-16,2015-16,True,20160316_UTArlington@SavannahState,1,6.0,129.5,0.7413775891717027,0.730222817535956,0.6402160901019415,1.4909028603889278,1.0,20160316_Montana@Nevada,1,15.0,120.5,0.8622285037617381,0.8566971716434725,0.8200159989007876,1.164001679576356,1.0,0.6392368894340018,0.6255798224525809,0.5249874366373002,0.10934028516232086,1,0.7354134335779052,1.3693369536392148,1.106236386776383,0.5148103638732244
2016-03-17,2015-16,True,20160317_Hampton@Virginia,-1,11.5,145.0,0.834139635542582,0.8284487769675323,0.7597998399602606,1.2562519097791898,1.0,20160317_StonyBrook@Kentucky,-1,9.0,152.5,0.7623502521692633,0.7556412700383678,0.7003554461899976,1.3628793853072376,1.0,0.6359065615002648,0.6260100859894786,0.5321299559304571,0.08874823434747858,1,0.7121198305909056,1.1652697743903035,1.3429188373199754,0.5648627305883365
2016-03-18,2015-16,True,20160318_Cincinnati@St.Josephs,1,8.5,128.0,0.753326447617262,0.7455310372026885,0.6860348582969074,1.3913287181493397,1.0,20160318_Temple@Iowa,1,14.0,124.5,0.8438323968623376,0.8387332249791741,0.8037579577892887,1.1875465626807884,1.0,0.6356812619126644,0.6253016511550796,0.5514059766769863,0.05031557637677353,1,0.6522676367973157,1.3693369536392148,1.164001679576356,0.5939105139420167
2016-03-19,2015-16,True,20160319_Butler@Virginia,-1,14.0,145.5,0.8583521119083485,0.8528534012541131,0.7950870428409474,1.2004974909280999,0.0,20160319_NewHampshire@CoastalCarolina,1,8.0,130.5,0.7442440260194705,0.7361609307075682,0.6748313149999106,1.4144275447563166,1.0,0.6388234315089844,0.627837353624343,0.5365496346597468,0.08473286692261395,0,-1.0,1.154635070697379,1.4909028603889278,-1.0
2016-03-20,2015-16,True,20160320_TennMartin@BallState,1,8.5,128.0,0.7675881490470612,0.7587881948005976,0.6860348582969074,1.3913287181493397,1.0,20160320_Florida@OhioState,1,12.5,127.0,0.8322408746445267,0.8256875758928368,0.7774985540493576,1.2276550162425202,1.0,0.6388182325296995,0.626521985181007,0.5333911103533014,0.09114733170166178,1,0.7080716800783124,1.4144275447563166,1.213605040828772,0.7165563982033294
2016-03-21,2015-16,True,20160321_WashingtonU@SanDiegoState,1,8.0,140.5,0.750826277741472,0.7419959260405827,0.6748313149999106,1.4144275447563166,1.0,20160321_GeorgiaTech@SouthCarolina,1,15.0,129.5,0.8486667873183866,0.8445243173460613,0.8200159989007876,1.164001679576356,1.0,0.6372013249650778,0.6266336029129816,0.5533724748591837,0.049085736662259905,1,0.6463960377354139,1.3484019969049494,1.123548385474513,0.5149948865931653
2016-03-22,2015-16,True,20160322_SaintMarysCA@Valparaiso,1,15.0,113.5,0.8407932180019909,0.8371805598971999,0.8120122648274841,1.1754748559158623,0.0,20160322_Creighton@BYU,1,10.0,151.5,0.7538313533521662,0.7492197410437774,0.72889742897471,1.3095120960196411,1.0,0.6338162894157637,0.6272322022930646,0.5918736521286845,-0.024367509560058287,0,-1.0,1.0638940441587403,1.1754748559158623,-1.0
2016-03-23,2015-16,True,20160323_BallState@Columbia,1,8.5,127.0,0.7529842664964325,0.7459168329077481,0.6860348582969074,1.3913287181493397,1.0,20160323_GeorgiaTech@SanDiegoState,1,14.5,117.0,0.8459465531323805,0.8415028035484472,0.8037579577892887,1.1875465626807884,1.0,0.6369844448055709,0.6276911061058487,0.5514059766769863,0.052468783295550825,1,0.6522676367973157,1.2579654775600293,1.106236386776383,0.39160718458543387
2016-03-24,2015-16,True,20160324_MiamiFlorida@Villanova,-1,14.5,157.0,0.8421956007759871,0.8380240476260007,0.811345258789174,1.1764412124925283,0.0,20160324_TexasA&M@Oklahoma,1,10.0,135.5,0.7517999874329071,0.7464679612991179,0.7184926131585145,1.3284757317183682,1.0,0.6331626420794367,0.6255581023510156,0.5829455751612048,-0.010446821814451224,0,-1.0,1.1169903566026125,1.3284757317183682,-1.0
2016-03-25,2015-16,True,20160325_IowaState@Virginia,-1,9.5,150.0,0.7652442093167688,0.7598146375558444,0.7107652178778491,1.3429188373199754,0.0,20160325_Gonzaga@Syracuse,1,14.0,121.5,0.8286846814666666,0.8248111853044714,0.8037579577892887,1.1875465626807884,1.0,0.6341461538418778,0.6267036118141234,0.5712831999891588,0.011322746631131642,0,-1.0,1.3238866951996617,1.1875465626807884,-1.0
2016-03-26,2015-16,True,20160326_Villanova@Kansas,-1,15.0,159.5,0.8200294055733275,0.8165238885455242,0.811345258789174,1.1764412124925283,1.0,20160326_Oklahoma@Oregon,1,12.5,139.0,0.7700591758589854,0.7666244478889757,0.7682525073403385,1.24243004855844,1.0,0.6314711682359303,0.625967175244372,0.6233180293834787,-0.07701274792012291,1,0.4616459127632422,1.1881749023776196,1.2002463272799617,0.42610256274496505
2016-03-27,2015-16,True,20160327_CalIrvine@CoastalCarolina,1,8.5,128.0,0.7500298214174289,0.7425590654003594,0.6860348582969074,1.3913287181493397,0.0,20160327_NotreDame@NorthCarolina,-1,14.5,170.0,0.8479128066893955,0.8433175783478644,0.8033329083874604,1.1881749023776196,1.0,0.6359598909787982,0.6262131128136845,0.5511143779708338,0.05133191951433669,0,-1.0,1.6118291006007883,1.1445126694108785,-1.0
2016-03-28,2015-16,True,20160328_Nevada@MoreheadState,1,11.0,130.5,0.7888947288733459,0.7830858724106369,0.7390819891604163,1.2914670009538383,1.0,20160328_NoIllinois@CalSantaBarb,1,11.5,125.0,0.803989673711296,0.7985728907165993,0.7587648604247582,1.2579654775600293,1.0,0.6342632156594427,0.6253511488102923,0.560789442347756,0.03043727791564188,1,0.6246209026079139,1.1875465626807884,1.2579654775600293,0.49389257884750926
2016-03-29,2015-16,True,20160329_BYU@Valparaiso,1,9.5,138.0,0.7558083170615846,0.7493428001121278,0.707874952863396,1.3484019969049494,1.0,20160329_CalIrvine@Columbia,1,15.0,124.5,0.8409848369147981,0.8370001879174875,0.8200159989007876,1.164001679576356,1.0,0.6356233342628848,0.6272000645084673,0.5804687865691256,-0.00236236047162941,1,0.5695421891414734,1.2742982527792241,1.153098814023539,0.4693918039919913
2016-03-30,2015-16,True,20160330_OldDominion@Oakland,-1,11.5,158.0,0.7724782585453606,0.7685910855803536,0.7504157815175442,1.2719615225438652,1.0,20160330_MoreheadState@Nevada,1,15.0,133.5,0.8202364878894189,0.8167311899732984,0.8120122648274841,1.1754748559158623,1.0,0.6336148537601811,0.6277323119289114,0.6093468183123475,-0.05264518354619907,1,0.49515878744277075,1.227021875147875,1.213605040828772,0.48911993288663314
2016-04-02,2015-16,True,20160402_Syracuse@NorthCarolina,-1,10.5,158.0,0.7679058777378801,0.7642141295365233,0.7408147236510326,1.288446313939119,1.0,20160402_Villanova@Oklahoma,-1,15.0,164.5,0.8241436820293891,0.8205881683386657,0.819123623539808,1.1652697743903035,1.0,0.6328647775309064,0.6271050727749035,0.6068188408086754,-0.049824704992854296,1,0.5013875455578554,1.1445126694108785,1.0729183321020437,0.22796862433397735
2016-11-20,2016-17,True,20161120_RhodeIsland@Duke,-1,15.0,167.5,0.8302087526882417,0.8268127122423291,0.8149417798162114,1.1712493133132311,1.0,20161120_Delaware@AustinPeay,1,11.5,135.0,0.7644304668966119,0.760034864628294,0.7509303440652456,1.2710899320337852,1.0,0.6346368644391264,0.6284064878220511,0.6119645111105313,-0.055175984479043816,1,0.48876321005393253,1.1605149067911837,1.3865485902811254,0.6091103080115474
2016-11-21,2016-17,True,20161121_Creighton@Mississippi,-1,10.0,177.5,0.7694172516169764,0.7635198621019489,0.7272055946108481,1.3125586588903853,1.0,20161121_NCState@St.Josephs,-1,15.0,170.5,0.8239847260345867,0.8197875503302099,0.8071756905076376,1.1825182686060693,1.0,0.633988063279899,0.6259240773810163,0.5869826779710285,-0.015971535470179266,1,0.5521245927549627,1.3125586588903853,1.1712493133132311,0.5373334279086992
2016-11-22,2016-17,True,20161122_NorthernArizona@UNLV,1,5.5,138.0,0.7580027816375291,0.7446741721267035,0.619076196897143,1.5418134387722007,1.0,20161122_Tennessee@Oregon,-1,14.5,167.0,0.8472290850304227,0.8428627231551676,0.8071756905076376,1.1825182686060693,1.0,0.642202003137279,0.6276581005820333,0.4997032567072936,0.1708771789964636,1,0.8232225581304726,1.9752309292966201,1.233462347993968,1.4363729798805163
2016-11-23,2016-17,True,20161123_St.Bonaventure@Pepperdine,-1,7.0,168.5,0.7384392191116635,0.7293405421104938,0.6537546785786903,1.4600277921913334,1.0,20161123_CollCharleston@Villanova,1,15.0,111.5,0.8637268484297598,0.8595349704776891,0.8132510661881939,1.1736842897407525,0.0,0.63780977948025,0.6268937013311251,0.5316666893796399,0.0929582891896874,0,-1.0,1.1140495796018606,1.1414236640002497,-1.0
2016-11-24,2016-17,True,20161124_LSU@OldDominion,1,13.5,119.0,0.8222168773966576,0.8174345328558252,0.7880213683921314,1.2112615701621765,1.0,20161124_Vanderbilt@Butler,1,10.0,131.5,0.7709927052575011,0.7654510679317816,0.7309607071201958,1.3058157445432241,1.0,0.6339232146124242,0.6257061361388084,0.5760126566657366,0.002666477783490162,1,0.5816844290779173,1.1980960976816502,1.2880192779949877,0.5431708707045313
2016-11-25,2016-17,True,20161125_SMU@USC,1,8.5,132.0,0.7593518043540044,0.7510693226414837,0.6883999642641253,1.3865485902811254,1.0,20161125_TexasState@TexSanAntonio,1,13.5,123.0,0.8379284527296887,0.8325459969916434,0.796680668476414,1.1980960976816502,0.0,0.6362824824998482,0.6252997580283924,0.5484349437090829,0.05700420268854711,0,-1.0,1.4584802687217613,1.1980960976816502,-1.0
2016-11-26,2016-17,True,20161126_WesternKentucky@UNLV,1,6.0,137.5,0.7506323924981204,0.7399343704950827,0.6427992997328897,1.484911387421603,0.0,20161126_Virginia@Providence,1,14.5,102.0,0.8511552752482388,0.8476032882001524,0.8050907811486766,1.185580585878963,1.0,0.6389047206469817,0.6271708054839419,0.5175117903437745,0.12478033240432063,0,-1.0,1.60453741473382,1.1623778488956678,-1.0
2016-11-27,2016-17,True,20161127_Stanford@SetonHall,-1,8.0,154.5,0.769646195451142,0.7617599417982295,0.6862724727917444,1.3908469854795584,1.0,20161127_Wofford@Colorado,1,11.5,125.0,0.8273535316267968,0.8220612848546947,0.7605654801012544,1.2549872758791618,1.0,0.6367694979096302,0.6262133565054899,0.5219551527491281,0.11147814634515152,1,0.7454952694717352,1.2197909038435868,1.2251091942516112,0.49437705136326127
2016-11-28,2016-17,True,20161128_Tulsa@OralRoberts,1,8.0,133.5,0.7609116363206062,0.7529313403593807,0.6883999642641253,1.3865485902811254,1.0,20161128_BoiseState@Oregon,1,14.5,126.0,0.8346526314984922,0.8312341861938389,0.8050907811486766,1.185580585878963,1.0,0.6350968995928177,0.6258622699634662,0.5542244649721257,0.04401362201748782,1,0.6438650900151468,1.3865485902811254,1.2549872758791618,0.7401008381910017
2016-11-29,2016-17,True,20161129_Davidson@Mercer,1,7.5,127.0,0.7685903144626696,0.7586525693654411,0.6659391037464788,1.4333142394403913,1.0,20161129_No.Colorado@Oklahoma,1,11.5,133.0,0.8328028707879589,0.8254348285095996,0.7509303440652456,1.2710899320337852,1.0,0.6400842203443313,0.62621825349253,0.5000738803028446,0.16615107011188512,1,0.8218712991933435,1.2396726705832914,1.2112615701621765,0.5015678654578561
2016-11-30,2016-17,True,20161130_WiscGreenBay@KansasState,1,5.5,140.0,0.7325530745693166,0.7212780143802029,0.619076196897143,1.5418134387722007,1.0,20161130_OhioState@Virginia,1,14.5,106.0,0.87499748796905,0.8701231212207264,0.8132510661881939,1.1736842897407525,1.0,0.6409821000521562,0.6276006771403901,0.5034643771783338,0.15992262533638923,1,0.8096022107980974,1.4584802687217613,1.1623778488956678,0.6953051574135762
2016-12-01,2016-17,True,20161201_Columbia@SetonHall,-1,10.5,161.0,0.8018023270965525,0.795444825840692,0.7272055946108481,1.3125586588903853,0.0,20161201_OralRoberts@Oakland,1,10.5,144.0,0.7919232776530241,0.7857327317770558,0.7309607071201958,1.3058157445432241,1.0,0.634965926904124,0.6250070359857314,0.531558715658508,0.0883060492185963,0,-1.0,1.2197909038435868,1.3441811914988124,-1.0
2016-12-02,2016-17,True,20161202_Duquesne@Pittsburgh,1,8.5,141.0,0.7505948550599281,0.7440609329716403,0.6883999642641253,1.3865485902811254,0.0,20161202_Alabama@Texas,1,14.5,112.0,0.8456220991733613,0.8411093833744768,0.8050907811486766,1.185580585878963,1.0,0.6347195969645012,0.6258366325248144,0.5542244649721257,0.043393387398427574,0,-1.0,1.484911387421603,1.1317236042799086,-1.0
2016-12-03,2016-17,True,20161203_MoreheadState@Purdue,-1,13.0,155.5,0.852900010296298,0.8467693302287593,0.7738379704515049,1.233462347993968,1.0,20161203_Mercer@GeorgeMason,1,6.5,122.0,0.7488093930410434,0.7393309257142942,0.6544483463163621,1.4584802687217613,1.0,0.6386595390346707,0.6260427527845015,0.5064369800787972,0.1489360547933707,1,0.798980496760417,1.1502908497295328,1.484911387421603,0.708079981610255
2016-12-04,2016-17,True,20161204_FloridaIntl@SouthCarolina,1,6.0,120.5,0.7770523784082543,0.7646256076941546,0.6310042704867119,1.5126680509844512,1.0,20161204_Davidson@CollCharleston,1,10.0,118.5,0.8281681157270928,0.8189676185544852,0.7206375319855596,1.3245216320749815,1.0,0.6435300040476198,0.6262036130190578,0.45472536015589254,0.28935197603486573,1,1.0035615556776065,1.4584802687217613,1.2396726705832914,0.8080381297193424
2016-12-05,2016-17,True,20161205_Connecticut@Syracuse,1,9.5,121.0,0.7910194037109228,0.7846363075231876,0.7206375319855596,1.3245216320749815,0.0,20161205_CSNorthridge@St.Johns,-1,11.0,179.5,0.8037188696382673,0.7971283310802632,0.7369542010401093,1.29519581902492,1.0,0.6357572210124791,0.6254558303209387,0.5310768566239343,0.09065097275986367,0,-1.0,1.3865485902811254,1.0842908884396165,-1.0
2016-12-06,2016-17,True,20161206_EastCarolina@Virginia,1,8.0,107.5,0.7811977300493238,0.7741606304321631,0.6883999642641253,1.3865485902811254,1.0,20161206_CalIrvine@Arizona,1,11.0,116.5,0.8141084675747685,0.8088529170347345,0.7509303440652456,1.2710899320337852,1.0,0.6359796868833427,0.6261820841785042,0.5169404220193624,0.12086837794632,1,0.7624279533819764,1.4333142394403913,1.5126680509844512,1.1681286570225575
2016-12-07,2016-17,True,20161207_Butler@IndianaState,1,6.5,128.0,0.7414370895097957,0.7314815995411952,0.6427992997328897,1.484911387421603,1.0,20161207_SoIllinois@Louisville,1,14.5,122.0,0.8600978893962881,0.8556216720728638,0.8050907811486766,1.185580585878963,1.0,0.637708475807502,0.6258715092899704,0.5175117903437745,0.12267436476203364,1,0.7604821126776478,1.3648407083559793,1.1736842897407525,0.6018920973960529
2016-12-08,2016-17,True,20161208_UTArlington@SaintMarysCA,1,11.0,124.5,0.7927293083819841,0.7886267348341641,0.7509303440652456,1.2710899320337852,0.0,20161208_Vanderbilt@MiddleTennSt,1,12.5,119.0,0.7966805116603731,0.7928155405757698,0.7699613153130884,1.2396726705832914,0.0,0.6315519910099328,0.625235531090052,0.5781873154249866,-0.004841138871253037,0,-1.0,1.1736842897407525,1.2112615701621765,-1.0
2016-12-10,2016-17,True,20161210_Cincinnati@Butler,1,9.0,117.5,0.7790696369326321,0.7712915643450117,0.6993490113214342,1.3648407083559793,1.0,20161210_OklahomaState@Tulsa,-1,12.0,172.5,0.8185454460898496,0.8116468399149519,0.7558272683787959,1.2628546758406127,1.0,0.6377039034980785,0.6260163608536885,0.5285870528704912,0.09914355947783515,1,0.7235954703249625,1.2396726705832914,1.1825182686060693,0.465935580056416
2016-12-11,2016-17,True,20161211_Delaware@Yale,1,7.5,117.0,0.7819807975033265,0.7723411952708065,0.6659391037464788,1.4333142394403913,1.0,20161211_Alabama@Oregon,1,10.5,118.0,0.8172591029185217,0.8093371605473837,0.7309607071201958,1.3058157445432241,1.0,0.6390809250670788,0.625084429954247,0.48677531817351555,0.19613217111297176,1,0.8716443007392596,1.2112615701621765,1.1980960976816502,0.451207760483052
2016-12-12,2016-17,True,20161212_Pennsylvania@CentralFlorida,1,9.5,120.0,0.768123907963091,0.7622546630606339,0.7100977204834243,1.3441811914988124,0.0,20161212_SouthCarolina@SetonHall,1,14.0,123.5,0.8268419586072633,0.8224883946270509,0.796680668476414,1.1980960976816502,1.0,0.6351170765132674,0.6269456141177244,0.5657211266383122,0.022829529306506835,0,-1.0,1.3058157445432241,1.2880192779949877,-1.0
2016-12-13,2016-17,True,20161213_CalRiverside@SantaClara,1,6.5,122.0,0.7455181444658605,0.7364229399757666,0.6427992997328897,1.484911387421603,1.0,20161213_Montana@Oregon,1,14.0,120.5,0.8534975486167531,0.8488513024534554,0.8050907811486766,1.185580585878963,1.0,0.6362979087509223,0.6251135717550322,0.5175117903437745,0.12019108669019274,1,0.7604821126776478,1.3648407083559793,1.06976080638142,0.4600530967530807
2016-12-14,2016-17,True,20161214_SaintLouis@SoIllinois,1,7.0,127.5,0.7481061788452469,0.7391302363033133,0.6544483463163621,1.4584802687217613,0.0,20161214_CalSantaBarb@UCLA,-1,15.0,178.5,0.8519923697103707,0.8478795370901447,0.8071756905076376,1.1825182686060693,1.0,0.6373807561093323,0.6266934026061826,0.5282547958394911,0.09927756337902194,0,-1.0,1.8785424692718353,1.1825182686060693,-1.0
2016-12-15,2016-17,True,20161215_CollCharleston@EastCarolina,1,7.0,111.5,0.774524831886601,0.7640639505055864,0.6544483463163621,1.4584802687217613,0.0,20161215_GeorgiaSouthern@FloridaIntl,1,11.0,126.5,0.8277907736043789,0.819827490904701,0.7509303440652456,1.2710899320337852,1.0,0.641144509763211,0.6264006314337285,0.4914451218722768,0.18859189520637232,0,-1.0,1.3245216320749815,1.1137555628987994,-1.0
2016-12-16,2016-17,True,20161216_FlaAtlantic@MiamiFlorida,1,14.5,121.0,0.8577765252951407,0.8538729203362373,0.8132510661881939,1.1736842897407525,1.0,20161216_SouthDakota@PortlandU,1,8.5,139.0,0.7394530221196918,0.7333558575102391,0.6883999642641253,1.3865485902811254,1.0,0.63428544393282,0.6261927076979534,0.5598420049017144,0.03221729151367869,1,0.6273702973751443,1.2549872758791618,1.2549872758791618,0.5749930626185995
2016-12-17,2016-17,True,20161217_UNLV@Oregon,1,7.5,135.0,0.7771742054394515,0.7678012426534335,0.6772599450584209,1.4093554579219418,1.0,20161217_IowaState@Drake,1,10.5,124.0,0.8220477565851785,0.8151137244489718,0.7410603368342709,1.2880192779949877,1.0,0.6388743120573697,0.625845330535789,0.5018904830093531,0.15973384415388203,1,0.8152769993509148,1.3441811914988124,1.1137555628987994,0.4970892795757387
2016-12-18,2016-17,True,20161218_Fordham@Rutgers,1,13.0,115.5,0.8315205145950894,0.8259862535519654,0.7791142246574032,1.2251091942516112,1.0,20161218_Elon@St.Peter's,1,8.5,128.0,0.7643811625312347,0.7573163176764245,0.6993490113214342,1.3648407083559793,0.0,0.6355986176147649,0.6255328679913199,0.5448727627206207,0.06277103769794135,0,-1.0,1.1414236640002497,1.3865485902811254,-1.0
2016-12-19,2016-17,True,20161219_CollCharleston@LSU,1,8.5,122.0,0.7534610642491832,0.7471409177451456,0.6883999642641253,1.3865485902811254,1.0,20161219_Samford@FloridaState,-1,13.5,169.0,0.8427360962844511,0.8381253183431381,0.7909595622111344,1.206762071795032,1.0,0.6349688359876847,0.6261977195323345,0.5444965343605132,0.062451603709347436,1,0.673234249452132,1.2549872758791618,1.278639722934754,0.604676582716773
2016-12-20,2016-17,True,20161220_E.Washington@Xavier,-1,14.0,162.5,0.8505744747755085,0.8464129336662005,0.7909595622111344,1.206762071795032,1.0,20161220_Georgia@GeorgiaTech,1,8.0,124.5,0.7490068264277058,0.7421452093655965,0.6772599450584209,1.4093554579219418,0.0,0.6370860879920163,0.6281613038654511,0.5356852296465455,0.08352844046378927,0,-1.0,1.1943470528048723,1.3245216320749815,-1.0
2016-12-21,2016-17,True,20161221_SIUEdwardsville@Marquette,-1,8.0,169.5,0.7916527072456383,0.7821097825767174,0.6755917411429833,1.4128355068182934,1.0,20161221_WesternMichigan@UCLA,-1,10.0,185.5,0.8083507318118982,0.8005596699653285,0.7172563520480526,1.330765488900199,1.0,0.6399330452428821,0.6261255494162716,0.4845724677260084,0.20317186456898084,1,0.8801527339666066,1.1825182686060693,1.2478064742829864,0.4755539515245608
2016-12-22,2016-17,True,20161222_CollCharleston@WesternCarolina,1,6.0,107.5,0.7644916428537294,0.7526014509793403,0.6310042704867119,1.5126680509844512,1.0,20161222_SanDiego@NorthTexas,1,12.0,121.5,0.8396992418645964,0.8325942552976431,0.7699613153130884,1.2396726705832914,1.0,0.6419430529160964,0.6266116446140695,0.4858488780721245,0.20378011373983074,1,0.875213242469917,1.2710899320337852,1.1516332287575393,0.46382940246926907
2016-12-23,2016-17,True,20161223_VMI@Dayton,-1,12.0,160.5,0.8274742430045009,0.8216904573694572,0.7558272683787959,1.2628546758406127,1.0,20161223_NorthernKentucky@WestVirginia,-1,8.5,163.0,0.7697350351597229,0.7630918073710664,0.6967823416636096,1.3698682399457398,1.0,0.6369359155328346,0.6270252562136173,0.526647093954187,0.10186379163607118,1,0.729944512101028,1.1312821328144416,1.2628546758406127,0.4286449311196585
2016-12-25,2016-17,True,20161225_StephenF.Austin@UtahU,-1,8.5,152.0,0.7790135963521416,0.7711290537902575,0.6862724727917444,1.3908469854795584,1.0,20161225_SouthernMiss@Hawaii,1,11.5,114.0,0.817746237152404,0.8122009716636386,0.7605654801012544,1.2549872758791618,0.0,0.6370354371075255,0.6263117667665093,0.5219551527491281,0.11194234195704489,0,-1.0,1.278639722934754,1.2710899320337852,-1.0
2016-12-27,2016-17,True,20161227_Rutgers@Wisconsin,1,15.0,113.5,0.8570138588438004,0.8533079034139023,0.8132510661881939,1.1736842897407525,1.0,20161227_Northwestern@PennState,1,8.0,134.5,0.740034057611335,0.7342621732055835,0.6883999642641253,1.3865485902811254,1.0,0.6342194433893256,0.6265517155741921,0.5598420049017144,0.03210988418958527,1,0.6273702973751443,1.1736842897407525,1.5724135684440212,0.8455171022579431
2016-12-28,2016-17,True,20161228_UNLV@ColoradoState,1,6.0,131.5,0.7473551790476338,0.7372149683360266,0.6427992997328897,1.484911387421603,1.0,20161228_CentralFlorida@Tulane,1,13.5,115.0,0.8560438479519333,0.8497719470837723,0.796680668476414,1.1980960976816502,1.0,0.6397688032587425,0.626464599062207,0.5121057758073694,0.1381912703644137,1,0.7790665386728675,1.3648407083559793,1.1623778488956678,0.5864606066640625
2016-12-29,2016-17,True,20161229_PortlandU@Pacific,1,5.0,130.5,0.7283291401672298,0.7162211448893719,0.6070285955014517,1.5724135684440212,1.0,20161229_SaintMarysCA@LoyolaMarymount,1,15.0,109.5,0.8829661295084297,0.8778750052856812,0.82116155336824,1.1623778488956678,1.0,0.6430899619016615,0.628752641355474,0.49846854442091315,0.17540041176097887,1,0.8277387012623223,1.3245216320749815,1.0761751079281765,0.4254172103514977
2016-12-30,2016-17,True,20161230_WestVirginia@OklahomaState,-1,10.0,181.5,0.8250870858129113,0.8154217520303554,0.7272055946108481,1.3125586588903853,1.0,20161230_Duquesne@Fordham,1,7.0,124.5,0.7787044037775037,0.7676939150792946,0.6659391037464788,1.4333142394403913,1.0,0.6424989472224611,0.6259943172570013,0.48427464191457337,0.20873906210840376,1,0.8813090158883725,1.1943470528048723,1.3865485902811254,0.6560202223730125
2016-12-31,2016-17,True,20161231_CollCharleston@Elon,1,7.0,120.5,0.7731289894440262,0.762934730353072,0.6659391037464788,1.4333142394403913,0.0,20161231_SMU@EastCarolina,1,10.5,111.0,0.8275375567348516,0.819960081003686,0.7410603368342709,1.2880192779949877,1.0,0.6397932749653943,0.6255760233008303,0.49350105653347803,0.18114563536197448,0,-1.0,1.2549872758791618,1.2112615701621765,-1.0
2017-01-01,2016-17,True,20170101_UTEP@TexSanAntonio,1,6.0,129.5,0.7398648341397287,0.7290118007549575,0.6310042704867119,1.5126680509844512,0.0,20170101_LouisianaTech@SouthernMiss,1,14.5,123.0,0.8640491276255929,0.8586049061897906,0.8132510661881939,1.1736842897407525,1.0,0.6392795644992866,0.6259331087984606,0.5131648957426219,0.1349735679121229,0,-1.0,1.5418134387722007,1.2396726705832914,-1.0
2017-01-02,2016-17,True,20170102_CollCharleston@Delaware,1,7.5,106.0,0.7750270544274042,0.765898110058816,0.6659391037464788,1.4333142394403913,1.0,20170102_NorthTexas@OldDominion,1,10.0,106.5,0.8238291187612492,0.8163935123548586,0.7309607071201958,1.3058157445432241,0.0,0.6384898552650551,0.6252742481768648,0.48677531817351555,0.19502589868667508,0,-1.0,1.1414236640002497,1.2112615701621765,-1.0
2017-01-03,2016-17,True,20170103_EastCarolina@CentralFlorida,1,5.5,114.0,0.751596611707718,0.7408773085144539,0.6310042704867119,1.5126680509844512,0.0,20170103_NoIllinois@MiamiOhio,1,13.5,119.0,0.8509128498394526,0.844843140456769,0.796680668476414,1.1980960976816502,1.0,0.6395432147978908,0.6259251120185098,0.5027089040228255,0.15905803921321016,0,-1.0,1.3441811914988124,1.1317236042799086,-1.0
2017-01-04,2016-17,True,20170104_VaCommonwealth@Duquesne,1,7.0,132.5,0.7599316598345333,0.7495135150675448,0.6544483463163621,1.4584802687217613,1.0,20170104_IowaState@Baylor,1,12.0,121.5,0.8425586161626963,0.835338255047798,0.7605654801012544,1.2549872758791618,1.0,0.6402869676884052,0.6260973118112644,0.49775082071757587,0.17196473304181326,1,0.830374179366631,1.3441811914988124,1.1414236640002497,0.534280220680796
2017-01-05,2016-17,True,20170105_PortlandU@SantaClara,1,10.5,122.0,0.8183888729078552,0.8101063382909509,0.7309607071201958,1.3058157445432241,0.0,20170105_TexSanAntonio@SouthernMiss,1,8.5,118.0,0.7824799416499666,0.7729696359178672,0.6883999642641253,1.3865485902811254,1.0,0.6403728775199204,0.6261876013635128,0.5031933246600225,0.15944439050235482,0,-1.0,1.1736842897407525,1.3441811914988124,-1.0
2017-01-06,2016-17,True,20170106_WiscMilwaukee@WiscGreenBay,1,5.0,134.5,0.7558047542646215,0.7430332388951671,0.619076196897143,1.5418134387722007,1.0,20170106_WesternMichigan@Akron,-1,15.0,165.5,0.8506054648118245,0.8464844843230441,0.8071756905076376,1.1825182686060693,1.0,0.6428916543082451,0.6289661080610568,0.4997032567072936,0.17213456656861026,1,0.8232225581304726,1.3648407083559793,1.1712493133132311,0.5985687424438846
2017-01-07,2016-17,True,20170107_Texas@IowaState,1,9.0,123.5,0.8138750382004883,0.804589898136408,0.7100977204834243,1.3441811914988124,1.0,20170107_WesternCarolina@NCGreensboro,1,7.5,118.0,0.787587982664345,0.7774189649592078,0.6772599450584209,1.4093554579219418,1.0,0.6409981994771894,0.6255034458258407,0.4809207431607139,0.21432564128778653,1,0.8944290986748702,1.1736842897407525,1.3245216320749815,0.554570230988187
2017-01-08,2016-17,True,20170108_CentralFlorida@Connecticut,1,4.0,109.5,0.7367506409297054,0.7221473360901145,0.5826314069794827,1.6382570327754622,1.0,20170108_Davidson@SaintLouis,1,14.0,122.5,0.8720908339141922,0.8658179711621016,0.8050907811486766,1.185580585878963,1.0,0.6425134808352024,0.6252481414136593,0.4690711745668642,0.24794476691821377,1,0.9422857327382639,1.3648407083559793,1.1623778488956678,0.5864606066640625
2017-01-09,2016-17,True,20170109_ArkansasLR@CoastalCarolina,1,14.5,121.0,0.8261901227975256,0.8224770482074317,0.8050907811486766,1.185580585878963,1.0,20170109_SouthAlabama@GeorgiaSouthern,1,10.5,136.0,0.7652839630441268,0.7610711689958315,0.7410603368342709,1.2880192779949877,1.0,0.6322700514024041,0.625963568551471,0.5966208454602046,-0.03449160688582753,1,0.5270506502286965,1.1516332287575393,1.1736842897407525,0.3516538281361419
2017-01-10,2016-17,True,20170110_NoIllinois@KentState,1,15.0,124.5,0.8469200589358808,0.842445145075768,0.8132510661881939,1.1736842897407525,1.0,20170110_Auburn@Missouri,1,8.5,140.0,0.7515598573340622,0.7442409647079392,0.6993490113214342,1.3648407083559793,1.0,0.6365111186672061,0.6269821874847094,0.5687463290948157,0.019622130897718915,1,0.6018920973960529,1.1516332287575393,1.2396726705832914,0.4276482402263173
2017-01-11,2016-17,True,20170111_SaintLouis@Duquesne,1,7.5,127.0,0.7716182794206683,0.7615801224323788,0.6659391037464788,1.4333142394403913,1.0,20170111_Temple@Connecticut,1,11.5,115.0,0.8284469837782765,0.8210676478768468,0.7509303440652456,1.2710899320337852,1.0,0.639244836214236,0.6253087997953143,0.5000738803028446,0.16462182025626615,1,0.8218712991933435,1.3648407083559793,1.1980960976816502,0.635210326638358
2017-01-12,2016-17,True,20170112_CollCharleston@JamesMadison,1,8.0,105.5,0.7776504306858899,0.7698301245732243,0.6883999642641253,1.3865485902811254,0.0,20170112_SouthernMiss@OldDominion,1,11.0,107.5,0.8180413923939385,0.8125102448864767,0.7509303440652456,1.2710899320337852,0.0,0.6361502411140313,0.6254948630379774,0.5169404220193624,0.1211689674900529,0,-1.0,1.2251091942516112,1.2549872758791618,-1.0
2017-01-13,2016-17,True,20170113_DetroitU@Oakland,1,8.5,145.0,0.7617651579617511,0.7547935789616268,0.6883999642641253,1.3865485902811254,1.0,20170113_Yale@Pennsylvania,1,13.0,121.5,0.8333146986122777,0.8284571755543042,0.7880213683921314,1.2112615701621765,1.0,0.6347901030202308,0.625314156553074,0.5424738818405104,0.06611285301695213,1,0.6794730225700683,1.3441811914988124,1.1516332287575393,0.5480037256009336
2017-01-14,2016-17,True,20170114_OklahomaState@Kansas,-1,3.5,178.0,0.7311892699151931,0.7168452028549447,0.5852071672978555,1.6310463257094456,1.0,20170114_OregonState@Oregon,1,15.0,113.5,0.8800258960134889,0.874911232922399,0.8132510661881939,1.1736842897407525,1.0,0.6434654924125666,0.6271759202443269,0.47592035274595373,0.2318075149680061,1,0.9143334483245547,1.3698682399457398,1.0975470727962133,0.5034948768689476
2017-01-15,2016-17,True,20170115_Cincinnati@EastCarolina,1,5.5,116.0,0.7519417413766392,0.7417171025237856,0.6310042704867119,1.5126680509844512,0.0,20170115_GeoWashington@LaSalle,-1,15.0,164.5,0.8469535796681846,0.8427496171118375,0.8071756905076376,1.1825182686060693,1.0,0.6368597495608729,0.6250818041572218,0.5093313077433799,0.1391877201071261,0,-1.0,1.3648407083559793,1.1140495796018606,-1.0
2017-01-16,2016-17,True,20170116_GeorgiaSouthern@ULMonroe,1,7.5,135.0,0.7435053044722866,0.7360711249875801,0.6772599450584209,1.4093554579219418,0.0,20170116_ClevelandState@Oakland,1,14.5,124.0,0.8553550812726515,0.8510247477606696,0.8132510661881939,1.1736842897407525,1.0,0.6359610401335402,0.6264147434764676,0.5507823724053184,0.051967551710864424,0,-1.0,1.3648407083559793,1.105442096807403,-1.0
2017-01-17,2016-17,True,20170117_SouthFlorida@CentralFlorida,1,8.0,118.5,0.7490555719826164,0.74269388693576,0.6772599450584209,1.4093554579219418,1.0,20170117_Michigan@Wisconsin,-1,14.5,145.0,0.8466731260514084,0.8431006776550589,0.7991814420761522,1.1943470528048723,1.0,0.6342052227167476,0.626165719365809,0.5412535795522044,0.0675319898852016,1,0.6832595375235324,1.3648407083559793,1.206762071795032,0.6470380008858607
2017-01-18,2016-17,True,20170118_KansasState@OklahomaState,-1,8.5,165.0,0.7725756171929059,0.7641594728722086,0.6862724727917444,1.3908469854795584,0.0,20170118_Temple@Cincinnati,1,12.0,121.5,0.8244801807402149,0.8189473426315756,0.7605654801012544,1.2549872758791618,1.0,0.6369732844986902,0.6258063696554409,0.5219551527491281,0.11183385487233743,0,-1.0,1.29519581902492,1.3058157445432241,-1.0
2017-01-19,2016-17,True,20170119_California@Oregon,1,7.0,122.5,0.7630431187915252,0.7532669284368863,0.6544483463163621,1.4584802687217613,1.0,20170119_Connecticut@SMU,1,11.0,107.5,0.839237967914397,0.8320450173897844,0.7509303440652456,1.2710899320337852,1.0,0.6403747564456634,0.6267519945704185,0.4914451218722768,0.18716488064005699,1,0.8538595856421602,1.3058157445432241,1.1414236640002497,0.4904889916457411
2017-01-20,2016-17,True,20170120_YoungstownState@WiscGreenBay,1,6.5,157.0,0.7552967903818084,0.7448977406104161,0.6544483463163621,1.4584802687217613,1.0,20170120_ClevelandState@WiscMilwaukee,1,14.5,112.0,0.8454045168759525,0.8408224581910938,0.8050907811486766,1.185580585878963,1.0,0.6385313181706903,0.6263267493610418,0.5268903303572996,0.10411380539874582,1,0.7291458914840532,1.3648407083559793,1.1516332287575393,0.5717959117037235
2017-01-21,2016-17,True,20170121_Ohio@NoIllinois,1,5.0,124.5,0.7466987410311966,0.7340853165290719,0.619076196897143,1.5418134387722007,1.0,20170121_JamesMadison@CollCharleston,1,13.0,97.5,0.860117489837892,0.8534474180144641,0.7791142246574032,1.2251091942516112,1.0,0.642248646800867,0.626503217994067,0.48233107114937146,0.2131369306329005,1,0.8888898196605166,1.3245216320749815,1.1317236042799086,0.49899239539860507
2017-01-22,2016-17,True,20170122_EastCarolina@Connecticut,1,4.0,109.5,0.7367176222641132,0.7227677246440605,0.5826314069794827,1.6382570327754622,1.0,20170122_SaintLouis@Dayton,1,15.0,109.5,0.8742666652988542,0.8693774708235671,0.8132510661881939,1.1736842897407525,1.0,0.6440876588837472,0.6283579764439576,0.4738256129207918,0.23844952319879265,1,0.922796541925861,1.3441811914988124,1.0900502743463825,0.46522507656452783
2017-01-23,2016-17,True,20170123_TCU@OklahomaState,-1,6.0,166.5,0.7487940201444795,0.7375885755987244,0.6313511248194403,1.5118370150571552,1.0,20170123_ULMonroe@TexasState,1,13.0,108.5,0.8539405240665128,0.8480159977266479,0.7880213683921314,1.2112615701621765,1.0,0.6394255579800477,0.6254869118481293,0.49751817731612674,0.17093531357570413,1,0.8312300766874279,1.2478064742829864,1.1623778488956678,0.450422605415145
2017-01-24,2016-17,True,20170124_Rutgers@Maryland,1,12.5,119.0,0.8394111917877678,0.8337166655601345,0.7791142246574032,1.2251091942516112,1.0,20170124_KentState@NoIllinois,1,8.5,129.0,0.7580952987794299,0.7509626199918358,0.6883999642641253,1.3865485902811254,1.0,0.6363536782371452,0.6260900514998957,0.5363422044118281,0.08095708290516512,1,0.6986734262300169,1.2880192779949877,1.3245216320749815,0.7060093962339604
2017-01-25,2016-17,True,20170125_Tulsa@EastCarolina,1,15.0,114.5,0.8699684371837909,0.8641399355775781,0.8132510661881939,1.1736842897407525,1.0,20170125_Belmont@EasternIllinois,1,6.5,138.0,0.7332736823655503,0.7237451052740044,0.6427992997328897,1.484911387421603,1.0,0.6379249594755614,0.6254170486460656,0.522757215852797,0.11178657067891717,1,0.7428171670738792,1.1516332287575393,1.3441811914988124,0.5480037256009336
2017-01-26,2016-17,True,20170126_SouthernMiss@MiddleTennSt,1,11.5,113.0,0.8187551313694302,0.8142764144696144,0.7605654801012544,1.2549872758791618,1.0,20170126_Pacific@LoyolaMarymount,1,9.0,122.5,0.7736954706530381,0.7677011602439042,0.7100977204834243,1.3441811914988124,1.0,0.6334671367144614,0.6251209481475692,0.540075813698282,0.06861490178793472,1,0.6869302918071005,1.185580585878963,1.2880192779949877,0.5270506502286965
2017-01-27,2016-17,True,20170127_WiscGreenBay@Oakland,1,6.5,150.0,0.7504040783446675,0.7406949754178943,0.6544483463163621,1.4584802687217613,1.0,20170127_Brown@Yale,-1,15.0,170.5,0.8505401060737644,0.8464761511957176,0.8149417798162114,1.1712493133132311,1.0,0.6382487643934589,0.6269806320017458,0.5333373001448324,0.09028463072099258,1,0.7082440132212597,1.2880192779949877,1.1224540969144412,0.44574251549025456
2017-01-28,2016-17,True,20170128_Arkansas@OklahomaState,-1,7.5,180.0,0.7680271617469715,0.7576389950871987,0.6647492395683793,1.4358797922352728,1.0,20170128_EastCarolina@MemphisU,1,11.5,118.0,0.832820380882814,0.8259209201331326,0.7509303440652456,1.2710899320337852,0.0,0.6396286733744594,0.625749895951161,0.49918037518619346,0.1674069821776818,0,-1.0,1.233462347993968,1.1414236640002497,-1.0
2017-01-29,2016-17,True,20170129_Stanford@California,1,12.0,113.5,0.8402378402913585,0.8343703333861165,0.7699613153130884,1.2396726705832914,1.0,20170129_WiscMilwaukee@Oakland,1,7.5,131.0,0.7567566859343519,0.7493019068883227,0.6772599450584209,1.4093554579219418,1.0,0.6358556034155257,0.6251952818572626,0.5214639581060517,0.11092840562121453,1,0.7471394443232313,1.1414236640002497,1.3058157445432241,0.4904889916457411
2017-01-30,2016-17,True,20170130_WesternCarolina@Mercer,1,13.0,112.5,0.8384693412594234,0.8339101879901465,0.7880213683921314,1.2112615701621765,0.0,20170130_ArkansasLR@ULMonroe,1,8.5,118.0,0.7559400925279934,0.7500633175826171,0.6993490113214342,1.3648407083559793,1.0,0.6338325914135342,0.6254854421698332,0.5511019648852008,0.04783879265893676,0,-1.0,1.2112615701621765,1.3245216320749815,-1.0
2017-01-31,2016-17,True,20170131_Davidson@St.Josephs,1,8.5,134.0,0.7498162618570076,0.742863183211461,0.6883999642641253,1.3865485902811254,1.0,20170131_Wyoming@SanDiegoState,1,14.5,123.0,0.8467316071434693,0.8416337516536962,0.8050907811486766,1.185580585878963,1.0,0.6348931284644924,0.6252187278516691,0.5542244649721257,0.043678649773281064,1,0.6438650900151468,1.6382570327754622,1.0900502743463825,0.785782528026783
2017-02-01,2016-17,True,20170201_EastCarolina@SMU,1,11.5,112.0,0.840641577356194,0.8343016201956059,0.7509303440652456,1.2710899320337852,1.0,20170201_NorthernIowa@IllinoisState,1,7.0,110.5,0.758088576044107,0.7496724808421242,0.6659391037464788,1.4333142394403913,0.0,0.6372807763414291,0.6254529653826436,0.5000738803028446,0.16104355594410213,0,-1.0,1.1980960976816502,1.2549872758791618,-1.0
2017-02-02,2016-17,True,20170202_Oakland@YoungstownState,1,6.0,151.5,0.7333007395179856,0.722678393260658,0.6310042704867119,1.5126680509844512,1.0,20170202_FloridaIntl@OldDominion,1,14.5,105.0,0.872387657871964,0.867419712384702,0.8050907811486766,1.185580585878963,1.0,0.6397225146638746,0.6268654840287985,0.5080157210342977,0.1472718800489563,1,0.7933898741265348,1.2251091942516112,1.1516332287575393,0.4108764569565304
2017-02-03,2016-17,True,20170203_WesternMichigan@CentralMichigan,-1,8.5,190.0,0.7717063672070943,0.7636730022506687,0.6967823416636096,1.3698682399457398,1.0,20170203_St.Peter's@Monmouth,1,12.5,123.0,0.8248580252283284,0.8192969131472914,0.7699613153130884,1.2396726705832914,1.0,0.6365481901105711,0.6256749333978974,0.5364954482742467,0.0809786375011905,1,0.6981882193607682,1.278639722934754,1.1980960976816502,0.5319332623888751
2017-02-04,2016-17,True,20170204_Connecticut@Cincinnati,1,10.5,110.0,0.8270077740908212,0.8192441065884144,0.7309607071201958,1.3058157445432241,1.0,20170204_OklahomaState@WestVirginia,-1,7.0,179.5,0.7739693719866676,0.7633422372101135,0.6647492395683793,1.4358797922352728,1.0,0.6400786875411647,0.6253636291444009,0.48590557421251496,0.2001439802844336,1,0.8749944399722729,1.1736842897407525,1.206762071795032,0.41635768512083104
2017-02-05,2016-17,True,20170205_Colorado@California,1,8.0,125.5,0.7495983307804429,0.7439584669951719,0.6883999642641253,1.3865485902811254,1.0,20170205_IndianaU@Wisconsin,1,15.0,123.5,0.8492469722942395,0.8459139522735417,0.82116155336824,1.1623778488956678,1.0,0.636594112852107,0.6293248471432511,0.5652875839937701,0.02599450963898975,1,0.6116933677602951,1.2710899320337852,1.1980960976816502,0.5228878873721119
2017-02-06,2016-17,True,20170206_Monmouth@Rider,1,8.5,145.0,0.7486099474581709,0.7426098328134425,0.6993490113214342,1.3648407083559793,0.0,20170206_Louisville@Virginia,1,15.0,105.5,0.8481914238871257,0.8445707439773621,0.8132510661881939,1.1736842897407525,1.0,0.6349645372706123,0.6271865389841537,0.5687463290948157,0.017144674380535463,0,-1.0,1.3245216320749815,1.1414236640002497,-1.0
2017-02-07,2016-17,True,20170207_IowaState@Texas,1,6.5,134.0,0.7474172782118863,0.7381282683566528,0.6544483463163621,1.4584802687217613,0.0,20170207_LSU@Kentucky,-1,15.0,188.5,0.8563148354910884,0.8515918385421878,0.8071756905076376,1.1825182686060693,1.0,0.6400245036352085,0.6285840091298033,0.5282547958394911,0.10383718070442471,0,-1.0,1.3058157445432241,1.1405539803674463,-1.0
2017-02-08,2016-17,True,20170208_CentralFlorida@Cincinnati,1,10.0,116.5,0.8039710752709031,0.7968894794190832,0.7206375319855596,1.3245216320749815,0.0,20170208_UNLV@Nevada,1,9.5,137.0,0.7915016471002325,0.7843140153913616,0.7206375319855596,1.3245216320749815,1.0,0.6363444302978648,0.6250115874263129,0.5193184525062384,0.11637565813361683,0,-1.0,1.2396726705832914,1.3058157445432241,-1.0
2017-02-09,2016-17,True,20170209_SouthernMiss@TexSanAntonio,1,6.0,119.5,0.7451311196538134,0.7342208184890577,0.6310042704867119,1.5126680509844512,0.0,20170209_Elon@Delaware,1,14.0,119.5,0.8575287620850223,0.8513658131481999,0.796680668476414,1.1980960976816502,1.0,0.6389713666277612,0.6250905041632735,0.5027089040228255,0.15802166637168535,0,-1.0,1.4093554579219418,1.1516332287575393,-1.0
2017-02-10,2016-17,True,20170210_Oakland@DetroitU,1,7.5,151.0,0.7424997803172206,0.7352080646635522,0.6772599450584209,1.4093554579219418,1.0,20170210_Dartmouth@Yale,1,15.0,126.5,0.8582742687797973,0.8541734620921837,0.82116155336824,1.1623778488956678,1.0,0.6372684560209226,0.6279952179517604,0.5561398285182618,0.04397545683968396,1,0.6382035655086755,1.2112615701621765,1.2251091942516112,0.4839276862493256
2017-02-11,2016-17,True,20170211_MinnesotaU@Rutgers,1,6.0,121.5,0.775591075733902,0.7635282265347969,0.6427992997328897,1.484911387421603,1.0,20170211_Oklahoma@IowaState,1,10.0,133.5,0.8281487644517447,0.8189826094852841,0.7309607071201958,1.3058157445432241,1.0,0.6423047910888304,0.6253163393831391,0.4698610306691198,0.24544226568470373,1,0.9390206689466523,1.3058157445432241,1.2112615701621765,0.5816844290779173
2017-02-12,2016-17,True,20170212_Cincinnati@SMU,1,9.5,114.0,0.8026596045587534,0.7948618951199209,0.7100977204834243,1.3441811914988124,0.0,20170212_NorthernIowa@MissouriSt,1,9.5,114.0,0.794244841807096,0.7864723106461262,0.7100977204834243,1.3441811914988124,0.0,0.6375082506477133,0.625136871299523,0.5042387726357555,0.15186461814239594,0,-1.0,1.2251091942516112,1.3245216320749815,-1.0
2017-02-13,2016-17,True,20170213_Rider@Fairfield,1,9.0,139.5,0.7572960133725909,0.7517344327278327,0.7100977204834243,1.3441811914988124,0.0,20170213_Villanova@Depaul,-1,14.5,152.0,0.8355049415090837,0.8323092177381511,0.8071756905076376,1.1825182686060693,1.0,0.6327245613579289,0.6256754976505352,0.5731736178591075,0.005727595158101062,0,-1.0,1.3245216320749815,1.1825182686060693,-1.0
2017-02-14,2016-17,True,20170214_Tulsa@CentralFlorida,1,12.0,117.5,0.8333923581934904,0.8271483098680193,0.7699613153130884,1.2396726705832914,1.0,20170214_Texas@Oklahoma,1,8.5,129.0,0.7661069899109829,0.7582015729728758,0.6883999642641253,1.3865485902811254,1.0,0.6384677109504306,0.627145149623788,0.5300413419462889,0.09744069188376869,1,0.7188663938073008,1.2112615701621765,1.3245216320749815,0.6043421517809107
2017-02-15,2016-17,True,20170215_Bradley@NorthernIowa,1,8.0,111.5,0.7584932198609554,0.7512668843669232,0.6772599450584209,1.4093554579219418,1.0,20170215_Tulane@SMU,1,13.0,123.5,0.8386505558972372,0.8336476231407122,0.7791142246574032,1.2251091942516112,1.0,0.6361107604806756,0.6262918524968139,0.5276628569857071,0.09831795417526878,1,0.7266143294688607,1.4093554579219418,1.2112615701621765,0.7070981048791645
2017-02-16,2016-17,True,20170216_EasternKentucky@Belmont,1,8.5,133.0,0.7814527547363597,0.7737363743861093,0.6993490113214342,1.3648407083559793,1.0,20170216_MemphisU@Connecticut,1,10.5,119.0,0.8157150187037646,0.8087744337186491,0.7410603368342709,1.2880192779949877,1.0,0.637442748445878,0.6257781980416462,0.5182598138945763,0.12058683428117312,1,0.757941143754836,1.185580585878963,1.2251091942516112,0.45246567628652956
2017-02-17,2016-17,True,20170217_California@Stanford,1,11.0,113.5,0.8214478613624796,0.8145072973630217,0.7410603368342709,1.2880192779949877,1.0,20170217_Valparaiso@Oakland,1,8.0,134.5,0.7763217401148886,0.7674579057235326,0.6883999642641253,1.3865485902811254,1.0,0.637707833146574,0.6251000646307593,0.5101459093942727,0.1388832572658676,1,0.7859013141588633,1.1414236640002497,1.2112615701621765,0.38256261947720716
2017-02-18,2016-17,True,20170218_CentralFlorida@EastCarolina,1,5.5,114.0,0.758429211329267,0.7456347739749575,0.619076196897143,1.5418134387722007,1.0,20170218_FlaAtlantic@SouthernMiss,1,13.0,116.5,0.8472899340956737,0.8402094392064015,0.7791142246574032,1.2251091942516112,1.0,0.6426094364834084,0.6264893752942909,0.48233107114937146,0.21381842259129158,1,0.8888898196605166,1.2880192779949877,1.1980960976816502,0.5431708707045313
2017-02-19,2016-17,True,20170219_Fairfield@St.Peter's,1,7.5,117.0,0.7631186947309313,0.7545181425454247,0.6659391037464788,1.4333142394403913,1.0,20170219_UNLV@SanDiegoState,1,11.5,122.0,0.8369558767630058,0.8304405795080968,0.7605654801012544,1.2549872758791618,1.0,0.6386966762227672,0.6265824835447953,0.5064902941591397,0.1488819177601317,1,0.7987911328341093,1.2549872758791618,1.1980960976816502,0.5035953578709482
2017-02-20,2016-17,True,20170220_CoastalCarolina@SouthAlabama,1,7.5,133.0,0.7439099621843158,0.7365595626096096,0.6772599450584209,1.4093554579219418,1.0,20170220_MiamiFlorida@Virginia,1,14.5,100.0,0.8533170310883511,0.8497028508514038,0.8050907811486766,1.185580585878963,1.0,0.6347910403281679,0.6258567601712484,0.5452557382077939,0.060675186492291644,1,0.6709044695148099,1.2710899320337852,1.1137555628987994,0.41568348274728506
2017-02-21,2016-17,True,20170221_EastCarolina@Tulane,1,7.0,129.5,0.7466935037780209,0.73856077409761,0.6659391037464788,1.4333142394403913,1.0,20170221_YoungstownState@Oakland,1,15.0,147.5,0.8535093234551142,0.8481374026963476,0.8132510661881939,1.1736842897407525,1.0,0.6373098672379074,0.6264010166765509,0.5415756861382341,0.07211988080961151,1,0.6822584050929024,1.2710899320337852,1.1317236042799086,0.4385224792451794
2017-02-22,2016-17,True,20170222_Oregon@California,1,8.0,120.5,0.7815669982328461,0.7720242989433377,0.6772599450584209,1.4093554579219418,1.0,20170222_NorthernIowa@IndianaState,1,10.0,113.5,0.8183759565483198,0.810044646944373,0.7309607071201958,1.3058157445432241,1.0,0.6396156397854045,0.625374150670033,0.4950504083440883,0.17712210922602556,1,0.8403585466123971,1.2251091942516112,1.3245216320749815,0.6226836294402096
2017-02-23,2016-17,True,20170223_Pacific@SantaClara,1,10.5,113.0,0.8278083963386983,0.8206350091311049,0.7410603368342709,1.2880192779949877,1.0,20170223_TexSanAntonio@FloridaIntl,1,8.0,125.5,0.7715036623631815,0.7625142960429581,0.6772599450584209,1.4093554579219418,1.0,0.6386572095102978,0.6257459262958109,0.5018904830093531,0.15933974289368202,1,0.8152769993509148,1.2396726705832914,1.3245216320749815,0.6419732688797322
2017-02-24,2016-17,True,20170224_OregonState@California,1,12.0,108.5,0.8395055880348151,0.8345896476294806,0.7699613153130884,1.2396726705832914,1.0,20170224_St.Peter's@Niagara,1,8.0,121.5,0.7575494344264507,0.7502211510982119,0.6772599450584209,1.4093554579219418,0.0,0.6359669834136191,0.62612680613924,0.5214639581060517,0.11112300200919223,0,-1.0,1.1516332287575393,1.2710899320337852,-1.0
2017-02-25,2016-17,True,20170225_IllinoisState@NorthernIowa,1,11.0,102.5,0.839246959072621,0.83147403624926,0.7509303440652456,1.2710899320337852,1.0,20170225_PennState@MinnesotaU,1,7.0,134.5,0.7627893991812338,0.7523512106404235,0.6544483463163621,1.4584802687217613,1.0,0.6401686836756821,0.6255604977882101,0.4914451218722768,0.18678285066008726,1,0.8538595856421602,1.1516332287575393,1.3441811914988124,0.5480037256009336
2017-02-26,2016-17,True,20170226_Cincinnati@CentralFlorida,1,8.5,114.0,0.7888518707370855,0.7800943972924079,0.6883999642641253,1.3865485902811254,0.0,20170226_EastCarolina@Tulsa,1,10.0,118.5,0.8094082164687296,0.802247550823468,0.7309607071201958,1.3058157445432241,1.0,0.6385031857513253,0.6258288196389437,0.5031933246600225,0.15605916962688338,0,-1.0,1.2710899320337852,1.1980960976816502,-1.0
2017-02-27,2016-17,True,20170227_ULMonroe@CoastalCarolina,1,6.5,127.0,0.7415979651495628,0.7319664283414822,0.6427992997328897,1.484911387421603,1.0,20170227_SouthAlabama@TexasState,1,15.0,111.5,0.8642124098205868,0.8595658234446448,0.82116155336824,1.1623778488956678,1.0,0.6408981645799472,0.6291733257111818,0.5278420714726767,0.10620824406684104,1,0.7260281043118042,1.3648407083559793,1.1414236640002497,0.557861482108378
2017-02-28,2016-17,True,20170228_MississippiSt@SouthCarolina,1,14.0,122.5,0.8620793209810425,0.8562894524250306,0.8050907811486766,1.185580585878963,0.0,20170228_Wyoming@ColoradoState,1,7.0,140.5,0.7391574234620693,0.7303184442675446,0.6544483463163621,1.4584802687217613,1.0,0.6372123297162775,0.625363980737756,0.5268903303572996,0.10183308193188312,0,-1.0,1.185580585878963,1.4093554579219418,-1.0
2017-03-01,2016-17,True,20170301_Connecticut@EastCarolina,1,7.5,119.0,0.7674455266952599,0.7582151330803213,0.6659391037464788,1.4333142394403913,1.0,20170301_CalIrvine@CalRiverside,1,11.5,117.0,0.8332229575311875,0.8262714586260147,0.7509303440652456,1.2710899320337852,1.0,0.6394532314971043,0.6264915239625949,0.5000738803028446,0.16500148964101125,1,0.8218712991933435,1.3441811914988124,1.1736842897407525,0.5776443470271619
2017-03-02,2016-17,True,20170302_HolyCross@Navy,1,4.5,112.0,0.753303482689284,0.7380097645114161,0.5948755019578923,1.60453741473382,0.0,20170302_Nebraska@MinnesotaU,1,11.5,127.0,0.8556120239989472,0.8474925515159294,0.7605654801012544,1.2549872758791618,1.0,0.6445355175092342,0.6254577783694503,0.452441771747079,0.29788443892682737,0,-1.0,1.4333142394403913,1.2251091942516112,-1.0
2017-03-03,2016-17,True,20170303_YoungstownState@ClevelandState,1,7.5,134.0,0.767217758771653,0.7582375702756273,0.6772599450584209,1.4093554579219418,1.0,20170303_MissouriSt@NorthernIowa,1,12.0,111.5,0.8325804751465252,0.8257163346563509,0.7605654801012544,1.2549872758791618,1.0,0.638770526138955,0.6260891473267283,0.5151005352667071,0.1298082279039401,1,0.7687231668828864,1.2880192779949877,1.1980960976816502,0.5431708707045313
2017-03-04,2016-17,True,20170304_UNLV@FresnoState,1,7.0,133.5,0.7677525229790249,0.7570417906840606,0.6544483463163621,1.4584802687217613,0.0,20170304_Oregon@OregonState,1,11.0,120.5,0.8357900228309875,0.8281616125954242,0.7410603368342709,1.2880192779949877,1.0,0.6416798987091874,0.6269529501750393,0.4849857119618348,0.2054282246215109,0,-1.0,1.3245216320749815,1.2112615701621765,-1.0
2017-03-05,2016-17,True,20170305_Cincinnati@Connecticut,1,10.5,112.0,0.8374433997346755,0.8296974687332004,0.7410603368342709,1.2880192779949877,1.0,20170305_MinnesotaU@Wisconsin,1,6.5,125.0,0.7659580438409513,0.7561297474292082,0.6544483463163621,1.4584802687217613,0.0,0.641446508288288,0.6273589374758882,0.4849857119618348,0.20498978888232955,0,-1.0,1.185580585878963,1.3441811914988124,-1.0
2017-03-06,2016-17,True,20170306_NewHampshire@Vermont,1,6.5,124.0,0.7405844456688374,0.7318894914889428,0.6427992997328897,1.484911387421603,0.0,20170306_BowlingGreen@Toledo,1,15.0,132.5,0.858762411049021,0.8539615123324529,0.8132510661881939,1.1736842897407525,1.0,0.6359860841479735,0.6250054570121275,0.522757215852797,0.10840746547318103,0,-1.0,1.5126680509844512,1.185580585878963,-1.0
2017-03-07,2016-17,True,20170307_AlabamaState@TexasSouthern,1,8.5,135.0,0.7633410484673205,0.7566146312901992,0.6883999642641253,1.3865485902811254,1.0,20170307_Pittsburgh@GeorgiaTech,1,13.0,116.5,0.8320286810148583,0.826761403771948,0.7791142246574032,1.2251091942516112,1.0,0.6351216457207637,0.62553977467988,0.5363422044118281,0.07886426200933672,1,0.6986734262300169,1.3058157445432241,1.1623778488956678,0.5178512961962476
2017-03-08,2016-17,True,20170308_UNLV@SanDiegoState,1,7.5,121.0,0.7662047718530277,0.7571510613253338,0.6659391037464788,1.4333142394403913,0.0,20170308_OregonState@California,1,11.0,107.5,0.8320770441063492,0.8259862287777883,0.7509303440652456,1.2710899320337852,1.0,0.6375414017436469,0.6253963497592124,0.5000738803028446,0.1615183818842434,0,-1.0,1.3865485902811254,1.1623778488956678,-1.0
2017-03-09,2016-17,True,20170309_CalRiverside@CalIrvine,1,10.0,116.5,0.8077964105853698,0.8011688870293908,0.7309607071201958,1.3058157445432241,1.0,20170309_TexasA&M@Vanderbilt,1,9.5,121.0,0.7881261473129118,0.7807449838188779,0.7100977204834243,1.3441811914988124,0.0,0.6366454728878465,0.6255085897399502,0.5190535318890029,0.11747385290759316,0,-1.0,1.2549872758791618,1.2880192779949877,-1.0
2017-03-10,2016-17,True,20170310_California@Oregon,1,12.0,115.5,0.8289054339846832,0.8227147973463586,0.7605654801012544,1.2549872758791618,1.0,20170310_MemphisU@CentralFlorida,1,8.0,122.5,0.7681405947471938,0.7601967411554192,0.6883999642641253,1.3865485902811254,1.0,0.6367159130501753,0.625425107843043,0.5235732493222308,0.10794989398815891,1,0.7401008381910017,1.2112615701621765,1.4093554579219418,0.7070981048791645
2017-03-11,2016-17,True,20170311_Connecticut@Cincinnati,1,9.0,111.5,0.7841475171572158,0.7772473917633315,0.6993490113214342,1.3648407083559793,1.0,20170311_Pennsylvania@Princeton,1,11.5,115.0,0.8120943013205834,0.8061150442304338,0.7509303440652456,1.2710899320337852,1.0,0.6368017300780593,0.6265508155892873,0.525162393693294,0.10474610975568499,1,0.7348352832211449,1.2251091942516112,1.2251091942516112,0.5008925378398321
2017-03-12,2016-17,True,20170312_Arkansas@Kentucky,-1,10.5,173.0,0.7767756327469294,0.7722079206935045,0.7369542010401093,1.29519581902492,1.0,20170312_Yale@Princeton,1,13.0,116.5,0.8136477568726007,0.8098438161158735,0.7791142246574032,1.2251091942516112,1.0,0.6320217511778342,0.6253678093293316,0.5741715009513808,0.0028644993645994266,1,0.5867563062436754,1.1312821328144416,1.185580585878963,0.34122613381654854
2017-03-14,2016-17,True,20170314_CSBakersfield@California,1,4.5,116.0,0.7455620981480127,0.7315698613511487,0.5948755019578923,1.60453741473382,1.0,20170314_IndianaU@GeorgiaTech,1,14.5,125.0,0.8668077736146327,0.8606535863378194,0.8050907811486766,1.185580585878963,1.0,0.6462590223871331,0.6296282248285274,0.4789287825574906,0.2293839721782076,1,0.9023084082248389,1.3648407083559793,1.105442096807403,0.508752374453135
2017-03-15,2016-17,True,20170315_Hampton@CoastalCarolina,1,6.5,134.0,0.760177135728182,0.7505911937957026,0.6544483463163621,1.4584802687217613,1.0,20170315_CalIrvine@IllinoisState,1,12.0,112.5,0.8396913317144048,0.8336965574593932,0.7605654801012544,1.2549872758791618,1.0,0.6383141514384391,0.6257652943268135,0.49775082071757587,0.16835374111724044,1,0.830374179366631,1.2549872758791618,1.1137555628987994,0.39774905987762676
2017-03-16,2016-17,True,20170316_MountStMarys@Villanova,-1,11.0,144.5,0.8220902219590265,0.8162745190449837,0.7369542010401093,1.29519581902492,1.0,20170316_ETennesseeSt@Florida,1,9.5,133.0,0.7733616705680781,0.7669406666385512,0.7100977204834243,1.3441811914988124,1.0,0.6357730674119149,0.6260341237964225,0.5233094982592649,0.10686683386600482,1,0.7409778592411971,1.233462347993968,1.1623778488956678,0.4337493107550281
2017-03-17,2016-17,True,20170317_NewMexicoState@Baylor,-1,7.0,141.5,0.7821768477299457,0.7727251366889352,0.6647492395683793,1.4358797922352728,0.0,20170317_OklahomaState@Michigan,-1,11.0,166.5,0.8183595806121023,0.8116177166435733,0.7464964390510384,1.278639722934754,0.0,0.6401019170727745,0.6271574110325666,0.4962329401996807,0.17520979840295436,0,-1.0,1.4600277921913334,1.2628546758406127,-1.0
2017-03-18,2016-17,True,20170318_MiddleTennSt@Butler,-1,8.5,150.0,0.763500665857662,0.7576393913149221,0.6967823416636096,1.3698682399457398,1.0,20170318_SaintMarysCA@Arizona,-1,13.0,144.5,0.8297750689573022,0.8255008345514491,0.7738379704515049,1.233462347993968,1.0,0.6335338176609876,0.6254319498195201,0.5391966331194148,0.07046998847268493,1,0.6896808956858365,1.29519581902492,1.4128355068182934,0.8298986414010074
2017-03-19,2016-17,True,20170319_Belmont@GeorgiaTech,1,5.0,128.5,0.7512324265235902,0.7389485115989384,0.619076196897143,1.5418134387722007,0.0,20170319_USC@Baylor,-1,15.0,157.5,0.8516190725154502,0.8476198473519706,0.8071756905076376,1.1825182686060693,0.0,0.6397638623195511,0.6263474246024581,0.4997032567072936,0.1664319056576833,0,-1.0,1.3058157445432241,1.1605149067911837,-1.0
2017-03-20,2016-17,True,20170320_CSBakersfield@ColoradoState,1,2.5,123.0,0.726749227442665,0.708969681362837,0.5455033840949954,1.7497599975177804,1.0,20170320_CentralFlorida@IllinoisState,1,15.0,107.5,0.8913960954897413,0.8851009331581824,0.8132510661881939,1.1736842897407525,1.0,0.6478214237425776,0.6275097265551063,0.4436312087245229,0.3304087153413122,1,1.0536658199034368,1.2396726705832914,1.0761751079281765,0.3341048700605844
2017-03-21,2016-17,True,20170321_GeorgiaTech@Mississippi,1,8.0,133.5,0.7712151767357792,0.7623027683363852,0.6772599450584209,1.4093554579219418,1.0,20170321_Richmond@TCU,1,15.0,134.5,0.830617029412706,0.8273713893281344,0.8132510661881939,1.1736842897407525,1.0,0.640584459138268,0.630707500527158,0.5507823724053184,0.059615326439196537,1,0.6541383596233672,1.2880192779949877,1.1623778488956678,0.49716507769196494
2017-03-22,2016-17,True,20170322_CSBakersfield@UTArlington,1,4.0,133.5,0.7414779971050711,0.727082963326068,0.5948755019578923,1.60453741473382,1.0,20170322_Illinois@CentralFlorida,1,14.5,114.0,0.8681038224010607,0.8625130124252677,0.8050907811486766,1.185580585878963,1.0,0.6436798835131948,0.6271185169814574,0.4789287825574906,0.2244776546123355,1,0.9023084082248389,1.2880192779949877,1.1414236640002497,0.47017568359199524
2017-03-23,2016-17,True,20170323_WestVirginia@Gonzaga,1,10.0,137.5,0.7612794771114341,0.7564447729085689,0.7206375319855596,1.3245216320749815,0.0,20170323_Michigan@Oregon,-1,15.0,160.5,0.8313593793902219,0.8279965930561941,0.8071756905076376,1.1825182686060693,1.0,0.6328968336338744,0.6263336948034615,0.5816810974861638,-0.008712026340621959,0,-1.0,1.2112615701621765,1.2628546758406127,-1.0
2017-03-24,2016-17,True,20170324_Wisconsin@Florida,1,9.0,122.5,0.7668756512910551,0.7614730513929738,0.7100977204834243,1.3441811914988124,1.0,20170324_SouthCarolina@Baylor,1,15.0,120.5,0.8277044280433723,0.8245177046149911,0.8132510661881939,1.1736842897407525,0.0,0.6347463723322514,0.6278480124607079,0.577487728280951,0.0014040261059746761,0,-1.0,1.3865485902811254,1.185580585878963,-1.0
2017-03-25,2016-17,True,20170325_St.Peter's@TexasState,1,14.0,102.5,0.841944789123267,0.8385367808252642,0.8050907811486766,1.185580585878963,0.0,20170325_Furman@Campbell,1,9.5,129.0,0.7504481365624653,0.745827991387428,0.7100977204834243,1.3441811914988124,1.0,0.6318358980860336,0.6254042029473866,0.5716931284758947,0.006915880138113506,0,-1.0,1.1225086621226255,1.2251091942516112,-1.0
2017-03-26,2016-17,True,20170326_SouthCarolina@Florida,1,8.0,127.5,0.7589639997915618,0.7510271163153094,0.6772599450584209,1.4093554579219418,1.0,20170326_Liberty@MDBaltimoreCo,1,15.0,128.5,0.8373927527032775,0.833191192702038,0.8132510661881939,1.1736842897407525,1.0,0.6355509529881457,0.6257491787943249,0.5507823724053184,0.05128921083287907,1,0.6541383596233672,1.3648407083559793,1.1225086621226255,0.5320455175471668
2017-03-28,2016-17,True,20170328_CSBakersfield@GeorgiaTech,1,3.5,117.0,0.7436395631796973,0.7271501985004929,0.570311187898189,1.673647686130253,1.0,20170328_TCU@CentralFlorida,1,14.5,116.0,0.8659739687980782,0.8603503635555124,0.8050907811486766,1.185580585878963,1.0,0.6439725038819917,0.6256039376393621,0.45915227976278267,0.27779870854176747,1,0.9842442042772761,1.4093554579219418,1.1414236640002497,0.6086716706600126
2017-03-29,2016-17,True,20170329_CoastalCarolina@Wyoming,1,7.0,148.5,0.7402820061311529,0.7323504470584687,0.6659391037464788,1.4333142394403913,0.0,20170329_Furman@St.Peter's,1,15.0,110.5,0.8598824413085894,0.8555267671345919,0.8132510661881939,1.1736842897407525,1.0,0.6365554986888758,0.6265454103815048,0.5415756861382341,0.0708508379774655,0,-1.0,1.3865485902811254,1.1980960976816502,-1.0
2017-03-31,2016-17,True,20170331_CoastalCarolina@Wyoming,1,9.0,144.5,0.7814430772785861,0.7731255917717406,0.6993490113214342,1.3648407083559793,0.0,20170331_St.Peter's@TexasA&MCorpus,1,14.5,115.0,0.8121005305331395,0.8089328536562627,0.8050907811486766,1.185580585878963,1.0,0.6346103376393889,0.6254066911866009,0.5630394418203282,0.026881166790805544,0,-1.0,1.3648407083559793,1.2112615701621765,-1.0
2017-04-01,2016-17,True,20170401_SouthCarolina@Gonzaga,1,9.5,129.0,0.7717862483525105,0.7658852539904639,0.7100977204834243,1.3441811914988124,1.0,20170401_Oregon@NorthCarolina,1,12.5,136.0,0.8237138336668688,0.8188096131650455,0.7791142246574032,1.2251091942516112,1.0,0.6357310094018166,0.6271142085487444,0.5532472349254326,0.046901951071712356,1,0.6467687364452808,1.3245216320749815,1.1317236042799086,0.49899239539860507
2017-11-19,2017-18,True,20171119_Mercer@Colorado,-1,7.5,151.0,0.7441236078207423,0.7363643569494993,0.6609442712251573,1.4441459613995806,1.0,20171119_OldDominion@Dayton,1,15.0,111.5,0.8557478922025377,0.8514711469320032,0.8237107996436673,1.1587804851082582,1.0,0.636782208930748,0.6269930035716372,0.5444269341707753,0.06562201440259186,1,0.6734481577177378,1.3373274434706766,1.1587804851082582,0.5496689436935374
2017-11-20,2017-18,True,20171120_NebraskaOmaha@TCU,1,11.0,153.5,0.7692235225596441,0.7658038558326836,0.7541557499578204,1.2656536796986362,1.0,20171120_Troy@Kentucky,1,14.5,133.0,0.8196575633390902,0.8167327491626281,0.8078123408329129,1.1815863063144612,0.0,0.6304998781643496,0.6254570884935686,0.6092163217260278,-0.05710063709932611,0,-1.0,1.1587804851082582,1.2347624903436976,-1.0
2017-11-21,2017-18,True,20171121_Montana@CalSantaBarb,-1,7.0,150.5,0.7580090990813347,0.7497863764914452,0.6609442712251573,1.4441459613995806,0.0,20171121_OralRoberts@Pepperdine,-1,14.0,163.5,0.8391249241956235,0.8340236240489424,0.787996230339399,1.2113002109018793,1.0,0.6360643278062178,0.6253395509839198,0.5208215941898453,0.11266370790927449,0,-1.0,1.4943966049997945,1.15389528328376,-1.0
2017-11-22,2017-18,True,20171122_Belmont@Providence,-1,6.5,158.0,0.7427963323871286,0.7345294998764279,0.6499010647427268,1.4686850842102457,1.0,20171122_CalPolySLO@CollCharleston,-1,14.5,149.0,0.8566898370204389,0.8518901094836339,0.7962920141301182,1.1986808646357088,1.0,0.636346068932109,0.625738416068689,0.5175110278292943,0.12027752247191081,1,0.7604847066187062,1.4207283780121633,1.1255930949468087,0.5991620520854706
2017-11-23,2017-18,True,20171123_Vanderbilt@Virginia,-1,8.5,134.0,0.7672447739524935,0.7607081335280623,0.6825738159169475,1.3983835560960622,1.0,20171123_Florida@Stanford,-1,13.5,165.0,0.8257107260341737,0.8216642383181118,0.787996230339399,1.2113002109018793,0.0,0.6335222393462389,0.6250466691177278,0.5378655938709336,0.07309943517271877,0,-1.0,1.3188247832031277,1.2113002109018793,-1.0
2017-11-24,2017-18,True,20171124_Pepperdine@TexasA&M,-1,11.0,159.5,0.8533209605085222,0.8463536139080997,0.743175283001931,1.2843538016286797,1.0,20171124_BYU@Alabama,-1,6.5,160.0,0.749518485739783,0.7391564746073483,0.6387193311377546,1.4943966049997945,1.0,0.6395798341703647,0.6255877535274998,0.47468041967710484,0.22756729634841122,1,0.9193339607724786,1.238438542338418,1.3188247832031277,0.6332834421098616
2017-11-25,2017-18,True,20171125_CentralMichigan@CSBakersfield,1,7.5,132.0,0.773882471709332,0.7655153124247969,0.6809820932783985,1.4016521277451301,1.0,20171125_MoreheadState@VirginiaTech,-1,11.0,168.5,0.8241324116765182,0.8174066443890332,0.743175283001931,1.2843538016286797,1.0,0.6377816277639966,0.6257373027575756,0.5060890598914213,0.14814548091005086,1,0.8002172388303856,1.4759999343989987,1.2843538016286797,0.8957061269490358
2017-11-26,2017-18,True,20171126_Temple@LaSalle,1,7.5,132.0,0.7460314964384869,0.738622125143871,0.6697185456365488,1.4252255760556465,1.0,20171126_CalIrvine@UCLA,-1,15.0,167.5,0.8501941674445695,0.8462459909080743,0.804360513865839,1.1866569573543277,1.0,0.6342716270019457,0.6250560121990028,0.5386951535136967,0.07271432833835001,1,0.6912538456257624,1.4016521277451301,1.15389528328376,0.6173597790097518
2017-11-27,2017-18,True,20171127_Wisconsin@Virginia,-1,14.0,132.5,0.8578194222243785,0.8541877404425418,0.7962920141301182,1.1986808646357088,1.0,20171127_SouthCarolina@FloridaIntl,1,7.5,127.0,0.7402028142390437,0.7335677298287187,0.6697185456365488,1.4252255760556465,1.0,0.6349603504393954,0.6266045616039582,0.5332915296052209,0.08476031044998655,1,0.7083906258073085,1.301179524329792,1.4759999343989987,0.920540892552093
2017-11-28,2017-18,True,20171128_Iowa@VirginiaTech,-1,14.5,178.0,0.84393451051058,0.8388686344516102,0.7962920141301182,1.1986808646357088,1.0,20171128_Iona@Ohio,1,8.0,143.5,0.7521193355152033,0.7451143959193091,0.6920608131684455,1.3792140543690596,1.0,0.6347394632635658,0.6250530958150672,0.5510824988184289,0.04937508035605198,1,0.6532374952088258,1.224543016007878,1.2347624903436976,0.5120197839788698
2017-11-29,2017-18,True,20171129_OralRoberts@KansasState,-1,14.0,153.5,0.8568755607440796,0.8525021895251581,0.787996230339399,1.2113002109018793,1.0,20171129_Evansville@NewMexico,1,6.5,131.0,0.7434624247134377,0.7354735085985297,0.658280805710702,1.4499891106037792,1.0,0.63705478206848,0.6269927764179968,0.5187227934048155,0.11890525525813023,1,0.7563721154797862,1.1642892981693989,1.4759999343989987,0.7184909277194889
2017-11-30,2017-18,True,20171130_SouthFlorida@Elon,1,7.5,126.0,0.7571615623452367,0.7503348945275443,0.6809820932783985,1.4016521277451301,1.0,20171130_WeberState@FresnoState,-1,14.0,154.5,0.8397390810851774,0.8355437645019217,0.787996230339399,1.2113002109018793,1.0,0.6358181545968062,0.6269376424106967,0.536611322432011,0.07950574437691893,1,0.6978215179487441,1.4016521277451301,1.2113002109018793,0.6978215179487441
2017-12-01,2017-18,True,20171201_EasternIllinois@Bradley,1,8.0,123.5,0.750651211952943,0.7451797368784007,0.6920608131684455,1.3792140543690596,0.0,20171201_Illinois@Northwestern,-1,15.0,161.5,0.8441331686910277,0.8406795961015964,0.8122010295111022,1.175201662296037,1.0,0.633649586127598,0.6264574002220278,0.562092504939702,0.027053877737787335,0,-1.0,1.2498201270356855,1.1089116301846709,-1.0
2017-12-02,2017-18,True,20171202_SouthAlabama@FloridaIntl,1,5.0,123.5,0.7286399940999455,0.7173928058637453,0.6110255493487714,1.5621278046675828,1.0,20171202_SaintMarysCA@California,-1,14.5,161.0,0.8776190344870799,0.8727705374923281,0.804360513865839,1.1866569573543277,1.0,0.6394683281106658,0.6261193047668304,0.4914848248593343,0.1853887243123118,1,0.8537098276854294,1.5621278046675828,1.224543016007878,0.9128926933174073
2017-12-03,2017-18,True,20171203_PortlandU@BoiseState,1,7.5,132.0,0.7485578701503034,0.7416912202092765,0.6697185456365488,1.4252255760556465,0.0,20171203_Temple@GeoWashington,1,14.5,124.0,0.8480096545078811,0.8447846559037678,0.8158864372624649,1.1698932062195122,1.0,0.6347843008453141,0.6265693622513393,0.5464142781680033,0.058415042897906,0,-1.0,1.2823012919851573,1.3375370370245026,-1.0
2017-12-04,2017-18,True,20171204_SacramentoState@SaintMarysCA,-1,6.5,145.0,0.7694467561697677,0.7609270405923738,0.6499010647427268,1.4686850842102457,1.0,20171204_MissouriSt@NorthDakotaState,1,12.0,121.5,0.8272828711496258,0.8222692953937402,0.7730231582709594,1.2347624903436976,1.0,0.6365501216408914,0.6256869415139351,0.5023885736310819,0.15436916542366497,1,0.8134772521100861,1.3983835560960622,1.1938887387333523,0.6695143800529877
2017-12-05,2017-18,True,20171205_MiamiOhio@Missouri,1,7.5,125.0,0.7539536003904324,0.7471904414812861,0.6809820932783985,1.4016521277451301,0.0,20171205_ColoradoState@Arkansas,-1,14.0,169.5,0.8409158273026403,0.8367014720408622,0.7962920141301182,1.1986808646357088,1.0,0.6340115156201247,0.6251753422822538,0.5422606026432,0.06522404029226125,0,-1.0,1.3375370370245026,1.15389528328376,-1.0
2017-12-06,2017-18,True,20171206_RhodeIsland@Alabama,-1,11.0,156.5,0.7845036063505966,0.7798141346768315,0.7335651861657148,1.301179524329792,1.0,20171206_MiddleTennSt@Vanderbilt,-1,12.0,151.5,0.8070358004167919,0.8027239325525956,0.7617612022343586,1.2530173461188492,1.0,0.6331224958810135,0.6259754688478856,0.558801498130866,0.03224324296255454,1,0.6304005143999023,1.2843538016286797,1.224543016007878,0.5727464778675675
2017-12-07,2017-18,True,20171207_Drexel@LaSalle,1,8.0,129.5,0.7594296506106823,0.7532962117615997,0.6920608131684455,1.3792140543690596,1.0,20171207_Ohio@Maryland,1,14.0,132.5,0.8354499786662267,0.8316969899230344,0.7994882345675444,1.1938887387333523,1.0,0.6344654854011946,0.6265141918425472,0.5532944777334197,0.04472871438876336,1,0.6466281278139898,1.4252255760556465,1.1698932062195122,0.6673617187577916
2017-12-08,2017-18,True,20171208_AirForce@CalRiverside,1,11.0,122.5,0.7707524666498278,0.7666764331890901,0.7443648430879445,1.2823012919851573,0.0,20171208_St.Johns@ArizonaState,-1,14.5,174.0,0.8193417795118458,0.8157825960503376,0.804360513865839,1.1866569573543277,1.0,0.6315096975880145,0.6254412909976091,0.5987376876898836,-0.03906216380195637,0,-1.0,1.2498201270356855,1.15389528328376,-1.0
2017-12-09,2017-18,True,20171209_IPFW@MiamiOhio,1,6.0,136.5,0.7413081375978033,0.7312897430644062,0.646680245543951,1.4759999343989987,1.0,20171209_SEMissouriSt@SoIllinois,-1,15.0,160.5,0.8659956194949577,0.8612326465684066,0.804360513865839,1.1866569573543277,1.0,0.641969599855663,0.6298106008276886,0.5201640546126193,0.12441334353346445,1,0.7515055912091031,1.3578590342314956,1.1866569573543277,0.6113128700772326
2017-12-10,2017-18,True,20171210_IUPUI@Purdue,-1,12.0,157.5,0.8034564915078974,0.7998933741728859,0.752575473326732,1.2683113306638443,1.0,20171210_LaSalle@Villanova,1,10.5,129.0,0.7857028133891073,0.7817877668890624,0.7343421158938076,1.2998028838891071,1.0,0.6312780258134965,0.6253468547439777,0.5526478654525362,0.04069637241149193,1,0.6485547252660957,1.3567270150874977,1.206830827379799,0.6373399861465698
2017-12-11,2017-18,True,20171211_FloridaIntl@SouthFlorida,1,5.0,116.5,0.7380650829691437,0.7270372034177951,0.6110255493487714,1.5621278046675828,1.0,20171211_AlabamaA&M@Depaul,-1,15.0,155.5,0.8636599921981277,0.8603409785304311,0.8122010295111022,1.175201662296037,1.0,0.6374372837988412,0.6254998990164939,0.4962755802386589,0.1702170500322593,1,0.8358151927642024,1.2823012919851573,1.2113002109018793,0.5532518254213734
2017-12-12,2017-18,True,20171212_Fordham@Rutgers,1,13.5,108.0,0.8515393219356056,0.8474379787863995,0.790914499650589,1.206830827379799,1.0,20171212_WiscGreenBay@IndianaState,1,7.0,137.5,0.7453199386339877,0.7376497849640207,0.6697185456365488,1.4252255760556465,1.0,0.634669235169473,0.6251124428221319,0.5296901084288511,0.09163499478644543,1,0.7200061611540864,1.1109979495289717,1.3375370370245026,0.4860009055532786
2017-12-13,2017-18,True,20171213_ArkansasLR@Bradley,1,6.5,117.0,0.7477705931708442,0.73873570116776,0.646680245543951,1.4759999343989987,1.0,20171213_WesternKentucky@Wisconsin,-1,13.5,148.0,0.8508116716208824,0.8463081490303471,0.7794744549781167,1.224543016007878,0.0,0.6362119483646247,0.6251980438779225,0.5040707319404859,0.14990564244460303,0,-1.0,1.4016521277451301,1.1439960913753844,-1.0
2017-12-14,2017-18,True,20171214_SantaClara@USC,-1,14.5,155.0,0.831564699959708,0.8285277877866439,0.7962920141301182,1.1986808646357088,1.0,20171214_Valparaiso@Northwestern,-1,10.0,149.5,0.7585424754631477,0.7550392012561512,0.7237504270140686,1.3188247832031277,1.0,0.6307771460152066,0.6255709591089536,0.5763166852545657,-0.002835928894689088,1,0.5808500314329264,1.2113002109018793,1.3188247832031277,0.5974927380365738
2017-12-15,2017-18,True,20171215_UCDavis@SanFrancisco,1,7.5,121.0,0.755554173308761,0.7485458430803326,0.6809820932783985,1.4016521277451301,1.0,20171215_DenverU@Stanford,-1,14.5,159.0,0.8429663102534029,0.8389749951532619,0.7962920141301182,1.1986808646357088,1.0,0.6369067136706463,0.6280112450703164,0.5422606026432,0.07008835977044381,1,0.6801335844040135,1.2998028838891071,1.1866569573543277,0.5424201353562284
2017-12-16,2017-18,True,20171216_Davidson@Virginia,1,13.0,108.5,0.8572069719946284,0.851354713285636,0.7820922088086885,1.2204443277269434,1.0,20171216_EasternIllinois@SouthAlabama,1,6.5,124.0,0.7464473786340696,0.7366306891150839,0.646680245543951,1.4759999343989987,0.0,0.6398598971922387,0.6271340091289727,0.5057635816304137,0.15262810070398247,0,-1.0,1.1028291406484632,1.3792140543690596,-1.0
2017-12-17,2017-18,True,20171217_OldDominion@Fairfield,1,8.5,127.0,0.7529563655064186,0.747957374947037,0.7029448388508284,1.3578590342314956,1.0,20171217_Furman@NCWilmington,-1,15.0,178.5,0.8393859850398185,0.8357556674602394,0.804360513865839,1.1866569573543277,1.0,0.6320210205526069,0.6251096151306694,0.5654210717973917,0.018383604575762602,1,0.6113128700772326,1.4016521277451301,1.1642892981693989,0.6319285720900221
2017-12-18,2017-18,True,20171218_TennesseeState@Texas,1,8.5,115.0,0.7709840283860023,0.7643687605827437,0.6920608131684455,1.3792140543690596,0.0,20171218_NebraskaOmaha@Kansas,1,12.0,144.5,0.8254004875251977,0.8204820366067526,0.7730231582709594,1.2347624903436976,1.0,0.6363705929039472,0.6271508374015088,0.5349790355110401,0.08374025276675123,0,-1.0,1.2204443277269434,1.1109979495289717,-1.0
2017-12-19,2017-18,True,20171219_Elon@Canisius,1,4.5,136.0,0.7388460394768142,0.7265257134522691,0.6110255493487714,1.5621278046675828,0.0,20171219_Dartmouth@NotreDame,-1,15.0,155.5,0.8705777801334731,0.8666531729396117,0.804360513865839,1.1866569573543277,0.0,0.6432229449081333,0.6296458147856242,0.4914848248593343,0.19234869436897029,0,-1.0,1.3578590342314956,1.1986808646357088,-1.0
2017-12-20,2017-18,True,20171220_ArkansasLR@MississippiSt,1,8.0,120.5,0.7605977314590163,0.7540627006780594,0.6809820932783985,1.4016521277451301,0.0,20171220_Evansville@Duke,-1,13.5,160.0,0.8336673570701584,0.8301857006073041,0.7794744549781167,1.224543016007878,1.0,0.6340855005789962,0.6260120714642505,0.5308081460080367,0.08833377912239992,0,-1.0,1.4016521277451301,1.2113002109018793,-1.0
2017-12-21,2017-18,True,20171221_MiamiOhio@Depaul,1,5.5,125.0,0.7328804481173578,0.7227772339182554,0.623039595160264,1.532005361159229,1.0,20171221_TennesseeState@Purdue,1,14.5,118.0,0.8701695795582839,0.8654588072407133,0.8078123408329129,1.1815863063144612,1.0,0.6377302714047679,0.6255339227676354,0.5032990737980032,0.15441714091947323,1,0.8101965559460855,1.2204443277269434,1.1109979495289717,0.3559111456188986
2017-12-22,2017-18,True,20171222_FlaGulfCoast@WichitaState,-1,13.0,172.5,0.8606298400633089,0.8544491846311713,0.7707285968326812,1.238438542338418,1.0,20171222_Elon@IndianaState,1,6.0,131.5,0.7432426663117936,0.7324546520519163,0.6349289347532732,1.503317848273695,1.0,0.6396568170361462,0.6258452802250681,0.48935788697085925,0.1908918027636275,1,0.8617667646874021,1.238438542338418,1.2823012919851573,0.5880513428847685
2017-12-23,2017-18,True,20171223_Princeton@Akron,-1,10.0,152.5,0.7847770887023543,0.7784183157628906,0.7137369420333213,1.3373274434706766,1.0,20171223_WiscGreenBay@Wisconsin,1,11.0,123.5,0.8095891445909937,0.8038004144111911,0.7443648430879445,1.2823012919851573,1.0,0.6353470119371494,0.6256929647954729,0.5312806868627025,0.08952908569010587,1,0.714856708569656,1.2530173461188492,1.1938887387333523,0.49596329896884517
2017-12-25,2017-18,True,20171225_MiddleTennSt@MiamiFlorida,-1,15.0,148.5,0.8370304421304885,0.8339185679023944,0.804360513865839,1.1866569573543277,0.0,20171225_Princeton@Hawaii,-1,10.5,144.0,0.7545249699213724,0.7508328771262945,0.7237504270140686,1.3188247832031277,1.0,0.6315603691717799,0.626133477627194,0.5821562653836565,-0.011612692938682723,0,-1.0,1.2113002109018793,1.4441459613995806,-1.0
2017-12-27,2017-18,True,20171227_FlaGulfCoast@RhodeIsland,-1,6.5,160.0,0.7615724108160387,0.7531036822618662,0.6499010647427268,1.4686850842102457,1.0,20171227_ColoradoState@BoiseState,1,13.5,125.0,0.8349116727355357,0.8300686518017323,0.790914499650589,1.206830827379799,1.0,0.6358456954236534,0.6251277582020275,0.5140161754433789,0.12700752304411544,1,0.7724544353378204,1.521333545030085,1.1698932062195122,0.7797977787245429
2017-12-28,2017-18,True,20171228_TennesseeState@TennMartin,1,4.5,123.0,0.7327478483635506,0.7213943939009543,0.6110255493487714,1.5621278046675828,0.0,20171228_LoyolaMarymount@SaintMarysCA,-1,14.0,162.5,0.873214278750111,0.8677237092001838,0.787996230339399,1.2113002109018793,1.0,0.6398458839144735,0.6259710192719545,0.4814858295278923,0.21072005377815706,0,-1.0,1.3792140543690596,1.15389528328376,-1.0
2017-12-29,2017-18,True,20171229_Kansas@Texas,1,7.0,126.5,0.7764849627593015,0.7669872969983638,0.6697185456365488,1.4252255760556465,1.0,20171229_GeorgiaState@SouthAlabama,1,10.5,118.0,0.8238702572484689,0.8164007451723321,0.7443648430879445,1.2823012919851573,1.0,0.6397228660180735,0.626169000807177,0.498514940135836,0.16913742106704333,1,0.8275685975464455,1.206830827379799,1.1587804851082582,0.39845201159476407
2017-12-30,2017-18,True,20171230_Drexel@Elon,1,3.5,132.0,0.7313529684662726,0.7164431817235652,0.574376176439297,1.6618029074903258,1.0,20171230_Jacksonville@Michigan,1,14.5,120.0,0.8816487426895889,0.8770214844201515,0.8078123408329129,1.1815863063144612,1.0,0.6447964251105879,0.6283360627378975,0.46398816360808665,0.26609876350382633,1,0.9635635592841263,1.503317848273695,1.119599077894502,0.6831132767095758
2017-12-31,2017-18,True,20171231_NorthernIowa@Bradley,1,6.5,109.0,0.7547233355320662,0.7458855174818932,0.658280805710702,1.4499891106037792,1.0,20171231_ULMonroe@ArkansasLR,1,12.5,109.0,0.8446336870452666,0.8386885026040706,0.7820922088086885,1.2204443277269434,1.0,0.6374647535895509,0.6255656077709514,0.5148362893546461,0.12807737999011248,1,0.7696309853022181,1.2823012919851573,1.1028291406484632,0.414159231892405
2018-01-01,2017-18,True,20180101_Texas@IowaState,1,9.5,128.0,0.7763279064767507,0.7712159567749259,0.7240933347940118,1.3182002293551476,1.0,20180101_YoungstownState@ClevelandState,-1,15.0,168.5,0.8198029856248285,0.8168222027811414,0.804360513865839,1.1866569573543277,1.0,0.6364359355535127,0.6299463166328605,0.5824320868617403,-0.004454150117305211,1,0.5642514733503565,1.2998028838891071,1.1439960913753844,0.48696941872759125
2018-01-02,2017-18,True,20180102_Ohio@CentralMichigan,1,6.0,143.5,0.7486282465344574,0.7374028497095652,0.6349289347532732,1.503317848273695,0.0,20180102_Towson@Elon,1,14.5,123.0,0.855489350043015,0.8501416049591762,0.8078123408329129,1.1815863063144612,1.0,0.6404434920516049,0.6268968421535599,0.5129034290455894,0.13761963631259966,0,-1.0,1.4759999343989987,1.0950717768619327,-1.0
2018-01-03,2017-18,True,20180103_MemphisU@CentralFlorida,1,14.5,108.0,0.859442015854311,0.8549980133413156,0.8078123408329129,1.1815863063144612,1.0,20180103_NewMexico@BoiseState,1,7.0,141.5,0.7389841750212559,0.7317101714524691,0.6697185456365488,1.4252255760556465,1.0,0.6351140490647031,0.6256107429334945,0.5410069060498744,0.06954922199560287,1,0.6840270240764914,1.0950717768619327,1.4252255760556465,0.5607243040003285
2018-01-04,2017-18,True,20180104_Pacific@SaintMarysCA,-1,14.0,158.5,0.8686944127042375,0.8637308965171206,0.787996230339399,1.2113002109018793,1.0,20180104_JacksonvilleSt@TennesseeState,1,5.5,118.0,0.7344531450658421,0.7249050471310338,0.6349289347532732,1.503317848273695,1.0,0.6380153435117519,0.6261228862482734,0.5003216071189895,0.16180630667594764,1,0.8209692266664863,1.1866569573543277,1.3375370370245026,0.587197630704219
2018-01-05,2017-18,True,20180105_William&Mary@Delaware,-1,12.0,166.5,0.8229328583499399,0.8172693040126202,0.752575473326732,1.2683113306638443,1.0,20180105_St.Peter's@Iona,1,8.5,130.0,0.7720969341020194,0.7651138830780103,0.7029448388508284,1.3578590342314956,1.0,0.6353839369038,0.6253040907135587,0.5290190448207456,0.09425059061357355,1,0.7221879985600705,1.175201662296037,1.2998028838891071,0.5275305098036616
2018-01-06,2017-18,True,20180106_CentralMichigan@KentState,1,12.0,129.5,0.8322431644660101,0.8246749677830881,0.7637098966103838,1.2498201270356855,1.0,20180106_BoiseState@Wyoming,1,7.5,142.0,0.7685621488653551,0.7590406663376293,0.6809820932783985,1.4016521277451301,1.0,0.6396305948604999,0.6259618370580382,0.5200727640511685,0.12051321708873308,1,0.7518130403582575,1.1381868701663864,1.3375370370245026,0.5223670939025407
2018-01-07,2017-18,True,20180107_SouthFlorida@WichitaState,1,12.5,121.0,0.849285718987389,0.8445597472102885,0.7820922088086885,1.2204443277269434,1.0,20180107_Davidson@GeorgeMason,1,7.0,132.5,0.7487941328034117,0.7409089750127231,0.6697185456365488,1.4252255760556465,1.0,0.635940163451484,0.6257418966425794,0.5237816566370308,0.1061597067388067,1,0.7394084700284791,1.1109979495289717,1.1815863063144612,0.3127399635068777
2018-01-09,2017-18,True,20180109_Syracuse@Virginia,1,13.0,96.5,0.8586868865131636,0.8540797033006365,0.790914499650589,1.206830827379799,1.0,20180109_CentralMichigan@EasternMichigan,1,7.0,128.5,0.7418105138390557,0.7336458849301656,0.658280805710702,1.4499891106037792,1.0,0.6369829605111889,0.6265920597288888,0.5206438340782665,0.11465110521491195,1,0.7498915580416576,1.119599077894502,1.2823012919851573,0.4356633440895106
2018-01-10,2017-18,True,20180110_WiscGreenBay@IllinoisChicago,1,4.5,136.0,0.7299760435305471,0.718336304693407,0.6110255493487714,1.5621278046675828,1.0,20180110_NorthernIowa@IndianaState,1,15.0,108.5,0.8760162854310788,0.8701040067405867,0.8158864372624649,1.1698932062195122,1.0,0.6394709021073054,0.6250272969009604,0.4985274585345095,0.16864759338085444,1,0.8275227059272063,1.2656536796986362,1.1587804851082582,0.46661478494023756
2018-01-11,2017-18,True,20180111_TennesseeState@EasternIllinois,1,5.0,114.5,0.7457095142131629,0.7345947839266451,0.623039595160264,1.532005361159229,1.0,20180111_SaintMarysCA@SantaClara,-1,14.5,149.0,0.8568778099911648,0.852895447546207,0.7962920141301182,1.1986808646357088,1.0,0.6389819354285504,0.6265325470022253,0.49612145411298003,0.1734171679739549,1,0.836385510940886,1.2823012919851573,1.2843538016286797,0.6469285391945045
2018-01-12,2017-18,True,20180112_St.Peter's@Canisius,1,9.0,120.5,0.7647701997414201,0.7591611209718577,0.7136250986540079,1.3375370370245026,1.0,20180112_WiscMilwaukee@IllinoisChicago,1,13.0,119.5,0.8280605698537957,0.823562027686173,0.790914499650589,1.206830827379799,1.0,0.6332760474050816,0.6252162721280913,0.5644164378400369,0.022222118541270097,1,0.6141809290434053,1.1938887387333523,1.1381868701663864,0.35886848686580897
2018-01-13,2017-18,True,20180113_Cincinnati@SouthFlorida,1,12.5,108.0,0.8696397856727401,0.8631148309406138,0.7730231582709594,1.2347624903436976,1.0,20180113_NorthTexas@Rice,1,4.5,128.0,0.7388027748319254,0.7264798132742027,0.6110255493487714,1.5621278046675828,1.0,0.6424922867592613,0.6270355012159322,0.4723368999418352,0.2392756280377717,1,0.9288568183264778,1.1109979495289717,1.2998028838891071,0.44407833879264214
2018-01-14,2017-18,True,20180114_Davidson@Fordham,1,11.5,120.0,0.8225245203966405,0.8168456845928601,0.7541557499578204,1.2656536796986362,0.0,20180114_IndianaState@MissouriSt,1,9.0,125.5,0.7728042220423355,0.7663167131149305,0.7029448388508284,1.3578590342314956,1.0,0.6356504220958709,0.6259625001393159,0.5301298921225257,0.09241564676311742,0,-1.0,1.119599077894502,1.3182002293551476,-1.0
2018-01-15,2017-18,True,20180115_WiscMilwaukee@WiscGreenBay,1,8.0,132.5,0.7516228145964713,0.7442248390470394,0.6809820932783985,1.4016521277451301,1.0,20180115_Maryland@Michigan,1,15.0,119.5,0.8504895971715339,0.8469496548095939,0.8158864372624649,1.1698932062195122,1.0,0.6392473848110874,0.6303209705316156,0.5556040539244481,0.048227187289168194,1,0.6397833017321517,1.3182002293551476,1.1109979495289717,0.46451775188218924
2018-01-16,2017-18,True,20180116_Drake@NorthernIowa,1,9.5,119.0,0.7935112112352083,0.7866681551778895,0.7136250986540079,1.3375370370245026,1.0,20180116_Pittsburgh@Syracuse,1,10.0,113.5,0.8008030993364512,0.7947855938233996,0.7240933347940118,1.3182002293551476,0.0,0.6354462373153762,0.6252325168550171,0.5167311774770863,0.12038171398734954,0,-1.0,1.1938887387333523,1.1815863063144612,-1.0
2018-01-17,2017-18,True,20180117_TexasTech@Texas,1,7.0,120.5,0.7568802597394694,0.7486551774199041,0.6697185456365488,1.4252255760556465,1.0,20180117_Fordham@LaSalle,1,12.0,118.5,0.8403601696759105,0.834878546987062,0.7730231582709594,1.2347624903436976,1.0,0.6360520234990077,0.6250361467186706,0.5177079453005985,0.11933394363066352,1,0.7598150815920011,1.3578590342314956,1.2823012919851573,0.7411843939287648
2018-01-18,2017-18,True,20180118_WrightState@WiscGreenBay,1,7.5,132.0,0.788877861577991,0.7787786673458967,0.6809820932783985,1.4016521277451301,1.0,20180118_TennMartin@EasternIllinois,1,9.5,121.0,0.8115214219051345,0.8029426169531477,0.7136250986540079,1.3375370370245026,1.0,0.6401912839372531,0.6253145811859993,0.48596591349741,0.20020605747205922,1,0.8747616338833109,1.2498201270356855,1.2498201270356855,0.562050349943497
2018-01-19,2017-18,True,20180119_IndianaU@MichiganState,1,12.5,128.0,0.8241270022765238,0.8197543413869375,0.7730231582709594,1.2347624903436976,1.0,20180119_Canisius@Manhattan,1,9.5,125.0,0.7672353725243696,0.7624617830756361,0.7240933347940118,1.3182002293551476,1.0,0.6322993875990207,0.625031356817878,0.5597409165454181,0.029171075593405593,1,0.6276641979701953,1.1109979495289717,1.2204443277269434,0.3559111456188986
2018-01-20,2017-18,True,20180120_CentralFlorida@SouthFlorida,1,9.0,105.5,0.8237420713946371,0.8155491061986424,0.7136250986540079,1.3375370370245026,1.0,20180120_Texas@WestVirginia,1,8.0,127.5,0.7759091190223392,0.766933723731523,0.6809820932783985,1.4016521277451301,1.0,0.6391489849174496,0.6254721129028401,0.48596591349741,0.19825199525869763,1,0.8747616338833109,1.1938887387333523,1.3578590342314956,0.6211326097563281
2018-01-21,2017-18,True,20180121_BostonCollege@Louisville,1,6.5,137.0,0.746505127187984,0.7372902064500647,0.646680245543951,1.4759999343989987,1.0,20180121_Rutgers@Michigan,1,13.0,110.5,0.8543787899681969,0.8491130509626903,0.7820922088086885,1.2204443277269434,0.0,0.6377981472719247,0.6260427366437262,0.5057635816304137,0.14891411439978364,0,-1.0,1.3375370370245026,1.1938887387333523,-1.0
2018-01-22,2017-18,True,20180122_IowaState@Texas,1,6.0,129.5,0.7490803212280743,0.7399364546368016,0.646680245543951,1.4759999343989987,1.0,20180122_MichiganState@Illinois,1,14.5,129.0,0.8497889974429095,0.8459140744867487,0.8158864372624649,1.1698932062195122,1.0,0.6365602151806179,0.6259226612030961,0.5276176415848701,0.09918817847445127,1,0.7267622956338342,1.2998028838891071,1.1028291406484632,0.43346049745181814
2018-01-23,2017-18,True,20180123_MiamiOhio@CentralMichigan,1,5.0,130.5,0.72902196429703,0.7179022703433183,0.6110255493487714,1.5621278046675828,1.0,20180123_Clemson@Virginia,1,14.5,102.0,0.8763017651153435,0.8718536547989677,0.8158864372624649,1.1698932062195122,0.0,0.6388432341213424,0.6259057181872987,0.4985274585345095,0.16750051588472337,0,-1.0,1.2656536796986362,1.1109979495289717,-1.0
2018-01-24,2017-18,True,20180124_BostonCollege@Syracuse,1,5.5,125.0,0.7513675616163052,0.7407993821263111,0.6349289347532732,1.503317848273695,1.0,20180124_Temple@Cincinnati,1,12.0,111.5,0.851583618502986,0.8456127636075047,0.7637098966103838,1.2498201270356855,1.0,0.6398523069469786,0.6264294127985619,0.4849015111153634,0.20220372156062472,1,0.8788769041044429,1.3792140543690596,1.119599077894502,0.5441667834907367
2018-01-25,2017-18,True,20180125_EasternIllinois@Belmont,1,12.0,120.5,0.849559599803629,0.8427753053362527,0.7637098966103838,1.2498201270356855,1.0,20180125_Elon@Drexel,1,6.0,135.5,0.7529007949648192,0.7426418606219883,0.646680245543951,1.4759999343989987,1.0,0.639634098062146,0.625880220841179,0.4938761034643484,0.17995504042861876,1,0.8447344255152198,1.1482205016261304,1.2823012919851573,0.4723646327190325
2018-01-26,2017-18,True,20180126_CSBakersfield@SeattleU,1,7.5,129.0,0.7430240731951693,0.73555832453207,0.6697185456365488,1.4252255760556465,0.0,20180126_DetroitU@WrightState,1,14.5,137.0,0.8566676613795737,0.8520645198964713,0.8158864372624649,1.1698932062195122,1.0,0.6365246951328308,0.626743150648271,0.5464142781680033,0.06131690970845605,0,-1.0,1.3578590342314956,1.1381868701663864,-1.0
2018-01-27,2017-18,True,20180127_Syracuse@Pittsburgh,1,10.0,108.5,0.8175342888696028,0.8099509010078129,0.7240933347940118,1.3182002293551476,1.0,20180127_Drake@Evansville,1,7.5,122.0,0.7818954563036034,0.7728511031874087,0.6809820932783985,1.4016521277451301,1.0,0.63922634583954,0.6259714473715238,0.49309459485696244,0.18107177159294108,1,0.8476581562697612,1.1815863063144612,1.206830827379799,0.42597477967012165
2018-01-28,2017-18,True,20180128_Connecticut@Temple,1,5.5,122.0,0.7386638610437181,0.7284231992439375,0.623039595160264,1.532005361159229,1.0,20180128_NorthernIowa@LoyolaChicago,1,14.0,107.5,0.8638826343892629,0.8591924105647218,0.7994882345675444,1.1938887387333523,1.0,0.6381188822065916,0.6258556844696653,0.498112826000357,0.16714747983876133,1,0.8290439483671259,1.4016521277451301,1.1109979495289717,0.5572326398777598
2018-01-29,2017-18,True,20180129_NCGreensboro@TennesseeChat,1,9.0,116.5,0.7823679529546901,0.7760991631914814,0.7136250986540079,1.3375370370245026,1.0,20180129_IllinoisChicago@WiscMilwaukee,1,11.5,125.0,0.8115559715934438,0.8059529820887947,0.7541557499578204,1.2656536796986362,1.0,0.6349353842037173,0.6254994349707926,0.538184471464137,0.07485587171735131,1,0.6928586726432726,1.1938887387333523,1.1815863063144612,0.4106825849503726
2018-01-30,2017-18,True,20180130_Akron@MiamiOhio,1,7.5,126.0,0.7404011444766724,0.7335263838500505,0.6697185456365488,1.4252255760556465,1.0,20180130_Rutgers@Illinois,1,14.5,117.0,0.8577350189319329,0.8534207796026576,0.8158864372624649,1.1698932062195122,1.0,0.6350679896749234,0.6260066583644284,0.5464142781680033,0.05888805479243553,1,0.6673617187577916,1.2823012919851573,1.1381868701663864,0.45949849413489985
2018-01-31,2017-18,True,20180131_Louisville@Virginia,1,11.0,110.5,0.8375930217361471,0.8308580271295717,0.7443648430879445,1.2823012919851573,1.0,20180131_Connecticut@CentralFlorida,1,6.5,112.0,0.7617552369052211,0.7529997380813513,0.658280805710702,1.4499891106037792,1.0,0.6380408707027787,0.6256358768113558,0.4900010886506524,0.18632400834488316,1,0.8593229098916353,1.1587804851082582,1.2204443277269434,0.41422707013104954
2018-02-01,2017-18,True,20180201_GardnerWebb@Radford,1,6.0,121.5,0.7594137336616661,0.7484266769135419,0.6349289347532732,1.503317848273695,1.0,20180201_VMI@NCGreensboro,1,12.0,117.5,0.842187780259109,0.8355986362488262,0.7637098966103838,1.2498201270356855,1.0,0.6395689666508008,0.6253843105611965,0.4849015111153634,0.20167136002213426,1,0.8788769041044429,1.3375370370245026,1.1815863063144612,0.5804154471365706
2018-02-02,2017-18,True,20180202_WiscGreenBay@WiscMilwaukee,1,6.0,133.5,0.7509802186776335,0.741396289029872,0.646680245543951,1.4759999343989987,1.0,20180202_Harvard@Columbia,1,13.5,122.0,0.8488025103319817,0.8431868674339724,0.7994882345675444,1.1938887387333523,1.0,0.637433894823236,0.6251356144742698,0.5170132478396394,0.12327306958139683,1,0.7621797000501314,1.3375370370245026,1.1109979495289717,0.4860009055532786
2018-02-03,2017-18,True,20180203_Rice@NorthTexas,1,4.5,130.0,0.7379702077186499,0.7252731238499149,0.598900663540425,1.5937534521291652,1.0,20180203_Virginia@Syracuse,1,12.5,97.0,0.8684856936781066,0.862054899676269,0.7730231582709594,1.2347624903436976,1.0,0.640916567764308,0.6252252500183326,0.46296408242059256,0.2612641882911595,1,0.9679069815448731,1.3792140543690596,1.119599077894502,0.5441667834907367
2018-02-04,2017-18,True,20180204_GeorgiaTech@BostonCollege,1,9.0,126.5,0.7844422715738921,0.7777977112198515,0.7136250986540079,1.3375370370245026,1.0,20180204_Tulsa@SouthFlorida,1,11.0,124.5,0.8092936819017233,0.8037502932568517,0.7443648430879445,1.2823012919851573,0.0,0.6348441742013867,0.6251551384874637,0.5311974345832096,0.08883741306943271,0,-1.0,1.2347624903436976,1.2498201270356855,-1.0
2018-02-05,2017-18,True,20180205_Syracuse@Louisville,1,6.0,124.5,0.7452441364527204,0.7356057906560312,0.6349289347532732,1.503317848273695,1.0,20180205_IndianaU@Rutgers,1,15.0,113.5,0.8535014433259022,0.8496975146773398,0.8158864372624649,1.1698932062195122,0.0,0.6360669460925624,0.6250424121026892,0.5180299064907001,0.11866451016123092,0,-1.0,1.4252255760556465,1.1482205016261304,-1.0
2018-02-06,2017-18,True,20180206_CentralFlorida@Cincinnati,1,11.5,106.0,0.83926552208548,0.8343002139812027,0.7637098966103838,1.2498201270356855,1.0,20180206_BostonCollege@NotreDame,1,8.0,131.5,0.7579401763576062,0.7516108043691553,0.6920608131684455,1.3792140543690596,1.0,0.6361130578203272,0.6270690549157701,0.5285336920729716,0.09651227785231864,1,0.7237694846409408,1.1286544068863114,1.2656536796986362,0.4284856031837416
2018-02-07,2017-18,True,20180207_EastCarolina@Temple,1,12.0,123.5,0.837666608495719,0.8321166664812462,0.7637098966103838,1.2498201270356855,1.0,20180207_GeorgeMason@Fordham,1,8.0,129.5,0.7603403897667279,0.7527853986211577,0.6809820932783985,1.4016521277451301,1.0,0.636911755598208,0.6264052764763938,0.5200727640511685,0.11575031901441224,1,0.7518130403582575,1.1587804851082582,1.4252255760556465,0.6515235844104588
2018-02-08,2017-18,True,20180208_WiscGreenBay@WrightState,1,4.0,133.5,0.7337521495069808,0.7202240972828149,0.5866792852713355,1.6269536422417739,0.0,20180208_SaintMarysCA@LoyolaMarymount,-1,15.0,161.5,0.8761163125812012,0.8713934399091802,0.804360513865839,1.1866569573543277,1.0,0.6428522275745862,0.6275985536367561,0.47190165137529455,0.24111356250298832,0,-1.0,1.3578590342314956,1.1439960913753844,-1.0
2018-02-09,2017-18,True,20180209_KentState@BallState,1,7.5,138.0,0.7448538819833945,0.7375791717058497,0.6697185456365488,1.4252255760556465,1.0,20180209_Princeton@Harvard,1,14.0,115.5,0.8541942362797528,0.8497710926511749,0.8078123408329129,1.1815863063144612,1.0,0.6362498928608148,0.6267734586572284,0.5410069060498744,0.07146201364338456,1,0.6840270240764914,1.4016521277451301,1.1381868701663864,0.5953420483402858
2018-02-10,2017-18,True,20180210_Pennsylvania@Harvard,1,6.0,119.5,0.7528790031603694,0.7419203845419866,0.6349289347532732,1.503317848273695,1.0,20180210_WiscMilwaukee@WrightState,1,12.0,115.5,0.8504923911758757,0.8434765493922,0.7637098966103838,1.2498201270356855,1.0,0.6403178636639723,0.625792445877209,0.4849015111153634,0.20307844532373487,1,0.8788769041044429,1.4252255760556465,1.2204443277269434,0.7394084700284791
2018-02-11,2017-18,True,20180211_CentralFlorida@MemphisU,1,8.5,119.0,0.7733894907286242,0.7662824489015717,0.6920608131684455,1.3792140543690596,1.0,20180211_WakeForest@Syracuse,1,11.5,124.0,0.8215077371812242,0.8156640762099098,0.7541557499578204,1.2656536796986362,1.0,0.6353454504882113,0.6250290657991678,0.521921641571468,0.10906368371658082,1,0.7456073430042751,1.3792140543690596,1.3182002293551476,0.8180802827991374
2018-02-12,2017-18,True,20180212_ETennesseeSt@NCGreensboro,1,7.5,123.0,0.7519969393175476,0.7442886210132121,0.6697185456365488,1.4252255760556465,1.0,20180212_Baylor@Texas,1,13.5,119.0,0.8462578445595004,0.8419108061193599,0.7994882345675444,1.1938887387333523,1.0,0.6363833089822093,0.6266246329027002,0.5354320977081077,0.08284487032438359,1,0.7015607654075913,1.2498201270356855,1.1938887387333523,0.49214617511019276
2018-02-13,2017-18,True,20180213_MiamiOhio@EasternMichigan,1,6.0,119.5,0.7406336006092169,0.7322594222182764,0.646680245543951,1.4759999343989987,0.0,20180213_Virginia@MiamiFlorida,1,14.0,103.5,0.8583672648188025,0.8541509398110957,0.7994882345675444,1.1938887387333523,1.0,0.635735637987835,0.6254600736732707,0.5170132478396394,0.12028043586058179,0,-1.0,1.4252255760556465,1.1286544068863114,-1.0
2018-02-14,2017-18,True,20180214_St.Josephs@Fordham,1,6.5,128.0,0.7414898304798434,0.7323748774289787,0.646680245543951,1.4759999343989987,0.0,20180214_SouthFlorida@CentralFlorida,1,13.5,109.0,0.858776401566351,0.853923344350541,0.790914499650589,1.206830827379799,1.0,0.6367739684175235,0.625392004652471,0.5114687828383141,0.13427414940207894,0,-1.0,1.3375370370245026,1.1028291406484632,-1.0
2018-02-15,2017-18,True,20180215_Marshall@Rice,1,5.5,152.0,0.7407734034093614,0.730184228409372,0.6349289347532732,1.503317848273695,1.0,20180215_MoreheadState@TennesseeState,1,14.5,115.0,0.8630831629904006,0.8576543484939406,0.8078123408329129,1.1815863063144612,1.0,0.6393490520737156,0.6262456786969907,0.5129034290455894,0.1356755828167575,1,0.776299783558319,1.532005361159229,1.1286544068863114,0.729104602245819
2018-02-16,2017-18,True,20180216_IllinoisChicago@WiscGreenBay,1,4.5,142.0,0.7379436637449662,0.7248391570889808,0.598900663540425,1.5937534521291652,1.0,20180216_NorthernKentucky@WrightState,1,14.5,122.0,0.8735582081894849,0.8678769363387601,0.8078123408329129,1.1815863063144612,1.0,0.6446367446458364,0.6290711869927539,0.4837993469409755,0.21395236231131443,1,0.8831572546772217,1.2656536796986362,1.1286544068863114,0.4284856031837416
2018-02-17,2017-18,True,20180217_SanJoseState@Wyoming,1,8.5,135.0,0.7994233022203286,0.7895013063152514,0.6920608131684455,1.3792140543690596,1.0,20180217_MiamiOhio@Ohio,1,8.5,127.0,0.8006730444600213,0.7916705230349051,0.7029448388508284,1.3578590342314956,1.0,0.6400766892010342,0.6250249121073359,0.48648057678766615,0.19872171074177913,1,0.8727782638640766,1.2998028838891071,1.2823012919851573,0.6667389173370355
2018-02-18,2017-18,True,20180218_Drake@MissouriSt,1,8.0,132.5,0.7676590271845612,0.7609337947436499,0.6920608131684455,1.3792140543690596,0.0,20180218_SouthFlorida@Tulsa,1,12.0,122.5,0.8289759448971443,0.8237743135439697,0.7637098966103838,1.2498201270356855,1.0,0.6363708674191443,0.6268377144173581,0.5285336920729716,0.0969566821716068,0,-1.0,1.3792140543690596,1.2204443277269434,-1.0
2018-02-19,2017-18,True,20180219_ClevelandState@WrightState,1,9.5,127.0,0.7872029371397927,0.78114899826087,0.7136250986540079,1.3375370370245026,1.0,20180219_DetroitU@IllinoisChicago,1,12.0,146.5,0.8057744109857776,0.8008251813516634,0.7637098966103838,1.2498201270356855,1.0,0.6343079830000906,0.6255637881949314,0.5450025503116274,0.060360419081435746,1,0.6716807095288981,1.3375370370245026,1.2204443277269434,0.632389489961257
2018-02-20,2017-18,True,20180220_VMI@Furman,1,11.5,128.0,0.8273169023377532,0.821810056782789,0.7637098966103838,1.2498201270356855,1.0,20180220_KentState@Ohio,1,8.5,139.0,0.7676331033318449,0.7607730926268493,0.7029448388508284,1.3578590342314956,1.0,0.6350758411804184,0.625210978450489,0.536845930201569,0.07777422318533422,1,0.6970795506597609,1.1698932062195122,1.3578590342314956,0.5885500591512147
2018-02-21,2017-18,True,20180221_GeorgiaTech@Virginia,1,14.5,98.0,0.8829416278257605,0.8792870921436023,0.8158864372624649,1.1698932062195122,1.0,20180221_GeorgeMason@St.Josephs,1,6.0,142.5,0.7226099638699491,0.7138410819853543,0.6349289347532732,1.503317848273695,1.0,0.6380224177824468,0.627671249231545,0.5180299064907001,0.12210363994707651,1,0.7587213374839312,1.1698932062195122,1.532005361159229,0.7922826639120522
2018-02-22,2017-18,True,20180222_Rice@FlaAtlantic,1,8.0,129.5,0.7786283656777274,0.7700737442894432,0.6809820932783985,1.4016521277451301,1.0,20180222_GeorgiaState@TexasState,1,10.5,115.0,0.8180266838899282,0.8117420878267927,0.7443648430879445,1.2823012919851573,1.0,0.6369387799579858,0.6251012689701083,0.5068991290088751,0.14479575971190317,1,0.7973403343213252,1.3578590342314956,1.2498201270356855,0.6970795506597609
2018-02-23,2017-18,True,20180223_Harvard@Princeton,1,7.0,121.5,0.7626435202606727,0.7536007162206012,0.658280805710702,1.4499891106037792,1.0,20180223_TennesseeChat@NCGreensboro,1,12.0,119.5,0.8356843959394505,0.830034210283299,0.7637098966103838,1.2498201270356855,1.0,0.6373292895461764,0.6255143753570953,0.5027355660699204,0.1549844378394356,1,0.8122255744151758,1.3792140543690596,1.1698932062195122,0.6135331521288319
2018-02-24,2017-18,True,20180224_Harvard@Pennsylvania,1,4.0,121.5,0.7247648721330521,0.7130978703703431,0.598900663540425,1.5937534521291652,1.0,20180224_Virginia@Pittsburgh,1,15.0,98.5,0.8823182559955797,0.8783019285861647,0.8158864372624649,1.1698932062195122,1.0,0.6394732779872938,0.6263152348169593,0.4886349286501236,0.19231157063142512,1,0.864521336034805,1.3792140543690596,1.0950717768619327,0.5103383851908765
2018-02-25,2017-18,True,20180225_CentralFlorida@Temple,1,11.5,116.0,0.8308847107844174,0.8248224745413405,0.7541557499578204,1.2656536796986362,1.0,20180225_WrightState@IllinoisChicago,1,8.0,131.5,0.7666604591621945,0.7582864279253639,0.6809820932783985,1.4016521277451301,1.0,0.6370064538808287,0.6254516878925125,0.5135665612642171,0.13005338151336665,1,0.7740061731380468,1.1938887387333523,1.2498201270356855,0.49214617511019276
2018-02-26,2017-18,True,20180226_Texas@Kansas,1,9.5,129.0,0.7859475815747039,0.7797266848288481,0.7136250986540079,1.3375370370245026,1.0,20180226_JamesMadison@Elon,1,11.5,130.0,0.8073745019161239,0.8019899490616472,0.7541557499578204,1.2656536796986362,1.0,0.6345540372060587,0.625332964247895,0.538184471464137,0.07421030514507843,1,0.6928586726432726,1.206830827379799,1.206830827379799,0.4564406459142101
2018-02-27,2017-18,True,20180227_BallState@CentralMichigan,1,7.5,142.0,0.7579280476350572,0.7490973068076551,0.6697185456365488,1.4252255760556465,0.0,20180227_MiamiOhio@KentState,1,13.0,125.5,0.8411158696824869,0.8353249578880073,0.7820922088086885,1.2204443277269434,1.0,0.6375053089433105,0.6257396762631242,0.5237816566370308,0.10888213406411662,0,-1.0,1.3578590342314956,1.206830827379799,-1.0
2018-02-28,2017-18,True,20180228_Syracuse@BostonCollege,1,12.0,125.5,0.8251423446740501,0.8191697240850656,0.7637098966103838,1.2498201270356855,1.0,20180228_AirForce@Wyoming,1,9.0,138.5,0.7708560770130312,0.7638003615924108,0.7029448388508284,1.3578590342314956,0.0,0.6360659907927727,0.6256821314617286,0.536845930201569,0.07945458584455434,0,-1.0,1.2998028838891071,1.2656536796986362,-1.0
2018-03-01,2017-18,True,20180301_NorthFlorida@FlaGulfCoast,-1,9.5,181.0,0.815388526106305,0.8070913634574036,0.7035313584718755,1.3567270150874977,1.0,20180301_Virginia@Louisville,1,7.5,115.0,0.7836439699623035,0.7745657333553271,0.6697185456365488,1.4252255760556465,1.0,0.6389743016596562,0.6251453138211347,0.47116799820548994,0.23554757320921826,1,0.9336420416283366,1.1986808646357088,1.3578590342314956,0.6276396412060177
2018-03-02,2017-18,True,20180302_Ohio@MiamiOhio,1,6.5,134.0,0.7710458683696415,0.7599101636721194,0.646680245543951,1.4759999343989987,1.0,20180302_Cornell@Harvard,1,10.5,128.0,0.8308240150455959,0.8229179888105878,0.7343421158938076,1.2998028838891071,1.0,0.6406034241431836,0.625343743565785,0.474884539819472,0.229003416297477,1,0.9185089713519514,1.4016521277451301,1.206830827379799,0.691556997025311
2018-03-03,2017-18,True,20180303_Wyoming@BoiseState,1,4.5,146.0,0.7245632431711404,0.7123259017218455,0.598900663540425,1.5937534521291652,1.0,20180303_NotreDame@Virginia,1,15.0,103.5,0.887989450129472,0.8833416482128882,0.8158864372624649,1.1698932062195122,1.0,0.6434045158875679,0.6292271360917068,0.4886349286501236,0.19964144757351487,1,0.864521336034805,1.5937534521291652,1.1286544068863114,0.7987968572358541
2018-03-04,2017-18,True,20180304_Temple@Tulsa,1,7.0,134.5,0.7473085442657964,0.7391117231147797,0.658280805710702,1.4499891106037792,0.0,20180304_Tulane@CentralFlorida,1,13.5,118.0,0.8527799302443548,0.848395242579166,0.7994882345675444,1.1938887387333523,0.0,0.6372897282499962,0.6270588696250688,0.5262877592073498,0.10322860807864975,0,-1.0,1.3792140543690596,1.119599077894502,-1.0
2018-03-05,2017-18,True,20180305_Ohio@MiamiOhio,1,4.5,134.0,0.7403040702739144,0.7283676582748021,0.6110255493487714,1.5621278046675828,0.0,20180305_WiscMilwaukee@WrightState,1,14.5,116.0,0.865557554992915,0.8606894261353237,0.8078123408329129,1.1815863063144612,0.0,0.6407757810175925,0.626898341816069,0.4935939793281475,0.18273677446444525,0,-1.0,1.4499891106037792,1.1815863063144612,-1.0
2018-03-06,2017-18,True,20180306_Hartford@MDBaltimoreCo,1,7.0,132.5,0.7395250839770938,0.7314467851524132,0.658280805710702,1.4499891106037792,1.0,20180306_JacksonState@Southern,1,14.5,115.0,0.8607859185476233,0.8557752061786159,0.8158864372624649,1.1698932062195122,1.0,0.636572778700231,0.6259540233724922,0.5370823812895695,0.0798390355704588,1,0.6963324095876342,1.7770412220597585,1.2656536796986362,1.2491187616760944
2018-03-07,2017-18,True,20180307_FloridaA&M@Hampton,-1,6.0,157.5,0.7427880088156124,0.7324786031512381,0.6274100792151561,1.521333545030085,1.0,20180307_Fordham@GeoWashington,1,13.5,114.0,0.8591407038839327,0.8540236396073283,0.790914499650589,1.206830827379799,1.0,0.63815941273039,0.6255540425977123,0.4962277288781916,0.17165571744751706,1,0.8359922208693003,1.3188247832031277,1.1286544068863114,0.4884974034730942
2018-03-08,2017-18,True,20180308_EastCarolina@CentralFlorida,1,12.0,117.5,0.8485420290559023,0.8430105765107502,0.7730231582709594,1.2347624903436976,1.0,20180308_CalRiverside@UCDavis,1,7.0,122.5,0.7501809740718992,0.7415069032229666,0.658280805710702,1.4499891106037792,1.0,0.6365600858981025,0.6250981619726942,0.5088663074596387,0.13969219045850334,1,0.7903921651803656,1.2823012919851573,1.503317848273695,0.9277064191057058
2018-03-09,2017-18,True,20180309_TexasSouthern@PrairieViewA&M,-1,8.0,170.5,0.7584454403331543,0.750699448250803,0.6825738159169475,1.3983835560960622,1.0,20180309_N.CarolinaA&T@Hampton,-1,14.0,161.5,0.8394127599458516,0.8344489010214123,0.787996230339399,1.2113002109018793,0.0,0.6366487803383998,0.6264203295902632,0.5378655938709336,0.0783953650775544,0,-1.0,1.3188247832031277,1.2113002109018793,-1.0
2018-03-10,2017-18,True,20180310_Yale@Pennsylvania,1,8.5,135.0,0.7720458706428432,0.7648695517347703,0.6920608131684455,1.3792140543690596,1.0,20180310_Cornell@Harvard,1,11.5,130.0,0.8239328784877223,0.817986847664749,0.7637098966103838,1.2498201270356855,0.0,0.6361139765233176,0.6256532334982745,0.5285336920729716,0.0965138614844987,0,-1.0,1.3578590342314956,1.3578590342314956,-1.0
2018-03-11,2017-18,True,20180311_Davidson@RhodeIsland,-1,13.0,155.5,0.8169865548307979,0.8132949785721969,0.7707285968326812,1.238438542338418,1.0,20180311_Pennsylvania@Harvard,1,10.5,125.0,0.7743352649760059,0.7701792975152402,0.7343421158938076,1.2998028838891071,1.0,0.63262150041674,0.6263829552694069,0.5659784685779765,0.018347270326675602,1,0.6097259888508979,1.1255930949468087,1.4252255760556465,0.6042240671498234
2018-03-12,2017-18,True,20180312_CentralMichigan@IPFW,1,9.5,150.0,0.7640575280082194,0.7585129661167697,0.7136250986540079,1.3375370370245026,1.0,20180312_N.CarolinaA&T@Liberty,-1,15.0,152.5,0.8318832434340592,0.8288783556706033,0.8122010295111022,1.175201662296037,1.0,0.635606654569687,0.6287149801097001,0.5796070398117471,-0.0009053135922039157,1,0.5718757492937114,1.1938887387333523,1.238438542338418,0.4785578293111854
2018-03-13,2017-18,True,20180313_NorthernKentucky@Louisville,1,9.0,137.5,0.76078545175852,0.755638622702446,0.7029448388508284,1.3578590342314956,0.0,20180313_NCAsheville@USC,-1,14.0,163.5,0.8339120954432832,0.8304058244348466,0.787996230339399,1.2113002109018793,0.0,0.6344281902587122,0.6274867134600366,0.5539178831509891,0.04349158510287121,0,-1.0,1.2823012919851573,1.2530173461188492,-1.0
2018-03-14,2017-18,True,20180314_CentralArkansas@SeattleU,-1,8.5,168.0,0.7620765109616358,0.7553677496609276,0.6825738159169475,1.3983835560960622,0.0,20180314_JacksonvilleSt@Canisius,1,12.5,128.0,0.8350400652497941,0.8300529870447673,0.7820922088086885,1.2204443277269434,1.0,0.6363644194387398,0.6269952569233369,0.5338356633654606,0.08605087763169683,0,-1.0,1.3770647190434795,1.1381868701663864,-1.0
2018-03-15,2017-18,True,20180315_StephenF.Austin@TexasTech,-1,7.5,147.0,0.7571847556739661,0.7501691968547093,0.6718384842396864,1.4207283780121633,1.0,20180315_NCGreensboro@Gonzaga,1,12.5,123.0,0.8388655536176042,0.8339829197019757,0.7820922088086885,1.2204443277269434,1.0,0.635176209259252,0.6256282970633766,0.5254396441016975,0.10134466300733669,1,0.7339198901856454,1.3188247832031277,1.2347624903436976,0.6284353736348809
2018-03-16,2017-18,True,20180316_TexasSouthern@Xavier,-1,6.0,169.5,0.7419402834750656,0.7329674001715227,0.6387193311377546,1.4943966049997945,0.0,20180316_CSFullerton@Purdue,-1,14.5,161.0,0.8597385229778549,0.8561185319919591,0.804360513865839,1.1866569573543277,1.0,0.6378746434526239,0.6275069746328069,0.5137606094100092,0.13116615060547465,0,-1.0,1.3770647190434795,1.15389528328376,-1.0
2018-03-17,2017-18,True,20180317_PennState@NotreDame,1,9.0,130.5,0.7615454356689386,0.7564194288776382,0.7029448388508284,1.3578590342314956,1.0,20180317_RhodeIsland@Duke,-1,13.5,163.0,0.8305362737859652,0.8267477297060105,0.7794744549781167,1.224543016007878,1.0,0.6324911084591898,0.6253680455301045,0.5479275451429295,0.05167888969037904,1,0.6627567970913801,1.3182002293551476,1.1866569573543277,0.5642514733503565
2018-03-18,2017-18,True,20180318_Drake@No.Colorado,1,7.0,144.5,0.7555498728492981,0.7467461810282384,0.658280805710702,1.4499891106037792,1.0,20180318_MississippiSt@Baylor,1,12.5,123.0,0.8421618626183975,0.8370766998035816,0.7820922088086885,1.2204443277269434,1.0,0.6362952882198583,0.6250838288060457,0.5148362893546461,0.12600785783566648,1,0.7696309853022181,1.2998028838891071,1.2656536796986362,0.6451003028771476
2018-03-19,2017-18,True,20180319_NewOrleansU@Campbell,-1,6.5,151.0,0.7388161166519245,0.7311455072703221,0.6499010647427268,1.4686850842102457,1.0,20180319_WashingtonU@SaintMarysCA,-1,15.0,159.5,0.8644655963825848,0.8610890302521697,0.8122010295111022,1.175201662296037,0.0,0.6386811148985713,0.6295813758286324,0.5278503138644042,0.10236434030120889,0,-1.0,1.6100613407491033,1.1439960913753844,-1.0
2018-03-20,2017-18,True,20180320_MississippiSt@Louisville,1,9.5,134.0,0.765313218338474,0.7614633464629365,0.7240933347940118,1.3182002293551476,1.0,20180320_PennState@Marquette,-1,14.5,167.0,0.8250731832746042,0.822017861598042,0.7962920141301182,1.1986808646357088,1.0,0.631439413256657,0.625936471744752,0.5765897399813177,-0.0022617049789406263,1,0.5801013906864179,1.2998028838891071,1.1439960913753844,0.48696941872759125
2018-03-21,2017-18,True,20180321_UtahU@SaintMarysCA,-1,14.0,153.5,0.8540991101876658,0.8504392853350624,0.7962920141301182,1.1986808646357088,1.0,20180321_JacksonvilleSt@NorthTexas,1,8.0,129.5,0.7434403540943166,0.7374952492354357,0.6809820932783985,1.4016521277451301,1.0,0.634971744909559,0.6271949326977877,0.5422606026432,0.0668373537701683,1,0.6801335844040135,1.238438542338418,1.2656536796986362,0.5674342981912341
2018-03-22,2017-18,True,20180322_TexasA&M@Michigan,1,8.5,126.0,0.7682322012632619,0.7617908766553324,0.6920608131684455,1.3792140543690596,1.0,20180322_Campbell@SanFrancisco,-1,12.5,156.0,0.82758755763299,0.8224699683017221,0.7617612022343586,1.2530173461188492,1.0,0.6357794111384785,0.6265501181752524,0.5271850770584828,0.09874071224237024,1,0.7281791341353372,1.2998028838891071,1.3373274434706766,0.7382620677272322
2018-03-23,2017-18,True,20180323_Syracuse@Duke,1,11.0,122.5,0.7776801726986412,0.7746274229758999,0.7443648430879445,1.2823012919851573,1.0,20180323_TexasTech@Purdue,-1,13.5,152.0,0.810025818494577,0.8071350912588842,0.787996230339399,1.2113002109018793,1.0,0.6299410184172208,0.6252289757352872,0.5865566903504785,-0.021542963235652746,1,0.5532518254213734,1.3375370370245026,1.1866569573543277,0.587197630704219
2018-03-24,2017-18,True,20180324_LoyolaChicago@KansasState,-1,14.0,140.5,0.8279335629685363,0.8248708952878374,0.787996230339399,1.2113002109018793,1.0,20180324_CentralMichigan@Liberty,1,11.0,129.5,0.7621648953853282,0.7585536018032399,0.7443648430879445,1.2823012919851573,1.0,0.6310218974059164,0.6257087886432523,0.5865566903504785,-0.019864085973401835,1,0.5532518254213734,1.1866569573543277,1.1938887387333523,0.4167363781249158
2018-03-25,2017-18,True,20180325_Duke@Kansas,-1,10.5,166.0,0.7685733444367193,0.765223126894677,0.7335651861657148,1.301179524329792,0.0,20180325_TexasTech@Villanova,-1,15.0,159.5,0.8270872944979968,0.8241650500273857,0.8122010295111022,1.175201662296037,1.0,0.6356772480734432,0.630670156659264,0.5958023994172968,-0.02795519137217739,0,-1.0,1.3373274434706766,1.2113002109018793,-1.0
2018-03-27,2017-18,True,20180327_WesternKentucky@UtahU,-1,13.5,155.0,0.8121876341106693,0.8091467319609013,0.7794744549781167,1.224543016007878,1.0,20180327_MississippiSt@PennState,1,11.0,126.5,0.7773415305997243,0.773805651325401,0.7443648430879445,1.2823012919851573,1.0,0.6313471786337566,0.6261223139428249,0.5802133803708469,-0.008637767872557989,1,0.5702330915183031,1.175201662296037,1.3182002293551476,0.5491511007771868
2018-03-28,2017-18,True,20180328_SanFrancisco@NorthTexas,1,8.0,133.5,0.7606187569501881,0.7534324300386148,0.6809820932783985,1.4016521277451301,0.0,20180328_IllinoisChicago@Liberty,1,14.5,128.0,0.837231026810915,0.8336320711741596,0.8158864372624649,1.1698932062195122,0.0,0.6368136228930478,0.6280854371428706,0.5556040539244481,0.04423634513557517,0,-1.0,1.2998028838891071,1.1482205016261304,-1.0
2018-03-30,2017-18,True,20180330_SanFrancisco@NorthTexas,1,7.0,133.5,0.7452554963033468,0.7375683803971351,0.658280805710702,1.4499891106037792,1.0,20180330_IllinoisChicago@No.Colorado,1,15.0,142.5,0.8532245308637414,0.8492066869703238,0.8158864372624649,1.1698932062195122,1.0,0.6358702712070478,0.6263480007311186,0.5370823812895695,0.07864734934179385,1,0.6963324095876342,1.4499891106037792,1.1482205016261304,0.6649072239298981
2018-03-31,2017-18,True,20180331_LoyolaChicago@Michigan,1,14.0,115.5,0.8505011653168222,0.8470648741212324,0.8078123408329129,1.1815863063144612,1.0,20180331_Kansas@Villanova,1,9.0,145.5,0.7454218723979746,0.7405822991284131,0.7029448388508284,1.3578590342314956,1.0,0.633982171127125,0.6273212519876221,0.5678475157485023,0.017178519101157086,1,0.6044276407533142,1.206830827379799,1.3375370370245026,0.6141809290434053
2018-11-16,2018-19,True,20181116_TennesseeTech@NorthCarolina,1,6.5,150.0,0.7742725547683869,0.7654055976769032,0.6610383078085934,1.4439405231510118,1.0,20181116_Connecticut@Iowa,-1,15.0,170.5,0.8245905029344098,0.820656450182164,0.8003180082442136,1.1926509089730972,1.0,0.6384577953447745,0.628135040739085,0.5290408618784989,0.09949900874160256,1,0.7221169774391438,1.373702052475632,1.1926509089730972,0.638347001543272
2018-11-17,2018-19,True,20181117_Southern@GeorgeMason,-1,6.0,152.5,0.7487574821623723,0.7401457765653311,0.6353422562152348,1.5023398658952793,1.0,20181117_OldDominion@KennesawSt,-1,12.5,141.0,0.8506394704620627,0.845756770046045,0.7577048726040252,1.2597253027021504,1.0,0.6369226681311076,0.6259833013511161,0.4814019233055184,0.20539878715150817,1,0.892535542326439,1.428475190660421,1.1699906843783117,0.6713026659382251
2018-11-18,2018-19,True,20181118_SoCarolinaSt@OhioState,-1,14.5,158.0,0.8512707081291138,0.8479776932131169,0.7922342369889063,1.2048204374855438,1.0,20181118_Montana@GeorgiaSouthern,-1,8.5,163.0,0.7443405400155305,0.7380416981433268,0.6788554425976485,1.406043083852424,1.0,0.6336352985882276,0.6258428966866698,0.5378125235921143,0.07339685219272507,1,0.6940294434106007,1.245007455811974,1.3446743591409251,0.6741296027696397
2018-11-19,2018-19,True,20181119_UtahState@SaintMarysCA,-1,6.0,149.5,0.7509349220942049,0.7416480053498791,0.6241350269755992,1.5293165080403612,1.0,20181119_JacksonState@SamHoustonSt,1,13.0,115.5,0.8497685478366429,0.8446853466726623,0.7934694327517268,1.2029448906302846,1.0,0.638120878267815,0.6264592025080511,0.4952320658148124,0.17394043767569167,1,0.8396834795037011,1.451969914791767,1.1901471086025208,0.72805779586727
2018-11-20,2018-19,True,20181120_SantaClara@MinnesotaU,-1,11.5,154.0,0.8234608983939689,0.8183361517234183,0.7485362083752164,1.2751554157571772,1.0,20181120_MDEasternShore@Mercer,1,8.5,125.0,0.7719633582328437,0.7657051721427506,0.6948377184702007,1.373702052475632,0.0,0.6356816404976426,0.6266042239260161,0.5201111912197701,0.11351311201431269,0,-1.0,1.2751554157571772,1.3525223731157434,-1.0
2018-11-21,2018-19,True,20181121_LoyolaChicago@BostonCollege,-1,8.0,148.5,0.7445884712617689,0.73889282455037,0.6788554425976485,1.406043083852424,1.0,20181121_SaintMarysCA@MississippiSt,-1,15.0,152.5,0.8516596903962258,0.8481479612582724,0.8003180082442136,1.1926509089730972,1.0,0.6341359869073971,0.6266904427307627,0.5433002357054941,0.06339440728476875,1,0.6769185620119302,1.428475190660421,1.1307132526757717,0.6151958291982877
2018-11-22,2018-19,True,20181122_Dayton@Virginia,-1,8.0,134.5,0.7706375139579469,0.7650213683229525,0.6788554425976485,1.406043083852424,1.0,20181122_CalRiverside@Pacific,-1,13.5,151.0,0.8227908127494746,0.8192242281119693,0.7754044347329616,1.2309705196988154,1.0,0.6340734664446938,0.6267240399535333,0.5263875207328241,0.0974528248464055,1,0.7307975856487436,1.3260536183091631,1.2309705196988154,0.6323329116785252
2018-11-23,2018-19,True,20181123_Wisconsin@Virginia,-1,6.5,128.0,0.76791950254217,0.7598749116466968,0.6464284260161587,1.4765749177870164,1.0,20181123_GeorgeMason@Cincinnati,-1,12.5,149.0,0.8286238047053072,0.8237582753315535,0.7577048726040252,1.2597253027021504,1.0,0.6363163799038997,0.6259532466857997,0.489801968182194,0.18359859898010078,1,0.8600787852716523,1.3846278622294341,1.1494054314779392,0.5914987854221991
2018-11-24,2018-19,True,20181124_American@MDBaltimoreCo,1,6.0,123.5,0.7447300932955019,0.7353705988020222,0.637648358327574,1.4969065434489086,1.0,20181124_AbileneChristian@CalRiverside,-1,14.5,146.0,0.8580627687403893,0.853553299577924,0.7922342369889063,1.2048204374855438,1.0,0.6390251658174269,0.6276780010200598,0.5051668606268743,0.1524841848396623,1,0.8035035965530872,1.4969065434489086,1.2048204374855438,0.8035035965530872
2018-11-25,2018-19,True,20181125_Furman@NCAsheville,1,8.0,128.5,0.7713708039617845,0.7641071578090253,0.6837574761982375,1.3959627985453542,0.0,20181125_Depaul@NotreDame,1,12.0,125.5,0.8254416756635039,0.8197665959039401,0.7663713754746022,1.245479711985449,1.0,0.6367216089801195,0.6263895236629394,0.5240121575250858,0.10703178760914334,0,-1.0,1.373702052475632,1.2776407908729566,-1.0
2018-11-26,2018-19,True,20181126_TexasA&MCorpus@UTRioGrandeValley,1,6.5,132.0,0.7312120887941397,0.7244041675212787,0.6610383078085934,1.4439405231510118,0.0,20181126_AlcornState@MississippiSt,1,15.0,116.5,0.8685819498664781,0.8656854005948733,0.8260853998427878,1.1554495457511424,1.0,0.6351176218507542,0.6271061119532538,0.5460740948174617,0.059630508040113384,0,-1.0,1.3132071570205124,1.1167634575394259,-1.0
2018-11-27,2018-19,True,20181127_E.Washington@WashingtonU,1,8.0,128.5,0.7679097944292347,0.7615403002104181,0.6948377184702007,1.373702052475632,1.0,20181127_Temple@Missouri,1,12.0,122.5,0.8263561628817301,0.821490142113505,0.7663713754746022,1.245479711985449,1.0,0.6345669911638405,0.6255978494450176,0.5325037380356421,0.0856921106583699,1,0.7109180366711705,1.3525223731157434,1.373702052475632,0.8579627599683093
2018-11-28,2018-19,True,20181128_VaCommonwealth@OldDominion,1,5.0,120.5,0.7365380666578104,0.7261168124082126,0.6136865804327578,1.5553541994138251,0.0,20181128_Siena@Hofstra,1,14.5,122.0,0.8649287504894067,0.860800973681564,0.8183094879774602,1.1664291005095753,1.0,0.6370529496822233,0.625042059127543,0.5021855514125685,0.15574808653424466,0,-1.0,1.3525223731157434,1.1351110365261434,-1.0
2018-11-29,2018-19,True,20181129_NorthernArizona@UCDavis,1,8.0,131.5,0.7623916289057078,0.7561490933902167,0.6948377184702007,1.373702052475632,0.0,20181129_Belmont@Samford,-1,14.5,172.0,0.832956622226092,0.8297684533762834,0.7922342369889063,1.2048204374855438,0.0,0.6350391560267465,0.627428663744279,0.5504742297233519,0.05103064121973988,0,-1.0,1.3323734382743133,1.1220244014571552,-1.0
2018-11-30,2018-19,True,20181130_Niagara@St.FrancisPA,1,6.5,143.0,0.7485814181606487,0.7401263415640227,0.6494212509195924,1.4697701971538668,1.0,20181130_Radford@Texas,1,13.5,123.0,0.8511128142537557,0.8461618977949363,0.7934694327517268,1.2029448906302846,0.0,0.6371272375087773,0.6262667097858367,0.5152959115840857,0.12647443635735245,0,-1.0,1.3323734382743133,1.2029448906302846,-1.0
2018-12-01,2018-19,True,20181201_Marshall@Ohio,1,5.5,154.0,0.7275297663421656,0.7175298313942194,0.6257323512281934,1.5254125795581743,1.0,20181201_Fordham@Manhattan,1,15.0,102.5,0.8782343249356775,0.8734912109443808,0.8260853998427878,1.1554495457511424,1.0,0.638941613214123,0.626756001313254,0.5169083595589099,0.12615840800704348,1,0.762537272133571,1.2949775762452678,1.1167634575394259,0.4461836354836908
2018-12-02,2018-19,True,20181202_TexasA&MCorpus@Tennessee,1,7.5,128.0,0.7583695733946897,0.7519713102466002,0.6724874882131149,1.4193572620008565,1.0,20181202_Delaware@Columbia,-1,14.5,166.0,0.8349164129907084,0.8317321286990954,0.8003180082442136,1.1926509089730972,0.0,0.633175203939988,0.6254386985920527,0.5382038471358742,0.07183754708793622,0,-1.0,1.5553541994138251,1.0912048946888904,-1.0
2018-12-03,2018-19,True,20181203_MorganState@Virginia,-1,14.0,147.5,0.8546515126477822,0.8512798151640356,0.7839292000803321,1.2175844450011417,1.0,20181203_MDBaltimoreCo@CoppinState,1,7.5,131.0,0.7423185638093812,0.7360473515788403,0.6837574761982375,1.3959627985453542,0.0,0.6344236834262169,0.6265822534040131,0.536017451365031,0.07833157743854846,0,-1.0,1.1810494300318113,1.3525223731157434,-1.0
2018-12-04,2018-19,True,20181204_NCAsheville@Auburn,1,11.5,127.0,0.8274826391980281,0.8221329104286217,0.7568459925862525,1.2611548575930687,0.0,20181204_Lamar@HoustonU,1,8.5,127.0,0.7681613581922287,0.7614655530608048,0.6948377184702007,1.373702052475632,1.0,0.6356401880068473,0.6260258913290195,0.5258851427219461,0.10121548975503702,0,-1.0,1.1257005309942296,1.245479711985449,-1.0
2018-12-05,2018-19,True,20181205_VaCommonwealth@Texas,1,4.5,129.0,0.7339944762106531,0.723405379709974,0.6136865804327578,1.5553541994138251,0.0,20181205_UCDavis@NoIllinois,1,15.0,119.5,0.8727794809482242,0.8681061141806569,0.8183094879774602,1.1664291005095753,1.0,0.6406153179659975,0.627992633157408,0.5021855514125685,0.16221097212257152,0,-1.0,1.3323734382743133,1.1257005309942296,-1.0
2018-12-06,2018-19,True,20181206_Pepperdine@CalRiverside,-1,9.5,156.0,0.7584431817315922,0.7538487241212898,0.6996848264528814,1.3641856503290606,1.0,20181206_NebraskaOmaha@SeattleU,1,14.5,136.0,0.8335873885418197,0.8298041427578968,0.8102817600128105,1.17798529734263,1.0,0.6322286712169867,0.6255467942886012,0.5669418526324986,0.01598555631101717,1,0.6069906389334274,1.3846278622294341,1.1554495457511424,0.599867634447375
2018-12-07,2018-19,True,20181207_NewMexico@SaintMarysCA,-1,6.0,165.5,0.7552993514929416,0.7458459399393488,0.6353422562152348,1.5023398658952793,1.0,20181207_IdahoState@SantaClara,-1,14.5,163.0,0.8454179404067399,0.8414988986538439,0.7922342369889063,1.2048204374855438,1.0,0.6385436221297089,0.627628537024403,0.5033398875794867,0.15579573923147327,1,0.8100497744799238,1.406043083852424,1.2048204374855438,0.6940294434106007
2018-12-08,2018-19,True,20181208_Rutgers@Fordham,1,14.0,109.5,0.8614094558267764,0.8565054939415052,0.8020016963455725,1.1901471086025208,1.0,20181208_WesternMichigan@YoungstownState,1,7.0,142.5,0.7390205696237602,0.731285914952414,0.6610383078085934,1.4439405231510118,1.0,0.6365993067243976,0.6263504037987829,0.5301538442118986,0.09399695175162615,1,0.7185016386221881,1.0656640461935203,1.2776407908729566,0.3615358547835641
2018-12-09,2018-19,True,20181209_NewHampshire@Niagara,1,6.0,138.5,0.7418897370331895,0.7335403728135163,0.6494212509195924,1.4697701971538668,0.0,20181209_Longwood@Duquesne,1,13.5,117.0,0.8582036709625275,0.8534149135487791,0.8020016963455725,1.1901471086025208,1.0,0.6366924957713074,0.6260142938491862,0.5208369448803768,0.11372973249567964,0,-1.0,1.3959627985453542,1.1664291005095753,-1.0
2018-12-10,2018-19,True,20181210_SacredHeart@Dartmouth,-1,10.0,166.5,0.7570247616201702,0.75332205923493,0.7098372877503245,1.3446743591409251,1.0,20181210_CSFullerton@SaintMarysCA,-1,14.5,158.0,0.8346577033509814,0.8318235811799188,0.8003180082442136,1.1926509089730972,1.0,0.6318565489137155,0.6266310530946304,0.5680955643098144,0.013325468721690603,1,0.6037270967022415,1.3641856503290606,1.2175844450011417,0.6610112279344309
2018-12-11,2018-19,True,20181211_SoCarolinaSt@Liberty,-1,14.5,154.0,0.8482283738849917,0.8447443515689784,0.7922342369889063,1.2048204374855438,1.0,20181211_Villanova@Pennsylvania,1,8.0,129.5,0.7460257551373634,0.7402511209864386,0.6837574761982375,1.3959627985453542,1.0,0.6328002131564887,0.6253229531958985,0.5416960824413709,0.06429687621551938,1,0.6818845096569577,1.1810494300318113,1.2305770889167567,0.4533723694753411
2018-12-12,2018-19,True,20181212_NorthwesternSt@TexasTech,1,12.5,121.0,0.8429372454461629,0.8389033501519406,0.7846857966966423,1.2164104460896819,1.0,20181212_LSU@HoustonU,1,8.0,128.5,0.7529728947239648,0.7469085747394453,0.6837574761982375,1.3959627985453542,1.0,0.6347088977742424,0.6265841056061318,0.5365347799578993,0.07777615873807564,1,0.698063730503155,1.2164104460896819,1.2305770889167567,0.49688682567697406
2018-12-13,2018-19,True,20181213_E.Washington@SanFrancisco,1,7.5,132.0,0.7475224774319827,0.7417648241742838,0.6837574761982375,1.3959627985453542,1.0,20181213_NCCentral@McNeeseState,-1,15.0,157.5,0.8477759588180763,0.8447886016452549,0.8081795526325183,1.1810494300318113,1.0,0.633731585042963,0.6266344685638316,0.5525988112230313,0.04483394081164205,1,0.6487010675676028,1.245479711985449,1.1398334698560209,0.41963946174765177
2018-12-14,2018-19,True,20181214_Howard@GeoWashington,-1,10.5,164.0,0.7823436264872259,0.7780003451583485,0.7198049813529206,1.3260536183091631,1.0,20181214_WiscGreenBay@Creighton,-1,15.0,183.5,0.8124542759537065,0.8097903898539568,0.8003180082442136,1.1926509089730972,1.0,0.6356184246046761,0.630017202812292,0.5760728890006327,0.0052426490921921864,1,0.581519053223488,1.2913305091739378,1.2597253027021504,0.6267217165576608
2018-12-15,2018-19,True,20181215_YoungstownState@Binghamton,1,5.5,142.0,0.7430684444141514,0.7327276331264737,0.6257323512281934,1.5254125795581743,0.0,20181215_CollCharleston@VaCommonwealth,1,13.0,114.5,0.8607515404551439,0.8547483235301271,0.7846857966966423,1.2164104460896819,1.0,0.6395973081930884,0.6262977160190514,0.49100328854235814,0.18679058383645408,0,-1.0,1.3959627985453542,1.071872175618598,-1.0
2018-12-16,2018-19,True,20181216_Cornell@Niagara,1,5.5,140.0,0.7420279466739783,0.7319275393676098,0.6257323512281934,1.5254125795581743,1.0,20181216_IndianaState@TCU,1,14.5,128.0,0.859410398636532,0.8547603604212599,0.8102817600128105,1.17798529734263,1.0,0.637706533450531,0.625622647352104,0.5070195108501346,0.14590353709117898,1,0.7969135911010241,1.4193572620008565,1.0853070527698467,0.5404384468496288
2018-12-17,2018-19,True,20181217_NorthDakotaState@Montana,-1,9.0,154.5,0.7578218423135974,0.7526311394870673,0.6893548989135093,1.3846278622294341,1.0,20181217_FloridaA&M@UtahU,-1,13.0,147.5,0.8352516215299817,0.8317933685214259,0.7754044347329616,1.2309705196988154,0.0,0.6329719226232703,0.6260335907680669,0.5345288457224275,0.07886018201312428,0,-1.0,1.3082847106873832,1.2175844450011417,-1.0
2018-12-18,2018-19,True,20181218_Mercer@Florida,1,7.5,119.0,0.7812007877156198,0.7731184038141201,0.6724874882131149,1.4193572620008565,1.0,20181218_NorthDakota@Marquette,1,10.5,134.0,0.8162583892592347,0.8104360010087361,0.747080092322218,1.2776407908729566,1.0,0.6376616966687971,0.6265629874933727,0.5024020147797903,0.15635404379121676,1,0.8134287347540485,1.17798529734263,1.3525223731157434,0.5932514698573084
2018-12-19,2018-19,True,20181219_AlabamaA&M@SouthAlabama,1,7.5,124.0,0.7399812598541919,0.7340773216227469,0.6724874882131149,1.4193572620008565,1.0,20181219_SouthernMiss@KansasState,1,14.0,113.5,0.8571632380962025,0.8534281111059439,0.8102817600128105,1.17798529734263,0.0,0.6342847328271266,0.6264822219982112,0.5449043455359168,0.06051264748062679,0,-1.0,1.4193572620008565,1.1664291005095753,-1.0
2018-12-20,2018-19,True,20181220_SavannahState@TennesseeTech,1,7.5,160.0,0.7460381388055575,0.7380394436018253,0.6724874882131149,1.4193572620008565,1.0,20181220_SoCarolinaSt@MiamiOhio,-1,15.0,160.5,0.8546712937451935,0.8513720956764762,0.8081795526325183,1.1810494300318113,1.0,0.637617381276202,0.6283461877911865,0.5434906373750411,0.06885783675936463,1,0.6763310852976239,1.3323734382743133,1.1810494300318113,0.5735988898634024
2018-12-21,2018-19,True,20181221_Oakland@MichiganState,-1,15.0,173.5,0.8664145056534273,0.862554695923919,0.8081795526325183,1.1810494300318113,1.0,20181221_UTArlington@CalPolySLO,1,6.0,126.5,0.7338322596260852,0.7257583836764676,0.6494212509195924,1.4697701971538668,1.0,0.6358029144564721,0.6260063019462905,0.5248489760382465,0.10367200217682226,1,0.7358712536263172,1.1699906843783117,1.373702052475632,0.607218604507856
2018-12-22,2018-19,True,20181222_UCDavis@Arizona,1,4.5,124.0,0.7308107366386829,0.721100919512057,0.6136865804327578,1.5553541994138251,1.0,20181222_SoCarolinaSt@Cincinnati,-1,15.0,149.5,0.8750885750671064,0.871262857023555,0.8003180082442136,1.1926509089730972,1.0,0.6395241261688873,0.6282684473363873,0.49114442173814715,0.1863138004249989,1,0.8549945997060224,1.245479711985449,1.1810494300318113,0.47097310395659897
2018-12-23,2018-19,True,20181223_CoppinState@HoustonU,1,6.5,124.0,0.7489330165995136,0.7423627452563186,0.6610383078085934,1.4439405231510118,0.0,20181223_SIUEdwardsville@No.Colorado,-1,15.0,168.5,0.846787802183738,0.8431270373026091,0.8081795526325183,1.1810494300318113,1.0,0.634187343109139,0.6259061020117914,0.5342376438777059,0.08152098200991365,0,-1.0,1.3525223731157434,1.1699906843783117,-1.0
2018-12-25,2018-19,True,20181225_Hawaii@RhodeIsland,1,10.0,125.5,0.7637570329266598,0.7596930402738518,0.7268464803113243,1.3132071570205124,1.0,20181225_IndianaState@TCU,1,14.0,130.5,0.828086775610477,0.82481097218177,0.8020016963455725,1.1901471086025208,1.0,0.6324570987460626,0.6266031551080002,0.5829321101924908,-0.011526664951467702,1,0.5629097009240993,1.3132071570205124,1.1082769136757853,0.4553971749996457
2018-12-28,2018-19,True,20181228_UTArlington@Texas,1,8.0,126.5,0.7918773804309355,0.7833181665947675,0.6837574761982375,1.3959627985453542,1.0,20181228_UCDavis@LoyolaMarymount,1,9.5,112.0,0.8058126968030982,0.7987543721159989,0.7163907449523056,1.3323734382743133,1.0,0.638104847462425,0.6256788103254589,0.4898375277403637,0.18683912518019663,1,0.8599437536009062,1.2776407908729566,1.1554495457511424,0.476249471447288
2018-12-29,2018-19,True,20181229_Maine@Rutgers,1,7.0,114.5,0.7855169425832801,0.7763724589887308,0.6610383078085934,1.4439405231510118,1.0,20181229_NJIT@HoustonU,1,9.5,120.0,0.8119980112451717,0.8054296197137674,0.7268464803113243,1.3132071570205124,1.0,0.6378381951770111,0.6253133743995358,0.4804733673816299,0.2094643395247766,1,0.8961930293138516,1.3959627985453542,1.2611548575930687,0.7605252644046878
2018-12-30,2018-19,True,20181230_Binghamton@Michigan,1,13.5,114.0,0.868619865830653,0.8644233170135006,0.7934694327517268,1.2029448906302846,1.0,20181230_Rider@VaCommonwealth,1,6.0,135.5,0.7343682067089153,0.7256147792700043,0.637648358327574,1.4969065434489086,1.0,0.6378868131817953,0.6272383343705962,0.50595448117725,0.14864028282742892,1,0.8006960781929049,1.1664291005095753,1.3959627985453542,0.628291631452087
2018-12-31,2018-19,True,20181231_Marshall@Virginia,1,8.0,128.5,0.7678543231076168,0.7622123392042182,0.6948377184702007,1.373702052475632,1.0,20181231_Monmouth@Pennsylvania,1,12.5,122.0,0.8253414231665495,0.8211135963880012,0.7756523411631369,1.2305770889167567,1.0,0.633741979818228,0.6258629150552867,0.5389525030598638,0.0713067676844159,1,0.6904462727744369,1.3959627985453542,1.1664291005095753,0.628291631452087
2019-01-01,2018-19,True,20190101_CSNorthridge@SanDiegoState,-1,13.5,171.0,0.8250757698439873,0.8212515596592779,0.7754044347329616,1.2309705196988154,1.0,20190101_CSFullerton@WashingtonU,1,9.5,127.0,0.7660977607530206,0.7614777806050861,0.7163907449523056,1.3323734382743133,1.0,0.6320886997290533,0.6253648149678124,0.5554925606376678,0.036696529334714345,1,0.640112423745429,1.1494054314779392,1.2776407908729566,0.4685272645071461
2019-01-02,2018-19,True,20190102_NichollsState@NorthwesternSt,1,6.5,128.0,0.77690545856031,0.7669783877302011,0.6610383078085934,1.4439405231510118,1.0,20190102_Maine@Brown,1,9.5,118.0,0.823061932181313,0.8155128806755291,0.7268464803113243,1.3132071570205124,1.0,0.6394413078448578,0.6254807543937292,0.4804733673816299,0.21250415059075212,1,0.8961930293138516,1.2611548575930687,1.17798529734263,0.485621879916873
2019-01-03,2018-19,True,20190103_Marshall@OldDominion,1,7.5,135.0,0.7635831309580079,0.7555120940214011,0.6724874882131149,1.4193572620008565,1.0,20190103_Mercer@Furman,1,11.5,124.0,0.8353733519250205,0.8295418675553806,0.7663713754746022,1.245479711985449,1.0,0.6378769995817929,0.6267289134351893,0.5153751613313452,0.12762663217407222,1,0.7677806738812825,1.245479711985449,1.2029448906302846,0.4982434559165745
2019-01-04,2018-19,True,20190104_Buffalo@EasternMichigan,1,8.5,137.0,0.750639122038861,0.7458105913433428,0.6948377184702007,1.373702052475632,0.0,20190104_BallState@Toledo,1,15.0,136.5,0.8422833486980579,0.8388990299758025,0.8183094879774602,1.1664291005095753,1.0,0.6322508333746619,0.6256597816236099,0.5685922976287766,0.013071980094668367,0,-1.0,1.3959627985453542,1.0925690567038595,-1.0
2019-01-05,2018-19,True,20190105_VaCommonwealth@Fordham,1,6.0,114.5,0.7782654576737433,0.7681320842482794,0.6494212509195924,1.4697701971538668,1.0,20190105_Maine@MDBaltimoreCo,1,10.0,112.5,0.8236987148099758,0.8155406209381412,0.7268464803113243,1.3132071570205124,1.0,0.64105625726686,0.6264429169503504,0.47202955047028305,0.2373108505395396,1,0.9301127420779074,1.2029448906302846,1.245479711985449,0.4982434559165745
2019-01-06,2018-19,True,20190106_RhodeIsland@SaintLouis,1,8.5,123.0,0.7609803698923185,0.7551050816884648,0.6948377184702007,1.373702052475632,0.0,20190106_St.Bonaventure@GeorgeMason,1,13.0,121.5,0.8332958298704937,0.8284998396470109,0.7846857966966423,1.2164104460896819,0.0,0.6341217688445748,0.6256044390955362,0.5452292886926667,0.05960829774374443,0,-1.0,1.3323734382743133,1.1554495457511424,-1.0
2019-01-07,2018-19,True,20190107_CoppinState@DelawareState,1,6.5,132.0,0.7439690381741518,0.7359504167131377,0.6610383078085934,1.4439405231510118,0.0,20190107_JacksonState@AlabamaState,1,15.0,116.5,0.8591949686478504,0.8553507497798234,0.8260853998427878,1.1554495457511424,0.0,0.6392144544290118,0.6294957407363557,0.5460740948174617,0.0664656652407658,0,-1.0,1.4439405231510118,1.1450189848886083,-1.0
2019-01-08,2018-19,True,20190108_Oklahoma@TexasTech,1,6.5,124.0,0.7581690416688349,0.7496707040710109,0.6610383078085934,1.4439405231510118,1.0,20190108_Toledo@Buffalo,1,13.0,140.5,0.8400820549262376,0.8348708802244719,0.7846857966966423,1.2164104460896819,1.0,0.6369242065066111,0.6258782405862644,0.5187073712097864,0.11870917642760825,1,0.7564243358930909,1.3525223731157434,1.1257005309942296,0.5225351535979679
2019-01-09,2018-19,True,20190109_Cornell@Towson,1,11.0,120.5,0.8215024251632864,0.8155070185093001,0.747080092322218,1.2776407908729566,1.0,20190109_LaSalle@VaCommonwealth,1,8.5,130.0,0.7742797769646201,0.7672194170236484,0.6948377184702007,1.373702052475632,1.0,0.636072714531324,0.6256728193193988,0.5190994268636768,0.11636980712448186,1,0.7550977767487701,1.1901471086025208,1.1664291005095753,0.38822222136131024
2019-01-10,2018-19,True,20190110_OldDominion@FlaAtlantic,1,8.0,115.5,0.7856781758315181,0.7776286680220909,0.6837574761982375,1.3959627985453542,1.0,20190110_UCDavis@CalIrvine,1,9.5,115.0,0.8107688573300443,0.803834562123882,0.7163907449523056,1.3323734382743133,1.0,0.6370033968480736,0.625084799854515,0.4898375277403637,0.18479048899013373,1,0.8599437536009062,1.2776407908729566,1.1664291005095753,0.490277398472285
2019-01-11,2018-19,True,20190111_IndianaU@Maryland,-1,10.5,153.0,0.7656212572886393,0.7624569050888804,0.7198049813529206,1.3260536183091631,0.0,20190111_Purdue@Wisconsin,-1,14.0,149.5,0.8270395442224077,0.8241993593307635,0.7839292000803321,1.2175844450011417,0.0,0.6331990556749829,0.628416492691572,0.5642761432458334,0.022351961639183626,0,-1.0,1.3446743591409251,1.1307132526757717,-1.0
2019-01-12,2018-19,True,20190112_Fordham@St.Bonaventure,1,10.0,109.5,0.8255485123589797,0.8180906361649412,0.7268464803113243,1.3132071570205124,1.0,20190112_Princeton@Pennsylvania,1,6.5,129.0,0.7731986222406053,0.7640519459518053,0.6610383078085934,1.4439405231510118,0.0,0.6383129723487445,0.6250637425267735,0.4804733673816299,0.21036460868829465,0,-1.0,1.2611548575930687,1.2305770889167567,-1.0
2019-01-13,2018-19,True,20190113_GeorgeMason@RhodeIsland,1,14.0,123.5,0.8430896109421395,0.8388570051707295,0.8020016963455725,1.1901471086025208,1.0,20190113_Fairfield@Quinnipiac,1,8.5,134.0,0.7508113374275245,0.7451340323109789,0.6948377184702007,1.373702052475632,1.0,0.633001238362719,0.6250609027951773,0.5572610288979883,0.03489848846222454,1,0.6349075258352217,1.1002190566160877,1.2776407908729566,0.40568474562847645
2019-01-14,2018-19,True,20190114_Texas@Kansas,1,6.5,130.0,0.7361705741189344,0.7295637557887438,0.6610383078085934,1.4439405231510118,1.0,20190114_AlabamaA&M@ArkPineBluff,1,15.0,113.5,0.8616945530760277,0.8576014264095738,0.8183094879774602,1.1664291005095753,0.0,0.6343541738531379,0.6256749176211527,0.5409339191963368,0.06841371053153145,0,-1.0,1.3959627985453542,1.1257005309942296,-1.0
2019-01-15,2018-19,True,20190115_Marquette@Georgetown,1,7.0,149.5,0.7363861253108226,0.7287996880298727,0.6610383078085934,1.4439405231510118,0.0,20190115_EasternMichigan@Akron,1,15.0,111.5,0.8650929537436671,0.8611208576875017,0.8183094879774602,1.1664291005095753,0.0,0.6370424482409938,0.6275846124386677,0.5409339191963368,0.0729414480826378,0,-1.0,1.2776407908729566,1.0853070527698467,-1.0
2019-01-16,2018-19,True,20190116_KansasState@Oklahoma,1,6.0,121.5,0.7568511358191936,0.7469743576689497,0.637648358327574,1.4969065434489086,1.0,20190116_Binghamton@MDBaltimoreCo,1,11.5,112.0,0.8433680926133151,0.8367181846080871,0.7568459925862525,1.2611548575930687,1.0,0.6383040988080544,0.6250070284975555,0.4826016046794272,0.20501023875246394,1,0.887830958633441,1.2949775762452678,1.1554495457511424,0.49628125223051
2019-01-17,2018-19,True,20190117_LouisianaTech@OldDominion,1,11.5,115.0,0.8339244632997634,0.8286273695347406,0.7663713754746022,1.245479711985449,1.0,20190117_SouthernMiss@CharlotteU,1,7.5,114.0,0.7639956883066457,0.7572302252907972,0.6837574761982375,1.3959627985453542,1.0,0.6371146943344529,0.6274616897149122,0.5240121575250858,0.10771522284418666,1,0.7386433442746692,1.1554495457511424,1.2949775762452678,0.49628125223051
2019-01-18,2018-19,True,20190118_Ohio@Toledo,1,8.5,129.0,0.7839868721685114,0.7770190794915148,0.6948377184702007,1.373702052475632,0.0,20190118_Xavier@Villanova,1,11.0,124.5,0.8098747742814644,0.8045651389157584,0.747080092322218,1.2776407908729566,1.0,0.6349311911371044,0.6251624636312854,0.5190994268636768,0.1143663219531803,0,-1.0,1.1554495457511424,1.2029448906302846,-1.0
2019-01-19,2018-19,True,20190119_Yale@Brown,1,4.5,142.0,0.7404573063115139,0.7290629787692079,0.6136865804327578,1.5553541994138251,0.0,20190119_CalPolySLO@UCDavis,1,12.5,114.0,0.8651493075627689,0.8584153541265056,0.7846857966966423,1.2164104460896819,1.0,0.6406061258351993,0.6258388551006946,0.4815511432889166,0.21199418036900242,0,-1.0,1.2029448906302846,1.17798529734263,-1.0
2019-01-20,2018-19,True,20190120_Providence@Marquette,1,5.5,133.0,0.7386584982146508,0.7300617772331752,0.637648358327574,1.4969065434489086,1.0,20190120_Duquesne@GeoWashington,1,14.0,120.5,0.8610987405715336,0.8563184589545418,0.8102817600128105,1.17798529734263,1.0,0.6360579025250962,0.6251653760219267,0.516674834054946,0.12158246168109033,1,0.7633338996787911,1.2029448906302846,1.1082769136757853,0.33319605070978686
2019-01-21,2018-19,True,20190121_MDEasternShore@BethuneCookman,1,7.0,116.5,0.7594720967390034,0.7525272049230107,0.6724874882131149,1.4193572620008565,1.0,20190121_OldDominion@CharlotteU,1,12.5,106.0,0.8364933880015961,0.831802359247697,0.7756523411631369,1.2305770889167567,1.0,0.635293387293885,0.6259539044530354,0.5216164946354199,0.10962155364686543,1,0.7466285276058724,1.2949775762452678,1.2164104460896819,0.5752242511966412
2019-01-22,2018-19,True,20190122_WesternMichigan@Ohio,1,5.5,129.0,0.7361512581603807,0.7276302204228706,0.637648358327574,1.4969065434489086,1.0,20190122_WakeForest@Virginia,-1,14.5,144.0,0.8679202512056384,0.8643116448709253,0.7922342369889063,1.2048204374855438,1.0,0.6389205849079045,0.6288992726714853,0.5051668606268743,0.15229557279320782,1,0.8035035965530872,1.3132071570205124,1.2175844450011417,0.5989406074523478
2019-01-23,2018-19,True,20190123_VaCommonwealth@RhodeIsland,1,5.0,124.5,0.7293477760037941,0.7192897341157969,0.6136865804327578,1.5553541994138251,1.0,20190123_GeoWashington@Davidson,1,14.5,115.0,0.8771411118389899,0.8727056893300563,0.8183094879774602,1.1664291005095753,1.0,0.6397409191612625,0.6277282432395594,0.5021855514125685,0.1606246287174522,1,0.8142103997960586,1.245479711985449,1.071872175618598,0.3349950485746682
2019-01-24,2018-19,True,20190124_Monmouth@Canisius,1,7.5,127.0,0.765732738820028,0.7579479558536364,0.6837574761982375,1.3959627985453542,1.0,20190124_HighPoint@Longwood,1,11.5,114.0,0.8310591656146545,0.8251471250133103,0.7663713754746022,1.245479711985449,0.0,0.6363692110075967,0.6254185766823436,0.5240121575250858,0.10641909321968046,0,-1.0,1.245479711985449,1.17798529734263,-1.0
2019-01-25,2018-19,True,20190125_Brown@Yale,1,5.5,141.0,0.7430828150396269,0.7330107566817534,0.6257323512281934,1.5254125795581743,1.0,20190125_Quinnipiac@Marist,1,15.0,121.5,0.8578786704888737,0.8539637096138283,0.8260853998427878,1.1554495457511424,1.0,0.6374748974293247,0.6259645849627894,0.5169083595589099,0.12357326676870994,1,0.762537272133571,1.2164104460896819,1.1664291005095753,0.41885654248283877
2019-01-26,2018-19,True,20190126_VaCommonwealth@Duquesne,1,6.0,128.5,0.7620696998341059,0.751576408134481,0.637648358327574,1.4969065434489086,1.0,20190126_MDBaltimoreCo@NewHampshire,1,11.0,108.5,0.8405181512488866,0.8332133083217425,0.747080092322218,1.2776407908729566,1.0,0.6405334152273566,0.6262234654783031,0.47637439440847473,0.22502583177077606,1,0.9125088600349673,1.2776407908729566,1.1257005309942296,0.43824091670557475
2019-01-27,2018-19,True,20190127_NorthAlabama@NJIT,1,9.5,124.0,0.7800075472827548,0.7744959358456299,0.7163907449523056,1.3323734382743133,1.0,20190127_IndianaState@IllinoisState,1,11.5,127.0,0.8126828496241472,0.8078675772226638,0.7663713754746022,1.245479711985449,1.0,0.6338987562540909,0.6256901552604087,0.5490213605863734,0.05191954228936746,1,0.6594440861589541,1.2776407908729566,1.2305770889167567,0.5722354851137457
2019-01-28,2018-19,True,20190128_AlcornState@AlabamaA&M,1,11.0,106.5,0.8292450435206964,0.8229874898086883,0.747080092322218,1.2776407908729566,1.0,20190128_FloridaA&M@MorganState,1,7.5,121.0,0.7675694608240579,0.7597464041155482,0.6724874882131149,1.4193572620008565,1.0,0.6365031709462033,0.6252617860142323,0.5024020147797903,0.15425313995591328,1,0.8134287347540485,1.1351110365261434,1.3323734382743133,0.5123917945594574
2019-01-29,2018-19,True,20190129_Kansas@Texas,1,6.5,133.0,0.7374108121727704,0.7305288591112776,0.6610383078085934,1.4439405231510118,1.0,20190129_OhioState@Michigan,1,14.5,111.0,0.8618358639493632,0.8578689889284358,0.8102817600128105,1.17798529734263,1.0,0.6355270843945211,0.6266980537488355,0.535627283487037,0.08099388793569617,1,0.7009407065091173,1.3525223731157434,1.1002190566160877,0.4880708894015553
2019-01-30,2018-19,True,20190130_Hampton@Longwood,1,6.0,134.5,0.7470517331856803,0.7370826459093068,0.637648358327574,1.4969065434489086,1.0,20190130_StonyBrook@MDBaltimoreCo,1,12.5,113.0,0.8554526146279545,0.8490441656960512,0.7846857966966423,1.2164104460896819,0.0,0.6390673584160352,0.6258157201451053,0.5003536100665785,0.16364756101482492,0,-1.0,1.2305770889167567,1.1664291005095753,-1.0
2019-01-31,2018-19,True,20190131_Arizona@ArizonaState,1,8.0,133.5,0.7741738923989386,0.7669702047190395,0.6948377184702007,1.373702052475632,1.0,20190131_UTEP@Marshall,1,11.0,135.5,0.8212602999937814,0.815123766677487,0.7568459925862525,1.2611548575930687,1.0,0.6357982831189057,0.6251756421999868,0.5258851427219461,0.10148938179260503,1,0.7324510163652118,1.245479711985449,1.1257005309942296,0.4020371731245602
2019-02-01,2018-19,True,20190201_Pennsylvania@Cornell,1,8.5,128.0,0.7988641113448335,0.7908851578111199,0.6948377184702007,1.373702052475632,1.0,20190201_Davidson@St.Bonaventure,1,8.5,117.0,0.798322829664111,0.7903740351017735,0.6948377184702007,1.373702052475632,1.0,0.6377514578859128,0.6250950934812778,0.4827994550088739,0.20347356266859018,1,0.8870573289757642,1.2164104460896819,1.1901471086025208,0.44770737528753735
2019-02-02,2018-19,True,20190202_Akron@Ohio,1,5.5,119.0,0.7685932142444744,0.7570005109587276,0.6257323512281934,1.5254125795581743,0.0,20190202_GeorgeMason@VaCommonwealth,1,9.0,121.5,0.8349548035667641,0.8260221255157502,0.7163907449523056,1.3323734382743133,1.0,0.6417405962222429,0.6252991710786371,0.44826886523712317,0.3042859113716754,0,-1.0,1.2611548575930687,1.1450189848886083,-1.0
2019-02-03,2018-19,True,20190203_NewHampshire@Maine,1,7.0,113.5,0.7652433525170484,0.7571343768514481,0.6610383078085934,1.4439405231510118,1.0,20190203_MinnesotaU@Purdue,-1,15.0,163.5,0.8359193938361121,0.8331338767074608,0.8003180082442136,1.1926509089730972,1.0,0.6396817593731654,0.6307942985747346,0.5290408618784989,0.10160681797466942,1,0.7221169774391438,1.3525223731157434,1.1699906843783117,0.5824385769586669
2019-02-04,2018-19,True,20190204_IowaState@Oklahoma,1,7.5,136.0,0.7390609592026239,0.7325759583801382,0.6724874882131149,1.4193572620008565,1.0,20190204_NCCentral@FloridaA&M,1,15.0,107.5,0.8602656971023943,0.8566435417287728,0.8183094879774602,1.1664291005095753,1.0,0.6357887912696095,0.6275564635721117,0.5503028921509223,0.0525989619010403,1,0.6555796144173927,1.2949775762452678,1.1167634575394259,0.4461836354836908
2019-02-05,2018-19,True,20190205_Akron@Toledo,1,4.5,125.0,0.7392331808207837,0.7281559982185787,0.6015249695759961,1.586800296374745,0.0,20190205_Michigan@Rutgers,1,13.0,110.5,0.8648913705609519,0.8599925245506105,0.7934694327517268,1.2029448906302846,1.0,0.6393563989242196,0.6262087151746654,0.4772916763954653,0.22042479057261555,0,-1.0,1.2611548575930687,1.1554495457511424,-1.0
2019-02-06,2018-19,True,20190206_VaCommonwealth@GeoWashington,1,4.0,125.5,0.7377440662403059,0.7254045449546468,0.5892619528002575,1.6198228910997543,0.0,20190206_St.Bonaventure@Duquesne,1,13.5,123.0,0.8676943818326529,0.8620242183989989,0.8020016963455725,1.1901471086025208,0.0,0.64013638150709,0.6253162858876109,0.4725890857377112,0.23407253940994166,0,-1.0,1.2611548575930687,1.1351110365261434,-1.0
2019-02-07,2018-19,True,20190207_TennesseeTech@SEMissouriSt,1,4.5,127.0,0.7294775393592337,0.719338269096562,0.6136865804327578,1.5553541994138251,1.0,20190207_Pacific@SaintMarysCA,-1,15.0,151.5,0.8747564298407708,0.8712714300554626,0.8081795526325183,1.1810494300318113,1.0,0.6381151679789137,0.6267388824093827,0.49596894603072617,0.17218577951717995,1,0.8369501907152823,1.3323734382743133,1.0912048946888904,0.4538924173983969
2019-02-08,2018-19,True,20190208_Pennsylvania@Brown,1,6.5,131.0,0.7817176092633966,0.7710302271798493,0.6494212509195924,1.4697701971538668,1.0,20190208_Princeton@Yale,1,9.0,127.5,0.8205704166823009,0.8120162389415589,0.7057184553636346,1.3525223731157434,1.0,0.6414543443611574,0.626089065184837,0.4583085620792941,0.2751452148947511,1,0.9878970749893421,1.2949775762452678,1.2164104460896819,0.5752242511966412
2019-02-09,2018-19,True,20190209_Princeton@Brown,1,4.5,123.0,0.7628202895174975,0.7505367246378118,0.6136865804327578,1.5553541994138251,1.0,20190209_VaCommonwealth@St.Bonaventure,1,10.0,116.5,0.8413706372442615,0.8328244523206721,0.7268464803113243,1.3132071570205124,1.0,0.641814593094189,0.6250653366430368,0.44605593100184243,0.3109077609855968,1,1.0425022663721446,1.2611548575930687,1.2305770889167567,0.5519482733301053
2019-02-10,2018-19,True,20190210_MDBaltimoreCo@Maine,1,6.5,112.0,0.7669486456908841,0.7574264036756929,0.6494212509195924,1.4697701971538668,1.0,20190210_GeorgiaTech@NotreDame,1,10.5,115.0,0.8323435476345402,0.825776111522346,0.7370784000503947,1.2949775762452678,1.0,0.6383647566078564,0.6254646303916684,0.47867437658653905,0.21501205588087902,1,0.9033194475478439,1.373702052475632,1.1351110365261434,0.5593043606637054
2019-02-11,2018-19,True,20190211_Oklahoma@Baylor,1,14.5,124.0,0.8604099478923809,0.8557651606005207,0.8102817600128105,1.17798529734263,0.0,20190211_MorganState@SavannahState,1,7.0,154.5,0.7413312652127316,0.732951555536657,0.6610383078085934,1.4439405231510118,1.0,0.6378487952726792,0.6272344056362288,0.535627283487037,0.08494298047710025,0,-1.0,1.17798529734263,1.2611548575930687,-1.0
2019-02-12,2018-19,True,20190212_Buffalo@Akron,1,5.5,136.0,0.7538008790779571,0.7438946364439649,0.637648358327574,1.4969065434489086,1.0,20190212_Michigan@PennState,1,12.0,114.5,0.8457227816497267,0.8402173563100016,0.7663713754746022,1.245479711985449,1.0,0.6375065762638191,0.625033184806138,0.48867544944062496,0.18854605132745017,1,0.8643667306038807,1.3525223731157434,1.17798529734263,0.5932514698573084
2019-02-13,2018-19,True,20190213_MDBaltimoreCo@Binghamton,1,4.5,119.0,0.7270925904938231,0.7166370142529283,0.6015249695759961,1.586800296374745,0.0,20190213_NewHampshire@Vermont,1,15.0,109.5,0.879339755435643,0.8752603296578989,0.8183094879774602,1.1664291005095753,1.0,0.6393614207039066,0.6272439493400703,0.4922335898593907,0.1833876870683666,0,-1.0,1.4697701971538668,1.1082769136757853,-1.0
2019-02-14,2018-19,True,20190214_MiddleTennSt@WesternKentucky,1,7.0,127.5,0.7808791061406529,0.7724584412583075,0.6724874882131149,1.4193572620008565,1.0,20190214_UTEP@LouisianaTech,1,9.5,117.0,0.8162390236886451,0.8094196246528316,0.7268464803113243,1.3132071570205124,1.0,0.6373839992151084,0.6252430215832107,0.4887951638611057,0.1880264831669216,1,0.8639101148285633,1.3132071570205124,1.17798529734263,0.546938723335278
2019-02-15,2018-19,True,20190215_Yale@Columbia,1,6.0,134.5,0.7766057847601359,0.7665543721105792,0.6494212509195924,1.4697701971538668,0.0,20190215_Brown@Cornell,1,9.5,128.0,0.8262581016265332,0.818167197477783,0.7268464803113243,1.3132071570205124,1.0,0.6416768214280939,0.6271696423440541,0.47202955047028305,0.2385086093344142,0,-1.0,1.2164104460896819,1.1664291005095753,-1.0
2019-02-16,2018-19,True,20190216_Brown@Columbia,1,6.5,129.0,0.7816388866447734,0.7706169846830115,0.6494212509195924,1.4697701971538668,0.0,20190216_Akron@BallState,1,8.5,123.0,0.8207909204612797,0.8117256077194579,0.7057184553636346,1.3525223731157434,0.0,0.6415621012374935,0.6255295402107537,0.4583085620792941,0.2753594244740294,0,-1.0,1.3132071570205124,1.1901471086025208,-1.0
2019-02-17,2018-19,True,20190217_GeorgeMason@St.Bonaventure,1,6.5,124.0,0.7667358155835572,0.7573730981841605,0.6494212509195924,1.4697701971538668,1.0,20190217_HoustonU@Tulane,1,11.0,123.5,0.8314715698689185,0.8255169648082333,0.7568459925862525,1.2611548575930687,1.0,0.6375190322579859,0.6252243412403963,0.4915118712588446,0.1817102659422074,1,0.8536078236861213,1.2949775762452678,1.1082769136757853,0.43519375148045425
2019-02-18,2018-19,True,20190218_Illinois@Wisconsin,1,8.0,126.5,0.7523547957627963,0.7469262491379923,0.6837574761982375,1.3959627985453542,0.0,20190218_Virginia@VirginiaTech,1,14.5,106.0,0.8410376873062984,0.8382773164950694,0.8102817600128105,1.17798529734263,1.0,0.6327587374621446,0.6261313317471239,0.5540362112358252,0.04052343409723225,0,-1.0,1.4193572620008565,1.245479711985449,-1.0
2019-02-19,2018-19,True,20190219_Akron@BowlingGreen,1,8.0,124.5,0.7889011482895288,0.781072668133469,0.6948377184702007,1.373702052475632,1.0,20190219_RhodeIsland@VaCommonwealth,1,9.5,122.0,0.8078393161617791,0.801164077506204,0.7268464803113243,1.3132071570205124,0.0,0.6373053641534553,0.6257673636304601,0.5050403500576162,0.14967043203456898,0,-1.0,1.3323734382743133,1.245479711985449,-1.0
2019-02-20,2018-19,True,20190220_LaSalle@St.Bonaventure,1,7.0,123.5,0.7747986996766837,0.766623211226639,0.6724874882131149,1.4193572620008565,0.0,20190220_Pittsburgh@GeorgiaTech,1,11.0,117.5,0.8228706374691527,0.8165964002917506,0.747080092322218,1.2776407908729566,1.0,0.6375590999132232,0.6260217546677758,0.5024020147797903,0.15616799188656638,0,-1.0,1.2949775762452678,1.4193572620008565,-1.0
2019-02-21,2018-19,True,20190221_CalPolySLO@CalIrvine,1,10.5,115.0,0.834816635768904,0.828752656318973,0.747080092322218,1.2776407908729566,1.0,20190221_AlbanyNY@StonyBrook,1,7.5,125.0,0.7629012758039878,0.7553144133089651,0.6724874882131149,1.4193572620008565,1.0,0.6368826764904898,0.6259688263858114,0.5024020147797903,0.15494134621492095,1,0.8134287347540485,1.2305770889167567,1.3323734382743133,0.6395882270216144
2019-02-22,2018-19,True,20190222_Columbia@Pennsylvania,1,10.0,129.5,0.8350334293663509,0.8276706246166613,0.7370784000503947,1.2949775762452678,1.0,20190222_Harvard@Brown,1,6.0,127.5,0.7655782502875166,0.7557863161236437,0.6494212509195924,1.4697701971538668,1.0,0.6392834317858755,0.6255421323427816,0.47867437658653905,0.21676058821318223,1,0.9033194475478439,1.245479711985449,1.4697701971538668,0.8305689618359946
2019-02-23,2018-19,True,20190223_St.Bonaventure@Fordham,1,10.0,115.5,0.8257778598274303,0.8181497676689184,0.7268464803113243,1.3132071570205124,1.0,20190223_Columbia@Princeton,1,6.5,127.0,0.7739744273742318,0.7647420181842419,0.6610383078085934,1.4439405231510118,1.0,0.6391309461982541,0.6256735045040973,0.4804733673816299,0.21191564499989557,1,0.8961930293138516,1.245479711985449,1.5254125795581743,0.8998704202470957
2019-02-24,2018-19,True,20190224_Quinnipiac@Monmouth,1,6.0,128.5,0.7402267505860205,0.7319267511627225,0.6494212509195924,1.4697701971538668,0.0,20190224_MichiganState@Michigan,1,14.0,117.5,0.8601076739148837,0.8555607795710598,0.8020016963455725,1.1901471086025208,1.0,0.6366747086161149,0.6262078218136921,0.5208369448803768,0.1136986184434079,0,-1.0,1.3132071570205124,1.1450189848886083,-1.0
2019-02-25,2018-19,True,20190225_DelawareState@CoppinState,1,6.0,131.5,0.7314223515940722,0.7230918062817466,0.637648358327574,1.4969065434489086,0.0,20190225_NotreDame@FloridaState,1,14.5,124.0,0.8697530146859258,0.864933740707015,0.8102817600128105,1.17798529734263,1.0,0.6361567953076135,0.6254265008818634,0.516674834054946,0.12175684267693643,0,-1.0,1.3525223731157434,1.1351110365261434,-1.0
2019-02-26,2018-19,True,20190226_Toledo@BallState,1,7.5,133.0,0.7817738636132724,0.7728514672435065,0.6724874882131149,1.4193572620008565,1.0,20190226_Akron@Buffalo,1,9.5,135.0,0.8166922021572396,0.8092981060775779,0.7268464803113243,1.3132071570205124,1.0,0.6384686182632969,0.625467228719447,0.4887951638611057,0.19004811558157608,1,0.8639101148285633,1.2164104460896819,1.17798529734263,0.432913621027635
2019-02-27,2018-19,True,20190227_HolyCross@Colgate,-1,10.5,162.0,0.8276467408319413,0.8217643854938791,0.7295812541434488,1.3082847106873832,1.0,20190227_Duquesne@St.Bonaventure,1,6.5,128.0,0.7709094091388891,0.7621434843335951,0.6610383078085934,1.4439405231510118,0.0,0.6380406599504791,0.6263023720615607,0.4822811576478567,0.20531323762744003,0,-1.0,1.0361365733750578,1.2776407908729566,-1.0
2019-02-28,2018-19,True,20190228_Furman@Samford,1,5.0,134.5,0.751461246397913,0.7399336630012916,0.6136865804327578,1.5553541994138251,1.0,20190228_FlaAtlantic@NorthTexas,1,12.0,115.5,0.8518318756378497,0.8453991143679125,0.7663713754746022,1.245479711985449,0.0,0.6401186429882906,0.6255392633922974,0.4703118287565577,0.2400135749060106,0,-1.0,1.4193572620008565,1.2164104460896819,-1.0
2019-03-01,2018-19,True,20190301_Columbia@Brown,1,3.0,134.5,0.7330405847568529,0.7199588846251138,0.5769124074781574,1.6544972644502165,1.0,20190301_Stetson@KennesawSt,1,14.5,126.0,0.8776641166073131,0.8722377571897976,0.8102817600128105,1.17798529734263,1.0,0.6433634172579316,0.6279753227942775,0.46746160090462907,0.2538982202339728,1,0.9489734520159561,1.4193572620008565,1.1257005309942296,0.5977712235048802
2019-03-02,2018-19,True,20190302_Ohio@Akron,1,5.5,124.0,0.7796122820467303,0.7677423284850584,0.6257323512281934,1.5254125795581743,0.0,20190302_NewHampshire@MDBaltimoreCo,1,8.0,109.5,0.8247162137277498,0.8155745766456433,0.6948377184702007,1.373702052475632,0.0,0.6429588894252299,0.626151124527142,0.4347824393003922,0.3472961720140897,0,-1.0,1.3959627985453542,1.245479711985449,-1.0
2019-03-03,2018-19,True,20190303_UTEP@CharlotteU,1,6.5,117.0,0.7760423459331934,0.7661547908381283,0.6494212509195924,1.4697701971538668,1.0,20190303_NotreDame@Louisville,1,9.5,125.0,0.8257702743277274,0.8178526545529015,0.7163907449523056,1.3323734382743133,1.0,0.6408327008911863,0.6266017294853863,0.4652393737341449,0.25493163728386037,1,0.9582827710550128,1.373702052475632,1.245479711985449,0.7109180366711705
2019-03-04,2018-19,True,20190304_NorfolkSt@DelawareState,1,5.5,132.0,0.740249141863511,0.7313500046102264,0.637648358327574,1.4969065434489086,1.0,20190304_KansasState@TCU,1,13.5,117.0,0.8608379139563567,0.855526904100463,0.7934694327517268,1.2029448906302846,0.0,0.6372345270897679,0.6256896052580463,0.50595448117725,0.14746571381965556,0,-1.0,1.4439405231510118,1.1450189848886083,-1.0
2019-03-05,2018-19,True,20190305_Buffalo@Ohio,1,7.5,146.0,0.7749901447530382,0.7661599171809904,0.6724874882131149,1.4193572620008565,1.0,20190305_BowlingGreen@Akron,1,10.0,125.5,0.8234865434507579,0.8161853251756662,0.7370784000503947,1.2949775762452678,1.0,0.6381939555110819,0.6253284811409282,0.4956760018660314,0.17302335478633601,1,0.8380358269719888,1.2305770889167567,1.2949775762452678,0.5935697359883789
2019-03-06,2018-19,True,20190306_St.Bonaventure@Davidson,1,10.5,117.0,0.8353353644059192,0.8282464542691871,0.7370784000503947,1.2949775762452678,0.0,20190306_LouisianaTech@FlaAtlantic,1,6.5,125.0,0.7654011615508447,0.7557770601162003,0.6494212509195924,1.4697701971538668,1.0,0.6393666582007886,0.6259696702592331,0.47867437658653905,0.21691899466723608,0,-1.0,1.2164104460896819,1.2949775762452678,-1.0
2019-03-07,2018-19,True,20190307_CalIrvine@CalPolySLO,1,14.0,115.5,0.873207365884806,0.8682324133988649,0.8020016963455725,1.1901471086025208,1.0,20190307_CoppinState@MorganState,1,5.0,136.5,0.7294893097955711,0.7200869466786357,0.6257323512281934,1.5254125795581743,1.0,0.6369954386477159,0.6252028275718117,0.5018384071433146,0.1564431603416494,1,0.8154653709870738,1.17798529734263,1.373702052475632,0.6182008207456884
2019-03-08,2018-19,True,20190308_Brown@Princeton,1,4.0,130.5,0.7494904451383737,0.7363462440292229,0.5892619528002575,1.6198228910997543,0.0,20190308_Yale@Pennsylvania,1,12.0,134.5,0.8570699193433763,0.8505170546110464,0.7756523411631369,1.2305770889167567,1.0,0.6423657153633772,0.6262750386456415,0.4570624132478816,0.2804384607538135,0,-1.0,1.3323734382743133,1.17798529734263,-1.0
2019-03-09,2018-19,True,20190309_AlbanyNY@MDBaltimoreCo,1,9.5,117.0,0.8319324712312749,0.8233044172948804,0.7163907449523056,1.3323734382743133,0.0,20190309_Brown@Pennsylvania,1,6.0,132.5,0.7725133923010775,0.7615596568719603,0.637648358327574,1.4969065434489086,0.0,0.6426789755162907,0.6269954295362583,0.4568053824399055,0.2817837035236752,0,-1.0,1.2949775762452678,1.4439405231510118,-1.0
2019-03-10,2018-19,True,20190310_Wisconsin@OhioState,1,7.0,113.5,0.7705483443648382,0.7625277404327329,0.6610383078085934,1.4439405231510118,1.0,20190310_Rutgers@IndianaU,1,10.0,119.5,0.8272684826612672,0.8207180647259403,0.7370784000503947,1.2949775762452678,1.0,0.6374503596598513,0.6258202914277967,0.4872370582915784,0.19194968579410454,1,0.8698705989124214,1.2949775762452678,1.2029448906302846,0.5577866588250346
2019-03-11,2018-19,True,20190311_MiamiOhio@Akron,1,4.5,123.0,0.7401688348929871,0.7297544220302207,0.6136865804327578,1.5553541994138251,1.0,20190311_Delaware@Hofstra,-1,14.5,165.0,0.8610069096485101,0.8567653778488505,0.7922342369889063,1.2048204374855438,1.0,0.6372904811493492,0.6252283231275916,0.48618351979947694,0.19423298885743612,1,0.8739225269827424,1.4193572620008565,1.1220244014571552,0.5925534823503777
2019-03-12,2018-19,True,20190312_SaintMarysCA@Gonzaga,-1,11.5,157.0,0.8412635063166723,0.8362673148817905,0.7485362083752164,1.2751554157571772,1.0,20190312_Hartford@MDBaltimoreCo,1,6.5,127.0,0.7563216441738326,0.7483648498678033,0.6610383078085934,1.4439405231510118,1.0,0.636265798280869,0.6258330635508621,0.49481110851781374,0.1715234963956589,1,0.8412485781272645,1.1307132526757717,1.6198228910997543,0.8315552099540755
2019-03-13,2018-19,True,20190313_CoppinState@N.CarolinaA&T,1,8.5,124.0,0.7790265940077044,0.7718835753824232,0.6948377184702007,1.373702052475632,1.0,20190313_FlaAtlantic@LouisianaTech,1,11.0,121.5,0.8169048307724041,0.8113118777309571,0.7568459925862525,1.2611548575930687,0.0,0.6363905879450661,0.6262383129331986,0.5258851427219461,0.1025155208906845,0,-1.0,1.3323734382743133,1.245479711985449,-1.0
2019-03-14,2018-19,True,20190314_Akron@Buffalo,1,7.5,135.0,0.7679164909290023,0.7593692903924214,0.6724874882131149,1.4193572620008565,0.0,20190314_Tulane@MemphisU,1,11.5,144.0,0.8327003996874123,0.8259284895374791,0.7568459925862525,1.2611548575930687,1.0,0.6394443689231353,0.62718473101496,0.5089694605184907,0.14462415969401388,0,-1.0,1.2776407908729566,1.2164104460896819,-1.0
2019-03-15,2018-19,True,20190315_GeorgeMason@St.Bonaventure,1,11.0,117.5,0.8096419257134625,0.8044820405024773,0.747080092322218,1.2776407908729566,1.0,20190315_RhodeIsland@VaCommonwealth,1,9.5,121.0,0.7828020247095288,0.7769427987609907,0.7163907449523056,1.3323734382743133,1.0,0.6337893387382203,0.6250365281009473,0.5352012638777509,0.07889620272544628,1,0.7022946534149141,1.2164104460896819,1.2949775762452678,0.5752242511966412
2019-03-16,2018-19,True,20190316_Princeton@Yale,1,5.5,137.0,0.7608094434182285,0.7509610848023575,0.637648358327574,1.4969065434489086,1.0,20190316_MDBaltimoreCo@Vermont,1,11.0,114.5,0.8405845820729193,0.8338672574025968,0.747080092322218,1.2776407908729566,1.0,0.639524688032842,0.6262018602002207,0.47637439440847473,0.22309663207390895,1,0.9125088600349673,1.7291196055368625,1.373702052475632,1.3752951511018434
2019-03-17,2018-19,True,20190317_SaintLouis@St.Bonaventure,1,9.0,112.5,0.7781261113584436,0.7731870646499895,0.7163907449523056,1.3323734382743133,0.0,20190317_Auburn@Tennessee,-1,12.5,163.0,0.8132293089077439,0.8095643549930729,0.7666620754310989,1.245007455811974,1.0,0.6327949597830973,0.6259446872823561,0.5492296153447657,0.04968968551783126,0,-1.0,1.4193572620008565,1.1220244014571552,-1.0
2019-03-19,2018-19,True,20190319_Cornell@RobertMorris,1,6.0,127.5,0.7365582395591849,0.7281240344113549,0.637648358327574,1.4969065434489086,1.0,20190319_WrightState@Clemson,1,15.0,116.5,0.8647370478013098,0.8616324963105523,0.8260853998427878,1.1554495457511424,1.0,0.6369291976101394,0.6273753293935662,0.5267519990481313,0.10163273105290327,1,0.7295999856599542,1.3959627985453542,1.1664291005095753,0.628291631452087
2019-03-20,2018-19,True,20190320_GrandCanyon@WestVirginia,1,7.5,136.0,0.7671807476761096,0.759078794363648,0.6724874882131149,1.4193572620008565,1.0,20190320_WichitaState@Furman,1,11.0,126.5,0.8302709268244566,0.8243891453803388,0.7568459925862525,1.2611548575930687,1.0,0.6369678704149231,0.6257763185617857,0.5089694605184907,0.14019115478895938,1,0.7900293056323782,1.1002190566160877,1.1167634575394259,0.22868443771734737
2019-03-21,2018-19,True,20190321_FlaAtlantic@CharlestonSou,1,5.0,132.5,0.7290793750629012,0.7193346321349279,0.6136865804327578,1.5553541994138251,1.0,20190321_FairDickinson@Gonzaga,-1,15.0,166.5,0.8762803628693078,0.8727490989218174,0.8081795526325183,1.1810494300318113,1.0,0.6388779393406472,0.6277986520190153,0.49596894603072617,0.17358695251558842,1,0.8369501907152823,1.2611548575930687,1.2048204374855438,0.5194651472622998
2019-03-22,2018-19,True,20190322_Oregon@Wisconsin,1,8.0,108.5,0.7723230209920635,0.7657826484750982,0.6837574761982375,1.3959627985453542,1.0,20190322_Colgate@Tennessee,-1,12.0,162.5,0.823409492918337,0.8190094618849646,0.7485362083752164,1.2751554157571772,1.0,0.6359381070842332,0.6271832348484332,0.5118172286816359,0.1320140427827443,1,0.7800695227606538,1.3525223731157434,1.1699906843783117,0.5824385769586669
2019-03-23,2018-19,True,20190323_FloridaIntl@TexasState,1,7.0,139.5,0.7452193720576509,0.7376773688252634,0.6610383078085934,1.4439405231510118,1.0,20190323_Florida@Michigan,1,14.5,106.0,0.8542961049117677,0.850968597894353,0.8102817600128105,1.17798529734263,1.0,0.6366380068536446,0.6277402762476298,0.535627283487037,0.08288350116819432,1,0.7009407065091173,1.2611548575930687,1.0784141093392536,0.3600471924901023
2019-03-24,2018-19,True,20190324_CalIrvine@Oregon,1,8.5,114.0,0.7614439006619886,0.7572162128180984,0.7057184553636346,1.3525223731157434,1.0,20190324_Liberty@VirginiaTech,-1,14.0,139.5,0.8302491269255384,0.8274071919119198,0.7839292000803321,1.2175844450011417,1.0,0.6321881337273925,0.6265261403180015,0.5532333041951416,0.04109386885155453,1,0.6468102030217595,1.2029448906302846,1.245007455811974,0.4976753577656239
2019-03-25,2018-19,True,20190325_Brown@LoyolaMarymount,1,8.5,129.0,0.7502171053958153,0.7453171058852446,0.6948377184702007,1.373702052475632,1.0,20190325_NorfolkSt@Colorado,1,14.5,131.0,0.8436979438751288,0.8404862098307814,0.8183094879774602,1.1664291005095753,1.0,0.6329566292824002,0.6264287494475363,0.5685922976287766,0.014202895263223603,1,0.6023260494373088,1.3323734382743133,1.1450189848886083,0.525592881785399
2019-03-26,2018-19,True,20190326_WichitaState@IndianaU,1,11.5,127.0,0.8224877486505112,0.8179426198704002,0.7663713754746022,1.245479711985449,1.0,20190326_CharlestonSou@Hampton,1,10.0,147.5,0.7699854739553594,0.7650139534013014,0.7268464803113243,1.3132071570205124,0.0,0.6333036189671404,0.6257375172824727,0.557034336875063,0.03581421873407575,0,-1.0,1.2305770889167567,1.2776407908729566,-1.0
2019-03-27,2018-19,True,20190327_CoastalCarolina@Depaul,-1,11.0,172.5,0.7680190318947612,0.7647360539087907,0.7295812541434488,1.3082847106873832,0.0,20190327_Colorado@Texas,-1,15.0,153.5,0.8242716159742478,0.8215668426622589,0.8003180082442136,1.1926509089730972,1.0,0.6330562885188722,0.6282817852798402,0.5838970161684004,-0.012225212538816144,0,-1.0,1.428475190660421,1.1699906843783117,-1.0
2019-03-28,2018-19,True,20190328_TexasTech@Michigan,1,8.5,117.0,0.7512550449060801,0.7472995417626502,0.7057184553636346,1.3525223731157434,0.0,20190328_Oregon@Virginia,-1,15.0,132.5,0.8411433522514101,0.8384001372785126,0.8003180082442136,1.1926509089730972,1.0,0.6319131868680838,0.6265360384019755,0.5647991885778071,0.019330970690462967,0,-1.0,1.373702052475632,1.2175844450011417,-1.0
2019-03-29,2018-19,True,20190329_VirginiaTech@Duke,1,14.0,130.5,0.8251416629477063,0.8218780445985312,0.8020016963455725,1.1901471086025208,1.0,20190329_LSU@MichiganState,1,10.5,140.0,0.7643762844511308,0.7606815882252453,0.7370784000503947,1.2949775762452678,1.0,0.6307187184697951,0.6251874962926698,0.5911381271800971,-0.027927595776801484,1,0.5412138180734059,1.2164104460896819,1.373702052475632,0.670985526446195
2019-03-30,2018-19,True,20190330_Purdue@Virginia,-1,15.0,140.5,0.8390373020051323,0.8362397042401478,0.8081795526325183,1.1810494300318113,0.0,20190330_TexasTech@Gonzaga,1,10.5,128.0,0.7529126793165561,0.7502849607587069,0.7370784000503947,1.2949775762452678,1.0,0.6317218230992186,0.6274180736806919,0.5956916916078203,-0.03382409489710414,0,-1.0,1.2309705196988154,1.2305770889167567,-1.0
2019-03-31,2018-19,True,20190331_Auburn@Kentucky,-1,14.5,156.0,0.8297938377940711,0.8268802021883006,0.7922342369889063,1.2048204374855438,1.0,20190331_MichiganState@Duke,1,10.0,137.5,0.7614523453268124,0.7581277028350661,0.7370784000503947,1.2949775762452678,0.0,0.631848463926032,0.6268807882048114,0.5839387438649283,-0.014180264558087963,0,-1.0,1.2175844450011417,1.245479711985449,-1.0
2019-04-02,2018-19,True,20190402_Texas@TCU,1,15.0,125.5,0.8314245070187466,0.8286786825646597,0.8183094879774602,1.1664291005095753,0.0,20190402_Hampton@Marshall,1,11.0,164.5,0.7589577890657463,0.7552919405795817,0.747080092322218,1.2776407908729566,0.0,0.6310161056220259,0.625894330271193,0.6113427278263478,-0.05961095971949448,0,-1.0,1.2305770889167567,1.3525223731157434,-1.0
2019-04-04,2018-19,True,20190404_Lipscomb@Texas,-1,14.5,161.0,0.8242619869254874,0.8215913883269816,0.8003180082442136,1.1926509089730972,1.0,20190404_WiscGreenBay@Marshall,1,11.0,160.5,0.7643506312573651,0.760786805182189,0.747080092322218,1.2776407908729566,0.0,0.6300251700279463,0.6250558874904836,0.5979016514862207,-0.039980592565929784,0,-1.0,1.113747410179463,1.3525223731157434,-1.0
2019-04-06,2018-19,True,20190406_Auburn@Virginia,1,9.0,121.5,0.774671749933922,0.7694730226751673,0.7057184553636346,1.3525223731157434,1.0,20190406_TexasTech@MichiganState,1,11.5,122.0,0.8170022066080745,0.8124299810184438,0.7568459925862525,1.2611548575930687,0.0,0.6329085290929528,0.6251429532061907,0.534120184836127,0.07957749622355559,0,-1.0,1.2776407908729566,1.245479711985449,-1.0
2019-11-15,2019-20,True,20191115_N.CarolinaA&T@UtahState,-1,13.5,153.0,0.8332392672565375,0.8300817342699697,0.7850346372390726,1.2158699179910437,1.0,20191115_MissouriSt@Xavier,1,9.5,122.0,0.7573019346168042,0.7532905008991891,0.713449069783958,1.3378670467522449,0.0,0.6310137090920642,0.6252926853954931,0.5600822316864033,0.026452519239757777,0,-1.0,1.2158699179910437,1.4782011138188362,-1.0
2019-11-16,2019-20,True,20191116_American@St.FrancisPA,-1,9.5,156.0,0.7625587430335735,0.7587725422811649,0.7116426577247568,1.34126304773761,1.0,20191116_Liberty@EastCarolina,-1,14.0,142.5,0.8270212789915853,0.8244504085670464,0.7932730214580415,1.2032427350745172,1.0,0.6306523069698416,0.6255703324931629,0.5645269212917486,0.017787696748570392,1,0.6138650180141845,1.34126304773761,1.1388481480754709,0.5274949379980389
2019-11-17,2019-20,True,20191117_IdahoU@ArkansasState,-1,9.0,145.5,0.7508791569819773,0.7464130052629963,0.6913826382529522,1.3805669208181397,0.0,20191117_NCCentral@Louisville,-1,14.5,153.0,0.8434528417572483,0.840780590301343,0.7932730214580415,1.2032427350745172,1.0,0.6333311587727357,0.6275695671736214,0.5484551944305515,0.052062562293646364,0,-1.0,1.27274521846381,1.2032427350745172,-1.0
2019-11-18,2019-20,True,20191118_SIUEdwardsville@SouthDakota,-1,8.0,152.5,0.764333853988514,0.7585470041730957,0.6810012202064921,1.4016127602687378,1.0,20191118_JacksonState@TexasState,-1,12.5,144.0,0.8284544840828179,0.8243095274040778,0.7590373609261296,1.2575138578625158,1.0,0.6332158086730861,0.6252775225237036,0.5169053689730099,0.11607292115757417,1,0.76254746939487,1.27274521846381,1.2887026073427916,0.6401900815173829
2019-11-19,2019-20,True,20191119_Maine@WashingtonU,-1,10.5,138.0,0.8010518671073744,0.7972867492649287,0.7215062089325543,1.3229269383726476,1.0,20191119_Fairfield@Maryland,-1,10.5,143.0,0.7907980537894045,0.7868885861477742,0.7215062089325543,1.3229269383726476,1.0,0.6334702574928803,0.6273758428834347,0.5205712095282268,0.10865890256327937,1,0.750135684272027,1.3229269383726476,1.27274521846381,0.6837489351907546
2019-11-20,2019-20,True,20191120_CalSantaBarb@OregonState,-1,9.0,151.5,0.7644429284229162,0.7591200531137661,0.6913826382529522,1.3805669208181397,1.0,20191120_JamesMadison@OldDominion,1,13.0,120.5,0.8299025295628271,0.825949731087817,0.7827052305288803,1.2194884648401245,1.0,0.6344131200045933,0.6269950037326845,0.5411488072574424,0.06808868853496963,1,0.683585434877571,1.2887026073427916,1.1366034241542577,0.46474379622233686
2019-11-21,2019-20,True,20191121_TennesseeState@TexasTech,-1,14.0,154.5,0.8489138332340656,0.8459391160910648,0.7850346372390726,1.2158699179910437,1.0,20191121_TennesseeTech@Winthrop,1,8.0,121.5,0.7451698685656689,0.7402536677029317,0.6804188941539044,1.4028123090069586,0.0,0.6325850095346068,0.6262095333397868,0.5341523997427213,0.078960579528502,0,-1.0,1.2032427350745172,1.3584443368499142,-1.0
2019-11-22,2019-20,True,20191122_IdahoState@SantaClara,-1,8.0,146.5,0.7756970440693647,0.7682730695075007,0.6704632233171244,1.4236425903834076,1.0,20191122_Valparaiso@GrandCanyon,-1,11.5,151.0,0.8207872551937474,0.8159286406227562,0.7499537112007943,1.27274521846381,0.0,0.6366822476635972,0.6268560012303274,0.5028163825503243,0.15362640255934745,0,-1.0,1.3229269383726476,1.305418553430129,-1.0
2019-11-23,2019-20,True,20191123_Presbyterian@Quinnipiac,1,7.0,128.5,0.7473883296544329,0.7404314411341771,0.6690228172555107,1.4267076927444478,1.0,20191123_BoiseState@Pacific,-1,14.5,147.0,0.8517065242278753,0.848324712873193,0.8012944633216066,1.191197548081526,0.0,0.6365555164984545,0.6281262897024353,0.5360842793026638,0.08182018377692146,0,-1.0,1.4518177987677745,1.1797089589507481,-1.0
2019-11-24,2019-20,True,20191124_VMI@NCGreensboro,1,7.5,121.0,0.7698323254009662,0.7617766486715899,0.6690228172555107,1.4267076927444478,1.0,20191124_MissValleySt@SouthDakotaState,1,11.5,146.0,0.8289467336225221,0.8232255413064781,0.7544551642318498,1.2651513903703295,0.0,0.6381499915781615,0.6271139939573044,0.5047477194673612,0.15186151406120207,0,-1.0,1.3800756963929393,1.1573246566666517,-1.0
2019-11-25,2019-20,True,20191125_Lipscomb@TennesseeTech,1,7.0,118.5,0.7546509191285796,0.7464392730692709,0.6574516449723434,1.4518177987677745,1.0,20191125_Southern@NebraskaOmaha,-1,14.5,155.0,0.8434137685472144,0.8401855022835993,0.7932730214580415,1.2032427350745172,1.0,0.6364829756398545,0.6271474555679102,0.5215386528697704,0.11186524823452304,1,0.746889219019202,1.3584443368499142,1.2032427350745172,0.6345382793177794
2019-11-26,2019-20,True,20191126_Cornell@Navy,1,6.5,113.0,0.7372337545895887,0.7291142714166327,0.6457172783032963,1.4782011138188362,1.0,20191126_IUPUI@Southern,-1,15.0,149.5,0.8612495268233031,0.8576482845418171,0.8090978649928602,1.1797089589507481,0.0,0.6349422222984504,0.6253236041154318,0.5224484712641976,0.1072421511833157,0,-1.0,1.4028123090069586,1.2575138578625158,-1.0
2019-11-27,2019-20,True,20191127_PortlandState@CalSantaBarb,-1,7.0,157.5,0.7524491558218931,0.7443634257652298,0.6489539696869817,1.4708285095480598,1.0,20191127_TennMartin@BostonU,-1,13.5,161.0,0.8449114632515216,0.8404153517760662,0.7765809710930506,1.2291055737002228,1.0,0.6357529172678479,0.6255744503137234,0.5039653039742064,0.14931636107848534,1,0.8078035190427115,1.4708285095480598,1.158305134445437,0.7036682144982469
2019-11-28,2019-20,True,20191128_SouthernMiss@SetonHall,-1,13.0,154.5,0.8474932244657909,0.8427807175869684,0.7679142653440937,1.242977299780073,1.0,20191128_Pepperdine@Arizona,-1,7.0,161.5,0.7490556263331248,0.7416896699549091,0.6597776316508925,1.4466995457418805,0.0,0.6348195680653026,0.62508175227144,0.5066526552996612,0.14154187594274314,0,-1.0,1.2032427350745172,1.3604636239226802,-1.0
2019-11-29,2019-20,True,20191129_HolyCross@FlaAtlantic,1,7.5,126.0,0.7517066176621938,0.7456737928346701,0.6804188941539044,1.4028123090069586,1.0,20191129_Merrimack@Akron,-1,14.0,147.5,0.8454627592782968,0.8420808797126526,0.7850346372390726,1.2158699179910437,1.0,0.6355399511364341,0.6279176434488892,0.5341523997427213,0.08400063810580849,1,0.7056372871091174,1.3182948818809783,1.191197548081526,0.5703496309450462
2019-11-30,2019-20,True,20191130_Lipscomb@Xavier,1,12.0,122.5,0.8395796337755902,0.8333962964365331,0.7641184135263167,1.2491519417718187,1.0,20191130_Lamar@TexasSouthern,1,7.5,137.0,0.75894084241558,0.7504077794151198,0.6690228172555107,1.4267076927444478,1.0,0.6371912745326106,0.6253870641817237,0.5112126537341878,0.13558615880446667,1,0.7821746847325182,1.233943404208376,1.3584443368499142,0.6762434294401727
2019-12-01,2019-20,True,20191201_WakeForest@Arizona,-1,11.0,162.5,0.819183683452858,0.8135574741307301,0.7406673925864926,1.2887026073427916,1.0,20191201_Maine@Connecticut,1,8.5,122.0,0.7752497063908125,0.7692066598516345,0.6916287291303997,1.3800756963929393,0.0,0.6350719100769724,0.6257938272734315,0.5122668474429227,0.1294799317386479,0,-1.0,1.2158699179910437,1.4267076927444478,-1.0
2019-12-02,2019-20,True,20191202_Mercer@HolyCross,-1,8.0,156.5,0.7532586158923885,0.747723129469777,0.6810012202064921,1.4016127602687378,1.0,20191202_FloridaA&M@KansasState,-1,13.5,138.0,0.8413293472489288,0.8381462173253571,0.7765809710930506,1.2291055737002228,1.0,0.6337385796183749,0.6267013125717719,0.5288525889035101,0.09176049863849989,1,0.7227300558156597,1.5224911253936164,1.191197548081526,0.813587695544759
2019-12-03,2019-20,True,20191203_St.Peter's@St.Johns,1,12.0,121.5,0.8344265437473631,0.8290206392125035,0.7641184135263167,1.2491519417718187,1.0,20191203_IllinoisState@TCU,1,7.5,119.0,0.7634649832843389,0.7565522830505107,0.6804188941539044,1.4028123090069586,1.0,0.6370554472740892,0.6271974572922132,0.5199206059342123,0.11632864515723229,1,0.7523257197374509,1.1366034241542577,1.3182948818809783,0.4983784767909527
2019-12-04,2019-20,True,20191204_Virginia@Purdue,1,9.0,92.5,0.8072801796742998,0.800781852969223,0.713449069783958,1.3378670467522449,1.0,20191204_VMI@Duquesne,1,8.5,124.0,0.787661720318362,0.7807551084957801,0.7026419663343605,1.3584443368499142,1.0,0.6358636951011754,0.6252145224964375,0.5012992572724206,0.15563006977872762,1,0.8174179131187065,1.2996810459462225,1.2819808025349506,0.6661661503216023
2019-12-05,2019-20,True,20191205_SouthDakotaState@MontanaState,1,9.0,128.5,0.7591762247865369,0.7543545344186869,0.713449069783958,1.3378670467522449,1.0,20191205_NoIllinois@SaintMarysCA,-1,14.5,145.0,0.8313076702504426,0.8288208665239328,0.7932730214580415,1.2032427350745172,1.0,0.6311090187368223,0.625224778883154,0.5659598992439494,0.015945921691480125,1,0.6097788045002381,1.2194884648401245,1.27274521846381,0.5520981125970406
2019-12-06,2019-20,True,20191206_MissValleySt@MissouriSt,1,8.0,130.5,0.7768857326080221,0.7709511682632947,0.6916287291303997,1.3800756963929393,1.0,20191206_IdahoState@Pepperdine,-1,12.0,159.5,0.8178634119514225,0.8132972043573997,0.7499537112007943,1.27274521846381,1.0,0.6353864159671775,0.6270124298446088,0.5186895321844323,0.11604654600198372,1,0.7564847437022262,1.2996810459462225,1.305418553430129,0.6966277509196748
2019-12-07,2019-20,True,20191207_Marist@Navy,1,11.0,98.5,0.839693776741576,0.8332439621074487,0.7445509309598086,1.2819808025349506,1.0,20191207_Stetson@VMI,1,7.0,120.5,0.7620209439952677,0.7526860919911793,0.6574516449723434,1.4518177987677745,1.0,0.6398642444195672,0.6271711415139019,0.4895062343252159,0.1909169613192121,1,0.8612025467988369,1.233943404208376,1.2996810459462225,0.6037328542199845
2019-12-08,2019-20,True,20191208_NorthCarolina@Virginia,1,5.0,111.5,0.7434574955846375,0.7322973464643394,0.6096643870600917,1.5656154767424844,0.0,20191208_Dayton@SaintMarysCA,-1,14.5,151.0,0.8607423605246421,0.8566051854202734,0.7932730214580415,1.2032427350745172,1.0,0.6399253596992596,0.6272897042508597,0.48363031039852383,0.20550127836719612,0,-1.0,1.7430464097429648,1.1483441392837384,-1.0
2019-12-09,2019-20,True,20191209_Columbia@Duquesne,1,8.5,126.0,0.7505156228667039,0.7460998750329535,0.7026419663343605,1.3584443368499142,1.0,20191209_AlabamaState@SouthDakota,-1,15.0,155.5,0.8459142002841537,0.843222571677104,0.8090978649928602,1.1797089589507481,1.0,0.6348718229180513,0.629128255353253,0.5685061148155162,0.017425873443073447,1,0.6025689544177517,1.4028123090069586,1.1129485947464461,0.5612579880023121
2019-12-10,2019-20,True,20191210_Bryant@Fordham,1,7.0,119.5,0.7469848667355393,0.7399781491792932,0.6690228172555107,1.4267076927444478,1.0,20191210_St.Josephs@Temple,1,15.0,130.5,0.8509185693008534,0.847181140570586,0.8247469666369753,1.1573246566666517,1.0,0.6356232940919938,0.6268955324190248,0.5517745391424059,0.049518294835200205,1,0.6511639906691389,1.2996810459462225,1.1270200671203123,0.4647666196373095
2019-12-11,2019-20,True,20191211_NCAsheville@SoCarolinaSt,-1,7.5,159.0,0.7665851383648633,0.7593841852606009,0.6704632233171244,1.4236425903834076,0.0,20191211_Winthrop@TCU,1,13.0,123.5,0.8301144415237491,0.8258855533334727,0.7827052305288803,1.2194884648401245,1.0,0.6363533940141545,0.6271644280366397,0.524775071767566,0.10478312893188146,0,-1.0,1.27274521846381,1.1926983951443433,-1.0
2019-12-12,2019-20,True,20191212_AustinPeay@WestVirginia,-1,11.0,159.5,0.7676040589659954,0.76518005726876,0.7406673925864926,1.2887026073427916,1.0,20191212_Southern@WrightState,-1,14.5,154.0,0.8192942812659304,0.8169152357378383,0.7932730214580415,1.2032427350745172,1.0,0.628893615787356,0.6250872468656017,0.5875514604125364,-0.024823692283064358,1,0.5506220499568022,1.2032427350745172,1.3229269383726476,0.5918022276312618
2019-12-13,2019-20,True,20191213_Nebraska@IndianaU,-1,12.5,162.0,0.8178077024989681,0.8146230807012608,0.7679142653440937,1.242977299780073,0.0,20191213_UTRioGrandeValley@Creighton,1,10.0,130.5,0.7717899832030553,0.7677435537860647,0.7240413454674829,1.3182948818809783,1.0,0.6311757929750078,0.6254216189737382,0.5560016778834113,0.034251352781476285,0,-1.0,1.2032427350745172,1.1270200671203123,-1.0
2019-12-14,2019-20,True,20191214_TennMartin@NCAsheville,-1,10.5,168.0,0.798887870887723,0.7928199553533017,0.7215062089325543,1.3229269383726476,1.0,20191214_No.Colorado@Wyoming,1,10.0,111.5,0.794752429168834,0.7887328190613384,0.7240413454674829,1.3182948818809783,1.0,0.6349180760215357,0.6253231183938941,0.5224003262786695,0.1073020845356214,1,0.7440078119591338,1.2575138578625158,1.1270200671203123,0.41724335249293554
2019-12-15,2019-20,True,20191215_CalRiverside@WashingtonState,1,8.0,119.5,0.7692300253616176,0.7626001808441978,0.6916287291303997,1.3800756963929393,1.0,20191215_TexasA&MCorpus@TexasA&M,1,11.5,106.0,0.8261695468379859,0.8214574716003232,0.7641184135263167,1.2491519417718187,1.0,0.63551442146718,0.626443616398224,0.5284862472523437,0.09557871345750768,1,0.7239242359413349,1.1366034241542577,1.1926983951443433,0.35562507990434855
2019-12-16,2019-20,True,20191216_NoIllinois@Pittsburgh,1,6.5,115.0,0.7579928919606015,0.7499658825656929,0.6574516449723434,1.4518177987677745,0.0,20191216_CalSantaBarb@IdahoState,-1,13.0,146.5,0.8376419212839086,0.8333834317738816,0.7679142653440937,1.242977299780073,1.0,0.6349266223414244,0.625009140925925,0.504866496948203,0.14577370462275852,0,-1.0,1.2996810459462225,1.27274521846381,-1.0
2019-12-17,2019-20,True,20191217_TennesseeTech@Lipscomb,1,6.5,125.0,0.7581429718030516,0.7487754230575231,0.6457172783032963,1.4782011138188362,1.0,20191217_NorthAlabama@UAB,1,12.5,110.0,0.8410139122558298,0.8361352189548528,0.7735362876001189,1.233943404208376,1.0,0.6376087867653456,0.6260775023062146,0.49948574629798465,0.16300895684406846,1,0.8240165144902276,1.233943404208376,1.1366034241542577,0.4025042984358014
2019-12-18,2019-20,True,20191218_StonyBrook@Virginia,1,10.0,97.5,0.8230298443380899,0.8165615609335789,0.7240413454674829,1.3182948818809783,1.0,20191218_FlaGulfCoast@SouthDakotaState,1,7.5,125.0,0.7746974445632291,0.7658508578833252,0.6690228172555107,1.4267076927444478,1.0,0.6375991172079905,0.6253643719555285,0.4844001807541259,0.1992100956901126,1,0.8808214492852249,1.4028123090069586,1.3584443368499142,0.9056424368338547
2019-12-19,2019-20,True,20191219_ArkansasLR@ULMonroe,1,9.0,115.5,0.7613147445415704,0.7558142793580094,0.7026419663343605,1.3584443368499142,1.0,20191219_PortlandState@LoyolaMarymount,-1,14.0,157.5,0.832951056515904,0.8293748785604635,0.7850346372390726,1.2158699179910437,1.0,0.6341379208070366,0.6268533761568132,0.5515982811502433,0.047400279854719285,1,0.651691604441103,1.2194884648401245,1.2158699179910437,0.4827393397361861
2019-12-20,2019-20,True,20191220_MountStMarys@Navy,1,7.5,109.0,0.7462520522254246,0.739867323374965,0.6690228172555107,1.4267076927444478,0.0,20191220_Southern@CalSantaBarb,-1,15.0,149.5,0.8520741782484895,0.8491684511980377,0.8012944633216066,1.191197548081526,1.0,0.6358621041662276,0.6282719890823567,0.5360842793026638,0.08064173596327362,0,-1.0,1.4028123090069586,1.2032427350745172,-1.0
2019-12-21,2019-20,True,20191221_WeberState@BYU,1,7.5,127.0,0.764768091255363,0.7580303541459896,0.6804188941539044,1.4028123090069586,1.0,20191221_VMI@VirginiaTech,1,12.0,120.5,0.8316144126101389,0.8262628954837512,0.7641184135263167,1.2491519417718187,0.0,0.6359921669923059,0.6263323552812388,0.5199206059342123,0.11446543177217339,0,-1.0,1.2996810459462225,1.2057514779468184,-1.0
2019-12-22,2019-20,True,20191222_SouthCarolina@Virginia,1,12.5,100.0,0.8499082471456009,0.8454441859632226,0.7827052305288803,1.2194884648401245,1.0,20191222_Yale@Clemson,1,7.5,120.0,0.7484334936020949,0.7409959314401272,0.6690228172555107,1.4267076927444478,0.0,0.6360997986524147,0.6264707020584582,0.5236476584090555,0.10672050810641664,0,-1.0,1.233943404208376,1.3800756963929393,-1.0
2019-12-23,2019-20,True,20191223_Grambling@Dayton,-1,14.0,161.5,0.8500462994253462,0.8467106333726866,0.7932730214580415,1.2032427350745172,1.0,20191223_BallState@UTEP,1,7.5,116.0,0.7469329232400291,0.7407461178726339,0.6804188941539044,1.4028123090069586,1.0,0.6349275673191429,0.6271976146322966,0.5397579520226071,0.07170930103335493,1,0.6879237194857317,1.2158699179910437,1.3584443368499142,0.651691604441103
2019-12-25,2019-20,True,20191225_PortlandU@BallState,1,11.0,121.5,0.7707109361785127,0.7676110238324471,0.7445509309598086,1.2819808025349506,0.0,20191225_HoustonU@WashingtonU,-1,15.0,153.5,0.8178259324153756,0.8154317041450125,0.8012944633216066,1.191197548081526,1.0,0.6303073900029192,0.6259343652841901,0.5966045386390424,-0.03746238220584097,0,-1.0,1.233943404208376,1.191197548081526,-1.0
2019-12-27,2019-20,True,20191227_CoppinState@MountStMarys,1,10.0,127.5,0.7703628912609101,0.7653793911782117,0.7240413454674829,1.3182948818809783,1.0,20191227_UMassLowell@LoyolaMaryland,1,15.0,132.5,0.8227954343740856,0.8203551682800755,0.8168485011746862,1.1685153350068724,1.0,0.633851069740697,0.6278829392481036,0.5914320878336166,-0.02358552325641905,1,0.5404477855389966,1.3182948818809783,1.1573246566666517,0.5256951715583074
2019-12-28,2019-20,True,20191228_Marist@Columbia,1,7.5,118.0,0.7604930699510905,0.7536237395414433,0.6804188941539044,1.4028123090069586,1.0,20191228_CalRiverside@FresnoState,1,12.5,110.0,0.8347035137203248,0.8297764066519355,0.7735362876001189,1.233943404208376,1.0,0.6347862376481319,0.625339198564293,0.5263287053967896,0.09880926177994986,1,0.7309909960414587,1.3182948818809783,1.2194884648401245,0.6076454017116275
2019-12-29,2019-20,True,20191229_Navy@Virginia,1,10.0,87.5,0.8448206114396819,0.8378925159028409,0.7240413454674829,1.3182948818809783,1.0,20191229_NorfolkSt@StonyBrook,1,6.5,119.0,0.7552648952041928,0.7460099706507474,0.6457172783032963,1.4782011138188362,1.0,0.6380633505653335,0.6250761711971592,0.46752600697431973,0.24339721778798662,1,0.9487049627381332,1.233943404208376,1.4028123090069586,0.7309909960414587
2019-12-30,2019-20,True,20191230_Yale@NorthCarolina,1,6.0,126.5,0.751695475379899,0.7412547717377859,0.633832329584112,1.50591876660235,1.0,20191230_GeorgeMason@TCU,1,13.0,115.5,0.8510123115209762,0.8456282490359424,0.7827052305288803,1.2194884648401245,1.0,0.639702104062907,0.626825974714161,0.4961038796437896,0.17478129034707002,1,0.8364505648578335,1.4028123090069586,1.1466963588602808,0.6085997669026626
2019-12-31,2019-20,True,20191231_Temple@CentralFlorida,1,7.5,126.0,0.7568983581323377,0.7489585105334302,0.6690228172555107,1.4267076927444478,0.0,20191231_FloridaA&M@IowaState,-1,15.0,160.5,0.8412044081534956,0.8386877249450897,0.8012944633216066,1.191197548081526,1.0,0.6367062353850658,0.6281423092775456,0.5360842793026638,0.08207632912384932,0,-1.0,1.2996810459462225,1.1797089589507481,-1.0
2020-01-01,2019-20,True,20200101_FresnoState@SanDiegoState,1,8.5,116.0,0.7531774536562443,0.7480066382237689,0.6916287291303997,1.3800756963929393,0.0,20200101_Mercer@NCGreensboro,1,13.0,116.5,0.8396718845426746,0.8360748492976533,0.7916225005382908,1.2057514779468184,1.0,0.6324219319065917,0.6253895373265819,0.5475088639983272,0.05236799893961508,0,-1.0,1.2651513903703295,1.1802966982933445,-1.0
2020-01-02,2019-20,True,20200102_SaintMarysCA@SanFrancisco,-1,12.5,163.0,0.838922468439279,0.8342537390516854,0.7679142653440937,1.242977299780073,1.0,20200102_Lehigh@Navy,1,8.0,116.5,0.7570439557632614,0.7503864420380456,0.6804188941539044,1.4028123090069586,1.0,0.6351011840859516,0.6260126950039304,0.5225033752304362,0.10740297956027245,1,0.7436638559477189,1.1297965760158362,1.3584443368499142,0.5347657604811362
2020-01-03,2019-20,True,20200103_Temple@Tulsa,1,7.5,125.0,0.7528934995470427,0.7451890104521776,0.6690228172555107,1.4267076927444478,0.0,20200103_Fairfield@Niagara,1,13.5,117.0,0.8450450214389732,0.8404033473106461,0.7916225005382908,1.2057514779468184,1.0,0.6362289034659943,0.6262593387631181,0.5296135155129793,0.09447589451440974,0,-1.0,1.1926983951443433,1.2194884648401245,-1.0
2020-01-04,2019-20,True,20200104_VirginiaTech@Virginia,1,14.0,96.5,0.8745067271114255,0.8704269422032422,0.8086949674434942,1.1802966982933445,1.0,20200104_Lipscomb@FlaGulfCoast,1,6.0,125.5,0.7274872180166102,0.7186895684418395,0.633832329584112,1.50591876660235,1.0,0.6361924660431019,0.6255667634521982,0.5125770151376575,0.13078817810498955,1,0.7774309481187394,1.1366034241542577,1.3800756963929393,0.5685987621122865
2020-01-05,2019-20,True,20200105_Purdue@Illinois,1,8.0,118.5,0.7732675871362937,0.7655825642203841,0.6804188941539044,1.4028123090069586,0.0,20200105_LaSalle@Fordham,1,12.0,108.5,0.8231475847095451,0.817757758317683,0.7641184135263167,1.2491519417718187,1.0,0.6365133466854179,0.6260610815239649,0.5199206059342123,0.11537870835301844,0,-1.0,1.233943404208376,1.2194884648401245,-1.0
2020-01-06,2019-20,True,20200106_NorfolkSt@CoppinState,1,8.5,127.0,0.753076376381284,0.7464951031426768,0.6916287291303997,1.3800756963929393,1.0,20200106_SouthAlabama@UTArlington,-1,15.0,158.5,0.8439492171176123,0.8412137453060593,0.8090978649928602,1.1797089589507481,1.0,0.635558218276753,0.6279619415672841,0.5595953281071316,0.034744494335917864,1,0.628087663064943,1.2057514779468184,1.090542609936689,0.3149233636951434
2020-01-07,2019-20,True,20200107_Virginia@BostonCollege,1,7.0,102.5,0.7647294238636956,0.7576004726595961,0.6690228172555107,1.4267076927444478,1.0,20200107_UtahState@AirForce,-1,13.5,164.0,0.830342331312127,0.8262819441310482,0.7765809710930506,1.2291055737002228,1.0,0.6349872126339607,0.625991591423772,0.519550389107693,0.11349730592023466,1,0.7535743771931855,1.3584443368499142,1.1297965760158362,0.5347657604811362
2020-01-08,2019-20,True,20200108_Marist@Fairfield,1,9.0,99.5,0.7873680751862374,0.7813133758573906,0.7026419663343605,1.3584443368499142,1.0,20200108_Campbell@NCAsheville,-1,11.5,155.0,0.8052758346949882,0.8005685308853291,0.7406673925864926,1.2887026073427916,1.0,0.6340484839577836,0.6254949014712081,0.5204239931267169,0.10998477860509626,1,0.7506307588285339,1.3378670467522449,1.3229269383726476,0.7699003561096032
2020-01-09,2019-20,True,20200109_Purdue@Michigan,1,8.5,117.0,0.7697293250061247,0.7635733121965548,0.6916287291303997,1.3800756963929393,1.0,20200109_MountStMarys@Merrimack,1,11.5,104.0,0.8242556470684339,0.8197759948721692,0.7641184135263167,1.2491519417718187,1.0,0.6344537428504722,0.6259590716637682,0.5284862472523437,0.09375018388362055,1,0.7239242359413349,1.1926983951443433,1.1366034241542577,0.35562507990434855
2020-01-10,2019-20,True,20200110_Manhattan@Fairfield,1,13.5,99.0,0.8386698153750849,0.835078214125923,0.7916225005382908,1.2057514779468184,1.0,20200110_NorthernKentucky@IllinoisChicago,1,9.0,123.5,0.7552785520084211,0.7502046771078756,0.7026419663343605,1.3584443368499142,0.0,0.633429323769664,0.6264795819881595,0.5562271903727479,0.03752319619151323,0,-1.0,1.1366034241542577,1.2651513903703295,-1.0
2020-01-11,2019-20,True,20200111_JacksonState@AlcornState,-1,11.5,168.0,0.8317235574424854,0.8253663959897443,0.7406673925864926,1.2887026073427916,1.0,20200111_OldDominion@CharlotteU,1,7.0,106.5,0.7651162450480267,0.7572953394345159,0.6690228172555107,1.4267076927444478,0.0,0.6363652051883811,0.6250461250088964,0.49552338563750864,0.1700222903433315,0,-1.0,1.0050324264218538,1.3182948818809783,-1.0
2020-01-12,2019-20,True,20200112_MichiganState@Purdue,1,7.0,123.5,0.7521167440634889,0.7449197781250209,0.6690228172555107,1.4267076927444478,0.0,20200112_MemphisU@SouthFlorida,1,14.5,119.0,0.8440783960844911,0.8399692066356866,0.8086949674434942,1.1802966982933445,1.0,0.6348454949973994,0.6257096750389055,0.5410353854194,0.06904069387309786,0,-1.0,1.233943404208376,1.1573246566666517,-1.0
2020-01-13,2019-20,True,20200113_JacksonState@Southern,-1,13.0,145.5,0.8281554578596633,0.8242823181270398,0.7679142653440937,1.242977299780073,1.0,20200113_MissValleySt@AlabamaA&M,1,9.5,143.0,0.7643412092391895,0.7601393592460062,0.7240413454674829,1.3182948818809783,0.0,0.6329933440984896,0.6265694331389007,0.5560016778834113,0.03722961134134595,0,-1.0,1.242977299780073,1.2491519417718187,-1.0
2020-01-14,2019-20,True,20200114_TCU@WestVirginia,1,5.0,117.5,0.7341583934050042,0.7245730465826431,0.6218100727101453,1.535034638213294,1.0,20200114_Louisville@Pittsburgh,1,14.5,110.0,0.8670808362314699,0.8632912260214831,0.8168485011746862,1.1685153350068724,1.0,0.6365746736799636,0.6255175537264511,0.5079246259086049,0.14183132203090043,1,0.7937115145189604,1.2491519417718187,1.1010869936327907,0.3754249561560947
2020-01-15,2019-20,True,20200115_Virginia@FloridaState,1,13.0,98.5,0.8564424479072987,0.851361664369221,0.7827052305288803,1.2194884648401245,1.0,20200115_WichitaState@Temple,1,7.0,124.5,0.7432494681122896,0.7351586328333852,0.6574516449723434,1.4518177987677745,0.0,0.6365503938758871,0.6258858772244319,0.5145908413396696,0.12699659592910706,0,-1.0,1.1466963588602808,1.1802966982933445,-1.0
2020-01-16,2019-20,True,20200116_HighPoint@NCAsheville,-1,13.5,161.0,0.8527756454770649,0.8481514077479283,0.7850346372390726,1.2158699179910437,1.0,20200116_UAB@FloridaIntl,1,7.0,126.5,0.7469258623288,0.739478624960919,0.6690228172555107,1.4267076927444478,1.0,0.6369601843709557,0.6271898367601058,0.5252060846488422,0.1049290771314979,1,0.7346909653743829,1.1388481480754709,1.2996810459462225,0.48013935226464644
2020-01-17,2019-20,True,20200117_Brown@Yale,1,6.0,125.5,0.7497141229862098,0.7407671290057477,0.6457172783032963,1.4782011138188362,1.0,20200117_Fairfield@Iona,1,15.0,112.5,0.851875797710897,0.8483632656064837,0.8168485011746862,1.1685153350068724,1.0,0.638663316574003,0.6284396206172554,0.5274531909646453,0.10316357444486135,1,0.7273006697215494,1.3584443368499142,1.1010869936327907,0.49576539087956206
2020-01-18,2019-20,True,20200118_Purdue@Maryland,1,7.0,112.5,0.7813458999225538,0.7724960301915932,0.6690228172555107,1.4267076927444478,0.0,20200118_Stetson@Jacksonville,1,9.5,104.0,0.8173032861890693,0.8103791257608297,0.7240413454674829,1.3182948818809783,1.0,0.6385965716570589,0.6260146576003748,0.4844001807541259,0.2010861294126054,0,-1.0,1.233943404208376,1.1573246566666517,-1.0
2020-01-19,2019-20,True,20200119_Minnesota@Rutgers,1,12.0,118.5,0.832939520820689,0.8283538345567558,0.7735362876001189,1.233943404208376,1.0,20200119_Iona@Marist,1,9.0,117.5,0.7625640447324682,0.7568814037789394,0.7026419663343605,1.3584443368499142,1.0,0.6351697300145485,0.6269656131249847,0.543519058150329,0.0646990865161754,1,0.6762434294401727,1.2651513903703295,1.2651513903703295,0.6006080405559779
2020-01-20,2019-20,True,20200120_Yale@Howard,1,8.5,126.0,0.7875301036077572,0.7809606586940581,0.7026419663343605,1.3584443368499142,1.0,20200120_NCState@Virginia,1,10.5,106.0,0.8063523008040967,0.8010909968700909,0.734410956424377,1.2996810459462225,0.0,0.6350267109966037,0.6256205525895457,0.5160279585195227,0.12116782587559216,0,-1.0,1.2194884648401245,1.2491519417718187,-1.0
2020-01-21,2019-20,True,20200121_Illinois@Purdue,1,6.0,116.5,0.7612397802443717,0.7524064390735317,0.6457172783032963,1.4782011138188362,1.0,20200121_Wyoming@SanDiegoState,1,12.5,106.0,0.835928324893873,0.831829030221899,0.7735362876001189,1.233943404208376,1.0,0.6363418943422576,0.6258735185472482,0.49948574629798465,0.16069812414227336,1,0.8240165144902276,1.2819808025349506,1.1366034241542577,0.4571037698612481
2020-01-22,2019-20,True,20200122_Cincinnati@Temple,1,8.5,120.0,0.7785091485042667,0.7709821279204245,0.6916287291303997,1.3800756963929393,1.0,20200122_MemphisU@Tulsa,1,11.0,119.5,0.8174654236803901,0.8110291975292307,0.7445509309598086,1.2819808025349506,1.0,0.6364043109211001,0.6252890165166807,0.5149528141525884,0.12594594828286154,1,0.7692305488208011,1.2491519417718187,1.0789194301778535,0.34773430122200977
2020-01-23,2019-20,True,20200123_Jacksonville@Lipscomb,1,5.5,122.0,0.7414927999430307,0.7309103220587901,0.6218100727101453,1.535034638213294,1.0,20200123_Montana@IdahoState,1,14.5,113.0,0.864280169855877,0.8605046434714297,0.8168485011746862,1.1685153350068724,1.0,0.6408575230816724,0.628951726092787,0.5079246259086049,0.14951351831769633,1,0.7937115145189604,1.2819808025349506,1.0789194301778535,0.3831539969699562
2020-01-24,2019-20,True,20200124_Wisconsin@Purdue,1,11.5,100.0,0.8507454232710818,0.8449337383295228,0.7544551642318498,1.2651513903703295,1.0,20200124_Yale@Brown,1,7.0,124.5,0.7490031343164509,0.7407972476011463,0.6574516449723434,1.4518177987677745,1.0,0.637210988535416,0.6259245877598576,0.49601778878210917,0.17040958561816866,1,0.8367693066754411,1.1270200671203123,1.2996810459462225,0.4647666196373095
2020-01-25,2019-20,True,20200125_Jacksonville@KennesawSt,1,7.5,114.0,0.7814463368007672,0.7726410825791599,0.6690228172555107,1.4267076927444478,1.0,20200125_Tennessee@Kansas,1,9.5,112.0,0.8178151760353854,0.8103161402696927,0.713449069783958,1.3378670467522449,1.0,0.6390786734929266,0.6260835398493417,0.477313706635187,0.21983835522637096,1,0.9087452074707234,1.1573246566666517,1.1366034241542577,0.3154191676254672
2020-01-26,2019-20,True,20200126_Tulsa@Connecticut,1,8.0,116.5,0.7774796734528229,0.7697616716758724,0.6804188941539044,1.4028123090069586,1.0,20200126_Fordham@SaintLouis,1,11.0,107.5,0.8190940624420036,0.8134902533345517,0.7445509309598086,1.2819808025349506,0.0,0.636828984194555,0.6261936172988335,0.506606521084933,0.14525952132406328,0,-1.0,1.2651513903703295,1.2491519417718187,-1.0
2020-01-27,2019-20,True,20200127_SouthernUtah@IdahoU,1,7.5,121.0,0.7516897316384612,0.7446089488122898,0.6690228172555107,1.4267076927444478,0.0,20200127_Kansas@OklahomaState,1,13.5,119.0,0.8453583681743225,0.8417134589874098,0.8002861443311359,1.1926983951443433,0.0,0.6354472049112839,0.6267473738977716,0.5354096908909668,0.08129728260413938,0,-1.0,1.2491519417718187,1.1179216815350002,-1.0
2020-01-28,2019-20,True,20200128_Purdue@Rutgers,1,6.5,114.0,0.7578027630686693,0.7489823452330482,0.6457172783032963,1.4782011138188362,1.0,20200128_FloridaState@Virginia,1,12.0,101.5,0.8399703079233098,0.8346327276403122,0.7641184135263167,1.2491519417718187,1.0,0.6365318202399252,0.625125177756297,0.4934044622836459,0.1753546003918367,1,0.8464977916560643,1.4518177987677745,1.2057514779468184,0.7505314565737407
2020-01-29,2019-20,True,20200129_Temple@Connecticut,1,5.5,122.0,0.7435057553476323,0.7331470574024506,0.6218100727101453,1.535034638213294,1.0,20200129_Louisville@BostonCollege,1,14.5,118.0,0.8595033084183514,0.8553352760216343,0.8086949674434942,1.1802966982933445,1.0,0.6390456565493754,0.627086540707774,0.5028546765063677,0.15782056581208082,1,0.8117963152490695,1.3800756963929393,1.1802966982933445,0.6288987878474743
2020-01-30,2019-20,True,20200130_FlaGulfCoast@Jacksonville,1,5.0,114.5,0.7430461651082475,0.7319087523225712,0.6096643870600917,1.5656154767424844,1.0,20200130_WeberState@SouthernUtah,1,13.0,118.5,0.8595775256020992,0.8544164611808668,0.7916225005382908,1.2057514779468184,1.0,0.6387057840118763,0.6253548860667548,0.48262404657365415,0.20571248458781555,1,0.8877431749786631,1.3378670467522449,1.0859242179085287,0.45282222641002456
2020-01-31,2019-20,True,20200131_Columbia@Yale,1,5.5,123.0,0.7412961870796154,0.731312383890853,0.6218100727101453,1.535034638213294,1.0,20200131_Cornell@Brown,1,14.5,121.0,0.8601428768539634,0.8555574864073686,0.8086949674434942,1.1802966982933445,1.0,0.6376206349555342,0.6256797849402388,0.5028546765063677,0.15523871693920888,1,0.8117963152490695,1.2996810459462225,1.1685153350068724,0.5186972328059325
2020-02-01,2019-20,True,20200201_Cornell@Yale,1,11.0,116.5,0.8386040537179471,0.8318086064015631,0.7445509309598086,1.2819808025349506,1.0,20200201_WichitaState@Tulsa,1,7.0,121.5,0.7629784202066745,0.7538609775942793,0.6574516449723434,1.4518177987677745,0.0,0.6398367960846325,0.6270680491932175,0.4895062343252159,0.19086587440832603,0,-1.0,1.2491519417718187,1.2996810459462225,-1.0
2020-02-02,2019-20,True,20200202_LaSalle@Duquesne,1,8.0,125.5,0.7466531208871636,0.7404247387642366,0.6804188941539044,1.4028123090069586,1.0,20200202_Marist@Canisius,1,14.5,116.0,0.8482521974674311,0.8446027884419617,0.8086949674434942,1.1802966982933445,1.0,0.633350150538452,0.6253647989916853,0.5502513354557301,0.048659844706599786,1,0.6557347366461761,1.3378670467522449,1.1802966982933445,0.5790800580371422
2020-02-03,2019-20,True,20200203_IdahoU@SacramentoState,1,8.5,108.0,0.7700676163752995,0.7644714471735722,0.6916287291303997,1.3800756963929393,1.0,20200203_Texas@Kansas,1,11.5,117.0,0.8243815105510119,0.8204608960751982,0.7641184135263167,1.2491519417718187,1.0,0.6348295048138866,0.6272189285719326,0.5284862472523437,0.09439796903929532,1,0.7239242359413349,1.2194884648401245,1.1466963588602808,0.39838298230428437
2020-02-04,2019-20,True,20200204_Xavier@Depaul,1,9.0,127.5,0.7642759671325923,0.7580744920496184,0.7026419663343605,1.3584443368499142,0.0,20200204_AirForce@Nevada,-1,14.0,172.5,0.8298428495691194,0.8259318666352417,0.7850346372390726,1.2158699179910437,1.0,0.6342289464225049,0.626117880267104,0.5515982811502433,0.0475506260995775,0,-1.0,1.2651513903703295,1.1051151630306961,-1.0
2020-02-05,2019-20,True,20200205_Temple@MemphisU,1,5.0,127.5,0.7323846413758766,0.721396762315008,0.6096643870600917,1.5656154767424844,1.0,20200205_Clemson@Virginia,1,13.5,91.0,0.8715240152674392,0.8666629248048405,0.7916225005382908,1.2057514779468184,1.0,0.6382908033721074,0.6252078279726673,0.48262404657365415,0.20492910771734363,1,0.8877431749786631,1.3378670467522449,1.1366034241542577,0.520624266401746
2020-02-06,2019-20,True,20200206_Connecticut@Tulsa,1,7.0,119.5,0.761499889966178,0.752916043074572,0.6574516449723434,1.4518177987677745,1.0,20200206_Liberty@Jacksonville,1,11.0,104.5,0.8358466191487589,0.8305530444816585,0.7544551642318498,1.2651513903703295,1.0,0.6364971085103818,0.6253367118146693,0.49601778878210917,0.16909835269953688,1,0.8367693066754411,1.4267076927444478,1.233943404208376,0.7604765471953614
2020-02-07,2019-20,True,20200207_Dartmouth@Brown,1,8.0,119.5,0.7652780129764856,0.7588707131904289,0.6916287291303997,1.3800756963929393,1.0,20200207_Harvard@Yale,1,12.5,123.0,0.8294942599300111,0.824492959520724,0.7735362876001189,1.233943404208376,1.0,0.6347937190146393,0.6256835602119792,0.5349999195291176,0.08101263415165927,1,0.7029353028723484,1.2996810459462225,1.1802966982933445,0.5340092473647668
2020-02-08,2019-20,True,20200208_Virginia@Louisville,1,10.0,101.5,0.8157880346376003,0.8094664129500563,0.7240413454674829,1.3182948818809783,1.0,20200208_Kansas@TCU,1,8.0,119.5,0.7796816087893332,0.7726662382301991,0.6916287291303997,1.3800756963929393,0.0,0.6360549272773325,0.6254473682678129,0.5007677956035399,0.15720445023800322,0,-1.0,1.2057514779468184,1.2491519417718187,-1.0
2020-02-09,2019-20,True,20200209_Tulsa@CentralFlorida,1,10.0,115.5,0.8005289727379907,0.794590736344239,0.7240413454674829,1.3182948818809783,1.0,20200209_WashingtonU@WashingtonState,1,10.0,125.5,0.7928632806935859,0.786889101860082,0.7240413454674829,1.3182948818809783,1.0,0.6347100276153095,0.6252547908682594,0.524235869946363,0.10306344278988777,1,0.7379013955935825,1.2491519417718187,1.2491519417718187,0.5603805736323051
2020-02-10,2019-20,True,20200210_MDEasternShore@CoppinState,1,7.5,122.0,0.7458321058424517,0.7388700311427341,0.6690228172555107,1.4267076927444478,1.0,20200210_AlabamaState@ArkPineBluff,1,14.0,102.5,0.8528136811055566,0.8488141773948603,0.8002861443311359,1.1926983951443433,1.0,0.6360558236702103,0.6271633576861346,0.5354096908909668,0.0823329277452034,1,0.7016319754763916,1.2996810459462225,1.0859242179085287,0.41135512334969015
2020-02-11,2019-20,True,20200211_NoIllinois@BallState,1,8.0,112.5,0.7626664742065073,0.7560845970058485,0.6804188941539044,1.4028123090069586,1.0,20200211_Fordham@Davidson,1,12.0,105.5,0.832288478811431,0.8274213333187358,0.7641184135263167,1.2491519417718187,1.0,0.6347585196578115,0.6256005253563383,0.5199206059342123,0.11230367981885347,1,0.7523257197374509,1.233943404208376,1.1366034241542577,0.4025042984358014
2020-02-12,2019-20,True,20200212_Kansas@WestVirginia,1,8.0,124.5,0.7670696754963161,0.759460932875239,0.6804188941539044,1.4028123090069586,0.0,20200212_Temple@Tulane,1,12.5,125.0,0.8300008795292854,0.824506603738839,0.7735362876001189,1.233943404208376,1.0,0.6366685053221859,0.6261805544372937,0.5263287053967896,0.10206745017587715,0,-1.0,1.3182948818809783,1.2057514779468184,-1.0
2020-02-13,2019-20,True,20200213_SouthernUtah@SacramentoState,1,11.0,106.5,0.8316437199710071,0.8253518348484561,0.7445509309598086,1.2819808025349506,1.0,20200213_ArizonaState@Stanford,1,7.5,127.0,0.765473501100633,0.7575888547315901,0.6804188941539044,1.4028123090069586,1.0,0.6366012299945611,0.6252773513134583,0.506606521084933,0.1448499330789641,1,0.798378449706648,1.1366034241542577,1.2491519417718187,0.419790374306789
2020-02-14,2019-20,True,20200214_Fairfield@Marist,1,10.5,103.0,0.8157229758280502,0.8105176467208156,0.7445509309598086,1.2819808025349506,1.0,20200214_Columbia@Dartmouth,1,9.0,118.5,0.7779105595901799,0.7717514925845933,0.7026419663343605,1.3584443368499142,1.0,0.6345595165969653,0.6255182036229415,0.5231527301656786,0.1050851196796534,1,0.7414995611539117,1.1685153350068724,1.1926983951443433,0.39368636476425145
2020-02-15,2019-20,True,20200215_Virginia@NorthCarolina,1,6.5,107.0,0.7718197187809372,0.7619243271367404,0.6457172783032963,1.4782011138188362,1.0,20200215_WestVirginia@Baylor,1,11.5,116.0,0.8264239286540394,0.8207399859429624,0.7544551642318498,1.2651513903703295,1.0,0.637850284207598,0.6253417615438094,0.4871647352496564,0.1928745573050945,1,0.8701481943948703,1.2996810459462225,1.2057514779468184,0.5670923420091245
2020-02-16,2019-20,True,20200216_Duquesne@Fordham,1,6.0,113.5,0.7414032338021043,0.7332932131165973,0.6457172783032963,1.4782011138188362,0.0,20200216_Fairfield@St.Peter's,1,14.0,102.5,0.8576086796233412,0.8535121829914356,0.8002861443311359,1.1926983951443433,1.0,0.635833848409498,0.625874691099951,0.51675859098134,0.12100565590755985,0,-1.0,1.4267076927444478,1.1010869936327907,-1.0
2020-02-17,2019-20,True,20200217_Xavier@St.Johns,1,8.5,130.0,0.7704144126478827,0.7630810435794256,0.6916287291303997,1.3800756963929393,1.0,20200217_NCCentral@N.CarolinaA&T,1,12.0,119.5,0.8258481813928609,0.820062695177842,0.7641184135263167,1.2491519417718187,1.0,0.636245341604103,0.6257742972368641,0.5284862472523437,0.09683876439608685,1,0.7239242359413349,1.2491519417718187,1.1466963588602808,0.43239798329299384
2020-02-18,2019-20,True,20200218_Purdue@Wisconsin,1,13.5,108.0,0.8548441472607705,0.8509301546074867,0.8002861443311359,1.1926983951443433,1.0,20200218_BallState@Buffalo,1,7.0,134.5,0.7423924678587387,0.7351925333975069,0.6690228172555107,1.4267076927444478,0.0,0.6346298561195225,0.6255974961102103,0.5354096908909668,0.07990645576496136,0,-1.0,1.1926983951443433,1.233943404208376,-1.0
2020-02-19,2019-20,True,20200219_Fordham@LaSalle,1,8.0,110.5,0.7679769529172705,0.7604713942462202,0.6804188941539044,1.4028123090069586,0.0,20200219_TCU@Texas,1,11.0,107.5,0.8289329654720557,0.8234214889780731,0.7544551642318498,1.2651513903703295,1.0,0.6366014129959064,0.6261884877754539,0.5133455485353375,0.12982105356390106,0,-1.0,1.2491519417718187,1.1366034241542577,-1.0
2020-02-20,2019-20,True,20200220_Lipscomb@Jacksonville,1,6.0,129.5,0.7327308873742723,0.7249922312417494,0.6457172783032963,1.4782011138188362,1.0,20200220_LoyolaMarymount@SaintMarysCA,-1,15.0,143.5,0.8676883429948755,0.8644607485730187,0.8012944633216066,1.191197548081526,1.0,0.6357820495269471,0.6267273269288658,0.5174096799755282,0.11950381530439125,1,0.7608295423523785,1.3182948818809783,1.1388481480754709,0.5013376848475237
2020-02-21,2019-20,True,20200221_Yale@Cornell,1,15.0,119.5,0.8628764646864452,0.859005796702436,0.8168485011746862,1.1685153350068724,1.0,20200221_Brown@Columbia,1,7.5,131.0,0.7345866302491327,0.728104490814589,0.6690228172555107,1.4267076927444478,1.0,0.6338575145153006,0.6254459782148075,0.5464902855268299,0.056722762522888104,1,0.6671298175441605,1.1270200671203123,1.3182948818809783,0.48574478626186446
2020-02-22,2019-20,True,20200222_UCDavis@CalSantaBarb,-1,13.5,159.0,0.8602806898751765,0.855089728713526,0.7765809710930506,1.2291055737002228,1.0,20200222_OldDominion@Marshall,1,6.0,128.5,0.7411036482131405,0.7313312537074305,0.633832329584112,1.50591876660235,1.0,0.6375571577538106,0.6253538433324095,0.49222212601860016,0.1800756780326127,1,0.8509331495707131,1.1211696938020685,1.3182948818809783,0.4780322690593306
2020-02-23,2019-20,True,20200223_SouthFlorida@Connecticut,1,11.0,110.5,0.825567989587887,0.8201234553746292,0.7544551642318498,1.2651513903703295,1.0,20200223_Stanford@WashingtonState,1,8.5,124.0,0.7698167433094733,0.7628505615115964,0.6916287291303997,1.3800756963929393,1.0,0.6355360611250963,0.6256316384413665,0.5218028664235412,0.10964894091492905,1,0.7460046861078278,1.2491519417718187,1.2491519417718187,0.5603805736323051
2020-02-24,2019-20,True,20200224_MDEasternShore@N.CarolinaA&T,1,6.5,123.0,0.73970382049036,0.7314164373677225,0.6457172783032963,1.4782011138188362,1.0,20200224_WestVirginia@Texas,1,13.5,110.0,0.8590311763577535,0.8545643200309557,0.8002861443311359,1.1926983951443433,1.0,0.6354286430721585,0.625042390458612,0.51675859098134,0.12029125940901264,1,0.7630480961523067,1.2194884648401245,1.1179216815350002,0.36329259522660795
2020-02-25,2019-20,True,20200225_WesternMichigan@BallState,1,8.5,120.0,0.7687294531987362,0.7622562409742495,0.6916287291303997,1.3800756963929393,1.0,20200225_NoIllinois@EasternMichigan,1,12.0,102.5,0.8248615388161752,0.8200806289429571,0.7641184135263167,1.2491519417718187,1.0,0.6340953596988265,0.6251115775138568,0.5284862472523437,0.09313235848274526,1,0.7239242359413349,1.3182948818809783,1.1010869936327907,0.45155734821182136
2020-02-26,2019-20,True,20200226_RhodeIsland@Fordham,1,12.0,108.5,0.8404974855002957,0.834727160602237,0.7641184135263167,1.2491519417718187,1.0,20200226_Hartford@StonyBrook,1,7.5,124.0,0.757867213738355,0.7498553596428907,0.6690228172555107,1.4267076927444478,0.0,0.6369854874902025,0.6259246352170794,0.5112126537341878,0.135219410347041,0,-1.0,1.1366034241542577,1.2194884648401245,-1.0
2020-02-27,2019-20,True,20200227_Jacksonville@FlaGulfCoast,1,6.5,114.0,0.7667483853832447,0.7579244877309592,0.6574516449723434,1.4518177987677745,1.0,20200227_Temple@WichitaState,1,11.0,123.5,0.832315118674793,0.8259173774593155,0.7544551642318498,1.2651513903703295,1.0,0.6381762733739613,0.625983005218949,0.49601778878210917,0.1721825911818078,1,0.8367693066754411,1.3584443368499142,1.1926983951443433,0.6202143804538143
2020-02-28,2019-20,True,20200228_Dartmouth@Cornell,1,10.5,114.0,0.806025248977748,0.8011144926497556,0.7445509309598086,1.2819808025349506,1.0,20200228_Pennsylvania@Yale,1,10.0,128.5,0.7864203658693292,0.7810150815911633,0.7240413454674829,1.3182948818809783,1.0,0.6338746712009977,0.6256825008407123,0.5390856578212068,0.07126640596195566,1,0.6900287306514945,1.2651513903703295,1.233943404208376,0.5611252134725242
2020-02-29,2019-20,True,20200229_Duke@Virginia,1,12.5,111.0,0.8450247996781403,0.8399868346618962,0.7735362876001189,1.233943404208376,0.0,20200229_Oklahoma@WestVirginia,1,7.5,127.0,0.7517966251400923,0.7445294275264805,0.6690228172555107,1.4267076927444478,1.0,0.6352867925577084,0.625394917140602,0.5175134263796005,0.11840749904081038,0,-1.0,1.2194884648401245,1.3378670467522449,-1.0
2020-03-01,2019-20,True,20200301_SouthFlorida@Temple,1,7.5,118.0,0.7748566547223084,0.7661370341149507,0.6690228172555107,1.4267076927444478,1.0,20200301_SouthernMiss@UTEP,1,10.0,115.5,0.823038295318743,0.8160965189996963,0.734410956424377,1.2996810459462225,1.0,0.6377367002190325,0.6252417666179628,0.49133768709035086,0.18253280822703544,1,0.8542649463656256,1.2651513903703295,1.2057514779468184,0.525458158765497
2020-03-02,2019-20,True,20200302_AlabamaState@TexasSouthern,1,7.0,133.5,0.7356394508684561,0.7283384367847014,0.6574516449723434,1.4518177987677745,1.0,20200302_ArkPineBluff@JacksonState,1,14.0,101.5,0.862852845895168,0.8592076564687224,0.8086949674434942,1.1802966982933445,1.0,0.6347485937346059,0.6257939613858761,0.531677836626581,0.08768980036890262,1,0.7135757544091155,1.3182948818809783,1.1179216815350002,0.4737504311113676
2020-03-03,2019-20,True,20200303_Maine@Hartford,1,8.0,118.5,0.7770118019030247,0.7691728081050023,0.6804188941539044,1.4028123090069586,1.0,20200303_StonyBrook@MDBaltimoreCo,1,11.5,120.0,0.8193672901257796,0.8133412720715772,0.7544551642318498,1.2651513903703295,1.0,0.6366580545210304,0.6255999901869898,0.5133455485353375,0.12992157924022618,1,0.774769943168766,1.2651513903703295,1.2819808025349506,0.6218997947551637
2020-03-04,2019-20,True,20200304_Tulsa@Temple,1,6.0,121.5,0.7454385799438723,0.7357154438424405,0.633832329584112,1.50591876660235,0.0,20200304_Virginia@MiamiFlorida,1,12.5,106.0,0.854982805284887,0.8496041245218541,0.7735362876001189,1.233943404208376,0.0,0.6373371682479945,0.6250668755629639,0.490292307187429,0.1843117354644075,0,-1.0,1.3800756963929393,1.2194884648401245,-1.0
2020-03-05,2019-20,True,20200305_AirForce@SanDiegoState,-1,13.0,157.5,0.8513148279762339,0.8465890776556775,0.7765809710930506,1.2291055737002228,1.0,20200305_CoppinState@MDEasternShore,1,7.0,125.5,0.748689910814649,0.7402956115573809,0.6574516449723434,1.4518177987677745,0.0,0.6373708226327148,0.6267261789809088,0.5105644368993459,0.13734830072618598,0,-1.0,1.1297965760158362,1.2819808025349506,-1.0
2020-03-06,2019-20,True,20200306_Yale@Dartmouth,1,6.5,121.0,0.7551050593231678,0.7469069588355314,0.6574516449723434,1.4518177987677745,1.0,20200306_Fairfield@Manhattan,1,13.0,99.5,0.8418296199872207,0.8377342091457941,0.7827052305288803,1.2194884648401245,1.0,0.6356698051404501,0.6257095104655741,0.5145908413396696,0.1254375355360906,1,0.7704750586468823,1.2819808025349506,1.1270200671203123,0.44481809011989193
2020-03-07,2019-20,True,20200307_Temple@Cincinnati,1,6.5,130.0,0.7519591718844939,0.7428396129890427,0.6457172783032963,1.4782011138188362,0.0,20200307_Louisville@Virginia,1,11.5,100.0,0.8481198744092924,0.8426353229123652,0.7641184135263167,1.2491519417718187,1.0,0.6377515184195924,0.6259428971631184,0.4934044622836459,0.17760677038707917,0,-1.0,1.4028123090069586,1.1573246566666517,-1.0
2020-03-08,2019-20,True,20200308_Nebraska@Minnesota,1,9.0,134.5,0.782765878408487,0.7762382909643548,0.7026419663343605,1.3584443368499142,1.0,20200308_Tulsa@WichitaState,1,11.0,116.5,0.8114424381906424,0.806032561674752,0.7445509309598086,1.2819808025349506,1.0,0.6351694529082227,0.6256733381360304,0.5231527301656786,0.1061473234980399,1,0.7414995611539117,1.2491519417718187,1.2651513903703295,0.5803663159164132
2020-03-09,2019-20,True,20200309_SaintMarysCA@BYU,-1,10.5,158.0,0.7964028624513763,0.7915421595213056,0.7215062089325543,1.3229269383726476,1.0,20200309_Elon@Northeastern,-1,11.0,149.5,0.7941790233881353,0.7899062629927895,0.7311831117245481,1.305418553430129,1.0,0.6324864475251495,0.625244109228717,0.5275531549758871,0.09228725187832132,1,0.7269733701841712,1.34126304773761,1.1388481480754709,0.5274949379980389
2020-03-10,2019-20,True,20200310_SaintMarysCA@Gonzaga,-1,13.0,159.5,0.8418795855918704,0.8381640300025348,0.7765809710930506,1.2291055737002228,1.0,20200310_Hartford@StonyBrook,1,8.5,124.0,0.7518634687698917,0.7462807634669537,0.6916287291303997,1.3800756963929393,0.0,0.6329785055096626,0.6255056922208304,0.5371057101039383,0.07369531623061065,0,-1.0,1.1687526079307544,1.3182948818809783,-1.0
2020-03-11,2019-20,True,20200311_Fordham@GeoWashington,1,8.0,110.5,0.7483037736387359,0.7423737153819926,0.6804188941539044,1.4028123090069586,1.0,20200311_UtahU@OregonState,-1,14.0,151.5,0.845953072174604,0.8425077430224621,0.7932730214580415,1.2032427350745172,1.0,0.6330298762295381,0.6254556034256823,0.5397579520226071,0.06850614323095439,1,0.6879237194857317,1.3584443368499142,1.1211696938020685,0.5230466211931724
2020-12-01,2020-21,True,20201201_WesternKentucky@Louisville,-1,11.0,153.5,0.7716398438872746,0.7685814474290268,0.7303351820227494,1.3069341632377613,1.0,20201201_NichollsState@SaintMarysCA,-1,15.0,154.5,0.8203556859328294,0.8181675732257732,0.8015877637477765,1.1907616896960744,1.0,0.6330191334252465,0.628828417669359,0.585427745343941,-0.014865788764940158,1,0.5562471325385219,1.289922517057684,1.1197141322350885,0.44434447183774584
2020-12-06,2020-21,True,20201206_Troy@UAB,-1,11.0,149.5,0.7897816776880132,0.7865456720901545,0.7303351820227494,1.3069341632377613,1.0,20201206_LouisianaTech@LSU,-1,13.0,165.5,0.797509875581489,0.7947172618749955,0.7676524120876094,1.2434012907016911,1.0,0.629858687509507,0.6250814228631156,0.5606435641122068,0.023547845060269745,1,0.6250436254319671,1.4507266718547112,1.2292937058394333,0.7833691666043854
2020-12-07,2020-21,True,20201207_MoreheadState@EasternKentucky,1,11.5,134.0,0.7764219423762451,0.7736739875733653,0.7563697658548209,1.2619489079144508,1.0,20201207_Fairfield@Hartford,-1,15.0,145.5,0.8117688544817044,0.8094614255779071,0.8015877637477765,1.1907616896960744,1.0,0.6302751507572244,0.6262592489136802,0.6062967491779951,-0.052897875590303456,1,0.5026804138983272,1.2027542273193212,1.2434012907016911,0.4955061586457592
2020-12-08,2020-21,True,20201208_CoppinState@Georgetown,1,9.5,138.0,0.7793862513900257,0.7738643347494949,0.7153251219002382,1.334358280979146,0.0,20201208_Syracuse@Rutgers,1,11.5,129.0,0.813493190980098,0.8086098972251061,0.7563697658548209,1.2619489079144508,1.0,0.6340254086492888,0.6257543601879642,0.5410502949617544,0.06763029785482688,0,-1.0,1.2027542273193212,1.2619489079144508,-1.0
2020-12-09,2020-21,True,20201209_SEMissouriState@Lipscomb,-1,13.5,157.0,0.8271086545795976,0.8235168708558007,0.7764621224902569,1.2292937058394333,1.0,20201209_NorthernIowa@Richmond,-1,9.5,159.0,0.7654818209226524,0.7612387787280287,0.7105016724698084,1.3434169643570542,1.0,0.6331366390084755,0.6268929770321975,0.5516776366387848,0.045596046814739166,1,0.651454018602045,1.1679665570262652,1.0818968898040942,0.26361938544191243
2020-12-10,2020-21,True,20201210_NewOrleans@Jacksonville,-1,14.5,157.0,0.8342187943305632,0.8313458692861327,0.7934322160952428,1.203001315849548,1.0,20201210_NCGreensboro@CoppinState,1,9.5,132.0,0.7559532417389353,0.7518336115470323,0.7153251219002382,1.334358280979146,1.0,0.6306304018937354,0.6250337673501002,0.5675619966979057,0.012309846772103672,1,0.6052347678326537,1.1472566947344827,1.1897431603658077,0.36494080574423404
2020-12-11,2020-21,True,20201211_NorthTexas@WestVirginia,-1,12.5,152.0,0.8193354195463309,0.8161063861864536,0.7586305294344162,1.258188225975576,1.0,20201211_SouthCarolinaState@CollOfCharleston,1,9.5,129.0,0.7707720790387146,0.7664635358762151,0.7153251219002382,1.334358280979146,1.0,0.631520864753783,0.6255157864076291,0.542667475944916,0.060243883475057824,1,0.6788738783609709,1.2434012907016911,1.354834656286068,0.684603160313479
2020-12-12,2020-21,True,20201212_LaSalle@Drexel,1,9.0,124.5,0.7612070473900471,0.7565199535752987,0.7045140125190753,1.354834656286068,0.0,20201212_Syracuse@BostonCollege,1,14.5,134.0,0.8297629731555335,0.8263779956596168,0.8106976127235275,1.177381041981079,1.0,0.6316214228293106,0.6251714429120616,0.5711478280794877,0.007535106169342054,0,-1.0,1.334358280979146,1.1066134429211871,-1.0
2020-12-13,2020-21,True,20201213_NorthernIllinois@Iowa,-1,13.0,162.5,0.8102394594978654,0.807893342245799,0.7676524120876094,1.2434012907016911,1.0,20201213_Richmond@WestVirginia,-1,11.5,155.0,0.7822371612953282,0.7797818695125897,0.749400480938407,1.2736847977529522,0.0,0.6337994147670712,0.6299805807832036,0.5752790868119827,0.0037489707155153873,0,-1.0,1.258188225975576,1.3629604277691192,-1.0
2020-12-14,2020-21,True,20201214_Rutgers@Maryland,-1,10.5,150.0,0.7629828361579538,0.7600109967560713,0.7205112220765569,1.3247538286066847,1.0,20201214_Longwood@Radford,-1,14.5,144.0,0.8267106190316796,0.8244986803127217,0.8015877637477765,1.1907616896960744,1.0,0.6307660127906886,0.626628063848537,0.5775529792595249,-0.004987993133552027,1,0.5774661073830396,1.179091693492206,1.1284531034629992,0.3305496807887234
2020-12-15,2020-21,True,20201215_CharlotteU@Davidson,-1,9.0,139.5,0.7649955936730007,0.760937644029461,0.7003138026261824,1.3629604277691192,1.0,20201215_ArkPineBluff@NorthTexas,-1,13.0,143.5,0.8255346179091981,0.8229901600221671,0.7676524120876094,1.2434012907016911,1.0,0.6315303451250609,0.6262441934266969,0.5375975798042348,0.07025874191099368,1,0.6947067550634518,1.203001315849548,1.1907616896960744,0.4324878795676088
2020-12-16,2020-21,True,20201216_OhioState@Purdue,-1,14.5,152.0,0.8468037161683787,0.8438448648237631,0.8015877637477765,1.1907616896960744,1.0,20201216_Samford@Troy,1,8.0,138.5,0.7495488160382996,0.7436306134887789,0.6934997051874461,1.376352423599096,1.0,0.6347207228708406,0.6275088745182507,0.5559008778409472,0.040248703891365256,1,0.6389077375421468,1.1034650999522844,1.3148759336621447,0.45091970356335165
2020-12-17,2020-21,True,20201217_CalIrvine@LoyolaMarymount,-1,8.5,151.0,0.7407599170385524,0.7372604491511566,0.6899555116336188,1.3834225307368224,1.0,20201217_JacksonState@Bradley,1,15.0,117.5,0.8501622924196983,0.8477400071447416,0.8188653327762205,1.1656373298451086,1.0,0.6297661492021213,0.625005178430937,0.5649806496346508,0.015541334674278096,1,0.6125689447756324,1.3629604277691192,1.1338309873145989,0.5453667674881884
2020-12-18,2020-21,True,20201218_LoyolaChicago@Richmond,-1,7.0,150.5,0.7504473744870683,0.7438011230491972,0.6579461303897446,1.4507266718547112,1.0,20201218_Davidson@RhodeIsland,-1,14.5,153.0,0.8443254686576225,0.8407123026686729,0.7934322160952428,1.203001315849548,1.0,0.6336218311666763,0.6253227548862356,0.5220356563064247,0.10581335422734628,1,0.7452260951792531,1.289922517057684,1.203001315849548,0.551778485364355
2020-12-19,2020-21,True,20201219_Campbell@NCState,-1,10.5,155.0,0.8140382500956858,0.8086398702522709,0.7205112220765569,1.3247538286066847,1.0,20201219_Troy@Auburn,1,8.5,129.0,0.7802551301493543,0.7741317886724468,0.7045140125190753,1.354834656286068,0.0,0.6351575207749619,0.6259938291502458,0.5076102521301776,0.13999494457299266,0,-1.0,1.2158363680629791,1.2308524129286524,-1.0
2020-12-20,2020-21,True,20201220_SanFrancisco@GrandCanyon,-1,10.0,151.5,0.7658895808233759,0.762767080495044,0.7205112220765569,1.3247538286066847,1.0,20201220_Northeastern@OldDominion,-1,14.0,152.5,0.8223078164046113,0.8197123694374346,0.7850562995748107,1.2158363680629791,1.0,0.6297969888139132,0.625249610881467,0.5656418738055464,0.014403859791316531,1,0.6106838835506778,1.289922517057684,1.203001315849548,0.551778485364355
2020-12-21,2020-21,True,20201221_ArkPineBluff@Baylor,-1,6.5,150.0,0.7733656939508007,0.7664299854009508,0.6469970006002461,1.4752773183097767,1.0,20201221_TexasState@NorthernArizona,-1,12.5,144.0,0.8209280370329848,0.8175114542624543,0.7586305294344162,1.258188225975576,1.0,0.6348775810436829,0.6265652919554828,0.49083167710784403,0.17844487928959674,1,0.856176551946183,1.4507266718547112,1.157362499600812,0.6790166471753356
2020-12-22,2020-21,True,20201222_William&Mary@Virginia,-1,11.0,135.5,0.8255549323305104,0.8218934730663262,0.7399669262129144,1.289922517057684,1.0,20201222_NorthwesternSt@Gonzaga,-1,8.5,178.0,0.7661042703340403,0.7605567488090318,0.6794353099241355,1.404843089633622,1.0,0.6324611590537337,0.6250966277426886,0.5027596578450814,0.14610736423074,1,0.8121387342512951,1.1907616896960744,1.3069341632377613,0.5562471325385219
2020-12-23,2020-21,True,20201223_IdahoState@No.Colorado,-1,12.5,148.0,0.8392893343824029,0.835080617501736,0.7586305294344162,1.258188225975576,1.0,20201223_Providence@Butler,-1,7.5,147.0,0.7563573068353212,0.7504731068237875,0.6687622963027667,1.4272634765400591,1.0,0.6348026206090837,0.6267055454648548,0.5073434949099439,0.13995702726341874,1,0.79576610154767,1.1907616896960744,1.2158363680629791,0.4477713680286113
2020-12-25,2020-21,True,20201225_Maryland@Purdue,-1,10.0,145.5,0.7675515243607522,0.763794620523597,0.7105016724698084,1.3434169643570542,1.0,20201225_Wisconsin@MichiganState,-1,13.5,154.0,0.8220541717339144,0.8190055194177266,0.7764621224902569,1.2292937058394333,0.0,0.6309689326214816,0.625552009910394,0.5516776366387848,0.04201617939078872,0,-1.0,1.3069341632377613,1.1472566947344827,-1.0
2020-12-26,2020-21,True,20201226_OhioState@Northwestern,-1,13.5,155.0,0.8127330267909252,0.8103217430453988,0.7850562995748107,1.2158363680629791,1.0,20201226_WiscGreenBay@WrightState,1,11.0,137.5,0.7750455758647722,0.7723121294668489,0.7464532102874719,1.2787137718014578,0.0,0.6299051367734919,0.6258213109246807,0.5860077950740207,-0.020682258392109576,0,-1.0,1.1907616896960744,1.3148759336621447,-1.0
2020-12-27,2020-21,True,20201227_RobertMorris@IPFW,-1,10.5,155.0,0.7793851181911542,0.7754936907659263,0.7205112220765569,1.3247538286066847,0.0,20201227_Drake@IndianaState,-1,12.0,155.5,0.8105082319544716,0.8070576905946629,0.7586305294344162,1.258188225975576,1.0,0.6316980541567393,0.6258681471402802,0.5466018098673766,0.05290779089211983,0,-1.0,1.404843089633622,1.3247538286066847,-1.0
2020-12-28,2020-21,True,20201228_NorthernArizona@Gonzaga,-1,9.5,167.0,0.7946607813658654,0.7893933477860638,0.7003138026261824,1.3629604277691192,1.0,20201228_IllinoisState@LoyolaChicago,-1,10.5,153.0,0.8042879941092181,0.7993800167832364,0.7205112220765569,1.3247538286066847,1.0,0.6391361258420158,0.6310252676017989,0.5045839537672714,0.15401590876488602,1,0.8055870449265454,1.2736847977529522,1.1907616896960744,0.5166550619125081
2020-12-29,2020-21,True,20201229_DixieState@Gonzaga,-1,9.0,175.5,0.7887666921975546,0.7833139178897293,0.7003138026261824,1.3629604277691192,0.0,20201229_Wofford@Mercer,-1,11.5,157.0,0.8029957308703245,0.7984869447850744,0.7399669262129144,1.289922517057684,1.0,0.6333762864873436,0.6254659371033966,0.5182090519137738,0.11354730208401054,0,-1.0,1.3434169643570542,1.2292937058394333,-1.0
2020-12-30,2020-21,True,20201230_AlcornState@Baylor,-1,14.5,162.0,0.8624272207343023,0.8594124335469299,0.7934322160952428,1.203001315849548,0.0,20201230_Arkansas@Auburn,1,6.5,138.0,0.7358051678401287,0.7286775951352464,0.6593402029563438,1.4476593353783394,1.0,0.6345784059022991,0.6262345853063066,0.523141758392339,0.10514119287036383,0,-1.0,1.203001315849548,1.2787137718014578,-1.0
2020-12-31,2020-21,True,20201231_Radford@Presbyterian,-1,12.0,141.5,0.8325656196695664,0.8280943953838286,0.749400480938407,1.2736847977529522,1.0,20201231_Campbell@Winthrop,-1,9.0,161.5,0.7606134648829698,0.7552168342607688,0.6899555116336188,1.3834225307368224,0.0,0.6332606207193058,0.6253908277508604,0.5170529922443386,0.11583323312681282,0,-1.0,1.203001315849548,1.2736847977529522,-1.0
2021-01-01,2020-21,True,20210101_IPFW@NorthernKentucky,-1,9.5,154.0,0.764955268773456,0.7607205138914758,0.7003138026261824,1.3629604277691192,1.0,20210101_Liberty@Lipscomb,-1,13.0,146.5,0.8259117464254498,0.8228041430586926,0.7764621224902569,1.2292937058394333,0.0,0.6317855419700344,0.625923990539644,0.5437671415963484,0.058543202848228226,0,-1.0,1.3629604277691192,1.1679665570262652,-1.0
2021-01-02,2020-21,True,20210102_Purdue@Illinois,-1,13.5,161.0,0.8482997652920004,0.8444277362283399,0.7850562995748107,1.2158363680629791,1.0,20210102_EastCarolina@Tulane,1,7.5,123.0,0.7475757380042043,0.7406801228320281,0.6709017484899145,1.4227120471043888,0.0,0.6341683230869605,0.6254508393923782,0.5266956440477626,0.09697488328671922,0,-1.0,1.2292937058394333,1.398961021992598,-1.0
2021-01-03,2020-21,True,20210103_SoIllinois@Drake,-1,10.5,152.0,0.809038986692972,0.8039763273668726,0.7205112220765569,1.3247538286066847,1.0,20210103_Duquesne@GeoWashington,-1,9.5,152.0,0.7837968770343744,0.7783713475106433,0.7003138026261824,1.3629604277691192,1.0,0.6341222311690062,0.6257921372992107,0.5045839537672714,0.14496288549867375,1,0.8055870449265454,1.2292937058394333,1.3069341632377613,0.6066059408147064
2021-01-04,2020-21,True,20210104_SoIllinois@Drake,-1,6.0,146.5,0.7437718825273812,0.7365417764382136,0.6359255878465018,1.500961776412109,1.0,20210104_Maryland@IndianaU,-1,14.5,152.0,0.8537360633963404,0.8506388949298679,0.8015877637477765,1.1907616896960744,1.0,0.6349848790538118,0.6265310827790839,0.5097501698718676,0.13490071548420235,1,0.7872877810497045,1.3434169643570542,1.1472566947344827,0.5412441061785063
2021-01-05,2020-21,True,20210105_Davidson@Duquesne,-1,8.5,146.0,0.7486591209385517,0.7438095697208383,0.6794353099241355,1.404843089633622,1.0,20210105_NoIllinois@Ohio,-1,14.5,148.0,0.8470635168229013,0.8444289088629693,0.7934322160952428,1.203001315849548,0.0,0.6341618278837513,0.6280943033612022,0.5390858636464649,0.07175129980668138,0,-1.0,1.4272634765400591,1.157362499600812,-1.0
2021-01-06,2020-21,True,20210106_Oklahoma@Baylor,-1,10.5,161.0,0.7746659584279879,0.7716934797937063,0.7303351820227494,1.3069341632377613,1.0,20210106_Georgetown@Butler,-1,13.0,153.5,0.8134860405298604,0.8107931902924542,0.7764621224902569,1.2292937058394333,1.0,0.6301799432548533,0.6256838184098247,0.5670776055626922,0.01245084061552193,1,0.6066059408147064,1.289922517057684,1.1907616896960744,0.5359903159886212
2021-01-07,2020-21,True,20210107_IndianaU@Wisconsin,-1,11.5,140.0,0.8061068583757671,0.8031370701573853,0.749400480938407,1.2736847977529522,0.0,20210107_MontanaState@No.Colorado,-1,10.5,146.0,0.7842085734825339,0.7810002018491211,0.7303351820227494,1.3069341632377613,0.0,0.6321559094813474,0.6272502139054297,0.5473135366540874,0.05230074522010697,0,-1.0,1.258188225975576,1.3629604277691192,-1.0
2021-01-08,2020-21,True,20210108_ArkansasLR@ULLafayette,-1,8.5,158.0,0.738268906350236,0.7337132793182876,0.6794353099241355,1.404843089633622,1.0,20210108_KennesawSt@Liberty,-1,15.0,143.5,0.8545622075612621,0.852227890901706,0.8095214352439244,1.179091693492206,1.0,0.6308967063844964,0.6252909205599986,0.5500174472451868,0.04504179438087763,1,0.6564388176469302,1.3834225307368224,1.157362499600812,0.60112135817765
2021-01-09,2020-21,True,20210109_SantaClara@SaintMarysCA,1,7.5,119.0,0.7619896800958926,0.7556158461308379,0.6709017484899145,1.4227120471043888,1.0,20210109_Gonzaga@PortlandU,-1,13.0,178.5,0.8311210879551033,0.8275110679158949,0.7676524120876094,1.2434012907016911,0.0,0.6333056919318594,0.6252804757659022,0.5150193455020775,0.12031903289437618,0,-1.0,1.2963422465399823,1.1472566947344827,-1.0
2021-01-10,2020-21,True,20210110_Lehigh@Navy,-1,11.0,150.5,0.8053398189242241,0.8012744180605258,0.7303351820227494,1.3069341632377613,1.0,20210110_Maryland@Illinois,-1,10.0,157.5,0.7884835251633241,0.784292681962222,0.7205112220765569,1.3247538286066847,1.0,0.6349971793797653,0.6284336623284085,0.5262146945247158,0.09941254964259616,1,0.7313660364860981,1.2292937058394333,1.258188225975576,0.5466828669530581
2021-01-11,2020-21,True,20210111_LoyolaChicago@IndianaState,-1,7.5,146.0,0.7482018268237187,0.7427782307269857,0.6687622963027667,1.4272634765400591,1.0,20210111_Colorado@UtahU,-1,14.5,151.0,0.8466958210025223,0.8441362956454331,0.8015877637477765,1.1907616896960744,1.0,0.6334993600380955,0.6270060641719465,0.5360716735721627,0.07665159115528919,1,0.6995306689663343,1.3834225307368224,1.2292937058394333,0.7006326095512359
2021-01-12,2020-21,True,20210112_Butler@St.Johns,-1,8.5,156.0,0.7398165283804105,0.7360784246812127,0.6899555116336188,1.3834225307368224,1.0,20210112_CalRiverside@USC,-1,15.0,146.5,0.8524514312009416,0.8501543423041619,0.8095214352439244,1.179091693492206,1.0,0.6306576584439929,0.6257802690191399,0.5585337760321033,0.028717429812083584,1,0.6311820145817533,1.2158363680629791,1.203001315849548,0.46265275063749933
2021-01-13,2020-21,True,20210113_CentralArkansas@StephenF.Austin,-1,9.0,160.5,0.7474326831000743,0.7425678253859018,0.6899555116336188,1.3834225307368224,0.0,20210113_St.Bonaventure@Fordham,-1,15.0,137.5,0.8464371626927475,0.8440164303964786,0.8015877637477765,1.1907616896960744,1.0,0.6326547995870544,0.6267394453094844,0.5530598956558455,0.04218904851157679,0,-1.0,1.404843089633622,1.2434012907016911,-1.0
2021-01-14,2020-21,True,20210114_Presbyterian@Campbell,-1,12.0,150.5,0.8380804353585887,0.8332006616108575,0.749400480938407,1.2736847977529522,1.0,20210114_SantaClara@Pacific,1,7.5,122.0,0.7573191853034907,0.7504118097576441,0.6709017484899145,1.4227120471043888,1.0,0.6346943925245612,0.6252436163706699,0.5027740929807601,0.15012127105180495,1,0.812086705976842,1.1679665570262652,1.398961021992598,0.6339396882706401
2021-01-15,2020-21,True,20210115_Presbyterian@Campbell,-1,8.5,141.0,0.7828727576715444,0.7773609996955205,0.6899555116336188,1.3834225307368224,1.0,20210115_MiddleTennSt@SouthernMiss,1,11.0,113.5,0.8099031018427038,0.8057869906839784,0.7563697658548209,1.2619489079144508,1.0,0.6340510747863352,0.6263873806197425,0.5218614887845634,0.10693178867013264,1,0.7458085518475788,1.3069341632377613,1.2027542273193212,0.5719205896622572
2021-01-16,2020-21,True,20210116_TarletonSt@CaliforniaBaptist,-1,9.0,155.5,0.7785420025644568,0.7729458151278792,0.7003138026261824,1.3629604277691192,1.0,20210116_StephenF.Austin@IncarnateWord,-1,11.5,152.0,0.8146117693371644,0.8102001524911512,0.749400480938407,1.2736847977529522,1.0,0.6342094782123313,0.6262408172840048,0.5248155004958658,0.10097622368497494,1,0.7359819767883877,1.2736847977529522,1.2158363680629791,0.5485922985569796
2021-01-17,2020-21,True,20210117_SantaClara@SanDiego,1,7.5,129.0,0.7456959982966992,0.7397750209271337,0.6709017484899145,1.4227120471043888,1.0,20210117_NorthernIowa@LoyolaChicago,-1,14.5,152.0,0.8500872372077979,0.8472341443406235,0.8015877637477765,1.1907616896960744,1.0,0.6339066509889518,0.626762656859767,0.5377866322665037,0.07390823114949896,1,0.694111001160983,1.2963422465399823,1.157362499600812,0.5003379027936461
2021-01-18,2020-21,True,20210118_SacramentoState@IdahoState,-1,15.0,139.5,0.8469500933612465,0.844411086068094,0.8015877637477765,1.1907616896960744,1.0,20210118_ArkPineBluff@AlcornState,-1,9.5,157.0,0.7447075606121776,0.7409506254180377,0.7003138026261824,1.3629604277691192,1.0,0.6307301379873099,0.6256669223320787,0.5613629749688233,0.023650454557583078,1,0.6229610619592407,1.157362499600812,1.179091693492206,0.3646365096386941
2021-01-19,2020-21,True,20210119_Radford@Campbell,-1,9.0,139.5,0.7680456308346588,0.7631791941495061,0.6899555116336188,1.3834225307368224,0.0,20210119_Purdue@OhioState,-1,13.5,153.0,0.8252851406747991,0.8219835848020417,0.7764621224902569,1.2292937058394333,1.0,0.6338566464880462,0.6273207698533444,0.5357243209868908,0.077957282798361,0,-1.0,1.3069341632377613,1.157362499600812,-1.0
2021-01-20,2020-21,True,20210120_Winthrop@Presbyterian,-1,14.5,160.0,0.8392814560093211,0.8362104088400978,0.7934322160952428,1.203001315849548,1.0,20210120_Mercer@TheCitadel,-1,9.0,183.5,0.7545436882680661,0.74943744024436,0.7003138026261824,1.3629604277691192,1.0,0.6332745253122658,0.6266873883068126,0.5556515323797784,0.038344261598358687,1,0.6396431880571132,1.1679665570262652,1.3834225307368224,0.6157912501372489
2021-01-21,2020-21,True,20210121_JacksonvilleSt@MurrayState,1,8.0,123.5,0.745878772646505,0.7407919037737766,0.6822920617477005,1.398961021992598,1.0,20210121_UCLA@California,-1,14.5,150.0,0.8471203313984086,0.8444798542747607,0.8015877637477765,1.1907616896960744,1.0,0.6318490730673456,0.6255838389468014,0.5469169679991991,0.05255262982182307,1,0.6658291903668532,1.2619489079144508,1.1284531034629992,0.4240501615478045
2021-01-22,2020-21,True,20210122_FairDickinson@Merrimack,-1,13.0,155.5,0.8241044840364904,0.8204837652391856,0.7676524120876094,1.2434012907016911,1.0,20210122_Troy@CoastalCarolina,1,9.5,127.0,0.7667580362200724,0.7620492860170359,0.7153251219002382,1.334358280979146,1.0,0.6318887358199754,0.6252490674890907,0.5491210552535811,0.048393652015102706,1,0.6591428088279601,1.0887347494240311,1.2460078283869966,0.35657202081929795
2021-01-23,2020-21,True,20210123_Colorado@WashingtonState,1,12.0,122.5,0.8215298658820499,0.8173555600979712,0.7660465514375104,1.2460078283869966,1.0,20210123_Niagara@Quinnipiac,1,9.0,118.5,0.769622196524815,0.7647519923068851,0.7153251219002382,1.334358280979146,1.0,0.6322676198908799,0.6250742930080334,0.5479723427882943,0.05122133644514726,1,0.6626208639730318,1.1897431603658077,1.2308524129286524,0.4643982397016151
2021-01-24,2020-21,True,20210124_Presbyterian@HighPoint,-1,9.0,138.5,0.7456580629175562,0.74213302241764,0.6899555116336188,1.3834225307368224,1.0,20210124_SanDiegoState@AirForce,-1,15.0,142.5,0.8462430041188627,0.8439329421489681,0.8095214352439244,1.179091693492206,0.0,0.6310079192088047,0.626310505074825,0.5585337760321033,0.029288768872058446,0,-1.0,1.289922517057684,1.203001315849548,-1.0
2021-01-25,2020-21,True,20210125_Presbyterian@HighPoint,-1,9.5,139.0,0.7737452112125119,0.7692818042959947,0.7003138026261824,1.3629604277691192,1.0,20210125_SoIllinois@IndianaState,-1,13.0,150.5,0.8184767636318935,0.8151414757264887,0.7676524120876094,1.2434012907016911,1.0,0.6332924763488926,0.6270735052033729,0.5375975798042348,0.07324503759932965,1,0.6947067550634518,1.3247538286066847,1.1679665570262652,0.5472681681051126
2021-01-26,2020-21,True,20210126_SoIllinois@IndianaState,-1,13.0,149.5,0.828849017378024,0.8250242503231553,0.7676524120876094,1.2434012907016911,1.0,20210126_Kentucky@Alabama,1,8.5,136.0,0.7654237026171432,0.7601139540822422,0.7045140125190753,1.354834656286068,0.0,0.634420683792068,0.6271124451268713,0.5408218810597883,0.06874708888435599,0,-1.0,1.179091693492206,1.2308524129286524,-1.0
2021-01-27,2020-21,True,20210127_KansasState@Baylor,-1,12.0,149.5,0.8204785598915678,0.8176600326997577,0.7586305294344162,1.258188225975576,0.0,20210127_WashingtonState@Colorado,1,9.5,126.0,0.7685956823297245,0.7647415736838006,0.7153251219002382,1.334358280979146,1.0,0.6306162785767693,0.6252986201451606,0.542667475944916,0.05872519737174309,0,-1.0,1.203001315849548,1.2963422465399823,-1.0
2021-01-28,2020-21,True,20210128_Wyoming@SanDiegoState,-1,15.0,158.5,0.8468160541136557,0.8439405250881922,0.8015877637477765,1.1907616896960744,1.0,20210128_Bradley@Valparaiso,1,8.5,120.0,0.7480541058327843,0.7433664360465383,0.6934997051874461,1.376352423599096,1.0,0.6334642261648374,0.6273570603700536,0.5559008778409472,0.03818942171770057,1,0.6389077375421468,1.1284531034629992,1.2460078283869966,0.40606140088249854
2021-01-29,2020-21,True,20210129_Manhattan@St.Peter's,1,8.5,111.0,0.7659000484194826,0.7615005100003827,0.7045140125190753,1.354834656286068,1.0,20210129_TarletonSt@UtahValley,-1,13.5,158.0,0.8252296333942928,0.8220227827255829,0.7764621224902569,1.2292937058394333,1.0,0.6320434161738807,0.6259707682774651,0.5470284454846887,0.05266180934005771,1,0.6654897154255954,1.2963422465399823,1.1376272359268333,0.4747542467464616
2021-01-30,2020-21,True,20210130_MissValleySt@JacksonState,1,8.0,129.5,0.7520274257810511,0.7468143842861243,0.6822920617477005,1.398961021992598,1.0,20210130_NorthDakotaState@UMKC,-1,13.5,137.0,0.840324266781184,0.8374210798923746,0.7850562995748107,1.2158363680629791,1.0,0.631946895168803,0.6253981081680451,0.5356376812249181,0.07488333242635403,1,0.700907688041154,1.4476593353783394,1.1679665570262652,0.6908176896887703
2021-01-31,2020-21,True,20210131_Tulane@Temple,1,7.5,122.0,0.7458312351897323,0.7402969296713288,0.6822920617477005,1.398961021992598,1.0,20210131_MichiganState@OhioState,-1,14.5,160.0,0.849565639536405,0.846504267032498,0.8015877637477765,1.1907616896960744,1.0,0.6336325903101917,0.626664509837837,0.5469169679991991,0.05552366490647853,1,0.6658291903668532,1.354834656286068,1.1197141322350885,0.5170275114853791
2021-02-01,2020-21,True,20210201_LoyolaChicago@MissouriSt,-1,14.5,149.0,0.8325618495711709,0.8300894863458141,0.7934322160952428,1.203001315849548,1.0,20210201_AlabamaState@PrairieViewA&M,1,9.0,117.5,0.7574449578540591,0.7542057547032553,0.7153251219002382,1.334358280979146,1.0,0.630619775059333,0.6260582675206823,0.5675619966979057,0.012292788208048577,1,0.6052347678326537,1.2292937058394333,1.1897431603658077,0.46254377860320295
2021-02-02,2020-21,True,20210202_EasternKentucky@JacksonvilleSt,1,8.5,141.0,0.7524238828077748,0.7465939227875547,0.6934997051874461,1.376352423599096,1.0,20210202_MichiganState@Iowa,-1,15.0,172.5,0.8407913252158403,0.8378157598083315,0.8015877637477765,1.1907616896960744,1.0,0.6326314735499972,0.6255081546885378,0.5559008778409472,0.03682461701378026,1,0.6389077375421468,1.2787137718014578,1.1284531034629992,0.44296852423023236
2021-02-03,2020-21,True,20210203_Tulane@WichitaState,1,8.0,128.5,0.7396493021534889,0.7346554794228257,0.6822920617477005,1.398961021992598,1.0,20210203_StephenF.Austin@TexasA&MCorpus,-1,15.0,154.5,0.8545456901648304,0.8517312332031363,0.8095214352439244,1.179091693492206,0.0,0.6320641233886883,0.6257290174682446,0.5523300490815348,0.04259187033069711,0,-1.0,1.2787137718014578,1.157362499600812,-1.0
2021-02-04,2020-21,True,20210204_Montana@PortlandState,1,10.0,122.5,0.7886669440931228,0.783622670571013,0.725924002077946,1.3148759336621447,1.0,20210204_OhioState@Iowa,-1,11.5,173.0,0.8022163384320627,0.7979809657784067,0.749400480938407,1.2736847977529522,0.0,0.6326815081327893,0.6253159754681112,0.544007796281946,0.05957543940450161,0,-1.0,1.2027542273193212,1.1472566947344827,-1.0
2021-02-05,2020-21,True,20210205_WrightState@IllinoisChicago,1,8.5,132.0,0.7650999479529504,0.7594288435460084,0.6934997051874461,1.376352423599096,0.0,20210205_GeorgiaSouthern@Troy,1,12.0,115.5,0.8296051947522994,0.8251101191925654,0.7754788388714224,1.2308524129286524,1.0,0.6347308913264816,0.626612423616519,0.5377943461364345,0.07528916210813774,0,-1.0,1.1656373298451086,1.177381041981079,-1.0
2021-02-06,2020-21,True,20210206_Drake@Valparaiso,1,6.5,128.0,0.7290866889592403,0.723569510545352,0.6593402029563438,1.4476593353783394,1.0,20210206_Evansville@LoyolaChicago,-1,15.0,137.5,0.8663359480574638,0.863898155987825,0.8095214352439244,1.179091693492206,1.0,0.6316340078955808,0.6250903658891427,0.5337500274112398,0.07815067714938073,1,0.7069230973510476,1.334358280979146,1.1034650999522844,0.4724177938928118
2021-02-07,2020-21,True,20210207_Evansville@LoyolaChicago,-1,14.0,133.5,0.8531184373479243,0.8504308762014127,0.7850562995748107,1.2158363680629791,1.0,20210207_MDBaltimoreCo@StonyBrook,1,7.5,123.0,0.7410376146645187,0.7351418856292974,0.6709017484899145,1.4227120471043888,1.0,0.6321928518386274,0.6251873579280821,0.5266956440477626,0.09355774265830075,1,0.7297850481508461,1.2434012907016911,1.2619489079144508,0.5691089009004178
2021-02-08,2020-21,True,20210208_MissValleySt@AlabamaState,1,7.0,131.5,0.7379588164024337,0.7323923119603234,0.6709017484899145,1.4227120471043888,1.0,20210208_OregonState@Colorado,-1,15.0,152.5,0.858092042732692,0.8555076486394395,0.8095214352439244,1.179091693492206,1.0,0.6332365882193639,0.6265672246867792,0.5431093463452139,0.062259415383833394,1,0.677507956972077,1.1897431603658077,1.179091693492206,0.40281627777648943
2021-02-09,2020-21,True,20210209_Arkansas@Kentucky,1,7.5,133.0,0.7455781025259807,0.740143556376165,0.6822920617477005,1.398961021992598,1.0,20210209_NCCentral@FloridaA&M,-1,15.0,150.5,0.8496996175485483,0.8470756237164048,0.8095214352439244,1.179091693492206,1.0,0.6335174285688981,0.626957564657018,0.5523300490815348,0.04498910205122697,1,0.6495033205508398,1.3148759336621447,1.1472566947344827,0.5085002176391491
2021-02-10,2020-21,True,20210210_Bradley@Valparaiso,1,7.0,123.5,0.7386497411889735,0.7330137822077228,0.6709017484899145,1.4227120471043888,1.0,20210210_Virginia@GeorgiaTech,-1,15.0,143.5,0.8615337068966623,0.8589240960512681,0.8095214352439244,1.179091693492206,1.0,0.6363716496247966,0.6296032002758895,0.5431093463452139,0.06751850583704289,1,0.677507956972077,1.2963422465399823,1.1284531034629992,0.46286143125823953
2021-02-11,2020-21,True,20210211_UtahU@California,-1,12.5,146.0,0.8206465597511433,0.8171969694564797,0.7586305294344162,1.258188225975576,0.0,20210211_MoreheadState@TennesseeState,1,9.0,116.5,0.7704022308139207,0.7652733164558183,0.7045140125190753,1.354834656286068,1.0,0.6322279403420502,0.6253790350136043,0.534465838311311,0.07771914755927023,0,-1.0,1.203001315849548,1.1656373298451086,-1.0
2021-02-12,2020-21,True,20210212_NorthernKentucky@WiscGreenBay,1,6.0,119.5,0.7437995613785919,0.736466605304053,0.6476195937992559,1.4738590511143004,1.0,20210212_Manhattan@Iona,1,14.0,111.5,0.8535121177962423,0.8498159057153947,0.8106976127235275,1.177381041981079,1.0,0.6348419388481581,0.6258610352156059,0.5250236586460374,0.10163722036536749,1,0.7352937053341995,1.0697754388800365,1.1338309873145989,0.21294454207026003
2021-02-13,2020-21,True,20210213_Colgate@Army,1,12.5,130.0,0.8396358706772005,0.8349105437027804,0.7846627454216779,1.2164461809475249,1.0,20210213_EasternKentucky@TennesseeState,1,8.0,137.5,0.7554771859678115,0.7487424073239342,0.6822920617477005,1.398961021992598,1.0,0.6343257448168448,0.6251329303921546,0.5353691623503677,0.07947068220098075,1,0.7017607924973424,1.0907034026892042,1.2963422465399823,0.4139248993509259
2021-02-14,2020-21,True,20210214_SacramentoState@CaliforniaBaptist,-1,11.0,156.5,0.8144533434750559,0.8108640330673539,0.7399669262129144,1.289922517057684,1.0,20210214_Tulane@SouthFlorida,1,10.0,115.5,0.7751295144588894,0.7712607259560015,0.725924002077946,1.3148759336621447,1.0,0.6313068246772392,0.6253875827951385,0.537159752481795,0.07075197634970154,1,0.6960880739680462,1.203001315849548,1.2308524129286524,0.48071707236976025
2021-02-15,2020-21,True,20210215_Virginia@FloridaState,-1,15.0,144.5,0.834705128783898,0.8323852135549556,0.8015877637477765,1.1907616896960744,1.0,20210215_EasternKentucky@TennesseeTech,1,9.5,141.0,0.7553866045235812,0.7510891622700592,0.7153251219002382,1.334358280979146,1.0,0.6305250730104873,0.625195512734976,0.5733958648166176,0.0018430043660209172,1,0.5889027213186773,1.1472566947344827,1.2787137718014578,0.46701293534840405
2021-02-16,2020-21,True,20210216_AustinPeay@SEMissouriSt,-1,14.0,154.5,0.8334220591934584,0.8306162363735995,0.7934322160952428,1.203001315849548,0.0,20210216_Temple@Tulsa,1,9.0,119.5,0.7596275092942065,0.7554351338964855,0.7153251219002382,1.334358280979146,1.0,0.6330903230159756,0.627476687741485,0.5675619966979057,0.016258597683649345,0,-1.0,1.1376272359268333,1.3148759336621447,-1.0
2021-02-17,2020-21,True,20210217_Evansville@IndianaState,-1,14.5,143.0,0.8502295872790283,0.8472320511750424,0.7934322160952428,1.203001315849548,0.0,20210217_Iona@Quinnipiac,1,8.5,131.0,0.7461667317092765,0.7409598971686815,0.6934997051874461,1.376352423599096,1.0,0.6344130323425196,0.6277649735166705,0.5502450079482729,0.05043177426498935,0,-1.0,1.1679665570262652,1.2460078283869966,-1.0
2021-02-18,2020-21,True,20210218_SanDiego@SantaClara,1,9.5,125.0,0.783045538245942,0.7782335025682822,0.725924002077946,1.3148759336621447,1.0,20210218_IllinoisState@Bradley,1,11.0,123.5,0.8074106246337347,0.8031940080801382,0.7563697658548209,1.2619489079144508,1.0,0.6322392871518151,0.6250724861500631,0.5490669674800905,0.0490785997358556,1,0.6593062485279373,1.2027542273193212,1.334358280979146,0.6049050632062107
2021-02-19,2020-21,True,20210219_Marist@St.Peter's,1,8.5,111.0,0.7637318398929361,0.7585281628602695,0.6934997051874461,1.376352423599096,1.0,20210219_Troy@GeorgiaState,1,12.5,125.0,0.8298530765605692,0.8259858242670631,0.7846627454216779,1.2164461809475249,1.0,0.6337852170024171,0.6265335098299207,0.5441633826215057,0.06112038138061271,1,0.6742586493249905,1.3148759336621447,1.0907034026892042,0.4341396549594456
2021-02-20,2020-21,True,20210220_Pepperdine@SantaClara,1,7.0,133.5,0.7443692101513941,0.7376994556849286,0.6709017484899145,1.4227120471043888,1.0,20210220_CSBakersfield@CalSantaBarb,-1,14.5,146.0,0.850609695299812,0.8482018913988948,0.8015877637477765,1.1907616896960744,1.0,0.6331676670374391,0.6257180735958916,0.5377866322665037,0.07265631030755992,1,0.694111001160983,1.1897431603658077,1.157362499600812,0.37696411796394114
2021-02-21,2020-21,True,20210221_PrairieViewA&M@TexasSouthern,1,8.5,128.0,0.7606388691862737,0.7547307213593835,0.6934997051874461,1.376352423599096,1.0,20210221_GeorgiaSouthern@CoastalCarolina,1,12.5,128.0,0.8338382074850202,0.8292521118712325,0.7846627454216779,1.2164461809475249,0.0,0.6342497512257153,0.6258620445813674,0.5441633826215057,0.0618981318218772,0,-1.0,1.177381041981079,1.2027542273193212,-1.0
2021-02-22,2020-21,True,20210222_AlabamaState@Southern,1,9.5,123.0,0.7838416111179674,0.7793057191270805,0.725924002077946,1.3148759336621447,1.0,20210222_Pepperdine@SaintMarysCA,1,11.5,120.0,0.8071258134674167,0.8032421740361798,0.7563697658548209,1.2619489079144508,1.0,0.6326587980031999,0.6259712200704647,0.5490669674800905,0.049774696712883815,1,0.6593062485279373,1.2027542273193212,1.1338309873145989,0.3637200130582734
2021-02-23,2020-21,True,20210223_Massachusetts@Richmond,-1,9.0,160.5,0.7587494149867382,0.7543857750913268,0.7003138026261824,1.3629604277691192,1.0,20210223_MissValleySt@TexasSouthern,1,13.5,135.0,0.8340451156282616,0.8306105231096287,0.7935952153145817,1.2027542273193212,0.0,0.6328312435554899,0.6266007632750696,0.5557656829828986,0.037404317912252516,0,-1.0,1.2158363680629791,1.1338309873145989,-1.0
2021-02-24,2020-21,True,20210224_NCState@Virginia,-1,14.0,142.5,0.8465556026992683,0.8437106264994766,0.7850562995748107,1.2158363680629791,1.0,20210224_Tulane@MemphisU,1,8.5,122.0,0.7453768971801,0.7409852383970285,0.6934997051874461,1.376352423599096,0.0,0.6310029884304101,0.6251771197148209,0.5444363123106786,0.05593259931564831,0,-1.0,1.157362499600812,1.354834656286068,-1.0
2021-02-25,2020-21,True,20210225_OhioState@MichiganState,-1,11.5,159.0,0.7998055303538397,0.7959111054532771,0.7399669262129144,1.289922517057684,1.0,20210225_MissValleySt@PrairieViewA&M,1,10.0,129.5,0.7899455082509435,0.7859909834995126,0.7363024714712644,1.2963422465399823,1.0,0.6318027861772793,0.6255789525534056,0.5448394765775636,0.05648864867317571,1,0.6721810536250667,1.179091693492206,1.1656373298451086,0.3743932932448022
2021-02-26,2020-21,True,20210226_GeoWashington@St.Bonaventure,-1,15.0,153.5,0.8638557485169015,0.8610088861943199,0.8095214352439244,1.179091693492206,1.0,20210226_GrandCanyon@SeattleU,1,7.0,126.5,0.7311681754803846,0.7259097054635604,0.6709017484899145,1.4227120471043888,0.0,0.6316238315213448,0.625014706978827,0.5431093463452139,0.05955400319024662,0,-1.0,1.1034650999522844,1.376352423599096,-1.0
2021-02-27,2020-21,True,20210227_JacksonState@MissValleySt,1,8.5,128.0,0.7785915531708393,0.7729446237495464,0.7045140125190753,1.354834656286068,0.0,20210227_TexasSouthern@AlabamaState,1,11.0,127.5,0.8145506320892529,0.8096731066050736,0.7563697658548209,1.2619489079144508,1.0,0.6342022417746603,0.625832474744985,0.5328730986904933,0.08431594010678944,0,-1.0,1.2460078283869966,1.1242814820957878,-1.0
2021-02-28,2020-21,True,20210228_Quinnipiac@Marist,1,6.0,119.5,0.7556037894182536,0.747039150643512,0.6476195937992559,1.4738590511143004,1.0,20210228_Iowa@OhioState,-1,14.5,176.0,0.8430763962717557,0.8392367987327779,0.7934322160952428,1.203001315849548,1.0,0.6370317197920238,0.6269427453141144,0.5138422494948446,0.1294918796175637,1,0.7730543778672696,1.2027542273193212,1.1034650999522844,0.32719731366694726
2021-03-01,2020-21,True,20210301_PrairieViewA&M@AlabamaState,1,8.0,123.5,0.7593667411888165,0.7533718551483544,0.6822920617477005,1.398961021992598,1.0,20210301_TexasSouthern@AlabamaA&M,1,12.0,124.5,0.8344260246083465,0.8298693750263525,0.7754788388714224,1.2308524129286524,1.0,0.6336353710699792,0.6252002305944085,0.5291030558152957,0.09106596453129034,1,0.721914549512723,1.1438896013862498,1.1242814820957878,0.28605389640049284
2021-03-02,2020-21,True,20210302_Auburn@Alabama,1,7.5,149.0,0.7442494588149225,0.7375008684544823,0.6709017484899145,1.4227120471043888,0.0,20210302_Kentucky@Mississippi,1,13.5,115.0,0.8523792523398156,0.8487519106253004,0.8022739964367789,1.1897431603658077,1.0,0.6343827972589761,0.6259552711885602,0.5382470269774263,0.07379560819882469,0,-1.0,1.354834656286068,1.1242814820957878,-1.0
2021-03-03,2020-21,True,20210303_WichitaState@Tulane,1,7.5,126.0,0.7501079867999445,0.7443334760244975,0.6822920617477005,1.398961021992598,1.0,20210303_Stanford@USC,1,14.0,123.5,0.847090530076013,0.843623591838985,0.8022739964367789,1.1897431603658077,0.0,0.635409372152616,0.6279372805697837,0.5473851791154172,0.05757809605832276,0,-1.0,1.334358280979146,1.2027542273193212,-1.0
2021-03-04,2020-21,True,20210304_St.Peter's@Quinnipiac,1,6.0,122.5,0.7382520763224489,0.7298237072543683,0.635752773904381,1.5013697763960672,1.0,20210304_AlabamaA&M@JacksonState,1,13.5,110.0,0.8616579363393861,0.857552500497341,0.7935952153145817,1.2027542273193212,0.0,0.6361207605822683,0.6258621450782229,0.5045303594934898,0.148693412534584,0,-1.0,1.3148759336621447,1.1152167244945828,-1.0
2021-03-05,2020-21,True,20210305_Evansville@IndianaState,-1,7.0,141.5,0.757069247703101,0.7508843074448138,0.6579461303897446,1.4507266718547112,1.0,20210305_SoIllinois@LoyolaChicago,-1,12.0,136.5,0.8384262988676029,0.8348410879403192,0.7586305294344162,1.258188225975576,1.0,0.6347467673381915,0.6268690721445415,0.4991380212368974,0.15859516085838266,1,0.8252872176363304,1.258188225975576,1.1679665570262652,0.4695217703836778
2021-03-06,2020-21,True,20210306_AlabamaState@JacksonState,1,6.5,121.0,0.7590184125757019,0.751866558103938,0.6593402029563438,1.4476593353783394,1.0,20210306_MountStMarys@Wagner,-1,12.5,150.0,0.834917834721206,0.8314377020627035,0.7676524120876094,1.2434012907016911,1.0,0.633718009541232,0.6251302033277324,0.5061440971857712,0.14070603330640497,1,0.8000214861057795,1.3148759336621447,1.0148293969175806,0.33437475077979495
2021-03-07,2020-21,True,20210307_Nebraska@Northwestern,1,6.5,131.0,0.7362937824045751,0.7287130018856564,0.6476195937992559,1.4738590511143004,1.0,20210307_UMKC@NorthDakotaState,-1,15.0,133.5,0.860916647444485,0.8583090227387126,0.8015877637477765,1.1907616896960744,0.0,0.633887574681966,0.6254609445054713,0.519123941952789,0.11248213473828561,0,-1.0,1.3148759336621447,1.203001315849548,-1.0
2021-03-08,2020-21,True,20210308_NorthDakotaState@SouthDakota,-1,10.5,151.0,0.7814284958286414,0.7778083731149831,0.7205112220765569,1.3247538286066847,0.0,20210308_SaintMarysCA@Gonzaga,-1,12.0,152.5,0.8066948528830196,0.8039195588608297,0.749400480938407,1.2736847977529522,1.0,0.6303743454810852,0.6252953641928568,0.5399514563456912,0.06364249189717319,0,-1.0,1.2434012907016911,1.3069341632377613,-1.0
2021-03-09,2020-21,True,20210309_McNeeseState@SELouisiana,-1,9.5,156.0,0.7670040108090792,0.7630144685982108,0.7105016724698084,1.3434169643570542,1.0,20210309_WakeForest@NotreDame,-1,14.0,155.5,0.8217804224697003,0.8193217045470031,0.7850562995748107,1.2158363680629791,0.0,0.6303088800386397,0.6251543150059119,0.557783813830862,0.029530894720721124,0,-1.0,1.3247538286066847,1.1907616896960744,-1.0
2021-03-10,2020-21,True,20210310_LoyolaMaryland@Army,1,6.5,126.0,0.733219124627504,0.7269338264626645,0.6593402029563438,1.4476593353783394,1.0,20210310_MissValleySt@PrairieViewA&M,1,14.5,123.0,0.8633165578670524,0.8600486021626491,0.8188653327762205,1.1656373298451086,1.0,0.6330002108357101,0.6251984213139603,0.5399108347065872,0.06815352325639656,1,0.6874457622157519,1.2308524129286524,1.0984494106514517,0.35202910758039563
2021-03-11,2020-21,True,20210311_California@Colorado,-1,11.5,145.0,0.8233463101503052,0.8193862223577727,0.7399669262129144,1.289922517057684,1.0,20210311_Vanderbilt@Florida,-1,9.0,154.5,0.7702035000269789,0.7655413457303732,0.7003138026261824,1.3629604277691192,1.0,0.6341442098120637,0.6272740313366961,0.5182090519137738,0.11489739832962753,1,0.7581133456379598,1.258188225975576,1.3434169643570542,0.6902714071298954
2021-03-12,2020-21,True,20210312_OregonState@Oregon,-1,11.5,151.0,0.8102237630215131,0.8064015353918346,0.7399669262129144,1.289922517057684,1.0,20210312_CalRiverside@CalIrvine,1,10.0,114.5,0.7804145081790494,0.776410219011471,0.725924002077946,1.3148759336621447,1.0,0.6323103795334128,0.6260983927047608,0.537159752481795,0.07245409377283041,1,0.6960880739680462,1.1907616896960744,1.2787137718014578,0.5226433715479444
2021-03-13,2020-21,True,20210313_OhioState@Michigan,-1,15.0,161.5,0.8608913946534563,0.8579250882789055,0.8095214352439244,1.179091693492206,1.0,20210313_Tennessee@Alabama,1,7.0,130.5,0.7362271149290343,0.7304955442154758,0.6709017484899145,1.4227120471043888,1.0,0.6338115877529468,0.6267104542584092,0.5431093463452139,0.06322398167667398,1,0.677507956972077,1.1034650999522844,1.2460078283869966,0.37492615289238596
2021-03-14,2020-21,True,20210314_OhioState@Illinois,-1,13.5,165.0,0.8331931192353661,0.8295972396870803,0.7764621224902569,1.2292937058394333,0.0,20210314_LoyolaMaryland@Colgate,1,8.5,140.0,0.7582347443568918,0.7535241662367916,0.7045140125190753,1.354834656286068,1.0,0.6317559717633491,0.625121568347551,0.5470284454846887,0.05218307363056063,0,-1.0,1.1472566947344827,1.354834656286068,-1.0
2021-03-17,2020-21,True,20210317_Toledo@Richmond,-1,11.0,165.5,0.7661686239996119,0.7632573972362543,0.7303351820227494,1.3069341632377613,1.0,20210317_WesternKentucky@SaintMarysCA,-1,15.0,139.5,0.8262795485608481,0.8239513681392184,0.8015877637477765,1.1907616896960744,1.0,0.6330694647598855,0.6288869766951907,0.585427745343941,-0.014787460769731475,1,0.5562471325385219,1.203001315849548,1.203001315849548,0.4472121659357442
2021-03-18,2020-21,True,20210318_UCLA@MichiganState,-1,12.0,149.5,0.794674308099162,0.7920430777982398,0.749400480938407,1.2736847977529522,0.0,20210318_NCState@Davidson,-1,12.5,151.0,0.7985013846714423,0.7959260914853604,0.7586305294344162,1.258188225975576,1.0,0.6345485353800011,0.6304077511999883,0.5685180836127098,0.016886374294509787,0,-1.0,1.1679665570262652,1.2292937058394333,-1.0
2021-03-19,2020-21,True,20210319_Drexel@Illinois,-1,12.5,157.0,0.8243832675472176,0.8213863753367344,0.7586305294344162,1.258188225975576,1.0,20210319_Liberty@OklahomaState,-1,9.5,156.0,0.7669002813336826,0.763322778323335,0.7105016724698084,1.3434169643570542,1.0,0.6322197598087417,0.6269829300989698,0.5390082599498089,0.06862298302724623,1,0.6902714071298954,1.1907616896960744,1.1376272359268333,0.3546429296965108
2021-03-20,2020-21,True,20210320_Ohio@Virginia,-1,14.5,146.0,0.8463922534004512,0.8438863297697237,0.7934322160952428,1.203001315849548,1.0,20210320_Iona@Alabama,1,8.0,135.5,0.7479918221562671,0.7433015505478222,0.6934997051874461,1.376352423599096,0.0,0.6330944838799525,0.6272620174039464,0.5502450079482729,0.04824858266838139,0,-1.0,1.1679665570262652,1.2460078283869966,-1.0
2021-03-21,2020-21,True,20210321_NorthTexas@Villanova,-1,11.5,138.0,0.7968997096376765,0.7944711803932569,0.749400480938407,1.2736847977529522,0.0,20210321_LoyolaChicago@Illinois,-1,11.5,145.0,0.7954039650712423,0.7930074626223915,0.749400480938407,1.2736847977529522,1.0,0.6338571888099296,0.630021574890273,0.5616010808307158,0.028289380460492675,0,-1.0,1.2434012907016911,1.258188225975576,-1.0
2021-03-22,2020-21,True,20210322_Bellarmine@Army,-1,10.5,152.0,0.7707353564371751,0.7678694821165434,0.7303351820227494,1.3069341632377613,1.0,20210322_Ohio@Creighton,-1,14.0,163.5,0.8168086013455688,0.8142491320942316,0.7850562995748107,1.2158363680629791,1.0,0.6295432684990274,0.6252370593750425,0.5733542354480754,0.0003556397712685122,1,0.5890180863284284,1.2292937058394333,1.2292937058394333,0.5111630152164472
2021-03-23,2020-21,True,20210323_Pepperdine@Bellarmine,-1,10.5,160.0,0.7749123858209375,0.7717403055689555,0.7303351820227494,1.3069341632377613,1.0,20210323_Stetson@CoastalCarolina,-1,15.0,162.5,0.8181323414391454,0.8159336689113345,0.8015877637477765,1.1907616896960744,1.0,0.633980884621878,0.6296888989696322,0.585427745343941,-0.013369066222966963,1,0.5562471325385219,1.3069341632377613,1.1376272359268333,0.48680389966252324
2021-03-25,2020-21,True,20210325_MississippiSt@Richmond,-1,12.0,151.5,0.8047030279585462,0.8015785627082118,0.749400480938407,1.2736847977529522,1.0,20210325_NCState@ColoradoState,-1,11.0,158.5,0.7835425467215476,0.7798366374063416,0.7303351820227494,1.3069341632377613,1.0,0.63051905988118,0.6251003309593802,0.5473135366540874,0.04957600907790671,1,0.6646221753799118,1.1679665570262652,1.2292937058394333,0.43577393718334134
2021-03-27,2020-21,True,20210327_OregonState@LoyolaChicago,-1,10.5,137.0,0.7881754652853692,0.7853821475454691,0.7303351820227494,1.3069341632377613,1.0,20210327_Villanova@Baylor,1,12.0,124.5,0.7999834208640505,0.7974086248577913,0.7754788388714224,1.2308524129286524,0.0,0.6305273049601043,0.6262704982620915,0.5663594789419506,0.014293378535839008,0,-1.0,1.258188225975576,1.0984494106514517,-1.0
2021-03-28,2020-21,True,20210328_FloridaState@Michigan,-1,15.0,160.5,0.8378648759225871,0.8355892113869091,0.8095214352439244,1.179091693492206,1.0,20210328_UCLA@Alabama,1,10.0,134.5,0.7543332174018136,0.7514482322219908,0.725924002077946,1.3148759336621447,1.0,0.6320293076026564,0.6279020357604602,0.5876510400401525,-0.020127490550285176,1,0.5503592913538438,1.0887347494240311,1.2963422465399823,0.41137285095449316
2021-03-29,2020-21,True,20210329_OregonState@HoustonU,-1,10.0,141.5,0.7639221786946716,0.7610107212225028,0.7105016724698084,1.3434169643570542,1.0,20210329_Arkansas@Baylor,1,15.0,135.5,0.8271528878808538,0.82486902616093,0.8188653327762205,1.1656373298451086,1.0,0.6318804362235313,0.6277341725128329,0.5818051884650509,-0.010515068593508592,1,0.5659369632017781,1.289922517057684,1.2164461809475249,0.5691213195930382
2021-03-30,2020-21,True,20210330_UCLA@Michigan,-1,9.0,148.5,0.7684856346809493,0.7649395984752088,0.7003138026261824,1.3629604277691192,1.0,20210330_USC@Gonzaga,-1,14.0,168.5,0.8209654762239826,0.8184937950646168,0.7850562995748107,1.2158363680629791,1.0,0.6309001750471351,0.6260983149511778,0.5497857624308751,0.045487932724533664,1,0.6571368563123703,1.2736847977529522,1.157362499600812,0.47411502123091154
2021-04-03,2020-21,True,20210403_UCLA@Gonzaga,-1,11.0,157.5,0.7740661958634821,0.7719189393986894,0.7399669262129144,1.289922517057684,0.0,20210403_HoustonU@Baylor,-1,15.0,147.5,0.8200342988856869,0.8177327248503082,0.8015877637477765,1.1907616896960744,1.0,0.6347608302160214,0.6312233776780503,0.593148433630326,-0.025013511819293788,0,-1.0,1.3247538286066847,1.258188225975576,-1.0
