date,season,game_a,side_a,thr_a,main_a,odds_a,p_a,pc_a,game_b,side_b,thr_b,main_b,odds_b,p_b,pc_b,combined_odds,joint_model,joint_cons,ev_model,ev_cons,win_a,win_b,push_a,push_b,profit,card_win
2021-11-17,2021-22,L254864,-1,136.0,True,1.9090909090909092,0.6284196053298599,0.6173813841507185,L254863,-1,140.5,True,1.9090909090909092,0.6040324689248383,0.5900284410350667,3.6446280991735542,0.3795858457281677,0.3642725756145201,0.383449239389438,0.32763806484300306,True,True,False,False,2.6446280991735542,1
2021-11-18,2021-22,L255925,1,147.5,True,1.9090909090909092,0.6848676475592325,0.6634620691306844,L255939,1,138.5,True,1.9174311926605505,0.604607994559057,0.5923879970948287,3.6605504587155964,0.4140764549291666,0.3930269662807169,0.5157477570342888,0.43869504170647744,True,True,False,False,2.6605504587155964,1
2021-11-19,2021-22,L262270,1,127.5,True,1.8695652173913042,0.6866547403822947,0.6814102555174325,L255941,1,135.5,True,1.9523809523809523,0.6730797341858651,0.6510426007061417,3.6501035196687366,0.4621733901339791,0.4436271048999058,0.6869807180252694,0.6192848570155982,True,False,False,False,-1.0,0
2021-11-20,2021-22,L257576,1,135.5,True,1.9090909090909092,0.6591217618189216,0.6386017108369493,L255955,1,132.5,True,1.925925925925926,0.6173386296013594,0.6016950407228641,3.6767676767676774,0.40690132518172667,0.3842434824077289,0.4960816400621062,0.4127740161253872,True,True,False,False,2.6767676767676774,1
2021-11-21,2021-22,L255973,1,134.5,True,1.9090909090909092,0.6633178690418777,0.6432539983254486,L255974,1,139.5,True,1.8771929824561404,0.6396150297652837,0.6231116733555657,3.583732057416268,0.4242680785510652,0.40081907528922855,0.5204631140418556,0.43642816933795303,True,False,False,False,-1.0,0
2021-11-22,2021-22,L253623,1,144.0,True,1.9090909090909092,0.6600219865307321,0.6384301414318077,L255984,1,137.0,True,1.9174311926605505,0.6415370550970284,0.6230132149025129,3.6605504587155964,0.4234285615382164,0.3977504149040965,0.5499816151720032,0.4559854637315093,True,False,False,False,-1.0,0
2021-11-23,2021-22,L262324,-1,125.5,True,1.9090909090909092,0.6993043941455844,0.6914894935953801,L256003,1,136.5,True,1.9090909090909092,0.6229799525815118,0.6066524925151547,3.6446280991735542,0.4356526183048591,0.4194938248376795,0.5877917741524203,0.5288989814331957,True,True,False,False,2.6446280991735542,1
2021-11-24,2021-22,L256018,1,124.5,True,1.9174311926605505,0.6460186388113144,0.6269776810630029,L256008,1,148.5,True,1.9090909090909092,0.6310149954476381,0.6146087605632292,3.6605504587155964,0.4076474484286109,0.38534597545893984,0.4922140543395941,0.4105783872304314,False,True,False,False,-1.0,0
2021-11-25,2021-22,L252159,1,136.5,True,1.9090909090909092,0.8056793597590284,0.7994200904712316,L254967,1,132.5,True,1.8695652173913042,0.6303845727362187,0.6279201711621621,3.569169960474308,0.5078878389640854,0.5019720000391669,0.8127380181208264,0.7916233835390027,True,True,False,False,2.569169960474308,1
2021-11-26,2021-22,L253657,1,139.5,True,1.9523809523809523,0.6480131325428417,0.6315821270046238,L256040,1,149.5,True,1.8695652173913042,0.6789348020322981,0.6581238900986786,3.6501035196687366,0.43995866785730353,0.4156592863410807,0.6058946820547122,0.517199424056574,True,False,False,False,-1.0,0
2021-11-27,2021-22,L254988,-1,141.0,True,1.9090909090909092,0.6545148779555374,0.650607339939448,L256064,1,139.5,True,1.9090909090909092,0.6149682170049535,0.60314760588973,3.6446280991735542,0.4025058474995316,0.3924122594587638,0.46698412187845806,0.4301967472835939,True,True,False,False,2.6446280991735542,1
2021-11-28,2021-22,L253668,1,144.5,True,1.9523809523809523,0.6665224975555865,0.646909670528172,L256082,1,139.5,True,1.8695652173913042,0.6584538904224903,0.6397552877011049,3.6501035196687366,0.43887433156959066,0.4138638823853777,0.6019367423544271,0.5106460137586353,False,False,False,False,-1.0,0
2021-11-29,2021-22,L253672,1,132.5,True,1.8695652173913042,0.6104873578656391,0.5974472912323723,L256090,1,136.0,True,1.9090909090909092,0.5838811727213322,0.5724219224561714,3.569169960474308,0.356452074442137,0.34199192701346665,0.2722380364476271,0.22062731262118707,True,True,False,False,2.569169960474308,1
2021-11-30,2021-22,L256098,1,134.5,True,1.8695652173913042,0.6482668341394471,0.6308235748546649,L255030,1,133.0,True,1.8928571428571428,0.6361237397433392,0.6191726346528706,3.5388198757763973,0.4123779228843601,0.39058869484390524,0.45933118983456,0.38222303656717393,False,True,False,False,-1.0,0
2021-12-01,2021-22,L257315,1,120.5,True,1.8849557522123894,0.6441014507128037,0.6289051608852259,L253680,1,132.0,True,1.8849557522123894,0.636362118158766,0.6219907931476356,3.553058187798575,0.40988176348473376,0.391173219833643,0.4563337557787521,0.3898612115774571,True,True,False,False,2.553058187798575,1
2021-12-02,2021-22,L253697,-1,133.5,True,1.9090909090909092,0.6061388361716932,0.5918729228769226,L256154,1,150.5,True,1.8695652173913042,0.6055719023182334,0.5929971163145309,3.569169960474308,0.36706064808945227,0.35097893649066786,0.3101018388331045,0.2527034768817116,True,True,False,False,2.569169960474308,1
2021-12-03,2021-22,L257741,1,127.5,True,1.9174311926605505,0.6168997036887544,0.6073695420058187,L254463,1,154.5,True,1.9090909090909092,0.6070684428715063,0.5972961297660141,3.6605504587155964,0.3745003425262257,0.36277947677783207,0.3708774006235236,0.3279725801316973,True,True,False,False,2.6605504587155964,1
2021-12-04,2021-22,L253704,1,137.5,True,1.9090909090909092,0.6385133911628835,0.6203414996750406,L256182,1,129.5,True,1.8695652173913042,0.6349107976429181,0.6207190794632943,3.569169960474308,0.40539904648891095,0.3850578046311707,0.4469380987331486,0.3743367493357592,True,True,False,False,2.569169960474308,1
2021-12-05,2021-22,L256203,1,132.5,True,1.8771929824561404,0.7834816535099283,0.7781405352189342,L256197,1,128.5,True,1.9174311926605505,0.6507623743588785,0.6388869061064237,3.599388379204893,0.5098603811047411,0.49714379906202155,0.835185530765383,0.789413613137613,True,False,False,False,-1.0,0
2021-12-06,2021-22,L256207,1,146.5,True,1.925925925925926,0.6240625338519942,0.607604654404308,L257316,1,139.5,True,1.925925925925926,0.5734571325702664,0.5665642024548943,3.7091906721536354,0.3578731112072994,0.3442470464304584,0.32741960590471586,0.2768779335362961,True,True,False,False,2.7091906721536354,1
2021-12-07,2021-22,L256217,1,152.5,True,1.9090909090909092,0.5934644748435197,0.5807865653881278,L255146,1,144.5,True,1.9523809523809523,0.5775393721558505,0.5678022410723328,3.7272727272727275,0.3427491001979279,0.3297719134120819,0.2775193734650039,0.2291498590813963,True,False,False,False,-1.0,0
2021-12-08,2021-22,L256249,1,150.5,True,1.9090909090909092,0.6364094427221738,0.6248118833088173,L256240,1,124.0,True,1.9090909090909092,0.617971835255825,0.6123063128402928,3.6446280991735542,0.39328311129315857,0.3825762604876212,0.43337067834944576,0.39434818904992563,False,True,False,False,-1.0,0
2021-12-09,2021-22,L253726,1,136.5,True,1.8849557522123894,0.5982090867353852,0.5901249182449,L257320,1,142.0,True,1.9090909090909092,0.583420257236436,0.5711513339461988,3.598551890587289,0.3490072992643319,0.3370506342504661,0.25592087659642515,0.2128941971056597,False,True,False,False,-1.0,0
2021-12-10,2021-22,L256256,1,135.5,True,1.9090909090909092,0.6250956004938312,0.6093902282568999,L256258,-1,130.5,True,1.9090909090909092,0.6119364877768458,0.6019865971146406,3.6446280991735542,0.3825188062909534,0.3668447498232853,0.39413878987033457,0.33701268324023825,True,True,False,False,2.6446280991735542,1
2021-12-11,2021-22,L255181,1,125.5,True,1.9090909090909092,0.6530897592594549,0.6368574524959161,L255179,1,148.5,True,1.925925925925926,0.6247165843800978,0.6176705226865834,3.6767676767676774,0.407996003698187,0.3933680755599984,0.5001065186478797,0.4463230252913073,False,False,False,False,-1.0,0
2021-12-12,2021-22,L256301,1,145.5,True,1.9090909090909092,0.6472321335998983,0.6316352702339562,L252267,1,125.5,True,1.9090909090909092,0.6122307066571582,0.6008028447022724,3.6446280991735542,0.39625538652508596,0.37948826717084944,0.4442035161782061,0.3830936018375588,False,True,False,False,-1.0,0
2021-12-13,2021-22,L255225,1,139.0,True,1.925925925925926,0.5796192440920543,0.5687063841804156,L255227,1,127.0,True,1.9090909090909092,0.5701246398965653,0.5612926728373268,3.6767676767676774,0.3304552128151018,0.31921072643627707,0.2150070450979502,0.1736636810384331,True,True,False,False,2.6767676767676774,1
2021-12-14,2021-22,L253748,1,138.0,True,1.9090909090909092,0.6220811656708836,0.6058621859846405,L255244,1,127.5,True,1.9090909090909092,0.5968746450733647,0.5864410813745384,3.6446280991735542,0.37130447496663366,0.3553024755127743,0.35326672281227656,0.2949453859597806,True,True,False,False,2.6446280991735542,1
2021-12-15,2021-22,L255254,-1,135.5,True,1.9433962264150944,0.6202546495200911,0.6144235757712647,L252278,1,141.5,True,1.9523809523809523,0.58090119023183,0.5785858921133288,3.794249775381851,0.36030666415304746,0.35549681272307865,0.36709347953128435,0.3488437018235051,True,False,False,False,-1.0,0
2021-12-16,2021-22,L253758,1,138.5,True,1.9090909090909092,0.6048480116427815,0.5943075472868656,L256340,1,130.5,True,1.9090909090909092,0.5781405642934139,0.5691337012010277,3.6446280991735542,0.34968717076290706,0.3382404540390786,0.27447968848299165,0.232760663068047,True,True,False,False,2.6446280991735542,1
2021-12-17,2021-22,L255265,1,138.0,True,1.9174311926605505,0.5671386879238643,0.5560921921826307,L252280,1,125.0,True,1.9174311926605505,0.5551448078622796,0.5491441180954246,3.676542378587661,0.314844097938759,0.30537475645588213,0.1575376687200516,0.12272323346093672,False,True,False,False,-1.0,0
2021-12-18,2021-22,L253763,1,133.5,True,1.9090909090909092,0.6145013994881402,0.6121232601293616,L253776,1,138.5,True,1.9090909090909092,0.6193266134305863,0.6051726742310977,3.6446280991735542,0.3805770706933457,0.3704402702915436,0.38706188575012757,0.35011701817000596,False,True,False,False,-1.0,0
2021-12-19,2021-22,L256397,1,123.5,True,1.9090909090909092,0.647756593266566,0.6321962064174527,L256387,1,129.5,True,1.9090909090909092,0.6178808688793284,0.609110505525544,3.6446280991735542,0.4002364066698595,0.38507735088226575,0.45871285406122353,0.40346373338082,False,False,False,False,-1.0,0
2021-12-20,2021-22,L256408,1,152.5,True,1.9174311926605505,0.6370086597646476,0.6190128109587373,L252297,1,136.5,True,1.8849557522123894,0.6146812064440575,0.6011098058761682,3.614272956076967,0.39155725149944576,0.3720946706302678,0.41519478485027417,0.3448517051593434,False,False,False,False,-1.0,0
2021-12-21,2021-22,L256428,1,131.5,True,1.9090909090909092,0.627853257604008,0.6127779769238968,L256438,1,151.5,True,2.0,0.5873489133836579,0.580161006169888,3.8181818181818183,0.36876892861810395,0.35550988765091635,0.4080268183600333,0.35740138921258957,True,False,False,False,-1.0,0
2021-12-22,2021-22,L262585,1,130.5,True,1.9523809523809523,0.6000897438796361,0.5902473514842045,L256471,1,125.5,True,1.925925925925926,0.5836435969922795,0.5773168864635471,3.760141093474427,0.35023853663608656,0.34075976320221585,0.31694631412369767,0.28130478861926655,False,False,False,False,-1.0,0
2021-12-23,2021-22,L263067,-1,130.5,True,1.9090909090909092,0.57096118617593,0.5628666382502827,L263071,1,134.0,True,1.9090909090909092,0.5348652608605566,0.5306139832218133,3.6446280991735542,0.3053873037852416,0.298664908944654,0.11302314850654183,0.08852251937679667,False,True,False,False,-1.0,0
2021-12-25,2021-22,L263079,1,121.5,True,1.9090909090909092,0.5529330846546829,0.5454912769130016,L263077,-1,132.5,True,1.9090909090909092,0.5270005773406361,0.5229782697905274,3.6446280991735542,0.29139605484375675,0.28528008418578704,0.062030249471873855,0.039739810958116406,True,False,False,False,-1.0,0
2021-12-28,2021-22,L255372,1,142.0,True,1.9090909090909092,0.612313348458245,0.5972847439730572,L256488,1,134.0,True,1.9090909090909092,0.5990368723918655,0.5874648753006505,3.6446280991735542,0.36679827318421765,0.350883807637113,0.3368432931755372,0.27884098485923015,True,False,False,False,-1.0,0
2021-12-29,2021-22,L256507,1,134.5,True,1.9090909090909092,0.6114903435420331,0.6002542545046694,L252341,1,148.5,True,1.9090909090909092,0.6006002718190004,0.5886839415890003,3.6446280991735542,0.3672612665460391,0.35336004049737574,0.3385307317917621,0.2878659327218407,True,False,False,False,-1.0,0
2021-12-30,2021-22,L256503,1,120.0,True,1.8849557522123894,0.6174124873889064,0.6036625896926471,L256522,1,127.5,True,1.9174311926605505,0.5873771310522129,0.5754716652993049,3.614272956076967,0.3626539755183064,0.3473907157693186,0.31073045612961336,0.25556486919726873,True,True,False,False,2.614272956076967,1
2021-12-31,2021-22,L254491,1,147.0,True,1.8695652173913042,0.6120517633870258,0.6003364396612564,L255396,1,137.0,True,1.9090909090909092,0.5603683162799695,0.5519520651112734,3.569169960474308,0.34297441612537394,0.33135693763257984,0.22413398324589973,0.1826692279929627,True,True,False,False,2.569169960474308,1
2022-01-01,2021-22,L257353,1,121.5,True,1.925925925925926,0.889517276920562,0.8859080892092841,L255408,1,118.5,True,1.9090909090909092,0.60668977667317,0.5932917586529831,3.6767676767676774,0.5396610380818622,0.52560196825188,0.9842082612302814,0.9325163277139836,True,True,False,False,2.6767676767676774,1
2022-01-02,2021-22,L257413,1,124.0,True,1.925925925925926,0.622118192292045,0.6040081144862708,L253844,1,118.0,True,1.8849557522123894,0.6327449898807859,0.6170909190751391,3.6302851524090465,0.3936421692864828,0.3727279224971747,0.4290333225228069,0.3531086429297632,False,True,True,False,0.8849557522123894,1
2022-01-03,2021-22,L262498,1,151.0,True,1.9090909090909092,0.5538798041843246,0.5463136724647863,L257240,1,128.5,True,1.9090909090909092,0.5407120097207171,0.5356968420755571,3.6446280991735542,0.2994894620642234,0.2926585091220863,0.09152770884564077,0.0666314258085956,True,False,False,False,-1.0,0
2022-01-04,2021-22,L256574,1,135.5,True,1.9090909090909092,0.6027799427096644,0.5954982676293593,L253852,1,158.5,True,1.9090909090909092,0.5993698869175299,0.5892221088743543,3.6446280991735542,0.3612881460980467,0.35088074508359574,0.3167609291672613,0.27882982299062586,True,False,False,False,-1.0,0
2022-01-05,2021-22,L256579,1,129.5,True,1.9090909090909092,0.6422673021221885,0.632208979812706,L254497,1,130.0,True,1.9523809523809523,0.5981426625903655,0.5915930643636466,3.7272727272727275,0.3841674741860966,0.3740104476856135,0.43189694923908717,0.3940389413736505,False,False,False,False,-1.0,0
2022-01-06,2021-22,L263379,1,142.5,True,1.9090909090909092,0.6912480735101234,0.6735222263136529,L257370,1,124.0,True,1.9090909090909092,0.6252323624014807,0.6095884614710425,3.6446280991735542,0.43219066600620687,0.41057137770509095,0.5751742455267541,0.49637997990037297,True,True,False,False,2.6446280991735542,1
2022-01-07,2021-22,L253878,1,139.5,True,1.9523809523809523,0.5479684165742897,0.5411795869166913,L257653,1,137.5,True,1.9090909090909092,0.5559097438451039,0.5497211831084864,3.7272727272727275,0.30462098209302063,0.2974978827940055,0.13540547871034958,0.10885574495947514,True,True,False,False,2.7272727272727275,1
2022-01-08,2021-22,L255433,1,127.5,True,1.9090909090909092,0.6512844469691434,0.6371277435386258,L256605,1,150.5,True,1.9090909090909092,0.6365714712170174,0.6225863506974819,3.6446280991735542,0.4145890985879092,0.3966670367778342,0.5110230783245286,0.4457038282564041,True,False,False,False,-1.0,0
2022-01-09,2021-22,L252506,1,131.5,True,1.9090909090909092,0.5897139915702968,0.5775112954325696,L252496,1,148.5,True,1.9090909090909092,0.5835131759679774,0.5737131847867701,3.6446280991735542,0.3441058841339369,0.33132584455295283,0.2541379744055059,0.20755948304010063,True,True,False,False,2.6446280991735542,1
2022-01-10,2021-22,L256646,-1,154.5,True,1.9090909090909092,0.6417309251188318,0.6353762290188844,L257654,1,142.5,True,1.8849557522123894,0.5888667531494085,0.5792686809072097,3.598551890587289,0.3778940062702927,0.3680535500635663,0.3598711907055665,0.32445979841860995,True,False,False,False,-1.0,0
2022-01-11,2021-22,L253922,1,144.5,True,1.8695652173913042,0.6444039643412929,0.6288594300066269,L252532,1,139.5,True,1.925925925925926,0.5994419200721764,0.5860114992545539,3.600644122383253,0.38628274968686693,0.3685188573985476,0.3908667122380587,0.32690525787947244,True,False,False,False,-1.0,0
2022-01-12,2021-22,L256639,1,136.5,True,1.9090909090909092,0.6221830819774048,0.611083090939532,L253340,1,141.5,True,1.9090909090909092,0.5917496941323965,0.5842642564033601,3.6446280991735542,0.36817664845448106,0.3570340077284525,0.3418669584167451,0.3012561769276656,False,True,False,False,-1.0,0
2022-01-13,2021-22,L257657,1,134.5,True,1.9090909090909092,0.6657319109193537,0.655661527376364,L252546,1,132.5,True,1.9174311926605505,0.6363868888252938,0.6184639538255791,3.6605504587155964,0.42366305958168515,0.4055030205925042,0.5508400070925907,0.4843642680404512,False,True,False,False,-1.0,0
2022-01-14,2021-22,L256669,1,131.5,True,1.9090909090909092,0.5629087898366292,0.5558836551768317,L252560,1,130.0,True,1.9090909090909092,0.5528773601543675,0.5436704482958268,3.6446280991735542,0.31121952573256517,0.3022175160103109,0.13427942849637398,0.1014704509136124,False,False,False,False,-1.0,0
2022-01-15,2021-22,L256680,1,138.5,True,1.9090909090909092,0.6280145019092676,0.6119775419665942,L253972,1,146.5,True,1.9090909090909092,0.6141127260140791,0.5988633078578616,3.6446280991735542,0.3856716977438744,0.36649089511683786,0.40562990665329424,0.335723014434095,False,False,False,False,-1.0,0
2022-01-16,2021-22,L257408,1,133.5,True,1.9174311926605505,0.5928104513072826,0.5802152462254696,L253359,1,142.5,True,1.9090909090909092,0.5869941834692256,0.5784215946945189,3.6605504587155964,0.3479762868171415,0.33560902798780906,0.27378475633063726,0.2285137813498701,False,False,False,False,-1.0,0
2022-01-17,2021-22,L263479,-1,157.5,True,1.8928571428571428,0.8324229366991301,0.8242610306429868,L252610,1,140.5,True,1.925925925925926,0.6075625790701381,0.6053779565150679,3.6455026455026456,0.5057490262980618,0.4989894583656551,0.8437094133299714,0.8190673905499279,True,True,False,False,2.6455026455026456,1
2022-01-18,2021-22,L256711,1,119.5,True,1.9090909090909092,0.6007008495648476,0.5955762431152533,L263133,1,130.5,True,1.8849557522123894,0.5927062649130559,0.587591267105158,3.598551890587289,0.3560391568756803,0.3499553993498213,0.2812253810980838,0.259332663951529,True,False,False,False,-1.0,0
2022-01-19,2021-22,L254537,1,136.5,True,1.9523809523809523,0.5977814923043817,0.5863017984073621,L254003,1,130.5,True,1.9090909090909092,0.609280734169005,0.596401087868081,3.7272727272727275,0.3642167465038571,0.34967103038916303,0.3575351460598313,0.3033192950868804,False,False,False,False,-1.0,0
2022-01-20,2021-22,L253368,1,134.5,True,1.9090909090909092,0.5985227117376393,0.5852076078888713,L252645,1,134.5,True,1.9174311926605505,0.592110652726282,0.5796040185229078,3.6605504587155964,0.35439167351847795,0.3391886812025679,0.29726860306305225,0.24161728256719806,True,False,False,False,-1.0,0
2022-01-21,2021-22,L254544,1,132.5,True,1.925925925925926,0.5885351560768805,0.5782001462419242,L252656,1,139.5,True,1.925925925925926,0.5548426251982904,0.5471501249115163,3.7091906721536354,0.3265443910191819,0.3163622822401258,0.2112154092124392,0.1734480263063103,True,False,False,False,-1.0,0
2022-01-22,2021-22,L256748,1,142.5,True,1.9090909090909092,0.6588179063701419,0.6476961301429239,L256765,1,136.5,True,1.9090909090909092,0.6662172656019372,0.6466506124812158,3.6446280991735542,0.438915864111509,0.41883309925863504,0.599685091513847,0.5264908824219672,True,False,False,False,-1.0,0
2022-01-23,2021-22,L257432,1,137.5,True,1.9174311926605505,0.5945304521656296,0.5817178973727853,L252705,1,129.5,True,1.925925925925926,0.5740317050626147,0.5638389322757054,3.6928304451240233,0.34127932916828363,0.3279951981403396,0.2602866970441411,0.21123065354713266,True,True,False,False,2.6928304451240233,1
2022-01-24,2021-22,L257713,1,135.5,True,1.8771929824561404,0.6276752254271115,0.6191692495155479,L256776,1,121.0,True,1.9090909090909092,0.6035430153919297,0.5914886319823488,3.583732057416268,0.37882899824108807,0.366231572361489,0.35762162527547847,0.3124758263098337,True,True,False,False,2.583732057416268,1
2022-01-25,2021-22,L252724,1,133.5,True,1.9090909090909092,0.8515563292738977,0.8477690454788415,L263444,1,125.5,True,1.9090909090909092,0.5906478863784302,0.5819424368716943,3.6446280991735542,0.5029699460178022,0.4933527842303473,0.8331383982962874,0.798087420211431,True,True,False,False,2.6446280991735542,1
2022-01-26,2021-22,L252731,1,145.0,True,1.9090909090909092,0.6074042229857651,0.6050853458656114,L252737,1,131.5,True,1.9090909090909092,0.6102441134071482,0.5980167631060408,3.6446280991735542,0.370664851535706,0.3618511799374521,0.35093553328302773,0.31881297811914355,False,False,False,False,-1.0,0
2022-01-27,2021-22,L255507,1,136.0,True,1.8849557522123894,0.6368602241952714,0.6188817730754775,L256810,1,134.5,True,1.9090909090909092,0.6241689716344189,0.6094666971426794,3.598551890587289,0.39750839121082804,0.3771878301581165,0.43045457271603693,0.3573299793220075,False,False,False,False,-1.0,0
2022-01-28,2021-22,L252751,1,139.5,True,1.9090909090909092,0.6129656153577362,0.6029614058091617,L252756,1,137.5,True,1.9090909090909092,0.5822749829478393,0.5727007547481778,3.6446280991735542,0.3569145432300377,0.3453164521909292,0.3008207732598893,0.25855004476198173,False,True,False,False,-1.0,0
2022-01-29,2021-22,L256839,1,139.5,True,1.9090909090909092,0.6526323631112327,0.6361891611879076,L255515,1,123.5,True,1.9090909090909092,0.6388243334703395,0.6224323539780949,3.6446280991735542,0.41691743436570583,0.395984717173539,0.5195089963245973,0.4432170270539726,False,True,False,False,-1.0,0
2022-01-30,2021-22,L257455,1,136.5,True,1.9090909090909092,0.5919634522018551,0.581195698552646,L252802,1,130.0,True,1.925925925925926,0.5864232033860916,0.5727996603087124,3.6767676767676774,0.34714110392770137,0.33290869870384043,0.2763571901988213,0.2240279427090699,False,True,False,False,-1.0,0
2022-01-31,2021-22,L256849,1,138.5,True,1.9174311926605505,0.5900055910335308,0.5810335039343485,L257672,1,121.5,True,1.925925925925926,0.5604537428465203,0.5555568178791946,3.6928304451240233,0.3306708417951157,0.3227971245269652,0.22111135189579234,0.19203504905166757,True,False,False,False,-1.0,0
2022-02-01,2021-22,L252812,1,124.5,True,1.9090909090909092,0.6240696431666998,0.6129587591747371,L256852,1,134.0,True,1.8849557522123894,0.5769338124064541,0.5663665223527489,3.598551890587289,0.36004687843929956,0.34715932077945194,0.29564737510779304,0.24927083012589613,True,False,False,False,-1.0,0
2022-02-02,2021-22,L252839,1,147.5,True,1.9090909090909092,0.6061925611414465,0.5952213200286895,L254579,1,132.5,True,1.9090909090909092,0.5924378803179811,0.5848859560512895,3.6446280991735542,0.3591314359871667,0.3481365908270906,0.3089005228953763,0.26882840127890084,True,False,False,False,-1.0,0
2022-02-03,2021-22,L256864,1,129.5,True,1.8849557522123894,0.6310229388852407,0.6155198525346613,L254122,1,121.5,True,1.9090909090909092,0.621353009255741,0.6070400058128305,3.598551890587289,0.3920880019857459,0.3736451748605534,0.4109490208223985,0.34458155040326255,True,False,False,False,-1.0,0
2022-02-04,2021-22,L252856,1,132.0,True,1.8849557522123894,0.5997029331576481,0.5862397950161093,L254130,1,137.5,True,1.9090909090909092,0.5677504233817814,0.560041773793224,3.598551890587289,0.34048159420355084,0.3283187746689979,0.22524068453136215,0.18147214730042438,False,True,False,False,-1.0,0
2022-02-05,2021-22,L254147,1,133.5,True,1.9090909090909092,0.6500287521896748,0.6387739226252223,L257478,1,130.0,True,1.9090909090909092,0.6409745941842314,0.6252410722492302,3.6446280991735542,0.41665191564285914,0.3993876923070408,0.5185412793264537,0.4556196058463222,False,True,False,False,-1.0,0
2022-02-06,2021-22,L263656,1,129.5,True,1.9090909090909092,0.6000290125769963,0.5883066999755785,L252910,1,142.0,True,1.9090909090909092,0.5809013676460919,0.5698238665344423,3.6446280991735542,0.3485576740333112,0.3352311984882022,0.2703630929643823,0.2217930457297288,False,False,False,False,-1.0,0
2022-02-07,2021-22,L257679,-1,140.5,True,1.9090909090909092,0.7370181704785067,0.7284053684778066,L263400,-1,139.5,True,1.9090909090909092,0.612654485436108,0.609052346031559,3.6446280991735542,0.4515374879915713,0.4436369985333903,0.645686216564322,0.616891870687811,True,True,False,False,2.6446280991735542,1
2022-02-08,2021-22,L256916,1,124.5,True,1.9090909090909092,0.6050037525023505,0.5927249161089103,L252924,1,120.5,True,1.9090909090909092,0.5885368237278835,0.578317511409787,3.6446280991735542,0.35606698684118393,0.3427831984346798,0.2977317454294388,0.24931727693961814,False,True,False,False,-1.0,0
2022-02-09,2021-22,L254179,1,138.5,True,1.9090909090909092,0.6416687245986795,0.6265431796543198,L257483,1,121.5,True,1.9090909090909092,0.6293508548658399,0.6131920262809599,3.6446280991735542,0.4038347603668521,0.3841912818847479,0.47182751505604803,0.40023434141465986,True,True,False,False,2.6446280991735542,1
2022-02-10,2021-22,L257489,1,134.5,True,1.9090909090909092,0.6498126338248255,0.6320873936907813,L253435,1,136.0,True,1.9090909090909092,0.5942780654722603,0.5814973728674068,3.6446280991735542,0.3861693949488515,0.3675571588537956,0.40744382787143407,0.3396091492109412,True,False,False,False,-1.0,0
2022-02-11,2021-22,L256925,1,141.5,True,1.9174311926605505,0.5509326065788138,0.5437537159576389,L254202,1,143.5,True,1.8849557522123894,0.5503282443347934,0.5456753072468113,3.614272956076967,0.30319377412531007,0.29671297602178,0.0958250582720166,0.072401684952633,False,False,False,False,-1.0,0
2022-02-12,2021-22,L256964,1,144.5,True,1.9090909090909092,0.6633892206719185,0.648835222781187,L257501,1,128.0,True,1.9090909090909092,0.6665075862643262,0.6487703572902928,3.6446280991735542,0.4421539482238128,0.4209450593062774,0.6114867038570369,0.5341881913559368,False,False,False,False,-1.0,0
2022-02-13,2021-22,L253005,1,130.5,True,1.925925925925926,0.5653509994177528,0.556284552719726,L253007,1,141.0,True,1.925925925925926,0.5612747637425874,0.5527400476207859,3.7091906721536354,0.3173172486298349,0.3074807501610089,0.17699017873123957,0.14050473036401656,True,False,False,False,-1.0,0
2022-02-14,2021-22,L256979,1,138.0,True,1.9090909090909092,0.6060619694196464,0.5966587114924733,L256978,1,131.5,True,1.9523809523809523,0.5890038589870619,0.5820141528031351,3.7272727272727275,0.3569728387734704,0.347263814481902,0.3305351263374805,0.29434694488708946,True,True,False,False,2.7272727272727275,1
2022-02-15,2021-22,L253027,1,123.5,True,1.8928571428571428,0.6144773015694249,0.6019239358113334,L253020,1,133.5,True,1.9090909090909092,0.5779429570134943,0.5689757756268299,3.6136363636363638,0.35513282868670615,0.3424801382466076,0.2833209036633244,0.23759868139115015,True,True,False,False,2.6136363636363638,1
2022-02-16,2021-22,L254242,1,143.5,True,1.9090909090909092,0.6454446123351045,0.6264695819611,L254252,1,126.5,True,1.9090909090909092,0.6122566504819407,0.6007793709272885,3.6446280991735542,0.39517775641990577,0.37637000135567106,0.4402759552163511,0.37172868262686753,True,True,False,False,2.6446280991735542,1
2022-02-17,2021-22,L257510,1,133.5,True,1.9090909090909092,0.6408943847757622,0.6275851290513786,L257512,1,128.5,True,1.9090909090909092,0.626119228761284,0.613002902392973,3.6446280991735542,0.4012762979132378,0.3847115056071636,0.46250287090692477,0.40213036341123276,True,True,False,False,2.6446280991735542,1
2022-02-18,2021-22,L253052,1,134.0,True,1.9090909090909092,0.62782961808554,0.6161054847108973,L263417,1,140.5,True,1.9090909090909092,0.5896383997532708,0.5791800120544901,3.6446280991735542,0.37019245132566503,0.356835982061695,0.34921381020345676,0.30053444701824383,False,True,False,False,-1.0,0
2022-02-19,2021-22,L253094,1,130.5,True,1.9090909090909092,0.6482304938800173,0.639739220630487,L254298,1,127.5,True,1.9090909090909092,0.6240274224426706,0.6181998655746835,3.6446280991735542,0.4045136042446866,0.3954867001966199,0.47430164852815526,0.4414019403860281,True,True,False,False,2.6446280991735542,1
2022-02-20,2021-22,L254301,1,133.0,True,1.925925925925926,0.5886924007620112,0.5766195381549449,L257046,1,139.5,True,1.9174311926605505,0.5880626587267627,0.5777845915236192,3.6928304451240233,0.3461880183643492,0.3331618843173928,0.2784136539530233,0.23031034956215612,True,True,False,False,2.6928304451240233,1
2022-02-21,2021-22,L263722,1,133.0,True,1.9174311926605505,0.6242187917979112,0.60774211003453,L257048,1,148.5,True,1.9090909090909092,0.6120282285187709,0.6018093364294428,3.6605504587155964,0.3820395213522031,0.3657448759601099,0.39847494513329385,0.33882757346865944,False,True,False,False,-1.0,0
2022-02-22,2021-22,L253119,1,118.5,True,1.8771929824561404,0.6025994155272412,0.5905810410475851,L263419,1,131.5,True,1.9090909090909092,0.5798346377798156,0.5688941026527905,3.583732057416268,0.34940801382856645,0.3359780713905168,0.2521847002755804,0.20405538503108644,False,False,False,False,-1.0,0
2022-02-23,2021-22,L254315,1,145.5,True,1.9090909090909092,0.6226303507483175,0.6097492236986157,L263731,1,133.5,True,1.8849557522123894,0.6090613967562576,0.596216465055191,3.598551890587289,0.37922011108960885,0.36354252672373555,0.3646432477102337,0.30822664685057877,True,True,False,False,2.598551890587289,1
2022-02-24,2021-22,L255620,1,0.0,True,1.9090909090909092,0.9999999999225109,0.9999999987569272,L257533,1,131.5,True,1.9090909090909092,0.6080111822315749,0.5961558771499921,3.6446280991735542,0.6080111821844607,0.596155876408927,1.215974639201216,1.1727664586474118,True,True,False,False,2.6446280991735542,1
2022-02-25,2021-22,L253151,1,131.0,True,1.925925925925926,0.5938904466253818,0.5811587091948446,L253153,1,127.0,True,1.925925925925926,0.562387261709104,0.552826802783535,3.7091906721536354,0.3339964220328453,0.32128011111399213,0.23885641313691885,0.19168919129250317,True,False,False,True,0.925925925925926,1
2022-02-26,2021-22,L257537,1,0.0,True,1.9090909090909092,0.9999999999110489,0.9999999985518511,L254341,1,0.0,True,1.9090909090909092,0.9999999997933806,0.9999999969984803,3.6446280991735542,0.9999999997044295,0.9999999955503314,2.6446280980963097,2.644628082956167,True,True,False,False,2.6446280991735542,1
2022-02-27,2021-22,L257546,1,0.0,True,1.9090909090909092,0.9999999993510926,0.9999999926549532,L253198,1,132.0,True,1.925925925925926,0.5821906450769517,0.5709478161113631,3.6767676767676774,0.5821906446991639,0.5709478119177247,1.1405797441464207,1.0992424599803212,True,False,False,False,-1.0,0
2022-02-28,2021-22,L263685,1,127.5,True,1.9090909090909092,0.5901140674465172,0.5837616981131946,L263723,1,139.5,True,1.925925925925926,0.5707913451889889,0.5610179848308958,3.6767676767676774,0.33683200237274324,0.32750081149692617,0.238453018825036,0.20414439782708205,True,True,False,False,2.6767676767676774,1
2022-03-01,2021-22,L263780,1,141.5,True,1.925925925925926,0.644817813773132,0.625914875957653,L263791,1,125.5,True,1.9090909090909092,0.5942932233323449,0.5860726823905492,3.6767676767676774,0.3832108570093503,0.3668316103006496,0.4089772924384194,0.3487546075700654,True,True,False,False,2.6767676767676774,1
2022-03-02,2021-22,L253229,1,138.5,True,1.9090909090909092,0.5956493942726204,0.5860547171720776,L257131,-1,144.5,True,1.9090909090909092,0.5900469572973766,0.5803394463122515,3.6446280991735542,0.3514611127065851,0.34011067007232665,0.28094504713722346,0.2395769049743477,True,True,False,False,2.6446280991735542,1
2022-03-03,2021-22,L257554,1,123.0,True,1.9090909090909092,0.6685240798542377,0.6540921366215805,L253239,1,129.5,True,1.9090909090909092,0.5990811495290082,0.5875233622186206,3.6446280991735542,0.40050017424689915,0.3842944113086723,0.45967418878415334,0.4006102098109463,False,False,False,False,-1.0,0
2022-03-04,2021-22,L264022,1,136.0,True,1.9090909090909092,0.5981775240751568,0.5901140270405663,L264003,-1,152.0,True,1.9090909090909092,0.5738546513893614,0.5685795068949502,3.6446280991735542,0.34326695454710043,0.3355267425065185,0.2510803880600936,0.22287019376342676,False,False,False,False,-1.0,0
2022-03-05,2021-22,L254391,1,126.5,True,1.9090909090909092,0.6322152004132757,0.6191283425767906,L253272,1,133.0,True,1.9090909090909092,0.615770092377498,0.6038108189986374,3.6446280991735542,0.3892992123609412,0.3738363915965609,0.41885084835681874,0.36249461730647425,False,True,False,False,-1.0,0
2022-03-06,2021-22,L264065,1,127.5,True,1.9090909090909092,0.6127474827021026,0.6003408378946786,L264039,1,134.5,True,1.9090909090909092,0.599609463091905,0.5962612928269698,3.6446280991735542,0.36740918911392406,0.3579600041399074,0.3390698545391777,0.3046310894685882,True,False,False,False,-1.0,0
2022-03-07,2021-22,L264112,1,133.5,True,1.9090909090909092,0.619409053111949,0.6153213546281651,L264114,-1,157.5,True,1.9090909090909092,0.6075745583541278,0.5948906027061415,3.6446280991735542,0.3763371818850409,0.36604889151270853,0.37160906786200876,0.3341120756785494,True,True,False,False,2.6446280991735542,1
2022-03-08,2021-22,L264210,-1,153.5,True,1.9090909090909092,0.5999475812720115,0.5923626389496198,L264048,-1,144.5,True,1.9090909090909092,0.5674877932757324,0.5606997855007628,3.6446280991735542,0.34046292897716696,0.33213760459771763,0.24086075767711268,0.21051804650903727,True,True,False,False,2.6446280991735542,1
2022-03-09,2021-22,L264079,-1,143.5,True,1.9803921568627452,0.6012410381139729,0.5979465246150515,L264220,1,136.0,True,1.9090909090909092,0.617013638550578,0.6066824056248656,3.7807486631016047,0.3709739205726292,0.3627636359884874,0.40255915425052846,0.37151813178535065,True,True,False,False,2.7807486631016047,1
2022-03-10,2021-22,L264245,-1,128.5,True,1.9090909090909092,0.6002794554475014,0.5939783954583496,L264107,1,125.5,True,1.9090909090909092,0.6009881183690374,0.5909768707910641,3.6446280991735542,0.3607608204249843,0.3510274934654727,0.3148390232018021,0.27936466626672285,True,False,False,False,-1.0,0
2022-03-11,2021-22,L264404,1,124.0,True,1.8928571428571428,0.6001888299674963,0.5866648184084157,L264396,-1,144.0,True,1.9090909090909092,0.5840885859019201,0.5791448255589688,3.6136363636363638,0.35056344496984293,0.339763893918726,0.2668088125046597,0.2277831621153963,True,False,False,False,-1.0,0
2022-03-12,2021-22,L264692,1,129.5,True,1.8849557522123894,0.6035653265427104,0.5932456510106666,L264415,1,134.0,True,1.8849557522123894,0.5803153780776953,0.5710331027363574,3.553058187798575,0.3502582406672206,0.33876290478147125,0.24448790984659197,0.2036443125562355,True,True,False,False,2.553058187798575,1
2022-03-15,2021-22,L264763,-1,118.0,True,1.9090909090909092,0.5829532131080267,0.5696210484668429,L264713,1,131.5,True,1.9090909090909092,0.562344194035326,0.5593637809604493,3.6446280991735542,0.3278203547855369,0.3186253833850686,0.19478327653241156,0.16127102539516724,False,False,False,False,-1.0,0
2022-03-16,2021-22,L264782,-1,154.5,True,1.9090909090909092,0.5823447151125465,0.5804139059066535,L264779,-1,149.5,True,1.9090909090909092,0.5745444152698009,0.5690758610769917,3.6446280991735542,0.33458290382979683,0.3302995432848889,0.21943025280116046,0.2038189966002979,False,True,False,False,-1.0,0
2022-03-17,2021-22,L264717,1,144.5,True,1.9090909090909092,0.6718280391370032,0.6674622287965722,L264730,1,118.5,True,1.9090909090909092,0.6087463645473368,0.5978524965419424,3.6446280991735542,0.4089728764256166,0.39904395983347984,0.49055403722063584,0.4543668288145837,True,True,False,False,2.6446280991735542,1
2022-03-18,2021-22,L264746,-1,141.5,True,1.925925925925926,0.6110009249461186,0.6084728920145595,L264907,-1,158.5,True,1.9090909090909092,0.5884058755071851,0.5858519072629514,3.6767676767676774,0.35951653417862084,0.35647500430453355,0.32185877213149494,0.3106757734025276,False,True,False,False,-1.0,0
2022-03-19,2021-22,L264788,-1,151.0,True,1.9090909090909092,0.588715823964616,0.5831386992532328,L264803,1,151.0,True,1.8928571428571428,0.5678042667806124,0.5617129445248683,3.6136363636363638,0.33427535676837283,0.327556555823935,0.2079495846857109,0.18367028127285612,True,True,False,False,2.6136363636363638,1
2022-03-20,2021-22,L264790,-1,158.0,True,1.9090909090909092,0.6046786848295371,0.5888345689597176,L264910,-1,110.5,True,1.9090909090909092,0.5846387536644909,0.5730826528965424,3.6446280991735542,0.3535185926662241,0.337450876896627,0.28844379641161044,0.22988294802820253,True,False,False,False,-1.0,0
2022-03-21,2021-22,L264963,-1,144.5,True,2.0,0.59731707038631,0.5933446188846623,L264960,-1,157.0,True,1.9090909090909092,0.5910795695337592,0.5787035811892857,3.8181818181818183,0.35306191683910626,0.3433706558279459,0.3480545915674964,0.3110515949794299,False,False,False,False,-1.0,0
2022-03-22,2021-22,L264971,-1,154.0,True,1.9090909090909092,0.5789744492743492,0.5663913302578842,L264966,-1,125.5,True,1.9090909090909092,0.5668209121795886,0.5594164864375025,3.6446280991735542,0.32817482546636156,0.3168486479215287,0.19607519033607823,0.1547954853999518,True,True,False,False,2.6446280991735542,1
2022-03-23,2021-22,L264974,-1,140.0,True,1.9090909090909092,0.5923355633540537,0.5832903293618898,L264957,-1,147.0,True,1.9090909090909092,0.5204594947635292,0.5172959075328083,3.6446280991735542,0.3082866680337212,0.30173370028236945,0.12359025291628978,0.09970712251673519,False,True,False,False,-1.0,0
2022-03-24,2021-22,L264961,-1,135.5,True,1.925925925925926,0.5417297263092242,0.5357633783778364,L264964,-1,137.5,True,1.9090909090909092,0.5364593357446227,0.5343436159934496,3.6767676767676774,0.29061596912896265,0.2862817409192798,0.068527401645883,0.05259145146078659,True,False,False,False,-1.0,0
2022-03-25,2021-22,L264969,-1,136.5,True,1.9090909090909092,0.5718428693385118,0.5619332665760184,L264955,1,141.5,True,1.9090909090909092,0.5518878586377246,0.5478356440939938,3.6446280991735542,0.3155931366364834,0.3078470730325149,0.15021961369164627,0.1219880926226371,True,False,False,False,-1.0,0
2022-03-26,2021-22,L264979,-1,128.5,True,1.9090909090909092,0.5703443197727452,0.5615326809907885,L264975,-1,155.5,True,1.9090909090909092,0.5237405625901299,0.5201470691832633,3.6446280991735542,0.2987124549078625,0.2920795782679789,0.08869580673030919,0.06452143815023748,True,True,False,False,2.6446280991735542,1
2022-03-28,2021-22,L264973,-1,138.5,True,1.9090909090909092,0.5461141763883852,0.5427624101666307,L264982,-1,136.0,True,1.9174311926605505,0.5156699464048413,0.5131285070264988,3.6605504587155964,0.28161466806912266,0.27850686519890744,0.030864702381467435,0.019488433159303487,True,True,False,False,2.6605504587155964,1
2022-03-29,2021-22,L264976,-1,142.5,True,1.9090909090909092,0.5593244821561271,0.5510447462315221,L264977,-1,136.5,True,1.9090909090909092,0.5553780209921505,0.549323738940516,3.6446280991735542,0.31063652399232927,0.30270196032342755,0.13215460397204293,0.10323607026968218,False,True,False,False,-1.0,0
2022-11-15,2022-23,L274643,-1,158.5,True,1.9090909090909092,0.5859275590557489,0.5838819752810077,L274510,1,152.5,True,1.8771929824561404,0.5427696376993439,0.5385743958658342,3.583732057416268,0.31802368894674976,0.3144638820939187,0.13971168909624687,0.12695429515954593,False,False,False,False,-1.0,0
2022-11-16,2022-23,L274514,1,132.5,True,1.9090909090909092,0.599996313247797,0.5924205035921619,L275846,-1,145.5,True,1.9090909090909092,0.5806170410095151,0.5784885150392671,3.6446280991735542,0.348368084014554,0.3427084574018446,0.2696721078546971,0.24904487367118566,False,True,False,False,-1.0,0
2022-11-17,2022-23,L276453,1,145.5,True,1.9090909090909092,0.5915498217261874,0.580032429004366,L271689,1,128.5,True,1.8771929824561404,0.5967815781163186,0.5862600159032927,3.583732057416268,0.35302603614418104,0.3400498210525251,0.26515072283249586,0.21864744482459963,True,False,False,False,-1.0,0
2022-11-18,2022-23,L274672,1,134.5,True,1.9090909090909092,0.6227870166045716,0.6199925701426015,L276200,1,134.5,True,1.9090909090909092,0.6210352339436797,0.6133956913340647,3.6446280991735542,0.3867726805541064,0.3803007711846046,0.40964257954017325,0.3860548767967822,False,True,False,False,-1.0,0
2022-11-19,2022-23,L274527,1,133.5,True,1.9090909090909092,0.6272006850996729,0.6245781420444458,L274528,1,138.5,True,1.9523809523809523,0.5968323309256166,0.5877797875236461,3.7272727272727275,0.3743336468461814,0.36711440762279807,0.3952435927903126,0.36833551932133823,True,False,False,False,-1.0,0
2022-11-20,2022-23,L274530,1,135.5,True,1.9090909090909092,0.6590682902821854,0.6560808833394003,L274691,1,133.5,True,1.9090909090909092,0.6561155623832773,0.6530570782273404,3.6446280991735542,0.4324249619274811,0.4284582647544413,0.5760281670249516,0.5615710310471786,True,True,False,False,2.6446280991735542,1
2022-11-21,2022-23,L273844,1,136.5,True,1.9090909090909092,0.6702713467238287,0.6666530935112951,L274170,-1,144.5,True,1.9090909090909092,0.6368885098491802,0.632719759034544,3.6446280991735542,0.42688811920954245,0.4218045846861,0.5558484344744483,0.5373208417071909,True,True,False,False,2.6446280991735542,1
2022-11-22,2022-23,L280461,-1,144.5,True,1.9090909090909092,0.6620106444502555,0.6576185809480312,L280481,1,140.0,True,1.9090909090909092,0.6208254091106319,0.6186390997073269,3.6446280991735542,0.41099302917642294,0.4068285668684999,0.49791674270084707,0.48273882635544174,True,False,False,False,-1.0,0
2022-11-23,2022-23,L280488,1,136.5,True,1.9090909090909092,0.6456556217328905,0.6385721339743805,L280487,1,127.5,True,1.9090909090909092,0.6198468946250546,0.6138025209516682,3.6446280991735542,0.4002076321283411,0.39195718564296117,0.4586079815586648,0.4285381724673212,True,True,False,False,2.6446280991735542,1
2022-11-24,2022-23,L280508,-1,139.5,True,1.8695652173913042,0.5803228044551421,0.5755799035421579,L271775,-1,141.5,True,1.9090909090909092,0.5631980265679059,0.5579982659202254,3.569169960474308,0.3268366582414887,0.3211725880750547,0.16653558257732914,0.14631955348527437,True,False,False,False,-1.0,0
2022-11-25,2022-23,L276575,1,92.5,True,1.9523809523809523,0.9973615712693357,0.9966017140303177,L280521,1,131.5,True,1.8771929824561404,0.6300306121480618,0.624025155832694,3.66499582289056,0.6283683212797723,0.621904539900899,1.3029672727271189,1.2792775409734705,True,False,False,False,-1.0,0
2022-11-26,2022-23,L274755,1,125.5,True,1.9090909090909092,0.6073517365653105,0.5940004960509411,L274248,1,137.5,True,1.9090909090909092,0.5949084815861381,0.5829978678874543,3.6446280991735542,0.361318699388773,0.34630102272178886,0.3168722845491645,0.2621384381843712,True,True,False,False,2.6446280991735542,1
2022-11-27,2022-23,L274770,1,132.5,True,1.9090909090909092,0.615608211906049,0.612597552918785,L280555,-1,137.5,True,1.9090909090909092,0.6134552417928087,0.6063749065560905,3.6446280991735542,0.3776480844844639,0.371463783907618,0.37638682031114556,0.35384734465503764,False,False,False,False,-1.0,0
2022-11-28,2022-23,L271806,1,137.5,True,1.8695652173913042,0.6107805870255886,0.5987320518798357,L271808,1,127.5,True,1.9090909090909092,0.568433060741015,0.5628584063248319,3.569169960474308,0.3471878785241492,0.3370013685366809,0.2391725466691963,0.202815161219853,True,False,False,False,-1.0,0
2022-11-29,2022-23,L274274,1,149.5,True,1.9090909090909092,0.631197045387144,0.6214797533629807,L274790,1,125.5,True,1.9090909090909092,0.5970616143746236,0.5888338385132611,3.6446280991735542,0.37686352690734076,0.3659483087309987,0.3735273997201429,0.3337454888460367,True,True,False,False,2.6446280991735542,1
2022-11-30,2022-23,L276081,1,138.5,True,1.9090909090909092,0.6387811872959976,0.6219260632135619,L274290,1,133.5,True,1.9090909090909092,0.6052449900053655,0.5952318955378081,3.6446280991735542,0.3866191133205816,0.37019022949097513,0.4090828840857563,0.34920571244231424,True,False,False,False,-1.0,0
2022-12-01,2022-23,L275849,1,131.5,True,1.9090909090909092,0.5754406367199199,0.5689143653348819,L274810,1,130.0,True,1.9090909090909092,0.5730423192144983,0.5637204963435676,3.6446280991735542,0.3297518370362505,0.32070868840356537,0.20182281101641708,0.16886389740473007,False,False,False,False,-1.0,0
2022-12-02,2022-23,L274822,1,151.5,True,1.9090909090909092,0.6682532129818055,0.6576211171543167,L271846,-1,164.5,True,1.9090909090909092,0.6049295698665981,0.5939041696771212,3.6446280991735542,0.40424612869105575,0.3905639235456753,0.4733267996095505,0.4234602502780398,True,True,False,False,2.6446280991735542,1
2022-12-03,2022-23,L276286,1,119.5,True,1.8928571428571428,0.6375823071492543,0.6273218392327227,L276288,1,144.5,True,1.9090909090909092,0.6209350522122614,0.6098403567170159,3.6136363636363638,0.39589720317933635,0.3825661742140581,0.43062852967078324,0.38245503863716435,True,True,False,False,2.6136363636363638,1
2022-12-04,2022-23,L273858,1,125.5,True,1.9090909090909092,0.6062797916315272,0.5938183736451237,L274855,1,141.5,True,1.9090909090909092,0.5996706524315961,0.592464378938345,3.6446280991735542,0.36356819820377007,0.3518162339438363,0.3250708711393604,0.28223933197712237,True,True,False,False,2.6446280991735542,1
2022-12-05,2022-23,L271877,-1,126.5,True,1.9523809523809523,0.5661676850455689,0.5592904078998965,L274867,-1,153.5,True,1.9523809523809523,0.5599575680742748,0.5551263220046793,3.8117913832199544,0.3170298800403587,0.3104768270699663,0.2084517649610953,0.18347289411476964,False,True,False,False,-1.0,0
2022-12-06,2022-23,L274877,-1,131.5,True,1.9090909090909092,0.6133324863614049,0.6107684337478025,L271887,-1,145.5,True,1.8928571428571428,0.6109746067866043,0.6002451652349012,3.6136363636363638,0.3747305746841097,0.3666107994352116,0.35414003124485105,0.32479811614087817,True,True,False,False,2.6136363636363638,1
2022-12-07,2022-23,L271894,1,137.5,True,1.9090909090909092,0.6365625823980138,0.6261425838743784,L273863,1,133.5,True,1.9433962264150944,0.5788396870755729,0.5710681827364698,3.710120068610635,0.36846768599928487,0.35757010750705887,0.3670593564604685,0.32662803179720123,False,False,False,False,-1.0,0
2022-12-08,2022-23,L271905,1,132.5,True,1.9090909090909092,0.5729880896945483,0.5667228608317668,L271904,-1,140.5,True,1.9803921568627452,0.5269349628142876,0.5257977347752756,3.7807486631016047,0.30192745773622653,0.29798159647070677,0.1415118321899047,0.12659352248550637,True,True,False,False,2.7807486631016047,1
2022-12-09,2022-23,L276369,1,147.5,True,1.9090909090909092,0.5423279753067463,0.5396831886192388,L275971,1,150.0,True,1.9090909090909092,0.5391952913375188,0.5360222551434727,3.6446280991735542,0.29242069064600773,0.2892821998267045,0.0657646659081772,0.05432603407914627,False,False,False,False,-1.0,0
2022-12-10,2022-23,L274916,1,129.5,True,1.9090909090909092,0.6983140606673627,0.688968664064828,L271909,1,132.0,True,1.9090909090909092,0.668163379668452,0.6616085434467002,3.6446280991735542,0.46658788284550545,0.4558275543123498,0.7005393085526275,0.6613219128243493,True,True,False,False,2.6446280991735542,1
2022-12-11,2022-23,L274385,-1,167.5,True,1.9090909090909092,0.9596949165881667,0.9563919374359877,L271933,1,129.5,True,1.9523809523809523,0.6183610754729705,0.607519841303256,3.7272727272727275,0.5934379807474015,0.5810270780548248,1.2119052009675877,1.1656463818407103,True,False,False,False,-1.0,0
2022-12-12,2022-23,L276413,-1,144.5,True,1.9090909090909092,0.7655574733876809,0.7611209971205517,L276337,1,138.0,True,1.9090909090909092,0.5705091008693361,0.5687077368371318,3.6446280991735542,0.43675750580620654,0.4328553997316501,0.5918186781862571,0.5775969527409728,True,True,False,False,2.6446280991735542,1
2022-12-14,2022-23,L276424,1,135.5,True,1.9090909090909092,0.6187088036710798,0.6056252989067135,L276423,-1,149.5,True,1.9090909090909092,0.5967355722718501,0.5860323275853717,3.6446280991735542,0.3692055520282936,0.35491600356288777,0.3456169292932023,0.29353683943168196,False,False,False,False,-1.0,0
2022-12-15,2022-23,L275995,1,130.0,True,2.0,0.5518073069795583,0.5488069642485061,L275996,1,130.0,True,1.9090909090909092,0.5588028441877898,0.5560801435748703,3.8181818181818183,0.30835149258378197,0.305180655474198,0.1773420625926223,0.16523522999239248,True,False,False,False,-1.0,0
2022-12-18,2022-23,L271985,1,135.5,True,1.8695652173913042,0.6080465584699755,0.5978186421644262,L275045,1,134.5,True,1.9090909090909092,0.5803876649725557,0.5747744623143546,3.569169960474308,0.3529027222649876,0.3436108886115556,0.25956979527780155,0.2264056617242476,True,False,False,False,-1.0,0
2022-12-19,2022-23,L271997,-1,149.5,True,1.9090909090909092,0.613107812220135,0.6079104193724617,L276017,-1,144.5,True,1.9090909090909092,0.5700338534137974,0.5679350140371988,3.6446280991735542,0.34949220875794645,0.3452536125596585,0.2737691244814411,0.2583210176761108,True,True,False,False,2.6446280991735542,1
2022-12-20,2022-23,L272004,-1,154.5,True,1.9090909090909092,0.6109224535644024,0.6001931823557164,L275082,-1,143.5,True,1.9090909090909092,0.5940518313513963,0.5908571166332772,3.6446280991735542,0.36291960235362164,0.3546284131496493,0.322706980478902,0.2924886793305401,True,True,False,False,2.6446280991735542,1
2022-12-21,2022-23,L275130,-1,155.5,True,1.9090909090909092,0.5971842244111374,0.589487349641992,L275102,1,125.0,True,1.9090909090909092,0.5991482920565981,0.5867438616122773,3.6446280991735542,0.3578019080990772,0.3458780839005291,0.3040548881958103,0.2605969834721762,True,True,False,False,2.6446280991735542,1
2022-12-22,2022-23,L276822,-1,149.5,True,1.9090909090909092,0.6134543679795292,0.6053208060853255,L276515,1,128.0,True,1.9090909090909092,0.6179988230737345,0.6050730691552278,3.6446280991735542,0.37911407742079073,0.3662633179615644,0.381729819360072,0.3348935803392554,True,False,False,False,-1.0,0
2022-12-23,2022-23,L272036,1,131.5,True,1.9090909090909092,0.5329180690469117,0.5284694708606624,L275165,-1,137.5,True,1.9090909090909092,0.5271015323500405,0.5258877323806875,3.6446280991735542,0.2809019308116519,0.2779156116633356,0.023783070148251984,0.012899047467198388,True,True,False,False,2.6446280991735542,1
2022-12-25,2022-23,L281478,1,132.0,True,1.9090909090909092,0.5692078254209338,0.5663602537631744,L281477,-1,141.0,True,1.9090909090909092,0.5461923352346869,0.5448753190028685,3.6446280991735542,0.3108969514005178,0.3085957239397552,0.1331037650217224,0.1247166467556371,False,False,False,False,-1.0,0
2022-12-27,2022-23,L272039,-1,149.5,True,1.9090909090909092,0.5767654847559488,0.5669983964615326,L272038,-1,149.5,True,1.9090909090909092,0.5617229931323093,0.5582186258349829,3.6446280991735542,0.3239824344325189,0.3165090657233956,0.18079548417141167,0.1535578345786568,True,False,False,False,-1.0,0
2022-12-28,2022-23,L276464,1,120.0,True,1.9090909090909092,0.6194114687661636,0.6078863505194361,L276463,-1,143.0,True,1.9090909090909092,0.6028874266798385,0.5976014217665119,3.6446280991735542,0.3734353864604115,0.3632737473428712,0.3610331027193514,0.32399770725790256,False,True,False,False,-1.0,0
2022-12-29,2022-23,L272062,1,123.5,True,1.9523809523809523,0.5946410232630789,0.5827616580644949,L272096,1,138.5,True,1.8695652173913042,0.6088468538434154,0.5968862249595237,3.6501035196687366,0.3620453161799548,0.3478424061332691,0.3215028828680335,0.26966079091708783,False,False,False,False,-1.0,0
2022-12-30,2022-23,L272129,1,138.5,True,1.9523809523809523,0.6415676660034962,0.6392135210556139,L276599,1,135.5,True,1.8928571428571428,0.5951313406242656,0.584779289102523,3.695578231292517,0.38181702516984184,0.3737988284276225,0.41103468655453446,0.381402813219768,True,False,False,False,-1.0,0
2022-12-31,2022-23,L277435,1,132.5,True,1.9090909090909092,0.6174348866159569,0.6045684261291652,L272214,1,124.5,True,1.9433962264150944,0.5834080436625204,0.5802096961650044,3.710120068610635,0.36021647928960554,0.35077646283535785,0.3364463888566325,0.3014227943617138,True,False,False,False,-1.0,0
2023-01-01,2022-23,L276612,1,140.5,True,1.9090909090909092,0.5656434336543386,0.5572110888209184,L276615,1,147.5,True,1.9090909090909092,0.5573089404579487,0.5498849749726462,3.6446280991735542,0.3152381426868954,0.3064020056307717,0.14892579276794105,0.11672135936504402,True,False,False,False,-1.0,0
2023-01-02,2022-23,L273886,1,127.0,True,1.9090909090909092,0.5860364129799035,0.5813788268219786,L272219,1,143.0,True,1.9090909090909092,0.5607709261325171,0.5529273530939116,3.6446280991735542,0.32863218205411876,0.32146025585952026,0.19774208500716006,0.17160308127312773,True,True,False,False,2.6446280991735542,1
2023-01-03,2022-23,L273888,1,130.5,True,1.9090909090909092,0.594796176996132,0.582898683026157,L273887,1,122.5,True,1.8771929824561404,0.5904781571750611,0.5831089855166607,3.583732057416268,0.3512141504874475,0.33989345971838,0.2586574101200869,0.2180870876988834,False,True,False,False,-1.0,0
2023-01-04,2022-23,L276644,1,150.5,True,1.9090909090909092,0.5672557001353618,0.5643497847076349,L272258,1,148.5,True,1.9090909090909092,0.5706136539539761,0.5615831484713837,3.6446280991735542,0.3236838477804598,0.3169293289352611,0.17970724686927908,0.15508953768967082,True,True,False,False,2.6446280991735542,1
2023-01-05,2022-23,L272291,1,154.5,True,1.8928571428571428,0.6356751525768217,0.6234808994008088,L276658,1,132.5,True,1.8771929824561404,0.582805588294543,0.5781976769154324,3.5532581453634084,0.37047503126175796,0.36049520763469206,0.3163934224846052,0.2809325328924428,False,False,False,False,-1.0,0
2023-01-06,2022-23,L275251,1,129.5,True,1.9523809523809523,0.5734089049190156,0.5640431683983073,L272404,-1,156.5,True,1.9090909090909092,0.5835457504445225,0.5729722303866904,3.7272727272727275,0.33461032973253885,0.32318107223155373,0.24718395627582668,0.20458399649942738,True,False,False,False,-1.0,0
2023-01-07,2022-23,L273894,1,126.5,True,1.9090909090909092,0.6144116976149007,0.6026837440962917,L273895,1,138.5,True,1.9523809523809523,0.5921053458700726,0.5852360461738614,3.7272727272727275,0.3637964507228892,0.352712251488173,0.3559685890580415,0.31465475554682665,True,False,False,False,-1.0,0
2023-01-08,2022-23,L272407,1,138.5,True,1.8695652173913042,0.5951811201510769,0.5847767094877581,L276801,1,126.5,True,1.9090909090909092,0.5738154383513604,0.5667274891807075,3.569169960474308,0.3415241153579439,0.33140903629935314,0.21895761331313568,0.1828551769893907,False,True,False,False,-1.0,0
2023-01-09,2022-23,L276751,1,143.5,True,1.9090909090909092,0.7627722255342831,0.759586547579215,L276749,-1,155.5,True,1.9090909090909092,0.6012508868931161,0.5959901937017733,3.6446280991735542,0.45861747709992373,0.45270613362499756,0.6714901438104657,0.649945495277884,False,True,False,False,-1.0,0
2023-01-10,2022-23,L272424,-1,149.0,True,1.9090909090909092,0.5886654133224096,0.5832425189450879,L273902,1,135.5,True,1.9090909090909092,0.5843808257300651,0.5752627251477305,3.6446280991735542,0.3440047803160798,0.3355176808703781,0.25376948859001014,0.22283716746972515,False,False,False,False,-1.0,0
2023-01-11,2022-23,L272426,-1,140.5,True,1.9090909090909092,0.5898743344481046,0.5816216732141122,L272444,1,135.5,True,1.9090909090909092,0.5778120160465107,0.5740040181905489,3.6446280991735542,0.340836478401553,0.33385317749161075,0.24222220640566006,0.2167706716843003,True,True,False,False,2.6446280991735542,1
2023-01-12,2022-23,L272479,1,143.0,True,1.9090909090909092,0.5859832203905909,0.5735801263239366,L276832,1,134.5,True,1.9090909090909092,0.5761439047627157,0.5687824539019868,3.6446280991735542,0.33761066072126605,0.32624231175994023,0.23046530064527548,0.18903189657961694,True,True,False,False,2.6446280991735542,1
2023-01-13,2022-23,L275323,1,129.0,True,1.9090909090909092,0.5676422688794236,0.5605394048018469,L273908,1,131.0,True,1.9090909090909092,0.5571346301898782,0.5497318176904514,3.6446280991735542,0.31625316555228106,0.3081463458888431,0.1526251736244293,0.12307883088413063,True,False,False,False,-1.0,0
2023-01-14,2022-23,L272529,1,134.5,True,1.9090909090909092,0.6962072544806472,0.6921107947724101,L275350,1,126.0,True,1.9090909090909092,0.6339516516643624,0.6200845998456342,3.6446280991735542,0.4413617388787174,0.4291672452252938,0.608599395417474,0.5641550011930132,False,False,False,False,-1.0,0
2023-01-15,2022-23,L273912,1,135.5,True,1.9090909090909092,0.5692153087558184,0.561876792150403,L275355,1,122.5,True,1.9090909090909092,0.556559050345678,0.5492261027058913,3.6446280991735542,0.3168019316833602,0.308597400753654,0.15462522208563523,0.12472275811868938,True,True,False,False,2.6446280991735542,1
2023-01-16,2022-23,L275362,1,131.5,True,1.9523809523809523,0.5570388503711899,0.5496476620046219,L275361,1,121.5,True,1.9090909090909092,0.5687960799009314,0.561614280060982,3.7272727272727275,0.3168415144436543,0.3086899759839277,0.18095473565362075,0.15057172866736668,False,False,False,False,-1.0,0
2023-01-17,2022-23,L272613,-1,147.5,True,1.9090909090909092,0.581858769146041,0.5714853337837765,L272627,-1,160.5,True,1.9523809523809523,0.5495835634982001,0.5430991767794884,3.7272727272727275,0.3197800157999578,0.3103732143195202,0.19190733161802465,0.15684561700912059,True,False,False,False,-1.0,0
2023-01-18,2022-23,L276773,1,127.5,True,1.9090909090909092,0.5762754582904865,0.5712231500359495,L272631,-1,156.5,True,1.9090909090909092,0.5655234683757965,0.5585518241164681,3.6446280991735542,0.3258972959122876,0.3190577324301345,0.1877744421266021,0.1628467768734656,False,True,False,False,-1.0,0
2023-01-19,2022-23,L276785,1,136.5,True,1.9090909090909092,0.599118076396537,0.5913001644470745,L276960,1,133.5,True,1.9090909090909092,0.5797541619594809,0.5743062123511417,3.6446280991735542,0.3473411982960506,0.3395873578062065,0.26592949131039934,0.23766962638460387,True,True,False,False,2.6446280991735542,1
2023-01-20,2022-23,L275395,1,130.5,True,1.9523809523809523,0.5585678484107574,0.5525841101224103,L275393,1,121.0,True,1.9090909090909092,0.5495828622248095,0.5430985609705734,3.7272727272727275,0.3069793168763375,0.3001076350226859,0.14419563562998516,0.11858300326637461,False,False,False,False,-1.0,0
2023-01-21,2022-23,L272727,-1,149.0,True,1.9090909090909092,0.857154861997832,0.851987912027247,L272721,1,130.0,True,1.9090909090909092,0.6455185164706538,0.6386377581792653,3.6446280991735542,0.5533093349024485,0.5441116501329141,1.016606749520494,0.9830846091621084,True,True,False,False,2.6446280991735542,1
2023-01-22,2022-23,L275432,1,131.5,True,1.9090909090909092,0.5640612159353882,0.5590258166550941,L275426,1,123.5,True,1.9523809523809523,0.5424548622135157,0.5368404731665504,3.7272727272727275,0.3059777491702191,0.30010768392543796,0.1404625196344529,0.11858318554026881,True,False,False,False,-1.0,0
2023-01-23,2022-23,L281707,1,120.5,True,1.9090909090909092,0.6298261616164053,0.6170795579251523,L275437,1,134.5,True,1.9090909090909092,0.5748169954918941,0.5731310884913567,3.6446280991735542,0.3620347819025342,0.3536674787194078,0.31948213900014544,0.2889864307046188,True,True,False,False,2.6446280991735542,1
2023-01-24,2022-23,L272810,-1,168.5,True,1.9090909090909092,0.589392745652967,0.5796485604688354,L272798,-1,147.5,True,1.9090909090909092,0.575776216140105,0.5720081394370023,3.6446280991735542,0.3393583249124926,0.3315636946011153,0.23683488666453933,0.20842635800902376,True,False,False,False,-1.0,0
2023-01-25,2022-23,L276883,1,121.5,True,1.9090909090909092,0.6386626443081521,0.634147796215511,L272825,1,138.5,True,1.9090909090909092,0.591924752821763,0.5834482790409121,3.6446280991735542,0.37804022786859653,0.36999244035952694,0.37781603710786027,0.34848484461612705,True,False,False,False,-1.0,0
2023-01-26,2022-23,L272840,1,129.0,True,1.9090909090909092,0.5956815787452113,0.5924629750998158,L276945,1,139.0,True,1.9090909090909092,0.5907939287175017,0.5839741589351862,3.6446280991735542,0.35192506017152725,0.34598306758415315,0.2826359631044919,0.2609796099554673,True,False,False,False,-1.0,0
2023-01-27,2022-23,L272845,-1,127.5,True,1.9090909090909092,0.5437720960899458,0.5424690232657752,L272887,-1,146.0,True,1.9090909090909092,0.52974790344698,0.5256865271600017,3.6446280991735542,0.28806212785661856,0.2851686569324635,0.04987932549395668,0.039333700059639876,False,False,False,False,-1.0,0
2023-01-28,2022-23,L275481,1,136.5,True,1.9090909090909092,0.6517773339952607,0.639510207942963,L272906,1,123.5,True,1.9090909090909092,0.6380475981289004,0.6333266115344593,3.6446280991735542,0.4158649624705342,0.40501883303821423,0.5156731276818647,0.4761430195855576,True,True,False,False,2.6446280991735542,1
2023-01-29,2022-23,L272930,1,116.5,True,1.9090909090909092,0.5760001477320974,0.5689651099139148,L272982,-1,160.5,True,1.9090909090909092,0.5703961135460657,0.5644019282713547,3.6446280991735542,0.328548245668348,0.3211250051545368,0.19743616809703735,0.1703812171334771,True,True,False,False,2.6446280991735542,1
2023-01-30,2022-23,L276897,1,139.5,True,1.9523809523809523,0.5621001539175874,0.560162948033056,L276906,-1,151.0,True,1.9090909090909092,0.5639077483887878,0.5556848806520588,3.7272727272727275,0.31697263216465776,0.31127408092345416,0.18144344715917882,0.16020339253287474,True,True,False,False,2.7272727272727275,1
2023-01-31,2022-23,L272988,-1,161.5,True,1.9090909090909092,0.580566039007796,0.5718770295717346,L273002,-1,147.5,True,1.9090909090909092,0.5772023641445326,0.5681364481322432,3.6446280991735542,0.3351040902573268,0.32490418434930307,0.221329783499844,0.1841549198185346,True,True,False,False,2.6446280991735542,1
2023-02-01,2022-23,L273945,1,122.5,True,1.8333333333333335,0.6264820671730602,0.6176393719456967,L277251,1,134.5,True,1.8771929824561404,0.5943451646038259,0.5879974500671273,3.441520467836258,0.3723465873353176,0.3631703757651317,0.28143840144347587,0.24985828150748568,True,True,False,False,2.441520467836258,1
2023-02-02,2022-23,L277253,1,128.5,True,1.8928571428571428,0.5906494804007796,0.5808764233002841,L273072,1,141.5,True,1.9090909090909092,0.5836990912075378,0.5731074032433633,3.6136363636363638,0.34476156493213944,0.3329045785629185,0.24584292782295858,0.2029960907160009,False,False,False,False,-1.0,0
2023-02-03,2022-23,L275533,1,138.0,True,1.9090909090909092,0.5702184540115096,0.5627627262893886,L275538,1,132.0,True,1.9090909090909092,0.5526571607454135,0.5487971185582209,3.6446280991735542,0.31513531179864,0.3088425626195852,0.14855101242314261,0.125616281944108,False,False,False,False,-1.0,0
2023-02-04,2022-23,L277039,-1,148.5,True,1.9090909090909092,0.7860380345774394,0.7828303734373158,L277054,1,134.5,True,1.9090909090909092,0.6253175961840075,0.6131914674961331,3.6446280991735542,0.49152341429116614,0.4800249054885735,0.7914200471273081,0.7495122588467849,True,True,False,False,2.6446280991735542,1
2023-02-05,2022-23,L273953,1,124.0,True,1.9090909090909092,0.5660792811417205,0.5575943808798269,L275574,1,136.5,True,1.9090909090909092,0.5570827026008642,0.5513154501465125,3.6446280991735542,0.31535297582478405,0.30741039709392776,0.1493443168490065,0.12039657122662928,False,False,False,False,-1.0,0
2023-02-06,2022-23,L277067,1,120.5,True,1.9090909090909092,0.5980454127955235,0.5890598561893003,L281839,-1,132.5,True,1.9090909090909092,0.5593582032658468,0.5547882286961598,3.6446280991735542,0.33452160757268573,0.3268034742112766,0.21920685074011903,0.1910771250179586,False,False,False,False,-1.0,0
2023-02-07,2022-23,L273956,1,131.5,True,1.9090909090909092,0.6063745042973275,0.6022730171748303,L275581,-1,151.5,True,1.9090909090909092,0.5693508142642161,0.5649228322965908,3.6446280991735542,0.3452398177707438,0.3402377786782184,0.25827074080081025,0.2400401685710276,False,False,False,False,-1.0,0
2023-02-08,2022-23,L273184,-1,149.5,True,1.9090909090909092,0.5910827989418151,0.5881685620898865,L273959,1,126.5,True,1.9523809523809523,0.5558256691853868,0.5485817773553023,3.7272727272727275,0.32853899226580585,0.32265855517578246,0.22455442571800366,0.20263643292791622,True,True,False,False,2.7272727272727275,1
2023-02-09,2022-23,L273230,1,149.5,True,1.9523809523809523,0.5649257283944012,0.5565799668382957,L277087,1,124.5,True,1.9090909090909092,0.5654420836328206,0.5595390831448049,3.7272727272727275,0.3194327809611191,0.31142824434146593,0.1906130926732621,0.16077800163637268,True,False,False,False,-1.0,0
2023-02-10,2022-23,L275605,1,130.5,True,1.9090909090909092,0.5566880289753875,0.5550682566230581,L273252,1,129.0,True,1.9090909090909092,0.5624509498806317,0.5535544236859181,3.6446280991735542,0.3131097106843833,0.30726048890132424,0.14116844968440545,0.11985021161557019,False,True,False,False,-1.0,0
2023-02-11,2022-23,L273277,1,148.0,True,1.9090909090909092,0.6312109714568188,0.6248465709787747,L273963,1,130.5,True,1.9090909090909092,0.626720297375925,0.6175397124420513,3.6446280991735542,0.395592727738364,0.38586757176263436,0.44178837134395477,0.4063437946059647,False,False,False,False,-1.0,0
2023-02-12,2022-23,L277118,1,136.5,True,1.9090909090909092,0.5588905584871118,0.5512747706757021,L277117,1,130.5,True,1.8695652173913042,0.5618313795701806,0.5570013667500574,3.569169960474308,0.3140022535035627,0.3070608007211905,0.12072741072615445,0.09595218597326105,True,False,False,False,-1.0,0
2023-02-13,2022-23,L277286,1,134.5,True,1.9090909090909092,0.5641597335952206,0.5590529163511342,L276416,1,132.5,True,1.9090909090909092,0.550829448956072,0.5494407792598468,3.6446280991735542,0.3107557951794598,0.3071664700074571,0.1325893030920806,0.11950754771312888,True,False,False,False,-1.0,0
2023-02-14,2022-23,L273969,1,128.5,True,1.9090909090909092,0.5939373282445493,0.5821402332428987,L273384,-1,157.5,True,1.9090909090909092,0.5651242769016322,0.5598247527564166,3.6446280991735542,0.3356484031490883,0.32589651214476845,0.2233136015599002,0.18777158558547846,True,False,False,False,-1.0,0
2023-02-15,2022-23,L273396,1,115.5,True,1.925925925925926,0.6023053336338192,0.5998418677196439,L277293,1,137.5,True,1.9090909090909092,0.5876598147524577,0.5765999921015329,3.6767676767676774,0.3539506407876674,0.3458688161893154,0.3013942752193024,0.27167928376677586,True,True,False,False,2.6767676767676774,1
2023-02-16,2022-23,L277139,1,135.5,True,1.8771929824561404,0.5982006493900509,0.588300419368877,L273443,1,160.5,True,1.9090909090909092,0.5816247110579351,0.5712790663161901,3.583732057416268,0.3479282798561575,0.3360837142904751,0.24688173020221038,0.20443398087830555,False,False,False,False,-1.0,0
2023-02-17,2022-23,L275679,1,135.0,True,1.9090909090909092,0.6023975411803979,0.5927614814596242,L273462,1,130.5,True,1.8695652173913042,0.5776686962249984,0.5738569134023707,3.569169960474308,0.3479862022228252,0.3401602741342365,0.24202189963324594,0.2140898321866227,True,False,False,False,-1.0,0
2023-02-18,2022-23,L277142,1,135.0,True,1.9090909090909092,0.7196414434907548,0.7167480817148395,L273976,1,118.5,True,1.9090909090909092,0.7199207137244663,0.7096940936731488,3.6446280991735542,0.5180847816235694,0.5086718802445811,0.8882263528594552,0.8539198279988451,True,False,False,False,-1.0,0
2023-02-19,2022-23,L273552,-1,151.5,True,1.9523809523809523,0.5588263911706243,0.5527928545666653,L275711,1,125.5,True,1.9090909090909092,0.5652805242946146,0.5585491498517783,3.7272727272727275,0.3158936753905979,0.3087619789623486,0.1774218810013195,0.15084010340511744,True,False,False,False,-1.0,0
2023-02-20,2022-23,L277173,1,130.5,True,1.9090909090909092,0.5747763739836194,0.5652469650815573,L277307,1,127.5,True,1.9090909090909092,0.5446826101529719,0.5419378442822727,3.6446280991735542,0.31307069563565854,0.3063287217433962,0.14102625434153215,0.11645426684989868,True,True,False,False,2.6446280991735542,1
2023-02-21,2022-23,L275721,1,137.5,True,1.9803921568627452,0.5501513758690932,0.5452038843036872,L273576,-1,149.5,True,1.9090909090909092,0.5637279647704343,0.5570681778116378,3.7807486631016047,0.31013571543433816,0.303715734364882,0.17254519150843373,0.14827285666294943,True,True,False,False,2.7807486631016047,1
2023-02-22,2022-23,L277311,1,133.5,True,1.9090909090909092,0.5666347956634286,0.5612297622688517,L277318,1,139.5,True,1.9090909090909092,0.5654719794270728,0.5594525908955592,3.6446280991735542,0.3204160995160539,0.31398144458900784,0.16779751972379997,0.14434559556820226,True,True,False,False,2.6446280991735542,1
2023-02-23,2022-23,L273987,1,133.0,True,1.9090909090909092,0.5811824641377814,0.5708893488815249,L277326,1,129.5,True,1.8695652173913042,0.5913795612106231,0.5815416413645876,3.569169960474308,0.3436994306251098,0.3319959289861227,0.22672168321926556,0.18494989673703088,False,False,False,False,-1.0,0
2023-02-24,2022-23,L275745,1,128.5,True,1.9090909090909092,0.5914275479157677,0.5839382106244486,L273665,1,133.5,True,1.9090909090909092,0.5608010945809765,0.5545029591304731,3.6446280991735542,0.3316732162365054,0.32379546574061024,0.2088255236388339,0.1801140528232159,True,False,False,False,-1.0,0
2023-02-25,2022-23,L277340,1,138.5,True,1.9090909090909092,0.642299537564432,0.6376354997207896,L277338,-1,155.0,True,1.9090909090909092,0.6237161648595857,0.6212753590159633,3.6446280991735542,0.40061260426077294,0.39614722401035674,0.4600839543719082,0.44380930403774665,True,True,False,False,2.6446280991735542,1
2023-02-26,2022-23,L277361,1,148.5,True,1.9090909090909092,0.5822206549426785,0.5733036572953059,L277359,1,131.5,True,1.9090909090909092,0.5809752838177014,0.5707067860248686,3.6446280991735542,0.33825581024985063,0.3271882876713067,0.23281663074532344,0.19247962696732435,True,True,False,False,2.6446280991735542,1
2023-02-27,2022-23,L273752,-1,138.5,True,1.9523809523809523,0.5394267547288196,0.534182454621114,L275788,-1,141.5,True,1.8771929824561404,0.5601377538955573,0.5538861675726477,3.66499582289056,0.3021532907849707,0.29587627257463867,0.10739054859955433,0.08438530307847936,True,False,False,False,-1.0,0
2023-02-28,2022-23,L282205,1,152.0,True,1.9090909090909092,0.5932614555172265,0.5874331949242718,L273996,1,135.5,True,1.9090909090909092,0.5734918394623564,0.5672329315928333,3.6446280991735542,0.34023060340668915,0.333211453271839,0.2400140173747929,0.21443182556099982,False,True,False,False,-1.0,0
2023-03-01,2022-23,L282237,-1,155.5,True,1.9090909090909092,0.5690522982102328,0.5602094206162301,L277375,-1,150.5,True,1.9090909090909092,0.5590057069674547,0.5551082040231189,3.6446280991735542,0.31810348226246604,0.3109768453551075,0.15936888989873998,0.13339494877357372,True,True,False,False,2.6446280991735542,1
2023-03-02,2022-23,L282504,1,148.5,True,1.9090909090909092,0.5891211036107815,0.5871254011579359,L282479,-1,132.5,True,1.9090909090909092,0.5849750450749526,0.5774072328067648,3.6446280991735542,0.3446211441393227,0.3390104531931654,0.25601590549951503,0.2355670236213716,True,True,False,False,2.6446280991735542,1
2023-03-03,2022-23,L273816,-1,155.5,True,1.9523809523809523,0.5775286896052232,0.5734788617540586,L282578,-1,155.5,True,1.9090909090909092,0.5921318453793268,0.5861212288965796,3.7272727272727275,0.3419731287354453,0.3361281351975005,0.2746271161957503,0.2528412311906836,False,True,False,False,-1.0,0
2023-03-04,2022-23,L275826,1,138.0,True,1.9090909090909092,0.6464799149600526,0.6407987907171793,L277409,1,135.5,True,1.9090909090909092,0.5874906299190633,0.5764507584528672,3.6446280991735542,0.3798008924699038,0.3693889489245981,0.38423300478700506,0.3462853427747752,False,True,False,False,-1.0,0
2023-03-05,2022-23,L282872,-1,145.5,True,1.9090909090909092,0.6573469641692592,0.6461356189808459,L282506,-1,164.0,True,1.8695652173913042,0.5980138415807412,0.5899288731345718,3.569169960474308,0.39310258329429654,0.38117405759747947,0.40304993167885295,0.3604749960890272,True,True,False,False,2.569169960474308,1
2023-03-06,2022-23,L282971,-1,145.5,True,1.9090909090909092,0.5827261385922023,0.5730520593334417,L282972,-1,158.5,True,1.9090909090909092,0.5688426520934733,0.5600249875797076,3.6446280991735542,0.3314794821209773,0.3209234724107366,0.20811943483761142,0.16964670523251946,True,False,False,False,-1.0,0
2023-03-07,2022-23,L282995,-1,142.5,True,1.9523809523809523,0.5837272129350531,0.5739066780034335,L283032,-1,140.5,True,1.9090909090909092,0.5675838025019599,0.5634439685456973,3.7272727272727275,0.33131411114154874,0.32336425622913223,0.23489805061849967,0.20526677321767473,False,True,False,False,-1.0,0
2023-03-08,2022-23,L283070,-1,128.5,True,1.9090909090909092,0.600295589347953,0.5925520361319387,L282963,1,133.5,True,1.9090909090909092,0.5689368340102774,0.5662348418191551,3.6446280991735542,0.341530272073958,0.3355236084487866,0.24475082631913625,0.2228587712885528,False,True,False,False,-1.0,0
2023-03-09,2022-23,L283104,-1,157.5,True,1.9090909090909092,0.6360989891055957,0.6281510484126174,L282955,1,135.5,True,1.9523809523809523,0.5759975453203754,0.5732544799876523,3.7272727272727275,0.36639145630559533,0.3600904026114736,0.36564088259358285,0.34215513700640177,True,True,False,False,2.7272727272727275,1
2023-03-10,2022-23,L283128,-1,164.5,True,1.9090909090909092,0.6375976986868431,0.6266335545917661,L283132,-1,150.5,True,1.9090909090909092,0.6111645525245992,0.6066019419292473,3.6446280991735542,0.38967711220865875,0.3801171310933923,0.42022815276048364,0.385385576960215,True,True,False,False,2.6446280991735542,1
2023-03-11,2022-23,L283192,-1,136.0,True,1.9090909090909092,0.5612332151187174,0.5572901010820795,L282908,1,145.5,True,1.8695652173913042,0.576687181911321,0.5684549906443965,3.569169960474308,0.3236560012218433,0.3167943391968283,0.1551832770882391,0.13069283910962848,False,True,False,False,-1.0,0
2023-03-12,2022-23,L283260,-1,136.5,True,1.9090909090909092,0.5409786866557758,0.5385228433028417,L283259,-1,125.5,True,1.9090909090909092,0.5356806810545098,0.533816278990626,3.6446280991735542,0.2897918313037402,0.2874722603633749,0.05618345128057389,0.04772947785329218,True,True,False,False,2.6446280991735542,1
2023-03-14,2022-23,L283324,1,136.5,True,1.9090909090909092,0.9052099076667036,0.8988520530977662,L283291,1,127.5,True,1.9174311926605505,0.5959962808208908,0.5940608450595007,3.6605504587155964,0.5395017383315773,0.5339728102467262,0.9748733357275174,0.9546344154903099,True,False,False,False,-1.0,0
2023-03-15,2022-23,L283294,1,133.5,True,1.9090909090909092,0.5764016781648822,0.5681891178167116,L283337,-1,162.5,True,1.9090909090909092,0.5636474191204507,0.5577467887514773,3.6446280991735542,0.3248873182743325,0.31690565586580566,0.18409344924777393,0.15500325815553984,True,True,False,False,2.6446280991735542,1
2023-03-16,2022-23,L283295,-1,156.0,True,1.8849557522123894,0.5733823911428643,0.5661691841178087,L283298,-1,141.0,True,1.925925925925926,0.5554677221944198,0.5498266166239577,3.6302851524090465,0.31849541075451665,0.3112948869402413,0.15622916077254234,0.13008920608001096,True,True,False,False,2.6302851524090465,1
2023-03-17,2022-23,L283390,1,126.0,True,1.925925925925926,0.5828460442838171,0.5805451833964906,L283322,-1,145.5,True,1.9090909090909092,0.5868318258774363,0.5790263733995242,3.6767676767676774,0.34203260837251354,0.33615097213663164,0.2575744388645955,0.23594902886599955,False,True,False,False,-1.0,0
2023-03-18,2022-23,L283340,-1,164.5,True,1.9090909090909092,0.5605944070007209,0.5527722043609185,L283525,1,126.5,True,1.9090909090909092,0.5450277940816888,0.5421769598894034,3.6446280991735542,0.3055395330221354,0.2997003532717668,0.11357796746084037,0.09229632886652195,True,True,False,False,2.6446280991735542,1
2023-03-19,2022-23,L283343,1,143.5,True,1.9090909090909092,0.6334827777421744,0.6290948827153883,L283345,-1,136.5,True,1.9090909090909092,0.5911287350202369,0.5796607643967446,3.6446280991735542,0.37446987306383744,0.3646616205928824,0.36480342166241586,0.3290559891029845,True,False,False,False,-1.0,0
2023-03-20,2022-23,L283656,-1,163.0,True,1.9090909090909092,0.5841512817572957,0.5756629703991466,L283657,-1,128.5,True,1.9090909090909092,0.5615079453089707,0.5551773338441651,3.6446280991735542,0.32800558596914076,0.3195950330990108,0.19545837530901733,0.16480503798895674,True,True,False,False,2.6446280991735542,1
2023-03-21,2022-23,L283688,-1,128.5,True,1.9090909090909092,0.5946740860721201,0.585208867170758,L283660,-1,124.5,True,1.9090909090909092,0.5526901894695311,0.5458274846847257,3.6446280991735542,0.3286705333038203,0.3194230839830126,0.19788186104946104,0.16417834740916204,True,True,False,False,2.6446280991735542,1
2023-03-22,2022-23,L283721,1,135.0,True,1.9090909090909092,0.5615411306556046,0.5592559416852227,L283661,-1,153.5,True,1.8695652173913042,0.5208980143572356,0.5192579132238602,3.569169960474308,0.2925056599384214,0.2903980732375136,0.04400241472092703,0.036480079578951496,True,True,False,False,2.569169960474308,1
2023-03-23,2022-23,L283662,1,136.5,True,1.9090909090909092,0.5426218857242338,0.5398486819235405,L283663,-1,139.5,True,1.9090909090909092,0.5231607504038557,0.5199013947402187,3.6446280991735542,0.28387847292104534,0.2806680826807174,0.03463145915852084,0.02293078067930887,True,False,False,False,-1.0,0
2023-03-24,2022-23,L283621,1,134.5,True,1.8695652173913042,0.5841842550986343,0.57657514935126,L283665,1,139.5,True,1.8695652173913042,0.5572676028692456,0.5513849060651379,3.4952741020793945,0.3255469594727718,0.31791483456453734,0.1378758564558693,0.11119948792028267,True,True,False,False,2.4952741020793945,1
2023-03-25,2022-23,L283787,-1,154.0,True,1.8849557522123894,0.5542702615036993,0.5472153773960394,L283786,1,143.5,True,1.8695652173913042,0.5412452781567241,0.5385465233675684,3.5240477106579453,0.2999961618615699,0.2947009390299089,0.05720078741443557,0.03854016951709727,True,True,False,False,2.5240477106579453,1
2023-04-01,2022-23,L283885,1,131.5,True,1.9090909090909092,0.5383898915909835,0.5332723523315346,L283886,-1,149.5,True,1.925925925925926,0.5199239336159353,0.5170561563027869,3.6767676767676774,0.2799217902550411,0.2757317527590888,0.029207390432676394,0.013801596003114591,True,True,False,False,2.6767676767676774,1
2023-11-16,2023-24,L294788,1,133.0,True,1.9090909090909092,0.6676588398876425,0.6550250495484502,L292887,1,141.5,True,1.9090909090909092,0.6181420064992778,0.6154548192362789,3.6446280991735542,0.41270797494512734,0.40313832346507605,0.5041670822380264,0.46928926155453343,True,True,False,False,2.6446280991735542,1
2023-11-17,2023-24,L292909,-1,154.5,True,1.9090909090909092,0.6932500666644069,0.6842725842708505,L292906,1,133.5,True,1.9090909090909092,0.678485918523039,0.6624946713793184,3.6446280991735542,0.47036040824695813,0.45332694085039404,0.7142887606356079,0.6522081067357337,True,True,False,False,2.6446280991735542,1
2023-11-18,2023-24,L301750,-1,151.5,True,1.9523809523809523,0.8361737703428387,0.8333528331006598,L294792,1,132.5,True,1.9090909090909092,0.6329716725089897,0.6211041087789855,3.7272727272727275,0.5292743099220544,0.5175988687014279,0.9727497006185666,0.9292321469780496,True,True,False,False,2.7272727272727275,1
2023-11-19,2023-24,L301758,-1,120.5,True,1.9090909090909092,0.640172911147074,0.6341909900818455,L293009,1,147.5,True,1.9090909090909092,0.6261136560720575,0.6135063558923567,3.6446280991735542,0.40082100191658687,0.3890802032648788,0.46084348632408956,0.41805264165133527,True,True,False,False,2.6446280991735542,1
2023-11-20,2023-24,L293044,1,142.5,True,1.9090909090909092,0.6593755735064227,0.6548979738629062,L293059,1,141.5,True,1.9090909090909092,0.6362810541891335,0.6291179032669186,3.6446280991735542,0.4195481850172311,0.4120080401703848,0.5290971040710655,0.5016160802904108,True,True,False,False,2.6446280991735542,1
2023-11-21,2023-24,L293090,1,136.5,True,1.9090909090909092,0.6730783313499806,0.6584951453848822,L298018,1,130.5,True,1.9090909090909092,0.6343967414262448,0.6251144662030516,3.6446280991735542,0.426998700133042,0.41163484130457145,0.5562514608154672,0.5002559092174879,True,False,False,False,-1.0,0
2023-11-22,2023-24,L293111,1,147.5,True,1.9090909090909092,0.6285757450855884,0.6206917026638723,L301871,-1,155.5,True,1.9090909090909092,0.6204935763460945,0.6182086393390301,3.6446280991735542,0.3900272120725678,0.3837169729528584,0.42150413656200336,0.3985056617538063,True,False,False,False,-1.0,0
2023-11-23,2023-24,L301838,-1,156.5,True,1.9090909090909092,0.6255145675919678,0.6141282370337758,L301887,-1,147.5,True,1.9090909090909092,0.5783698177455725,0.5719285095077906,3.6446280991735542,0.361778746455367,0.3512374472533746,0.3185489850150154,0.2801298697416379,False,False,False,False,-1.0,0
2023-11-24,2023-24,L293156,1,143.5,True,1.8695652173913042,0.7055691049853753,0.6885263679693391,L293142,1,140.5,True,1.9090909090909092,0.6390002648507509,0.6235865282886814,3.569169960474308,0.4508588449561621,0.4293557674372154,0.6091918458316772,0.5324437074933022,True,False,False,False,-1.0,0
2023-11-25,2023-24,L293182,1,0.5,True,1.9090909090909092,0.9999999999880571,0.999999999816531,L293197,1,0.5,True,1.9090909090909092,0.9999999998191844,0.9999999980772329,3.6446280991735542,0.9999999998072415,0.9999999978937639,2.644628098471021,2.644628091497107,True,True,False,False,2.6446280991735542,1
2023-11-26,2023-24,L293242,1,145.5,True,1.9090909090909092,0.728259659230139,0.7219317113237731,L296000,1,142.5,True,1.9090909090909092,0.6537228777354923,0.6433326267409661,3.6446280991735542,0.4760800001705955,0.4644422241735238,0.7351345460763028,0.6927191806654878,True,False,False,False,-1.0,0
2023-11-27,2023-24,L293253,1,147.5,True,1.8695652173913042,0.6131378553825628,0.6031789839033778,L293255,1,150.5,True,1.9090909090909092,0.5866760866584184,0.5766838563993625,3.569169960474308,0.35971331757797725,0.34784358253644887,0.2838779674818712,0.2415128657328589,True,True,False,False,2.569169960474308,1
2023-11-28,2023-24,L293264,1,121.0,True,1.9090909090909092,0.6476956527739393,0.6322663600736439,L293265,1,138.5,True,1.9090909090909092,0.6286990310308751,0.6166506834288402,3.6446280991735542,0.40720562930188575,0.3898874830484777,0.48411307869530273,0.4209948762345346,True,False,False,False,-1.0,0
2023-11-29,2023-24,L293295,1,134.0,True,1.9090909090909092,0.6550862601943448,0.6462019323104813,L293281,1,137.5,True,1.9090909090909092,0.6101703713236885,0.6018115461062338,3.6446280991735542,0.39971422663182976,0.3888917839806066,0.45680970202179294,0.4173659234334506,True,False,False,False,-1.0,0
2023-11-30,2023-24,L293325,1,138.0,True,1.9090909090909092,0.64196839288614,0.6305025849157002,L298082,-1,148.0,True,1.9090909090909092,0.5961942431948886,0.5880085471787136,3.6446280991735542,0.3827378601517912,0.37074090894870443,0.3949371597267761,0.35121273426759236,True,True,False,False,2.6446280991735542,1
2023-12-01,2023-24,L293358,1,146.0,True,1.9090909090909092,0.6441609055125005,0.6295836026218268,L293349,1,144.5,True,1.9090909090909092,0.586126433001071,0.5797702490177429,3.6446280991735542,0.3775597338267819,0.3650138420695442,0.37606481502157685,0.33033970539395874,False,True,False,False,-1.0,0
2023-12-02,2023-24,L293411,1,122.5,True,1.9090909090909092,0.6322949900671123,0.6204920460302414,L294902,1,143.0,True,1.9090909090909092,0.6172570586023794,0.6081453314314792,3.6446280991735542,0.3902885457378465,0.3773493409836578,0.42245660058173806,0.37529801135366214,False,True,False,False,-1.0,0
2023-12-03,2023-24,L295107,1,151.5,True,1.9090909090909092,0.6480665251472435,0.6381366182422322,L294903,1,139.5,True,1.9090909090909092,0.6122226128689813,0.6037328010454249,3.6446280991735542,0.3967609813385668,0.3852640079810379,0.4460462212422147,0.404144029087915,False,False,False,False,-1.0,0
2023-12-04,2023-24,L294914,-1,160.5,True,1.9090909090909092,0.565855734390409,0.5620094973486236,L295382,-1,167.0,True,1.9090909090909092,0.5569647806167715,0.5540598978100555,3.6446280991735542,0.3151617149654963,0.31138692466925905,0.14864724214697422,0.1348895353648203,False,True,False,False,-1.0,0
2023-12-05,2023-24,L293459,-1,169.5,True,1.9090909090909092,0.6349082595162467,0.6297301660051889,L293466,1,133.5,True,1.9090909090909092,0.6268470951862203,0.6153810299070094,3.6446280991735542,0.39799039818749815,0.38752399811978516,0.45052698843542727,0.4123808526514485,True,False,False,False,-1.0,0
2023-12-06,2023-24,L293504,1,119.5,True,1.9090909090909092,0.6392913876268778,0.6268332672462801,L294951,-1,164.5,True,1.9090909090909092,0.6077357516774082,0.6010368519011765,3.6446280991735542,0.38852023200031394,0.37674989361263306,0.4160117546457722,0.3731132486212494,True,False,False,False,-1.0,0
2023-12-07,2023-24,L294968,1,145.5,True,1.9090909090909092,0.5728725927065108,0.5643813632492304,L293514,-1,158.5,True,1.9090909090909092,0.5656487857232824,0.5606489439057235,3.6446280991735542,0.32404468643858636,0.3164198152657535,0.18102236958195528,0.15323254985287038,True,True,False,False,2.6446280991735542,1
2023-12-08,2023-24,L293524,1,130.5,True,1.9090909090909092,0.6077762423862599,0.5985064998323987,L293521,1,140.5,True,1.9090909090909092,0.5341373727455911,0.5306418582239352,3.6446280991735542,0.32463600532538445,0.31759260123016736,0.1831775070123518,0.1575069185330893,True,False,False,False,-1.0,0
2023-12-09,2023-24,L294977,1,138.5,True,1.9090909090909092,0.659074604334065,0.6431103203734935,L293548,1,141.5,True,1.9090909090909092,0.6523734259713594,0.6385033144679569,3.6446280991735542,0.4299627576001321,0.41062807112702526,0.5670543479475891,0.4965866063389932,True,False,False,False,-1.0,0
2023-12-10,2023-24,L295397,1,138.5,True,1.9090909090909092,0.5913077956365761,0.5873471533453386,L293595,1,122.5,True,1.9090909090909092,0.5961978729369733,0.5851845179646619,3.6446280991735542,0.3525364500095772,0.3437064608083083,0.28486425168779794,0.25268222492945425,True,True,False,False,2.6446280991735542,1
2023-12-11,2023-24,L298086,1,140.5,True,1.9090909090909092,0.6340830440161584,0.6223788892980429,L293617,1,145.5,True,1.9174311926605505,0.5873924805880391,0.5773229891985998,3.6605504587155964,0.37245561212346606,0.3593136407836505,0.363392561809752,0.315285712593363,False,True,False,False,-1.0,0
2023-12-12,2023-24,L295980,1,150.5,True,1.9174311926605505,0.6384944353317764,0.6238517110166868,L293630,1,161.0,True,1.9090909090909092,0.5862686803766131,0.579632283115915,3.6605504587155964,0.3743292900297713,0.3616045915823722,0.3702512543291627,0.32367185359051853,False,False,False,False,-1.0,0
2023-12-13,2023-24,L295400,1,147.5,True,1.9090909090909092,0.6089267249035567,0.599310065312329,L295019,1,128.0,True,1.9090909090909092,0.6018071429870901,0.5901984671998126,3.6446280991735542,0.36645645260269527,0.35371188192475617,0.33559748427924485,0.28914826387452486,False,False,False,False,-1.0,0
2023-12-14,2023-24,L293655,-1,156.5,True,1.9090909090909092,0.5845372666557951,0.5781813287734088,L295116,-1,176.0,True,1.9090909090909092,0.5705297333227622,0.5641638163035266,3.6446280991735542,0.33349589086234716,0.3261889849562503,0.2154684947958272,0.18883754021244958,True,False,False,False,-1.0,0
2023-12-15,2023-24,L295981,-1,156.5,True,1.9090909090909092,0.56829099753369,0.5630180839460317,L293665,-1,140.5,True,1.9090909090909092,0.5473626854100535,0.5431166537983527,3.6446280991735542,0.3110612865043986,0.3057844977807288,0.13370270535900675,0.11447077290331764,True,False,False,False,-1.0,0
2023-12-16,2023-24,L295046,1,132.5,True,1.9090909090909092,0.6252889860580758,0.6193325507846315,L295921,1,131.5,True,1.9090909090909092,0.6272831564141668,0.6158852927226586,3.6446280991735542,0.3922332488455237,0.3814378093326635,0.42954432017252886,0.3901989579810299,False,True,False,False,-1.0,0
2023-12-17,2023-24,L293744,-1,152.5,True,1.9090909090909092,0.8409263665482574,0.8365681560309257,L293745,1,129.0,True,1.9090909090909092,0.6238276234608162,0.616672088429081,3.6446280991735542,0.5245930967493386,0.5158882318928562,0.9119467410451105,0.8802207459896658,False,True,False,False,-1.0,0
2023-12-18,2023-24,L293760,1,141.5,True,1.9090909090909092,0.6145811054054353,0.6045942265172495,L295067,1,133.5,True,1.8695652173913042,0.6058906874434556,0.596794393476025,3.569169960474308,0.3723689684438581,0.3608184447134684,0.32904813638262387,0.28782235405637135,True,True,False,False,2.569169960474308,1
2023-12-19,2023-24,L293781,1,116.0,True,1.9090909090909092,0.7004749684196184,0.6881846858419197,L293775,-1,148.5,True,1.9090909090909092,0.6184475082314047,0.6133745970033769,3.6446280991735542,0.4332069987975849,0.4221150043421831,0.5788784005763219,0.5384522059082872,False,True,False,False,-1.0,0
2023-12-20,2023-24,L293804,-1,183.5,True,1.9090909090909092,0.6757383110639517,0.6699758182236127,L293793,-1,157.5,True,1.9090909090909092,0.6545674565179899,0.6436295548118509,3.6446280991735542,0.4423163075448931,0.4312162376179694,0.6120784432008088,0.5716228164423514,False,True,False,False,-1.0,0
2023-12-21,2023-24,L293838,1,135.5,True,1.9090909090909092,0.640220409295302,0.6314060653873982,L293849,1,144.0,True,1.9090909090909092,0.6371960060577886,0.6247333763349937,3.6446280991735542,0.40794588779964913,0.3944604430678631,0.48681104561690325,0.4376616148175838,True,False,False,False,-1.0,0
2023-12-22,2023-24,L295413,1,131.5,True,1.9090909090909092,0.7026111200665075,0.6842956133684254,L293897,1,132.5,True,1.9090909090909092,0.6204960881577857,0.6128253321860929,3.6446280991735542,0.43596745149742816,0.4193536865759915,0.5889392240526101,0.5283882295868783,True,False,False,False,-1.0,0
2023-12-23,2023-24,L295169,1,141.5,True,1.9090909090909092,0.5743330678343326,0.5684684174029946,L293878,1,128.0,True,1.9090909090909092,0.5715021154826547,0.5631610850683786,3.6446280991735542,0.3282325632589641,0.3201392907717744,0.1962856231173815,0.16678865479630178,True,True,False,False,2.6446280991735542,1
2023-12-24,2023-24,L302079,-1,155.0,True,1.9090909090909092,0.5659379748150039,0.5582086586821884,L302076,-1,150.5,True,1.9090909090909092,0.5613848578572381,0.5569615915453869,3.6446280991735542,0.31770900954753417,0.31090078295404733,0.15793118355754188,0.13311772960937907,True,True,False,False,2.6446280991735542,1
2023-12-27,2023-24,L293906,1,130.5,True,1.8695652173913042,0.5905336612215599,0.5833476093949126,L295172,-1,131.5,True,1.9523809523809523,0.4934614127554405,0.4925893787497853,3.6501035196687366,0.2914055747460336,0.28735083650701243,0.06366051403158846,0.04886029971400174,False,False,False,False,-1.0,0
2023-12-28,2023-24,L293914,1,125.5,True,1.9090909090909092,0.6440290536298348,0.632058166997521,L298090,1,125.5,True,1.9090909090909092,0.5997990306431414,0.592735733306584,3.6446280991735542,0.38628800207319464,0.374643461107691,0.4078761067295773,0.3654360855247254,True,True,False,False,2.6446280991735542,1
2023-12-29,2023-24,L298095,1,141.5,True,1.9090909090909092,0.6277397256109203,0.6200635277158135,L293955,1,135.5,True,1.9090909090909092,0.6276424985008021,0.6176123396529135,3.6446280991735542,0.39399612979064597,0.38295888608600276,0.43596936560061894,0.39574271705724984,True,True,False,False,2.6446280991735542,1
2023-12-30,2023-24,L293993,1,124.5,True,1.9090909090909092,0.6684876447432753,0.6545093764427529,L295210,1,124.5,True,1.9090909090909092,0.6562331116852165,0.6423794754005004,3.6446280991735542,0.4386837272330011,0.42044338988400426,0.5988390389235825,0.5323597928830242,False,True,False,False,-1.0,0
2023-12-31,2023-24,L295212,1,148.5,True,1.9090909090909092,0.6278519888753531,0.619037424583964,L295999,1,145.5,True,1.9090909090909092,0.5836113912127711,0.5761405471283914,3.6446280991735542,0.3664215727032501,0.35665256049275534,0.33547036001763053,0.299865943614092,True,True,False,False,2.6446280991735542,1
2024-01-01,2023-24,L294035,1,147.5,True,1.8695652173913042,0.5979872958004364,0.5917586575799347,L295436,1,138.5,True,1.9090909090909092,0.5848886061164554,0.5758457375846732,3.569169960474308,0.3497559559160658,0.34076170064623357,0.24833845135259836,0.21623642562667555,False,True,False,False,-1.0,0
2024-01-02,2023-24,L295225,1,133.5,True,1.9090909090909092,0.6252679058682138,0.6156967122735216,L294040,1,140.5,True,1.9090909090909092,0.5951995671665564,0.5857765699187383,3.6446280991735542,0.3721591869359,0.36066070822582785,0.3563818300721644,0.31447415146768654,False,True,False,False,-1.0,0
2024-01-03,2023-24,L296017,1,118.0,True,1.9090909090909092,0.6760722759707026,0.6653715998457009,L294059,1,140.5,True,1.9090909090909092,0.6465841545160127,0.6345467572903571,3.6446280991735542,0.4371376209502332,0.4222093910751866,0.5932040565210979,0.538796210447581,False,True,False,False,-1.0,0
2024-01-04,2023-24,L294064,1,149.5,True,1.9090909090909092,0.6913955101254656,0.6834414387627008,L295468,-1,159.5,True,1.9090909090909092,0.6790807961637049,0.6720034131230288,3.6446280991735542,0.4695134134800121,0.4592749795182484,0.7112017797081434,0.6738864955995667,False,True,False,False,-1.0,0
2024-01-05,2023-24,L294112,1,137.0,True,1.9090909090909092,0.6105576079844799,0.600944321893584,L294110,-1,159.5,True,1.9090909090909092,0.5802492015019838,0.5763727921265137,3.6446280991735542,0.3542755645039557,0.34636795672237947,0.2912026772416896,0.2623823877237137,True,True,False,False,2.6446280991735542,1
2024-01-06,2023-24,L294165,1,130.5,True,1.8695652173913042,0.6947733963261872,0.6812694807134934,L296043,1,128.5,True,1.9090909090909092,0.6716938475356468,0.6602196835935283,3.569169960474308,0.4666750157437454,0.44978752099858993,0.6656424474964513,0.6053681085443743,False,False,False,False,-1.0,0
2024-01-07,2023-24,L295242,1,146.5,True,1.9523809523809523,0.6002845421714338,0.5916508982093872,L296058,1,146.5,True,1.9090909090909092,0.6051655345400067,0.5959195763874854,3.7272727272727275,0.3632715158392789,0.35257635263021325,0.3540120135827667,0.3141482234398856,False,False,False,False,-1.0,0
2024-01-08,2023-24,L295524,1,142.5,True,1.9090909090909092,0.5912361839098956,0.5848800250050977,L298030,1,151.5,True,1.9523809523809523,0.572645331803289,0.5667327609948167,3.7272727272727275,0.33856864070919257,0.3314706714218565,0.26193766082517245,0.23548159348146513,False,True,False,False,-1.0,0
2024-01-09,2023-24,L294184,1,134.5,True,1.9523809523809523,0.6174353652342546,0.6071596032297399,L296092,1,139.0,True,1.8333333333333335,0.6130858845189553,0.6017650828884006,3.5793650793650795,0.3785409070279272,0.3653674489640329,0.35493610372694584,0.30778348795856214,True,True,False,False,2.5793650793650795,1
2024-01-10,2023-24,L295545,1,124.5,True,1.9090909090909092,0.6120696875799417,0.6023528856092728,L295536,1,142.5,True,1.8695652173913042,0.6173996155241227,0.6070777436255278,3.569169960474308,0.37789158978582593,0.36567503066200296,0.34875931057945,0.30515633473434267,True,True,False,False,2.569169960474308,1
2024-01-11,2023-24,L294197,1,124.5,True,1.9090909090909092,0.6802001266377736,0.6693571101780916,L294200,1,140.5,True,1.9090909090909092,0.6668872965528274,0.6594739906800114,3.6446280991735542,0.4536168235683557,0.4414236046391862,0.6532646214350817,0.6088248731064558,False,True,False,False,-1.0,0
2024-01-12,2023-24,L295565,1,140.5,True,1.8695652173913042,0.6231393763290506,0.6121724340705696,L296113,1,144.0,True,1.9090909090909092,0.5603286370688624,0.5517965826984775,3.569169960474308,0.34916283744239784,0.33779465714234935,0.2462215107133805,0.2056465430811918,False,True,False,False,-1.0,0
2024-01-13,2023-24,L295608,1,138.0,True,1.9090909090909092,0.6366743514980301,0.6256023980497735,L296126,1,132.5,True,1.9090909090909092,0.6207668801304084,0.6100135091641756,3.6446280991735542,0.3952263508384831,0.3816259141758657,0.4404530637997608,0.3908845301781554,True,False,False,False,-1.0,0
2024-01-14,2023-24,L295255,1,126.5,True,1.9090909090909092,0.5959442925866396,0.5878810408074394,L296137,1,152.5,True,1.8771929824561404,0.6067156355726905,0.5952850258081546,3.583732057416268,0.3615687202426205,0.34995678054918133,0.29576541369245346,0.25415133316429106,True,True,False,False,2.583732057416268,1
2024-01-15,2023-24,L296143,1,125.5,True,1.8695652173913042,0.6250368965391793,0.6156888066496576,L295619,1,144.5,True,1.8695652173913042,0.610497265663946,0.6007816395578446,3.4952741020793945,0.38158331627624764,0.36989453071639405,0.33373828316593923,0.2928827737138233,True,False,False,False,-1.0,0
2024-01-16,2023-24,L296144,1,136.5,True,1.9090909090909092,0.6421159778444294,0.6307987015064441,L296152,1,137.5,True,1.9090909090909092,0.6056701266757368,0.5973435252476257,3.6446280991735542,0.3889104656415502,0.3768035200794841,0.4174340111398651,0.37330869714919435,True,True,False,False,2.6446280991735542,1
2024-01-17,2023-24,L298128,1,127.5,True,1.9090909090909092,0.6342066231020826,0.6255854807335085,L296160,1,139.5,True,1.9090909090909092,0.6282308295777821,0.6182049196403504,3.6446280991735542,0.39842815295514517,0.3867400218450286,0.4521224417621408,0.40952355069138546,True,True,False,False,2.6446280991735542,1
2024-01-18,2023-24,L295668,1,134.5,True,1.9090909090909092,0.5830959178893401,0.5777669205050617,L294348,1,152.5,True,1.8928571428571428,0.5886744503871818,0.5811751193595044,3.6136363636363638,0.3432536689865166,0.33578375898650253,0.2403939402012758,0.21340040179213426,True,False,False,False,-1.0,0
2024-01-19,2023-24,L294382,1,122.5,True,1.9090909090909092,0.6025370936452247,0.5959970051263946,L294384,1,140.5,True,1.8695652173913042,0.5852856110031869,0.5809966809917883,3.569169960474308,0.35265629100622975,0.3462722818594811,0.25869024023172127,0.23590462655775268,True,False,False,False,-1.0,0
2024-01-20,2023-24,L298134,1,138.5,True,1.9090909090909092,0.6964572198703163,0.6876989589826018,L295712,1,140.0,True,1.9090909090909092,0.6644888252315709,0.6547299441361295,3.6446280991735542,0.46278803985567235,0.45025710099715327,0.6866902940194342,0.6410196821466496,True,True,False,False,2.6446280991735542,1
2024-01-21,2023-24,L294456,1,132.5,True,1.9090909090909092,0.5802177300878585,0.5709249757805362,L295760,1,143.0,True,1.9090909090909092,0.5764159573400471,0.5660073228270114,3.6446280991735542,0.334446758354262,0.32314771707661766,0.2189340531754509,0.1777532498412262,False,True,False,False,-1.0,0
2024-01-22,2023-24,L294458,1,139.0,True,1.9090909090909092,0.5758193247067814,0.5698521437377725,L298036,1,143.5,True,1.8771929824561404,0.5674836972951468,0.5610314064535452,3.583732057416268,0.32676807935859903,0.3197049496717703,0.17104924133775445,0.1457368770533778,False,False,False,False,-1.0,0
2024-01-23,2023-24,L295778,1,147.5,True,1.9090909090909092,0.6034644262230303,0.5916808051965655,L296212,-1,156.0,True,1.9090909090909092,0.5897879659336743,0.5850184658200402,3.6446280991735542,0.3559160564554129,0.34614419691126086,0.2971816603044388,0.261566866428645,True,True,False,False,2.6446280991735542,1
2024-01-24,2023-24,L296218,1,137.0,True,1.9090909090909092,0.6024666421573031,0.5936284213675698,L295811,1,145.0,True,1.9090909090909092,0.6062879302456006,0.592728661176463,3.6446280991735542,0.36526825351556813,0.35186057943349686,0.33126694049888905,0.282400954794811,False,True,False,False,-1.0,0
2024-01-25,2023-24,L294497,1,156.5,True,1.9523809523809523,0.5961990813286626,0.5851855975911644,L294504,1,152.5,True,1.9090909090909092,0.5952807286694395,0.5843651663345566,3.7272727272727275,0.3549058235653767,0.3419620790729477,0.3228307969254949,0.2745859310900778,False,False,False,False,-1.0,0
2024-01-26,2023-24,L294581,1,136.5,True,1.8695652173913042,0.6219954639260962,0.6146018771473036,L295835,1,142.0,True,1.925925925925926,0.5657012790232355,0.5565053946875719,3.600644122383253,0.35186362948964334,0.3420292602175828,0.26693570940232303,0.23152564548553145,False,True,False,False,-1.0,0
2024-01-27,2023-24,L295866,1,127.5,True,1.9523809523809523,0.6229175134689682,0.6120638389440309,L294597,1,127.5,True,1.9090909090909092,0.6375150646327918,0.6222478503650073,3.7272727272727275,0.39711929886006725,0.3808554080690773,0.48017193211479614,0.4195519755301973,False,False,False,False,-1.0,0
2024-01-28,2023-24,L294556,-1,155.0,True,1.9090909090909092,0.7830645461124962,0.7797645536141332,L296266,1,141.5,True,1.8695652173913042,0.5737360711703299,0.5665931127737012,3.569169960474308,0.44927237615936116,0.4418092256628273,0.6035294690589055,0.5768922164961781,True,False,False,False,-1.0,0
2024-01-29,2023-24,L296298,1,131.5,True,1.8695652173913042,0.6204170882407618,0.6083455604348164,L296274,1,133.0,True,1.9090909090909092,0.5818234366362289,0.5723562913773342,3.569169960474308,0.3609732024280825,0.34819040884633745,0.2883747106425236,0.24275074777961536,False,True,False,False,-1.0,0
2024-01-30,2023-24,L296281,1,129.5,True,1.9090909090909092,0.5785660341487182,0.5738144707056887,L294610,1,151.0,True,1.9090909090909092,0.5672302420131776,0.5608333243316611,3.6446280991735542,0.32818015157078184,0.32181427715548394,0.19609460200590711,0.17289335723610266,False,False,False,False,-1.0,0
2024-01-31,2023-24,L296318,1,127.5,True,1.9090909090909092,0.6200584167411423,0.6110679536638743,L296333,1,135.5,True,1.8695652173913042,0.6317011496044943,0.6198969027963812,3.569169960474308,0.39169161467732216,0.37879913187435826,0.39801394487597586,0.35199848253970556,True,True,False,False,2.569169960474308,1
2024-02-01,2023-24,L294644,1,164.5,True,1.9090909090909092,0.6102389386604066,0.6004804437064719,L294660,1,152.5,True,1.9090909090909092,0.5970344852045004,0.5873222880361998,3.6446280991735542,0.36433369059485654,0.3526755481186776,0.3278608062176176,0.28537121256476694,True,True,False,False,2.6446280991735542,1
2024-02-02,2023-24,L296357,1,145.5,True,1.9090909090909092,0.6489025148739189,0.636853201474226,L294672,1,149.5,True,1.9090909090909092,0.5822106799687145,0.5727015242202903,3.6446280991735542,0.37779797441815316,0.36472679918886086,0.3769331133752527,0.32929354084535234,True,False,False,False,-1.0,0
2024-02-03,2023-24,L296474,1,129.5,True,1.9090909090909092,0.6476434250611841,0.6365178325587925,L296492,1,137.0,True,1.9090909090909092,0.6401732760321557,0.6316802933847787,3.6446280991735542,0.41460401312210415,0.40207577121538146,0.5110774362549417,0.46541665376845653,False,False,False,False,-1.0,0
2024-02-04,2023-24,L296513,1,134.0,True,1.9090909090909092,0.5898086490435565,0.5794790867183403,L296509,1,152.5,True,1.8695652173913042,0.5990917797784592,0.5891532247947106,3.569169960474308,0.35334951328423286,0.34140197264120387,0.26116446836230134,0.21852166519765648,True,True,False,False,2.569169960474308,1
2024-02-05,2023-24,L296528,1,133.0,True,1.9090909090909092,0.5855793436399529,0.5757055245002083,L296529,1,128.5,True,1.9090909090909092,0.5832713430053861,0.5736472148506712,3.6446280991735542,0.3415516502010878,0.33025187070368933,0.2448287416419812,0.20364524777129778,True,True,False,False,2.6446280991735542,1
2024-02-06,2023-24,L296548,1,148.5,True,1.9090909090909092,0.6045948948697775,0.5941606849864202,L296539,1,125.5,True,1.9090909090909092,0.5767755889471315,0.5678576994345288,3.6446280991735542,0.348715576562945,0.33739871967083235,0.27093858896081624,0.22969285433749653,True,False,False,False,-1.0,0
2024-02-07,2023-24,L296606,1,154.5,True,1.8695652173913042,0.7020524700110657,0.6992741507016775,L296579,1,129.0,True,1.9090909090909092,0.6454961093935728,0.6367652974201863,3.569169960474308,0.4531721379822909,0.44527351254980185,0.6174483818103107,0.5892568451876328,True,True,False,False,2.569169960474308,1
2024-02-08,2023-24,L298166,-1,155.5,True,1.9090909090909092,0.8776664751955999,0.8727765816292368,L296664,1,157.5,True,1.9090909090909092,0.6304126314987727,0.6171981336916654,3.6446280991735542,0.5532920322063105,0.5386760773113565,1.016543687627958,0.9632739677215554,True,False,False,False,-1.0,0
2024-02-09,2023-24,L296677,-1,144.5,True,1.9523809523809523,0.5300091518925761,0.528891652461833,L296726,-1,142.0,True,1.9090909090909092,0.5293699567457274,0.5257069606822827,3.7272727272727275,0.2805709218122127,0.2780420231459404,0.04576434493642911,0.03633844990759583,True,True,False,False,2.7272727272727275,1
2024-02-10,2023-24,L296748,1,145.5,True,1.8695652173913042,0.6953762925237713,0.6913187885207049,L296813,1,140.5,True,1.9090909090909092,0.6818993289586935,0.672271844963557,3.569169960474308,0.47417662724574383,0.4647541574167854,0.6924169739245325,0.6587865776575381,False,False,False,False,-1.0,0
2024-02-11,2023-24,L296822,1,130.5,True,1.9090909090909092,0.5740096134664675,0.5653939196913408,L296816,1,130.5,True,1.8771929824561404,0.5747588045517681,0.5689762238198005,3.583732057416268,0.32991707923720937,0.3216956973966546,0.1823344131515301,0.15287118349327433,True,True,False,False,2.583732057416268,1
2024-02-12,2023-24,L296839,1,133.5,True,1.9803921568627452,0.6019242745328073,0.591743494599019,L296837,-1,138.5,True,1.9090909090909092,0.5960140933224464,0.5934441869555007,3.7807486631016047,0.3587553507344424,0.3511667370385215,0.35636381266979056,0.3276731715841432,True,True,False,False,2.7807486631016047,1
2024-02-13,2023-24,L296854,1,154.5,True,1.9090909090909092,0.6013566341137405,0.5952382430712371,L296864,1,141.5,True,1.9090909090909092,0.5899490986346598,0.5851602099232707,3.6446280991735542,0.3547698042533741,0.34830973526992387,0.2930039973201488,0.26945944838046665,True,True,False,False,2.6446280991735542,1
2024-02-14,2023-24,L296893,1,132.0,True,1.9090909090909092,0.5973466906081051,0.5862110173153056,L296878,1,123.5,True,1.8695652173913042,0.6031098888520058,0.594348665907664,3.569169960474308,0.36026569617876775,0.3484137360817264,0.28584950059062186,0.24354784063952128,False,False,False,False,-1.0,0
2024-02-15,2023-24,L296949,1,148.5,True,1.9523809523809523,0.6314955466100124,0.6183040073044931,L296954,1,141.5,True,1.9090909090909092,0.6278426102352818,0.6135415494183029,3.7272727272727275,0.3964798123355862,0.3793551986531443,0.4777883914326393,0.4139602858889928,False,True,False,False,-1.0,0
2024-02-16,2023-24,L296974,1,135.5,True,1.9090909090909092,0.5891939340843863,0.5789304633587706,L296975,1,137.5,True,1.9090909090909092,0.5865478759597346,0.5780286731142742,3.6446280991735542,0.3455904505655566,0.3346384075607021,0.25954866693727685,0.21963254325842674,True,True,False,False,2.6446280991735542,1
2024-02-17,2023-24,L297017,1,149.5,True,1.9090909090909092,0.6871754112075749,0.6797100937147746,L297054,-1,168.5,True,1.9090909090909092,0.6620688988643937,0.659340428314131,3.6446280991735542,0.454957467824886,0.4481603443193376,0.6581507711634278,0.6333777838415529,False,False,False,False,-1.0,0
2024-02-18,2023-24,L297128,1,130.0,True,1.8333333333333335,0.6043026124183906,0.5954507282846185,L297125,1,135.0,True,1.9090909090909092,0.5641131971546319,0.5594948412927007,3.5000000000000004,0.34089507874023467,0.33315161071922567,0.19313277559082143,0.16603063751728997,True,True,False,False,2.5000000000000004,1
2024-02-19,2023-24,L297148,1,126.0,True,1.9090909090909092,0.6041423258317605,0.5922872727837296,L297153,1,127.5,True,1.8333333333333335,0.6081497403484629,0.5989724135623539,3.5000000000000004,0.36740899858810167,0.35476373730153477,0.2859314950583558,0.24167308055537196,True,False,False,False,-1.0,0
2024-02-20,2023-24,L297168,1,135.5,True,1.9090909090909092,0.6541365437236617,0.6422476352358876,L297171,1,149.5,True,1.9090909090909092,0.5804672047606204,0.5753392975599219,3.6446280991735542,0.3797048110670473,0.3695103033161365,0.38388282380634586,0.34672763440013377,False,True,False,False,-1.0,0
2024-02-21,2023-24,L297183,1,129.5,True,1.9090909090909092,0.6364539616014656,0.6242352183452217,L297206,1,137.5,True,1.9090909090909092,0.6046930237893471,0.594240678948046,3.6446280991735542,0.3848592705434992,0.37094595997274626,0.4026689116502742,0.3519600689915794,True,False,False,False,-1.0,0
2024-02-22,2023-24,L297275,1,142.5,True,1.9090909090909092,0.6557070155421091,0.6513711342677224,L297272,1,141.5,True,1.9433962264150944,0.6419076648027195,0.6298709084600044,3.710120068610635,0.42090335914139576,0.4102797280858338,0.5616019996961219,0.5221870529153663,True,True,False,False,2.710120068610635,1
2024-02-23,2023-24,L297294,1,141.5,True,1.9090909090909092,0.5805803788302321,0.5756046732258306,L297286,1,132.5,True,1.8695652173913042,0.5906524349000734,0.5846245458468651,3.569169960474308,0.3429212144112836,0.3365126206719844,0.22394409728612263,0.20107073702293254,False,False,False,False,-1.0,0
2024-02-24,2023-24,L297374,1,144.5,True,1.8695652173913042,0.686366603137316,0.6780755835352741,L297350,1,144.5,True,1.9090909090909092,0.6769792595719186,0.6635786409362892,3.569169960474308,0.4646559547867931,0.44995647417441836,0.6584360757805301,0.6059711311442679,True,False,False,False,-1.0,0
2024-02-25,2023-24,L297434,1,142.5,True,1.9523809523809523,0.5994816376748154,0.5881191816348263,L297327,1,128.5,True,1.9090909090909092,0.6022758347593132,0.5965123311868458,3.7272727272727275,0.3610533037534796,0.35082034405269025,0.34574413217206046,0.30760310056002726,False,True,False,False,-1.0,0
2024-02-26,2023-24,L297465,1,137.5,True,1.8695652173913042,0.5834725043788062,0.5774354692872259,L297456,1,146.5,True,1.8695652173913042,0.5771805202663004,0.570941327868448,3.4952741020793945,0.33676896363844055,0.3296817735931892,0.17709983698955867,0.1523281651678765,True,True,False,False,2.4952741020793945,1
2024-02-27,2023-24,L297499,1,132.5,True,1.9090909090909092,0.639498582752312,0.630629133669651,L297483,1,133.5,True,1.8695652173913042,0.6078229764563071,0.5978147704316126,3.569169960474308,0.38870193200810027,0.37699941077220916,0.3873432593016386,0.34557497204468346,True,True,False,False,2.569169960474308,1
2024-02-28,2023-24,L297545,1,145.5,True,1.8695652173913042,0.6582645793633833,0.6531683035026062,L297540,1,142.5,True,1.9523809523809523,0.6282397614116121,0.6161748923033149,3.6501035196687366,0.41354798228496714,0.4024659090666573,0.5094929456902628,0.4690422312308835,True,True,False,False,2.6501035196687366,1
2024-02-29,2023-24,L297599,1,146.5,True,1.9090909090909092,0.6096284952939655,0.6000591289771112,L297570,1,141.0,True,1.9090909090909092,0.6033219437012551,0.5923151192973785,3.6446280991735542,0.3678022487164267,0.3554240945655586,0.3405024106111092,0.2953886421769534,True,True,False,False,2.6446280991735542,1
2024-03-01,2023-24,L297624,1,133.5,True,1.9090909090909092,0.5761473109469284,0.5672979897915069,L297614,1,150.5,True,1.9090909090909092,0.5650828923781994,0.5574478387948779,3.6446280991735542,0.32557098890581215,0.31623903836195427,0.1865851744418443,0.15257368526960202,True,True,False,False,2.6446280991735542,1
2024-03-02,2023-24,L297683,1,130.5,True,1.9090909090909092,0.6736660210412962,0.6659644962738716,L297635,1,133.5,True,1.9433962264150944,0.601690290921591,0.5950356737223862,3.710120068610635,0.4053383041843282,0.3962726327155127,0.5038537769308782,0.4702190472789949,True,True,False,False,2.710120068610635,1
2024-03-03,2023-24,L297770,1,135.5,True,1.847457627118644,0.6199031352186489,0.6093615542808845,L297776,1,138.5,True,1.9090909090909092,0.5594303335513899,0.5578434236165236,3.526964560862866,0.34679261770492115,0.3399283356603347,0.22312527261412107,0.19891519310709715,False,True,False,False,-1.0,0
2024-03-04,2023-24,L297790,1,134.5,True,1.9090909090909092,0.5668818384865403,0.561261856737233,L297795,1,136.0,True,1.9090909090909092,0.5563354194387493,0.5496681041683334,3.6446280991735542,0.31537644538661874,0.3085077407347536,0.14942985467354442,0.12439598069443258,False,False,False,False,-1.0,0
2024-03-05,2023-24,L297813,1,137.5,True,1.9090909090909092,0.6090946939594599,0.5982614009993082,L297806,1,135.5,True,1.8695652173913042,0.60542221535443,0.5963139622100447,3.569169960474308,0.36875945897756474,0.3567516264672299,0.316165183623482,0.27330718853718805,False,False,False,False,-1.0,0
2024-03-06,2023-24,L303120,1,138.5,True,1.8695652173913042,0.6164488801256002,0.6085135504460972,L297847,1,134.5,True,1.9090909090909092,0.5902557028232912,0.582708486469546,3.569169960474308,0.36386246699316693,0.354586009976655,0.29868698693608575,0.26557773521312056,False,False,False,False,-1.0,0
2024-03-07,2023-24,L303145,1,135.5,True,1.8695652173913042,0.6274541389196581,0.6176123258384066,L297876,1,129.0,True,1.8333333333333335,0.6251863558627955,0.6161351191575201,3.427536231884058,0.39227576658220925,0.38053264397359976,0.3445394028506159,0.3042894246341499,True,False,False,False,-1.0,0
2024-03-08,2023-24,L297885,1,128.5,True,1.9090909090909092,0.6235148368723893,0.6127430277365712,L303125,-1,140.5,True,1.9090909090909092,0.6150950130816556,0.6119017391165308,3.6446280991735542,0.38352086674262864,0.3749385243035366,0.39779092754958056,0.36651148113933574,False,True,False,False,-1.0,0
2024-03-09,2023-24,L297938,-1,162.5,True,1.8849557522123894,0.7400653789210597,0.7352953407495952,L303223,1,133.5,True,1.9523809523809523,0.6652116776969845,0.656075165253324,3.680151706700379,0.4923001323175327,0.4824090121922899,0.8117391721571903,0.7753383495470998,False,False,False,False,-1.0,0
2024-03-10,2023-24,L303158,1,144.5,True,1.9090909090909092,0.5892052579545434,0.5804259156620052,L303252,1,145.5,True,1.9090909090909092,0.5844947021092166,0.5762371569828856,3.6446280991735542,0.34438735172932494,0.334462979480262,0.2551638191126637,0.21899317314707067,False,False,False,False,-1.0,0
2024-03-11,2023-24,L303312,-1,152.5,True,1.9090909090909092,0.5840445642814945,0.5817943654047851,L303233,1,151.0,True,1.9090909090909092,0.5540842534262876,0.5502743439318236,3.6446280991735542,0.32360989636759335,0.3201465127263498,0.17943772147197268,0.1668149761348785,True,True,False,False,2.6446280991735542,1
2024-03-12,2023-24,L303254,1,156.5,True,1.9523809523809523,0.6044438225259242,0.5925570241212412,L303273,1,130.5,True,1.9523809523809523,0.5844195301257774,0.5761439551956509,3.8117913832199544,0.3532487747480294,0.3413981475561766,0.34651063571754515,0.30133851710188875,False,True,False,False,-1.0,0
2024-03-13,2023-24,L303306,1,134.0,True,1.9090909090909092,0.6526092221778046,0.642427395218555,L303337,-1,150.5,True,1.9090909090909092,0.5976738033124669,0.5942935716732277,3.6446280991735542,0.3900474358957992,0.3817904712451633,0.42157784487642513,0.39148427949683495,False,True,False,False,-1.0,0
2024-03-14,2023-24,L303245,1,130.5,True,1.8695652173913042,0.64609913179023,0.6343178196001558,L303357,-1,150.5,True,1.9523809523809523,0.5605399830964776,0.5562734865559795,3.6501035196687366,0.3621643964123444,0.3528541850935655,0.32193753804340197,0.28795430293986723,False,True,False,False,-1.0,0
2024-03-15,2023-24,L303386,-1,143.5,True,1.9090909090909092,0.6340879670339422,0.6317523567103683,L303404,-1,136.5,True,1.9090909090909092,0.6155862961788613,0.6107415245344319,3.6446280991735542,0.3903358630780084,0.3858373974655106,0.42262905468927037,0.40623382051479506,False,False,False,False,-1.0,0
2024-03-16,2023-24,L303436,1,126.5,True,1.9090909090909092,0.6019724507048655,0.5986394122414741,L303444,-1,147.5,True,1.9090909090909092,0.6007880064248119,0.5977680946310298,3.6446280991735542,0.3616578285816345,0.3578475408266255,0.3181082843347174,0.3042212025168749,True,False,False,False,-1.0,0
2024-03-17,2023-24,L303449,-1,151.5,True,1.9090909090909092,0.5737957244448146,0.5680841548678301,L303446,1,133.5,True,1.9090909090909092,0.5711667186195545,0.5643445045669142,3.6446280991735542,0.32773302108907487,0.32059517093119977,0.19446497768828142,0.16845016843519933,False,False,False,False,-1.0,0
2024-03-19,2023-24,L303486,-1,155.0,True,1.9090909090909092,0.6238898103970365,0.6216753930279292,L303485,1,146.5,True,1.9090909090909092,0.6217804959460419,0.6155694360755221,3.6446280991735542,0.3879225157243514,0.3826843711082309,0.413833301111066,0.3947422120556183,False,True,False,False,-1.0,0
2024-03-20,2023-24,L303498,1,119.5,True,1.9090909090909092,0.7717296132575083,0.768618697641407,L303495,1,130.5,True,1.9090909090909092,0.7045112726254722,0.7016160607845496,3.6446280991735542,0.5436922119588107,0.5392752228845148,0.9815559130069051,0.9654576305129838,True,True,False,False,2.6446280991735542,1
2024-03-21,2023-24,L303459,-1,148.5,True,1.9523809523809523,0.582308938643347,0.5794817054723624,L303462,1,139.5,True,1.9090909090909092,0.5752397732816552,0.5693835404202447,3.7272727272727275,0.3349672618450802,0.32994734507061524,0.24851433960439007,0.22980374071774778,False,False,False,False,-1.0,0
2024-03-22,2023-24,L303470,-1,172.5,True,1.925925925925926,0.565446493854204,0.5638320410200012,L303479,1,134.5,True,1.9090909090909092,0.5732639434651655,0.5683412707319014,3.6767676767676774,0.32415008688541247,0.32044901867266906,0.1918245618817187,0.17821659390759126,False,False,False,False,-1.0,0
2024-03-23,2023-24,L303517,-1,136.5,True,1.9090909090909092,0.5603774225731023,0.5547307182471557,L303499,-1,153.5,True,1.9090909090909092,0.5591896520754355,0.5536477311006945,3.6446280991735542,0.31335725595958236,0.3071254035293964,0.1420706601502133,0.11935787567325473,True,False,False,False,-1.0,0
2024-03-24,2023-24,L303503,-1,151.0,True,1.9090909090909092,0.6009062258999114,0.5923362418687308,L303540,-1,170.5,True,1.9090909090909092,0.5938348826441766,0.5881415984326434,3.6446280991735542,0.35683907813742893,0.34837758410226016,0.300545731062861,0.26970673214129537,False,True,False,False,-1.0,0
2024-03-25,2023-24,L303545,-1,158.5,True,1.9090909090909092,0.6037054583320669,0.5918964305548602,L303543,-1,155.5,True,1.8695652173913042,0.5832967197757931,0.5751020779927803,3.569169960474308,0.3521394135558364,0.3404008671686095,0.2568454167625307,0.21494854961760623,True,False,False,False,-1.0,0
2024-03-26,2023-24,L303557,-1,161.5,True,1.9090909090909092,0.5707257843392839,0.562469921945922,L303558,-1,146.5,True,1.9090909090909092,0.5570566699951923,0.5517476780334454,3.6446280991735542,0.31792660490443575,0.31034147339731577,0.15872423770955502,0.131079254282779,True,True,False,False,2.6446280991735542,1
2024-03-27,2023-24,L303561,-1,151.5,True,1.9090909090909092,0.5522878730119845,0.5474717470284766,L303554,1,139.5,True,1.9090909090909092,0.5190646864813956,0.5179336687967712,3.6446280991735542,0.2866731316524425,0.28355405050103666,0.04481695089857163,0.03344906009055526,True,True,False,False,2.6446280991735542,1
2024-03-28,2023-24,L303541,-1,147.0,True,1.9090909090909092,0.5442603088951913,0.5389367556748886,L303552,-1,174.0,True,1.9090909090909092,0.5315347395964436,0.5276307649588117,3.6446280991735542,0.28929326156128543,0.28435961266116166,0.054366349987825524,0.03638503457497766,True,False,False,False,-1.0,0
2024-03-29,2023-24,L303542,1,142.5,True,1.9090909090909092,0.5791168232904814,0.5727013400715609,L303547,-1,154.5,True,1.9090909090909092,0.5433736596340201,0.5395768135807806,3.6446280991735542,0.314676827626977,0.3090163642092559,0.14688000812807323,0.1262497241015028,True,True,False,False,2.6446280991735542,1
2024-03-30,2023-24,L303564,-1,155.5,True,1.9090909090909092,0.5824637181289412,0.5751375684695368,L303565,-1,165.0,True,1.9174311926605505,0.5445504748669303,0.5391945599521646,3.6605504587155964,0.31718089429987273,0.3101110481428898,0.16105666812522235,0.13517713953222965,True,False,False,False,-1.0,0
2024-03-31,2023-24,L303587,-1,148.0,True,1.9090909090909092,0.5351842257465335,0.5308733956243917,L303586,-1,143.5,True,1.8695652173913042,0.5366163783665866,0.5335772476974422,3.569169960474308,0.2871886209790305,0.2832619653130583,0.025024998988397273,0.011010097540283148,True,True,False,False,2.569169960474308,1
2024-04-02,2023-24,L303563,-1,166.0,True,1.9090909090909092,0.5349538154017223,0.5306686871883727,L303562,1,144.5,True,1.9090909090909092,0.527572560779611,0.5241093361120054,3.6446280991735542,0.2822269542903099,0.2781284133377275,0.02861228795063364,0.01367463042923811,False,True,False,False,-1.0,0
2024-11-14,2024-25,L323327,1,142.5,True,1.9090909090909092,0.5582317047568013,0.5566106555096001,L323324,1,144.5,True,1.9090909090909092,0.5601724651214034,0.5512867814760057,3.6446280991735542,0.31270603016254084,0.30685209681113723,0.1396971843114092,0.11836177432819439,False,True,False,False,-1.0,0
2024-11-15,2024-25,L323382,-1,171.5,True,1.9174311926605505,0.5992629464645214,0.5935570331364886,L323389,1,136.5,True,1.9090909090909092,0.582331886119785,0.5793543817512936,3.6605504587155964,0.3489699218963845,0.34387986796692244,0.2774220076757561,0.2587896084293766,True,False,False,False,-1.0,0
2024-11-16,2024-25,L323447,-1,151.5,True,1.8928571428571428,0.7999656820645663,0.7962863186139798,L318156,1,140.5,True,1.9090909090909092,0.6968009224358938,0.6918467660911888,3.6136363636363638,0.5574168251796487,0.55090811441574,1.014301709171912,0.9907815952750598,True,True,False,False,2.6136363636363638,1
2024-11-17,2024-25,L323467,-1,143.5,True,1.925925925925926,0.5662289765740035,0.5639693635889513,L323489,-1,150.5,True,1.9090909090909092,0.5653407335524683,0.5618709280172773,3.6767676767676774,0.32011230497501053,0.3168779896930374,0.1769785758677156,0.16508674998248107,False,False,False,False,-1.0,0
2024-11-18,2024-25,L323512,1,148.5,True,1.9090909090909092,0.6798730501036273,0.6757104619535217,L323496,1,154.5,True,1.9523809523809523,0.6003298660305323,0.595312329311398,3.7272727272727275,0.4081480970864799,0.4022587690456318,0.521279270958698,0.4993281391700821,True,True,False,False,2.7272727272727275,1
2024-11-19,2024-25,L323527,1,148.5,True,1.8928571428571428,0.6025922006633152,0.5930867398825455,L323554,1,144.5,True,1.9090909090909092,0.5834009310341641,0.5730654648695065,3.6136363636363638,0.35155285090090393,0.33987752829873097,0.2703841657555395,0.22819379544314145,False,True,False,False,-1.0,0
2024-11-20,2024-25,L323606,1,163.5,True,1.9090909090909092,0.5966010859722193,0.5941509966785651,L323593,-1,153.5,True,1.9090909090909092,0.5899725023580399,0.5880214307293764,3.6446280991735542,0.3519782356005543,0.3493735191362148,0.2828297677673095,0.2733365449509979,True,True,False,False,2.6446280991735542,1
2024-11-21,2024-25,L323627,-1,159.0,True,2.0,0.5666745572551438,0.5648552942964875,L323634,-1,152.5,True,1.925925925925926,0.5681575922740127,0.5659810706500458,3.851851851851852,0.3219604520530247,0.3196974042282727,0.24014396346350253,0.23142703850890234,False,False,False,False,-1.0,0
2024-11-22,2024-25,L323720,1,155.5,True,1.8695652173913042,0.6255201052773943,0.6214483242185088,L323675,1,136.5,True,1.8928571428571428,0.5956952961183833,0.591982655527839,3.5388198757763973,0.3726193843412197,0.36788662924419835,0.31863288340627305,0.30188451560175134,False,True,False,False,-1.0,0
2024-11-23,2024-25,L318482,1,152.5,True,1.9090909090909092,0.5875854383267083,0.5784777371268434,L323745,1,136.5,True,1.9090909090909092,0.5850295575046212,0.5772491738135141,3.6446280991735542,0.343754848980433,0.33392579582598153,0.25285858182124765,0.21703533850626355,False,True,False,False,-1.0,0
2024-11-24,2024-25,L323794,1,138.5,True,1.9090909090909092,0.5882195643886038,0.5858473172613207,L323782,1,144.0,True,1.9090909090909092,0.5714637541062605,0.5627826019624067,3.6446280991735542,0.3361461605042607,0.3297046775610216,0.22512774200313213,0.2016509322678559,False,True,False,False,-1.0,0
2024-11-25,2024-25,L323811,1,145.5,True,1.9090909090909092,0.6253074416536417,0.6217211189803826,L323833,1,144.5,True,1.9090909090909092,0.594647330781977,0.5847402670413235,3.6446280991735542,0.37183740109744484,0.3635453731378194,0.3552090403634147,0.3249876822626312,True,False,False,False,-1.0,0
2024-11-26,2024-25,L323851,-1,147.5,True,1.9090909090909092,0.5899140680566826,0.5878347464206813,L323860,1,162.5,True,1.8695652173913042,0.5977489258703376,0.5887624148121298,3.569169960474308,0.3526205005366832,0.3460950048131163,0.2585624979629444,0.23527189464918585,True,False,False,False,-1.0,0
2024-11-27,2024-25,L323921,-1,159.5,True,1.8849557522123894,0.9164842037273757,0.9134845649514003,L340783,-1,160.5,True,1.925925925925926,0.812153119779969,0.8089830631671839,3.6302851524090465,0.7443255052862489,0.7389935415103261,1.7021138304000307,1.6827572814711154,True,True,False,False,2.6302851524090465,1
2024-11-28,2024-25,L353387,-1,149.5,True,1.9090909090909092,0.5894054702605533,0.5792510064590933,L323943,1,132.5,True,1.9090909090909092,0.5781548148780231,0.5763455496962502,3.6446280991735542,0.3407676105465844,0.3338487397297723,0.24197120868631194,0.2167544976928064,False,False,False,False,-1.0,0
2024-11-29,2024-25,L323979,1,153.5,True,1.9090909090909092,0.607289691478334,0.6026342192308609,L323990,-1,155.0,True,1.9090909090909092,0.6039986449045908,0.597665876331079,3.6446280991735542,0.36680215071744077,0.3601739087437081,0.3368574253420773,0.31269994839648985,True,True,False,False,2.6446280991735542,1
2024-11-30,2024-25,L324003,1,146.5,True,1.9090909090909092,0.6233940793599727,0.6128628056424302,L323997,1,137.5,True,1.9090909090909092,0.5866687548530487,0.5795224081777084,3.6446280991735542,0.3657258283208778,0.355167729008448,0.3329346304917946,0.29445428506384763,True,True,False,False,2.6446280991735542,1
2024-12-01,2024-25,L324084,-1,146.5,True,1.9090909090909092,0.620835077353849,0.6143739108942491,L324079,1,137.5,True,1.9090909090909092,0.5979831037228209,0.5910116535504895,3.6446280991735542,0.37124888645605225,0.3631021409758912,0.35306412336462034,0.32337226587081025,True,True,False,False,2.6446280991735542,1
2024-12-02,2024-25,L318380,-1,149.0,True,1.8849557522123894,0.5826102941556496,0.5791953911490827,L324093,1,130.5,True,1.9090909090909092,0.5633647554823149,0.559590785580616,3.598551890587289,0.32822210590847706,0.32411240393778734,0.18112427974949163,0.1663353039531157,True,False,False,False,-1.0,0
2024-12-03,2024-25,L324122,-1,135.5,True,1.9090909090909092,0.5820811860635432,0.5798760914478992,L324143,1,141.5,True,1.9523809523809523,0.560922594072231,0.5586834849220779,3.7272727272727275,0.3265024888474036,0.32396719559310583,0.21696382206759535,0.2075140926652128,True,True,False,False,2.7272727272727275,1
2024-12-04,2024-25,L324199,1,119.5,True,1.9090909090909092,0.6075082087274756,0.6001992434216666,L324179,1,129.5,True,1.9090909090909092,0.5677949240089782,0.5616523802636804,3.6446280991735542,0.34494007720924746,0.33710333370023915,0.2571782979279187,0.2286162823289708,True,True,False,False,2.6446280991735542,1
2024-12-05,2024-25,L324213,1,145.5,True,1.8695652173913042,0.5769720057905278,0.5727396420001628,L324232,1,135.5,True,1.8695652173913042,0.5745624352362727,0.5720832422062113,3.4952741020793945,0.33150644071016244,0.3276547513354779,0.1587058768867491,0.14524316676616,False,True,False,False,-1.0,0
2024-12-06,2024-25,L324245,1,135.5,True,1.8695652173913042,0.5836540638038985,0.5751834593679642,L324244,1,141.5,True,1.8695652173913042,0.5705233838592673,0.5663324315937045,3.4952741020793945,0.33298829148461284,0.3257450471563379,0.16388535152183192,0.138568227206179,False,False,False,False,-1.0,0
2024-12-07,2024-25,L318471,1,136.5,True,1.9090909090909092,0.6396877982387896,0.6353776659666411,L324342,1,134.5,True,1.8695652173913042,0.6455875587470981,0.6400040958609027,3.569169960474308,0.4129744840252864,0.4066443086371908,0.47397612282542934,0.45138265098570485,True,True,False,False,2.569169960474308,1
2024-12-08,2024-25,L324379,1,143.5,True,1.9090909090909092,0.5835551945624925,0.580352167284685,L324346,1,134.5,True,1.9090909090909092,0.5777091143336134,0.5736459690446458,3.6446280991735542,0.337125154615477,0.3329166813891835,0.22869581144979634,0.21335749167462748,True,True,False,False,2.6446280991735542,1
2024-12-09,2024-25,L318419,-1,144.5,True,1.9090909090909092,0.5719807084039659,0.5684671989531058,L324385,1,133.5,True,1.9174311926605505,0.5334886152276728,0.5283496883718289,3.6605504587155964,0.30514519606337503,0.30034946741647994,0.11699938742464822,0.09944438072638073,False,False,False,False,-1.0,0
2024-12-16,2024-25,L324593,1,136.5,True,1.9523809523809523,0.5681875144541118,0.5618381386407775,L324596,1,134.5,True,1.9090909090909092,0.5749647789097598,0.5697055749925845,3.7272727272727275,0.3266878086273943,0.3200823198271075,0.21765455942937906,0.1930341011737644,False,True,False,False,-1.0,0
2024-12-17,2024-25,L318032,1,137.5,True,1.8695652173913042,0.6808606184640729,0.6783040306277381,L324620,1,134.5,True,1.9090909090909092,0.5864014401485077,0.5795228358491457,3.569169960474308,0.399257647207736,0.39309267539729253,0.4250184009035003,0.4030145687104949,False,False,False,False,-1.0,0
2024-12-18,2024-25,L324691,1,154.5,True,1.9523809523809523,0.5502838366050925,0.5446276968017376,L324685,-1,151.5,True,1.9090909090909092,0.557682194602964,0.5552122906736472,3.7272727272727275,0.3068834976524668,0.3023839911056053,0.14383849125010384,0.12706760321180166,True,False,False,False,-1.0,0
2024-12-19,2024-25,L324725,-1,140.5,True,1.9090909090909092,0.8225178908474245,0.8191162289833731,L324719,1,149.5,True,1.9174311926605505,0.5637778960535298,0.5608927692890144,3.6605504587155964,0.4637174059683479,0.45943637004405863,0.6974609631318422,0.6817900151154075,False,True,False,False,-1.0,0
2024-12-20,2024-25,L324730,-1,142.5,True,1.925925925925926,0.5920239229718094,0.5842642648494436,L324732,-1,152.5,True,1.8695652173913042,0.5711039424432627,0.5689228556709427,3.600644122383253,0.3381071964299268,0.3324012940246294,0.21740368956089595,0.19685876560236948,False,False,False,False,-1.0,0
2024-12-21,2024-25,L324827,-1,151.5,True,1.9090909090909092,0.5815740388990168,0.5797065499276811,L318012,-1,144.5,True,1.8695652173913042,0.5858772770768689,0.5823857036310796,3.569169960474308,0.34073101432875297,0.3376128069791781,0.21612690094412623,0.2049974889414934,True,True,False,False,2.569169960474308,1
2024-12-22,2024-25,L324851,1,150.5,True,1.9090909090909092,0.6241394280031782,0.6184499204911769,L324889,-1,139.5,True,1.9090909090909092,0.6002823957699758,0.5968322217194681,3.6446280991735542,0.37465991113625013,0.36911084006897754,0.36549603976104406,0.34527173942495115,False,True,False,False,-1.0,0
2024-12-23,2024-25,L354574,-1,148.5,True,1.9523809523809523,0.5564843523320442,0.5548604467367866,L354575,-1,133.5,True,1.925925925925926,0.5628752795799601,0.5611904560860695,3.760141093474427,0.3132312854007724,0.31138238716833755,0.1777938279972604,0.17084170977583035,True,False,False,False,-1.0,0
2024-12-25,2024-25,L354580,-1,134.5,True,1.9345794392523366,0.5350497110703354,0.5332396623944275,L354582,-1,139.5,True,1.9090909090909092,0.517434849803558,0.5160602739144731,3.6932880203908245,0.27685336688511614,0.2751838062373294,0.022499223321665207,0.01633305498187876,False,True,False,False,-1.0,0
2024-12-28,2024-25,L324921,1,137.5,True,1.8695652173913042,0.6248472024246677,0.6183218778560532,L324910,1,147.5,True,1.9090909090909092,0.583844788561167,0.575214517970754,3.569169960474308,0.3648137827826668,0.35566772092174104,0.30208239467489384,0.26943854542423784,True,False,False,False,-1.0,0
2024-12-29,2024-25,L324991,1,139.5,True,1.9090909090909092,0.6261775458664847,0.6179727213689334,L324985,-1,152.5,True,1.9090909090909092,0.5973373635012104,0.5953155821152398,3.6446280991735542,0.3740392443315442,0.3678887903530855,0.3632339400843885,0.34081782269182415,True,True,False,False,2.6446280991735542,1
2024-12-30,2024-25,L325016,1,142.5,True,1.9090909090909092,0.5844292311056338,0.5759688064701426,L325022,1,146.0,True,1.8928571428571428,0.570647035141747,0.5603058092153316,3.6136363636363638,0.3335028079806008,0.3227186681920419,0.20515787429353471,0.1661879146030607,True,True,False,False,2.6136363636363638,1
2024-12-31,2024-25,L325053,1,134.5,True,1.9090909090909092,0.603761143364955,0.5948113520613619,L325036,1,154.5,True,1.9090909090909092,0.5830748480350608,0.5747052917132929,3.6446280991735542,0.3520379369169957,0.34184123160080315,0.2830473568627696,0.24588415814838172,True,False,False,False,-1.0,0
2025-01-01,2024-25,L318183,1,142.0,True,1.9090909090909092,0.8884521656832672,0.8856339525972643,L325067,1,140.5,True,1.8695652173913042,0.5817967391199897,0.5754163256469252,3.569169960474308,0.5168985728586177,0.5096082348716809,0.8448988588590189,0.8188784035143397,True,True,False,False,2.569169960474308,1
2025-01-02,2024-25,L325090,1,144.5,True,1.9345794392523366,0.5727947367514807,0.5656519587117115,L325115,1,138.0,True,1.8928571428571428,0.5883960044030213,0.5756205313352928,3.6618825100133514,0.3370301344476517,0.3256008810244845,0.23416475468130393,0.19231217146849744,False,False,False,False,-1.0,0
2025-01-03,2024-25,L325140,1,124.5,True,1.8695652173913042,0.5731452066920387,0.5653423451832144,L325143,1,137.0,True,1.9090909090909092,0.555450281828749,0.5508728096890187,3.569169960474308,0.3183536665858895,0.3114317261272564,0.13625834358521027,0.11155276163206529,False,False,False,False,-1.0,0
2025-01-04,2024-25,L325268,1,131.5,True,1.9090909090909092,0.7710059224386865,0.7641211132741003,L325186,1,154.5,True,1.8695652173913042,0.6412938894975292,0.6360914415279756,3.569169960474308,0.4944413868263356,0.48605090044448396,0.7647453450758142,0.7347982731279408,True,False,False,False,-1.0,0
2025-01-05,2024-25,L325269,-1,158.5,True,1.9090909090909092,0.6047946093941766,0.6022421425673212,L325279,1,134.5,True,1.9090909090909092,0.5612351874870433,0.5557795287849806,3.6446280991735542,0.3394320159944938,0.3347138542105229,0.23710346325265919,0.21990751823835208,True,False,False,False,-1.0,0
2025-01-06,2024-25,L325311,1,127.5,True,1.9523809523809523,0.5650167681346661,0.557465417214108,L325304,1,136.5,True,1.9523809523809523,0.5407746835599418,0.5381625396661647,3.8117913832199544,0.3055467639940851,0.30000700470400243,0.16468052216339446,0.14356411543634517,False,False,False,False,-1.0,0
2025-01-07,2024-25,L325333,-1,156.5,True,1.8695652173913042,0.5718632551017794,0.5681146367517939,L325331,1,132.5,True,1.9090909090909092,0.5520393268543683,0.5442912632120164,3.569169960474308,0.31569100639913417,0.3092198332868697,0.1267548568316923,0.10365814015036867,True,False,False,False,-1.0,0
2025-01-08,2024-25,L325345,1,133.5,True,1.9090909090909092,0.5929181380678966,0.5822744233044391,L325348,1,128.5,True,1.9090909090909092,0.5826137511863356,0.5743927198137884,3.6446280991735542,0.3454422605661549,0.3344541896798419,0.2590085695014406,0.21896113759347346,False,False,False,False,-1.0,0
2025-01-09,2024-25,L325395,1,131.5,True,1.9090909090909092,0.8531632773289789,0.8477993615548618,L325414,1,143.5,True,1.8849557522123894,0.5929081044759039,0.5895634167457865,3.598551890587289,0.5058474215695749,0.4998314883131807,0.8203181952378986,0.7986695472444549,True,False,False,False,-1.0,0
2025-01-10,2024-25,L325442,1,118.0,True,1.9523809523809523,0.5460259336524569,0.5391221578663965,L325439,1,125.5,True,1.8695652173913042,0.5617073441669762,0.5582046718194977,3.6501035196687366,0.30670677703821514,0.3009405072024313,0.11951148637344344,0.09846400455048943,True,True,False,False,2.6501035196687366,1
2025-01-11,2024-25,L325534,1,124.5,True,1.9090909090909092,0.659224515933551,0.6533869918389354,L325519,1,138.5,True,1.9174311926605505,0.6346724712998764,0.6262890003346933,3.6605504587155964,0.41839165266901157,0.40920908595049926,0.5315437561003267,0.49793050728668997,True,False,False,False,-1.0,0
2025-01-12,2024-25,L325485,1,149.5,True,1.9433962264150944,0.5540261116495002,0.5494749259573046,L325511,1,133.0,True,1.9090909090909092,0.5652635378811295,0.5556688934524568,3.710120068610635,0.31317075994952215,0.3053261240865661,0.16190112139076573,0.1327965804446698,True,True,False,False,2.710120068610635,1
2025-01-13,2024-25,L318281,1,139.5,True,1.8695652173913042,0.5899803358923851,0.5831466750377542,L318491,1,131.5,True,1.8771929824561404,0.5821853241939111,0.5741179221954028,3.5095347063310447,0.3434778931195408,0.3347949574078332,0.20544758676049346,0.17497452252741463,True,True,False,False,2.5095347063310447,1
2025-01-14,2024-25,L325610,-1,152.5,True,1.9345794392523366,0.6348025254793029,0.6310164244808358,L325620,1,154.5,True,1.9090909090909092,0.6281897411560987,0.625905904639323,3.6932880203908245,0.39877643416608105,0.3949569060069486,0.47279622711975744,0.45868960952608817,True,False,False,False,-1.0,0
2025-01-15,2024-25,L325672,1,142.5,True,1.9090909090909092,0.5783436337579735,0.5739221766194434,L325673,1,132.5,True,1.8695652173913042,0.5880515264618081,0.5809628566440053,3.569169960474308,0.34009585665084524,0.3334274672201772,0.21385991523997316,0.19005929999928872,False,False,False,False,-1.0,0
2025-01-16,2024-25,L325689,1,150.5,True,1.9174311926605505,0.5934064524490207,0.5860655118326287,L325714,1,122.5,True,1.8695652173913042,0.6114175304532491,0.600493007216213,3.58476266453929,0.36281910771140363,0.35192824162608427,0.3006203913052987,0.2615792211781489,True,True,False,False,2.58476266453929,1
2025-01-17,2024-25,L325746,1,142.0,True,1.9090909090909092,0.560464870500094,0.5533430823988689,L325750,-1,152.5,True,1.9090909090909092,0.5362110261151265,0.5339899074581568,3.6446280991735542,0.3005274433123369,0.2954796213627832,0.09531076446893039,0.07691333075196183,True,True,False,False,2.6446280991735542,1
2025-01-18,2024-25,L325854,1,135.5,True,1.9090909090909092,0.6381283514114411,0.6326245940440264,L325766,1,132.5,True,1.8695652173913042,0.6297409726912376,0.6254826798606004,3.569169960474308,0.4018555687196968,0.395695726428382,0.43429082432366095,0.4123053002562411,False,True,False,False,-1.0,0
2025-01-19,2024-25,L325870,1,153.5,True,1.8695652173913042,0.5691517176514377,0.5668864109378091,L325877,1,145.5,True,1.9090909090909092,0.5559294534898865,0.5511206741932937,3.569169960474308,0.316408203346794,0.3124228209870619,0.12931465463302327,0.11509014763366365,True,True,False,False,2.569169960474308,1
2025-01-20,2024-25,L318310,1,121.5,True,1.9090909090909092,0.5997595113184833,0.587485199203034,L317965,1,138.5,True,1.8695652173913042,0.5927035754926582,0.5820397982327088,3.569169960474308,0.35547960679419444,0.34193976680883664,0.2687671341310576,0.22044114398568948,False,True,False,False,-1.0,0
2025-01-21,2024-25,L325912,-1,147.5,True,1.9090909090909092,0.6169099660346897,0.6141508811232133,L325923,1,134.5,True,1.9090909090909092,0.5950993482848743,0.5903602005696765,3.6446280991735542,0.3671227187376878,0.36257023735994376,0.33802577655636634,0.321433675006076,False,True,False,False,-1.0,0
2025-01-22,2024-25,L325968,1,146.5,True,1.8928571428571428,0.557360638439966,0.5523266746386056,L325953,1,136.5,True,1.9090909090909092,0.5534884230693572,0.5455372683664077,3.6136363636363638,0.3084926608510669,0.30131478532824657,0.11478029716635518,0.08884206516343629,False,False,False,False,-1.0,0
2025-01-23,2024-25,L325991,1,148.5,True,1.9090909090909092,0.593864627085126,0.583960226631687,L325997,1,136.0,True,1.9090909090909092,0.5772433206618856,0.5659922162319654,3.6446280991735542,0.3428043893622505,0.3305169428625893,0.24939450998968993,0.20461133720993296,True,True,False,False,2.6446280991735542,1
2025-01-24,2024-25,L326032,-1,171.5,True,1.8849557522123894,0.5839757319995539,0.5796568393183845,L326025,1,134.5,True,1.9090909090909092,0.5664063473778507,0.5594577900586069,3.598551890587289,0.33076756131917395,0.32429353431742036,0.1902842331300605,0.16698711102318686,True,True,False,False,2.598551890587289,1
2025-01-25,2024-25,L326102,1,140.5,True,1.8695652173913042,0.6133868314843078,0.6078328855055631,L326138,1,144.5,True,1.9174311926605505,0.5929791201819659,0.589674169832464,3.58476266453929,0.3637255836647686,0.3584233521573641,0.30386989245922447,0.28486265091273677,True,True,False,False,2.58476266453929,1
2025-01-26,2024-25,L326170,1,127.5,True,1.8695652173913042,0.5814210466239199,0.573499299046489,L326172,1,123.5,True,1.9090909090909092,0.5605529926680325,0.5554622808551122,3.569169960474308,0.325917307685218,0.31855722871717085,0.16325426418874223,0.13698489142926973,True,True,False,False,2.569169960474308,1
2025-01-27,2024-25,L318058,1,141.5,True,1.9090909090909092,0.5784287093263215,0.5755633288796286,L325996,1,131.5,True,1.9090909090909092,0.5631817589944663,0.5548448697848211,3.6446280991735542,0.32576049797129664,0.31934836026513563,0.187275864506957,0.16390600724731264,False,True,False,False,-1.0,0
2025-01-28,2024-25,L326212,-1,152.5,True,1.8547008547008548,0.6880158399451876,0.6853932686190783,L326203,1,150.5,True,1.8695652173913042,0.5914778358294975,0.5852239028341142,3.467484206614641,0.4069461200271935,0.40110852363748745,0.4110792441373996,0.3908374708515032,True,True,False,False,2.467484206614641,1
2025-01-29,2024-25,L326246,-1,134.5,True,1.9090909090909092,0.556669927480835,0.5550178297429695,L326255,1,141.5,True,1.8771929824561404,0.5659644766647637,0.5599168523390572,3.583732057416268,0.31505540418170275,0.31076383622173825,0.12907415182820725,0.1136943221535025,True,True,False,False,2.583732057416268,1
2025-01-30,2024-25,L326285,1,123.5,True,1.9090909090909092,0.6028253974908901,0.5920387273660928,L318123,1,127.5,True,1.9090909090909092,0.5935944086085085,0.5840051048662939,3.6446280991735542,0.35783378531779403,0.3457536390603422,0.3041710688028689,0.26014342831083415,False,True,False,False,-1.0,0
2025-01-31,2024-25,L326320,1,131.5,True,1.9090909090909092,0.5664576706221949,0.5604695460286258,L326326,1,124.5,True,1.8695652173913042,0.5751659736419564,0.5690726730079102,3.569169960474308,0.3258071776503694,0.31894790269804,0.1628611913766147,0.1383792732661271,False,True,False,False,-1.0,0
2025-02-01,2024-25,L318295,1,139.0,True,1.9090909090909092,0.794918014436246,0.790193483608318,L326449,1,147.5,True,1.8849557522123894,0.7466600948926224,0.7437695406458096,3.598551890587289,0.5935335600908225,0.5877218443246707,1.1358613147918333,1.114947554033992,True,False,False,False,-1.0,0
2025-02-02,2024-25,L326462,1,125.5,True,1.9090909090909092,0.5804151702213861,0.5746056428001656,L326460,1,141.5,True,1.9090909090909092,0.5684878180668811,0.5620601129239665,3.6446280991735542,0.3299589536920732,0.32296291247900943,0.20257767420003536,0.1770797058119269,False,True,False,False,-1.0,0
2025-02-03,2024-25,L326477,1,139.5,True,1.8771929824561404,0.5983620910433205,0.5894987139211653,L326483,-1,137.5,True,2.12,0.5019101265534196,0.4953256224396055,3.9796491228070177,0.3003239928403218,0.29199381740034813,0.1951841146648876,0.16203293928236784,True,False,False,False,-1.0,0
2025-02-04,2024-25,L326499,-1,164.5,True,1.9433962264150944,0.5497559196506367,0.5482595145660749,L317924,-1,161.5,True,1.9090909090909092,0.5609460428557904,0.5579610631559891,3.710120068610635,0.30838340766457056,0.3059074616326737,0.14413946960285773,0.13495341254112048,True,True,False,False,2.710120068610635,1
2025-02-05,2024-25,L326561,1,140.5,True,1.8695652173913042,0.5998358262547939,0.5958694474191492,L326569,1,140.5,True,1.9090909090909092,0.5844345407140944,0.5791905497624459,3.569169960474308,0.3505647756210798,0.3451219528373418,0.25122526634717435,0.23179890676727122,True,True,False,False,2.569169960474308,1
2025-02-06,2024-25,L318386,1,15.0,True,1.9090909090909092,0.9999999896280357,0.9999999428216012,L326583,1,129.5,True,1.7092198581560285,0.8726943729066484,0.8700132366917105,3.2630560928433274,0.8726943638550936,0.8700131869457467,1.8476506611673944,1.8389018305173592,True,True,False,False,2.2630560928433274,1
2025-02-07,2024-25,L326626,1,143.5,True,1.9090909090909092,0.5512804566699936,0.5487262520741869,L326628,1,144.5,True,1.9090909090909092,0.5364093874880727,0.5334543260721291,3.6446280991735542,0.2957120120964962,0.2927203929983206,0.07776030855004024,0.06685696952280495,False,False,False,False,-1.0,0
2025-02-08,2024-25,L326714,1,141.5,True,1.9090909090909092,0.636181400172644,0.6277767881493322,L326738,1,142.5,True,1.9090909090909092,0.6178187640652899,0.6113714152234695,3.6446280991735542,0.39304480637598854,0.38380478341530144,0.43250214555215694,0.3988256982326277,True,False,False,False,-1.0,0
2025-02-09,2024-25,L326756,1,151.5,True,1.9090909090909092,0.5535867912816173,0.5464835671725774,L326750,1,135.0,True,1.9090909090909092,0.5339257748125981,0.5305446647547614,3.6446280991735542,0.2955742564610575,0.2899339409395612,0.07725824049030061,0.05670138805245051,False,False,False,False,-1.0,0
2025-02-10,2024-25,L318507,1,135.5,True,1.9523809523809523,0.5504642074840435,0.5466264409413877,L325307,-1,152.5,True,1.9090909090909092,0.5529900037460376,0.54856641701881,3.7272727272727275,0.3044012041586608,0.2998609081549612,0.13458630640955405,0.11766338494121897,False,True,False,False,-1.0,0
2025-02-11,2024-25,L326774,-1,160.5,True,1.9090909090909092,0.5930118840912177,0.5906495667145452,L326790,1,135.5,True,1.9090909090909092,0.5886820753667849,0.5847744566824032,3.6446280991735542,0.34909546664398533,0.34539677946519504,0.2723231470247731,0.25884280780290103,True,False,False,False,-1.0,0
2025-02-12,2024-25,L326814,1,140.5,True,1.9090909090909092,0.5893918777224353,0.583811159198213,L326810,1,130.5,True,1.9523809523809523,0.5489881295823763,0.5416681773740915,3.7272727272727275,0.3235691445418844,0.3162319265335516,0.2060304478379329,0.1786826352614197,True,True,False,False,2.7272727272727275,1
2025-02-13,2024-25,L326848,1,147.5,True,1.8695652173913042,0.5990261465101802,0.5903144805597299,L326852,1,125.5,True,1.8695652173913042,0.5967089447026729,0.588707355382044,3.4952741020793945,0.35744425973339833,0.3475224766940436,0.24936566398308768,0.21468631267918048,True,False,False,False,-1.0,0
2025-02-14,2024-25,L326906,1,130.5,True,1.9433962264150944,0.5587571383631355,0.5538771253526632,L326900,1,147.5,True,1.9090909090909092,0.5461498571076738,0.54274072821359,3.710120068610635,0.3051651312749192,0.3006116743547543,0.13219927778327656,0.11530540588221894,False,False,False,False,-1.0,0
2025-02-15,2024-25,L326947,1,134.5,True,1.9090909090909092,0.6439704527988733,0.6406993685214402,L326996,1,138.5,True,1.8771929824561404,0.6456149529657332,0.6419500674508394,3.583732057416268,0.41575695359506654,0.4112970028380487,0.4899615226923679,0.4739782541899449,False,True,False,False,-1.0,0
2025-02-16,2024-25,L327056,1,140.5,True,1.9090909090909092,0.5825316915756616,0.5742539459165432,L327061,1,143.5,True,1.9090909090909092,0.5583318185392008,0.5549473732579414,3.6446280991735542,0.325245978714156,0.3186807188693936,0.1854006331648168,0.1614727026562197,True,False,False,False,-1.0,0
2025-02-17,2024-25,L318025,1,140.5,True,1.9090909090909092,0.5550470888862755,0.5468776680968543,L327065,1,139.0,True,1.9090909090909092,0.5344741403173505,0.5291964361028989,3.6446280991735542,0.29665831566814016,0.28940571294111933,0.08120923313760176,0.05477619344655915,False,False,False,False,-1.0,0
2025-02-18,2024-25,L327105,1,139.5,True,1.9090909090909092,0.5608507651633001,0.5528078197746402,L327103,1,133.5,True,1.9523809523809523,0.5453684663513289,0.5385571259370754,3.7272727272727275,0.3058703216490783,0.29771859061337097,0.14006210796474639,0.10967838319529188,True,True,False,False,2.7272727272727275,1
2025-02-19,2024-25,L327125,1,140.5,True,1.9090909090909092,0.7887544419937835,0.7861092976253949,L327131,1,139.5,True,1.9433962264150944,0.567046550983887,0.5625282151834577,3.710120068610635,0.4472604859057953,0.442208660132335,0.6593901046556352,0.6406472244703956,True,True,False,False,2.710120068610635,1
2025-02-20,2024-25,L327175,1,132.5,True,1.8695652173913042,0.5988288199500751,0.590313934590781,L327182,1,133.5,True,1.9090909090909092,0.5747021571982841,0.5675831804461565,3.569169960474308,0.34414821461781103,0.3350522604567199,0.22832346956475646,0.19585846321113842,False,True,False,False,-1.0,0
2025-02-21,2024-25,L327209,1,145.5,True,1.9090909090909092,0.5581188971090022,0.5530759593864499,L327202,1,149.5,True,1.9090909090909092,0.5464318604172753,0.542061794658102,3.6446280991735542,0.30497394728130994,0.2998013471272706,0.11151661777733635,0.09266441391013513,True,True,False,False,2.6446280991735542,1
2025-02-22,2024-25,L327222,1,141.5,True,1.8695652173913042,0.6322345547118537,0.6257207663954667,L327237,-1,145.5,True,1.9523809523809523,0.5930243167679623,0.5910332902979052,3.6501035196687366,0.37493046484509396,0.3698218033704396,0.3685350093621129,0.34988786613268097,True,True,False,False,2.6501035196687366,1
2025-02-23,2024-25,L318210,-1,127.5,True,1.9090909090909092,0.5584904684165128,0.554690147781292,L327357,1,143.5,True,1.8928571428571428,0.5628752340537562,0.5571747171341935,3.6136363636363638,0.3143604531267366,0.30905932618716536,0.13598436470797992,0.11682801963089307,True,False,False,False,-1.0,0
2025-02-24,2024-25,L318066,1,150.5,True,1.9090909090909092,0.5763042301556898,0.5703088144194101,L318427,1,142.5,True,1.925925925925926,0.5504130612505077,0.5438052509704493,3.6767676767676774,0.3172053755316104,0.31013692795600667,0.1662904716515774,0.14030143208067125,False,True,False,False,-1.0,0
2025-02-25,2024-25,L327387,1,145.5,True,1.9090909090909092,0.5773837868535804,0.5745822043506807,L327400,-1,151.5,True,1.925925925925926,0.547770703069632,0.5461103885414288,3.6767676767676774,0.3162739228657923,0.3137853108669409,0.16286573659745884,0.15371568844006567,False,True,False,False,-1.0,0
2025-02-26,2024-25,L327461,-1,152.5,True,1.9090909090909092,0.5790222792703777,0.5745320646224189,L327459,1,145.5,True,1.9090909090909092,0.5733316500589307,0.5702626559960556,3.6446280991735542,0.3319717987949687,0.3276341811264781,0.20991374602133206,0.1941047427832796,True,True,False,False,2.6446280991735542,1
2025-02-27,2024-25,L317959,1,137.5,True,1.9090909090909092,0.5980295836857733,0.5946442235858093,L327474,1,113.5,True,1.8695652173913042,0.6046109470863666,0.5958261156815986,3.569169960474308,0.36157523297792094,0.3543045579516328,0.2905234599962949,0.2645731851000961,False,False,False,False,-1.0,0
2025-02-28,2024-25,L327514,1,138.5,True,1.925925925925926,0.5692526749823659,0.5627997284797912,L327529,1,142.5,True,1.9090909090909092,0.5575252034071144,0.5542176962246673,3.6767676767676774,0.3173727134095875,0.3119135689539382,0.16690573415242294,0.14683372827508578,False,False,False,False,-1.0,0
2025-03-01,2024-25,L327569,1,128.5,True,1.9090909090909092,0.6797443822034649,0.670124362283559,L327634,1,139.5,True,1.9090909090909092,0.6631563395578955,0.6600047587998837,3.6446280991735542,0.4507767963370929,0.4422852680948863,0.6429137783856032,0.6119653159491312,True,True,False,False,2.6446280991735542,1
2025-03-02,2024-25,L356057,1,144.5,True,1.9523809523809523,0.5530737458319235,0.5501464684287927,L327657,1,139.5,True,1.8695652173913042,0.5622730596063739,0.5566952480452315,3.6501035196687366,0.31097846725687356,0.3062639247031749,0.13510359787550308,0.11789502950661945,True,False,False,False,-1.0,0
2025-03-03,2024-25,L356075,1,143.5,True,1.9090909090909092,0.5630419095576463,0.5591146917952494,L356076,1,141.5,True,1.8695652173913042,0.5570377183409303,0.5522457545306613,3.569169960474308,0.31363558063031177,0.30876871483964563,0.11941869292162655,0.10204802173992089,True,True,False,False,2.569169960474308,1
2025-03-04,2024-25,L327712,1,135.5,True,1.925925925925926,0.5521049064795551,0.5480448834823826,L327688,1,150.5,True,1.8771929824561404,0.5602396524094139,0.5531663603385287,3.615334632878493,0.3093110608996379,0.30315999349810263,0.11826299080284963,0.09602482379690924,True,False,False,False,-1.0,0
2025-03-05,2024-25,L327722,1,136.5,True,1.9090909090909092,0.5755411376560073,0.568341826483172,L356061,1,128.0,True,1.9090909090909092,0.5677830300287185,0.5578385637147819,3.6446280991735542,0.32678249104450363,0.31704298818440846,0.19100064917872817,0.1555037833828441,True,False,False,False,-1.0,0
2025-03-06,2024-25,L356104,-1,142.5,True,1.9090909090909092,0.560617390001567,0.5583427712726269,L356071,1,135.5,True,1.9090909090909092,0.5615368758627045,0.5570020953911647,3.6446280991735542,0.3148073377357833,0.310998093545363,0.147355668937855,0.1334723905248354,True,False,False,False,-1.0,0
2025-03-07,2024-25,L355025,-1,163.5,True,1.9090909090909092,0.585610901711389,0.5757803747266281,L355040,-1,133.5,True,1.9090909090909092,0.5589558770242585,0.5540247634872285,3.6446280991735542,0.3273306551610563,0.31899658592850794,0.19299850352087455,0.16262392061547137,True,False,False,False,-1.0,0
2025-03-08,2024-25,L327775,1,143.5,True,1.9090909090909092,0.6422609667944044,0.6369551281982363,L355014,1,149.5,True,1.9090909090909092,0.635764787800639,0.6332722623835937,3.6446280991735542,0.40832690726667775,0.40336601507092906,0.4881997198727679,0.4701191127791713,True,True,False,False,2.6446280991735542,1
2025-03-09,2024-25,L327833,1,143.5,True,1.8849557522123894,0.7843837412080155,0.7805777086699863,L356135,-1,164.5,True,1.9090909090909092,0.5880434568642439,0.5810960071564744,3.598551890587289,0.46125172668806985,0.4535905897834787,0.6598382731100054,0.6322692744179408,True,False,False,False,-1.0,0
2025-03-10,2024-25,L356157,1,137.5,True,1.9433962264150944,0.5558906187152489,0.5511606860235141,L356153,-1,139.5,True,1.9090909090909092,0.5585638522066463,0.5565211726103165,3.710120068610635,0.31050040539512547,0.30673259128251257,0.15199378536819275,0.1380147426141931,True,False,False,False,-1.0,0
2025-03-11,2024-25,L355075,1,137.5,True,1.8695652173913042,0.5805180189613381,0.5757059672828011,L355081,1,132.5,True,1.8695652173913042,0.5588590216727994,0.5568756522998443,3.4952741020793945,0.32442773214016507,0.3205966360635227,0.13396385014586976,0.12057311924660352,True,True,False,False,2.4952741020793945,1
2025-03-12,2024-25,L356169,-1,131.5,True,1.9090909090909092,0.5884836009636706,0.5857484255469709,L355112,1,128.5,True,1.8695652173913042,0.5660757209302709,0.562904409918658,3.569169960474308,0.3331262786711517,0.32972037184330066,0.18898430687766798,0.17682804653952733,True,False,False,False,-1.0,0
2025-03-13,2024-25,L355097,1,130.0,True,1.9090909090909092,0.8175448997062003,0.8140149226951906,L355088,-1,149.5,True,1.9090909090909092,0.6300942391974177,0.627173909382589,3.6446280991735542,0.5151303315901073,0.5105289213625086,0.8774584812498956,0.8606880522385649,True,True,False,False,2.6446280991735542,1
2025-03-14,2024-25,L356242,1,134.5,True,1.9090909090909092,0.6246445215027935,0.6223941286247052,L356233,1,149.5,True,1.8928571428571428,0.6162786997127216,0.6140824502461454,3.6136363636363638,0.38495511349441675,0.38220131152467357,0.39108779649118786,0.38113655755507025,False,False,False,False,-1.0,0
2025-03-15,2024-25,L356257,-1,150.5,True,1.9523809523809523,0.5877532951589378,0.5813863859772908,L356265,1,140.5,True,1.9523809523809523,0.5608173566211399,0.5518417224489018,3.8117913832199544,0.3296222493364001,0.3208332646460502,0.2564512497380693,0.22294947362814121,False,True,False,False,-1.0,0
2025-03-16,2024-25,L356279,-1,161.5,True,1.9090909090909092,0.5298199915048883,0.5260309923146544,L356281,1,126.5,True,1.9090909090909092,0.5253642733810384,0.5242407651565036,3.6446280991735542,0.27834849485971364,0.2757668899070693,0.014476745728377649,0.005067755777004912,True,True,False,False,2.6446280991735542,1
2025-03-18,2024-25,L356316,-1,151.5,True,1.925925925925926,0.5638207775059444,0.5621331838235089,L356315,1,148.5,True,1.9090909090909092,0.552213897794081,0.5479040294666935,3.6767676767676774,0.3113496692038469,0.307995036513842,0.14476039990101297,0.13242619485897467,False,True,False,False,-1.0,0
2025-03-19,2024-25,L356313,-1,128.5,True,1.8928571428571428,0.5780744984623709,0.575255944629472,L356322,-1,154.5,True,1.9090909090909092,0.5718546666273899,0.570075087914209,3.6136363636363638,0.33057459960399477,0.3279390832078176,0.19457639402352656,0.18505259613734104,False,True,False,False,-1.0,0
2025-03-20,2024-25,L356292,-1,154.5,True,1.9174311926605505,0.5595619403073266,0.5525704095555718,L356289,1,126.5,True,1.9090909090909092,0.5510896874596815,0.5454876935164498,3.6605504587155964,0.3083688147982976,0.3014203582139089,0.1287996064634931,0.10336443052614364,True,False,False,False,-1.0,0
2025-03-21,2024-25,L356304,-1,147.5,True,1.9090909090909092,0.5522962897467474,0.5480221710273935,L356301,1,143.5,True,1.9523809523809523,0.5372471583341315,0.5332990618136226,3.7272727272727275,0.29671961222492416,0.29225970966197357,0.10595491829289894,0.08933164510371983,True,True,False,False,2.7272727272727275,1
2025-03-22,2024-25,L356454,1,142.5,True,1.9090909090909092,0.5821826763349307,0.5739001479038707,L356453,1,140.5,True,1.9090909090909092,0.5372434492096653,0.5315757257359321,3.6446280991735542,0.31277382910429236,0.30507138762195884,0.13994428623961097,0.11187175158085827,False,True,False,False,-1.0,0
2025-03-23,2024-25,L356426,1,136.5,True,1.9090909090909092,0.5724657703727202,0.5656296307510069,L356386,1,138.5,True,1.9090909090909092,0.5630346315332556,0.5606536519089413,3.6446280991735542,0.3223180540872058,0.31712231810845803,0.17472943679717168,0.15579291145314067,False,True,False,False,-1.0,0
2025-03-24,2024-25,L356311,-1,140.5,True,1.9090909090909092,0.5667892018354543,0.5607468084903757,L356472,-1,145.5,True,1.9523809523809523,0.5298197245244289,0.5251971521716131,3.7272727272727275,0.3002960987798814,0.29450262690846624,0.11928545908864852,0.09769160938610155,False,False,False,False,-1.0,0
2025-03-25,2024-25,L356518,-1,149.5,True,1.8928571428571428,0.5953519472519077,0.585370600597023,L356551,-1,140.5,True,1.9090909090909092,0.5605032979256143,0.5552427629076744,3.6136363636363638,0.3336967298611306,0.32502278960041575,0.20585863745272182,0.17451417151059334,False,True,False,False,-1.0,0
2025-03-26,2024-25,L356584,-1,141.5,True,1.9090909090909092,0.5449871456714456,0.5382294258889763,L356488,-1,159.5,True,1.9523809523809523,0.5179939633326683,0.5165509732344897,3.7272727272727275,0.28230005155171034,0.27802293376639137,0.052209283056374955,0.03626729858382238,False,True,False,False,-1.0,0
2025-03-28,2024-25,L356466,1,150.5,True,1.8695652173913042,0.5609761320320618,0.5570766706729816,L356467,-1,132.5,True,1.9523809523809523,0.5210614918171602,0.5176664135583574,3.6501035196687366,0.29230306023044633,0.2883798821843126,0.06693642895709484,0.05261642296261493,False,True,False,False,-1.0,0
2025-03-30,2024-25,L356650,-1,149.5,True,1.9090909090909092,0.5289992594194577,0.5253535129548054,L356651,1,122.5,True,1.9090909090909092,0.5254172857712311,0.5242921463298704,3.6446280991735542,0.27794535505916285,0.2754387208890123,0.013007451083395294,0.0038717017525160546,True,False,False,False,-1.0,0
2025-03-31,2024-25,L355436,1,149.5,True,1.9090909090909092,0.6046993284712903,0.6019902703936829,L355430,1,154.5,True,1.9090909090909092,0.5666328552603666,0.5629226473654964,3.6446280991735542,0.3426425070657135,0.33887395669828296,0.24880450922297226,0.2350695446606843,True,True,False,False,2.6446280991735542,1
2025-04-01,2024-25,L355432,1,149.5,True,1.9523809523809523,0.5815145618346699,0.5789391393206709,L355433,1,137.5,True,1.9090909090909092,0.5860937580739929,0.5808826234984175,3.7272727272727275,0.340822054920433,0.3362956860945071,0.27033675015797765,0.2534657390795263,False,True,False,False,-1.0,0
2025-04-03,2024-25,L356721,-1,150.5,True,1.9523809523809523,0.5551905316359201,0.5470010338289704,L356720,1,146.5,True,1.9090909090909092,0.5200468273122965,0.5167930243640184,3.7272727272727275,0.2887250745310874,0.28268631860271837,0.0761570959795077,0.05364900570104103,True,True,False,False,2.7272727272727275,1
2025-04-05,2024-25,L356815,-1,156.5,True,1.925925925925926,0.5402478827757196,0.5374177566149597,L356722,-1,155.5,True,1.9090909090909092,0.5433843400037252,0.5385517038744784,3.6767676767676774,0.29356223922049424,0.28942724851738627,0.07936015228545368,0.06415675212453142,False,True,False,False,-1.0,0
2025-11-12,2025-26,L365475,1,137.0,True,1.9090909090909092,0.5754883391045209,0.5701222971161072,L367783,-1,160.5,True,1.8928571428571428,0.5745593194702172,0.5670756156035306,3.6136363636363638,0.3306521884789391,0.32330245260641544,0.1948567720034391,0.16829749919136505,False,True,False,False,-1.0,0
2025-11-13,2025-26,L365494,-1,136.5,True,1.9090909090909092,0.648775609893082,0.6375723534373835,L371525,-1,157.5,True,1.9523809523809523,0.6082020308798789,0.588236078764246,3.7272727272727275,0.39458664352230455,0.3750430611144984,0.4707320349467714,0.39788777324494884,True,True,False,False,2.7272727272727275,1
2025-11-14,2025-26,L365530,-1,168.5,True,1.8928571428571428,0.9574011068158355,0.9542415156689746,L365503,-1,148.5,True,1.8928571428571428,0.587560394784867,0.5849272904836192,3.582908163265306,0.5625309722881809,0.5581619042272354,1.015496812700893,0.9998428430794697,True,False,False,False,-1.0,0
2025-11-15,2025-26,L367763,-1,157.5,True,1.8547008547008548,0.7604183454866928,0.7534234260960103,L365546,1,154.5,True,1.8695652173913042,0.6566342012253138,0.6543343462551499,3.467484206614641,0.4993166928857293,0.49299082496784813,0.7313727466803193,0.7094378995819364,True,True,False,False,2.467484206614641,1
2025-11-16,2025-26,L366738,-1,161.5,True,1.8695652173913042,0.6742521707383597,0.6701502256949402,L365576,1,140.5,True,1.9090909090909092,0.6181404924609245,0.6114698043963993,3.569169960474308,0.41678256886305703,0.4097766274218879,0.4875678248353379,0.4625624290986752,False,True,False,False,-1.0,0
2025-11-17,2025-26,L367508,-1,151.5,True,1.9090909090909092,0.6355985811120469,0.6303514251268543,L365613,-1,144.5,True,1.9523809523809523,0.5885980613131512,0.5819666073376372,3.7272727272727275,0.3741120926159405,0.36684348031152,0.39441779975032354,0.3673256993429379,True,True,False,False,2.7272727272727275,1
2025-11-18,2025-26,L365623,-1,155.0,True,1.9090909090909092,0.6413650247251149,0.6278209502701023,L365631,1,158.5,True,1.9090909090909092,0.6296888706841637,0.6270474196057315,3.6446280991735542,0.40386041811547835,0.39367350684128594,0.47192102800765245,0.4347935249339432,True,True,False,False,2.6446280991735542,1
2025-11-19,2025-26,L366757,1,153.5,True,1.9090909090909092,0.6442260920869909,0.6357944420888829,L365663,1,146.5,True,1.9090909090909092,0.6127610740418848,0.610367568432034,3.6446280991735542,0.3947566721130307,0.38806830764039313,0.43874125951939336,0.4143646584249039,False,False,False,False,-1.0,0
2025-11-20,2025-26,L366771,-1,158.5,True,1.9090909090909092,0.6346899665369221,0.6276224160001163,L366776,-1,165.5,True,1.8620689655172413,0.6509150857224355,0.640692272453214,3.554858934169279,0.4131292739755504,0.40211283194969094,0.4686162905588531,0.4294543932004684,False,False,False,False,-1.0,0
2025-11-21,2025-26,L366780,1,150.5,True,1.8928571428571428,0.9211006455412121,0.9185103339206454,L371365,-1,151.0,True,1.9090909090909092,0.7551702232688492,0.7505197509327967,3.6136363636363638,0.6955877801464383,0.6893601470433227,1.5136012964382655,1.4910968949974617,True,True,False,False,2.6136363636363638,1
2025-11-22,2025-26,L365731,1,154.5,True,1.9090909090909092,0.6620105969218466,0.6569153259317537,L366799,1,154.5,True,1.8333333333333335,0.6747589124965144,0.6723898368792998,3.5000000000000004,0.4466975504401536,0.4417031888467639,0.5634414265405379,0.5459611609636739,True,True,False,False,2.5000000000000004,1
2025-11-23,2025-26,L365765,1,156.5,True,1.8547008547008548,0.8906985122978586,0.8832049875288841,L367522,1,145.0,True,1.8620689655172413,0.8352433929166909,0.829867431807168,3.453580901856764,0.7439500474775124,0.732943054759877,1.5692916759037696,1.5312781360672671,True,False,False,False,-1.0,0
2025-11-24,2025-26,L367796,1,145.5,True,1.8620689655172413,0.8360969607406872,0.8332398075570716,L370690,-1,156.0,True,1.8620689655172413,0.6731458248341432,0.669068328412121,3.4673008323424495,0.5628151782791101,0.5574943652086474,0.9514495361021222,0.9330006765141683,True,True,False,False,2.4673008323424495,1
2025-11-25,2025-26,L365784,-1,160.5,True,1.8333333333333335,0.6610513572286391,0.6583321054041514,L372607,-1,151.5,True,1.9523809523809523,0.623965162116492,0.6130446285715113,3.5793650793650795,0.41247301728049485,0.40358696103418906,0.47639151423415216,0.44458507481285126,True,True,False,False,2.5793650793650795,1
2025-11-26,2025-26,L372614,-1,152.5,True,1.9090909090909092,0.6498868387612254,0.6395103081273269,L366875,1,135.5,True,1.925925925925926,0.6236058640483652,0.621518876764886,3.6767676767676774,0.4052732436193546,0.3974677283868624,0.4900955623984349,0.46139649629109014,True,False,False,False,-1.0,0
2025-11-27,2025-26,L366889,-1,144.5,True,1.9090909090909092,0.5628509183300783,0.5558546860512014,L365824,-1,146.5,True,1.9090909090909092,0.5586816591851476,0.5524430749132688,3.6446280991735542,0.3144544849265321,0.30707807196707537,0.1460696516743858,0.1191853697312415,True,True,False,False,2.6446280991735542,1
2025-11-28,2025-26,L366894,-1,174.5,True,1.900900900900901,0.6624946116125313,0.6589635702396826,L367806,1,140.5,True,1.9090909090909092,0.6230219853345842,0.6209500306197493,3.6289926289926293,0.4127487082003035,0.4091834491176302,0.4978620196851311,0.48492372075366075,True,False,False,False,-1.0,0
2025-11-29,2025-26,L365870,1,136.0,True,1.9090909090909092,0.7195754841260187,0.7130909321751685,L367853,-1,154.5,True,1.9090909090909092,0.6401661542276083,0.6377288854668206,3.6446280991735542,0.46064787034942273,0.45475868541256637,0.6788901720999625,0.6574262831978661,False,False,False,False,-1.0,0
2025-11-30,2025-26,L365881,-1,145.5,True,1.900900900900901,0.8751497397829424,0.872107322159357,L364409,-1,145.0,True,1.900900900900901,0.6672217379523387,0.6643701762815165,3.613424235045857,0.5839189303465119,0.5794020953594133,1.1099468142161397,1.093625573208055,True,True,False,False,2.613424235045857,1
2025-12-01,2025-26,L366930,1,146.5,True,1.9090909090909092,0.5739386066039885,0.5671773437642696,L365895,-1,151.5,True,1.8695652173913042,0.5874360045172448,0.5762743290219502,3.569169960474308,0.3371522019016418,0.32684974321420646,0.2033535111351088,0.16658228506888717,True,True,False,False,2.569169960474308,1
2025-12-02,2025-26,L365909,1,144.5,True,1.8333333333333335,0.6919800949779691,0.6867285300833176,L365907,-1,149.5,True,1.9090909090909092,0.622871788190499,0.6126850928648361,3.5000000000000004,0.431014879151159,0.4207483332270298,0.5085520770290564,0.47261916629460465,True,True,False,False,2.5000000000000004,1
2025-12-03,2025-26,L370343,-1,141.5,True,1.9523809523809523,0.7229052795638299,0.7168919074165246,L365939,1,128.5,True,1.9090909090909092,0.6203907809392349,0.6177401034041471,3.7272727272727275,0.4484837709337004,0.4428528810170802,0.6716213280256105,0.6506334656091171,True,True,False,False,2.7272727272727275,1
2025-12-04,2025-26,L363252,1,153.5,True,1.9090909090909092,0.5854477395189761,0.5827893283313306,L363251,-1,148.0,True,1.9090909090909092,0.591337006388718,0.5796167552139344,3.6446280991735542,0.3461969136841933,0.33779445946071407,0.26175899946057224,0.23113517869566058,False,False,False,False,-1.0,0
2025-12-05,2025-26,L364428,-1,163.5,True,1.8771929824561404,0.6136443522874838,0.6097458703046691,L365976,1,127.5,True,1.8771929824561404,0.5889762911885612,0.5827159197692144,3.5238534933825796,0.3614219747190891,0.3553086256400654,0.27359808819909226,0.25205554169070754,True,True,False,False,2.5238534933825796,1
2025-12-06,2025-26,L365994,-1,144.5,True,1.900900900900901,0.8723484314463221,0.8675608199542945,L366010,1,145.5,True,1.900900900900901,0.7760258906836733,0.7731800922046389,3.613424235045857,0.6769649684996375,0.6707807547653936,1.4461616234536456,1.4238154356716248,True,True,False,False,2.613424235045857,1
2025-12-07,2025-26,L366993,-1,152.5,True,1.8849557522123894,0.7866841522785659,0.7828898545803475,L366040,-1,154.5,True,1.9523809523809523,0.6380935987987466,0.6350223751357592,3.680151706700379,0.5019781218453713,0.49715257492530146,0.8473556418354942,0.8295968971018364,True,True,False,False,2.680151706700379,1
2025-12-08,2025-26,L366053,-1,140.5,True,1.9090909090909092,0.5755402914637172,0.5665288952467029,L366056,1,154.5,True,1.9090909090909092,0.5487864088122033,0.5441571869934011,3.6446280991735542,0.3158486896791022,0.3082807699879251,0.15115100949160398,0.12356875673285095,True,True,False,False,2.6446280991735542,1
2025-12-09,2025-26,L366062,-1,148.5,True,1.8695652173913042,0.6006840909625222,0.591616862365351,L366069,-1,139.5,True,1.9523809523809523,0.5613917381895058,0.5593397918922376,3.6501035196687366,0.3372190859282336,0.330914852675374,0.23088457244611926,0.20787346846104438,True,True,False,False,2.6501035196687366,1
2025-12-10,2025-26,L367004,1,133.5,True,1.9090909090909092,0.6023793634276012,0.5942552562223505,L370354,1,156.5,True,1.9090909090909092,0.584257853100281,0.5824508380395409,3.6446280991735542,0.3519448736281242,0.3461244719961102,0.2827081757851473,0.2614949764486332,False,False,False,False,-1.0,0
2025-12-11,2025-26,L366092,-1,158.5,True,1.9523809523809523,0.5439063465708606,0.5401494126123807,L367012,-1,167.5,True,1.8695652173913042,0.5658693270926397,0.5578841323899332,3.6501035196687366,0.30777991833546897,0.30134078641619005,0.12342856319965145,0.09992506511748012,False,True,False,False,-1.0,0
2025-12-12,2025-26,L366096,1,144.5,True,1.8695652173913042,0.5769600079642065,0.5744363537214418,L366101,-1,132.5,True,1.9090909090909092,0.554283616498531,0.549215059013298,3.569169960474308,0.31979947978942164,0.3154890959085054,0.1414186966397144,0.12603420397383536,False,False,False,False,-1.0,0
2025-12-13,2025-26,L367544,1,145.5,True,1.9090909090909092,0.893959805402557,0.8905408455620856,L367545,-1,153.5,True,1.9090909090909092,0.6915432340439676,0.6885240142931659,3.6446280991735542,0.6182118549334003,0.6131587578784374,1.2531522977324752,1.234735638218107,True,True,False,False,2.6446280991735542,1
2025-12-14,2025-26,L366132,-1,152.5,True,1.9090909090909092,0.5866427035761252,0.579690660923534,L366164,1,148.5,True,1.9090909090909092,0.5822399400446272,0.5782011915846654,3.6446280991735542,0.34156681255778115,0.3351778308964896,0.24488400279323552,0.22159854070538776,False,False,False,False,-1.0,0
2025-12-15,2025-26,L364466,-1,140.5,True,1.9090909090909092,0.545163384491571,0.541380279048096,L366179,-1,151.5,True,1.9090909090909092,0.5419755862722633,0.5384440262666177,3.6446280991735542,0.29546524492399046,0.29150297719200186,0.07686093397917193,0.06241994166671749,True,False,False,False,-1.0,0
2025-12-16,2025-26,L366205,1,145.5,True,1.9090909090909092,0.7144122073192181,0.7119332076016742,L366196,1,145.5,True,1.9090909090909092,0.6694648583554396,0.666963137584884,3.6446280991735542,0.47827386718035725,0.47483320589288325,0.7431303754259304,0.7305904446178642,False,True,False,False,-1.0,0
2025-12-17,2025-26,L366213,1,130.5,True,1.8771929824561404,0.6148943302373651,0.6119969981837046,L371876,1,127.5,True,1.8771929824561404,0.602461382923431,0.5982282022795299,3.5238534933825796,0.37045008854657985,0.3661138640239063,0.3054118386487512,0.2901316187164369,True,True,False,False,2.5238534933825796,1
2025-12-18,2025-26,L366241,-1,172.5,True,1.9090909090909092,0.6300300578312646,0.6277547705113952,L366233,-1,163.5,True,1.9090909090909092,0.607083888428577,0.6012112820254513,3.6446280991735542,0.38248109733508534,0.37741325037674883,0.39400135475018727,0.3755309373235227,False,False,False,False,-1.0,0
2025-12-19,2025-26,L367057,1,141.5,True,1.8928571428571428,0.8661617217068738,0.8616112927286901,L367061,-1,145.5,True,1.9090909090909092,0.5649484301065222,0.5623674802049594,3.6136363636363638,0.4893367048966607,0.4845421716079711,0.7682849108765692,0.7509592110378958,True,True,False,False,2.6136363636363638,1
2025-12-20,2025-26,L366254,1,145.5,True,1.9090909090909092,0.8998633827613706,0.8971036526177614,L366264,1,145.0,True,1.9090909090909092,0.6456628940668125,0.6407928294330245,3.6446280991735542,0.5810083959784584,0.5748575878556365,1.1175595258388444,1.0951421177217826,True,False,False,False,-1.0,0
2025-12-21,2025-26,L367567,-1,153.0,True,1.9090909090909092,0.6480087638393611,0.6445266530329666,L366298,-1,150.5,True,1.9090909090909092,0.6257128400258061,0.6169294876579222,3.6446280991735542,0.40546740398353853,0.3976274978375035,0.4777778938573598,0.4492043516226367,False,True,False,False,-1.0,0
2025-12-22,2025-26,L367089,1,145.5,True,1.9090909090909092,0.768660521695122,0.7650080053765551,L367090,-1,170.5,True,1.9090909090909092,0.6587586826560751,0.6527834140847653,3.6446280991735542,0.50636179268161,0.4993845375518841,0.8455004179552892,0.8200709178543879,True,False,False,False,-1.0,0
2025-12-23,2025-26,L370361,1,126.5,True,1.9090909090909092,0.6374593051413496,0.6328736717161113,L366342,-1,155.0,True,1.9090909090909092,0.5983296448620048,0.590336885004331,3.6446280991735542,0.38141079965920405,0.37360867196214276,0.39010051776619004,0.36166466392814023,False,False,False,False,-1.0,0
2025-12-28,2025-26,L366354,1,150.5,True,1.8849557522123894,0.8345554689331038,0.8320287245620366,L371165,-1,154.5,True,1.9090909090909092,0.5578842016287824,0.5558525235001092,3.598551890587289,0.4655853115006787,0.4624852661723853,0.6754329029304396,0.6642772289534025,False,False,False,False,-1.0,0
2025-12-29,2025-26,L371545,1,152.5,True,1.8771929824561404,0.6427438985432546,0.6340944807247396,L364510,1,149.5,True,1.8928571428571428,0.6162329249259701,0.6121762943440379,3.5532581453634084,0.3960799525776308,0.38817760947407803,0.40737431771161914,0.37929525271146414,True,True,False,False,2.5532581453634084,1
2025-12-30,2025-26,L367123,-1,149.5,True,1.9090909090909092,0.5719904624586415,0.5678538850031524,L367577,1,139.5,True,1.9090909090909092,0.5601556449839032,0.5581139243995614,3.6446280991735542,0.3204036864231614,0.3169271602446466,0.1677522786166461,0.1550816336189189,True,True,False,False,2.6446280991735542,1
2025-12-31,2025-26,L363300,-1,152.5,True,1.9090909090909092,0.95069944522096,0.9477956715282917,L364541,-1,152.0,True,1.9090909090909092,0.8566553509287019,0.8540174002232369,3.6446280991735542,0.8144217668734837,0.8094339953414287,1.968264456125672,1.9500858838476867,True,True,False,False,2.6446280991735542,1
2026-01-01,2025-26,L367135,-1,152.5,True,1.9090909090909092,0.5778457755406339,0.5726181254239159,L363306,1,161.5,True,1.9090909090909092,0.5747734278036986,0.5713843778431452,3.6446280991735542,0.3321303971493767,0.3271850513370523,0.2104917780402904,0.19246783173256232,True,True,False,False,2.6446280991735542,1
2026-01-02,2025-26,L370364,1,146.5,True,1.9090909090909092,0.6252774064784985,0.6231236566835486,L370365,1,167.5,True,1.9090909090909092,0.5628782172970459,0.5595238793037394,3.6446280991735542,0.3519550318747376,0.3486525656735106,0.2827451988161922,0.2707089377026297,False,False,False,False,-1.0,0
2026-01-03,2025-26,L363374,1,150.5,True,1.8928571428571428,0.7042211367836073,0.7017550384352096,L371377,-1,151.5,True,1.8849557522123894,0.7036999349565516,0.7002528393187103,3.56795195954488,0.49556036814965326,0.4914059581704662,0.7681355866123374,0.7533128513863443,True,True,False,False,2.56795195954488,1
2026-01-04,2025-26,L363381,1,146.5,True,1.8928571428571428,0.633089631793951,0.6302536064656517,L364589,-1,147.5,True,1.9174311926605505,0.5714479475713169,0.5659437361358687,3.6294233289646134,0.361777770717334,0.3566880807562764,0.31304468094230287,0.2945720414604436,False,True,False,False,-1.0,0
2026-01-05,2025-26,L364591,-1,146.5,True,1.9523809523809523,0.5675290021269622,0.5597850606655209,L364595,-1,146.5,True,1.9523809523809523,0.5641814613004128,0.5570163863526082,3.8117913832199544,0.32018934175035463,0.31180945162608403,0.22049497388287098,0.18855258091484628,True,False,False,False,-1.0,0
2026-01-06,2025-26,L367588,1,151.5,True,1.9090909090909092,0.7120489792195411,0.7083989377696975,L363387,-1,173.5,True,1.9090909090909092,0.5623792776031747,0.5605841928270853,3.6446280991735542,0.40044159055156353,0.3971172467291905,0.45946067300197946,0.44734467609564477,True,True,False,False,2.6446280991735542,1
2026-01-07,2025-26,L367166,1,146.0,True,1.9090909090909092,0.8665558728532002,0.863826329583563,L371729,1,136.5,True,1.9090909090909092,0.6083876193226495,0.6046750565863424,3.6446280991735542,0.5272018644952191,0.5223342347217134,0.9214547292759641,0.9037140290270713,True,False,False,False,-1.0,0
2026-01-08,2025-26,L366386,1,134.5,True,1.9090909090909092,0.6053327221759504,0.6007176068829044,L364614,-1,149.5,True,1.9090909090909092,0.590930936603802,0.5877448692880396,3.6446280991735542,0.35770983247236343,0.3530686913364166,0.30371930677944037,0.2868040733831383,True,True,False,False,2.6446280991735542,1
2026-01-09,2025-26,L367172,-1,165.5,True,1.9090909090909092,0.587590384199941,0.5759177984079382,L364619,-1,142.5,True,1.8928571428571428,0.5805357696395678,0.5737042750533591,3.6136363636363638,0.3411172359243221,0.3304065030259528,0.2326736479992546,0.19396895411651127,True,False,False,False,-1.0,0
2026-01-10,2025-26,L363449,1,173.5,True,1.8771929824561404,0.6290629147788016,0.6269504319180584,L367182,1,145.5,True,1.9090909090909092,0.6114088933527481,0.6049827790291499,3.583732057416268,0.38461466057416116,0.3792942146153128,0.3783558888518983,0.3592888361094224,True,False,False,False,-1.0,0
2026-01-11,2025-26,L370759,1,125.5,True,1.8695652173913042,0.6156036444185761,0.6100611648259394,L364654,1,127.5,True,1.9090909090909092,0.5834145255565919,0.573336304242624,3.569169960474308,0.3591521081393725,0.34977021360325444,0.28187491561206857,0.24838933946141784,True,False,False,False,-1.0,0
2026-01-12,2025-26,L371389,1,142.5,True,1.8695652173913042,0.5620217685717129,0.5589295479462401,L371027,-1,139.5,True,1.9090909090909092,0.5487129983139726,0.5444265440640504,3.569169960474308,0.3083886497507062,0.30429608216365345,0.10069150484145317,0.08608443554853396,False,True,False,False,-1.0,0
2026-01-13,2025-26,L364666,-1,167.0,True,1.9090909090909092,0.5860093554914758,0.5786799699482588,L367193,1,152.5,True,1.9090909090909092,0.5738665164208661,0.5722455714862462,3.6446280991735542,0.33629114742593014,0.3311470501106851,0.22565616541186118,0.2069078437918359,False,False,False,False,-1.0,0
2026-01-14,2025-26,L370763,-1,148.5,True,1.9090909090909092,0.6043951278005248,0.6024622349373191,L371028,1,141.5,True,1.9090909090909092,0.5858624920345057,0.5825222598612423,3.6446280991735542,0.35409243574672905,0.3509476625767418,0.29053524102733497,0.2790737123664724,True,True,False,False,2.6446280991735542,1
2026-01-15,2025-26,L364683,1,137.5,True,1.9090909090909092,0.624954299139232,0.619255240848291,L364681,1,145.0,True,1.9090909090909092,0.6088154370066984,0.606267640557075,3.6446280991735542,0.3804818247396664,0.3754344137716966,0.3867147496710157,0.36831881382907605,False,False,False,False,-1.0,0
2026-01-16,2025-26,L364690,-1,172.5,True,1.9090909090909092,0.5547045956930171,0.548680683597813,L371742,-1,142.5,True,1.9090909090909092,0.5355126827002945,0.5334530114512237,3.6446280991735542,0.29705134614574985,0.29269536299036936,0.08264168306012953,0.06676574445250338,True,False,False,False,-1.0,0
2026-01-17,2025-26,L364716,1,137.5,True,1.8695652173913042,0.6751724921483215,0.6721819300729444,L371035,1,130.5,True,1.8547008547008548,0.6736441305422944,0.6697447807548972,3.467484206614641,0.4548259864393302,0.45019033938410774,0.5771019247363023,0.5610278917848788,True,True,False,False,2.467484206614641,1
2026-01-18,2025-26,L370771,1,131.5,True,1.9090909090909092,0.574329953681698,0.5704792487263513,L367225,-1,160.5,True,1.9090909090909092,0.5705218395933509,0.5620332229665126,3.6446280991735542,0.3276677817080464,0.32062829079718597,0.19422720440701213,0.16857087802941328,True,True,False,False,2.6446280991735542,1
2026-01-19,2025-26,L364722,-1,141.5,True,1.9090909090909092,0.5837217823905704,0.5780708179050823,L364721,1,132.5,True,1.9523809523809523,0.5650598419207165,0.5577456816217632,3.7272727272727275,0.32983773808329453,0.3224165023581203,0.2293952055831887,0.20173423606208463,False,True,False,False,-1.0,0
2026-01-20,2025-26,L367229,-1,145.5,True,1.9090909090909092,0.5718962976868538,0.5679228212633864,L370580,1,155.5,True,1.9090909090909092,0.5666721073257273,0.5647621868801829,3.6446280991735542,0.3240776801819909,0.32074133451587333,0.18114261950626442,0.16898288034297648,False,True,False,False,-1.0,0
2026-01-21,2025-26,L371209,1,147.5,True,1.8547008547008548,0.6514278299174459,0.6481647590172135,L363594,-1,164.5,True,1.9090909090909092,0.6002681113486336,0.5951718431556121,3.540792540792541,0.3910313531444841,0.3857694142927881,0.3845608984300033,0.3659294645938116,True,True,False,False,2.540792540792541,1
2026-01-22,2025-26,L364753,1,142.5,True,1.925925925925926,0.5718910364892745,0.5700834679422351,L364757,1,154.5,True,1.9090909090909092,0.5739963207179898,0.5723112378953202,3.6767676767676774,0.3282633507964412,0.32626517524167764,0.20694807767580414,0.19960125038354226,False,False,False,False,-1.0,0
2026-01-23,2025-26,L366397,1,121.5,True,1.9090909090909092,0.5658586466940665,0.5637881643869499,L371754,-1,151.5,True,1.9090909090909092,0.5710718006263967,0.5626406164524881,3.6446280991735542,0.3231459162675966,0.3172101203592902,0.17774668656206716,0.1561129180036942,False,True,False,False,-1.0,0
2026-01-24,2025-26,L367248,1,145.5,True,1.9090909090909092,0.8895834481772786,0.8868701874804351,L371045,1,134.5,True,1.9090909090909092,0.7081996669745606,0.7038334413723587,3.6446280991735542,0.63000270174523,0.6242088961049036,1.2961255493359212,1.2750092824980372,True,False,False,False,-1.0,0
2026-01-25,2025-26,L363661,-1,157.5,True,1.9174311926605505,0.5400985516380734,0.5380657311464662,L364797,-1,131.5,True,1.9523809523809523,0.5243776913845601,0.5231783413111364,3.743556138051551,0.2832156316281176,0.281504336737572,0.06023361617358658,0.05382728768206846,True,True,False,False,2.743556138051551,1
2026-01-26,2025-26,L366401,-1,143.5,True,1.9090909090909092,0.5662538280296167,0.5612013836668782,L370592,-1,166.5,True,1.9090909090909092,0.5616613544871886,0.5592680247072035,3.6446280991735542,0.31804289203467,0.3138619893063244,0.15914806105197932,0.14391022548833954,False,False,False,False,-1.0,0
2026-01-27,2025-26,L367265,1,152.5,True,1.9090909090909092,0.5882351718619241,0.5851054786750358,L370427,1,135.5,True,1.925925925925926,0.5650725027216211,0.5579562848518158,3.6767676767676774,0.33239552075290035,0.3264632791279663,0.2221411066066239,0.20032963234929047,False,True,False,False,-1.0,0
2026-01-28,2025-26,L367263,-1,149.5,True,1.9090909090909092,0.5840432993057362,0.5819622936344402,L370431,-1,141.5,True,1.9090909090909092,0.5731507679090329,0.5711079435749578,3.6446280991735542,0.3347448654892078,0.33236328875573085,0.22002054281603822,0.2113405813328706,True,True,False,False,2.6446280991735542,1
2026-01-29,2025-26,L364818,1,139.5,True,1.9090909090909092,0.5850104759027637,0.5829344774895265,L363722,1,129.5,True,1.8695652173913042,0.6000437113978823,0.591622781609535,3.569169960474308,0.3510318571673357,0.34487731706845454,0.25289235977116253,0.23092576012970145,False,True,False,False,-1.0,0
2026-01-30,2025-26,L364828,1,125.0,True,1.9090909090909092,0.5721556632409518,0.5640526367271914,L370434,1,144.5,True,1.9090909090909092,0.5713958391225326,0.5626722648093956,3.6446280991735542,0.3269273653062728,0.31737677457900004,0.1915286619840193,0.15672031065569447,True,True,False,False,2.6446280991735542,1
2026-01-31,2025-26,L364834,-1,152.5,True,1.9090909090909092,0.6962003919225566,0.6934168113963202,L364837,1,150.5,True,1.925925925925926,0.6260398624831712,0.6222742391388841,3.6767676767676774,0.43584919761992724,0.43149541871775626,0.6025162417540761,0.5865084082147809,True,False,False,False,-1.0,0
2026-02-01,2025-26,L364861,1,127.5,True,1.9090909090909092,0.6233127273607957,0.6205559681957478,L370442,1,148.5,True,1.9090909090909092,0.5612352174024927,0.5589803381923913,3.6446280991735542,0.34982505405007686,0.3468785849693659,0.2749822217858171,0.2642434377809124,False,True,False,False,-1.0,0
2026-02-02,2025-26,L371434,1,140.5,True,1.9090909090909092,0.5944769672748753,0.5923226596010656,L370606,-1,155.0,True,1.9090909090909092,0.5749237028799956,0.5701546843990003,3.6446280991735542,0.3417788993025413,0.337715539047222,0.2456569801026507,0.2308475431390491,True,True,False,False,2.6446280991735542,1
2026-02-03,2025-26,L367295,1,139.0,True,1.9090909090909092,0.5701500572538957,0.5668679004361339,L367299,1,134.5,True,1.9090909090909092,0.5697414916330701,0.5592924803457034,3.6446280991735542,0.32483814407451483,0.3170449540632866,0.1839142275773642,0.1555109482802428,False,False,False,False,-1.0,0
2026-02-04,2025-26,L371058,1,141.5,True,1.9174311926605505,0.7098339455314661,0.7064740258077913,L371225,1,131.5,True,1.9090909090909092,0.6184690086708082,0.6068631287633847,3.6605504587155964,0.4390102966137343,0.4287330376917804,0.607019342650275,0.5693989177891778,False,True,False,False,-1.0,0
2026-02-05,2025-26,L366408,1,137.5,True,1.9523809523809523,0.7788243064435842,0.7734338942063287,L364897,1,145.5,True,1.8547008547008548,0.7081328104793689,0.7040897484113988,3.6210826210826212,0.5515110449915406,0.5445668759845824,0.9970670603539831,0.9719216506450266,False,False,False,False,-1.0,0
2026-02-06,2025-26,L371613,1,132.5,True,1.8695652173913042,0.6229933662620737,0.6199620268674593,L370940,-1,140.5,True,1.9090909090909092,0.5461967097336918,0.5442307208039442,3.569169960474308,0.34027692683826144,0.3374023807531516,0.21450618551363676,0.20424644197666342,True,False,False,False,-1.0,0
2026-02-07,2025-26,L367312,1,145.5,True,1.9090909090909092,0.6842571249813332,0.6806542697353226,L367325,-1,154.5,True,1.9090909090909092,0.6180770199203413,0.6124538142131093,3.6446280991735542,0.4229236046677229,0.4168693036598369,0.5413992533757506,0.5193335778015542,True,True,False,False,2.6446280991735542,1
2026-02-08,2025-26,L370619,1,135.5,True,1.9090909090909092,0.550880415492298,0.5462649988680134,L370458,1,138.5,True,1.9090909090909092,0.5397084050897276,0.5369537773299897,3.6446280991735542,0.2973147904405147,0.29331905456534235,0.08360183953939648,0.06903886829186767,False,False,False,False,-1.0,0
2026-02-09,2025-26,L364822,1,139.5,True,1.9090909090909092,0.6553622191669917,0.6528666991233821,L370620,1,147.5,True,1.925925925925926,0.6051854965722303,0.5994833182398193,3.6767676767676774,0.3966157100412547,0.39138269515876284,0.45826382277794675,0.4390232428059564,True,True,False,False,2.6767676767676774,1
2026-02-10,2025-26,L363873,1,146.0,True,1.9090909090909092,0.7965687731840693,0.792510052266504,L367638,1,143.5,True,1.9090909090909092,0.5928454496440096,0.589727218846826,3.6446280991735542,0.4722421725106867,0.46736474903127806,0.7211470915472136,0.7033706968825924,True,True,False,False,2.6446280991735542,1
2026-02-11,2025-26,L363891,-1,151.0,True,1.9090909090909092,0.6330020012096317,0.630654837247222,L363911,-1,142.5,True,1.9090909090909092,0.617968854738029,0.6151313678513985,3.6446280991735542,0.3911755217343965,0.38793557267798484,0.4256892982220568,0.4138808888511678,False,True,False,False,-1.0,0
2026-02-12,2025-26,L370812,1,132.5,True,1.9090909090909092,0.611012887956063,0.6026949491113698,L363895,1,131.5,True,1.8695652173913042,0.6001190010754807,0.5963942238344319,3.569169960474308,0.3666804439644371,0.35944378638420776,0.3087448256912517,0.2829159648416586,True,True,False,False,2.569169960474308,1
2026-02-13,2025-26,L364957,1,134.5,True,1.8695652173913042,0.5830526267370066,0.577500191133427,L370950,-1,150.5,True,1.9090909090909092,0.5511633008206586,0.5461992847725369,3.569169960474308,0.32135721030452397,0.31543019135308115,0.14697850160073167,0.1258239636040801,False,True,False,False,-1.0,0
2026-02-14,2025-26,L363947,-1,999.0,True,1.8620689655172413,1.0,1.0,L363924,1,143.5,True,1.8849557522123894,0.7633409902738562,0.76079347140991,3.5099176075678975,0.7633409902738562,0.76079347140991,1.6792639823405229,1.6703224010243471,True,False,False,False,-1.0,0
2026-02-15,2025-26,L370472,1,150.5,True,1.9174311926605505,0.5740293408463192,0.5648898051025356,L364975,1,134.5,True,1.8695652173913042,0.5793509010052651,0.5720867623045176,3.58476266453929,0.33256441582277346,0.3231659796599396,0.19216450139579755,0.15847333833421495,False,True,False,False,-1.0,0
2026-02-16,2025-26,L365000,1,135.5,True,1.9090909090909092,0.6029919580913062,0.6010110475751329,L371467,1,140.5,True,1.9090909090909092,0.5811911270865515,0.5793498092942565,3.6446280991735542,0.3504535757472129,0.34819563579639456,0.27727294962413973,0.2690435982331405,True,True,False,False,2.6446280991735542,1
2026-02-17,2025-26,L371794,1,144.5,True,1.8695652173913042,0.5774796639802234,0.5758246277050089,L370636,-1,165.5,True,1.9090909090909092,0.5676778102105853,0.5637154341039923,3.569169960474308,0.32782239108943784,0.3246012299744988,0.17005383064728208,0.15855695915799384,True,True,False,False,2.569169960474308,1
2026-02-18,2025-26,L371796,1,147.5,True,1.9090909090909092,0.6355906954648967,0.6334331146474228,L371637,1,132.0,True,1.9090909090909092,0.626245239630615,0.6178789714453341,3.6446280991735542,0.3980356473884034,0.391385001357764,0.45069190494451195,0.42645277354358635,False,True,False,False,-1.0,0
2026-02-19,2025-26,L370820,1,131.5,True,1.9090909090909092,0.6829586739096458,0.6778541113044692,L364008,1,140.5,True,1.9090909090909092,0.6129755790375125,0.6061373667109021,3.6446280991735542,0.4186369885984569,0.41087270604024967,0.5257761319993344,0.4974782096177699,True,False,False,False,-1.0,0
2026-02-20,2025-26,L367376,-1,157.5,True,1.9090909090909092,0.582111561285291,0.5762767283531521,L363996,1,159.0,True,1.9090909090909092,0.5556070638345747,0.5494870444168846,3.6446280991735542,0.3234252953898806,0.31665659622900544,0.17876491956146578,0.15409552840488772,True,True,False,False,2.6446280991735542,1
2026-02-21,2025-26,L370644,1,134.5,True,1.9090909090909092,0.6051179204090841,0.5932167612140228,L370647,1,139.5,True,1.9090909090909092,0.589484252652712,0.5824405675258488,3.6446280991735542,0.35670748507911215,0.34551350706734135,0.3000661233048636,0.2592682365016328,True,False,False,False,-1.0,0
2026-02-22,2025-26,L365059,1,146.5,True,1.925925925925926,0.5738876642649288,0.5694110681811239,L365058,1,144.5,True,1.925925925925926,0.567697013048477,0.5644236976048065,3.7091906721536354,0.32579431282856725,0.3213891005598925,0.20843322618442528,0.1920934539285999,True,False,False,False,-1.0,0
2026-02-23,2025-26,L370649,1,135.5,True,1.9090909090909092,0.5532320254812061,0.5456766755683181,L365067,-1,141.5,True,1.8928571428571428,0.5486857911659627,0.5444997754367302,3.6136363636363638,0.3035505515995036,0.2971208273080107,0.09692131146184257,0.07368662595394793,False,True,False,False,-1.0,0
2026-02-24,2025-26,L364074,-1,145.5,True,1.9090909090909092,0.6145843805923886,0.6037680398881521,L371805,-1,144.5,True,1.9090909090909092,0.5797089166558402,0.5780356813321935,3.6446280991735542,0.3562800454668142,0.348999470303351,0.2985082648831825,0.27197327606427923,False,False,False,False,-1.0,0
2026-02-25,2025-26,L364077,1,138.5,True,1.9090909090909092,0.6228472945065081,0.617078355914761,L370831,1,134.5,True,1.9523809523809523,0.582815214061201,0.5809966392364547,3.7272727272727275,0.3630048792752504,0.358520450932033,0.35301818638956983,0.33630349892848677,False,True,False,False,-1.0,0
2026-02-26,2025-26,L364099,1,135.5,True,1.8695652173913042,0.6532798871420156,0.6468306847734379,L364091,1,133.5,True,1.9090909090909092,0.6082865225741185,0.6026962475930657,3.569169960474308,0.39738135081722925,0.38984242654100415,0.41832158018955723,0.3914138781285643,True,True,False,False,2.569169960474308,1
2026-02-27,2025-26,L371150,1,137.5,True,1.9090909090909092,0.5768429927834515,0.5722172657730177,L364116,1,141.5,True,1.9090909090909092,0.5675432121131141,0.5640300403216969,3.6446280991735542,0.327383325009262,0.3227477274867263,0.19319046552962416,0.17629543654253155,True,False,False,False,-1.0,0
2026-02-28,2025-26,L371650,-1,143.5,True,1.9174311926605505,0.7035767516523261,0.7011188152424339,L371649,1,133.5,True,1.9090909090909092,0.6544981400477045,0.6496545947674369,3.6605504587155964,0.46048967533725316,0.45548505980014886,0.6856456922895782,0.6673260445895359,True,True,False,False,2.6605504587155964,1
2026-03-01,2025-26,L365130,1,125.5,True,1.925925925925926,0.554209455459678,0.5492973161178003,L370842,1,141.5,True,1.8928571428571428,0.5511584599233853,0.5497813298535882,3.6455026455026456,0.30545722994613417,0.30199340894025106,0.11354513985654213,0.10091777121604784,True,True,False,False,2.6455026455026456,1
2026-03-02,2025-26,L364166,1,144.5,True,1.9090909090909092,0.7210146057557282,0.7175311298638578,L371656,1,136.5,True,1.9090909090909092,0.558421872398599,0.5547950275653882,3.6446280991735542,0.4026303261728514,0.39808270297184317,0.46743780034898763,0.4508634050461393,False,True,False,False,-1.0,0
2026-03-03,2025-26,L365151,1,132.5,True,1.9090909090909092,0.6468603391113521,0.6394971117120195,L371818,-1,159.5,True,1.9090909090909092,0.5757145939179036,0.5706642036012174,3.6446280991735542,0.3724069374530895,0.36493810996041837,0.3572847885686983,0.3300636900210292,False,True,False,False,-1.0,0
2026-03-04,2025-26,L364169,-1,171.5,True,1.9090909090909092,0.6290415948160587,0.622902968797548,L367434,1,150.5,True,1.8695652173913042,0.6082849341789005,0.6035832418152337,3.569169960474308,0.38263652509847684,0.3759737932431574,0.3656947911617574,0.3419143687690558,False,False,False,False,-1.0,0
2026-03-05,2025-26,L376484,1,133.5,True,1.8620689655172413,0.7202805719307065,0.7165791879079491,L371498,-1,150.5,True,1.8695652173913042,0.6377650322532918,0.6348797054747042,3.481259370314842,0.45936976218880654,0.4549415837683014,0.5991852890590834,0.5837696514392741,True,True,False,False,2.481259370314842,1
2026-03-06,2025-26,L376531,1,135.5,True,1.8620689655172413,0.6581391054688525,0.6553440654364683,L367672,1,134.0,True,1.9090909090909092,0.5908502149948195,0.5882523833465206,3.554858934169279,0.3888616319627696,0.38550770840500065,0.3823482465384975,0.3704255214146419,True,True,False,False,2.554858934169279,1
2026-03-07,2025-26,L376525,1,126.5,True,1.9090909090909092,0.6442822243484819,0.6333316874052708,L376546,1,140.5,True,1.8620689655172413,0.6473430123248568,0.6438515890587292,3.554858934169279,0.4170715958971055,0.40777161333712997,0.4826306888630647,0.44957056277211693,False,False,False,False,-1.0,0
2026-03-08,2025-26,L370524,-1,150.5,True,1.9090909090909092,0.879161866618649,0.876144603205579,L370522,-1,155.5,True,1.8695652173913042,0.6310556791369136,0.6287793492403749,3.569169960474308,0.5548000888103083,0.5509016334440705,0.9801758110502305,0.9662615612648047,False,True,False,False,-1.0,0
2026-03-09,2025-26,L376583,-1,144.5,True,1.9090909090909092,0.5369601983845361,0.5343907352106099,L376588,-1,146.5,True,1.9523809523809523,0.5203755790949064,0.5185273551828357,3.7272727272727275,0.2794209741852688,0.27709621456296857,0.041478176508729314,0.03281316337106466,True,False,False,False,-1.0,0
2026-03-10,2025-26,L376587,1,127.5,True,1.9090909090909092,0.5994499911062613,0.5958001352571859,L376561,1,134.5,True,1.8695652173913042,0.590669725047974,0.5883321047453598,3.569169960474308,0.35407696142674583,0.3505283475834302,0.26376085442036135,0.2510952484894762,False,True,False,False,-1.0,0
2026-03-11,2025-26,L376365,1,132.5,True,1.9523809523809523,0.627407025049235,0.6253065127919709,L376368,-1,159.5,True,1.8695652173913042,0.6322204356367739,0.6241777809161004,3.6501035196687366,0.39665954269819964,0.39030243154687755,0.44784839291289,0.42464427912452396,False,True,False,False,-1.0,0
2026-03-12,2025-26,L376344,-1,156.0,True,1.8620689655172413,0.7683348251464271,0.7641266887530628,L376340,1,147.5,True,1.8620689655172413,0.6437127471662988,0.641427305655629,3.4673008323424495,0.49458692103854446,0.4901317231464345,0.7148816429826343,0.6994341316230712,False,True,False,False,-1.0,0
2026-03-13,2025-26,L376741,-1,168.5,True,1.9090909090909092,0.6013939647210212,0.5988307475953538,L376737,-1,146.5,True,1.9090909090909092,0.5609960373354509,0.5564655006020868,3.6446280991735542,0.3373796310859489,0.33322865173657046,0.229623283544657,0.21449450756882293,True,True,False,False,2.6446280991735542,1
2026-03-14,2025-26,L376764,1,153.5,True,1.8849557522123894,0.6902154465154094,0.6863658710145699,L376799,-1,163.5,True,1.9090909090909092,0.6066303635570032,0.6036946721684191,3.598551890587289,0.41870564725230214,0.4143554194897322,0.5067339985193462,0.4910794781798651,False,True,False,False,-1.0,0
2026-03-15,2025-26,L376815,1,150.5,True,1.925925925925926,0.5373531507047977,0.5301106893079435,L376812,-1,152.5,True,1.9090909090909092,0.5316042465860062,0.5301604582687304,3.6767676767676774,0.2856592168310407,0.28104372597665184,0.05030257501513957,0.033332487429305946,False,True,False,False,-1.0,0
2026-03-17,2025-26,L376850,1,148.5,True,1.9090909090909092,0.5877572056953705,0.5845531074391638,L376849,1,143.5,True,1.9090909090909092,0.5615208077887418,0.5591034598515116,3.6446280991735542,0.3300379009257181,0.3268256648361888,0.2028654075061298,0.19115800159305185,False,False,False,False,-1.0,0
2026-03-18,2025-26,L376857,1,144.5,True,1.9090909090909092,0.5997669884862924,0.5951550613628369,L376848,-1,163.5,True,1.9090909090909092,0.5881276929936118,0.5809952440723851,3.6446280991735542,0.35273957527216926,0.34578226013741675,0.285604567727493,0.2602477414925686,True,False,False,False,-1.0,0
2026-03-19,2025-26,L376838,1,136.5,True,1.9090909090909092,0.5625668301522795,0.5556738712450507,L376842,1,148.5,True,1.8695652173913042,0.574149302652286,0.5650506109936312,3.569169960474308,0.3229973532272383,0.31398386046021226,0.15283245045136828,0.1206617628283464,False,True,False,False,-1.0,0
2026-03-20,2025-26,L376836,1,135.5,True,1.9090909090909092,0.5661098440510609,0.5562197858643908,L376821,1,144.5,True,1.9090909090909092,0.5508910123215816,0.5460524842218429,3.6446280991735542,0.3118648250745016,0.3037251958445921,0.13663130461037354,0.10696538320219107,False,True,False,False,-1.0,0
2026-03-21,2025-26,L376919,-1,149.5,True,1.9523809523809523,0.5389382595250237,0.533802134280484,L376916,1,151.5,True,1.9174311926605505,0.5365633618099733,0.5317869492142192,3.743556138051551,0.2891745243387626,0.2838690084730575,0.08254106555651242,0.06267956907192218,True,False,False,False,-1.0,0
2026-03-22,2025-26,L376907,1,156.5,True,1.9090909090909092,0.6946008776268341,0.6916866890239511,L376905,1,142.5,True,1.9090909090909092,0.5937751505005299,0.591076333790384,3.6446280991735542,0.41243674065067354,0.4088396322798865,0.5031785341070003,0.4900684118630576,True,True,False,False,2.6446280991735542,1
2026-03-24,2025-26,L376938,-1,152.5,True,1.925925925925926,0.5628689143179394,0.5578315242072949,L376939,1,150.5,True,1.8695652173913042,0.5389070100768119,0.5360968537568308,3.600644122383253,0.3033340036802619,0.2990517250539082,0.09219779747031498,0.076778836103927,False,True,False,False,-1.0,0
2026-03-25,2025-26,L376936,-1,154.5,True,1.9090909090909092,0.5913413552569424,0.5842234304007279,L376937,-1,140.0,True,1.9090909090909092,0.5330964251252099,0.531501184315292,3.6446280991735542,0.31524196251617276,0.31051544516272944,0.1489397146250595,0.13171331666746844,True,True,False,False,2.6446280991735542,1
2026-03-26,2025-26,L376929,-1,149.5,True,1.9090909090909092,0.5480549776425345,0.5413539921027538,L376932,-1,135.5,True,1.9174311926605505,0.5268707579015411,0.5258380044442873,3.6605504587155964,0.2887541414422343,0.2846645029052605,0.05699910491239901,0.042028776689898795,False,False,False,False,-1.0,0
2026-03-27,2025-26,L376935,-1,177.5,True,1.9090909090909092,0.5610202006139037,0.5593013627636476,L376930,1,142.5,True,1.9523809523809523,0.5196311818077981,0.5156485345823861,3.7272727272727275,0.29152358986305077,0.2884029280990064,0.0865879258531892,0.07495636836902397,True,True,False,False,2.7272727272727275,1
2026-03-28,2025-26,L377007,1,137.5,True,1.9090909090909092,0.541957518662241,0.5388297178660324,L377008,-1,152.5,True,1.9174311926605505,0.534164720827578,0.5321455571291404,3.6605504587155964,0.28949458665662287,0.2867358404115573,0.05970954198158296,0.04961101214872832,False,True,False,False,-1.0,0
2026-04-01,2025-26,L376420,-1,165.5,True,1.9523809523809523,0.5616207388773632,0.5545476357048986,L376417,-1,148.5,True,1.9090909090909092,0.5436648386887288,0.5400912032562185,3.7272727272727275,0.30533344840600635,0.29950629983074983,0.13806103496784194,0.11634166300552207,False,True,False,False,-1.0,0
2026-04-02,2025-26,L376419,1,148.5,True,1.8695652173913042,0.5736592939610049,0.569063110833392,L376418,1,133.5,True,1.9090909090909092,0.5539287564987955,0.5525572196861319,3.569169960474308,0.3177663793577964,0.31443993034804024,0.13416221565253017,0.1222895537718589,True,True,False,False,2.569169960474308,1
2026-04-04,2025-26,L377132,1,133.5,True,1.8695652173913042,0.562175048348349,0.5554068989432108,L377130,-1,157.5,True,1.9345794392523366,0.5266767732719283,0.5213996329680095,3.616822429906542,0.29608454047809873,0.2895889532568905,0.07088520714975877,0.04739182159267852,True,True,False,False,2.616822429906542,1
2026-04-05,2025-26,L377131,-1,162.5,True,1.9090909090909092,0.5409106197309279,0.5384632866257363,L377165,1,136.5,True,1.9090909090909092,0.5275549459655153,0.524561361799542,3.6446280991735542,0.28536007276432307,0.28245703491145335,0.04003133957906191,0.029450846247528473,False,True,False,False,-1.0,0
