date,season,game_a,side_a,thr_a,main_a,odds_a,p_a,pc_a,game_b,side_b,thr_b,main_b,odds_b,p_b,pc_b,combined_odds,joint_model,joint_cons,ev_model,ev_cons,win_a,win_b,push_a,push_b,profit,card_win
2023-10-27,2023-24,N290572,-1,218.0,True,1.9090909090909092,0.55150812693107,0.5317951985231072,N290577,-1,240.5,True,1.9174311926605505,0.5428137122227865,0.5274467577938228,3.6605504587155964,0.29936617370048985,0.28049365327133524,,,True,True,False,False,2.6605504587155964,1
2023-10-28,2023-24,N290578,-1,219.5,True,1.9090909090909092,0.559850528404958,0.5296504658135835,N290584,-1,221.5,True,1.9174311926605505,0.5485866402707034,0.5270113431799521,3.6605504587155964,0.3071265204314539,0.279131803404304,,,False,False,False,False,-1.0,0
2023-10-29,2023-24,N290590,-1,234.5,True,1.9090909090909092,0.5892494852805873,0.550609883484219,N290585,-1,230.5,True,1.9090909090909092,0.5868329425494667,0.5495771943752357,3.6446280991735542,0.3457910093429657,0.3026026349605325,,,False,True,False,False,-1.0,0
2023-10-30,2023-24,N290591,-1,229.5,True,1.8849557522123894,0.5755295323140507,0.5702117164765151,N290598,-1,239.5,False,1.4167934317579476,0.7270333062212229,0.6910105702013882,2.670592928888875,0.4184291387062384,0.39402232333794907,0.1174538990699423,0.05227323053069255,False,True,False,False,-1.0,0
2023-10-31,2023-24,N290603,1,226.5,True,1.8928571428571428,0.5364270008706168,0.521172376229203,N290604,-1,220.5,True,1.9090909090909092,0.5830812802695592,0.5412568271057725,3.6136363636363638,0.31278054243879916,0.28208810673299434,,,True,True,False,False,2.6136363636363638,1
2023-11-01,2023-24,N290613,-1,233.5,True,1.9090909090909092,0.780480858634421,0.7553554695735302,N290611,-1,225.5,True,1.9174311926605505,0.5645608178277731,0.5319949368341201,3.6605504587155964,0.44062891184957126,0.40184528532307734,,,True,True,False,False,2.6605504587155964,1
2023-11-02,2023-24,N290620,-1,224.5,True,1.9090909090909092,0.6205412483259254,0.5820214954636195,N290619,-1,220.0,True,1.9090909090909092,0.5767253261602021,0.543920767585101,3.6446280991735542,0.3578818538366283,0.3165735785636003,,,False,False,False,False,-1.0,0
2023-11-03,2023-24,N290428,-1,227.5,True,1.9090909090909092,0.5715448412142389,0.5418057746914923,N290425,1,225.0,True,1.9090909090909092,0.527698417599937,0.5164440682645135,3.6446280991735542,0.3016033082961611,0.27981237849088064,,,False,True,False,False,-1.0,0
2023-11-04,2023-24,N290628,-1,227.5,True,1.9090909090909092,0.5687728823314259,0.5400106643547424,N290626,1,229.0,True,1.9090909090909092,0.5282575826435802,0.5166860340058101,3.6446280991735542,0.30045858789362057,0.27901596848629456,,,True,True,False,False,2.6446280991735542,1
2023-11-05,2023-24,N290632,-1,228.0,True,1.9090909090909092,0.584551490700694,0.5592729764271742,N290633,1,235.5,True,1.8695652173913042,0.5130337494431647,0.5110657571828074,3.569169960474308,0.29989464301676827,0.2858252671696362,,,True,True,False,False,2.569169960474308,1
2023-11-06,2023-24,N290638,1,227.0,True,1.9090909090909092,0.5450164809195522,0.5222892728429335,N290636,1,237.5,True,1.9090909090909092,0.5545005084762338,0.532411377184634,3.6446280991735542,0.30221191579781925,0.2780727510430673,,,True,True,False,False,2.6446280991735542,1
2023-11-08,2023-24,N290659,-1,230.5,True,1.8928571428571428,0.5844625214353214,0.575889182942783,N290647,1,233.5,False,1.406075626753765,0.680291973903576,0.6659939708771656,2.661500293498198,0.3976051623798959,0.3835387237332705,0.058226256370491614,0.020788425784023845,True,True,False,False,1.661500293498198,1
2023-11-09,2023-24,N290662,-1,233.0,True,1.9090909090909092,0.5117686877533717,0.5030645441454394,N290661,-1,242.5,True,1.9090909090909092,0.5061307427291641,0.5029058840608114,3.6446280991735542,0.2590218660381437,0.2529941193131113,,,False,False,False,False,-1.0,0
2023-11-10,2023-24,N290434,1,229.5,True,1.8928571428571428,0.538145170397729,0.5356852112490302,N290432,1,223.5,True,1.9523809523809523,0.5544993720317158,0.5350747952345913,3.695578231292517,0.29840115904744147,0.28663165471927365,,,True,True,False,False,2.695578231292517,1
2023-11-11,2023-24,N290666,-1,224.5,True,1.9090909090909092,0.562549991242191,0.539562502322831,N290664,1,221.0,True,1.9090909090909092,0.5084137442629214,0.5064173064511669,3.6446280991735542,0.28600814738251595,0.27324378908837954,,,False,False,False,False,-1.0,0
2023-11-12,2023-24,N290667,1,226.5,True,1.8695652173913042,0.5318597274863903,0.5286186728932992,N290677,1,218.5,True,1.9090909090909092,0.5689155337958655,0.544994731008178,3.569169960474308,0.3025832607674433,0.28809439143938365,,,True,True,False,False,2.569169960474308,1
2023-11-13,2023-24,N290681,-1,226.5,True,1.9090909090909092,0.5641267519045591,0.5377802249312865,N290679,1,221.0,True,1.925925925925926,0.5856071207629272,0.5818781820901927,3.6767676767676774,0.330356642928171,0.31292257964707193,,,False,False,False,False,-1.0,0
2023-11-14,2023-24,N290448,1,226.5,True,1.9090909090909092,0.5349916392410656,0.5256183651829583,N290441,1,240.5,True,1.9090909090909092,0.5317738586420373,0.5214190911517856,3.6446280991735542,0.2844945683404502,0.2740674502663855,,,True,True,False,False,2.6446280991735542,1
2023-11-15,2023-24,N290686,-1,217.5,True,1.8695652173913042,0.5262416739642988,0.5237603545858448,N290687,-1,230.0,True,1.9090909090909092,0.5887599766918599,0.5667619134727996,3.569169960474308,0.3098300356975059,0.2968474207662654,,,True,False,False,False,-1.0,0
2023-11-16,2023-24,N290691,-1,227.5,True,1.8928571428571428,0.5617295360331455,0.5442686793071938,N290690,-1,219.5,True,1.9090909090909092,0.5578360334715511,0.5374581530234537,3.6136363636363638,0.3133529762645446,0.2925216391289588,,,False,False,False,False,-1.0,0
2023-11-17,2023-24,N290458,1,221.5,True,1.9090909090909092,0.5580160116419023,0.5399707665415999,N290455,1,215.5,True,1.8928571428571428,0.5142263691924127,0.5089526193992262,3.6136363636363638,0.2869465476178465,0.2748195360303553,,,False,False,False,False,-1.0,0
2023-11-18,2023-24,N290694,-1,214.5,True,1.9090909090909092,0.5526257223242109,0.5351971455799492,N290696,1,223.0,True,1.9090909090909092,0.5241660047978168,0.5173917453081475,3.6446280991735542,0.28966761701918936,0.2769065852355486,,,True,True,False,False,2.6446280991735542,1
2023-11-20,2023-24,N290713,1,228.5,True,1.9090909090909092,0.55346935725724,0.5478079788031581,N290708,1,219.5,True,1.9090909090909092,0.5141735249484627,0.5097300348289807,3.6446280991735542,0.2845792903719151,0.27923418011492734,,,False,False,False,False,-1.0,0
2023-11-21,2023-24,N290463,1,225.0,True,1.8928571428571428,0.5675278110647378,0.5641670933408935,N290464,1,235.5,False,1.8005800702330024,0.5283874908917897,0.5221402825731511,3.4082408472267542,0.2998745960998065,0.2945743655354875,0.022044847472985296,0.003980385163953715,True,False,False,False,-1.0,0
2023-11-22,2023-24,N290721,1,213.0,True,1.8849557522123894,0.5905716085119029,0.5791004086169815,N290720,1,230.5,False,1.406075626753765,0.6863817095386869,0.6712969294030603,2.65039034069515,0.4053575502554121,0.3887483261206372,0.07435573572479326,0.03033480851154513,False,True,False,False,-1.0,0
2023-11-24,2023-24,N290470,-1,232.5,True,1.8695652173913042,0.5565640091821019,0.550709862347315,N290474,-1,225.5,True,1.8695652173913042,0.5279664197923004,0.524356584986164,3.4952741020793945,0.29384710731312336,0.28876834273863855,0.0270761841625049,0.009324509874749642,False,True,False,False,-1.0,0
2023-11-25,2023-24,N290734,-1,238.0,True,1.9090909090909092,0.5421780105564593,0.5239531324672058,N290731,1,246.0,True,1.9090909090909092,0.5352398757055631,0.5326992582719957,3.6446280991735542,0.29019529098052876,0.27910944503456925,,,True,False,False,False,-1.0,0
2023-11-26,2023-24,N290736,1,232.0,True,1.8928571428571428,0.567032353640608,0.5556020253533662,N290735,1,230.5,False,1.8429310889113861,0.5307695969457493,0.5179416080260236,3.4884052754394093,0.3009635337970251,0.28776940643403803,0.049882779012429435,0.003856315514565889,False,False,False,False,-1.0,0
2023-11-27,2023-24,N290747,-1,219.5,True,1.8695652173913042,0.5237690206352741,0.51747735446494,N290744,1,240.5,True,1.9174311926605505,0.5180172442442131,0.5140704258918141,3.58476266453929,0.2713213846899751,0.266019803999161,,,True,False,False,False,-1.0,0
2023-11-28,2023-24,N290476,-1,226.5,True,1.8695652173913042,0.5236124288759882,0.521625927982864,N290479,1,221.5,True,1.9090909090909092,0.5545949657213284,0.5390501401028062,3.569169960474308,0.2903928170437402,0.2811825295604191,,,False,False,False,False,-1.0,0
2023-11-29,2023-24,N290749,1,233.0,True,1.8695652173913042,0.5146230131973059,0.5072326745032819,N290748,1,228.5,True,1.9090909090909092,0.5291326103576282,0.520007950103514,3.569169960474308,0.27230381832319855,0.26376502329397455,,,True,True,False,False,2.569169960474308,1
2023-11-30,2023-24,N290758,1,217.5,True,1.8928571428571428,0.5744856196537352,0.5663050374045232,N290761,1,220.5,False,1.406075626753765,0.6787949389638378,0.663902299853819,2.661500293498198,0.3899579311284597,0.37597121675166595,0.037873148150345814,0.0006475037314335186,True,True,False,False,1.661500293498198,1
2023-12-01,2023-24,N290768,-1,236.5,True,1.8695652173913042,0.5494783253150676,0.5381804456731035,N290767,1,228.5,True,1.8695652173913042,0.5386960805010826,0.5362225471783116,3.4952741020793945,0.29600182016752574,0.28858448942039056,0.03460749619991499,0.008681892132896163,True,False,False,False,-1.0,0
2023-12-02,2023-24,N290776,1,247.5,True,1.8695652173913042,0.5673606296591381,0.5559018462367927,N290781,1,219.5,False,1.7214182267319156,0.5780803722527784,0.5589670389458697,3.2183036412814072,0.3279800439949253,0.31073080893552224,0.05553936985650432,2.609385550833565e-05,True,False,False,False,-1.0,0
2023-12-04,2023-24,N298641,1,235.0,True,1.9090909090909092,0.5190370524174346,0.5169212717748699,N298642,-1,232.5,True,1.9090909090909092,0.5117446531020392,0.5084196404688635,3.6446280991735542,0.265614436336465,0.262812927146487,,,False,False,False,False,-1.0,0
2023-12-05,2023-24,N298644,1,223.0,True,1.9090909090909092,0.5120315056669641,0.5059343740512455,N298643,1,222.5,True,1.9090909090909092,0.5114729314934987,0.5082669206224485,3.6446280991735542,0.2618902552205121,0.2571497063360726,,,False,True,False,False,-1.0,0
2023-12-06,2023-24,N298298,1,212.5,True,1.9090909090909092,0.5767312778205679,0.5504545167871594,N298300,1,223.5,True,1.9090909090909092,0.5657599529528072,0.5379627203084598,3.6446280991735542,0.32629146060617686,0.296124009256899,,,True,False,False,False,-1.0,0
2023-12-07,2023-24,N298646,-1,230.5,True,1.8695652173913042,0.5167621991730585,0.5136845083299252,N298645,-1,254.5,True,1.9174311926605505,0.5064899824181984,0.5030965426663677,3.58476266453929,0.261734877173552,0.25843290016205833,,,True,True,False,False,2.58476266453929,1
2023-12-08,2023-24,N298308,1,240.5,True,1.8928571428571428,0.5689601828591239,0.55459908839559,N301987,1,225.5,False,1.406075626753765,0.6933789694810988,0.6787768288588896,2.661500293498198,0.39450502526663683,0.37644901050918955,0.049975240533667975,0.0019191519573142912,False,False,False,False,-1.0,0
2023-12-11,2023-24,N290782,1,219.5,True,1.8928571428571428,0.5625092898540728,0.543190293903154,N290787,1,213.5,False,1.5675632326417432,0.6472143245247699,0.6211951150925625,2.9671732617861566,0.36406407007181174,0.3374271571383326,0.08024117429412159,0.001204838461376534,True,True,False,False,1.9671732617861566,1
2023-12-12,2023-24,N290795,1,223.5,True,1.8849557522123894,0.5185232214786153,0.5157687007971371,N290797,1,215.0,True,1.9090909090909092,0.5405890604195354,0.5260178768648575,3.598551890587289,0.2803079811048353,0.271303556946656,,,True,True,False,False,2.598551890587289,1
2023-12-13,2023-24,N290804,1,211.0,True,1.8928571428571428,0.5390234356957114,0.5304297444755309,N290806,1,227.5,True,1.9090909090909092,0.5663507356586327,0.5527482443105695,3.6136363636363638,0.30527631934350985,0.2931941099889537,,,True,True,False,False,2.6136363636363638,1
2023-12-14,2023-24,N290812,1,227.5,True,1.9090909090909092,0.5498764327684706,0.5362216841406404,N290814,1,240.0,True,1.9090909090909092,0.5330401371042283,0.5279358453923211,3.6446280991735542,0.29310620911328955,0.28309064813448315,,,False,True,False,False,-1.0,0
2023-12-15,2023-24,N290816,1,231.5,True,1.8849557522123894,0.5359642903953684,0.5290301622680018,N290821,1,232.5,True,1.9090909090909092,0.5328708529616668,0.5162788951777305,3.598551890587289,0.28559974857997444,0.27312710769141946,,,False,True,False,False,-1.0,0
2023-12-16,2023-24,N290827,1,216.5,True,1.8695652173913042,0.5342139850633806,0.5230959436720735,N290824,1,240.5,True,1.9090909090909092,0.5372910765617545,0.5184653188553621,3.569169960474308,0.28702840714904876,0.2712071052278881,,,True,True,False,False,2.569169960474308,1
2023-12-17,2023-24,N290834,1,227.5,True,1.9090909090909092,0.5171135903964164,0.5084738678820557,N290836,-1,231.0,True,1.8849557522123894,0.4978889081575102,0.49611986670059,3.598551890587289,0.2574651209158817,0.2522639875543789,,,False,False,False,False,-1.0,0
2023-12-18,2023-24,N290839,1,213.5,True,1.8695652173913042,0.5322706463454193,0.5275217515203984,N290849,1,226.5,True,1.9090909090909092,0.5607858834842834,0.5361343399984567,3.569169960474308,0.29848986466356653,0.28282252608621866,,,True,False,False,False,-1.0,0
2023-12-19,2023-24,N290851,1,247.5,True,1.9090909090909092,0.5274903236783063,0.5187523963229738,N290850,-1,233.5,True,1.9090909090909092,0.5522868835992134,0.5371660358410836,3.6446280991735542,0.29132598699303214,0.27865616831587453,,,True,True,False,False,2.6446280991735542,1
2023-12-20,2023-24,N290860,1,223.5,True,1.9090909090909092,0.5618934749189561,0.5427384644655042,N290856,1,217.5,True,1.9090909090909092,0.5523111032884365,0.5376984307171567,3.6446280991735542,0.3103400050630621,0.29182962063294093,,,True,True,False,False,2.6446280991735542,1
2023-12-21,2023-24,N290870,1,224.0,True,1.9090909090909092,0.5192283081817957,0.5095247018350852,N290868,1,237.5,True,1.9090909090909092,0.5452865304987017,0.536206795534739,3.6446280991735542,0.283128202705162,0.27321060761678445,,,True,False,False,False,-1.0,0
2023-12-22,2023-24,N290876,1,245.5,True,1.8928571428571428,0.5582983886045307,0.5544024454798318,N290872,-1,230.5,True,1.8928571428571428,0.540943625533498,0.5374129874016036,3.582908163265306,0.3020079544612446,0.29794307444807105,0.08206676541024982,0.06750267362835638,True,False,False,False,-1.0,0
2023-12-23,2023-24,N290879,1,229.5,True,1.8695652173913042,0.5530672918283467,0.5387881092782589,N290885,1,229.5,True,1.8928571428571428,0.538895585249437,0.5309503922142642,3.5388198757763973,0.29804552191215805,0.28606975794167344,0.05472941682889454,0.012349345262536948,True,True,False,False,2.5388198757763973,1
2023-12-25,2023-24,N290892,-1,233.5,True,1.8928571428571428,0.5606573987266987,0.5552250978112865,N290891,1,216.5,False,1.406075626753765,0.7071280978606533,0.6823846571038442,2.661500293498198,0.3964565999131124,0.3788770879854031,0.05516935702804626,0.008381480872893032,False,True,False,False,-1.0,0
2023-12-26,2023-24,N290904,1,228.5,True,1.9174311926605505,0.5391157651205856,0.5193681215433235,N290901,1,225.5,True,1.9090909090909092,0.5352345168263303,0.5174479868870702,3.6605504587155964,0.288553366057774,0.2687459889459119,,,False,True,False,False,-1.0,0
2023-12-27,2023-24,N290909,1,238.5,True,1.9090909090909092,0.5177283186746495,0.5087795680133004,N290907,1,239.5,True,1.9090909090909092,0.545950910778113,0.5374382868338542,3.6446280991735542,0.28265424711604603,0.2734376194091366,,,True,True,False,False,2.6446280991735542,1
2023-12-28,2023-24,N290911,1,230.5,True,1.8928571428571428,0.5726388748852106,0.5492286460321032,N290916,1,221.5,False,1.6320626211650227,0.6068022209991235,0.5894243853039055,3.089261390062364,0.347478541110785,0.32372875707876875,0.07345204092874602,8.275009631852903e-05,True,False,False,False,-1.0,0
2023-12-29,2023-24,N290927,-1,234.5,True,1.8695652173913042,0.6456949324278535,0.6313012495401257,N290922,1,216.5,False,1.406075626753765,0.7043835381114791,0.679736648946352,2.628750084800517,0.4548168810441839,0.4291185958380498,0.19559991461360493,0.1280455451987521,False,True,False,False,-1.0,0
2023-12-30,2023-24,N290931,1,245.5,True,1.8928571428571428,0.5448427604572464,0.5418981031771204,N290933,1,224.5,True,1.9090909090909092,0.5286911018903149,0.517076924242538,3.6136363636363638,0.2880535193831025,0.28020300444369095,,,True,False,False,False,-1.0,0
2023-12-31,2023-24,N290937,1,234.5,True,1.8928571428571428,0.5471119213487303,0.5346420303080056,N290938,1,235.5,True,1.9090909090909092,0.60046180775881,0.581941803361375,3.6136363636363638,0.32851981333945446,0.3111305472702277,,,False,False,False,False,-1.0,0
2024-01-01,2023-24,N290945,1,226.5,True,1.9090909090909092,0.5506135709825554,0.5305339869327417,N290943,1,227.5,True,1.9090909090909092,0.5343729549560077,0.5170218363595583,3.6446280991735542,0.2942330009648276,0.274297656175124,,,False,True,False,False,-1.0,0
2024-01-02,2023-24,N290950,1,229.5,True,1.9090909090909092,0.5833479114308592,0.5700085927991085,N290954,1,232.0,True,1.9090909090909092,0.524003479405151,0.5118917516333287,3.6446280991735542,0.3056763352934981,0.29178269701398446,,,False,False,False,False,-1.0,0
2024-01-03,2023-24,N290960,1,228.0,True,1.8695652173913042,0.5776002372852717,0.5732080693995242,N290965,1,219.5,False,1.406075626753765,0.7053050418542517,0.682885567489175,2.628750084800517,0.4073843595335142,0.39143551776126845,0.07091166967012974,0.02898615050886888,False,False,False,False,-1.0,0
2024-01-04,2023-24,N290967,1,249.0,True,1.9090909090909092,0.5049045048627958,0.5022410813505437,N290968,-1,234.5,True,1.9090909090909092,0.5390152041119269,0.5310229832262909,3.6446280991735542,0.2721512047456513,0.26670155731756395,,,False,False,False,False,-1.0,0
2024-01-05,2023-24,N290973,1,225.5,True,1.9090909090909092,0.576092013616424,0.5468876055647359,N290969,1,231.5,True,1.9090909090909092,0.7100382838479484,0.6890797062335268,3.6446280991735542,0.40904738468671464,0.3768491505853051,,,False,False,False,False,-1.0,0
2024-01-06,2023-24,N290984,1,238.0,True,1.9090909090909092,0.5095403327208846,0.5046744452856166,N290985,1,237.0,True,1.9090909090909092,0.5053657432672555,0.5024941417387491,3.6446280991735542,0.25750422897013453,0.2535959522412752,,,False,False,False,False,-1.0,0
2024-01-07,2023-24,N290992,1,237.5,True,1.9174311926605505,0.5360465483561029,0.5178496596520594,N290995,1,230.5,True,1.9090909090909092,0.5463310179064653,0.528956206074423,3.6605504587155964,0.29285885640863696,0.2739197912864845,,,True,False,False,False,-1.0,0
2024-01-08,2023-24,N290999,1,216.5,True,1.9090909090909092,0.5299951304211705,0.5148565670225465,N290998,1,244.5,True,1.9174311926605505,0.5284348832533359,0.5140847845979,3.6605504587155964,0.2800679148689478,0.26467992735660006,,,True,True,False,False,2.6605504587155964,1
2024-01-09,2023-24,N291002,1,241.5,True,1.8928571428571428,0.5389577748480764,0.5300880892431559,N291004,1,226.5,True,1.9090909090909092,0.5705760665035099,0.5487863459392032,3.6136363636363638,0.30751640718429973,0.2909051055216457,,,False,False,False,False,-1.0,0
2024-01-10,2023-24,N291013,1,214.5,True,1.8695652173913042,0.5592258034669183,0.5475366155657994,N291016,1,235.5,True,1.9090909090909092,0.5613000929107049,0.5390479906496813,3.569169960474308,0.3138934954440449,0.29514851242787116,,,True,True,False,False,2.569169960474308,1
2024-01-11,2023-24,N291017,-1,227.5,True,1.8849557522123894,0.531869893517226,0.5295427542080634,N291019,1,231.5,True,1.9090909090909092,0.5662466115600436,0.5459781782605921,3.598551890587289,0.30116952499493044,0.289118788253615,,,True,False,False,False,-1.0,0
2024-01-12,2023-24,N291027,1,226.5,True,1.8928571428571428,0.5721331133635674,0.5586126724430801,N291025,1,212.5,False,1.4299851840910847,0.6845548056445144,0.6669654836875589,2.706757669886696,0.39165647222138783,0.37257537126999885,0.06011916014600738,0.008471243795952654,True,False,False,False,-1.0,0
2024-01-13,2023-24,N291032,1,228.0,True,1.9090909090909092,0.5729996964969689,0.5498551340214444,N291039,-1,238.0,True,1.8928571428571428,0.5248983916616344,0.513686508671074,3.6136363636363638,0.30076661911386365,0.28245316407034127,,,True,False,False,False,-1.0,0
2024-01-14,2023-24,N291043,1,222.5,True,1.8928571428571428,0.5478027849549133,0.5439478373143027,N291040,1,238.5,True,1.9090909090909092,0.5271448973058255,0.5189190114921839,3.6136363636363638,0.288771442818903,0.2822648740424492,,,False,False,False,False,-1.0,0
2024-01-15,2023-24,N291055,1,236.5,True,1.8695652173913042,0.5677767305134935,0.5456299787784871,N291045,1,226.5,True,1.8695652173913042,0.5531615045432893,0.5351159878367253,3.4952741020793945,0.3140722304955138,0.29197532508738155,0.09776853343327963,0.020533792224137093,False,True,False,False,-1.0,0
2024-01-16,2023-24,N291056,1,226.5,True,1.8849557522123894,0.5511735073701653,0.5430039918810194,N291057,-1,243.5,True,1.9090909090909092,0.5266273858791579,0.5131905205551331,3.598551890587289,0.290263063352197,0.27866450125693565,,,True,True,False,False,2.598551890587289,1
2024-01-17,2023-24,N291062,1,236.5,True,1.8928571428571428,0.5409841070724432,0.5373883001083267,N291059,1,221.0,True,1.8849557522123894,0.5571059927909634,0.5282861565401892,3.56795195954488,0.3013854880547263,0.28389479963389364,0.07532894268325063,0.012923006658351888,False,True,False,False,-1.0,0
2024-01-18,2023-24,N291073,-1,246.5,True,1.8928571428571428,0.5476936278243634,0.5410543298846634,N291072,1,216.0,True,1.8928571428571428,0.541175310374504,0.5256813168238867,3.582908163265306,0.2963982690279879,0.28442215260703546,0.061967777678084035,0.019058452389237868,False,True,False,False,-1.0,0
2024-01-19,2023-24,N291081,1,227.0,True,1.9090909090909092,0.579571028142555,0.5623017584244964,N291075,1,222.0,True,1.9090909090909092,0.520089341443975,0.5099520019891661,3.6446280991735542,0.30142871434666896,0.2867469074306004,,,True,True,False,False,2.6446280991735542,1
2024-01-20,2023-24,N291082,1,238.5,True,1.9090909090909092,0.5942828796220468,0.5684961298657476,N291086,1,227.5,True,1.9090909090909092,0.543204254130933,0.5243270996478099,3.6446280991735542,0.322816988367877,0.2980779269335121,,,True,False,False,False,-1.0,0
2024-01-21,2023-24,N291095,1,225.5,True,1.8849557522123894,0.5881504822038525,0.5652760129181723,N291090,1,222.5,False,1.5087096070244288,0.6367609450706527,0.6233844106977698,2.843850852178791,0.3745112568918852,0.3523842541945798,0.06505415706253781,0.0021282615856432763,True,True,False,False,1.8438508521787909,1
2024-01-22,2023-24,N291100,1,221.5,True,1.8928571428571428,0.5684665791393695,0.5573390580170579,N291097,1,243.5,False,1.5675632326417432,0.6258167180993879,0.6055133273062205,2.9671732617861566,0.35575588890618615,0.3374762274576234,0.05558936128540193,0.0013504386007232583,True,False,False,False,-1.0,0
2024-01-23,2023-24,N291107,1,235.0,True,1.8928571428571428,0.5579215081790779,0.5444429693044954,N291105,1,223.0,True,1.8928571428571428,0.5356911032407943,0.5319728794887416,3.582908163265306,0.2988735882382181,0.289628894098313,0.07083661908310557,0.03771372898234837,False,False,False,False,-1.0,0
2024-01-25,2023-24,N291123,1,224.0,True,1.9090909090909092,0.5478138665077348,0.5236752643481031,N291119,1,217.0,True,1.9090909090909092,0.5525713786369557,0.5434320386164843,3.6446280991735542,0.30270626345262025,0.28458191647771597,,,True,False,False,False,-1.0,0
2024-01-26,2023-24,N291131,1,230.5,True,1.8849557522123894,0.5876420175728179,0.5808322132895047,N291127,1,226.5,False,1.406075626753765,0.6945375575432495,0.6760425720273118,2.65039034069515,0.40813945159481224,0.39266730338855294,0.08172886016350622,0.04072162800783263,False,True,False,False,-1.0,0
2024-01-27,2023-24,N291139,1,225.0,True,1.8928571428571428,0.5798188300126114,0.5667786091346614,N291140,1,230.5,False,1.417892099490911,0.6974251736607052,0.6762647867170389,2.6838671883220813,0.4043802482132924,0.38329241522223173,0.08530287978519446,0.028705936747670746,False,True,True,False,0.417892099490911,1
2024-01-28,2023-24,N291143,-1,238.0,True,1.8849557522123894,0.5536528051067077,0.5438251129101758,N291144,1,239.0,True,1.8928571428571428,0.5417086298167256,0.5391677405629333,3.56795195954488,0.29991850244854124,0.29321295738916153,0.07009480851503858,0.04616974588060829,False,False,False,False,-1.0,0
2024-01-29,2023-24,N291152,1,225.5,True,1.9090909090909092,0.6191645778815486,0.5836990182354184,N291158,1,224.5,True,1.9090909090909092,0.5373422872655078,0.5184906539526367,3.6446280991735542,0.33270331047265395,0.30264248567639407,,,True,True,False,False,2.6446280991735542,1
2024-01-30,2023-24,N291162,1,223.5,True,1.9090909090909092,0.5744531801649817,0.5577414962458848,N291159,1,243.5,True,1.9090909090909092,0.5447189378011139,0.5334927114499083,3.6446280991735542,0.31291552611594076,0.2975510231203459,,,True,True,False,False,2.6446280991735542,1
2024-02-01,2023-24,N291174,1,239.5,True,1.8695652173913042,0.5485005301034264,0.5295468642124452,N291176,1,233.5,True,1.9090909090909092,0.5102379280897447,0.5050289372720854,3.569169960474308,0.2798657740360989,0.2674364900689765,,,False,True,False,False,-1.0,0
2024-02-02,2023-24,N291185,1,230.0,True,1.8928571428571428,0.5722565113195056,0.5663078420627512,N291182,1,220.5,False,1.406075626753765,0.707400938101387,0.6831485062117415,2.661500293498198,0.4048147929420453,0.3868723563611633,0.07741469022766578,0.02966089000157579,True,True,False,False,1.661500293498198,1
2024-02-03,2023-24,N291191,1,229.5,True,1.9090909090909092,0.5281952358479558,0.5139662314908955,N291192,1,251.5,True,1.9090909090909092,0.49853682147596345,0.4969783286644874,3.6446280991735542,0.2633247739983868,0.2554300787163303,,,False,False,False,False,-1.0,0
2024-02-04,2023-24,N291199,1,216.5,True,1.9090909090909092,0.5725935103535027,0.5475510853717201,N291197,-1,244.5,True,1.8695652173913042,0.5327207122721306,0.5219188142856449,3.569169960474308,0.3050324226779175,0.28577721323802613,,,False,True,False,False,-1.0,0
2024-02-06,2023-24,N291213,1,214.0,True,1.9090909090909092,0.5635510756204217,0.5492301519935352,N291209,1,236.5,True,1.9090909090909092,0.5314636960270159,0.5184209159838441,3.6446280991735542,0.2995069375492297,0.2847323984824344,,,True,True,False,False,2.6446280991735542,1
2024-02-07,2023-24,N291216,1,224.5,True,1.9174311926605505,0.5530354806203076,0.5433923954954796,N291219,1,243.5,True,1.9090909090909092,0.5290749675065727,0.5198842474702516,3.6605504587155964,0.29259722893917106,0.28250114661322473,,,True,False,False,False,-1.0,0
2024-02-08,2023-24,N291227,1,211.5,True,1.9090909090909092,0.5727755505476329,0.5508657376519684,N291228,1,228.0,True,1.8928571428571428,0.5185589301672827,0.5091923099140983,3.6136363636363638,0.2970178767179569,0.28049659740753946,,,True,True,False,False,2.6136363636363638,1
2024-02-09,2023-24,N291234,1,230.0,True,1.9090909090909092,0.5542354007175319,0.532909478069591,N291236,-1,233.5,True,1.9174311926605505,0.5404613615366025,0.5200340158611436,3.6605504587155964,0.29954281928358173,0.27713105597099547,,,False,False,False,False,-1.0,0
2024-02-10,2023-24,N291238,-1,241.5,True,1.8928571428571428,0.5453142691291363,0.5347126726298123,N291244,1,234.0,True,1.9090909090909092,0.5807887775035185,0.557673247129975,3.6136363636363638,0.31671240772273573,0.2981949524270147,,,False,True,False,False,-1.0,0
2024-02-11,2023-24,N291250,-1,239.5,True,1.9523809523809523,0.570716585484616,0.5523436314749759,N291249,-1,227.5,True,1.9090909090909092,0.5767500884923638,0.5615574171182395,3.7272727272727275,0.329160841182312,0.31017266305279617,,,False,True,False,False,-1.0,0
2024-02-12,2023-24,N291254,1,232.5,True,1.8695652173913042,0.5535756301382544,0.5323895724704132,N291255,1,219.5,True,1.9090909090909092,0.5784617633890478,0.5569284466778425,3.569169960474308,0.3202223351789779,0.29650289762342785,,,False,False,False,False,-1.0,0
2024-02-13,2023-24,N291266,1,235.5,True,1.9090909090909092,0.5824350477430122,0.557036209230508,N291265,1,214.5,True,1.9090909090909092,0.5527159236260363,0.5428076021943051,3.6446280991735542,0.32192112536545353,0.3023634890678173,,,True,True,False,False,2.6446280991735542,1
2024-02-14,2023-24,N291277,1,237.5,True,1.8849557522123894,0.5725664185758205,0.5578361589327501,N291271,1,213.5,False,1.406075626753765,0.7036635443347137,0.6812965682828527,2.65039034069515,0.4028941154620951,0.3800518607449706,0.06782667194365355,0.007285780681688614,False,False,False,False,-1.0,0
2024-02-15,2023-24,N291281,1,214.5,True,1.9174311926605505,0.5591154799368293,0.550848001821275,N291280,1,225.0,True,1.9090909090909092,0.5130727759931563,0.510731895141322,3.6605504587155964,0.28686693139193487,0.28133564390499016,,,True,False,False,False,-1.0,0
2024-02-22,2023-24,N291287,1,224.5,False,1.7214182267319156,0.6218937714324956,0.5823428843839898,N291292,1,240.5,False,1.7801120688760605,0.5997148934356349,0.5618198795494028,3.0643173609887095,0.3729589568629242,0.327171809161065,0.14286460645129773,0.0025582548383362713,True,False,False,False,-1.0,0
2024-02-23,2023-24,N291303,1,237.5,True,1.8928571428571428,0.5581011809555487,0.5372461738585108,N291298,1,222.5,False,1.7214182267319156,0.6027131035020412,0.5718851603930774,3.258398786313983,0.33637489484187305,0.30724311430764156,0.09604354909925283,0.0011205907633475842,True,False,False,False,-1.0,0
2024-02-24,2023-24,N291304,1,225.5,True,1.8695652173913042,0.5197319938690064,0.5174572517805971,N291305,1,216.5,True,1.9090909090909092,0.5139109459090493,0.5068767992149865,3.569169960474308,0.2670959605884173,0.26228707551313246,,,False,False,False,False,-1.0,0
2024-02-25,2023-24,N291308,1,237.5,True,1.9090909090909092,0.5705651284892653,0.552843209854727,N291307,1,225.5,True,1.9090909090909092,0.5789588191279891,0.5628342783948694,3.6446280991735542,0.3303337130257544,0.31115910908408867,,,False,False,False,False,-1.0,0
2024-02-26,2023-24,N291318,1,223.0,True,1.9090909090909092,0.5261365745651133,0.5157182352163528,N291320,1,214.5,True,1.9090909090909092,0.5093817334827904,0.5072156041649418,3.6446280991735542,0.2680043604006748,0.26158033625414,,,True,False,False,False,-1.0,0
2024-02-27,2023-24,N291329,1,226.5,True,1.9090909090909092,0.5751225413228113,0.5458177865038764,N291328,1,223.5,True,1.9174311926605505,0.5557003957048177,0.527587895434907,3.6605504587155964,0.3195958237918466,0.2879668572725195,,,False,False,False,False,-1.0,0
2024-02-28,2023-24,N291335,1,213.0,True,1.8928571428571428,0.5606497903348847,0.548880074828667,N291338,1,234.5,False,1.7027248854116175,0.5837101633812392,0.5653038370405085,3.22301496167199,0.32725698071603304,0.31028401237572684,0.05475414515937649,5.00142545847293e-05,False,False,False,False,-1.0,0
2024-02-29,2023-24,N291339,1,217.5,True,1.8849557522123894,0.5413671791111053,0.5312341959470173,N291346,1,240.5,True,1.8695652173913042,0.554710389120888,0.5353226169253354,3.5240477106579453,0.3003019985819987,0.2843816799745837,0.05827857060889796,0.002174608267492051,False,True,False,False,-1.0,0
2024-03-02,2023-24,N291360,1,228.5,True,1.9090909090909092,0.5576199867916085,0.5476560931395094,N291356,1,220.5,True,1.9090909090909092,0.5364302574590665,0.5295452932752821,3.6446280991735542,0.2991242330789438,0.2900087064555567,,,False,False,False,False,-1.0,0
2024-03-04,2023-24,N291372,1,241.5,True,1.8928571428571428,0.5826467349965377,0.5756606417294214,N291373,1,222.5,False,1.4299851840910847,0.6669345579853416,0.6556942120636636,2.706757669886696,0.3885872426665184,0.37745735089483595,0.05181149950772146,0.021685579589711068,True,False,False,False,-1.0,0
2024-03-05,2023-24,N291380,1,228.5,True,1.8695652173913042,0.5291448761226696,0.5202169151157434,N291379,1,217.0,True,1.9090909090909092,0.5350918717127482,0.5173774295205775,3.569169960474308,0.2831411221716895,0.2691484903357078,,,True,False,False,False,-1.0,0
2024-03-06,2023-24,N291388,1,225.5,True,1.9090909090909092,0.5782838841670868,0.5662551678390052,N291390,1,223.5,True,1.9090909090909092,0.5436722234429306,0.532563733423432,3.6446280991735542,0.31439688508633423,0.30156696625465274,,,True,True,False,False,2.6446280991735542,1
2024-03-07,2023-24,N291393,1,228.5,True,1.8928571428571428,0.5456506479470113,0.5427923031776721,N291395,1,231.5,True,1.9523809523809523,0.5327511525799702,0.5162196924144855,3.695578231292517,0.2906960115997778,0.28020007579132805,,,False,True,False,False,-1.0,0
2024-03-08,2023-24,N291404,1,224.5,True,1.8849557522123894,0.5279829570970203,0.5239142902239273,N291406,1,218.5,True,1.9090909090909092,0.534807095431659,0.5172365708056774,3.598551890587289,0.2823690317224757,0.2709876308715146,,,False,True,False,False,-1.0,0
2024-03-10,2023-24,N291419,1,227.5,True,1.9090909090909092,0.6168674094560304,0.603387937739297,N291421,1,219.5,True,1.9090909090909092,0.5411601665561623,0.5284392927332088,3.6446280991735542,0.33382407004429376,0.3188538950627035,,,False,False,False,False,-1.0,0
2024-03-11,2023-24,N291428,1,217.0,True,1.9090909090909092,0.5539703543389626,0.5322949616252639,N291427,1,225.5,True,1.9174311926605505,0.5308964609841234,0.5153023755614016,3.6605504587155964,0.29410090060867605,0.2742928582248636,,,True,True,False,False,2.6605504587155964,1
2024-03-12,2023-24,N291432,1,223.5,True,1.9090909090909092,0.5283903834952635,0.5198374984511751,N291434,1,218.0,True,1.9090909090909092,0.5100303375779217,0.5049236107221972,3.6446280991735542,0.2694951256670167,0.2624782267067619,,,False,False,False,True,-1.0,0
2024-03-13,2023-24,N291441,1,214.5,True,1.8695652173913042,0.5781614668710221,0.5745682481584717,N291443,1,212.5,False,1.417892099490911,0.6870781689148153,0.6708685690008847,2.6508417512221376,0.39724212199484554,0.3854597784354191,0.053026002328014465,0.02179287409344366,False,False,False,False,-1.0,0
2024-03-15,2023-24,N291456,1,223.5,True,1.8849557522123894,0.5530199239558148,0.5379590562437571,N291453,1,217.0,True,1.9090909090909092,0.5294455008519985,0.5174733204882218,3.598551890587289,0.2927939106199205,0.278379459121167,,,True,False,False,False,-1.0,0
2024-03-17,2023-24,N291469,1,216.0,True,1.9090909090909092,0.5282870346800114,0.508379096155505,N291472,1,224.0,True,1.9090909090909092,0.5668689404888883,0.5606387310440331,3.6446280991735542,0.2994695116230746,0.2850170113579348,,,False,False,False,False,-1.0,0
2024-03-18,2023-24,N291476,1,213.0,True,1.9090909090909092,0.5352357442730892,0.5174485940287991,N291480,1,226.5,True,1.9090909090909092,0.5462748738742927,0.5285515001374504,3.6446280991735542,0.292385838695795,0.2734982306179363,,,True,True,False,False,2.6446280991735542,1
2024-03-19,2023-24,N291482,1,229.0,True,1.9090909090909092,0.5126485078714262,0.5062443426743085,N291481,1,203.5,True,1.9090909090909092,0.5192538862348751,0.5148503578866116,3.6446280991735542,0.266194729984748,0.2606400810039402,,,True,True,False,False,2.6446280991735542,1
2024-03-20,2023-24,N291491,1,217.5,True,1.8695652173913042,0.5363253304580013,0.5262717737149541,N291493,1,215.0,True,1.9090909090909092,0.528676200364016,0.5142041604207739,3.569169960474308,0.2835424378655114,0.2706111355562495,,,True,True,False,False,2.569169960474308,1
2024-03-21,2023-24,N291496,1,212.5,True,1.9090909090909092,0.5663230022385778,0.5480177599428704,N291500,1,226.5,True,1.9090909090909092,0.5335764879113809,0.5249065704000171,3.6446280991735542,0.30217663855788945,0.28765812288991194,,,True,True,False,False,2.6446280991735542,1
2024-03-22,2023-24,N291508,1,222.5,True,1.8695652173913042,0.5323179670839954,0.5217735370968967,N291502,1,228.0,True,1.9090909090909092,0.5383883388561421,0.5163117887622201,3.569169960474308,0.2865937860416308,0.2693978282672893,,,False,False,False,False,-1.0,0
2024-03-23,2023-24,N291516,1,210.5,True,1.9090909090909092,0.5521014237901063,0.5286128712641166,N291511,1,214.0,True,1.8928571428571428,0.5213726164160937,0.5133768011615156,3.6136363636363638,0.2878505638484983,0.27137758490237623,,,True,True,False,False,2.6136363636363638,1
2024-03-25,2023-24,N291526,1,215.0,True,1.8849557522123894,0.5537561205722118,0.5356302304426349,N291528,1,216.5,False,1.8215163273893384,0.5773988790387274,0.544087207942302,3.4334776790613195,0.3197381632792295,0.29142955657102504,0.09781384676329807,0.0006168775053525533,False,False,False,False,-1.0,0
2024-03-26,2023-24,N291537,-1,237.5,True,1.9090909090909092,0.5652911705028935,0.5354791431666087,N291536,-1,227.0,True,1.9090909090909092,0.5406946423705496,0.5201494723056516,3.6446280991735542,0.3056499072702914,0.278529193748794,,,True,False,False,False,-1.0,0
2024-03-27,2023-24,N291541,1,214.0,True,1.9090909090909092,0.5626659735248597,0.5282001698112714,N291546,1,211.0,True,1.9090909090909092,0.611895708525234,0.5858661959170426,3.6446280991735542,0.3442928945330346,0.3094546241700655,,,True,False,False,False,-1.0,0
2024-03-28,2023-24,N291551,-1,226.0,True,1.9090909090909092,0.5791637171383881,0.5603171690285167,N291550,1,225.5,True,1.9174311926605505,0.5192366416927917,0.5169200981348102,3.6605504587155964,0.3007230234772506,0.28963920600083987,,,True,True,False,False,2.6605504587155964,1
2024-03-30,2023-24,N291565,-1,209.0,True,1.8928571428571428,0.5140711463277265,0.5097860646171657,N291564,-1,225.5,True,1.9090909090909092,0.5873175238206347,0.5704898419592856,3.6136363636363638,0.30192299272883555,0.290827771436493,,,True,True,False,False,2.6136363636363638,1
2024-03-31,2023-24,N291569,1,214.5,True,1.8849557522123894,0.5337562663287669,0.5222984378685027,N291576,1,224.0,True,1.9090909090909092,0.5308371420816612,0.5124851694164471,3.598551890587289,0.28333765098614067,0.2676702034169853,,,True,True,False,False,2.598551890587289,1
2024-04-01,2023-24,N291580,1,207.5,True,1.9090909090909092,0.5721824240947331,0.5439577271856433,N291581,1,223.5,True,1.8928571428571428,0.5233489001470082,0.517554781480456,3.6136363636363638,0.29945104233342756,0.2815279226281711,,,False,False,False,False,-1.0,0
2024-04-02,2023-24,N291585,1,228.5,True,1.8928571428571428,0.5516673268566095,0.5336499841037103,N291590,1,209.5,False,1.7405408809011067,0.6051872238133273,0.5694893511238955,3.2945952388485233,0.33386201800887094,0.3039079831744992,0.09994021496438621,0.0012537944147619218,True,True,False,False,2.2945952388485233,1
2024-04-03,2023-24,N291595,-1,230.5,True,1.8849557522123894,0.5630904185636766,0.5584553237342332,N291598,1,209.5,False,1.4550261516473175,0.6808827079312566,0.653731833574287,2.7426599141670676,0.38339852900178084,0.36508002275410234,0.05153177664380437,0.0012903438708773418,False,True,False,False,-1.0,0
2024-04-05,2023-24,N291611,1,207.5,True,1.8695652173913042,0.5792500268263797,0.5519102533497884,N291612,1,222.5,False,1.6665893608709583,0.6173792481440694,0.5851075200392742,3.115797500758748,0.35761694604950234,0.32292683962174223,0.11426198673001542,0.006174639821345362,False,True,False,False,-1.0,0
2024-04-06,2023-24,N291617,1,224.5,True,1.9090909090909092,0.5603398895105826,0.5417676819218666,N291620,1,221.5,True,1.9090909090909092,0.5266808786734599,0.5132169899978681,3.6446280991735542,0.2951203053632231,0.2780443789940628,,,False,True,False,False,-1.0,0
2024-04-07,2023-24,N291630,1,226.5,True,1.8695652173913042,0.5596260256330714,0.5530054190408472,N291627,1,221.5,False,1.5675632326417432,0.644771649329627,0.6183354130240103,2.9306616958084764,0.3608309955552196,0.34194283418713817,0.05747357733412062,0.002118766308434994,True,True,False,False,1.9306616958084764,1
2024-04-09,2023-24,N291641,1,214.5,True,1.8695652173913042,0.5596833507501923,0.5357276580808796,N291640,1,211.0,True,1.9174311926605505,0.5599312006486484,0.526495256956284,3.58476266453929,0.3133841705686138,0.28205807099988095,,,False,True,False,False,-1.0,0
2024-04-10,2023-24,N291648,1,208.0,True,1.9090909090909092,0.5759808088341771,0.5431645476306084,N291650,1,215.5,True,1.9090909090909092,0.6092336128912037,0.5880341288395298,3.6446280991735542,0.3509068691220435,0.3193992915824821,,,False,False,True,False,-1.0,0
2024-04-11,2023-24,N291656,1,217.0,True,1.9090909090909092,0.536056278924952,0.5149762247096468,N291658,1,226.0,True,1.9174311926605505,0.5358187578275408,0.5148405647587443,3.6605504587155964,0.28722900949922153,0.2651306503668405,,,True,True,False,False,2.6605504587155964,1
2024-04-12,2023-24,N291671,1,217.5,True,1.8695652173913042,0.5796812309552499,0.5451563377091454,N291673,1,212.5,False,1.6153809448954726,0.6400478162648949,0.6084393767452062,3.0200600274132747,0.37102370600265394,0.3316945823444516,0.12051386372134965,0.0017375494480191822,False,True,False,False,-1.0,0
2024-04-14,2023-24,N291677,1,205.5,False,1.7801120688760605,0.6142611716324143,0.5684361940338364,N291680,1,212.5,False,1.7027248854116175,0.6158145746098581,0.5808299435228829,3.0310411184968276,0.3782709821081683,0.3301647624770357,0.14655490070403587,0.0007429709466335588,True,True,False,False,2.0310411184968276,1
2024-04-16,2023-24,N298373,-1,227.5,True,1.925925925925926,0.5417858851044238,0.520689610326756,N298372,1,226.5,True,1.9090909090909092,0.5204016753334535,0.5177334705746172,3.6767676767676774,0.2819462822803601,0.2695784390466164,,,True,False,False,False,-1.0,0
2024-04-17,2023-24,N298374,1,218.0,True,1.9090909090909092,0.5419638670576707,0.5207777159377872,N298375,1,207.5,True,1.9090909090909092,0.5058115968904647,0.5043571683092185,3.6446280991735542,0.27413160905337197,0.26265797412892494,,,True,True,False,False,2.6446280991735542,1
2024-04-19,2023-24,N298376,1,208.0,True,1.9090909090909092,0.5017849480390101,0.4947481718413496,N298377,-1,219.5,True,1.9090909090909092,0.5505295129344128,0.5371461793837132,3.6446280991735542,0.27624742304173583,0.26575209026165775,,,False,True,False,False,-1.0,0
2024-04-20,2023-24,N298379,1,207.0,True,1.9523809523809523,0.5568961635301782,0.5281818999174616,N298382,1,223.0,True,1.9090909090909092,0.5449362677285506,0.5222495425807294,3.7272727272727275,0.3034729168664839,0.2758427556313149,,,False,False,False,False,-1.0,0
2024-04-21,2023-24,N298380,1,208.5,True,1.9090909090909092,0.5393859326501286,0.5195018093926036,N298386,1,214.5,True,1.9090909090909092,0.5408625239688575,0.5287312712918292,3.6446280991735542,0.2917336369264447,0.2746768521185568,,,False,False,False,False,-1.0,0
2024-04-22,2023-24,N298388,1,208.0,True,1.8928571428571428,0.5438130012144903,0.5337764555340159,N298387,1,201.5,True,1.9090909090909092,0.5667684693302955,0.5477196297080158,3.6136363636363638,0.3082160623002508,0.29235984257194836,,,False,False,False,False,-1.0,0
2024-04-23,2023-24,N298385,1,213.5,True,1.925925925925926,0.5065694721215358,0.5031385356898717,N298391,1,225.5,True,1.9090909090909092,0.5259246854139469,0.5236021116144456,3.6767676767676774,0.26641739026582784,0.2634443997218169,,,False,True,False,False,-1.0,0
2024-04-24,2023-24,N298389,1,206.5,True,1.9090909090909092,0.5570953303960021,0.5338145638523711,N298392,1,213.0,True,1.9090909090909092,0.5200094522226143,0.5099123671336337,3.6446280991735542,0.28969483759500136,0.27219864786437087,,,True,True,False,False,2.6446280991735542,1
2024-04-25,2023-24,N298395,1,205.0,True,1.8849557522123894,0.5289975565364545,0.5143631256351752,N298399,1,215.5,True,1.9174311926605505,0.5381311949527136,0.5188809616354386,3.614272956076967,0.28467008722602793,0.26689323325938963,,,True,True,False,False,2.614272956076967,1
2024-04-26,2023-24,N298397,1,224.0,True,1.9090909090909092,0.5198963958039708,0.5098562734832753,N298398,1,208.5,True,1.9090909090909092,0.5270043494922565,0.5191877906795503,3.6446280991735542,0.2739876618740404,0.26471115219389035,,,True,True,False,False,2.6446280991735542,1
2024-04-27,2023-24,N298396,1,204.0,True,1.8849557522123894,0.5671275510672278,0.5452281577147677,N298407,1,215.5,True,1.9090909090909092,0.5592002579067383,0.5413143107523442,3.598551890587289,0.3171378728228107,0.2951398043961399,,,False,True,False,False,-1.0,0
2024-04-28,2023-24,N298406,1,208.5,True,1.8695652173913042,0.5295347607457854,0.5235358815332015,N298403,1,207.0,True,1.9090909090909092,0.533222029978884,0.5133982325744211,3.569169960474308,0.28235960006925037,0.26878239626843714,,,True,False,False,False,-1.0,0
2024-04-29,2023-24,N298404,1,202.5,True,1.8695652173913042,0.5513594267205951,0.531241181794,N298415,1,218.5,True,1.9090909090909092,0.5430102076178133,0.5212957351941468,3.569169960474308,0.29939379677558886,0.27693376242871065,,,False,False,False,False,-1.0,0
2024-04-30,2023-24,N298410,1,200.5,True,1.9090909090909092,0.5445277384977892,0.5220472045540837,N298411,1,203.5,True,1.9090909090909092,0.5320341077548474,0.515865049273767,3.6446280991735542,0.2897073294994362,0.2693059069005247,,,True,True,False,False,2.6446280991735542,1
2024-05-01,2023-24,N298412,1,200.0,True,1.9523809523809523,0.5485527954642697,0.5268200437061282,N298417,1,209.0,True,1.8849557522123894,0.516900507645224,0.5150305086784316,3.680151706700379,0.28354721844568775,0.2713283950919608,,,True,True,False,False,2.680151706700379,1
2024-05-02,2023-24,N298419,1,200.0,True,1.9523809523809523,0.5251916487834546,0.50644964152652,N298421,1,215.0,True,1.8695652173913042,0.5307037612525878,0.5152070656102723,3.6501035196687366,0.2787211833878274,0.26092643369025265,,,True,True,False,False,2.6501035196687366,1
2024-05-03,2023-24,N298418,1,199.5,True,1.8849557522123894,0.5517750278230705,0.531614139212954,N298425,1,206.5,True,1.9090909090909092,0.5313716354826696,0.5211242967840797,3.598551890587289,0.29319759895284053,0.27703704445782446,,,False,True,False,False,-1.0,0
2024-05-06,2023-24,N298434,1,215.0,True,1.9090909090909092,0.5420590505733581,0.5208248352781055,N298440,1,207.5,True,1.9090909090909092,0.5221158594325789,0.5138707903338299,3.6446280991735542,0.2830176270533166,0.26763666972984684,,,True,False,False,False,-1.0,0
2024-05-07,2023-24,N298435,1,208.5,True,1.9090909090909092,0.5386550281543935,0.5191401442081899,N298437,1,214.0,True,1.9174311926605505,0.5075464360754068,0.50084433318877,3.6605504587155964,0.27339243981386036,0.2600083993574727,,,True,False,False,False,-1.0,0
2024-05-09,2023-24,N298439,1,211.5,True,1.9090909090909092,0.5554243729508673,0.5385955631966178,N298441,-1,220.5,True,1.9090909090909092,0.5458673063581041,0.5420398418091399,3.6446280991735542,0.303188006348329,0.29194025387419936,,,True,False,False,False,-1.0,0
2024-05-11,2023-24,N298443,1,212.5,True,1.9090909090909092,0.5210728764078983,0.5133458979704593,N298445,-1,219.5,True,1.9090909090909092,0.5136161240498116,0.5067292863024858,3.6446280991735542,0.2676314311281113,0.26012740050487954,,,False,True,False,False,-1.0,0
2024-05-12,2023-24,N298446,1,218.0,True,1.9090909090909092,0.5135472575934918,0.5066948139521291,N298448,1,203.5,True,1.9090909090909092,0.5234397536126527,0.5175497643742634,3.6446280991735542,0.2688110499831909,0.26223978157058564,,,False,True,False,False,-1.0,0
2024-05-13,2023-24,N298447,1,208.5,True,1.9090909090909092,0.5213561306793755,0.5105802130304303,N298449,-1,216.0,True,1.9090909090909092,0.5201952143027613,0.5156838003883414,3.6446280991735542,0.27120696412681616,0.2632979446586213,,,True,True,False,False,2.6446280991735542,1
2024-05-14,2023-24,N298452,-1,240.5,True,1.8849557522123894,0.9590585079001656,0.9511931166561725,N298451,1,210.5,False,1.417892099490911,0.6585092890559994,0.653548576280856,2.6726638689518945,0.6315489362004456,0.6216509071587918,0.6879180232579358,0.6614639186644713,True,True,False,False,1.6726638689518945,1
2024-05-15,2023-24,N298450,1,204.5,True,1.9090909090909092,0.5587575083967602,0.5400472809231688,N298453,1,212.5,True,1.8695652173913042,0.5074163269874011,0.5047927241107778,3.569169960474308,0.283522682587316,0.27261193808582485,,,True,False,False,False,-1.0,0
2024-05-19,2023-24,N298461,1,197.5,True,1.9523809523809523,0.5336125597822883,0.5166457398526954,N298459,1,208.5,True,1.925925925925926,0.5299642908795272,0.5178263381613099,3.760141093474427,0.28279560184942976,0.26753277159456196,,,False,True,False,False,-1.0,0
2024-10-25,2024-25,N315498,1,219.5,False,1.864657204880166,0.615698618397661,0.5639425866506471,N315500,1,228.5,False,1.632425144269069,0.5979130950281762,0.5839221475087937,3.0439133066888635,0.3681342665307175,0.32929856626870985,0.12056879254099595,0.002356287738890517,True,True,False,False,2.0439133066888635,1
2024-10-26,2024-25,N315513,1,220.5,False,1.864657204880166,0.594607830097426,0.5520106460746852,N315514,1,219.5,False,1.5092068521112503,0.6680587167591948,0.6439344683454346,2.814153430443758,0.39723294394985575,0.35545868190112223,0.1178744519017596,0.0003152690530596747,False,False,False,False,-1.0,0
2024-10-27,2024-25,N315517,1,226.5,True,1.9090909090909092,0.5446668023618837,0.5242339226258499,N315519,1,230.0,True,1.9090909090909092,0.524069872796495,0.5128817339110774,3.6446280991735542,0.28544346183026603,0.26887000321135146,,,True,False,False,False,-1.0,0
2024-10-28,2024-25,N315524,1,228.5,False,1.632425144269069,0.6581034937775512,0.6182151786072566,N315529,1,228.5,False,1.5379370852234173,0.6800248156294202,0.6472780919408683,2.5105671682225883,0.4475267070211565,0.40015714121778817,0.12354585755008474,0.004621380871188796,True,True,False,False,1.5105671682225883,1
2024-10-29,2024-25,N315536,1,215.0,True,1.8849557522123894,0.6112797887701528,0.6068118073911256,N315534,-1,231.5,False,1.4416350391604398,0.7307937543417019,0.6950964914943161,2.7174182596564043,0.44671945178854244,0.4217927583148961,0.21392359523388382,0.14618734323573945,True,False,False,False,-1.0,0
2024-10-30,2024-25,N315541,1,222.5,True,1.8928571428571428,0.6572413134949978,0.6297112847246397,N315544,1,218.5,False,1.4184165378174218,0.7328732389326752,0.698521130547303,2.6848598751544057,0.4816745701814448,0.43986663852424995,0.2932287263624056,0.18098028819280576,True,True,False,False,1.6848598751544057,1
2024-10-31,2024-25,N315551,1,219.5,True,1.8928571428571428,0.5435314017418534,0.5404692865594181,N315549,-1,232.5,False,1.479017116747657,0.6899976144418991,0.6620375675967284,2.799568113843779,0.37503537057614034,0.3578109718345363,0.049937065028548,0.0017161875314222197,True,True,False,False,1.7995681138437791,1
2024-11-01,2024-25,N315555,1,225.5,False,1.632425144269069,0.6851939376793686,0.6341854622534959,N315557,1,212.5,False,1.5379370852234173,0.7160314177991521,0.6692024556803868,2.5105671682225883,0.4906203866639422,0.4243984686968407,0.2317354348191647,0.0654808617542304,True,True,False,False,1.5105671682225883,1
2024-11-02,2024-25,N315562,1,228.5,False,1.7801724531865908,0.6109469021214317,0.5714305932606224,N315569,1,212.5,False,1.5379370852234173,0.6680014615481373,0.6392183784862014,2.7377932338488056,0.4081134235454231,0.36526893724146314,0.11733016962553156,3.082491482175875e-05,True,True,False,False,1.7377932338488056,1
2024-11-03,2024-25,N315571,1,219.0,True,1.9090909090909092,0.5636636330360951,0.5347399176228024,N315572,1,227.5,True,1.9090909090909092,0.5435611434138319,0.5262288744214784,3.6446280991735542,0.3063856488738944,0.28139558495888134,,,False,True,False,False,-1.0,0
2024-11-04,2024-25,N315586,1,223.5,False,1.7801724531865908,0.685989874216327,0.6156188409686383,N315578,1,219.5,False,1.4065989635545324,0.728650132154449,0.6948229206663116,2.503988727600588,0.4998466125043405,0.42774608109903883,0.25161028324020784,0.07107136534732028,True,False,False,False,-1.0,0
2024-11-06,2024-25,N315599,1,230.5,False,1.5994851740112817,0.6818338815915391,0.6363917457639781,N315590,1,216.5,False,1.5680099266973118,0.6695977804245558,0.6341722081961759,2.5080086304548668,0.45655445373195397,0.40358195868896135,0.14504251023234782,0.012187035487794429,False,True,False,False,-1.0,0
2024-11-07,2024-25,N315601,1,224.5,True,1.8695652173913042,0.5576747145501361,0.5368442967735351,N315602,1,227.5,True,1.925925925925926,0.54149585078593,0.5224848716544466,3.600644122383253,0.3019785440171266,0.2804930234981421,,,True,False,False,False,-1.0,0
2024-11-08,2024-25,N315611,1,226.5,False,1.7801724531865908,0.6303102495594245,0.5821076374626559,N315613,1,211.5,False,1.4065989635545324,0.7291346465960851,0.698164550170284,2.503988727600588,0.45958104105840114,0.40640691685980196,0.1507857462291795,0.0176383386358534,True,True,False,False,1.5039887276005879,1
2024-11-09,2024-25,N315619,1,237.5,True,1.9090909090909092,0.5674186817061407,0.5368238189824377,N315620,1,226.5,True,1.9090909090909092,0.5636665880031585,0.5347415564341226,3.6446280991735542,0.31983495228655057,0.28706200449357844,,,True,False,False,False,-1.0,0
2024-11-10,2024-25,N315631,1,233.5,False,1.8214661465861435,0.6199610529120614,0.5713645619771854,N315624,1,215.5,False,1.4555470470999474,0.6871879819254963,0.6610230399960639,2.6512296710559813,0.4260297848230453,0.3776851397041786,0.12950280627645272,0.001330048700641795,False,False,False,False,-1.0,0
2024-11-11,2024-25,N315634,1,227.5,True,1.9090909090909092,0.5689791028726668,0.5376906236755645,N315633,1,212.0,True,1.8928571428571428,0.5321804891679706,0.5173509295432878,3.6136363636363638,0.3027995772931289,0.2781747439652634,,,False,False,False,True,-1.0,0
2024-11-12,2024-25,N315425,1,228.5,True,1.9090909090909092,0.5997839443991394,0.565036957196467,N315422,1,231.5,True,1.9090909090909092,0.5464443739705709,0.5252148606698401,3.6446280991735542,0.3277485620147874,0.29676580674725284,,,False,True,False,False,-1.0,0
2024-11-13,2024-25,N315646,1,230.5,False,1.864657204880166,0.5790466469651557,0.5432959747603106,N315641,1,227.5,False,1.8428193995137236,0.5628215215067415,0.5368475609824851,3.4362264705962056,0.32589991486830594,0.2916671189416745,0.11986591423552295,0.002234274709913775,True,True,False,False,2.4362264705962056,1
2024-11-15,2024-25,N315434,1,234.5,False,1.8869900352834827,0.5885215681516057,0.5461130556102681,N315433,1,225.5,False,1.4555470470999474,0.6973600097982701,0.6685543450846523,2.746602773763899,0.41041140653269703,0.3651062562357011,0.12723710756704887,0.002801856095529409,True,True,False,False,1.746602773763899,1
2024-11-16,2024-25,N315649,-1,219.5,True,1.8695652173913042,0.5416826992718816,0.5329915110710376,N315653,1,224.5,True,1.9090909090909092,0.5402478196571091,0.5243568837910482,3.569169960474308,0.29264289722761155,0.2794777678322912,,,False,True,False,False,-1.0,0
2024-11-17,2024-25,N315654,1,220.5,True,1.8849557522123894,0.5571802595137736,0.5510952443472384,N315658,1,217.5,False,1.4065989635545324,0.7311912680312418,0.6998525266489839,2.6513768074081008,0.4074053404758525,0.385685399180654,0.0801850709518761,0.02259732234352141,True,False,False,False,-1.0,0
2024-11-18,2024-25,N315666,1,230.5,True,1.9090909090909092,0.5909909280958148,0.5600750453208342,N315670,1,232.5,True,1.9090909090909092,0.573202705736536,0.5475992595097232,3.6446280991735542,0.3387575990502676,0.30669668008756346,,,True,False,False,False,-1.0,0
2024-11-19,2024-25,N315441,-1,231.5,True,1.8928571428571428,0.5266547371076179,0.5178758357676821,N315443,1,227.5,True,1.9090909090909092,0.5695667447263079,0.5486231673476961,3.6136363636363638,0.2999650242090754,0.2841186813117011,,,False,True,False,False,-1.0,0
2024-11-20,2024-25,N315677,1,237.0,True,1.9090909090909092,0.5587838309134282,0.5369581268118282,N315678,1,220.0,True,1.9090909090909092,0.5440717637361404,0.5291849612889331,3.6446280991735542,0.30401850443230616,0.28415016555069533,,,False,True,False,False,-1.0,0
2024-11-21,2024-25,N315682,1,221.5,True,1.8695652173913042,0.555683968309615,0.5407074145128279,N315681,1,225.0,True,1.9090909090909092,0.5224756169721411,0.5093577112268038,3.569169960474308,0.29033132418409374,0.2754134910996167,,,True,False,False,False,-1.0,0
2024-11-22,2024-25,N315448,1,234.5,True,1.9090909090909092,0.5872307877813201,0.5602572480507579,N315452,1,217.5,True,1.9090909090909092,0.5537613417147637,0.529256805305362,3.6446280991735542,0.32518570893800147,0.2965199612525179,,,False,False,False,False,-1.0,0
2024-11-23,2024-25,N315686,1,241.5,True,1.8849557522123894,0.5741352371940347,0.5629165105138164,N315689,1,216.5,False,1.4065989635545324,0.6893942427822839,0.6734865234470525,2.6513768074081008,0.3958055271000085,0.3791166836568964,0.04942959479690101,0.00518118234936904,True,False,False,False,-1.0,0
2024-11-24,2024-25,N315695,-1,237.5,True,1.8849557522123894,0.5348870221896503,0.5232852868399646,N315692,1,239.5,True,1.9090909090909092,0.5875017960794563,0.5677424764911218,3.598551890587289,0.31424708623601155,0.2970912846618885,,,True,False,False,False,-1.0,0
2024-11-25,2024-25,N315697,1,222.0,True,1.8928571428571428,0.5836600875764584,0.5684696371490506,N315704,1,216.5,False,1.4065989635545324,0.688079107144199,0.6715983094932284,2.6624908952996504,0.40160431193531443,0.3817832473075314,0.06926782404085552,0.016494419934236948,False,True,False,False,-1.0,0
2024-11-26,2024-25,N315455,1,240.5,True,1.9090909090909092,0.5753144691127938,0.5541411596096348,N315459,1,231.5,True,1.9090909090909092,0.5589984407566245,0.5452227543170536,3.6446280991735542,0.32159989117877696,0.3021303693228111,,,False,False,False,False,-1.0,0
2024-11-27,2024-25,N315716,1,227.0,True,1.8928571428571428,0.5494509269311748,0.5294012526168366,N315709,1,217.0,True,1.8928571428571428,0.5325404142806064,0.5275215502825853,3.582908163265306,0.292604824254791,0.2792705695019762,0.04837621343330101,0.000600803228381297,False,False,False,False,-1.0,0
2024-11-29,2024-25,N315465,1,221.5,True,1.8695652173913042,0.5896834548820752,0.5840771599560151,N315467,1,222.5,False,1.4065989635545324,0.6745575731209633,0.6633803058206375,2.6297284970802126,0.3977754402348377,0.38746528499447064,0.04604141062417977,0.01892850157926551,True,True,False,False,1.6297284970802126,1
2024-11-30,2024-25,N315720,1,226.5,True,1.8849557522123894,0.5600348262107714,0.5555300741660302,N315723,-1,230.5,True,1.8849557522123894,0.5283404629078698,0.520283131688581,3.553058187798575,0.2958890593247274,0.2890329267342918,0.05131104491374083,0.026950806876661293,False,True,False,False,-1.0,0
2024-12-01,2024-25,N315729,-1,223.0,True,1.8928571428571428,0.5275952504920584,0.5245054460606695,N315725,1,241.5,True,1.9090909090909092,0.5281214169940658,0.515114624968061,3.6136363636363638,0.27863435128920494,0.2701804261412473,,,False,True,False,False,-1.0,0
2024-12-02,2024-25,N315738,1,234.0,True,1.8928571428571428,0.5430051595095782,0.5286285914879587,N315736,-1,225.0,True,1.9090909090909092,0.5332981722764233,0.5179667076085371,3.6136363636363638,0.2895836591031257,0.2738120110807563,,,False,True,False,False,-1.0,0
2024-12-03,2024-25,N315473,1,211.5,True,1.8928571428571428,0.5584081926728894,0.553094302692547,N315479,1,219.5,False,1.5379370852234173,0.6384926786851006,0.6213575129556935,2.91109519703004,0.35653954273941896,0.34366930035100457,0.03792055042000908,0.00045404961848349856,True,True,False,False,1.9110951970300398,1
2024-12-04,2024-25,N315740,1,226.0,True,1.9090909090909092,0.5361658125206266,0.5247262009654431,N315739,1,219.0,True,1.9090909090909092,0.5319703943339081,0.5222872814588857,3.6446280991735542,0.28522433871495795,0.2740578210124902,,,False,True,False,False,-1.0,0
2024-12-05,2024-25,N315750,-1,221.5,True,1.8849557522123894,0.562696767679418,0.5586088596112715,N315752,1,215.5,False,1.4065989635545324,0.701865293244086,0.6811679250259727,2.6513768074081008,0.39493733185481406,0.3805064378025347,0.04712768205949058,0.008865944259113467,False,False,False,False,-1.0,0
2024-12-06,2024-25,N315758,1,224.5,True,1.8695652173913042,0.5432412929512954,0.5361071593006775,N315757,1,245.5,True,1.9090909090909092,0.5252453516493846,0.5135297120582575,3.569169960474308,0.2853349639466695,0.2753069551480473,,,True,True,False,False,2.569169960474308,1
2024-12-07,2024-25,N315761,1,230.5,True,1.8928571428571428,0.5816439662704743,0.5646240825002796,N315763,1,216.5,False,1.430509632000034,0.6704713703244958,0.6584494114169441,2.707750374857207,0.3899756271063397,0.3717763947941412,0.055956650482365644,0.00667767236689687,True,True,False,False,1.707750374857207,1
2024-12-08,2024-25,N315768,1,218.5,True,1.8928571428571428,0.561442557729543,0.5575001735056836,N315767,1,223.5,False,1.430509632000034,0.6799140741638506,0.6633385588376439,2.707750374857207,0.3817326968348665,0.3698113616449966,0.033636852949862295,0.0013568531206935575,True,False,False,False,-1.0,0
2024-12-10,2024-25,N350614,-1,228.5,True,1.9174311926605505,0.5235595782797009,0.5126003831368573,N350613,-1,213.5,True,1.9090909090909092,0.5069229865599995,0.5033419890708328,3.6605504587155964,0.2654043850636398,0.2580132964465767,,,True,False,False,False,-1.0,0
2024-12-11,2024-25,N350611,-1,236.5,True,1.8695652173913042,0.5171857607942554,0.5155208415597943,N350612,1,221.0,True,1.9174311926605505,0.4932903928257826,0.4905152690382238,3.58476266453929,0.25512276710609944,0.25287084429251405,,,True,False,False,False,-1.0,0
2024-12-13,2024-25,N353822,1,222.5,True,1.9090909090909092,0.5549258250209962,0.5351365446220331,N353821,1,228.5,True,1.9090909090909092,0.5536092034749723,0.5343493043437719,3.6446280991735542,0.3072120439775656,0.28594984034771326,,,True,True,False,False,2.6446280991735542,1
2024-12-14,2024-25,N317633,1,230.5,True,1.8928571428571428,0.5141528445674255,0.5120523194482406,N317632,1,214.5,True,1.9090909090909092,0.5128640855004423,0.5092624530238581,3.6136363636363638,0.2636905284365237,0.2607690202787672,,,False,False,False,False,-1.0,0
2024-12-15,2024-25,N353826,1,225.5,True,1.9090909090909092,0.5641223084122685,0.5402456815245386,N353824,1,227.0,True,1.9090909090909092,0.5223418820929161,0.5094488323506594,3.6446280991735542,0.2946647083066648,0.2752275316351624,,,False,False,False,False,-1.0,0
2024-12-16,2024-25,N353830,1,238.5,True,1.925925925925926,0.5211985685980306,0.5112980863503264,N353833,1,222.5,True,1.9090909090909092,0.5607626638895942,0.5533255783733753,3.6767676767676774,0.29226869774247505,0.2829143093509943,,,True,True,False,False,2.6767676767676774,1
2024-12-19,2024-25,N315789,1,232.5,True,1.9090909090909092,0.5650843872520152,0.5355280541037616,N315780,1,225.5,True,1.9090909090909092,0.5891165678051332,0.5664707808530458,3.6446280991735542,0.3329005747381739,0.30336099497686997,,,False,True,False,False,-1.0,0
2024-12-21,2024-25,N315796,1,227.0,True,1.8849557522123894,0.54443217104585,0.5408226813012228,N315807,1,223.5,False,1.6668947736148654,0.6166879015403219,0.5897060086221381,3.142022891858109,0.3357447330933068,0.3189263847624667,0.0549176371999609,0.002074001741217746,False,True,False,False,-1.0,0
2024-12-22,2024-25,N315808,1,223.0,True,1.9090909090909092,0.5053514630965928,0.4999601741745836,N315810,-1,233.5,True,1.9174311926605505,0.5602907697695821,0.5536706913620896,3.6605504587155964,0.2831437602625746,0.2768132952887524,,,True,False,False,False,-1.0,0
2024-12-23,2024-25,N315822,1,232.5,True,1.8695652173913042,0.580107571539754,0.5490622725379487,N315821,1,227.5,True,1.8695652173913042,0.5451144414074038,0.5343350591025539,3.4952741020793945,0.31622501481609855,0.29338322184754734,0.10529310471638231,0.025454777308346,False,True,False,False,-1.0,0
2024-12-25,2024-25,N315829,-1,232.5,True,1.8928571428571428,0.5994482081786601,0.5790980425621954,N315828,-1,241.5,False,1.4180569624592343,0.7036329335065339,0.6798075077069825,2.6841792503692647,0.421791501205986,0.39367519703219817,0.13216399551921043,0.05669479525885812,True,True,False,False,1.6841792503692647,1
2024-12-26,2024-25,N315837,1,224.5,True,1.9090909090909092,0.571454419702513,0.5493818146943271,N315838,1,224.5,True,1.9090909090909092,0.5509524551979306,0.5328422862506129,3.6446280991735542,0.3148442155688082,0.2927338621662358,,,True,True,False,False,2.6446280991735542,1
2024-12-27,2024-25,N315842,-1,239.5,True,1.8695652173913042,0.5256833797955778,0.5236628709534071,N315840,1,213.5,True,1.9523809523809523,0.5285467660923515,0.5153489820975851,3.6501035196687366,0.27784825037945005,0.2698691275081374,,,False,False,False,False,-1.0,0
2024-12-28,2024-25,N315852,1,228.0,True,1.8928571428571428,0.5693380455066711,0.5482675941165153,N315853,1,222.0,True,1.8928571428571428,0.5525254875210972,0.5386627315275034,3.582908163265306,0.3145737811578821,0.2953313198548147,0.12708896845980955,0.058144996775732816,True,True,False,False,2.582908163265306,1
2024-12-29,2024-25,N315857,-1,234.5,True,1.8695652173913042,0.5339360479589915,0.5281612730071947,N315858,1,235.5,True,1.9090909090909092,0.5248129526278541,0.5132913717733526,3.569169960474308,0.28021655384380584,0.27110062433942317,,,False,True,False,False,-1.0,0
2024-12-30,2024-25,N315865,1,237.5,True,1.9090909090909092,0.5393054738910318,0.521277218848901,N315863,1,228.5,True,1.9090909090909092,0.5283873788725479,0.5152611643837414,3.6446280991735542,0.28496220576089965,0.2685939067508031,,,True,True,False,False,2.6446280991735542,1
2024-12-31,2024-25,N315869,-1,231.5,True,1.8695652173913042,0.5790961220139547,0.5640684653955191,N315874,-1,229.5,True,1.8695652173913042,0.562721306744614,0.5549392799072466,3.4952741020793945,0.32586972651043095,0.313023748004975,0.13900401572360455,0.09410379973761573,False,False,False,False,-1.0,0
2025-01-02,2024-25,N315883,-1,222.5,True,1.9090909090909092,0.5861056698731703,0.5633256231771633,N315888,1,223.5,True,1.9174311926605505,0.549246416672136,0.5370229274859267,3.6605504587155964,0.3219164389690607,0.3025187752864342,,,False,False,False,False,-1.0,0
2025-01-03,2024-25,N315894,-1,230.5,True,1.8928571428571428,0.5482491054366271,0.5434025066117805,N315889,1,213.5,False,1.7216161012871058,0.5869637305982612,0.5656176856679502,3.2587733345791645,0.3218023402242421,0.30735806817591826,0.048680885327932355,0.0016102767394474693,False,False,False,False,-1.0,0
2025-01-05,2024-25,N315910,1,211.5,True,1.9090909090909092,0.5365978657827449,0.524979315062101,N315907,-1,224.5,True,1.9090909090909092,0.5504080984486125,0.5300795432248123,3.6446280991735542,0.2953478109370644,0.2782807955305934,,,False,True,False,False,-1.0,0
2025-01-06,2024-25,N315919,1,231.5,True,1.8695652173913042,0.6308175687708916,0.6264938704865564,N315914,1,218.5,False,1.4065989635545324,0.689364823354857,0.6730453603572273,2.6297284970802126,0.43486344186488607,0.4216587928232184,0.14357278541047536,0.10884814353165884,False,True,False,False,-1.0,0
2025-01-07,2024-25,N315924,1,222.5,True,1.8928571428571428,0.5342918291235748,0.5265438912444526,N315926,1,234.0,True,1.925925925925926,0.5650790664957056,0.545547227805063,3.6455026455026456,0.3019171280374327,0.2872545601861017,,,False,True,False,False,-1.0,0
2025-01-08,2024-25,N315933,1,213.0,True,1.8849557522123894,0.5749966011727766,0.5613751630547344,N315929,1,210.5,False,1.4184165378174218,0.6994410719696306,0.6762497845115925,2.6736524119921317,0.402176239103181,0.37962983304592424,0.07527947172414406,0.014998218787405593,False,True,False,False,-1.0,0
2025-01-09,2024-25,N315942,1,236.0,True,1.8849557522123894,0.5280242546521203,0.5260344184215915,N315939,1,233.0,True,1.9090909090909092,0.5452448326342596,0.5295399429918507,3.598551890587289,0.287902496354625,0.2785562359427209,,,True,True,False,False,2.598551890587289,1
2025-01-11,2024-25,N315954,-1,231.5,True,1.8695652173913042,0.5144375372354131,0.5105190450948102,N315953,1,228.5,True,1.9090909090909092,0.5139833502094815,0.5073067687212159,3.569169960474308,0.2644123288617725,0.2589897671376889,,,False,False,False,False,-1.0,0
2025-01-12,2024-25,N315963,-1,239.5,True,1.8695652173913042,0.5700168566058349,0.5599009105051996,N315962,1,226.5,False,1.7029617202658975,0.5816661415340874,0.5639114237696636,3.1837979987579823,0.33155950559130515,0.31573451961291815,0.05561849037078326,0.0052349316824216174,True,True,False,False,2.1837979987579823,1
2025-01-14,2024-25,N315977,-1,239.0,True,1.8928571428571428,0.6164475684095674,0.6117467874371836,N315974,1,220.5,False,1.4065989635545324,0.6862182522720213,0.6721075486818191,2.6624908952996504,0.4230175730113506,0.4111596337183833,0.12628043669447608,0.09470878128993476,True,True,False,False,1.6624908952996504,1
2025-01-15,2024-25,N315981,1,217.5,True,1.8695652173913042,0.5608649572961635,0.5532847460661057,N315987,-1,225.5,True,1.8928571428571428,0.5243181510385159,0.5204220175724987,3.5388198757763973,0.2940716773918206,0.28794156383981034,0.04066669685707924,0.018973329178459064,True,False,False,False,-1.0,0
2025-01-16,2024-25,N315993,1,232.5,True,1.9090909090909092,0.5184189459373565,0.5122607587601608,N315996,-1,227.5,True,1.9090909090909092,0.5228599621642243,0.5148567334143351,3.6446280991735542,0.2710605104580232,0.2637409009116051,,,True,False,False,False,-1.0,0
2025-01-17,2024-25,N316002,1,227.5,True,1.8928571428571428,0.5438051189744177,0.5312377463356985,N316004,-1,235.5,True,1.8695652173913042,0.5416565083312599,0.532452737230727,3.5388198757763973,0.29455558195634846,0.2828589921567253,0.042379147948009566,0.000987023486299199,True,False,False,False,-1.0,0
2025-01-19,2024-25,N316017,-1,236.5,True,1.8928571428571428,0.5581405879187099,0.5535962797261638,N316018,1,233.5,False,1.7406964712809545,0.5630346362697122,0.5489235344599008,3.294889749210378,0.31425248290617414,0.30388202653113777,0.03542728459146294,0.001257774186722127,True,False,False,False,-1.0,0
2025-01-20,2024-25,N316022,-1,233.5,True,1.8849557522123894,0.5314407081775802,0.5254262121001049,N316020,1,224.0,True,1.9090909090909092,0.5451980662410695,0.5270690389060854,3.598551890587289,0.28974044642020125,0.2769358886276672,,,True,False,False,False,-1.0,0
2025-01-21,2024-25,N316029,1,226.5,True,1.8695652173913042,0.5486586349338027,0.541499357689163,N316028,1,219.5,True,1.9090909090909092,0.5181840057999286,0.5096333367956968,3.569169960474308,0.28430612926671855,0.2759661245318547,,,True,True,False,False,2.569169960474308,1
2025-01-22,2024-25,N316035,-1,240.0,True,1.8849557522123894,0.5763572070104658,0.5712653004587954,N316036,1,214.5,False,1.4065989635545324,0.7113268582433947,0.6842453541289744,2.6513768074081008,0.40997836128869247,0.3908856278140234,0.08700711866001831,0.03638508793525652,False,True,False,False,-1.0,0
2025-01-24,2024-25,N316052,-1,243.0,True,1.8928571428571428,0.5455907556371998,0.5423718794355158,N316051,1,227.5,True,1.9174311926605505,0.5242996466157187,0.5223414142527943,3.6294233289646134,0.2860530403773868,0.2833032945552934,,,False,True,False,False,-1.0,0
2025-01-25,2024-25,N316066,-1,223.5,True,1.8849557522123894,0.5629954754342741,0.5562811766624929,N316062,1,236.5,False,1.5092068521112503,0.6540869785039773,0.6319956031632221,2.844788137165454,0.36824800943821456,0.3515672577731591,0.047587568784625,0.00013436432887226069,False,False,False,False,-1.0,0
2025-01-27,2024-25,N316075,1,219.5,True,1.8849557522123894,0.6118745711175759,0.6043404155167359,N316078,1,226.5,False,1.4065989635545324,0.6834818881675798,0.667213739339646,2.6513768074081008,0.4182051871891689,0.40322422847099676,0.10881953405112599,0.06909936755302626,False,True,False,False,-1.0,0
2025-01-28,2024-25,N316080,1,218.5,True,1.8928571428571428,0.5158097381238372,0.5140466979930943,N316082,1,227.5,True,1.9090909090909092,0.5339764445307635,0.5209012058517949,3.6136363636363638,0.2754302500177108,0.26776754484873627,,,True,False,False,False,-1.0,0
2025-01-29,2024-25,N316092,-1,219.5,True,1.8695652173913042,0.5395814276086954,0.5317130332345029,N316087,1,224.5,True,1.9090909090909092,0.553293811692721,0.5341028954415377,3.569169960474308,0.2985470648002151,0.28398947059455054,,,False,False,False,False,-1.0,0
2025-01-30,2024-25,N316098,1,221.5,True,1.925925925925926,0.5397740660459327,0.5341540327151842,N316096,1,235.5,True,1.9090909090909092,0.5261782316495914,0.5215035484884238,3.6767676767676774,0.2840173635623586,0.2785632235003702,,,True,True,False,False,2.6767676767676774,1
2025-02-01,2024-25,N316107,-1,239.5,True,1.8928571428571428,0.5627197418776388,0.5594414074685448,N316108,1,215.5,False,1.4065989635545324,0.6925853420977776,0.67436104072386,2.6624908952996504,0.3897314449334976,0.3772654897645089,0.0376564237474144,0.004465931608768514,False,False,False,False,-1.0,0
2025-02-02,2024-25,N316117,-1,223.5,True,1.8695652173913042,0.5613292619758731,0.5491167340661048,N316115,-1,235.5,True,1.8695652173913042,0.5432537712845914,0.5359779781707782,3.4952741020793945,0.30494423850078944,0.29431447690449175,0.0658636994101316,0.028709768991314055,True,False,False,False,-1.0,0
2025-02-03,2024-25,N316121,1,217.5,True,1.8928571428571428,0.5474402047554451,0.5404838305668083,N316127,1,235.0,True,1.8928571428571428,0.5543612312344778,0.5345805281265624,3.582908163265306,0.30347962593548317,0.28893213158827186,0.08733962914894411,0.03521729289726472,True,False,False,False,-1.0,0
2025-02-04,2024-25,N316133,-1,230.5,True,1.8695652173913042,0.5254964271959671,0.5162506356038189,N316131,1,223.5,True,1.9090909090909092,0.5465649372535585,0.5357530180610272,3.569169960474308,0.2872179217573329,0.2765828361006695,,,False,True,False,False,-1.0,0
2025-02-05,2024-25,N316137,1,234.5,True,1.8771929824561404,0.5539177065094542,0.5505976800543658,N316138,1,212.5,False,1.5528020004856704,0.6482364868032425,0.6241120375615986,2.914909018455557,0.35906966804579815,0.34363463997541943,0.04665541364053993,0.0016637111180783926,False,True,False,False,-1.0,0
2025-02-06,2024-25,N316148,-1,229.5,True,1.8849557522123894,0.5449880484510954,0.5394301273411549,N316150,1,220.5,True,1.925925925925926,0.5186888621437094,0.5099123416701744,3.6302851524090465,0.2826792307330194,0.2750620793999687,,,False,False,False,False,-1.0,0
2025-02-07,2024-25,N316156,-1,210.5,True,1.8928571428571428,0.5266446696396605,0.5241327114142477,N316160,1,231.5,True,1.9174311926605505,0.5432824833241017,0.5234702314853982,3.6294233289646134,0.2861168239512359,0.27436787177308564,,,True,True,False,False,2.6294233289646134,1
2025-02-08,2024-25,N316169,1,233.5,True,1.8849557522123894,0.5466987623291062,0.5354760948195686,N316161,1,225.5,True,1.8849557522123894,0.5448033062338937,0.5343752646312135,3.553058187798575,0.2978432932308747,0.2861451798728958,0.058254551694851386,0.016690474246488174,False,False,False,False,-1.0,0
2025-02-09,2024-25,N316172,-1,225.5,True,1.8695652173913042,0.5542569671200988,0.5495396877730884,N316174,1,225.5,True,1.9090909090909092,0.5177518756028191,0.5093944428281239,3.569169960474308,0.2869675842923612,0.2799324630651135,,,True,True,False,False,2.569169960474308,1
2025-02-10,2024-25,N316179,-1,225.5,True,1.8928571428571428,0.6200195176386841,0.6149425855538857,N316188,1,225.5,False,1.4065989635545324,0.6858214432620464,0.669065874370957,2.6624908952996504,0.4252226804376002,0.41143709869154754,0.1321515151400232,0.0954475292547492,True,True,False,False,1.6624908952996504,1
2025-02-11,2024-25,N316187,1,237.5,True,1.9090909090909092,0.506226757772509,0.5029412054077735,N316184,-1,226.5,True,1.9523809523809523,0.5319455211506262,0.5277166095732696,3.7272727272727275,0.2692850564836891,0.26541042773248363,,,False,True,False,False,-1.0,0
2025-02-12,2024-25,N316199,1,223.5,True,1.9090909090909092,0.5335060977759036,0.5180812653545694,N316196,1,218.5,True,1.9523809523809523,0.5449661155943512,0.5293722471525477,3.7272727272727275,0.2907427457508343,0.2742578436483838,,,True,False,False,False,-1.0,0
2025-02-13,2024-25,N316424,1,224.5,True,1.9090909090909092,0.5609132932248398,0.5437854810690645,N316206,-1,223.5,True,1.9090909090909092,0.5662565635351751,0.5577594246875216,3.6446280991735542,0.3176208338626958,0.3033014770745086,,,True,False,False,False,-1.0,0
2025-02-20,2024-25,N316214,1,226.5,True,1.8695652173913042,0.5310290460425008,0.5241556586657482,N316215,1,228.5,True,1.9090909090909092,0.5461287307683191,0.5250406498005986,3.569169960474308,0.29001021891630224,0.2752030276225252,,,True,True,False,False,2.569169960474308,1
2025-02-21,2024-25,N316223,1,234.5,True,1.9090909090909092,0.5808528419199283,0.5542469225623767,N316217,1,227.5,True,1.9174311926605505,0.5416093745647854,0.5225474733340235,3.6605504587155964,0.3145953444264305,0.2896203289881282,,,True,False,False,False,-1.0,0
2025-02-22,2024-25,N316229,1,228.5,True,1.925925925925926,0.5375396154056075,0.5203038831153624,N316230,-1,222.5,True,1.9090909090909092,0.5871012160668727,0.5741486387200433,3.6767676767676774,0.3155901618887512,0.2987317662114378,,,True,False,False,False,-1.0,0
2025-02-23,2024-25,N316236,1,227.5,True,1.8928571428571428,0.5201443495892779,0.5085891627593927,N316231,-1,234.5,True,1.9090909090909092,0.5955379491532952,0.5762643308298637,3.6136363636363638,0.3097656992180732,0.2930817935448621,,,True,True,False,False,2.6136363636363638,1
2025-02-24,2024-25,N316242,-1,247.5,True,1.8695652173913042,0.5498651471074246,0.5397246988104354,N316246,1,225.5,True,1.8928571428571428,0.54474472345036,0.5293050692875031,3.5388198757763973,0.29953613749602553,0.28567901910003424,0.06000443688422674,0.010966590883506377,True,True,False,False,2.5388198757763973,1
2025-02-25,2024-25,N316249,-1,227.5,True,1.9090909090909092,0.5594987110448731,0.5427625830123592,N316254,-1,228.5,True,1.8695652173913042,0.5114519795547233,0.5063927486341872,3.569169960474308,0.28615672332221653,0.27485103626741975,,,True,True,False,False,2.569169960474308,1
2025-02-26,2024-25,N316263,1,235.5,True,1.925925925925926,0.555866400355202,0.5329452427051315,N316264,1,224.5,True,1.9090909090909092,0.5447258303492145,0.5267991451218732,3.6767676767676774,0.3027947864967163,0.28075509825383255,,,False,False,False,False,-1.0,0
2025-02-27,2024-25,N316266,-1,241.5,True,1.9090909090909092,0.5390901426959658,0.5237773790918675,N316268,1,235.5,True,1.9090909090909092,0.5160290341801781,0.5109650592935887,3.6446280991735542,0.2781861656714536,0.2676319395643166,,,True,True,False,False,2.6446280991735542,1
2025-02-28,2024-25,N316271,-1,233.5,True,1.8928571428571428,0.5634693258582104,0.5475273334567231,N316278,1,222.5,False,1.6494645879486343,0.6042161176873869,0.5853531735670997,3.122200827188486,0.34045724850597703,0.3204968622536245,0.06297590290767752,0.0006555684395808115,False,True,False,False,-1.0,0
2025-03-01,2024-25,N316282,1,241.0,True,1.925925925925926,0.5159306918817294,0.5034885373526149,N316285,1,224.5,True,1.9090909090909092,0.5248241519428927,0.5207399429428426,3.6767676767676774,0.27077288782813846,0.262186592213376,,,True,True,False,False,2.6767676767676774,1
2025-03-02,2024-25,N316291,1,238.5,True,1.9090909090909092,0.5389023371231295,0.5210549921947367,N316287,1,227.0,True,1.9090909090909092,0.5708472694553385,0.5584796947237387,3.6446280991735542,0.3076309276498388,0.2909986329751966,,,True,True,False,False,2.6446280991735542,1
2025-03-03,2024-25,N316297,1,219.5,True,1.8695652173913042,0.5881092493654305,0.5824329319811197,N316299,1,215.5,False,1.430509632000034,0.709250610614311,0.6811126169860776,2.674431051130498,0.4171168442203557,0.39670241852053456,0.11555024013248216,0.060953266149883945,False,True,False,False,-1.0,0
2025-03-05,2024-25,N316313,1,230.5,True,1.8695652173913042,0.5959672636543599,0.5821606105856708,N316315,1,240.5,False,1.4065989635545324,0.6869331503798819,0.6701215773530745,2.6297284970802126,0.40938966994536713,0.3901183866384987,0.07658368146559469,0.0259054385782167,True,False,False,False,-1.0,0
2025-03-06,2024-25,N316319,1,223.5,True,1.8695652173913042,0.5232914652111301,0.5153668461608948,N316321,-1,247.0,True,1.9090909090909092,0.5234527500304551,0.5074635323685123,3.569169960474308,0.2739183565322323,0.2615298802184273,,,True,True,False,False,2.569169960474308,1
2025-03-07,2024-25,N316325,-1,231.5,True,1.8695652173913042,0.5502978047365508,0.5405669057743789,N316327,1,226.5,True,1.9090909090909092,0.7396371039171475,0.7201177062454397,3.569169960474308,0.40702067458730634,0.3892718002584405,,,True,False,False,False,-1.0,0
2025-03-08,2024-25,N316338,-1,233.5,True,1.8849557522123894,0.5754644394454558,0.5694267930696577,N316335,-1,250.5,False,1.4180569624592343,0.6746753612848683,0.6597539592319561,2.672974628352362,0.3882516785894571,0.37568158122046247,0.03778688628483473,0.00418733494159329,True,True,False,False,1.672974628352362,1
2025-03-09,2024-25,N316344,1,222.0,True,1.9090909090909092,0.5817742266155591,0.5500055770074062,N316345,1,227.5,True,1.9090909090909092,0.569230890119478,0.5455367434795004,3.6446280991735542,0.33116386086494565,0.30004825137618396,,,True,True,False,False,2.6446280991735542,1
2025-03-10,2024-25,N316349,-1,233.5,True,1.8928571428571428,0.5650736221522001,0.5620546616767736,N316357,1,218.5,False,1.4065989635545324,0.7173884827206483,0.6897631969568163,2.6624908952996504,0.40537730842122777,0.38768462030265316,0.07931339283259731,0.032206771803516165,True,True,False,False,1.6624908952996504,1
2025-03-11,2024-25,N316362,1,223.0,True,1.8928571428571428,0.6715306336314826,0.6610722793582303,N316363,1,214.5,False,1.4184165378174218,0.6551384762824196,0.6505000078447785,2.6848598751544057,0.43994555609429725,0.4300275229084944,0.18119217081007055,0.15456364146905854,True,True,False,False,1.6848598751544057,1
2025-03-12,2024-25,N316371,1,209.5,True,1.8695652173913042,0.5413983428947757,0.533648021836003,N316367,1,213.5,True,1.9090909090909092,0.6008080468842053,0.5763626160391254,3.569169960474308,0.32527648098095546,0.307574769909503,,,True,True,False,False,2.569169960474308,1
2025-03-13,2024-25,N316570,-1,217.5,True,1.8849557522123894,0.5676408499981654,0.5630773448804838,N316374,1,230.5,False,1.6847242444142896,0.5701667243940677,0.5600445184127215,3.175630655400387,0.3236499240757183,0.3153483804427044,0.027792620512858912,0.001429984064716061,True,True,False,False,2.175630655400387,1
2025-03-14,2024-25,N316382,1,207.5,True,1.8849557522123894,0.5663332201054221,0.5544173319169075,N316386,1,222.5,False,1.5092068521112503,0.6542547485072376,0.6345296614513171,2.844788137165454,0.370526198491367,0.3517942419239778,0.054068533977253086,0.0007800861484459354,True,True,False,False,1.844788137165454,1
2025-03-15,2024-25,N316392,-1,230.5,True,1.8695652173913042,0.5585083072011747,0.5494392352317015,N316393,1,232.5,False,1.7029617202658975,0.5931982107047984,0.5720234907532491,3.1837979987579823,0.3313061284955027,0.31429214929403343,0.05481178888023641,0.0006427159476887212,True,True,False,False,2.1837979987579823,1
2025-03-16,2024-25,N316401,1,229.5,False,1.6668947736148654,0.6120783163490673,0.5868291807120682,N316397,-1,232.5,True,1.8695652173913042,0.551016278158766,0.5474457114772754,3.1163684898017046,0.3372651158163468,0.3212571183505448,0.05104237963938574,0.0011555607521347433,True,True,False,False,2.1163684898017046,1
2025-03-17,2024-25,N316412,1,236.0,True,1.8849557522123894,0.5637582835785361,0.560556641732916,N354901,1,217.5,False,1.4065989635545324,0.7250317832610849,0.6942057336227169,2.6513768074081008,0.4087426736711544,0.3891416347112854,0.08373084516967677,0.031761105070377216,False,True,False,False,-1.0,0
2025-03-18,2024-25,N316417,-1,234.5,True,1.9090909090909092,0.6133056502641661,0.5966933405023005,N316433,-1,235.5,True,1.9090909090909092,0.5766854480870481,0.5627540127445739,3.6446280991735542,0.35368444373690905,0.335791571745634,,,False,True,False,False,-1.0,0
2025-03-19,2024-25,N316423,1,227.5,True,1.9090909090909092,0.5891853481446186,0.556738095499696,N316422,1,228.0,True,1.9090909090909092,0.557228607264348,0.5311748322538989,3.6446280991735542,0.32831093096718583,0.2957252644864062,,,True,False,False,False,-1.0,0
2025-03-20,2024-25,N316431,-1,231.5,True,1.9090909090909092,0.6060611638713731,0.5918891437405588,N316430,-1,225.5,True,1.9090909090909092,0.5765070419438163,0.5675593873736557,3.6446280991735542,0.3493985288205118,0.3359322398145092,,,True,True,False,False,2.6446280991735542,1
2025-03-21,2024-25,N316440,1,226.5,True,1.8695652173913042,0.5633700371841678,0.5541359721787416,N316438,1,234.5,False,1.5092068521112503,0.6651230379983878,0.6418053291808004,2.8215606365558155,0.37471039064919837,0.3556474200351,0.057268088364230696,0.00348076086367044,False,True,False,False,-1.0,0
2025-03-22,2024-25,N316444,-1,221.5,True,1.8928571428571428,0.5448947621992672,0.5347899203664908,N316446,1,220.5,True,1.9090909090909092,0.5435606916860268,0.5286693368351096,3.6136363636363638,0.2961833738371268,0.28272703254625375,,,True,True,False,False,2.6136363636363638,1
2025-03-23,2024-25,N316454,1,233.5,True,1.9090909090909092,0.6028845458159378,0.5815728508082639,N316450,1,233.5,True,1.9090909090909092,0.5800441319958707,0.5632795802574313,3.6446280991735542,0.34969964307153034,0.3275881112923966,,,True,False,False,False,-1.0,0
2025-03-25,2024-25,N316470,1,240.0,True,1.8928571428571428,0.5608845545622738,0.5522264650722369,N316465,1,228.5,False,1.4953271922653741,0.6628813368097384,0.6415829548377586,2.8304407567880294,0.37179990332417473,0.35429908720065606,0.05235759973859322,0.002822576505533192,True,False,False,False,-1.0,0
2025-03-26,2024-25,N316473,1,225.5,True,1.9090909090909092,0.6083020696622347,0.5927041348235969,N316478,-1,226.5,True,1.9090909090909092,0.5940014863810505,0.5706892488182755,3.6446280991735542,0.36133233354803673,0.3382498774739644,,,True,False,False,False,-1.0,0
2025-03-27,2024-25,N316485,1,227.5,True,1.9090909090909092,0.5592330489361653,0.5348024194990663,N316484,-1,239.5,True,1.8928571428571428,0.5126117250139967,0.5108458548951196,3.6136363636363638,0.2866694179000045,0.27320159918897885,,,True,True,False,False,2.6136363636363638,1
2025-03-28,2024-25,N316493,1,236.5,True,1.8928571428571428,0.5622912693054283,0.5437925230970214,N316489,1,216.0,True,1.9090909090909092,0.532980173528938,0.525346758818011,3.6136363636363638,0.29969009828821397,0.28567963947848857,,,False,False,False,False,-1.0,0
2025-03-29,2024-25,N316500,-1,239.5,True,1.8695652173913042,0.5410247683638306,0.5297428681973001,N316494,-1,219.0,True,1.9090909090909092,0.5361045299612166,0.5195130109276184,3.569169960474308,0.2900458291410675,0.27520831247461186,,,False,True,False,False,-1.0,0
2025-03-30,2024-25,N316503,1,224.5,True,1.9090909090909092,0.5162466951949635,0.5085616573385947,N316501,-1,232.5,True,1.9090909090909092,0.5399315173886075,0.526865605974754,3.6446280991735542,0.2787378614834706,0.26794364576922386,,,True,False,False,False,-1.0,0
2025-03-31,2024-25,N316512,1,219.5,True,1.9090909090909092,0.5865443454245113,0.5751783285189604,N316515,1,219.5,True,1.9174311926605505,0.5447702702512477,0.5343739425267819,3.6605504587155964,0.3195319215712522,0.30736031106664147,,,False,True,False,False,-1.0,0
2025-04-01,2024-25,N316520,-1,239.5,True,1.8695652173913042,0.5849878439696946,0.566838797783338,N316517,1,218.5,False,1.5379370852234173,0.6271758301298961,0.6149210402331835,2.875273681069867,0.36689023665759135,0.34856110317745737,0.05490984130306731,0.00220856621082155,False,False,False,False,-1.0,0
2025-04-02,2024-25,N316530,1,229.5,True,1.9174311926605505,0.6794534513066571,0.6579447442465929,N316528,1,228.5,True,1.9090909090909092,0.5530578856402393,0.5387709561977344,3.6605504587155964,0.3757770891706231,0.35448151898301067,,,False,False,False,False,-1.0,0
2025-04-03,2024-25,N316537,-1,230.5,True,1.9090909090909092,0.5616185920442938,0.5390487621524284,N316536,-1,226.5,True,1.9090909090909092,0.5472430433931713,0.5256557167429764,3.6446280991735542,0.3073418675365072,0.28335406342864894,,,False,True,False,False,-1.0,0
2025-04-04,2024-25,N316540,1,228.0,True,1.8928571428571428,0.5444510080984843,0.5415538151118532,N316539,1,235.0,True,1.8928571428571428,0.5331041363584665,0.5249724037794253,3.582908163265306,0.29024908446183895,0.28430080809518804,0.03993581409860436,0.01862368614717247,False,True,False,False,-1.0,0
2025-04-05,2024-25,N316548,-1,237.0,True,1.8928571428571428,0.5688588818736545,0.5579042513337761,N316551,-1,221.5,False,1.4180569624592343,0.6874500409434466,0.6714311019515717,2.6841792503692647,0.39106206163508705,0.37459426625650394,0.04968067144752708,0.00547815679300756,True,False,False,False,-1.0,0
2025-04-06,2024-25,N354902,1,221.5,True,1.8928571428571428,0.5778770167489424,0.5734197372748707,N316559,-1,222.5,False,1.4180569624592343,0.6676263389919501,0.656352855575034,2.6841792503692647,0.38580591707968626,0.37636568200344717,0.03557223729497916,0.010232954184729692,False,False,False,False,-1.0,0
2025-04-07,2024-25,N316577,-1,232.0,True,1.9090909090909092,0.5535745719732709,0.5345088002999312,N316579,1,213.0,True,1.9090909090909092,0.4972507374515438,0.49570740599823704,3.6446280991735542,0.27526536414813163,0.2649599708799086,,,False,True,False,False,-1.0,0
2025-04-08,2024-25,N316588,-1,223.5,True,1.9090909090909092,0.5673487838294459,0.5394877667372928,N316582,1,238.5,True,1.9090909090909092,0.5430842927347356,0.5257855612687913,3.6446280991735542,0.308118212999927,0.2836548782316142,,,False,True,False,False,-1.0,0
2025-04-09,2024-25,N316609,-1,226.0,True,1.8928571428571428,0.5210825814137253,0.515287262290198,N316600,-1,216.5,True,1.9090909090909092,0.5931441754108674,0.5702099406030056,3.6136363636363638,0.3090770980736103,0.2938219192239791,,,False,True,False,False,-1.0,0
2025-04-10,2024-25,N316623,-1,227.5,True,1.8928571428571428,0.5817259372457221,0.5750163535405178,N316622,1,222.5,False,1.4065989635545324,0.6696270454019718,0.6613810495829073,2.6624908952996504,0.3895394205915457,0.3803049194319638,0.03714516068529172,0.012558385425270657,True,True,False,False,1.6624908952996504,1
2025-04-11,2024-25,N316645,1,237.0,True,1.8695652173913042,0.5643551946446295,0.5520017523220798,N316649,1,228.5,False,1.5994851740112817,0.6346126319584557,0.6082529454093106,2.99034184706457,0.3581469354328549,0.3357566917210058,0.07098176842279869,0.0040272856852821,False,True,False,False,-1.0,0
2025-04-13,2024-25,N316676,1,234.5,True,1.8695652173913042,0.555720124147986,0.5447210727666465,N316680,1,230.5,False,1.800587183394464,0.5755001888994723,0.5486128296032357,3.366315168954867,0.3198170364224041,0.29884096907501995,0.07660494099893023,0.005992887302411987,False,False,False,False,-1.0,0
2025-04-15,2024-25,N356881,1,216.5,True,1.9090909090909092,0.5451075369664552,0.537713871008781,N356914,1,228.5,True,1.9090909090909092,0.5029325869041659,0.5012505447398327,3.6446280991735542,0.2741523437074975,0.2695293707573156,,,False,True,False,False,-1.0,0
2025-04-16,2024-25,N356915,1,218.5,True,1.9090909090909092,0.5627662379993008,0.5504668665084568,N356916,1,215.5,True,1.925925925925926,0.5220691253269089,0.5170441037141962,3.6767676767676774,0.29380287763581,0.2846156476182271,,,False,True,False,False,-1.0,0
2025-04-18,2024-25,N356960,1,221.0,True,1.9090909090909092,0.5585738958563887,0.5345934494710163,N356959,1,218.5,True,1.9090909090909092,0.5464869960662084,0.5307245429212969,3.6446280991735542,0.305253370427557,0.28372186411922456,,,True,True,False,False,2.6446280991735542,1
2025-04-19,2024-25,N356920,1,224.5,True,1.8695652173913042,0.5182098029965329,0.514755713839662,N356919,1,225.0,True,1.9090909090909092,0.5212574422634796,0.5113305734718732,3.569169960474308,0.27012071646583435,0.2632103343555578,,,False,False,False,False,-1.0,0
2025-04-20,2024-25,N356923,1,226.5,True,1.9174311926605505,0.5540030139648071,0.5293904336295018,N356922,1,214.5,True,1.9090909090909092,0.5479911938612092,0.5313542400175505,3.6605504587155964,0.3035887730252828,0.2812938515337654,,,False,True,False,False,-1.0,0
2025-04-21,2024-25,N356967,1,218.5,True,1.925925925925926,0.525189323440086,0.5134988301405077,N356953,1,221.5,True,1.9090909090909092,0.5139822603373706,0.5073061634812022,3.6767676767676774,0.26993799556678977,0.26050112147066645,,,False,False,False,False,-1.0,0
2025-04-22,2024-25,N356981,1,228.5,True,1.8695652173913042,0.5739651980469752,0.5555500792751955,N356973,-1,217.5,True,1.8849557522123894,0.5187101848716656,0.5158894196694058,3.5240477106579453,0.2977215939888487,0.286602407994573,0.049185101709836365,0.010000559762329386,False,True,False,False,-1.0,0
2025-04-23,2024-25,N356975,1,215.5,True,1.8695652173913042,0.5449596520933039,0.5297312932742698,N356947,1,204.5,True,1.925925925925926,0.5724797919499545,0.5562065088175181,3.600644122383253,0.31197838825149415,0.2946399932434704,,,True,False,False,False,-1.0,0
2025-04-24,2024-25,N356968,1,214.5,True,1.9090909090909092,0.5577918885515974,0.5396511355516073,N356992,1,226.5,True,1.9090909090909092,0.5364945652164345,0.5197279472407977,3.6446280991735542,0.2992523167297431,0.28047177690640235,,,False,False,False,False,-1.0,0
2025-04-25,2024-25,N356983,-1,198.5,True,1.9090909090909092,0.5326014808719208,0.5204049207593778,N356974,1,206.5,True,1.9090909090909092,0.5308541214953262,0.5247812730939746,3.6446280991735542,0.2827336912353733,0.27309875684047524,,,True,True,False,False,2.6446280991735542,1
2025-04-26,2024-25,N356993,1,224.5,True,1.9090909090909092,0.5690535248371019,0.5477760966300289,N356948,1,202.5,True,1.925925925925926,0.5468266529330786,0.5254258647889906,3.6767676767676774,0.31117363432644296,0.2878157292825706,,,True,False,False,False,-1.0,0
2025-04-28,2024-25,N356949,1,201.5,True,1.9090909090909092,0.5583368794090919,0.5373935663415885,N356977,1,210.5,True,1.9090909090909092,0.5401446344098654,0.521739839928936,3.6446280991735542,0.3015826696059691,0.28037963328190046,,,True,True,False,False,2.6446280991735542,1
2025-04-29,2024-25,N356970,1,207.5,True,1.925925925925926,0.5558589963965771,0.5386162749527612,N356956,1,213.0,True,1.9090909090909092,0.5249814845219589,0.5133842696324711,3.6767676767676774,0.29181568111316125,0.27651712292878555,,,True,False,False,False,-1.0,0
2025-04-30,2024-25,N356950,1,204.0,True,1.9090909090909092,0.5395410933054099,0.5214071081283763,N356989,1,210.0,True,1.9090909090909092,0.5119367138741298,0.5061679705907635,3.6446280991735542,0.27621089430682677,0.263919577772939,,,True,False,False,False,-1.0,0
2025-05-01,2024-25,N356957,1,212.5,True,1.8695652173913042,0.5251258375140628,0.5188377973020409,N356971,1,212.5,True,1.9090909090909092,0.5581774999499345,0.5427049994534093,3.569169960474308,0.2931134271427151,0.28157586650121225,,,True,True,False,False,2.569169960474308,1
2025-05-04,2024-25,N356952,1,201.5,True,1.925925925925926,0.5788674863867923,0.5431960151101268,N358762,1,227.5,True,1.9090909090909092,0.5487231737936747,0.5459095065209681,3.6767676767676774,0.3176380043361275,0.2965358685529257,,,False,True,False,False,-1.0,0
2025-05-05,2024-25,N358769,-1,213.5,True,1.925925925925926,0.5523436033042157,0.5340707015531171,N358799,1,225.0,True,1.9090909090909092,0.5126175549739613,0.5013252875695509,3.6767676767676774,0.2831410274313147,0.2677431480385882,,,True,True,False,False,2.6767676767676774,1
2025-05-06,2024-25,N358795,1,207.5,True,1.9090909090909092,0.5345576087543972,0.5241860932114973,N358763,1,229.5,True,1.9174311926605505,0.5054770906992614,0.5025052404408735,3.6605504587155964,0.27020662488432673,0.2634062588050056,,,False,True,False,False,-1.0,0
2025-05-07,2024-25,N358770,-1,211.5,True,1.9090909090909092,0.5347651735505056,0.5215206548165578,N358800,1,229.5,True,1.9090909090909092,0.5359165872175257,0.5295781203132156,3.6446280991735542,0.28658952677197475,0.27618592808227005,,,True,True,False,False,2.6446280991735542,1
2025-05-09,2024-25,N358801,-1,234.5,True,1.8928571428571428,0.5228163719755384,0.5209857968657992,N358764,1,228.5,True,1.925925925925926,0.49558915555285005,0.4934828014436477,3.6455026455026456,0.2591021242965618,0.25709753054968576,,,True,True,False,False,2.6455026455026456,1
2025-05-10,2024-25,N358797,1,200.5,True,1.9090909090909092,0.5510445521240813,0.5361601962753285,N358771,-1,205.5,True,1.9090909090909092,0.53870431695545,0.5237537180632106,3.6446280991735542,0.29685007906402505,0.28081589627670406,,,False,False,False,False,-1.0,0
2025-05-11,2024-25,N358802,1,222.5,True,1.9090909090909092,0.6243688209033594,0.6183797234455306,N358765,-1,231.5,True,1.9090909090909092,0.5123189809010189,0.5063810576688126,3.6446280991735542,0.3198759980315799,0.31313577839929563,,,False,False,False,False,-1.0,0
2025-05-12,2024-25,N358798,1,198.5,True,1.9090909090909092,0.5708809838634162,0.5499747365080336,N358772,-1,209.5,True,1.9090909090909092,0.5510295881939248,0.5360935122093691,3.6446280991735542,0.31457231344600084,0.2948378881210141,,,True,False,False,False,-1.0,0
2025-05-13,2024-25,N358834,1,217.5,True,1.9090909090909092,0.5960394418257648,0.5838348961098151,N358766,1,229.5,True,1.9090909090909092,0.5256653624526779,0.5212801563074269,3.6446280991735542,0.3133172892234325,0.30434154590185475,,,False,False,False,False,-1.0,0
2025-05-14,2024-25,N358831,1,202.5,True,1.9090909090909092,0.5654108257867227,0.5385111329701637,N358773,-1,208.5,True,1.9090909090909092,0.5172332758997367,0.5091076385033031,3.6446280991735542,0.29244929365084193,0.2741601312141783,,,True,False,False,False,-1.0,0
2025-10-26,2025-26,N362158,1,226.5,False,1.6295720413485535,0.6612245168411266,0.6268368071392046,N362153,1,223.5,False,1.5657935532219012,0.6704028484467579,0.6407559973782152,2.5515733968542182,0.4432867995531225,0.401649443551857,0.13107880491639579,0.024838035028218464,False,True,False,False,-1.0,0
2025-10-27,2025-26,N362162,1,221.5,False,1.699363365417709,0.628793207738468,0.5975082521827877,N362166,1,220.5,False,1.5075321255234961,0.6797668489253731,0.653799047578309,2.5618448663049205,0.4274327774500559,0.3906503261972866,0.09501646660087926,0.0007855326888615011,True,True,False,False,1.5618448663049205,1
2025-10-28,2025-26,N362172,1,235.5,True,1.8695652173913042,0.5755326322220283,0.5635314041331979,N362171,1,230.5,False,1.4057687275022808,0.7330589595927974,0.7058387311628801,2.6281763166346988,0.42189935258838424,0.39776229126381263,0.10882588647630342,0.04538943354990521,True,True,False,False,1.6281763166346988,1
2025-10-29,2025-26,N362184,1,223.5,True,1.8928571428571428,0.6011286188750481,0.571521467875506,N362179,1,229.5,False,1.4057687275022808,0.705833956470464,0.6858407340654004,2.6609193770578887,0.4242969914082008,0.39197270306187215,0.12902008606544602,0.04300776085509361,True,False,False,False,-1.0,0
2025-10-30,2025-26,N362188,-1,232.0,True,1.8771929824561404,0.5537711782425161,0.5508394197730333,N362187,-1,232.5,True,1.8695652173913042,0.5481192368384123,0.5382337232985875,3.5095347063310447,0.3035326356013963,0.29648035184407334,0.06525831914723446,0.04050808454201471,False,True,False,False,-1.0,0
2025-10-31,2025-26,N362045,-1,232.5,False,1.5368196914129162,0.6832884097226786,0.6513640131998315,N362042,1,231.5,False,1.6295720413485535,0.6424405525645464,0.6149143192419109,2.5043584017204,0.4389721835031878,0.4005330587554534,0.0993436758777575,0.003078330860990297,False,False,False,False,-1.0,0
2025-11-01,2025-26,N362190,-1,233.5,True,1.8695652173913042,0.5559907546192883,0.5430940089246372,N362191,1,227.5,False,1.5657935532219012,0.6542517224780434,0.6303439421717125,2.9273531647192064,0.36375790889153653,0.342336018555395,0.06484786578528023,0.0021384273155087286,False,False,False,False,-1.0,0
2025-11-02,2025-26,N362198,1,238.0,True,1.8771929824561404,0.5777823293617278,0.5569389314479306,N362199,1,223.5,False,1.4057687275022808,0.7181612191753046,0.695204145572359,2.63889919022358,0.41494086207236586,0.3871862539732412,0.09498710491344031,0.021745492075687434,False,True,False,False,-1.0,0
2025-11-03,2025-26,N362204,1,228.0,True,1.8771929824561404,0.5854427588378149,0.5594899686121233,N362209,1,230.5,False,1.4174960731568862,0.6894814836150069,0.6740141192728962,2.6609136811892427,0.40365194193515935,0.3771041384361206,0.07408297473387138,0.003441561197755627,True,False,False,False,-1.0,0
2025-11-04,2025-26,N362216,1,238.5,True,1.9090909090909092,0.5694247830460144,0.5474379232766136,N362218,-1,224.5,True,1.9090909090909092,0.5793970882225197,0.5579539331932694,3.6446280991735542,0.3299230612586007,0.30544514247134175,,,False,False,False,False,-1.0,0
2025-11-05,2025-26,N362223,1,229.5,True,1.8849557522123894,0.5507774193265818,0.5433265666253614,N362219,1,229.5,False,1.5657935532219012,0.6451684790943385,0.6239258962991058,2.951451564922699,0.35534422994643544,0.33899551506484443,0.04878128356165834,0.0005288434399113306,True,True,False,False,1.951451564922699,1
2025-11-07,2025-26,N362047,1,234.5,False,1.85918053072257,0.5642486902296672,0.539866493093423,N362052,1,227.5,True,1.8695652173913042,0.5458147122191733,0.5345820465228679,3.4758592530900216,0.30797523647775127,0.2886029347270058,0.07047857543377933,0.003143181139798834,True,False,False,False,-1.0,0
2025-11-09,2025-26,N362240,1,233.5,True,1.9090909090909092,0.5555729518992684,0.5429321621478265,N362243,1,232.5,True,1.9090909090909092,0.5304460787226916,0.5187045550635043,3.6446280991735542,0.29470149377935745,0.2816213855965547,,,False,False,False,False,-1.0,0
2025-11-10,2025-26,N362252,-1,234.5,True,1.8771929824561404,0.6092650083289282,0.6052935860165112,N362248,1,227.5,False,1.4057687275022808,0.6946085501287463,0.6790966344521658,2.63889919022358,0.42320068407953537,0.4110528371192953,0.11678394251955093,0.08472699901321334,True,True,False,False,1.6388991902235799,1
2025-11-11,2025-26,N362259,-1,231.0,True,1.8771929824561404,0.5574530908281095,0.5546567332866554,N362257,-1,228.5,True,1.8695652173913042,0.5621885121738494,0.5512254102082869,3.5095347063310447,0.3133937237393686,0.305740885330725,0.0998661502096374,0.07300824821255936,False,True,False,False,-1.0,0
2025-11-12,2025-26,N362263,-1,236.5,True,1.8695652173913042,0.5484878527229101,0.5401919128650257,N362267,1,231.5,False,1.6636835128372665,0.6198792190244151,0.5958616733978247,3.1103648283479326,0.33999622179025596,0.3218796571557261,0.05751229002759506,0.0011631645778613642,True,True,False,False,2.1103648283479326,1
2025-11-14,2025-26,N362058,-1,236.5,True,1.8928571428571428,0.5484576708543426,0.5420628308809228,N362062,1,235.5,True,1.8928571428571428,0.5300713323819178,0.5225390177196401,3.582908163265306,0.29072168834484474,0.28324897919084474,0.04162911040901629,0.014855079779442448,False,True,False,False,-1.0,0
2025-11-15,2025-26,N362277,1,230.0,True,1.8771929824561404,0.5386452954057805,0.535372395244065,N362276,1,237.5,True,1.9090909090909092,0.527806865596829,0.5170553485447461,3.583732057416268,0.28430068503660305,0.2768171604241556,,,True,False,False,False,-1.0,0
2025-11-16,2025-26,N362281,-1,221.5,True,1.9090909090909092,0.5567326562932084,0.5393259868478882,N362286,1,228.5,True,1.9090909090909092,0.5416118614608084,0.5319871296697055,3.6446280991735542,0.30153301031098506,0.2869144836994894,,,False,True,False,False,-1.0,0
2025-11-17,2025-26,N362294,1,227.5,False,1.85918053072257,0.5657735628248857,0.5408248963455733,N362292,-1,242.5,True,1.8695652173913042,0.5430910968824864,0.5348182818337444,3.4758592530900216,0.30726658482167946,0.2892430418364524,0.06801540201780454,0.005368103359137288,False,True,False,False,-1.0,0
2025-11-18,2025-26,N362297,-1,225.5,True,1.8695652173913042,0.5812721157810818,0.5675459810528265,N362299,1,228.5,False,1.454330831345227,0.6577502459222546,0.6482739388486628,2.7189663368628154,0.38233187710275585,0.36792526861484437,0.03954750335196411,0.00037641984497072123,False,False,False,False,-1.0,0
2025-11-19,2025-26,N362309,1,235.0,True,1.8620689655172413,0.6095655013029471,0.5854245177489686,N362310,1,218.5,False,1.4057687275022808,0.6938527533119715,0.6784965094566631,2.6176383201766606,0.42294870140304197,0.39720849184302554,0.10712672826155889,0.039748169347882056,False,True,False,False,-1.0,0
2025-11-20,2025-26,N362313,1,229.5,True,1.8695652173913042,0.5195145393757293,0.5160044395331639,N362312,-1,220.5,True,1.9090909090909092,0.5496553721074456,0.535025844525821,3.569169960474308,0.2855539574557947,0.276075711040304,,,True,False,False,False,-1.0,0
2025-11-21,2025-26,N362069,-1,250.0,True,1.8620689655172413,0.5354344509829831,0.5300000502718195,N362074,1,233.5,True,1.9090909090909092,0.5609148989236151,0.5462629035832292,3.554858934169279,0.30033316095334134,0.28951936636074155,,,False,True,True,False,0.9090909090909092,1
2025-11-22,2025-26,N362321,1,224.5,True,1.9090909090909092,0.599983050389349,0.5798753019812353,N362320,1,243.5,True,1.9090909090909092,0.5532143910487811,0.5329434519901352,3.6446280991735542,0.33191925786073384,0.3090407451617016,,,False,False,False,False,-1.0,0
2025-11-25,2025-26,N362076,-1,232.0,True,1.8620689655172413,0.5879939338675405,0.580239343063805,N362077,-1,234.5,False,1.4212031827637288,0.6907203013456351,0.6741148566107247,2.6463783403186674,0.406139347190393,0.391147961549358,0.07479837155581937,0.03512549330401993,False,False,False,False,-1.0,0
2025-11-26,2025-26,N362082,1,226.0,True,1.8771929824561404,0.5792490298597449,0.5735189821799411,N362081,1,230.5,False,1.5075321255234961,0.6240651883941645,0.6174648301272271,2.8299287268598965,0.3614891549465587,0.35412780090647755,0.022988544031574687,0.002156436764962688,False,False,False,False,-1.0,0
2025-11-28,2025-26,N362096,-1,233.5,True,1.8928571428571428,0.5302234428778542,0.524830703712966,N362089,1,237.5,True,1.9090909090909092,0.5713358904312661,0.5528369545469862,3.6136363636363638,0.30293568286415035,0.2901458078934278,,,False,False,False,False,-1.0,0
2025-11-29,2025-26,N362347,1,229.5,True,1.8620689655172413,0.588237907121164,0.5847253653277761,N362348,1,213.5,False,1.4057687275022808,0.6777073129898263,0.6677123413594628,2.6176383201766606,0.39865313143384307,0.3904283427352766,0.043529713299650385,0.02200019122692698,True,True,False,False,1.6176383201766606,1
2025-11-30,2025-26,N362349,1,229.0,True,1.8620689655172413,0.640128635967256,0.6347390385396376,N362355,1,224.5,False,1.4057687275022808,0.6796114083670775,0.6696110336860881,2.6176383201766606,0.43503872382580305,0.42502826371744046,0.1387740342471735,0.11257027026492361,True,False,False,False,-1.0,0
2025-12-01,2025-26,N362357,1,234.5,True,1.8849557522123894,0.552009376825517,0.54912550003294,N362364,1,229.5,False,1.5075321255234961,0.662660373899787,0.643739085378572,2.841631351650484,0.3657947400433855,0.35349354714925585,0.039453801576123215,0.004498346185463742,True,True,False,False,1.8416313516504839,1
2025-12-02,2025-26,N362366,1,236.5,True,1.8695652173913042,0.5434077764147284,0.5352580300225273,N362368,1,230.5,True,1.9090909090909092,0.5378137394639632,0.5233082320530507,3.569169960474308,0.29225216828740225,0.28010493338328746,,,False,True,False,False,-1.0,0
2025-12-04,2025-26,N362385,1,233.5,True,1.8771929824561404,0.5349343851563373,0.5298136491908569,N362384,-1,231.5,True,1.9433962264150944,0.5722962704623661,0.5536242730718253,3.64812975835816,0.30614095356705073,0.2933176963968192,,,True,False,False,False,-1.0,0
2025-12-05,2025-26,N362397,1,226.5,True,1.8333333333333335,0.5707962844171129,0.552505053705561,N362388,1,238.0,True,1.9090909090909092,0.5576820184605864,0.5440648375334788,3.5000000000000004,0.3183228240235385,0.30059857228074205,,,True,True,False,False,2.5000000000000004,1
2025-12-07,2025-26,N362411,1,235.5,True,1.9090909090909092,0.5568740829327945,0.5438652389755344,N362410,-1,235.5,True,1.9090909090909092,0.5464171003147015,0.528687743502991,3.6446280991735542,0.30428552163654615,0.2875348859636902,,,False,True,False,False,-1.0,0
2025-12-08,2025-26,N362414,-1,238.5,True,1.8695652173913042,0.5213746977351618,0.5195218131136707,N362412,-1,234.5,True,1.925925925925926,0.5275682083532658,0.5169061957228877,3.600644122383253,0.2750607151648648,0.26854404401164456,,,False,True,False,False,-1.0,0
2025-12-09,2025-26,N372668,-1,234.5,False,1.7497420545307691,0.6008063734015042,0.5720246992670439,N372667,-1,239.5,False,1.7497420545307691,0.6000956699146327,0.5716324549052436,3.061597257393557,0.36054130313535665,0.326987883108454,0.10383226485630681,0.0011052061257679213,True,True,False,False,2.061597257393557,1
2025-12-10,2025-26,N372670,-1,236.5,True,1.9090909090909092,0.5418353642635242,0.5345214763757303,N372669,-1,226.5,True,1.9090909090909092,0.5631022515962238,0.5564388553338925,3.6446280991735542,0.3051087136112506,0.29742851846589363,,,False,False,False,False,-1.0,0
2025-12-11,2025-26,N372674,1,239.0,True,1.8928571428571428,0.5127482860337512,0.5076149945520193,N372671,-1,227.5,True,1.9090909090909092,0.5364419356276304,0.5307645844399944,3.6136363636363638,0.2750596830496954,0.2694240616389126,,,True,True,False,False,2.6136363636363638,1
2025-12-12,2025-26,N372679,1,233.5,True,1.9090909090909092,0.5520297019940827,0.532201298791313,N372675,1,236.5,True,1.9090909090909092,0.5585196042709626,0.5448739138330801,3.6446280991735542,0.3083194107035525,0.2899826046194712,,,True,True,False,False,2.6446280991735542,1
2025-12-13,2025-26,N362098,1,225.5,True,1.9090909090909092,0.5422332455677575,0.5260708857924663,N362099,-1,223.5,True,1.9090909090909092,0.5493085580409736,0.5304973432791223,3.6446280991735542,0.297853362244702,0.27907920728939795,,,False,False,False,False,-1.0,0
2025-12-14,2025-26,N372686,1,229.5,True,1.9090909090909092,0.5312580002926011,0.5192118630530732,N372683,-1,234.0,True,1.8695652173913042,0.5189864163506179,0.5115371218159112,3.569169960474308,0.27571568572945254,0.2655961420388461,,,False,False,False,False,-1.0,0
2025-12-15,2025-26,N372853,-1,238.5,True,1.8695652173913042,0.5972432127461895,0.5695580476892853,N372690,1,230.5,False,1.4057687275022808,0.693186964911343,0.6798192387152436,2.6281763166346988,0.41400120995743067,0.3871965183842704,0.08806817506822862,0.01762071950095101,True,True,False,False,1.6281763166346988,1
2025-12-17,2025-26,N362416,-1,243.5,True,1.8695652173913042,0.589061115036375,0.581605065502007,N362418,-1,242.5,False,1.4449471760078025,0.6485107471267243,0.6426500078902833,2.7014229812319783,0.3820124638155409,0.3737684999338935,0.031977248868351626,0.009706815382023226,True,True,False,False,1.7014229812319783,1
2025-12-18,2025-26,N362421,-1,228.5,True,1.8695652173913042,0.5496513553184439,0.5390067746781478,N362417,1,239.5,False,1.7366801453555691,0.5967114659929529,0.5731234804360552,3.2468367934908464,0.3279832660170821,0.30891743868215266,0.06490813575355836,0.0030045060641656907,True,False,False,False,-1.0,0
2025-12-19,2025-26,N362430,-1,234.5,True,1.8928571428571428,0.5569900506984734,0.5438183362444144,N362432,1,239.5,True,1.8928571428571428,0.5288309118651249,0.5258642147311579,3.582908163265306,0.2945535564106758,0.28597460234557376,0.05535834178263821,0.02462073723050584,False,True,False,False,-1.0,0
2025-12-20,2025-26,N362434,1,235.5,True,1.8695652173913042,0.558673786760012,0.5487782139243191,N362442,1,237.0,True,1.9090909090909092,0.5368696405064349,0.5227182286134818,3.569169960474308,0.29993499505821636,0.2868563758841905,,,False,False,False,False,-1.0,0
2025-12-21,2025-26,N362444,-1,246.5,True,1.8695652173913042,0.5454980027428736,0.5367158775126678,N362448,1,238.0,True,1.8849557522123894,0.5344181861213303,0.5295105637271257,3.5240477106579453,0.291524053158655,0.28419672686303166,0.027344672135483306,0.001522824678148238,False,False,False,False,-1.0,0
2025-12-22,2025-26,N362453,1,245.5,False,1.85918053072257,0.5806350913809961,0.5501912621543559,N362454,1,227.5,False,1.85918053072257,0.5421486474676671,0.5260179894103574,3.456552245817857,0.31479052946447234,0.28941050150958114,0.08808991158261437,0.0003625189562148634,True,False,False,False,-1.0,0
2025-12-23,2025-26,N362461,1,235.5,False,1.7757052232083061,0.6003963201071084,0.5713079215397531,N362463,1,234.5,False,1.6295720413485535,0.6276742421001213,0.6050907065329666,2.893639585416848,0.37685330518293114,0.34569311389236984,0.09047764177250572,0.0003112787649761639,True,True,False,False,1.8936395854168482,1
2025-12-25,2025-26,N361987,1,227.0,True,1.8928571428571428,0.5735973052504775,0.5545864986058746,N361986,1,222.5,False,1.4057687275022808,0.7215510240275329,0.6990532448428012,2.6609193770578887,0.4138797229829154,0.38768549139644426,0.1013005746565907,0.03159983626100793,False,True,False,False,-1.0,0
2025-12-26,2025-26,N362478,1,243.5,True,1.9090909090909092,0.5558807063202462,0.543178561965597,N362472,-1,234.5,True,1.9090909090909092,0.6731706760966216,0.6581719550183568,3.6446280991735542,0.3742025909026677,0.35750489605295666,,,True,False,False,False,-1.0,0
2025-12-27,2025-26,N362488,1,245.5,False,1.8165129022527617,0.58569812752291,0.5577668386522592,N362482,-1,239.5,True,1.8928571428571428,0.5255677063480714,0.5232926368613776,3.438399422121299,0.307824021494576,0.29187527975217525,0.05842193762200454,0.0035837932313720344,False,True,False,False,-1.0,0
2025-12-28,2025-26,N362489,-1,226.5,True,1.9090909090909092,0.5923821558087146,0.5664661436925997,N362491,-1,239.0,True,1.8771929824561404,0.5116914377639828,0.5069465398481924,3.583732057416268,0.30311687701148887,0.2871680514861124,,,False,True,False,False,-1.0,0
2025-12-29,2025-26,N362500,1,221.0,True,1.8771929824561404,0.5670016927121395,0.550063384764336,N362501,1,230.5,False,1.4294948582304197,0.7081636307462267,0.6852852858237788,2.683437716327279,0.40152997735028506,0.3769503438494232,0.07748068545779296,0.011522769868078875,True,True,False,False,1.683437716327279,1
2025-12-30,2025-26,N362507,1,240.0,True,1.8849557522123894,0.5230891677708334,0.5141057998735004,N362506,-1,233.5,True,1.9090909090909092,0.5205064139036848,0.5124893586810163,3.598551890587289,0.2722712668682594,0.2634737516713611,,,True,False,False,False,-1.0,0
2025-12-31,2025-26,N362516,1,224.5,True,1.9090909090909092,0.547053354366579,0.5290858560575447,N362514,1,234.5,True,1.9090909090909092,0.5825625984629635,0.5682520882167403,3.6446280991735542,0.31869282361767465,0.30065414255064143,,,False,True,False,False,-1.0,0
2026-01-01,2025-26,N362522,1,227.5,True,1.9090909090909092,0.5173770874286551,0.5105278686748485,N362523,1,236.5,True,1.9090909090909092,0.5325518623886084,0.5282837703449066,3.6446280991735542,0.27553013146732414,0.2697035873296983,,,False,False,False,False,-1.0,0
2026-01-02,2025-26,N362527,1,232.5,False,1.6295720413485535,0.6728423082876684,0.6355219787028631,N362532,1,226.5,False,1.5657935532219012,0.6368040091782045,0.6193396281000005,2.5515733968542182,0.4284686794623047,0.39360394593920767,0.09326928390127387,0.004309357355328336,False,False,False,False,-1.0,0
2026-01-03,2025-26,N362540,1,238.5,True,1.9090909090909092,0.5736095977736799,0.5544455299906119,N362539,1,225.5,True,1.9090909090909092,0.5543601347164111,0.5421828054406166,3.6446280991735542,0.31798629389644356,0.3006108329143195,,,False,False,False,False,-1.0,0
2026-01-04,2025-26,N362545,1,231.5,True,1.8771929824561404,0.5605535345954908,0.5568331523488375,N362544,1,212.5,False,1.4057687275022808,0.7058722210521723,0.6874840431649948,2.63889919022358,0.3956791684835648,0.38281390694508827,0.04415743729961852,0.010207309043718471,True,True,False,False,1.6388991902235799,1
2026-01-05,2025-26,N362552,-1,237.5,True,1.8695652173913042,0.5678535236222116,0.5550405258963056,N362555,1,221.5,False,1.4057687275022808,0.7245924366609997,0.7003946226480082,2.6281763166346988,0.4114623683479529,0.388747399689495,0.08139565167851237,0.021696709017253957,True,True,False,False,1.6281763166346988,1
2026-01-06,2025-26,N362562,1,235.0,True,1.9090909090909092,0.6047293426764222,0.5827798002132719,N362558,1,232.5,True,1.9090909090909092,0.5850692276766741,0.5661572545658754,3.6446280991735542,0.35380852947311714,0.3299450117051954,,,False,True,False,False,-1.0,0
2026-01-07,2025-26,N362571,1,229.5,False,1.8165129022527617,0.5897025640856877,0.560198450589479,N362567,1,235.5,False,1.454330831345227,0.6993230842972393,0.675924576430026,2.64181071928259,0.4123926159343935,0.37865190043145047,0.08946323332846884,0.0003266494365299355,False,False,False,False,-1.0,0
2026-01-08,2025-26,N362579,1,241.5,True,1.9090909090909092,0.5401193872150161,0.5247493322241068,N362577,1,238.0,True,1.9090909090909092,0.5036746858744856,0.5017216540614121,3.6446280991735542,0.27204446269024285,0.2632781029311003,,,False,True,False,False,-1.0,0
2026-01-09,2025-26,N362585,1,237.5,False,1.85918053072257,0.5677182020519204,0.5420477855534105,N362581,1,238.5,False,1.7757052232083061,0.5806117291254792,0.5588489289129746,3.3013565792912583,0.32962384694937363,0.3029228243761732,0.08820585581760931,5.6259271769665276e-05,False,False,False,False,-1.0,0
2026-01-11,2025-26,N362598,-1,232.5,True,1.8928571428571428,0.715834152642513,0.7067673286331633,N362602,1,216.5,False,1.4057687275022808,0.6860944505978805,0.6736501886838392,2.6609193770578887,0.49112983967646434,0.4761139442893034,0.3068569070464382,0.26690082004686744,True,False,False,False,-1.0,0
2026-01-12,2025-26,N362608,1,223.5,True,1.8695652173913042,0.5523075049949634,0.5408962699673338,N362606,1,244.5,False,1.5657935532219012,0.6553356670747431,0.6323211342582776,2.9273531647192064,0.3619468072162613,0.34202014294181604,0.05954613156453514,0.0012137478384406375,False,False,False,False,-1.0,0
2026-01-13,2025-26,N362613,1,234.5,True,1.9090909090909092,0.5834575722892045,0.5564009350205292,N362618,1,224.5,True,1.9090909090909092,0.561601354056962,0.546862555951894,3.6446280991735542,0.327670562632405,0.3042748374593503,,,True,False,False,False,-1.0,0
2026-01-14,2025-26,N362623,1,224.5,True,1.925925925925926,0.5712271068910114,0.5442563136059797,N362625,1,224.5,True,1.8849557522123894,0.5266805677012887,0.5241807604332566,3.6302851524090465,0.3008542169437226,0.2852886883365834,,,True,False,False,False,-1.0,0
2026-01-15,2025-26,N362632,1,229.5,True,1.8928571428571428,0.5549603583859614,0.5502776026916039,N362631,1,228.5,False,1.4057687275022808,0.7134280878471967,0.6932457660256415,2.6609193770578887,0.3959243073142914,0.3814776182046945,0.053522661180820386,0.015081186194762841,True,True,False,False,1.6609193770578887,1
2026-01-16,2025-26,N362637,-1,239.5,True,1.8695652173913042,0.5913768273972196,0.5825692965275187,N362635,1,229.5,False,1.4294948582304197,0.6774026921360826,0.6653179305108959,2.6725338653873063,0.40060025494577206,0.3875937987448772,0.07061774782536445,0.03585755315979644,True,True,False,False,1.6725338653873063,1
2026-01-17,2025-26,N362648,1,226.5,True,1.9090909090909092,0.6711976553252061,0.6498874775098276,N362641,1,241.5,True,1.9090909090909092,0.5402284509611055,0.5248175090042312,3.6446280991735542,0.36260006962506214,0.341072327079751,,,True,True,False,False,2.6446280991735542,1
2026-01-18,2025-26,N362650,-1,231.5,True,1.8695652173913042,0.5928918366774167,0.5892398683681863,N362652,1,222.5,False,1.4057687275022808,0.6823897922814862,0.671521981143853,2.6281763166346988,0.40458333727569123,0.3956875237755476,0.06331634513300011,0.03993657877472345,False,True,False,False,-1.0,0
2026-01-19,2025-26,N361991,1,229.5,True,1.8695652173913042,0.5312207640781922,0.5289540378697433,N361992,1,230.5,True,1.9090909090909092,0.6304475484055155,0.6154779723798913,3.569169960474308,0.334906828375201,0.32555955871022585,,,False,True,False,False,-1.0,0
2026-01-20,2025-26,N362662,-1,227.5,True,1.8695652173913042,0.5454770785990014,0.5365787671567099,N362664,1,243.5,True,1.9090909090909092,0.549906057866843,0.5394194836842453,3.569169960474308,0.29996114994909895,0.28944104153560135,,,False,True,False,False,-1.0,0
2026-01-22,2025-26,N362680,1,232.0,True,1.8928571428571428,0.6609641078305311,0.6505035432074092,N362675,1,224.5,False,1.4057687275022808,0.6878729737910803,0.6753925683935966,2.6609193770578887,0.4546593464225556,0.43934525879598707,0.20981186485625347,0.16906231234875468,True,False,False,False,-1.0,0
2026-01-23,2025-26,N362685,1,233.5,True,1.8928571428571428,0.5574973062124463,0.5442571751949957,N362688,1,230.5,False,1.454330831345227,0.6896399360594976,0.6699462834995754,2.7528405021891795,0.3844724066096936,0.3646230717898647,0.058391212889311594,0.003749160055772416,True,True,False,False,1.7528405021891795,1
2026-01-24,2025-26,N362696,-1,234.5,True,1.8695652173913042,0.5246749958301468,0.5226714931892819,N362695,-1,233.5,True,1.9090909090909092,0.5420605220654318,0.5302327384370565,3.569169960474308,0.2844056021543676,0.2771375371367383,,,True,True,False,False,2.569169960474308,1
2026-01-25,2025-26,N362700,1,236.5,True,1.9090909090909092,0.545228509278783,0.5364943670029587,N362704,1,211.5,True,1.8928571428571428,0.5095576650910577,0.5046402364258439,3.6136363636363638,0.27782536612917474,0.2707366442055065,,,False,True,False,False,-1.0,0
2026-01-27,2025-26,N362714,1,234.5,True,1.9090909090909092,0.5579698480631801,0.5445210691452653,N362718,1,231.5,True,1.9174311926605505,0.5256681473848897,0.5157185435844739,3.6605504587155964,0.29330697632800024,0.2808196127306568,,,False,False,False,False,-1.0,0
2026-01-28,2025-26,N362719,-1,237.5,True,1.8695652173913042,0.5286269832143178,0.5255748347671616,N362722,-1,224.5,True,1.9523809523809523,0.5525099835800099,0.5325021494832257,3.6501035196687366,0.29207168581569287,0.27986972922780473,,,True,True,False,False,2.6501035196687366,1
2026-01-29,2025-26,N362731,-1,230.5,True,1.8695652173913042,0.5399593266282928,0.5369692279284967,N362729,1,226.5,True,1.9090909090909092,0.5570225864428524,0.5439372308538434,3.569169960474308,0.3007695406924326,0.29207755489315274,,,False,False,False,False,-1.0,0
2026-01-30,2025-26,N362738,1,234.5,True,1.8695652173913042,0.561819682888605,0.5469847707789214,N362741,1,222.5,True,1.8695652173913042,0.5441183367407733,0.5357307796166851,3.4952741020793945,0.3056963914015764,0.29303657768784536,0.06849267996505604,0.024243160954302567,False,True,False,False,-1.0,0
2026-02-02,2025-26,N362762,1,227.0,True,1.9090909090909092,0.5145305965468614,0.5087389048583272,N362763,1,220.0,True,1.9090909090909092,0.5136090380045514,0.5081582383268162,3.6446280991735542,0.26426756471634144,0.2585198656611213,,,True,True,False,False,2.6446280991735542,1
2026-02-03,2025-26,N362772,1,217.5,True,1.8928571428571428,0.6143722431188573,0.5890796762358419,N362764,1,229.5,False,1.4057687275022808,0.6878680534670318,0.6753866761819396,2.6609193770578887,0.4226070389783424,0.3978565645392584,0.12452325889852967,0.05866424187219499,False,True,False,False,-1.0,0
2026-02-04,2025-26,N362777,-1,217.5,True,1.8695652173913042,0.5451522760583987,0.5362526161760874,N362780,1,221.5,True,1.9090909090909092,0.5461394164271748,0.5370308871041003,3.569169960474308,0.29772914591047994,0.28798421817693887,,,True,False,False,False,-1.0,0
2026-02-05,2025-26,N362784,-1,228.5,True,1.8695652173913042,0.5284199972872551,0.52549264274027,N362781,1,224.5,True,1.9090909090909092,0.5653172415972725,0.5492716342838494,3.569169960474308,0.29872493527126925,0.2886382026820871,,,False,True,False,False,-1.0,0
2026-02-06,2025-26,N362790,-1,230.5,True,1.8695652173913042,0.561021466754038,0.5464172527149933,N362793,1,221.5,True,1.8849557522123894,0.5261881531042089,0.5238223522253401,3.5240477106579453,0.29520284944312153,0.28622557061367593,0.04030892575973466,0.008672566852888863,True,True,False,False,2.5240477106579453,1
2026-02-09,2025-26,N362813,-1,238.0,True,1.8849557522123894,0.5760749185925395,0.5668286546978104,N362817,1,218.5,False,1.4057687275022808,0.6906499579514082,0.6774396676630089,2.649811849185715,0.3978661183027983,0.3839922154603551,0.05427035466828034,0.01750712252192299,True,True,False,False,1.6498118491857152,1
2026-02-10,2025-26,N362820,-1,211.5,True,1.8695652173913042,0.5339867259346204,0.5291846150953664,N362822,1,228.0,True,1.9090909090909092,0.4998296003220854,0.4986570619910501,3.569169960474308,0.26690237180120024,0.26388164541432013,,,True,True,False,False,2.569169960474308,1
2026-02-11,2025-26,N362827,1,211.5,True,1.8695652173913042,0.5909008986775354,0.5694697849645095,N362823,1,228.5,False,1.4057687275022808,0.7026725283682179,0.6848568692311656,2.6281763166346988,0.41520982848879595,0.3900052940525391,0.09124463766820878,0.025002677191034772,True,True,False,False,1.6281763166346988,1
2026-02-12,2025-26,N362837,1,214.5,True,1.8695652173913042,0.5507448300572833,0.5402363151116122,N362838,-1,237.5,True,1.9090909090909092,0.5170619954403551,0.5103301106641397,3.569169960474308,0.28476922080787814,0.2756988584756961,,,False,False,False,False,-1.0,0
2026-02-19,2025-26,N362840,1,235.5,True,1.9090909090909092,0.54142718876296,0.5255669093783302,N362842,1,233.5,True,1.9090909090909092,0.5339115975911533,0.5208698618967408,3.6446280991735542,0.2890742553317189,0.2737519635053877,,,False,False,False,False,-1.0,0
2026-02-20,2025-26,N362856,-1,217.5,True,1.8695652173913042,0.5887411746225751,0.5726169143695455,N362853,1,228.5,False,1.4057687275022808,0.6892246718192505,0.6763474785036705,2.6281763166346988,0.4057749428657244,0.38728800618239434,0.06644809472349489,0.01786116556524142,True,True,False,False,1.6281763166346988,1
2026-02-21,2025-26,N362864,-1,214.5,True,1.8695652173913042,0.523958344027033,0.5220577187921981,N362860,1,228.5,True,1.9090909090909092,0.5510358763042384,0.5359801203470569,3.569169960474308,0.28871984524785377,0.2798125589463523,,,True,True,False,False,2.569169960474308,1
2026-02-22,2025-26,N362866,-1,223.5,True,1.8695652173913042,0.5439769530618677,0.5393868610925101,N362875,1,215.5,True,1.9090909090909092,0.5471522168721122,0.5291477196921757,3.569169960474308,0.29763819579513784,0.28541532757902205,,,True,True,False,False,2.569169960474308,1
2026-02-23,2025-26,N362877,-1,238.5,True,1.8771929824561404,0.6203463874655172,0.615958190999983,N362878,1,217.5,False,1.4294948582304197,0.670314452486559,0.6614960617609461,2.683437716327279,0.4158271490659629,0.40745391755588534,0.11584625527645054,0.09337721003476851,True,True,False,False,1.683437716327279,1
2026-02-24,2025-26,N362882,1,223.0,True,1.8849557522123894,0.5481396189516204,0.5382083335737906,N362881,1,217.5,True,1.8928571428571428,0.5441755885605244,0.5357434240785687,3.56795195954488,0.29828419975633963,0.28834157549644307,0.06426369502190843,0.028788889310791932,True,True,False,False,2.56795195954488,1
2026-02-25,2025-26,N362890,1,217.5,True,1.8695652173913042,0.5577527458023323,0.5445642165096037,N362895,-1,229.5,True,1.9090909090909092,0.5663811271744463,0.5497341714963181,3.569169960474308,0.31590062885216735,0.2993655583894486,,,True,True,False,False,2.569169960474308,1
2026-02-26,2025-26,N362902,1,232.5,True,1.8695652173913042,0.5701358287484327,0.5522011839060987,N362899,1,212.5,False,1.6295720413485535,0.6130817852261095,0.5960916761884175,3.0465912077386,0.3495398917104566,0.329162529307815,0.06490516083897924,0.0028236677061883597,True,True,False,False,2.0465912077386,1
2026-02-27,2025-26,N362908,-1,223.5,True,1.8695652173913042,0.560558055410258,0.5543642005198767,N362909,1,228.5,False,1.4057687275022808,0.7064716453719482,0.6896256455294297,2.6281763166346988,0.3960183717321847,0.3823037696419262,0.04080610553876385,0.004761713133077716,False,True,False,False,-1.0,0
2026-02-28,2025-26,N362912,1,223.5,True,1.8928571428571428,0.511924973788643,0.5104205650684456,N362911,-1,230.5,True,1.9090909090909092,0.5519975031225334,0.536562323529385,3.6136363636363638,0.2825813073173993,0.27387244437030683,,,False,True,False,False,-1.0,0
2026-03-01,2025-26,N362924,1,231.5,True,1.9090909090909092,0.5764618102502304,0.5519313632008924,N362923,1,220.5,True,1.9090909090909092,0.5496837541983717,0.5307322308369457,3.6446280991735542,0.316871692010336,0.2929277636604861,,,False,False,False,False,-1.0,0
2026-03-02,2025-26,N362928,-1,216.0,True,1.8849557522123894,0.5473857145381548,0.5292938362551065,N362927,1,221.5,True,1.9090909090909092,0.5986237499354966,0.587428229201936,3.598551890587289,0.3276780890979515,0.3109221409588367,,,True,True,False,False,2.598551890587289,1
2026-03-03,2025-26,N362939,1,233.5,True,1.8928571428571428,0.5992072047043152,0.5870025858895652,N362937,1,224.5,False,1.4057687275022808,0.6924202974511742,0.678417422938559,2.6609193770578887,0.41490323091624853,0.398232781577469,0.10402404674896926,0.05966532507914901,False,False,False,False,-1.0,0
2026-03-04,2025-26,N362942,-1,216.5,True,1.9090909090909092,0.5799064798838734,0.5540752304911674,N362945,-1,231.5,True,1.8928571428571428,0.5274514140382902,0.5211076085427745,3.6136363636363638,0.30587249282471635,0.2887328183140388,,,True,False,False,False,-1.0,0
2026-03-05,2025-26,N362948,1,240.5,True,1.8928571428571428,0.538474032606851,0.5357151760657223,N362947,1,227.5,True,1.8695652173913042,0.5557622846959006,0.5389064250323359,3.5388198757763973,0.2992635586109984,0.28870035036914676,0.05903982930817597,0.02165853802994655,False,True,False,False,-1.0,0
2026-03-06,2025-26,N362960,1,224.5,True,1.8928571428571428,0.5296258168334562,0.5263592079654695,N362962,1,234.5,True,1.9090909090909092,0.5409163481560971,0.529547222743225,3.6136363636363638,0.28648326273074315,0.278732056743438,,,True,True,False,False,2.6136363636363638,1
2026-03-08,2025-26,N362973,-1,243.5,True,1.8695652173913042,0.5628822579242719,0.5526035229673508,N362969,-1,224.5,False,1.8283029201872556,0.5493061593124083,0.530495841637171,3.418131546437043,0.3091946912454782,0.29315387100823054,0.05686812813703068,0.0020384944533684557,False,True,False,False,-1.0,0
2026-03-09,2025-26,N362979,1,225.5,True,1.9090909090909092,0.5457718115108479,0.5282840229718216,N362981,-1,224.5,True,1.8771929824561404,0.5152645818070677,0.5079350688438089,3.583732057416268,0.2812168842202228,0.26833398157727656,,,False,False,False,False,-1.0,0
2026-03-10,2025-26,N362985,1,216.5,True,1.9090909090909092,0.5554323070451626,0.5343334179565274,N362984,1,229.5,True,1.9523809523809523,0.5522569163247614,0.5323436229650134,3.7272727272727275,0.3067413331159095,0.28444898758625653,,,True,True,False,False,2.7272727272727275,1
2026-03-12,2025-26,N363001,1,219.5,True,1.8695652173913042,0.6037233224792936,0.5737149226643213,N363006,1,227.5,False,1.4057687275022808,0.6927031352788113,0.6787136147342805,2.6281763166346988,0.41820103832234756,0.3893881289884997,0.09910606451083392,0.02338065858627214,True,True,False,False,1.6281763166346988,1
2026-03-13,2025-26,N363012,1,225.5,True,1.9090909090909092,0.5791262134794753,0.5580069731465845,N363009,1,230.5,True,1.9090909090909092,0.568100818951974,0.5467063960710704,3.6446280991735542,0.32900207615424565,0.3050659812714958,,,False,True,False,False,-1.0,0
2026-03-14,2025-26,N363021,-1,236.5,True,1.8695652173913042,0.5460424794590659,0.5435749845568973,N363017,1,214.5,False,1.7366801453555691,0.5874170527820491,0.5676123566230624,3.2468367934908464,0.3207546639776471,0.3085398779856853,0.04143804468641776,0.0017786281030993667,False,False,False,False,-1.0,0
2026-03-15,2025-26,N363026,1,225.5,True,1.8849557522123894,0.5636832689665504,0.5603244348138713,N363025,1,213.5,False,1.4057687275022808,0.692245117961978,0.6791376761867569,2.649811849185715,0.390206991018943,0.3805374345701505,0.03397510843709939,0.008352603182718576,True,True,False,False,1.6498118491857152,1
2026-03-16,2025-26,N363034,1,235.5,True,1.9090909090909092,0.5619029505210866,0.5383930135077091,N363038,1,224.5,True,1.9090909090909092,0.5538594856227377,0.533347657713187,3.6446280991735542,0.3112152791455077,0.2871506526834809,,,True,True,False,False,2.6446280991735542,1
2026-03-17,2025-26,N363039,-1,234.5,True,1.8695652173913042,0.5502204379973863,0.5396021897655686,N363045,1,229.5,False,1.596963124244036,0.6445610694755298,0.6209206647750094,2.9856267105431975,0.35465067396288974,0.3350501503832876,0.05885452509575062,0.00033467835585887507,False,False,False,False,-1.0,0
2026-03-18,2025-26,N363051,1,228.5,True,1.9090909090909092,0.5815106469189081,0.5594638081978279,N374211,1,240.5,True,1.9090909090909092,0.5673781901751476,0.5461915340363707,3.6446280991735542,0.3299364584164293,0.30557439563740146,,,True,True,False,False,2.6446280991735542,1
2026-03-19,2025-26,N363056,1,229.5,True,1.8928571428571428,0.5938320220029077,0.5630210659823113,N363059,1,230.5,False,1.4057687275022808,0.6930957763491793,0.6793413893119075,2.6609193770578887,0.4115824663111083,0.3824835131762945,0.09518775986450367,0.017757791615978125,False,False,False,False,-1.0,0
2026-03-20,2025-26,N363065,1,216.5,True,1.8928571428571428,0.6030484105240794,0.5777800256518782,N363069,1,227.5,False,1.4057687275022808,0.68717288133985,0.675301537849992,2.6609193770578887,0.41439851384724835,0.3901757398617212,0.10268103532013484,0.0382261866559519,False,True,False,False,-1.0,0
2026-03-21,2025-26,N363075,1,231.5,False,1.85918053072257,0.5627379949160872,0.5389174321991206,N363070,1,229.5,False,1.85918053072257,0.560217107265999,0.5373346601728547,3.456552245817857,0.31525545166055885,0.2895790152919419,0.08969693944362755,0.0009449956490854561,True,True,False,False,2.456552245817857,1
2026-03-22,2025-26,N363084,-1,221.5,True,1.8695652173913042,0.5202811103764001,0.5183148330713203,N363082,1,227.5,True,1.9090909090909092,0.5160637676715002,0.5097032013292991,3.569169960474308,0.2684982300691567,0.26418672971291324,,,True,True,False,False,2.569169960474308,1
2026-03-23,2025-26,N363087,1,226.0,True,1.8928571428571428,0.563169247633923,0.5477784108166858,N363086,1,215.5,False,1.4057687275022808,0.7134763606932726,0.6932281935050616,2.6609193770578887,0.40180794525621977,0.37973543817152455,0.0691785473880906,0.01044538558617747,False,True,False,False,-1.0,0
2026-03-24,2025-26,N363097,1,228.5,True,1.9090909090909092,0.5238300528507082,0.5145692156389422,N363096,-1,232.5,True,1.9090909090909092,0.5330542704008516,0.5287891962495056,3.6446280991735542,0.2792298466363738,0.27209864195245476,,,True,False,False,False,-1.0,0
2026-03-25,2025-26,N363104,1,235.5,False,1.85918053072257,0.5860760101821779,0.5536335105429477,N363099,1,220.5,False,1.454330831345227,0.6883153052946618,0.6689778166135554,2.7038635668666156,0.4034050878744231,0.370368537087119,0.09075231979227816,0.0014259937435479042,False,True,False,False,-1.0,0
2026-03-26,2025-26,N363111,1,224.5,True,1.9090909090909092,0.5824106628862813,0.5604633512592596,N363113,1,228.5,True,1.9090909090909092,0.5601736281062922,0.5462370818968483,3.6446280991735542,0.32625109407679886,0.30614586550198625,,,True,True,False,False,2.6446280991735542,1
2026-03-27,2025-26,N363123,1,218.5,True,1.8771929824561404,0.5881230520135183,0.5718571409049279,N363117,1,219.5,False,1.4057687275022808,0.7027780568931027,0.685353943406202,2.63889919022358,0.4133199757081016,0.39192454658418846,0.09070974919933894,0.03424936860975847,False,True,False,False,-1.0,0
2026-03-29,2025-26,N363133,-1,221.5,True,1.8771929824561404,0.6451437437462336,0.6383478077610012,N363136,1,217.5,False,1.4057687275022808,0.6967436751054844,0.6814197890624587,2.63889919022358,0.44949982298906166,0.43498282851298437,0.18618471889147736,0.14787583392407666,True,True,False,False,1.6388991902235799,1
2026-03-30,2025-26,N363145,1,219.0,True,1.8849557522123894,0.5819033609430954,0.5509929623359084,N363142,1,236.5,False,1.4294948582304197,0.6994165202229781,0.68030666577766,2.6945345557794638,0.40699282381687535,0.37484418507369766,0.09665622772883387,0.010030609714070993,True,True,False,False,1.6945345557794638,1
2026-03-31,2025-26,N363149,1,219.0,True,1.9090909090909092,0.5629542306031287,0.5390532516447806,N374212,1,227.5,True,1.9523809523809523,0.536424912930879,0.5267928187364026,3.7272727272727275,0.3019826741353533,0.2839693818829773,,,True,False,False,False,-1.0,0
2026-04-01,2025-26,N363156,1,242.5,True,1.8695652173913042,0.5741578700316471,0.5548892655257751,N363159,1,218.5,False,1.4057687275022808,0.7081215329382212,0.6892379354649822,2.6281763166346988,0.4065735510753539,0.3824507317826656,0.06854697790631326,0.005147955550811156,True,True,False,False,1.6281763166346988,1
2026-04-02,2025-26,N363166,1,229.0,True,1.8695652173913042,0.5483123192966041,0.544524015350254,N363164,1,227.0,True,1.9090909090909092,0.5336288484474335,0.5206931948685732,3.569169960474308,0.2925952715357883,0.28352994923538777,,,False,True,False,False,-1.0,0
2026-04-03,2025-26,N363172,1,231.5,True,1.9523809523809523,0.5667047772596115,0.5414103985304919,N363175,1,234.5,True,1.9090909090909092,0.5489376260109794,0.5302651424182476,3.7272727272727275,0.311085575077972,0.2870910620834915,,,False,True,False,False,-1.0,0
2026-04-04,2025-26,N363179,1,226.5,True,1.9090909090909092,0.5307863276013278,0.5233853501049086,N363177,1,246.5,True,1.8,0.5203699321818874,0.5182831965367529,3.4363636363636365,0.27620524529697604,0.2712618322728796,,,False,True,False,False,-1.0,0
2026-04-05,2025-26,N363183,1,226.5,True,1.9090909090909092,0.5481101261506556,0.529747193569483,N363188,1,232.5,True,1.9090909090909092,0.6132989189915055,0.5964584735595714,3.6446280991735542,0.33615534785649476,0.3159722024489206,,,True,True,False,False,2.6446280991735542,1
2026-04-06,2025-26,N363193,1,238.0,True,1.8928571428571428,0.5261457999996577,0.5160171389431348,N363192,1,114.5,True,1.9090909090909092,0.9999969139616327,0.9999623529922957,3.6136363636363638,0.5261441762935322,0.5159977124419295,,,True,True,False,False,2.6136363636363638,1
2026-04-07,2025-26,N363204,1,222.5,False,1.6636835128372665,0.634230073878688,0.6060267005577405,N363202,1,233.5,True,1.8928571428571428,0.5357265065972959,0.5262188695822269,3.149115220727683,0.3397738618579744,0.3189026853041409,0.0699870399823721,0.004261300222200504,False,False,False,False,-1.0,0
2026-04-08,2025-26,N363212,1,230.5,True,1.9090909090909092,0.5516870953244826,0.5319867076905429,N363210,1,243.0,True,1.9090909090909092,0.5652926070735321,0.5491956438532534,3.6446280991735542,0.311864636404801,0.2921647824514802,,,False,True,False,False,-1.0,0
2026-04-09,2025-26,N363213,-1,238.5,True,1.8928571428571428,0.52810936038068,0.5211527839268519,N363214,1,244.0,True,1.9090909090909092,0.5364438867376626,0.5224521725328939,3.6136363636363638,0.283301037905153,0.27227740418414964,,,False,False,False,False,-1.0,0
2026-04-10,2025-26,N363219,1,248.5,True,1.8849557522123894,0.5556888259765005,0.5450115663048134,N363230,1,225.5,False,1.454330831345227,0.6949112701396022,0.6725407318411355,2.741349266164012,0.38615442786171433,0.36654247766452275,0.058584157444694585,0.0048209521635782515,True,True,False,False,1.7413492661640122,1
2026-04-12,2025-26,N363244,1,226.5,False,1.8376092664522423,0.595534678111935,0.5618156694426447,N363245,1,226.5,False,1.4057687275022808,0.7098369297366415,0.6901217714827985,2.5832536401469683,0.422732507462675,0.38772122504255235,0.09202528871141058,0.0015822659534152628,True,True,False,False,1.5832536401469683,1
2026-04-14,2025-26,N377267,1,226.5,True,1.9090909090909092,0.5410209158489113,0.5341828023899056,N377272,-1,219.5,True,1.9090909090909092,0.5434263740840454,0.5357769469127617,3.6446280991735542,0.2940050346034033,0.2862028309577667,,,True,False,False,False,-1.0,0
2026-04-15,2025-26,N377266,1,219.5,True,1.9090909090909092,0.5664965088104142,0.5459841933752565,N377273,1,219.5,True,1.9090909090909092,0.5294619377876038,0.5246188419261733,3.6446280991735542,0.2999383393046743,0.2864335952385229,,,False,True,False,False,-1.0,0
2026-04-17,2025-26,N377348,1,218.5,True,1.9090909090909092,0.5529251895571858,0.5327622623888224,N377355,1,217.5,True,1.9090909090909092,0.5272301790868243,0.5231705847307755,3.6446280991735542,0.2915188467118514,0.2787255443364511,,,False,False,False,False,-1.0,0
2026-04-18,2025-26,N377271,1,206.0,True,1.8849557522123894,0.6108238650514198,0.5785097998748494,N377269,1,223.5,False,1.4057687275022808,0.6968075615676065,0.6833020306710839,2.649811849185715,0.42562668795378056,0.39529692101760694,0.12783064106959863,0.04746246525908471,False,False,False,False,-1.0,0
2026-04-19,2025-26,N377477,1,218.0,True,1.9090909090909092,0.5776405187347275,0.5482999093785619,N377484,1,215.5,True,1.9090909090909092,0.5328781118140519,0.5202241251725516,3.6446280991735542,0.3078119889306511,0.28523884068865163,,,False,False,False,False,-1.0,0
2026-04-20,2025-26,N377320,1,230.5,True,1.9090909090909092,0.5436095284251888,0.5269315178137426,N377314,1,224.5,True,1.9090909090909092,0.5430636730466534,0.5265901573653624,3.6446280991735542,0.2952145872097422,0.27747695088630797,,,True,False,False,False,-1.0,0
2026-04-21,2025-26,N377332,1,198.5,False,1.4057687275022808,0.7428366595433183,0.7151597555707709,N377308,1,219.5,True,1.8695652173913042,0.541813262333734,0.5347101981235379,2.6281763166346988,0.40247875388825854,0.3824032145912279,0.05778512891776688,0.0050230719936414925,False,False,False,False,-1.0,0
2026-04-22,2025-26,N377478,1,215.5,False,1.755974573119779,0.611992667324073,0.5819108650846546,N377485,1,211.5,False,1.7757052232083061,0.5676855711744119,0.5511405322800182,3.118093221309767,0.3474194069044182,0.32071466392228243,0.08328609762012595,1.8219550709019927e-05,False,True,False,False,-1.0,0
2026-04-23,2025-26,N377315,1,219.5,True,1.9090909090909092,0.5535571646002929,0.5331582208363984,N377321,1,233.5,True,1.925925925925926,0.5256459934130507,0.5157046938196717,3.6767676767676774,0.2909751056972326,0.27495219703387574,,,True,False,False,False,-1.0,0
2026-04-24,2025-26,N377333,1,205.5,False,1.85918053072257,0.5984914719869471,0.5615191130492513,N377351,1,215.5,False,1.85918053072257,0.5258481216442907,0.5158310540626022,3.456552245817857,0.31471561636446277,0.28964899596049276,0.08783097053853473,0.0011868874861287182,True,False,False,False,-1.0,0
2026-04-25,2025-26,N377479,1,213.5,True,1.8695652173913042,0.6419296482945218,0.6246410266417736,N377486,1,208.5,False,1.4057687275022808,0.6906369251083675,0.6787760789652512,2.6281763166346988,0.4433403184340243,0.42399138682473203,0.16517652511758874,0.11432412130986203,True,True,False,False,1.6281763166346988,1
2026-04-26,2025-26,N377334,1,206.5,False,1.8376092664522423,0.5952953974804347,0.5617852035857908,N377316,1,214.5,False,1.454330831345227,0.6820740327219854,0.6661805901876722,2.6724918121671823,0.4060355324203173,0.3742503984834836,0.08512663584224045,0.0001811256474155698,True,False,False,False,-1.0,0
2026-04-27,2025-26,N377480,1,212.0,True,1.8928571428571428,0.5827834832935834,0.5562407487392832,N377323,1,216.5,False,1.4294948582304197,0.6960437049027665,0.6799239219142594,2.7058295530790084,0.4056427748678053,0.3782013914113376,0.09760020823028248,0.02334850189639881,False,True,False,False,-1.0,0
2026-04-28,2025-26,N377329,1,213.5,True,1.9523809523809523,0.5510358761041773,0.5361053283662744,N377311,1,214.5,True,1.9090909090909092,0.5476279030023036,0.5340065252239204,3.7272727272727275,0.3017626213099677,0.2862837435549031,,,True,False,False,False,-1.0,0
2026-04-29,2025-26,N377335,1,205.5,False,1.755974573119779,0.613777527744588,0.5827382451933123,N377481,1,204.5,False,1.4294948582304197,0.711696471002894,0.6911433353850525,2.51015662345808,0.4368233004767042,0.40275565443933836,0.09649490097241809,0.01097977362609881,False,True,False,False,-1.0,0
2026-04-30,2025-26,N377324,1,224.5,True,1.9090909090909092,0.563750644520469,0.5486352187124006,N377330,1,213.5,True,1.9090909090909092,0.5432311823972363,0.5289569550640744,3.6446280991735542,0.3062469292000584,0.29020441473102393,,,False,True,False,False,-1.0,0
2026-05-01,2025-26,N377336,1,205.5,False,1.7757052232083061,0.5989450226126847,0.5709375910051763,N377482,1,205.5,False,1.480326081858966,0.686187258997496,0.666423470924183,2.6286227556084527,0.41098844335679136,0.3804862110787612,0.08033357449975731,0.00015471263687238945,False,False,False,False,-1.0,0
2026-05-03,2025-26,N377483,1,202.5,True,1.8928571428571428,0.5727685868287621,0.5499592105596717,N377319,1,204.5,False,1.4294948582304197,0.716283305181797,0.6944117828946852,2.7058295530790084,0.41026457647801273,0.3818981559240952,0.11010601561564992,0.03335131656579193,True,True,False,False,1.7058295530790084,1
2026-05-04,2025-26,N379301,1,216.5,True,1.9090909090909092,0.5579022510887615,0.5358822134210977,N379350,1,211.5,True,1.9090909090909092,0.5226077662970198,0.5138046311450356,3.6446280991735542,0.2915640492535767,0.27533876300401233,,,False,True,False,False,-1.0,0
2026-05-05,2025-26,N379342,1,213.5,True,1.9090909090909092,0.5489704795977078,0.5302857078509886,N379383,1,213.5,True,1.9174311926605505,0.5382086810878378,0.5281044324697309,3.6605504587155964,0.2954606777804401,0.2800462327914559,,,False,False,False,False,-1.0,0
2026-05-06,2025-26,N379351,1,213.5,True,1.8695652173913042,0.5340295174869502,0.5275551267759407,N379302,1,214.5,True,1.9090909090909092,0.5789970408330147,0.5628819773903837,3.569169960474308,0.3092015103424268,0.29695127294207607,,,False,True,False,False,-1.0,0
2026-05-07,2025-26,N379343,1,209.5,True,1.9090909090909092,0.5772084775293868,0.55941311126897,N379384,1,215.5,True,1.9174311926605505,0.5177428221634754,0.5107573424129886,3.6605504587155964,0.2988455461327477,0.2857243540227206,,,True,False,False,False,-1.0,0
2026-05-08,2025-26,N379303,1,215.5,True,1.8695652173913042,0.5630618467458067,0.5483065169893759,N379352,1,212.5,True,1.9090909090909092,0.5336102583237077,0.5293302014223088,3.569169960474308,0.30045557749425383,0.29023519907915096,,,True,False,False,False,-1.0,0
2026-05-09,2025-26,N379344,1,208.5,True,1.9090909090909092,0.5954130426702646,0.5819378039664633,N379385,1,211.5,True,1.9090909090909092,0.5185856189470379,0.5112858841231804,3.6446280991735542,0.30877264126229825,0.29753658460569526,,,True,True,False,False,2.6446280991735542,1
2026-05-10,2025-26,N379304,1,215.5,True,1.9090909090909092,0.5453364499182543,0.5303223693783183,N379353,1,212.5,True,1.9090909090909092,0.49924462033625205,0.4980720617589898,3.6446280991735542,0.2722562888949584,0.2641387559131716,,,True,True,False,False,2.6446280991735542,1
2026-05-11,2025-26,N379386,1,210.5,True,1.8928571428571428,0.5744888140942428,0.564211141564073,N379345,1,206.5,False,1.4417710726289348,0.6857153115160382,0.6710989037427936,2.729066673190484,0.393935776119113,0.37864147858311953,0.07507699798409884,0.03333784028875986,True,True,False,False,1.7290666731904838,1
2026-05-15,2025-26,N379306,1,217.5,True,1.9090909090909092,0.5720252554566913,0.5539931123258567,N379388,1,209.5,True,1.9090909090909092,0.5601994074478632,0.5441986766527325,3.6446280991735542,0.320448209152051,0.3014823186024598,,,True,False,False,False,-1.0,0
