date,season,game_a,side_a,thr_a,main_a,odds_a,p_a,pc_a,game_b,side_b,thr_b,main_b,odds_b,p_b,pc_b,combined_odds,joint_model,joint_cons,ev_model,ev_cons,win_a,win_b,push_a,push_b,profit,card_win
2021-11-17,2021-22,L254863,-1,144.5,False,1.615504255006774,0.6980833457023863,0.6861366388571227,L254864,-1,138.5,False,1.5697808807591493,0.6987374110373006,0.6889239731883136,2.535987692294687,0.48777694966434226,0.472695979391524,0.23699634093381716,0.1987511859340878,True,True,False,False,1.535987692294687,1
2021-11-18,2021-22,L255925,1,145.5,False,1.698731120308984,0.731629633468871,0.7126231426425548,L254875,1,139.5,False,1.4742154737599455,0.7489110662130788,0.7382452607669522,2.504295703317072,0.5479255288742562,0.5260906577687178,0.37216754769753435,0.3174865738054524,True,False,False,False,-1.0,0
2021-11-19,2021-22,L262270,1,127.5,True,1.8695652173913042,0.6866547403822947,0.6814102555174325,L255941,1,128.5,False,1.4229013140354763,0.8172349734542063,0.803237595490539,2.6602068045011076,0.5611582685285295,0.5473343351844162,0.49279704434165406,0.45602252279467415,True,False,False,False,-1.0,0
2021-11-20,2021-22,L257576,1,133.5,False,1.7374267523318372,0.7057211022947899,0.687200456777667,L254907,-1,135.5,False,1.4497102799191326,0.7762818761333057,0.7649576145653596,2.518765423461977,0.547838501316264,0.5256792221448696,0.37987667475663467,0.3240626485708853,True,True,False,False,1.5187654234619772,1
2021-11-21,2021-22,L255973,1,133.5,False,1.7990337137170074,0.6873380136305762,0.6682679756539729,L257200,-1,150.5,False,1.4037184187461311,0.7878931600509924,0.7779695618919997,2.5253367598898175,0.5415489195825668,0.5198921442459749,0.3675933939004705,0.3129027430422997,True,True,False,False,1.5253367598898175,1
2021-11-22,2021-22,L253623,1,142.5,False,1.7574767512387284,0.7094228231565527,0.690098647833935,L255984,1,130.5,False,1.4229013140354763,0.8008731689390081,0.7888006089755503,2.5007159787243864,0.5681577044990459,0.5443502336646118,0.4208010500761321,0.361265327347448,True,False,False,False,-1.0,0
2021-11-23,2021-22,L256000,1,124.5,False,1.593162287607166,0.7254470803807407,0.7115886242876843,L256003,1,132.5,False,1.593162287607166,0.7186682837257155,0.7051445548081864,2.5381660746536983,0.5213558081910581,0.5017728436799089,0.32328762517420406,0.2735828090108583,False,True,False,False,-1.0,0
2021-11-24,2021-22,L256018,1,120.5,False,1.593162287607166,0.7436569326758068,0.7284714337338023,L262354,1,144.5,False,1.593162287607166,0.7258670796759326,0.7115592051466215,2.5381660746536983,0.5397960860021495,0.5183505543596442,0.370092112721506,0.3156597918535866,True,True,False,False,1.5381660746536983,1
2021-11-25,2021-22,L254967,1,132.5,True,1.8695652173913042,0.6303845727362187,0.6279201711621621,L256028,-1,149.5,False,1.4037184187461311,0.7549182506027287,0.7476412118863892,2.6243431306992884,0.4758888188569748,0.46945899773558786,0.24889555274389985,0.23202149585236276,True,True,False,False,1.6243431306992884,1
2021-11-26,2021-22,L256040,1,146.5,False,1.6266757618446102,0.7475490122479393,0.7301345023075622,L253657,1,135.5,False,1.5458303855823816,0.7448164735310735,0.7316263058840592,2.514564820149768,0.5567868190941474,0.5341856087217778,0.4000765476172363,0.34324433912207164,False,True,False,False,-1.0,0
2021-11-27,2021-22,L256060,1,136.5,False,1.698731120308984,0.6753066824290345,0.6616487773484956,L254982,1,120.5,False,1.4742154737599455,0.7503467078279217,0.7403011870204803,2.504295703317072,0.5067141459348218,0.48981937526174074,0.268962058474554,0.22665255686942998,False,False,False,False,-1.0,0
2021-11-28,2021-22,L253668,1,141.5,False,1.6266757618446102,0.7319023595507567,0.7151206228911166,L256082,1,135.5,False,1.5612275381786733,0.7463269221956517,0.7311897180915615,2.5396109950795784,0.5462384353512515,0.5228888466532174,0.38723313635310386,0.3279342641649907,False,False,False,False,-1.0,0
2021-11-29,2021-22,L253672,1,130.5,False,1.698731120308984,0.6593005721658662,0.6471835479626908,L256090,1,130.5,False,1.4742154737599455,0.7282893127630073,0.7192282286351398,2.504295703317072,0.48016156060693627,0.4654726768030112,0.2024665331259703,0.16568122452927692,True,True,False,False,1.504295703317072,1
2021-11-30,2021-22,L256098,1,133.5,False,1.7780088277199695,0.6731166447188793,0.6564779279287746,L255030,1,126.5,False,1.4108417405863403,0.7950115544285014,0.783727123306373,2.50848906927832,0.5351355100296535,0.5144995579697469,0.34238157749206466,0.2906165173156374,False,True,False,False,-1.0,0
2021-12-01,2021-22,L257315,1,117.5,False,1.593162287607166,0.7159895649981655,0.702863009776477,L253680,1,129.5,False,1.593162287607166,0.7075473020849617,0.6950105448535296,2.5381660746536983,0.5065964850354373,0.488497203382141,0.2858260118557572,0.23988702918775817,True,True,False,False,1.5381660746536983,1
2021-12-02,2021-22,L253697,-1,135.5,False,1.7533991223888974,0.6538688384817972,0.6405947538781023,L256146,-1,143.5,False,1.4261898027140538,0.745671033847172,0.7386306698456563,2.5006799484388167,0.4875710527911713,0.473162932156596,0.2192591551540859,0.18322905678851575,True,True,False,False,1.5006799484388167,1
2021-12-03,2021-22,L262245,1,141.5,False,1.4229013140354763,0.7734919736747682,0.7641330672840168,L255074,1,141.5,False,1.7574767512387284,0.6226687020183235,0.6119951351343124,2.5007159787243864,0.4816292432696591,0.46764571977307845,0.20441794446537132,0.169449123818604,False,True,False,False,-1.0,0
2021-12-04,2021-22,L253704,1,133.5,False,1.593162287607166,0.7296593880467146,0.7147437319835749,L255110,1,122.5,False,1.5770019769061043,0.7119144032135309,0.6996772666996659,2.5124200770887524,0.5194550277904271,0.5000899407849863,0.30508924096536494,0.25643600757832474,True,True,False,False,1.5124200770887524,1
2021-12-05,2021-22,L256203,1,132.5,True,1.8771929824561404,0.7834816535099283,0.7781405352189342,L255124,1,133.5,False,1.4229013140354763,0.7704809389777171,0.7594670008836755,2.671060361435017,0.6036576800681439,0.590972058548742,0.6124061011058404,0.5785220403051989,True,False,False,False,-1.0,0
2021-12-06,2021-22,L256207,1,144.5,False,1.7374267523318372,0.6696216711108737,0.6544127401431356,L255131,1,124.5,False,1.4742154737599455,0.7086646782088732,0.702090989266794,2.561341402812083,0.47453722607947524,0.45945728811588743,0.2154518443329576,0.17682697487498245,True,False,False,False,-1.0,0
2021-12-07,2021-22,L256217,1,149.5,False,1.661840267764587,0.6605820539478898,0.6490539471578951,L255146,1,139.5,False,1.5161344664926255,0.7031476172589106,0.6949312857505854,2.519573307763224,0.4644866972374559,0.45104789401992856,0.17030828417059185,0.1364482342954274,True,True,False,False,1.519573307763224,1
2021-12-08,2021-22,L255156,1,140.5,False,1.698731120308984,0.6837315551967973,0.6688332361106996,L253724,1,137.5,False,1.4742154737599455,0.7436156657795092,0.7327215378555632,2.504295703317072,0.5084334956321257,0.49006851733194473,0.2732678185340116,0.22727648228535724,False,True,False,False,-1.0,0
2021-12-09,2021-22,L257320,1,140.5,False,1.7574767512387284,0.6321122571836705,0.6205648891118699,L252245,1,143.5,False,1.4229013140354763,0.7266363724473969,0.7188758652271168,2.5007159787243864,0.4593157575394783,0.44610912158986527,0.14861825415886942,0.11559220861447606,True,True,False,False,1.5007159787243864,1
2021-12-10,2021-22,L256256,1,132.5,False,1.6440470004334038,0.6951504130070827,0.6813429444444584,L256258,-1,134.5,False,1.5270243061970057,0.7047917635550032,0.6961681315622998,2.5104997301920866,0.4899362855192506,0.4743292445870545,0.22998491260739184,0.1908034405580168,True,True,False,False,1.5104997301920866,1
2021-12-11,2021-22,L255190,1,129.5,False,1.593162287607166,0.7253703263609614,0.7111919489404804,L255181,1,122.5,False,1.593162287607166,0.7238706837007948,0.7099465058083629,2.5381660746536983,0.5250743140791778,0.5049082391093338,0.3327258106678297,0.28154096332044865,True,False,False,False,-1.0,0
2021-12-12,2021-22,L256301,1,142.5,False,1.593162287607166,0.7180195025027756,0.704557187462763,L255219,1,127.5,False,1.593162287607166,0.7032985081610047,0.6914162530589202,2.5381660746536983,0.5049820449407089,0.48714229062123476,0.2817282947777566,0.23644803558391092,False,False,False,False,-1.0,0
2021-12-13,2021-22,L255225,1,135.5,False,1.593162287607166,0.6744205306873701,0.6647900655503409,L255227,1,123.5,False,1.5770019769061043,0.6672438739406065,0.6592909173244824,2.5124200770887524,0.45000296756092045,0.4382900521448871,0.1305964904495751,0.10116872659709042,True,True,False,False,1.5124200770887524,1
2021-12-14,2021-22,L253748,1,134.5,False,1.593162287607166,0.7175113567281651,0.704052354505578,L253752,1,146.5,False,1.593162287607166,0.6965355832969463,0.6853349002998008,2.5381660746536983,0.49977219138083584,0.48251165018092035,0.2685048212181731,0.22469470111438494,True,True,False,False,1.5381660746536983,1
2021-12-15,2021-22,L253757,1,128.5,False,1.661840267764587,0.6753717169377197,0.6627055198540137,L256327,1,124.5,False,1.5308021081228194,0.7032185047134829,0.6943782238638045,2.54394858525742,0.47493388891072086,0.4601682818209693,0.20820739478523342,0.17064444951879265,False,True,False,False,-1.0,0
2021-12-16,2021-22,L253758,1,133.5,False,1.4742154737599455,0.7256545040064857,0.7170258699415264,L256340,1,128.5,False,1.698731120308984,0.6275948097591779,0.6190143053019618,2.504295703317072,0.455417000392841,0.44384927076538877,0.14049883730134094,0.11152982169817882,True,True,False,False,1.504295703317072,1
2021-12-17,2021-22,L255265,1,134.5,False,1.6266757618446102,0.6646319628396224,0.6548403564000472,L253760,1,134.5,False,1.5612275381786733,0.6617050904070929,0.6548127843610891,2.5396109950795784,0.439790353058236,0.4287978370863229,0.11689641615662572,0.08897970173076741,True,True,False,False,1.5396109950795784,1
2021-12-18,2021-22,L256357,1,122.5,False,1.4742154737599455,0.7508745326189552,0.7396744810559212,L253776,1,136.5,False,1.698731120308984,0.6667343984613869,0.653628698856232,2.504295703317072,0.5006338798256742,0.48347246862974036,0.25373527418239106,0.21075802586155667,True,True,False,False,1.504295703317072,1
2021-12-19,2021-22,L256397,1,120.5,False,1.593162287607166,0.7203446508224265,0.706978744441942,L255303,1,126.5,False,1.593162287607166,0.6959374156687961,0.6842879126402817,2.5381660746536983,0.5013147946842008,0.4837770093152236,0.2724202045894226,0.22790639274132674,False,True,False,False,-1.0,0
2021-12-20,2021-22,L256408,1,150.5,False,1.7374267523318372,0.6818843291428452,0.6653562591237188,L252297,1,130.5,False,1.4479290497822441,0.7506098517765631,0.7402865408684663,2.5156706665700876,0.5118290952266723,0.49255428351188074,0.28759344115884744,0.2391043627242846,False,False,False,False,-1.0,0
2021-12-21,2021-22,L256428,1,129.5,False,1.698731120308984,0.6775870655011892,0.6637665003794145,L256435,1,126.5,False,1.4742154737599455,0.7399309027143303,0.7307328616815262,2.504295703317072,0.5013676090438489,0.4850359943105814,0.25557274911086436,0.21467355650611286,True,True,False,False,1.504295703317072,1
2021-12-22,2021-22,L262372,1,150.5,False,1.593162287607166,0.6904695964449024,0.6794908261363776,L256450,1,127.5,False,1.593162287607166,0.6904474750287662,0.680070787222556,2.5381660746536983,0.47673298944951403,0.4621018610410712,0.2100275004889962,0.17289126672878474,True,False,False,False,-1.0,0
2021-12-23,2021-22,L263067,-1,132.5,False,1.7166129939866266,0.6204467471231658,0.6126771293211473,L263071,1,128.5,False,1.4609113081349592,0.679160522738862,0.6748423681469222,2.5078193346064714,0.4213829371077958,0.41346048486054116,0.05675227695219287,0.03688419802903131,False,True,False,False,-1.0,0
2021-12-25,2021-22,L263079,1,119.5,False,1.7374267523318372,0.6047426921152491,0.5975426599703264,L263077,-1,139.5,False,1.4497102799191326,0.698081524056424,0.693951593456824,2.518765423461977,0.4221597001737979,0.4146656810448372,0.06332125597683724,0.04444557971204843,True,False,False,False,-1.0,0
2021-12-28,2021-22,L255372,1,140.5,False,1.7374267523318372,0.6623680664633346,0.6484965035221048,L256488,1,128.5,False,1.4479290497822441,0.7427800278154845,0.7338286728469234,2.5156706665700876,0.4919937708317243,0.47588532852549636,0.23769429741657477,0.19717076162266012,True,False,False,False,-1.0,0
2021-12-29,2021-22,L254484,1,118.5,False,1.7574767512387284,0.6391498152561923,0.6271203241165493,L256507,1,128.5,False,1.4229013140354763,0.7569486213977556,0.7484464706140036,2.5007159787243864,0.48380357152480497,0.46936599323534134,0.20985532187600642,0.17375103915346046,True,True,False,False,1.5007159787243864,1
2021-12-30,2021-22,L256503,1,116.5,False,1.5612275381786733,0.7185554248452954,0.7071538138294818,L255393,1,128.5,False,1.6266757618446102,0.6833915237017313,0.6714891685673776,2.5396109950795784,0.4910546866491713,0.4748461264976089,0.24708788139959248,0.205924443824276,True,True,False,False,1.5396109950795784,1
2021-12-31,2021-22,L254491,1,145.5,False,1.661840267764587,0.6579905583358701,0.6470256100310575,L255396,1,132.5,False,1.5308021081228194,0.691224328424798,0.6839335329690366,2.54394858525742,0.4548190817955696,0.44252251138998727,0.1570363596819182,0.12575451679511884,True,True,False,False,1.5439485852574202,1
2022-01-01,2021-22,L255408,1,111.5,False,1.4108417405863403,0.773195891239971,0.7637561359793708,L253309,1,139.5,False,1.7780088277199695,0.625134540479459,0.6135410298682965,2.50848906927832,0.4833514581709051,0.46859572623701384,0.21248184944145265,0.17546725717608536,True,False,False,False,-1.0,0
2022-01-02,2021-22,L257413,1,120.5,False,1.6266757618446102,0.7191410802798154,0.7042449436408594,L253844,1,114.5,False,1.5612275381786733,0.7285543733043451,0.7157015015114117,2.5396109950795784,0.5239333790606706,0.5040291635955826,0.3305869701516757,0.2800380057081051,True,True,False,False,1.5396109950795784,1
2022-01-03,2021-22,L262498,1,147.5,False,1.593162287607166,0.6516127661651168,0.6446180472836396,L257240,1,124.5,False,1.5770019769061043,0.6382291410783999,0.633260595240219,2.5124200770887524,0.4158782560652827,0.4082112083254253,0.044860880163073436,0.025598035489457827,True,False,False,False,-1.0,0
2022-01-04,2021-22,L252413,1,142.5,False,1.7374267523318372,0.6346092315891343,0.6233967506966501,L253858,1,134.5,False,1.4479290497822441,0.7306281444518805,0.7226841292984696,2.5156706665700876,0.4636633653280029,0.4505189379847037,0.16642432731882728,0.1333572770224274,True,False,False,False,-1.0,0
2022-01-05,2021-22,L256571,1,119.5,False,1.593162287607166,0.7061380559164816,0.6939451989605433,L263143,1,125.5,False,1.593162287607166,0.7045479093283333,0.6922477824885745,2.5381660746536983,0.49750809099313087,0.4803820251490288,0.26275815842449,0.21928935910670444,False,True,False,False,-1.0,0
2022-01-06,2021-22,L263379,1,140.5,False,1.6097172341816577,0.7368263817433434,0.7210384594020313,L257370,1,120.5,False,1.5770019769061043,0.7248542310249547,0.7120297785046897,2.5385272605643006,0.5340917203374709,0.5134008545413911,0.35580639171835426,0.3032820648503285,True,True,False,False,1.5385272605643006,1
2022-01-07,2021-22,L253877,1,144.5,False,1.7374267523318372,0.6029572498842785,0.5956680633582185,L263391,-1,157.5,False,1.4497102799191326,0.7134694315070801,0.7076709905097743,2.518765423461977,0.4301915662980086,0.4215370084117495,0.08355164265637471,0.06175284149711513,True,False,False,False,-1.0,0
2022-01-08,2021-22,L252483,1,141.5,False,1.7374267523318372,0.6774254008402952,0.6616675692774883,L256606,1,115.5,False,1.4479290497822441,0.7716405878235679,0.7603740287399844,2.5156706665700876,0.5227289345110215,0.5031148353381165,0.31501384711681313,0.26567123317633934,True,True,False,False,1.5156706665700876,1
2022-01-09,2021-22,L253913,1,135.5,False,1.698731120308984,0.6546149865649075,0.642950637260541,L252506,1,125.5,False,1.4742154737599455,0.7311608127295924,0.7215793418562187,2.504295703317072,0.47862882560176895,0.46393989768049765,0.19862811143820625,0.16184269235863247,True,True,False,False,1.504295703317072,1
2022-01-10,2021-22,L257654,1,141.5,False,1.7574767512387284,0.6128913690876989,0.6035272345513815,L256642,1,128.5,False,1.4229013140354763,0.7331186057335092,0.7261582880122743,2.5007159787243864,0.4493220659716754,0.4382563034106135,0.12362686996882166,0.09595454071560394,False,True,False,False,-1.0,0
2022-01-11,2021-22,L253922,1,142.5,False,1.661840267764587,0.6889199487879412,0.6746395658474481,L252532,1,134.5,False,1.5308021081228194,0.7176734638705531,0.7067436608955004,2.54394858525742,0.49441956597616576,0.47679723655197653,0.25777795538865456,0.2129476553810481,True,False,False,False,-1.0,0
2022-01-12,2021-22,L257392,1,127.5,False,1.5612275381786733,0.6971279238738937,0.6871738891852568,L256639,1,134.5,False,1.6266757618446102,0.670141555429261,0.6598156003422366,2.5396109950795784,0.46717439123802257,0.4534080522322798,0.18644122060769108,0.15148007470671354,False,False,False,False,-1.0,0
2022-01-13,2021-22,L252546,1,130.5,False,1.7374267523318372,0.6821168720523679,0.6656795168989094,L256668,1,114.5,False,1.4479290497822441,0.748148355915892,0.7388542167463112,2.5156706665700876,0.5103246163684699,0.4918401180624065,0.28380866782679304,0.23730775765196466,True,False,False,False,-1.0,0
2022-01-14,2021-22,L252560,1,126.5,False,1.6266757618446102,0.6536974539211055,0.6453758751269537,L256669,1,127.5,False,1.5612275381786733,0.662613613580479,0.656117451287356,2.5396109950795784,0.43314883213102234,0.4234423743106438,0.10002953658582303,0.07537890958191351,True,True,False,False,1.5396109950795784,1
2022-01-15,2021-22,L256680,1,134.5,False,1.5770019769061043,0.7213891621360975,0.7080874235021462,L253972,1,142.5,False,1.593162287607166,0.7030098292012069,0.6900239541663711,2.5124200770887524,0.5071436716608997,0.48859728386042867,0.27415794264935034,0.22756162558197324,False,False,False,False,-1.0,0
2022-01-16,2021-22,L252604,1,130.5,False,1.698731120308984,0.6607780053635505,0.648383214890217,L257408,1,127.5,False,1.4742154737599455,0.731828201857093,0.7219498302136157,2.504295703317072,0.48357597949192366,0.46810015190335047,0.21101724766896912,0.17226119913362936,True,False,False,False,-1.0,0
2022-01-17,2021-22,L263479,-1,157.5,True,1.8928571428571428,0.8324229366991301,0.8242610306429868,L263434,1,133.5,False,1.4229013140354763,0.7576727259377957,0.7477850205315048,2.693348915852866,0.630704155581975,0.6163700517226852,0.6987063536606097,0.6600996105714689,True,True,False,False,1.6933489158528658,1
2022-01-18,2021-22,L263407,1,119.5,False,1.4229013140354763,0.7364040162023626,0.7294347376086433,L252617,1,144.5,False,1.7574767512387284,0.6071001332521299,0.5984376204038996,2.5007159787243864,0.44707097636385795,0.4365211886144594,0.11799753421701209,0.09161551141994018,True,False,False,False,-1.0,0
2022-01-19,2021-22,L254003,1,127.5,False,1.6266757618446102,0.682172732000555,0.6707047019064626,L263372,1,138.5,False,1.5612275381786733,0.6978368568289413,0.6874099229877151,2.5396109950795784,0.476045275113679,0.46104906748501984,0.20896981483438193,0.17088528105614298,False,False,False,False,-1.0,0
2022-01-20,2021-22,L255470,1,131.5,False,1.698731120308984,0.664829250220772,0.652532678047366,L253368,1,128.5,False,1.4742154737599455,0.7401164137743527,0.7298766481862482,2.504295703317072,0.49205104044568954,0.47626836388520777,0.23224130640083507,0.19271681730357737,True,True,False,False,1.504295703317072,1
2022-01-21,2021-22,L254544,1,130.5,False,1.698731120308984,0.6373977694816605,0.6276366222406302,L252656,1,133.5,False,1.4742154737599455,0.6981790104109121,0.6915268981103121,2.504295703317072,0.4450177439348284,0.43402760651849676,0.11445602403584765,0.0869334701252642,True,True,False,False,1.504295703317072,1
2022-01-22,2021-22,L256765,1,134.5,False,1.698731120308984,0.7109296465274348,0.6932390634125662,L254041,1,124.5,False,1.4742154737599455,0.7706336990934374,0.757544806256264,2.504295703317072,0.547866343298627,0.5251596519821464,0.37201932951478756,0.315155060014378,False,True,False,False,-1.0,0
2022-01-23,2021-22,L257432,1,133.5,False,1.593162287607166,0.6950637166698882,0.6841330407737152,L256771,1,130.5,False,1.593162287607166,0.6741984217255174,0.6651465476694718,2.5381660746536983,0.4686108607775108,0.4550487302172546,0.18941218903974533,0.1549892493516789,True,False,False,False,-1.0,0
2022-01-24,2021-22,L263483,1,131.5,False,1.698731120308984,0.6676581063871383,0.6548530691728063,L256774,1,134.5,False,1.4742154737599455,0.7337512924092063,0.7234072614891223,2.504295703317072,0.4898949984490461,0.47372546544804656,0.2268419396924699,0.18634864767342285,True,False,False,False,-1.0,0
2022-01-25,2021-22,L257436,1,129.5,False,1.593162287607166,0.6699553367113303,0.6611600222241557,L263444,1,122.5,False,1.593162287607166,0.6679100936408584,0.6599465702384489,2.5381660746536983,0.4474699316780575,0.4363302890456082,0.13575300001285373,0.10747873699940524,False,True,False,False,-1.0,0
2022-01-26,2021-22,L252737,1,130.5,False,1.7574767512387284,0.6341534640711051,0.6223182010590167,L252725,1,120.5,False,1.4229013140354763,0.7527783470216669,0.7439628882594292,2.5007159787243864,0.4773769964415105,0.46298164627627825,0.19378428287673977,0.15778560069921088,True,True,False,False,1.5007159787243864,1
2022-01-27,2021-22,L255507,1,130.5,False,1.4742154737599455,0.774333663284454,0.7614796948023628,L256810,1,132.5,False,1.698731120308984,0.6722876855190759,0.6587346846034173,2.504295703317072,0.520574986309013,0.5016130865875409,0.3036737014680049,0.2561874974687932,False,False,False,False,-1.0,0
2022-01-28,2021-22,L252751,1,138.5,False,1.698731120308984,0.6373683516614804,0.6276645846780221,L252754,1,126.5,False,1.4742154737599455,0.717897127292852,0.7098693513183132,2.504295703317072,0.4575649086851571,0.44555985157086603,0.14587783480890737,0.11581362185951227,True,True,False,False,1.504295703317072,1
2022-01-29,2021-22,L255515,1,121.5,False,1.698731120308984,0.6873269791539477,0.6723722018116501,L257448,1,139.5,False,1.4742154737599455,0.7647328944455277,0.7523536834082682,2.504295703317072,0.5256215501988993,0.5058617026543225,0.316311789733962,0.26682728842987813,True,False,False,False,-1.0,0
2022-01-30,2021-22,L252802,1,126.5,False,1.6266757618446102,0.6860639696020597,0.6743745713215761,L252805,1,127.5,False,1.5612275381786733,0.7004897745838691,0.690109090851521,2.5396109950795784,0.4805807954166612,0.46539202230811705,0.22048827206424226,0.18191469687601436,True,False,False,False,-1.0,0
2022-01-31,2021-22,L257673,1,148.5,False,1.7374267523318372,0.6257261096359933,0.6155773040564331,L263378,-1,169.5,False,1.4497102799191326,0.7245480670219179,0.7174609827117046,2.518765423461977,0.4533686432219036,0.44165269750335023,0.14192926262920014,0.1124195436501505,False,True,False,False,-1.0,0
2022-02-01,2021-22,L252812,1,123.5,False,1.698731120308984,0.6493365301366624,0.6386191104325181,L256852,1,128.5,False,1.4742154737599455,0.7244661035715791,0.7160183128309526,2.504295703317072,0.47042230589479705,0.4572629779934954,0.17807655939684963,0.14512171107507954,True,False,False,False,-1.0,0
2022-02-02,2021-22,L254111,1,123.5,False,1.4479290497822441,0.7404343903517273,0.7317966888474509,L252839,1,146.5,False,1.7374267523318372,0.6296996022714515,0.6190480875730059,2.5156706665700876,0.46625124111258737,0.4530173407232725,0.1729345705188332,0.13964243550512334,False,True,False,False,-1.0,0
2022-02-03,2021-22,L256864,1,126.5,False,1.6266757618446102,0.7022597704694952,0.6887190256905905,L257462,1,127.5,False,1.5612275381786733,0.7190062709957937,0.7068176585794264,2.5396109950795784,0.5049291788356337,0.48679876915772696,0.2823236943074783,0.23627950654416896,True,False,False,False,-1.0,0
2022-02-04,2021-22,L252856,1,130.5,False,1.7374267523318372,0.6498884428049344,0.6373601914061929,L256879,1,130.5,False,1.4479290497822441,0.7378797059322542,0.7292323111215392,2.5156706665700876,0.47953949306567556,0.46478364539600464,0.20636343616720998,0.16924258302424233,False,False,False,False,-1.0,0
2022-02-05,2021-22,L253420,1,116.5,False,1.4229013140354763,0.7917466226549068,0.7798068099968515,L257478,1,129.5,False,1.7574767512387284,0.6656889235216595,0.650632487517647,2.5007159787243864,0.5270569569370545,0.5073676445714526,0.3180197539103429,0.2687823758675867,True,True,False,False,1.5007159787243864,1
2022-02-06,2021-22,L263656,1,123.5,False,1.4479290497822441,0.7416675716710982,0.732575117804106,L252910,1,140.5,False,1.7374267523318372,0.6281484721606303,0.6176595404957582,2.5156706665700876,0.4658773519962851,0.45248201064151006,0.17199398863640192,0.13829572132150103,True,False,False,False,-1.0,0
2022-02-07,2021-22,L263642,1,138.5,False,1.6266757618446102,0.7092839461076577,0.6949584967349043,L256617,1,123.5,False,1.5458303855823816,0.7107749464559904,0.7003677647533687,2.514564820149768,0.504141258816764,0.4867265289545862,0.2676958738066535,0.2239054067428099,True,True,False,False,1.5145648201497681,1
2022-02-08,2021-22,L256916,1,120.5,False,1.5612275381786733,0.7050839262488052,0.694677428367151,L263625,1,138.5,False,1.6097172341816577,0.6799439233884602,0.6694703196917132,2.5131348746852122,0.47941753113175234,0.46506592005157377,0.20484091702269058,0.16877338270917486,False,False,False,False,-1.0,0
2022-02-09,2021-22,L257483,1,117.5,False,1.5770019769061043,0.7262014415166388,0.7129405739089506,L254179,1,135.5,False,1.593162287607166,0.7097047922235634,0.6964908126499524,2.5124200770887524,0.5153886431640183,0.49655655969296847,0.29487277458881045,0.24755866998273346,True,True,False,False,1.5124200770887524,1
2022-02-10,2021-22,L257489,1,132.5,False,1.698731120308984,0.6959080135404282,0.6797674216852171,L256940,1,114.5,False,1.4742154737599455,0.7420447199468787,0.732446635437591,2.504295703317072,0.5163948670163957,0.4978933608934234,0.2932054466841507,0.2468722043954965,True,True,False,False,1.504295703317072,1
2022-02-11,2021-22,L256925,1,137.5,False,1.593162287607166,0.6478193115879191,0.6411236223650449,L252969,1,126.5,False,1.593162287607166,0.6490727231813107,0.6424821172552314,2.5381660746536983,0.42048184470181266,0.4119104623194375,0.06725275322994584,0.04549716125411685,True,True,False,False,1.5381660746536983,1
2022-02-12,2021-22,L257501,1,127.5,False,1.7374267523318372,0.690387596887347,0.6735179637856815,L257499,1,115.5,False,1.4479290497822441,0.7660156229115535,0.7553870255618486,2.5156706665700876,0.5288476850800715,0.5087667313265388,0.33040660843943126,0.27988954212491834,False,True,False,False,-1.0,0
2022-02-13,2021-22,L253005,1,128.5,False,1.7374267523318372,0.617023541940145,0.6083725129961941,L256976,-1,150.5,False,1.4497102799191326,0.7232895430839485,0.7164684419639251,2.518765423461977,0.44628667572192704,0.43587970652006097,0.12409144776017755,0.09787873357148369,True,True,False,False,1.5187654234619772,1
2022-02-14,2021-22,L257503,1,143.5,False,1.661840267764587,0.6557109824755584,0.6449785480656621,L254238,1,120.5,False,1.5308021081228194,0.6986809996672074,0.690401305354596,2.54394858525742,0.45813280472878987,0.44529403151024516,0.16546630044981891,0.13280512148406132,False,False,False,False,-1.0,0
2022-02-15,2021-22,L253027,1,122.5,False,1.7574767512387284,0.6401063797750456,0.6280020739339758,L257505,1,122.5,False,1.4352614257705074,0.7327831720686321,0.7248670664620563,2.5224385877414166,0.4690591834329264,0.45521802106460846,0.18317298422569306,0.14825950216865325,True,True,False,False,1.5224385877414166,1
2022-02-16,2021-22,L254242,1,141.5,False,1.7374267523318372,0.6905645632899781,0.6732327609953891,L256988,1,142.5,False,1.4479290497822441,0.7342790729647699,0.725175982637404,2.5156706665700876,0.5070671073548862,0.48821222899852385,0.2756138479552326,0.2281811835523846,True,True,False,False,1.5156706665700876,1
2022-02-17,2021-22,L255591,1,134.5,False,1.7574767512387284,0.6472126274997297,0.6341338381063707,L257512,1,122.5,False,1.4229013140354763,0.7644785400452202,0.7547309052761891,2.5007159787243864,0.4947801645698243,0.4786004057002855,0.23730466349564128,0.19684368195867807,True,True,False,False,1.5007159787243864,1
2022-02-18,2021-22,L253052,1,132.5,False,1.6266757618446102,0.6759502857988748,0.6650942394003776,L263417,1,136.5,False,1.5612275381786733,0.6860463106365274,0.6768925229178538,2.5396109950795784,0.4637331997460244,0.45019731768585264,0.17770193285843794,0.14332605795032527,False,True,False,False,-1.0,0
2022-02-19,2021-22,L257689,1,115.5,False,1.593162287607166,0.7280333123163587,0.7142579663468209,L257519,1,136.5,False,1.593162287607166,0.7051563176967423,0.6929874653347151,2.5381660746536983,0.5133772896735658,0.49497181769381166,0.3030368201471092,0.2563206755801082,True,False,False,False,-1.0,0
2022-02-20,2021-22,L254301,1,131.5,False,1.7374267523318372,0.6370630705978428,0.6257119494235859,L257526,1,124.5,False,1.4479290497822441,0.731917988423463,0.7239011889392345,2.5156706665700876,0.4662779211308477,0.45295362412122,0.17300168865815424,0.13948214551836635,True,False,False,False,-1.0,0
2022-02-21,2021-22,L263722,1,131.5,False,1.7374267523318372,0.6737335166228283,0.6586264148351467,L257049,1,116.5,False,1.4479290497822441,0.7450515394069531,0.7364820861676913,2.5156706665700876,0.5019661937098983,0.48506655600293613,0.2627816291258296,0.22026770627076298,False,True,False,False,-1.0,0
2022-02-22,2021-22,L253119,1,116.5,False,1.698731120308984,0.6530894226477844,0.6418875996028119,L263419,1,125.5,False,1.4742154737599455,0.7254495026670658,0.7167329279454455,2.504295703317072,0.47378339685695625,0.4600619786751972,0.1864937250518428,0.15213123645584692,False,True,False,False,-1.0,0
2022-02-23,2021-22,L263731,1,131.5,False,1.698731120308984,0.658486606740031,0.6465508530492461,L254315,1,140.5,False,1.4742154737599455,0.7351306799539378,0.7247694478679507,2.504295703317072,0.4840737069533602,0.46860030478305464,0.21226370441206743,0.1735137298412741,True,True,False,False,1.504295703317072,1
2022-02-24,2021-22,L257533,1,130.5,False,1.7574767512387284,0.6328976356743236,0.6214281198608834,L255618,1,120.5,False,1.4229013140354763,0.7498779777871187,0.7426068256422901,2.5007159787243864,0.4745959991857104,0.4614767634547472,0.1868297986023717,0.15402231618130036,True,False,False,False,-1.0,0
2022-02-25,2021-22,L253151,1,129.5,False,1.7374267523318372,0.6440387956423257,0.6321430794435574,L257062,1,119.5,False,1.4479290497822441,0.7217675751779984,0.7150142119498495,2.5156706665700876,0.46484631985131986,0.4519912857878863,0.16940025131302172,0.13706121920188274,True,False,False,False,-1.0,0
2022-02-26,2021-22,L257717,1,133.5,False,1.6440470004334038,0.6865548527440358,0.6736630969079457,L257544,1,117.5,False,1.5308021081228194,0.7365152757751358,0.7249156793673225,2.516710614116452,0.5056581367035312,0.48834894155971786,0.2725951997561251,0.22903296461587708,False,True,False,False,-1.0,0
2022-02-27,2021-22,L253198,1,125.5,False,1.4229013140354763,0.7483050940762223,0.7398480695781501,L257109,1,134.5,False,1.7574767512387284,0.6186485186689066,0.6088720022612053,2.5007159787243864,0.4629378379626517,0.45047277549313575,0.15767604854932382,0.12650446765600787,True,True,False,False,1.5007159787243864,1
2022-02-28,2021-22,L263723,1,135.5,False,1.593162287607166,0.6702976502314166,0.6616089869538945,L257118,1,136.5,False,1.593162287607166,0.6579499195245415,0.6499089212892507,2.5381660746536983,0.4410222850272498,0.4299855830264795,0.1193878020224195,0.09137481942800152,True,True,False,False,1.5381660746536983,1
2022-03-01,2021-22,L263780,1,139.5,False,1.7374267523318372,0.6915876831128422,0.6743790698216102,L263791,1,120.5,False,1.4609113081349592,0.7209008367474098,0.7139845731774849,2.538226389537778,0.49856613944025047,0.48149625232641163,0.26547373205721536,0.22214649411843856,True,True,False,False,1.538226389537778,1
2022-03-02,2021-22,L263782,1,133.5,False,1.593162287607166,0.6771474140069819,0.6678085050895188,L257131,-1,148.5,False,1.5697808807591493,0.6847436246495989,0.676176637311049,2.5009156990322383,0.4636723746892433,0.4515565093391494,0.15960552106788684,0.12930476320647655,True,True,False,False,1.5009156990322383,1
2022-03-03,2021-22,L257554,1,121.5,False,1.593162287607166,0.7161819499364873,0.703161172161135,L257142,1,125.5,False,1.593162287607166,0.6965180824609276,0.6852819838180823,2.5381660746536983,0.49883367846289023,0.4818636830024307,0.26612271956921907,0.22305005280445367,False,True,False,False,-1.0,0
2022-03-04,2021-22,L264022,1,135.5,False,1.698731120308984,0.6235580512433662,0.615683917219847,L264003,-1,156.5,False,1.4743247877080514,0.6926333486811739,0.6876677735897434,2.5044813983226035,0.43189710112979973,0.4233859885895841,0.08167825576903964,0.06036233273303937,False,False,False,False,-1.0,0
2022-03-05,2021-22,L253265,1,128.5,False,1.593162287607166,0.7057051468299964,0.6932645972335975,L253249,1,140.5,False,1.5770019769061043,0.7054605533069073,0.6936698278213984,2.5124200770887524,0.4978471433542215,0.48089673379770065,0.2508011582844283,0.2082146089997483,True,True,False,False,1.5124200770887524,1
2022-03-06,2021-22,L257567,1,118.5,False,1.5612275381786733,0.7091110210067832,0.6984899423392672,L264065,1,124.5,False,1.6097172341816577,0.6861319016538916,0.6751042930952733,2.5131348746852122,0.4865436933271169,0.4715535587571092,0.2227499237585242,0.18507769379441363,True,True,False,False,1.5131348746852122,1
2022-03-07,2021-22,L264114,-1,159.5,False,1.7166129939866266,0.6564589544184379,0.6446502087885336,L264085,-1,147.5,False,1.4618779048264807,0.7359453063405849,0.728252772481327,2.509478607047082,0.4831178863094973,0.4694683018309159,0.21237400037548793,0.17812066013140604,True,True,False,False,1.509478607047082,1
2022-03-08,2021-22,L264210,-1,153.5,False,1.7724059663762168,0.5999475812720115,0.5923626389496198,L264048,-1,151.5,False,1.4148257169356904,0.7337521072838666,0.7280859004659821,2.507645542079326,0.4402128020181973,0.4312908853820394,0.10389767054718146,0.08152466606771647,True,True,False,False,1.507645542079326,1
2022-03-09,2021-22,L264220,1,135.5,False,1.698731120308984,0.6421257655385613,0.6321292973810055,L264219,-1,138.5,False,1.4743247877080514,0.720055929053387,0.7133298636549178,2.5044813983226035,0.46236646467398607,0.45091670551307167,0.15798820998418317,0.12931250115039905,True,False,False,False,-1.0,0
2022-03-10,2021-22,L264064,1,125.5,False,1.698731120308984,0.647640798684384,0.6372217889252425,L264125,1,120.5,False,1.4742154737599455,0.7261313571539985,0.7175212676712563,2.504295703317072,0.47027229209699123,0.45722018577738577,0.17770088048756616,0.14501454671214042,False,True,False,False,-1.0,0
2022-03-11,2021-22,L264404,1,122.5,False,1.7374267523318372,0.6531172910373402,0.6405935638603861,L264383,-1,130.5,False,1.4497102799191326,0.7341940478510711,0.7277876467017029,2.518765423461977,0.4795148276282309,0.46621608233420747,0.20778536786731783,0.17428894804530404,True,True,False,False,1.5187654234619772,1
2022-03-12,2021-22,L264692,1,124.5,False,1.4742154737599455,0.726577241400573,0.7181422453526657,L264415,1,132.5,False,1.698731120308984,0.6297510918250973,0.6209264683797807,2.504295703317072,0.4575628110672781,0.4459135282011567,0.14587258175346585,0.11669933272511268,True,True,False,False,1.504295703317072,1
2022-03-13,2021-22,L264703,-1,137.0,True,1.9090909090909092,0.5166952376425015,0.5131981813661649,L264705,1,130.0,True,1.9090909090909092,0.5242168672367808,0.5205608061699868,3.6446280991735542,0.2708603587931161,0.2671508590169419,,,True,False,False,False,-1.0,0
2022-03-15,2021-22,L264763,-1,122.5,False,1.5846833000016651,0.7156814771866511,0.7049714667270783,L264762,-1,144.5,False,1.5846833000016651,0.6483307319511349,0.6433200455384138,2.5112211613041673,0.46399829594829095,0.45352227607814644,0.165202339594422,0.13889473681027198,False,False,False,False,-1.0,0
2022-03-16,2021-22,L264801,-1,156.5,False,1.615504255006774,0.6756100772186576,0.6659819088549478,L264783,-1,150.5,False,1.555208023228991,0.6755931935253017,0.6688753800045671,2.5124451789471087,0.45643756964602855,0.4454589023615202,0.1467743713474996,0.11919107165727238,True,False,False,False,-1.0,0
2022-03-17,2021-22,L264730,1,115.5,False,1.593162287607166,0.6856914819340655,0.6759844965203835,L264719,-1,143.5,False,1.5999221073062946,0.6724037181457191,0.6643528326722067,2.548935564469374,0.4610615019533138,0.4490922151058122,0.17521605973646737,0.14470711880953502,True,True,False,False,1.548935564469374,1
2022-03-18,2021-22,L264733,-1,147.0,True,1.847457627118644,0.6071506695090869,0.6028729901776685,L264743,-1,142.5,False,1.4148257169356904,0.7492928355150142,0.742442510418034,2.613830561796445,0.45493364674130304,0.4475985362907349,0.1891194694419256,0.1699467335720779,True,True,False,False,1.613830561796445,1
2022-03-19,2021-22,L264924,1,135.5,False,1.7374267523318372,0.6136659585257815,0.6055165004014664,L264788,-1,155.5,False,1.4497102799191326,0.7058161235010181,0.7007009972923004,2.518765423461977,0.4331353279712037,0.42428601570825114,0.09096628777373117,0.06867694602438834,True,True,False,False,1.5187654234619772,1
2022-03-20,2021-22,L264790,-1,159.5,False,1.7918330466245491,0.652438920341362,0.6377238823272571,L264910,-1,118.5,False,1.4037184187461311,0.7895415504124738,0.7818666541958506,2.5152290508648747,0.5151276367157593,0.4986150381760008,0.29566399677084565,0.2541310292183756,True,False,False,False,-1.0,0
2022-03-21,2021-22,L264960,-1,158.5,False,1.7533991223888974,0.6384245094538795,0.6267896822505561,L264962,-1,147.5,False,1.4261898027140538,0.7438409416631095,0.7367373849841711,2.5006799484388167,0.4748862882929825,0.4617793914363342,0.18753861892279633,0.1547624647671204,False,True,False,False,-1.0,0
2022-03-22,2021-22,L264971,-1,157.5,False,1.6477270226595206,0.6751929773628165,0.664207893954545,L264966,-1,130.5,False,1.5270243061970057,0.6981021532199847,0.6916222003091398,2.5161192135787123,0.47135367133599454,0.45938092507954226,0.18598202883936144,0.15585717194419924,True,True,False,False,1.5161192135787123,1
2022-03-23,2021-22,L264974,-1,140.5,False,1.7533991223888974,0.6176262617779387,0.6088080616653655,L264967,-1,150.5,False,1.4261898027140538,0.700829702845905,0.6971820296610926,2.5006799484388167,0.4328508295116599,0.4244500401058951,0.08242139002491666,0.06141370440686367,False,True,False,False,-1.0,0
2022-03-24,2021-22,L264961,-1,138.5,False,1.6814098165239084,0.6198961038753057,0.6140923900602702,L264970,-1,151.5,False,1.4870568150855774,0.669234102453944,0.6659170351865872,2.5003519266136682,0.414855612691687,0.40893458371958036,0.03728503046015352,0.022480374262211056,True,True,False,False,1.5003519266136682,1
2022-03-25,2021-22,L264969,-1,140.5,False,1.615504255006774,0.67468926733177,0.6659443175932717,L264968,-1,138.5,False,1.555208023228991,0.6747632880538446,0.6685116274939831,2.5124451789471087,0.4552555484394245,0.445191519574648,0.14380460786555394,0.11851928706346193,True,True,False,False,1.5124451789471087,1
2022-03-26,2021-22,L264979,-1,134.5,False,1.4870568150855774,0.7199635931690502,0.712726745497774,L264975,-1,158.5,False,1.6814098165239084,0.5955278725384834,0.5917124423889681,2.5003519266136682,0.42875838694512663,0.4217292833344284,0.07204685885001605,0.0544716260946394,True,True,False,False,1.5003519266136682,1
2022-03-27,2021-22,L264981,-1,148.0,True,1.925925925925926,0.5240573682058873,0.5204222627461436,L264980,1,136.5,True,1.9090909090909092,0.5208564751070925,0.5191648062810682,3.6767676767676774,0.27295867355761816,0.2701849232229568,,,True,False,False,False,-1.0,0
2022-03-28,2021-22,L264973,-1,138.5,True,1.9090909090909092,0.5461141763883852,0.5427624101666307,L264982,-1,136.0,True,1.9174311926605505,0.5156699464048413,0.5131285070264988,3.6605504587155964,0.28161466806912266,0.27850686519890744,,,True,True,False,False,2.6605504587155964,1
2022-03-29,2021-22,L264976,-1,144.5,False,1.7533991223888974,0.6098910871150292,0.6019327147256852,L264977,-1,143.5,False,1.4261898027140538,0.7245239964434562,0.7192635078371487,2.5006799484388167,0.441880727831825,0.43294823587553405,0.10500227569059506,0.08266497216590718,False,True,False,False,-1.0,0
2022-04-02,2021-22,L264984,1,150.5,True,1.9090909090909092,0.5233258938886872,0.5197868433680265,L264983,1,132.0,True,1.9090909090909092,0.518080217120801,0.5152267378900431,3.6446280991735542,0.2711247927307883,0.2678080797066711,,,True,True,False,False,2.6446280991735542,1
2022-11-15,2022-23,L274510,1,152.5,True,1.8771929824561404,0.5427696376993439,0.5385743958658342,L274643,1,153.5,True,1.8849557522123894,0.5299711042061617,0.5285210620989044,3.538425710293433,0.28765222422109965,0.2846479117222865,0.017836025807030254,0.007205489219473948,False,True,False,False,-1.0,0
2022-11-16,2022-23,L274514,1,130.5,False,1.6220841037345481,0.6522430575970962,0.6448864642102837,L274652,-1,149.5,False,1.5557349293264169,0.6537716717862313,0.6496665838177131,2.5235328984849716,0.42641803417621676,0.418961186153779,0.076079937750972,0.05726233644734746,True,False,False,False,-1.0,0
2022-11-17,2022-23,L276453,1,143.5,False,1.7327635345033263,0.6438098051276815,0.6328472722691472,L271689,1,122.5,False,1.4436827257346059,0.7389332320083744,0.729989830041997,2.501560782545292,0.47573246010167936,0.46197207272629615,0.1900736651741537,0.15565121976326401,True,False,False,False,-1.0,0
2022-11-18,2022-23,L271709,1,145.5,False,1.6572153426689245,0.6654404313826553,0.6548482341756413,L271711,1,134.5,False,1.5263563544578627,0.7038446339306842,0.695536619503962,2.5295011689877773,0.4683666768292016,0.4554709270866644,0.1847340565543858,0.15211424250566408,True,True,False,False,1.5295011689877773,1
2022-11-19,2022-23,L274681,-1,150.5,False,1.5134910841531208,0.7122083404931799,0.7041567879046305,L274528,1,136.5,False,1.6572153426689245,0.6454034236283307,0.6366708638702314,2.508180645651176,0.4596617012909502,0.44831611045532843,0.15291458272505354,0.12445779137766966,True,True,False,False,1.508180645651176,1
2022-11-20,2022-23,L280449,-1,142.5,False,1.4491986353226383,0.7415911974016643,0.7319201041995534,L274536,1,143.5,False,1.7327635345033263,0.6435681352645272,0.6323132586799649,2.511118549539052,0.477264464040377,0.4628027861797991,0.19846764868760447,0.16215266115444904,True,True,False,False,1.5111185495390518,1
2022-11-21,2022-23,L274196,1,131.5,False,1.6754268702156554,0.63796976636344,0.6289350939322534,L271747,1,128.5,False,1.4974350750848813,0.6908655629371747,0.6838828820758209,2.5088429612006076,0.44075134177557584,0.43011794467701664,0.10577590145337656,0.07909837798900554,False,True,False,False,-1.0,0
2022-11-22,2022-23,L274190,1,125.5,False,1.6572153426689245,0.6571541589253067,0.6470276360342574,L280467,-1,136.5,False,1.5134910841531208,0.6936774728230786,0.6867060185481384,2.508180645651176,0.4558530362184825,0.4443177718316989,0.1433617627045225,0.11442923582712239,True,True,False,False,1.508180645651176,1
2022-11-23,2022-23,L271763,1,143.5,False,1.7327635345033263,0.6399359249379084,0.6290557965842704,L271764,-1,149.5,False,1.4491986353226383,0.742010999740768,0.734765228732698,2.511118549539052,0.47483949543321047,0.46220832626287095,0.19237826503609878,0.16065990183009338,True,True,False,False,1.5111185495390518,1
2022-11-24,2022-23,L276300,-1,145.5,False,1.4254762682167035,0.7482233556270911,0.7410943792404269,L271773,-1,133.5,False,1.756370006931524,0.6126895973334943,0.604710424777969,2.5036637630884946,0.45842866647467834,0.44814749687104377,0.1477512402136334,0.12201064843484688,False,False,False,False,-1.0,0
2022-11-25,2022-23,L280521,1,131.5,True,1.8771929824561404,0.6300306121480618,0.624025155832694,L274749,-1,159.5,False,1.4028231161185842,0.7728698894774496,0.7632261051455033,2.633369709205062,0.4869316895782824,0.4762722891990028,0.2822711617874911,0.2542010197104072,False,True,False,False,-1.0,0
2022-11-26,2022-23,L274755,1,121.5,False,1.588612119380591,0.7075697420456828,0.6958239879325105,L274248,1,133.5,False,1.588612119380591,0.6976673275380678,0.6870468226855726,2.5236884658428935,0.49364829097981155,0.47806366005743556,0.24581449812880685,0.2064837448255883,True,True,False,False,1.5236884658428935,1
2022-11-27,2022-23,L271800,1,135.5,False,1.6754268702156554,0.645497795032927,0.6359402779133946,L280548,-1,153.5,False,1.5000382741534573,0.7062155048779446,0.6980905564195169,2.5132044308686203,0.45586055121677854,0.44394390245814386,0.14567075717621925,0.11572178271491351,False,True,False,False,-1.0,0
2022-11-28,2022-23,L271806,1,131.5,False,1.4436827257346059,0.7571979430729384,0.7473530246178403,L274780,1,136.5,False,1.7327635345033263,0.6212307050581453,0.6124860287096106,2.501560782545292,0.47039461204377886,0.4577432860922968,0.17672071380932453,0.1450726529618993,True,True,False,False,1.5015607825452921,1
2022-11-29,2022-23,L271813,1,128.5,False,1.7733425221364596,0.6152355034914914,0.6053898980469887,L274274,1,144.5,False,1.41873033741667,0.7483314814301605,0.7399105079118086,2.5158948347859877,0.46040009575621843,0.44793434694862544,0.15831822284804398,0.12695570981128146,True,True,False,False,1.5158948347859877,1
2022-11-30,2022-23,L276081,1,136.5,False,1.7327635345033263,0.6872639132189768,0.6716013831364042,L274807,1,122.5,False,1.4436827257346059,0.73397531518742,0.7254702506323818,2.501560782545292,0.5044347473218381,0.4872268237490214,0.2618741812534544,0.21882751449465898,True,True,False,False,1.5015607825452921,1
2022-12-01,2022-23,L274810,1,128.5,False,1.7327635345033263,0.623980771159104,0.6149775648637054,L271837,1,131.5,False,1.4436827257346059,0.7086406084557707,0.7016828903135964,2.501560782545292,0.44217811333888846,0.43151923519158203,0.1061354272284305,0.07947159566919981,False,False,False,False,-1.0,0
2022-12-02,2022-23,L274822,1,152.5,False,1.713190841727248,0.6451201163745729,0.6342090924704245,L271846,-1,170.5,False,1.4614751937224155,0.7266128436433913,0.7170500498148564,2.503785917296798,0.46875256225048395,0.45475966134895274,0.17365606405955214,0.13862083584016882,True,True,False,False,1.5037859172967978,1
2022-12-03,2022-23,L276286,1,119.5,True,1.8928571428571428,0.6375823071492543,0.6273218392327227,L276288,1,138.5,False,1.4067097828390351,0.7537829303981081,0.7444858668851281,2.6627006603738876,0.4805986598529515,0.4670322432971465,0.27969036896525945,0.24356706264321004,True,True,False,False,1.6627006603738876,1
2022-12-04,2022-23,L273858,1,122.5,False,1.6394376274329525,0.6762439645293203,0.6647283582094838,L273857,1,124.5,False,1.5567262608756232,0.687209728143446,0.6789399312804496,2.552155607692503,0.4647214310228404,0.45131062584291304,0.186041406199827,0.1518149445562036,True,True,False,False,1.552155607692503,1
2022-12-05,2022-23,L271877,-1,133.5,False,1.4254762682167035,0.7371902660957499,0.7309768215396961,L274334,1,142.5,False,1.7733425221364596,0.5934532007061657,0.5864017915900863,2.527857680725077,0.4374879229439528,0.4286461177617046,0.1059072062383315,0.08355638109691088,True,True,False,False,1.5278576807250772,1
2022-12-06,2022-23,L271887,-1,151.5,False,1.4491986353226383,0.7448122126242808,0.7357107956611677,L271883,1,140.5,False,1.7327635345033263,0.6284577437875603,0.6187294387300503,2.511118549539052,0.4680830026912761,0.455205927667073,0.17541191078200113,0.14307604882491898,True,True,False,False,1.5111185495390518,1
2022-12-07,2022-23,L271894,1,137.5,False,1.7327635345033263,0.6365625823980138,0.6261425838743784,L271898,1,125.5,False,1.4436827257346059,0.7296431228123833,0.7212430861683844,2.501560782545292,0.46446351048640183,0.45160100957500315,0.16188370275609687,0.12970737491068873,False,True,False,False,-1.0,0
2022-12-08,2022-23,L271905,1,129.5,False,1.588612119380591,0.6461198227197297,0.6399644390562405,L273865,1,131.5,False,1.588612119380591,0.6384679580778218,0.6333809371193111,2.5236884658428935,0.41252680388547,0.40534127613247584,0.041089136816793825,0.02295510330556838,True,True,False,False,1.5236884658428935,1
2022-12-09,2022-23,L274357,1,149.5,False,1.7733425221364596,0.58470880344038,0.5784069955141512,L271906,-1,145.5,False,1.414018869301802,0.7040669677509196,0.7005594286211011,2.5075397880362025,0.41167415425553683,0.40520847428784157,0.03228932150191155,0.01607637172620735,True,True,False,False,1.5075397880362025,1
2022-12-10,2022-23,L274915,1,139.5,False,1.6572153426689245,0.673291843406499,0.6619507223839849,L271917,1,123.5,False,1.511718735767172,0.718388559146281,0.7096088952707456,2.505243482713427,0.4836851572697382,0.4697261208345715,0.21174908793523084,0.17677830288106988,False,True,False,False,-1.0,0
2022-12-11,2022-23,L271933,1,127.5,False,1.6394376274329525,0.6651360767781099,0.6547983338419946,L271928,1,119.5,False,1.5413560870147782,0.6926680522041341,0.6844079406874449,2.5269571663248476,0.4607185107525928,0.4481491792303696,0.16421594240477577,0.13245378003878083,False,True,False,False,-1.0,0
2022-12-12,2022-23,L271935,-1,145.5,False,1.756370006931524,0.5871986188187377,0.5819821153635039,L276410,-1,157.5,False,1.4254762682167035,0.6996829306936176,0.695458339041195,2.5036637630884946,0.41085285051433884,0.40474431530238353,0.028637393794364252,0.013343675538641797,False,True,False,False,-1.0,0
2022-12-14,2022-23,L276424,1,134.5,False,1.7733425221364596,0.6428204961167809,0.6300860679135211,L274964,-1,141.5,False,1.414018869301802,0.7416560354245102,0.734736123587535,2.5075397880362025,0.4767517006395885,0.4629469950652928,0.1954738583676927,0.16085800987802146,False,True,False,False,-1.0,0
2022-12-15,2022-23,L274971,-1,162.5,False,1.4491986353226383,0.7105919338110599,0.704516042456364,L271952,1,131.5,False,1.7327635345033263,0.5831862845546222,0.5784804175664366,2.511118549539052,0.414407469713756,0.40754873442241085,0.04062628426575543,0.023403186849280555,True,True,False,False,1.5111185495390518,1
2022-12-18,2022-23,L271985,1,134.5,False,1.7327635345033263,0.6333083228209363,0.6233007600975854,L271987,1,125.5,False,1.4436827257346059,0.7422940331289525,0.7340830425527803,2.501560782545292,0.47010098916088544,0.4575545183978961,0.17598619832062057,0.14460043910057507,True,True,False,False,1.5015607825452921,1
2022-12-19,2022-23,L275059,1,128.5,False,1.7327635345033263,0.6203155282473704,0.611315269982328,L276015,1,122.5,False,1.4436827257346059,0.7190890661918435,0.712004647313335,2.501560782545292,0.4460621139517017,0.4352593132010236,0.11585149084082613,0.08882762814127898,True,True,False,False,1.5015607825452921,1
2022-12-20,2022-23,L272004,-1,160.5,False,1.4491986353226383,0.7445355903749796,0.7354303201863865,L276441,1,145.5,False,1.7327635345033263,0.6425909440538659,0.6316730978554274,2.511118549539052,0.4784318279007605,0.4645515486089436,0.20139903773147494,0.16654401092901083,True,True,False,False,1.5111185495390518,1
2022-12-21,2022-23,L275102,1,122.5,False,1.6572153426689245,0.6730392549547687,0.6615987747980331,L276507,1,126.5,False,1.5413560870147782,0.7204935865942285,0.7102097859256998,2.5543589559170283,0.48492046672106864,0.4698739242180164,0.23866093707642677,0.2002266664781691,True,True,False,False,1.5543589559170283,1
2022-12-22,2022-23,L275157,1,131.5,False,1.6394376274329525,0.6871830358614895,0.6746963449869491,L276515,1,124.5,False,1.5567262608756232,0.715154765127419,0.7037768519958153,2.552155607692503,0.49144222261107035,0.4748356697279976,0.2542370242937104,0.21185451722873427,True,False,False,False,-1.0,0
2022-12-23,2022-23,L272036,1,129.5,False,1.7327635345033263,0.5848277664390088,0.580290203689665,L272037,-1,148.5,False,1.4491986353226383,0.6931647752836521,0.6896864209993765,2.511118549539052,0.4053820073033357,0.4002182737237242,0.0179622781887816,0.004995531012141674,True,True,False,False,1.5111185495390518,1
2022-12-25,2022-23,L281478,1,132.0,True,1.9090909090909092,0.5692078254209338,0.5663602537631744,L281476,1,151.5,True,1.9090909090909092,0.5161057685445916,0.5136958070606239,3.6446280991735542,0.29377144220046675,0.29093688764393366,,,False,False,False,False,-1.0,0
2022-12-27,2022-23,L272039,-1,151.5,False,1.756370006931524,0.6225531900289271,0.6131073105919854,L272038,-1,155.5,False,1.4254762682167035,0.7045927123569423,0.7006371654483086,2.5036637630884946,0.43864644074894865,0.4295657682088044,0.09822319851088723,0.07548824772765506,True,False,False,False,-1.0,0
2022-12-28,2022-23,L276464,1,119.5,False,1.7327635345033263,0.6443953174096416,0.6331611396524907,L276465,1,124.5,False,1.4436827257346059,0.7231107491113192,0.7161690232149575,2.501560782545292,0.46596918069591226,0.4534503949225935,0.16565022830365472,0.1343337247680345,False,True,False,False,-1.0,0
2022-12-29,2022-23,L272096,1,132.5,False,1.4436827257346059,0.745245550679257,0.7352560139210023,L272062,1,121.5,False,1.7327635345033263,0.6438409155852464,0.6325196581002515,2.501560782545292,0.479819577685164,0.4650638825414661,0.2002978382346503,0.16338556994398146,False,False,False,False,-1.0,0
2022-12-30,2022-23,L276599,1,129.5,False,1.4436827257346059,0.735727238913676,0.7268734724526823,L273882,1,142.5,False,1.7327635345033263,0.625658429491191,0.6164243015256192,2.501560782545292,0.4603139488326208,0.4480624725541461,0.15150332205824424,0.12085550947172807,False,True,False,False,-1.0,0
2022-12-31,2022-23,L277435,1,126.5,False,1.4436827257346059,0.7577496091359186,0.7472708902250937,L272153,1,147.5,False,1.7327635345033263,0.6493140778171921,0.6371345494417049,2.501560782545292,0.49201748867242673,0.4761121019544668,0.23081165398936543,0.19102336234449968,True,True,False,False,1.5015607825452921,1
2023-01-01,2022-23,L276612,1,136.5,False,1.588612119380591,0.6656979341294099,0.6577920453034689,L276615,1,143.5,False,1.588612119380591,0.6532715019501399,0.646171329509064,2.5236884658428935,0.4348814892738249,0.42504636045422894,0.09750539848893203,0.07268459732683863,True,False,False,False,-1.0,0
2023-01-02,2022-23,L276624,1,131.5,False,1.7327635345033263,0.6111002107344451,0.6035831349538004,L276629,-1,160.5,False,1.4491986353226383,0.7157999582481063,0.7098850726096505,2.511118549539052,0.4374255053291247,0.4284746575826391,0.0984273004734586,0.07595066066315859,False,True,False,False,-1.0,0
2023-01-03,2022-23,L273888,1,128.5,False,1.7327635345033263,0.6452879125108061,0.6339664335695084,L272235,-1,164.5,False,1.4491986353226383,0.7202216220798198,0.7134430380836901,2.511118549539052,0.4647503070570336,0.452298938408912,0.16704311695488716,0.13577625417543993,True,False,False,False,-1.0,0
2023-01-04,2022-23,L272247,-1,143.5,False,1.5855357796276668,0.6819058733096994,0.6734162749859591,L272258,1,144.5,False,1.588612119380591,0.6656211776362977,0.6571908399420983,2.5188013552280655,0.45389099042951014,0.44256300738870147,0.14326124181965905,0.11472830278446966,True,True,False,False,1.5188013552280655,1
2023-01-05,2022-23,L272291,1,154.5,True,1.8928571428571428,0.6356751525768217,0.6234808994008088,L272294,1,130.5,False,1.41873033741667,0.7429981778520461,0.7348936161025181,2.6854538529672682,0.47230548007039996,0.45819213273151066,0.26835457123261075,0.2304538282431252,False,True,False,False,-1.0,0
2023-01-06,2022-23,L272404,-1,163.5,False,1.4491986353226383,0.7432562734729288,0.734417488153663,L275251,1,127.5,False,1.7327635345033263,0.6252964293515132,0.6162600084921156,2.511118549539052,0.4647554938957342,0.4525921274863346,0.16705614172176153,0.13651248670627814,False,True,False,False,-1.0,0
2023-01-07,2022-23,L276737,1,124.5,False,1.6220841037345481,0.6846575538054894,0.6739339896237821,L273894,1,122.5,False,1.5413560870147782,0.7114977600657821,0.7010655939776701,2.5002092069411566,0.48713231594472345,0.4724719327373378,0.21793270132356612,0.1812786762511751,True,True,False,False,1.5002092069411566,1
2023-01-08,2022-23,L272407,1,137.5,False,1.7733425221364596,0.6194058415517136,0.6092060361973757,L276802,1,122.5,False,1.41873033741667,0.7274111051174785,0.7208952656681021,2.5158948347859877,0.4505626877193538,0.4391737473111186,0.13356833878041452,0.10491496243364984,False,True,False,False,-1.0,0
2023-01-09,2022-23,L276747,1,130.5,True,1.8695652173913042,0.6060926213884887,0.5977263185933801,L276749,-1,160.5,False,1.4254762682167035,0.7169509528287875,0.7118009705711191,2.6650208492747063,0.4345386824069746,0.4254621737106699,0.1580546484309473,0.13386556351667211,True,True,False,False,1.6650208492747063,1
2023-01-10,2022-23,L272411,1,126.5,False,1.5413560870147782,0.6884226679089975,0.6807624444555936,L273902,1,132.5,False,1.6220841037345481,0.6571422561168652,0.6485048353564395,2.5002092069411566,0.45239162515171005,0.44147773695852205,0.13107370634737792,0.10378670260324285,True,False,False,False,-1.0,0
2023-01-11,2022-23,L272426,-1,141.5,False,1.756370006931524,0.614403780188213,0.606266642452832,L276755,-1,142.5,False,1.4254762682167035,0.7256474880808965,0.7204776057289741,2.5036637630884946,0.445840559760984,0.4368015389877604,0.11623485358866592,0.09360418482494204,True,True,False,False,1.5036637630884946,1
2023-01-12,2022-23,L272479,1,141.5,False,1.7733425221364596,0.6334669067458505,0.6216211587361358,L272457,1,118.5,False,1.41873033741667,0.7408871056590051,0.7336590331228401,2.5158948347859877,0.469327463069696,0.45605797828705286,0.18077854016025974,0.14739391193533646,True,True,False,False,1.5158948347859877,1
2023-01-13,2022-23,L273908,1,129.5,False,1.7327635345033263,0.6101569531653922,0.6029110796706504,L275323,1,123.5,False,1.4436827257346059,0.7121093442222368,0.7055607429778574,2.501560782545292,0.4344984677912455,0.4253903893220063,0.08692432710259856,0.06413991519960449,False,True,False,False,-1.0,0
2023-01-14,2022-23,L275350,1,125.5,False,1.752810544586316,0.6592204091442957,0.6457878089022582,L276954,1,128.5,False,1.4310523049743897,0.735622423305805,0.7274684303538931,2.508363570013663,0.484937314867371,0.4697902436838056,0.2163990943535583,0.17840473280429925,False,True,False,False,-1.0,0
2023-01-15,2022-23,L275355,1,115.5,False,1.41873033741667,0.730960936106551,0.7243973414591328,L273912,1,134.5,False,1.7733425221364596,0.5937134559213341,0.5864448545394718,2.5158948347859877,0.43398134351931383,0.42481909354078123,0.09185142055372508,0.06880016315771686,True,True,False,False,1.5158948347859877,1
2023-01-16,2022-23,L275362,1,129.5,False,1.7327635345033263,0.6089592677335893,0.6017204437619476,L272608,-1,143.5,False,1.4491986353226383,0.7222997090628508,0.716337346205197,2.511118549539052,0.43985110191509824,0.431034825841847,0.10451826105419504,0.08237954666879643,False,True,False,False,-1.0,0
2023-01-17,2022-23,L272613,-1,151.5,False,1.616712277793378,0.6783089318340761,0.6688062940033688,L272627,-1,165.5,False,1.5557349293264169,0.6692660781738488,0.663019192018536,2.5151757612340315,0.45396915859888465,0.443431408667025,0.14181222405572247,0.11530793084916335,True,True,False,False,1.5151757612340315,1
2023-01-18,2022-23,L272640,-1,136.5,False,1.4028231161185842,0.7520805580368528,0.7449906910642485,L272631,-1,157.5,False,1.7953410368164946,0.5888382159912602,0.5819188780093003,2.5185459077624848,0.4428537740761318,0.4335241470714808,0.11534756043661387,0.09185046652309947,True,True,False,False,1.5185459077624848,1
2023-01-19,2022-23,L273919,1,117.5,False,1.4436827257346059,0.7376707453792422,0.729650445043698,L275386,1,129.5,False,1.7327635345033263,0.6257484365428788,0.6165364441826237,2.501560782545292,0.46159631560448083,0.4498560908835104,0.15471124048356844,0.12534235474332012,True,True,False,False,1.5015607825452921,1
2023-01-20,2022-23,L275396,-1,138.5,False,1.4491986353226383,0.7175578384613625,0.7126860602837115,L275393,1,119.5,False,1.7327635345033263,0.6003112901095012,0.5939020048951086,2.511118549539052,0.4307580717349256,0.42326568006329246,0.08168458429724512,0.06287030059019516,True,False,False,False,-1.0,0
2023-01-21,2022-23,L275409,1,132.5,False,1.5413560870147782,0.7142253921878853,0.703560998381139,L273924,1,128.5,False,1.6220841037345481,0.6865991799629888,0.6753443364422507,2.5002092069411566,0.4903865685849461,0.47514593559835766,0.22606901373636323,0.18796424282368385,True,True,False,False,1.5002092069411566,1
2023-01-22,2022-23,L272777,-1,154.5,False,1.4491986353226383,0.7062410949928415,0.7009526295382036,L275426,1,121.5,False,1.7327635345033263,0.5953126921631293,0.5897047163237025,2.511118549539052,0.4204342875764248,0.41335507155817963,0.0557603383953964,0.037983587735786806,False,False,False,False,-1.0,0
2023-01-23,2022-23,L281707,1,118.5,False,1.6572153426689245,0.6777837845342383,0.6657661747181803,L276875,1,128.5,False,1.5263563544578627,0.6805783422290638,0.6733996134705192,2.5295011689877773,0.46128496446805284,0.4483266847169688,0.16682085685842463,0.1340428730799874,True,False,False,False,-1.0,0
2023-01-24,2022-23,L272810,-1,169.5,False,1.7953410368164946,0.6134332562381818,0.6038605730209428,L272809,-1,156.5,False,1.4028231161185842,0.734140815151735,0.7284626943603862,2.5185459077624848,0.4503463907758819,0.4398899000408427,0.13421805956420219,0.10788290761391295,True,False,False,False,-1.0,0
2023-01-25,2022-23,L273928,1,126.5,False,1.6394376274329525,0.6609380797668272,0.6511685860451252,L272825,1,134.5,False,1.5263563544578627,0.6873981663809146,0.6795129886307741,2.502366040369609,0.4543276241230396,0.44247751200599844,0.1368940178073026,0.10724069967104644,True,False,False,False,-1.0,0
2023-01-26,2022-23,L272850,1,134.5,False,1.6572153426689245,0.6415580235154152,0.6332024321394265,L272855,1,120.5,False,1.511718735767172,0.6949901157738962,0.6874567115623165,2.505243482713427,0.4458764850386505,0.435299261751831,0.11702915823824989,0.09053063853374099,True,True,False,False,1.5052434827134271,1
2023-01-27,2022-23,L272887,-1,147.5,False,1.756370006931524,0.57937944648968,0.575202419167129,L275464,1,133.5,False,1.4310523049743897,0.6991053445103542,0.695018659791876,2.5134573468072423,0.40504726754038606,0.3997764144785829,0.018069030403581765,0.004820966051451325,False,False,False,False,-1.0,0
2023-01-28,2022-23,L273936,1,121.5,False,1.588612119380591,0.7026861111895754,0.6913760192749069,L275481,1,134.5,False,1.588612119380591,0.6975398332088485,0.6860009379394795,2.5236884658428935,0.4901515527973508,0.47428459769144976,0.2369898203096581,0.19694656872084892,True,True,False,False,1.5236884658428935,1
2023-01-29,2022-23,L272930,1,112.5,False,1.5413560870147782,0.6858612737557391,0.6791991666205921,L273939,1,126.5,False,1.6220841037345481,0.644003251566826,0.6376673132867384,2.5002092069411566,0.441696890422461,0.4331031077655447,0.10433463211151617,0.0828483775902431,True,True,False,False,1.5002092069411566,1
2023-01-30,2022-23,L276906,-1,153.5,False,1.6834268171565228,0.6340673226935165,0.6261600726815041,L276899,-1,144.5,False,1.5000382741534573,0.6915142907480883,0.6865717130415837,2.525204657471118,0.43846661493894634,0.4299037937391828,0.10721793818942249,0.08559506221468749,True,True,False,False,1.525204657471118,1
2023-01-31,2022-23,L273002,-1,151.5,False,1.6009484916349137,0.6705121037160613,0.6620606728525866,L272988,-1,165.5,False,1.5855357796276668,0.6754864418865125,0.6673771579025181,2.5383611148281,0.4529218351810025,0.44184417020738803,0.14967917448003853,0.12156006046792212,True,True,False,False,1.5383611148281,1
2023-02-01,2022-23,L273945,1,122.5,True,1.8333333333333335,0.6264820671730602,0.6176393719456967,L273018,-1,133.5,False,1.4028231161185842,0.7242637206235396,0.7200948506894592,2.571842379550738,0.45373823287468684,0.44475893132116784,0.16694321652958144,0.14384986825547563,True,True,False,False,1.5718423795507381,1
2023-02-02,2022-23,L277253,1,122.5,False,1.4436827257346059,0.7364266119346556,0.7280362718892319,L273072,1,139.5,False,1.7327635345033263,0.631321506699443,0.6211408031387028,2.501560782545292,0.4649219582201528,0.4522130346353845,0.16303053762769504,0.13123839279967364,True,False,False,False,-1.0,0
2023-02-03,2022-23,L275533,1,134.5,False,1.5567262608756232,0.6660191984900713,0.6589211313919885,L273119,-1,156.5,False,1.616712277793378,0.6458122237293644,0.6396225443758458,2.516778459120997,0.4301233396233219,0.4214608106039546,0.08252515592916132,0.06072348949170725,False,False,False,False,-1.0,0
2023-02-04,2022-23,L277054,1,131.5,False,1.588612119380591,0.6992190356893833,0.6881495064878925,L277262,1,123.5,False,1.588612119380591,0.685962197398531,0.6765726788670267,2.5236884658428935,0.47963782618437123,0.46558315506553577,0.21045644972345623,0.17498683832963602,True,True,False,False,1.5236884658428935,1
2023-02-05,2022-23,L273953,1,122.5,False,1.7327635345033263,0.6173035024730195,0.6090628527158704,L275571,1,126.5,False,1.4436827257346059,0.7102256326976245,0.7038710477258007,2.501560782545292,0.43842477061035984,0.42870170827198467,0.09674621225529179,0.07242338082336963,False,True,False,False,-1.0,0
2023-02-06,2022-23,L277067,1,117.5,False,1.588612119380591,0.674810947247251,0.6663623719505225,L277266,1,120.5,False,1.588612119380591,0.6615766655204102,0.6541791155266345,2.5236884658428935,0.4464391763365057,0.43592034710282307,0.12667340002084115,0.10012715200962496,True,True,False,False,1.5236884658428935,1
2023-02-07,2022-23,L273191,-1,152.5,False,1.5855357796276668,0.6617037059045683,0.6551885421577495,L273189,-1,152.5,False,1.5855357796276668,0.6596079847518775,0.6531319679917438,2.513923708479513,0.4364650479545613,0.4279245819451325,0.09723983197561936,0.07576975199305291,False,False,False,False,-1.0,0
2023-02-08,2022-23,L273958,1,133.5,False,1.588612119380591,0.6661054434438077,0.6581715272997926,L273207,-1,148.5,False,1.5855357796276668,0.6593960356789681,0.6527155375899796,2.5188013552280655,0.4392272887510279,0.42959878226790205,0.10632629015923811,0.08207399498071832,True,True,False,False,1.5188013552280655,1
2023-02-09,2022-23,L273230,1,147.5,False,1.7327635345033263,0.6141430740660199,0.6060193212423596,L273246,-1,151.5,False,1.4491986353226383,0.7063592805231896,0.701516079012234,2.511118549539052,0.43380565993557374,0.42513229804359554,0.08933743955924922,0.06755759962543739,True,True,False,False,1.5111185495390518,1
2023-02-10,2022-23,L273252,1,125.5,False,1.6051453458051315,0.667637153474134,0.6593700883689422,L275606,1,141.5,False,1.572475378253281,0.6525970009462363,0.6468752091415566,2.5240515347964174,0.4356980040775019,0.42653016381534614,0.09972421589955438,0.07658411461509185,True,False,False,False,-1.0,0
2023-02-11,2022-23,L275619,1,137.5,False,1.6394376274329525,0.6756635689404654,0.6644848423334985,L277115,1,130.5,False,1.5263563544578627,0.7185790724371662,0.7083042322837205,2.502366040369609,0.48551770064882493,0.4706574261131977,0.2149430061019575,0.17775715975343442,True,False,False,False,-1.0,0
2023-02-12,2022-23,L277118,1,133.5,False,1.6572153426689245,0.6332078692294894,0.6258508125982526,L275644,1,128.5,False,1.5263563544578627,0.6750059402093124,0.6694495928252552,2.5295011689877773,0.4274190731171868,0.4189755716632553,0.08115704509759625,0.05979919829952651,True,False,False,False,-1.0,0
2023-02-13,2022-23,L275646,-1,149.5,False,1.4254762682167035,0.7239057653200658,0.7182139656578886,L277125,-1,150.5,False,1.756370006931524,0.5923972149011211,0.5867632627770122,2.5036637630884946,0.42883975922647155,0.4214215698614397,0.07367056534691163,0.05509791344595305,False,True,False,False,-1.0,0
2023-02-14,2022-23,L273969,1,126.5,False,1.7327635345033263,0.646025735499227,0.6348130075609166,L273970,1,124.5,False,1.4436827257346059,0.7112042223257126,0.7049746967634366,2.501560782545292,0.45945623081812426,0.4475271075067424,0.1493576883106973,0.11951626126479753,True,False,False,False,-1.0,0
2023-02-15,2022-23,L277293,1,135.5,False,1.7327635345033263,0.6371204500965851,0.626535801758093,L273422,-1,144.5,False,1.4491986353226383,0.720238564183655,0.7140710882927009,2.511118549539052,0.45887871818960846,0.4473911018157414,0.152298861234629,0.12345209466822293,True,True,False,False,1.5111185495390518,1
2023-02-16,2022-23,L273443,1,158.5,False,1.7327635345033263,0.630053388789247,0.620102780941227,L273431,1,128.5,False,1.4436827257346059,0.72605564823074,0.7189400024733187,2.501560782545292,0.45745382161735115,0.4458166948635975,0.14434853998343544,0.11523756007473662,False,True,False,False,-1.0,0
2023-02-17,2022-23,L275679,1,134.5,False,1.7327635345033263,0.6273027350829631,0.6178522252613784,L275672,1,118.5,False,1.4436827257346059,0.7310926079983969,0.7234210462432018,2.501560782545292,0.45861639259633097,0.44696730322227674,0.1472567819513766,0.11811587682087743,True,True,False,False,1.5015607825452921,1
2023-02-18,2022-23,L275693,1,137.5,False,1.7733425221364596,0.6458662763649907,0.6327700533100388,L273976,1,116.5,False,1.41873033741667,0.7638944851597623,0.7544383353240228,2.5158948347859877,0.4933736866658874,0.4773859856621188,0.24127630990202653,0.20105293552654224,False,False,False,False,-1.0,0
2023-02-19,2022-23,L275711,1,119.5,False,1.4436827257346059,0.7176273513633762,0.711393101505083,L277162,1,135.5,False,1.7327635345033263,0.6030479323597536,0.596345127454638,2.501560782545292,0.4327636904444904,0.4242358097873989,0.08258467612550802,0.06125166431550122,False,True,False,False,-1.0,0
2023-02-20,2022-23,L277173,1,128.5,False,1.7327635345033263,0.626575784962531,0.6173907333893603,L273957,1,127.5,False,1.4436827257346059,0.7178679914130459,0.7117811768355455,2.501560782545292,0.4497987002191047,0.43944710277923943,0.12519878850795885,0.09930363831569533,True,True,False,False,1.5015607825452921,1
2023-02-21,2022-23,L273576,-1,153.5,False,1.5855357796276668,0.6611241859966998,0.6546859897899796,L273577,-1,157.5,False,1.5855357796276668,0.6489154082236261,0.6432939179359409,2.513923708479513,0.42901367104256094,0.4211555153897654,0.07850763889572487,0.058752835095239764,True,True,False,False,1.513923708479513,1
2023-02-22,2022-23,L275734,1,151.5,False,1.7327635345033263,0.6090800534168146,0.6016910025448616,L273608,-1,146.5,False,1.4491986353226383,0.7106678225400789,0.7049080462171475,2.511118549539052,0.43285359531432255,0.42413682903033517,0.0869466924284652,0.065057858920748,False,False,False,False,-1.0,0
2023-02-23,2022-23,L277326,1,123.5,False,1.4436827257346059,0.738700500214462,0.7302883308782228,L273987,1,131.5,False,1.7327635345033263,0.6330539603435485,0.6231812588799296,2.501560782545292,0.4676372771685255,0.4551020013820134,0.16982307302104593,0.13846531871511814,False,False,False,False,-1.0,0
2023-02-24,2022-23,L275745,1,127.5,False,1.713190841727248,0.6172459597483894,0.609846638015823,L273658,-1,142.5,False,1.4614751937224155,0.6972129175146058,0.6933837542893453,2.503785917296798,0.43035185642027746,0.4228577514081467,0.07750891758762402,0.05874528299550774,True,False,False,False,-1.0,0
2023-02-25,2022-23,L275773,1,139.5,False,1.588612119380591,0.6897662365248638,0.6793449606646851,L277339,1,147.5,False,1.588612119380591,0.6825242823605124,0.6727608175727003,2.5236884658428935,0.47078220558064415,0.4570366711506675,0.1881076221479494,0.1534181754501711,True,True,False,False,1.5236884658428935,1
2023-02-26,2022-23,L277359,1,129.5,False,1.7327635345033263,0.6316468464610991,0.6217857056007801,L277361,1,142.5,False,1.4436827257346059,0.7180368703557232,0.7101167282399229,2.501560782545292,0.4535457248029896,0.44154043092757783,0.13457219825823818,0.10454022591657708,True,True,False,False,1.5015607825452921,1
2023-02-27,2022-23,L275788,-1,142.5,False,1.7953410368164946,0.5846973802924158,0.5784726114501029,L273752,-1,146.5,False,1.4028231161185842,0.7346858662745303,0.7295859909936638,2.5185459077624848,0.42956890134858194,0.42204551348751596,0.08188899859349763,0.06294100088349985,False,True,False,False,-1.0,0
2023-02-28,2022-23,L273769,1,121.5,False,1.6754268702156554,0.629068278108129,0.6221310716835969,L273760,-1,155.5,False,1.5000382741534573,0.6899685040559277,0.6843591525039157,2.5132044308686203,0.43403729879530406,0.4257610929637392,0.09082446249460552,0.07002466532793594,True,False,False,False,-1.0,0
2023-03-01,2022-23,L282237,-1,159.5,False,1.616712277793378,0.6584532646781179,0.6501356369756495,L275806,-1,153.5,False,1.5557349293264169,0.6791522774011202,0.6724589426972274,2.5151757612340315,0.44719003426834636,0.4371895230504337,0.12476153485716068,0.09960849144191775,True,True,False,False,1.5151757612340315,1
2023-03-02,2022-23,L277379,1,131.5,False,1.7327635345033263,0.6353204348943148,0.6253605147420483,L282479,-1,138.5,False,1.4491986353226383,0.7291908924859977,0.7223814061114509,2.511118549539052,0.4632698749351776,0.4517488079659416,0.1633255763923609,0.13439481141543097,True,True,False,False,1.5111185495390518,1
2023-03-03,2022-23,L282250,-1,145.5,False,1.5855357796276668,0.6771853681336656,0.6686546034881471,L273799,-1,163.5,False,1.5855357796276668,0.6705516603558661,0.6629132835737942,2.513923708479513,0.4540877729707279,0.443260018775061,0.14154201820177548,0.11432187021969997,False,False,False,False,-1.0,0
2023-03-04,2022-23,L277409,1,131.5,False,1.588612119380591,0.6868090865328794,0.6768131542759904,L282730,-1,136.5,False,1.5855357796276668,0.6795022751701978,0.6712556258521906,2.5188013552280655,0.46668833690665684,0.4543146374585252,0.17549521546961921,0.1443283245304805,True,False,False,False,-1.0,0
2023-03-05,2022-23,L282872,-1,147.5,False,1.5855357796276668,0.7042357824011254,0.693688210742464,L282506,-1,166.5,False,1.5855357796276668,0.6639457110646334,0.6562056726119159,2.513923708479513,0.46757432730347365,0.45520213891321504,0.17544618688456204,0.14434344916451614,True,True,False,False,1.513923708479513,1
2023-03-06,2022-23,L282971,-1,151.5,False,1.4868888774443543,0.726436110067371,0.7180343199077339,L282972,-1,161.5,False,1.6834268171565228,0.6401484006988073,0.6317287092440944,2.5030686104215842,0.46502691406949026,0.4536028941082739,0.1639942716085565,0.13539916583880607,True,True,False,False,1.5030686104215842,1
2023-03-07,2022-23,L282995,-1,144.5,False,1.7375220196672205,0.6322977719635676,0.6228357875904419,L283028,-1,158.5,False,1.4491986353226383,0.712885976206327,0.7074619868457604,2.51801453974477,0.45075621441933345,0.44063264376737804,0.13501070178819274,0.10951940369243562,False,True,False,False,-1.0,0
2023-03-08,2022-23,L283070,-1,134.5,False,1.4254762682167035,0.7440350135662014,0.7371850780167061,L282598,-1,159.5,False,1.756370006931524,0.600438012861078,0.5936602661911208,2.5036637630884946,0.44674690504475517,0.43763748964751986,0.11850403743249016,0.09569712419951171,True,True,False,False,1.5036637630884946,1
2023-03-09,2022-23,L282735,-1,165.5,False,1.4254762682167035,0.7416955637723439,0.7341137259929845,L283104,-1,156.5,False,1.756370006931524,0.6125375500106194,0.604469936828251,2.5036637630884946,0.45431638348685666,0.4437496775757313,0.13745546631345906,0.11099998762856167,False,True,False,False,-1.0,0
2023-03-10,2022-23,L283128,-1,164.5,False,1.756370006931524,0.6375976986868431,0.6266335545917661,L283137,-1,140.5,False,1.4254762682167035,0.7243276822571159,0.7190339400869787,2.5036637630884946,0.461829663302312,0.4505707937488264,0.1562661927293587,0.1280777690149566,True,False,False,False,-1.0,0
2023-03-11,2022-23,L282908,1,141.5,False,1.5567262608756232,0.671691292379098,0.663953811181686,L283197,-1,150.5,False,1.616712277793378,0.6560938262882927,0.6484574522391064,2.516778459120997,0.4406925101015307,0.43054579680332083,0.10912541651949503,0.08358838705968386,True,True,False,False,1.5167784591209972,1
2023-03-12,2022-23,L283260,-1,136.5,True,1.9090909090909092,0.5409786866557758,0.5385228433028417,L283259,-1,125.5,True,1.9090909090909092,0.5356806810545098,0.533816278990626,3.6446280991735542,0.2897918313037402,0.2874722603633749,,,True,True,False,False,2.6446280991735542,1
2023-03-14,2022-23,L283324,-1,165.5,False,1.6009484916349137,0.6719236279207931,0.663609935485673,L283326,-1,142.5,False,1.5704669465175531,0.6732960586220422,0.6662484403530536,2.5142366891897656,0.4524035303740936,0.44212908452012023,0.13744955438552253,0.1116171656583691,False,True,False,False,-1.0,0
2023-03-15,2022-23,L283334,-1,130.5,False,1.5557349293264169,0.6894126748200127,0.6826585873691658,L283294,1,130.5,False,1.6220841037345481,0.6477368359594645,0.6398682366126447,2.5235328984849716,0.4465579846582662,0.4368115465083872,0.12690376536628212,0.10230830805201307,True,True,False,False,1.5235328984849716,1
2023-03-16,2022-23,L283295,-1,157.5,False,1.7010586811638633,0.619250871523393,0.6121681301926057,L283298,-1,146.5,False,1.4740365819211156,0.7015168491047854,0.6960241730699348,2.5074227240300218,0.4344149201964829,0.4260838165970766,0.08926184255834979,0.06837224407695008,True,True,False,False,1.5074227240300218,1
2023-03-17,2022-23,L283310,-1,160.5,False,1.616712277793378,0.6665819500802003,0.6580857197836252,L283322,-1,149.5,False,1.5557349293264169,0.6850238587671599,0.6776977929025284,2.5151757612340315,0.4566245396284771,0.44598323983803456,0.14849097405819411,0.12172623475724831,True,True,False,False,1.5151757612340315,1
2023-03-18,2022-23,L283340,-1,166.5,False,1.756370006931524,0.6067876614729983,0.5991321357808845,L283339,-1,160.5,False,1.4254762682167035,0.7060374778550993,0.7014165281426661,2.5036637630884946,0.42841483009998954,0.4202411825781284,0.07260668569105788,0.0521426205783162,True,True,False,False,1.5036637630884946,1
2023-03-19,2022-23,L283345,-1,140.5,False,1.616712277793378,0.6869251977921373,0.6765477863774277,L283458,-1,123.5,False,1.5557349293264169,0.6949898207848026,0.6871599897522329,2.5151757612340315,0.47740602010612265,0.46489656995400913,0.20076005003812636,0.16929658422916494,False,False,False,False,-1.0,0
2023-03-20,2022-23,L283656,-1,164.5,False,1.7010586811638633,0.6297290347936265,0.6214765406684792,L283657,-1,134.5,False,1.4740365819211156,0.709961694328423,0.7039872244779761,2.5074227240300218,0.44708349250988555,0.43751154494337674,0.12102730865799294,0.09702638981650513,True,True,False,False,1.5074227240300218,1
2023-03-21,2022-23,L283688,-1,131.5,False,1.6328344677362412,0.6697362917608515,0.6608455768815229,L283660,-1,129.5,False,1.5557349293264169,0.6806691005826653,0.674161202218724,2.5402576152653786,0.4558687993404283,0.4455164485913737,0.1580241890864078,0.13172655126022348,True,True,False,False,1.5402576152653786,1
2023-03-22,2022-23,L283668,-1,151.0,True,1.9090909090909092,0.5030380106736382,0.5020634767565547,L283661,-1,153.5,True,1.8695652173913042,0.5208980143572356,0.5192579132238602,3.569169960474308,0.262031500906112,0.26070043324652464,,,True,True,False,False,2.569169960474308,1
2023-03-23,2022-23,L283663,-1,144.5,False,1.5557349293264169,0.6482820668462528,0.6445234881375023,L283669,-1,148.5,False,1.6834268171565228,0.5958616081380297,0.5924987567483153,2.6189659004151977,0.38628639487805383,0.38187936541655765,0.011670895979942975,0.00012903609815917427,False,False,False,False,-1.0,0
2023-03-24,2022-23,L283621,1,133.5,False,1.7327635345033263,0.6086020044521384,0.6010788058328185,L283665,1,133.5,False,1.4436827257346059,0.7008984960264756,0.6952230532204169,2.501560782545292,0.4265682295992022,0.4178838426171742,0.06708635424513987,0.04536183235045188,True,True,False,False,1.5015607825452921,1
2023-03-25,2022-23,L283787,-1,160.5,False,1.4491986353226383,0.7169135865685321,0.710455083550667,L283786,1,142.5,False,1.7327635345033263,0.5648083275712629,0.5619739286589721,2.511118549539052,0.4049187638428884,0.3992572344387066,0.016799018942299737,0.002582247436697882,True,True,False,False,1.5111185495390518,1
2023-03-26,2022-23,L283819,1,133.0,True,1.925925925925926,0.5195390917813217,0.5167176954145737,L283852,-1,150.0,True,1.9090909090909092,0.509467101465475,0.5078305291829346,3.6767676767676774,0.2646880751878354,0.26240502070056937,,,False,False,False,False,-1.0,0
2023-03-28,2022-23,L283720,-1,116.0,True,1.9090909090909092,0.4989954249264713,0.4982739781872873,L283753,1,151.5,True,1.9090909090909092,0.5128297553279317,0.51144397902349,3.6446280991735542,0.2558997016747996,0.2548392260479699,,,True,True,False,False,2.6446280991735542,1
2023-04-01,2022-23,L283885,1,129.5,False,1.7327635345033263,0.5886513395769594,0.5835013649637635,L283886,-1,156.5,False,1.4491986353226383,0.6863972025170851,0.6827810453907012,2.511118549539052,0.4040486327435596,0.3984036719568595,0.014614016598244461,0.0004388508553412329,True,True,False,False,1.5111185495390518,1
2023-11-16,2023-24,L294788,1,132.5,False,1.6472977206485244,0.6904056393227489,0.6782404230475783,L292900,-1,132.5,False,1.5474913041511573,0.713650053933849,0.706027053212402,2.549178898051614,0.4927080217389132,0.47885608725381457,0.25600089191759334,0.22068983283098653,True,True,False,False,1.549178898051614,1
2023-11-17,2023-24,L292906,1,131.5,False,1.6472977206485244,0.7273959260914395,0.7129268581405104,L292907,-1,146.5,False,1.5331943092998248,0.7168297132726237,0.7096551117549368,2.5256274910208902,0.5214190131358012,0.5059321891867998,0.316910193916762,0.27779624560256355,True,True,False,False,1.5256274910208902,1
2023-11-18,2023-24,L294792,1,131.5,False,1.7224532897933247,0.657527314119151,0.6460537115006326,L293001,-1,148.5,False,1.4539468735257157,0.7400494678714271,0.7334112485958894,2.504355575489088,0.4866027389248064,0.47382305921168744,0.21862628227460013,0.1866214201320857,True,True,False,False,1.5043555754890878,1
2023-11-19,2023-24,L293009,1,144.5,False,1.612366425673126,0.6994799716975806,0.6882017811655413,L301755,-1,136.5,False,1.5621171562101654,0.7101553258312436,0.7015772744593634,2.518705255641253,0.4967394272133244,0.4828267299081997,0.25114020600642584,0.21609822218386232,True,True,False,False,1.5187052556412528,1
2023-11-20,2023-24,L301781,-1,149.5,False,1.624049385268904,0.7073845385212296,0.6963052883404702,L293065,-1,132.5,False,1.5621171562101654,0.7144826738452353,0.7052355760018839,2.536955407261128,0.505413996519426,0.4910592610959494,0.2822127713754148,0.24579544772302264,True,True,False,False,1.5369554072611278,1
2023-11-21,2023-24,L293090,1,136.5,False,1.7628404958138189,0.6730783313499806,0.6584951453848822,L301803,-1,165.5,False,1.4182403412321243,0.7506298423931717,0.7428788595415534,2.5001315063207974,0.5052326817794949,0.4891821226171707,0.2631481457398648,0.22301963708407224,True,True,False,False,1.5001315063207974,1
2023-11-22,2023-24,L293128,1,131.5,False,1.7628404958138189,0.6440431378681631,0.6326232412436102,L294797,-1,151.5,False,1.4298684613904653,0.7619211888437231,0.7541608584330651,2.52063002742611,0.4907101132711527,0.4770996866809892,0.23689864627293544,0.2025917963236903,False,True,False,False,-1.0,0
2023-11-23,2023-24,L301838,-1,158.5,False,1.6918202619775498,0.6698656542741098,0.659141079505134,L293138,-1,148.5,False,1.5055598649613613,0.6921545393229914,0.6867696292407367,2.547136685161815,0.46365055334239075,0.45267807478907984,0.18098133351397827,0.15303293086368885,False,False,False,False,-1.0,0
2023-11-24,2023-24,L293156,1,143.5,True,1.8695652173913042,0.7055691049853753,0.6885263679693391,L293142,1,133.5,False,1.4104427958213115,0.7961620365569299,0.7851455131161901,2.636914792187669,0.5617473355568067,0.5405933884733134,0.4812798586017535,0.42549870262413525,True,True,False,False,1.6369147921876692,1
2023-11-25,2023-24,L294752,1,142.5,False,1.6472977206485244,0.6800902081424963,0.6686959307985681,L293185,1,123.5,False,1.5474136262462153,0.707645468433275,0.6984033623599657,2.5490509394158583,0.4812627539178803,0.46701948646614694,0.22676327498023574,0.19045646070204358,False,True,False,False,-1.0,0
2023-11-26,2023-24,L296000,1,142.5,False,1.68396673857181,0.6537228777354923,0.6433326267409661,L293239,1,127.5,False,1.4885317549607708,0.7293687127279673,0.7207997595269684,2.506637964661862,0.4768050138147584,0.4637140026507413,0.19517754936919696,0.16236312378965945,False,True,False,False,-1.0,0
2023-11-27,2023-24,L293253,1,145.5,False,1.6472977206485244,0.6606314351020495,0.6512142107676906,L294930,-1,150.5,False,1.5192193838036727,0.71316416623642,0.7053535327203615,2.502606628104846,0.4711386666041227,0.45933624412269264,0.17907474979995675,0.1495379290702361,True,True,False,False,1.502606628104846,1
2023-11-28,2023-24,L293264,1,119.5,False,1.7029777064138392,0.7005221068378332,0.6864636560364448,L293265,1,133.5,False,1.474696718098383,0.7499810780654768,0.7401459752201299,2.5113756346432003,0.5253783248949373,0.5080833121502702,0.3194223241108045,0.2759880505030041,True,True,False,False,1.5113756346432003,1
2023-11-29,2023-24,L294831,1,130.5,False,1.7224532897933247,0.6641434716153306,0.652212140867752,L293299,-1,148.5,False,1.4539468735257157,0.7354871281544975,0.7282509237822582,2.504355575489088,0.4884689746209175,0.47497409408894475,0.22330000004533246,0.18950402074452732,False,True,False,False,-1.0,0
2023-11-30,2023-24,L293325,1,136.5,False,1.612366425673126,0.6885589592937337,0.6778520497372658,L298082,-1,151.5,False,1.5621171562101654,0.690235598568379,0.6827989503051508,2.518705255641253,0.4752679054177304,0.46283666802279994,0.19705977121324736,0.16574914825251197,True,True,False,False,1.5187052556412528,1
2023-12-01,2023-24,L293358,1,145.5,False,1.7628404958138189,0.6660458956406038,0.6519675428806153,L294881,-1,131.5,False,1.4298684613904653,0.7419147453667702,0.7366384530014859,2.52063002742611,0.4941492710667809,0.4802643621947564,0.2455674906816523,0.21056877245075212,False,False,False,False,-1.0,0
2023-12-02,2023-24,L294897,1,129.5,False,1.612366425673126,0.6988060505153968,0.687059809161663,L293411,1,119.5,False,1.5790962384482952,0.7038594088660566,0.6932611604244052,2.546081757780756,0.49186121362779084,0.47631188058038487,0.25231886337762166,0.21272899015996383,True,False,False,False,-1.0,0
2023-12-03,2023-24,L293419,1,135.5,False,1.7224532897933247,0.6413478632813678,0.6314280817275489,L294908,-1,156.5,False,1.4539468735257157,0.7348366287376595,0.7280253391118721,2.504355575489088,0.47128590170178175,0.45969564332445767,0.18026747557625944,0.1512413473876486,True,True,False,False,1.5043555754890878,1
2023-12-04,2023-24,L293434,-1,168.5,False,1.674303508154255,0.6309756683239164,0.6248896314428571,L293433,-1,152.5,False,1.5055598649613613,0.6617589892451915,0.6590455217478344,2.520764163641054,0.4175538205083441,0.4118307131890697,0.05255470712884258,0.03812810329374394,True,True,False,False,1.5207641636410538,1
2023-12-05,2023-24,L293451,1,122.5,False,1.612366425673126,0.6855985146196284,0.6751384704259563,L293445,1,118.5,False,1.5630609638701323,0.6978825478068204,0.6890121797084514,2.5202270194244765,0.47846723815531783,0.465178629113218,0.20584606150843787,0.1723557499499695,True,True,False,False,1.5202270194244765,1
2023-12-06,2023-24,L293504,1,118.5,False,1.7224532897933247,0.6640202342428111,0.6520015969673651,L293477,-1,142.5,False,1.4539468735257157,0.7384608836934778,0.7311073949388927,2.504355575489088,0.4903529689692964,0.47668318905480817,0.22801819179588545,0.19378420225132786,True,True,False,False,1.5043555754890878,1
2023-12-07,2023-24,L294968,1,143.5,False,1.7224532897933247,0.6187537553559738,0.6105926017413249,L293516,1,124.5,False,1.4611998738049616,0.7098743596399578,0.7037874429015584,2.516848529680947,0.439237425858141,0.42972740583413666,0.1054940694519062,0.08155878953725448,True,True,False,False,1.516848529680947,1
2023-12-08,2023-24,L293524,1,129.5,False,1.7224532897933247,0.6330110873394854,0.623981651235137,L294971,1,133.5,False,1.4611998738049616,0.683485633824976,0.679626533002949,2.516848529680947,0.4326539842484654,0.42407448628639144,0.08892454411635375,0.06733124728510731,True,True,False,False,1.516848529680947,1
2023-12-09,2023-24,L294977,1,135.5,False,1.612366425673126,0.7235897871265863,0.7094924994128219,L293548,1,138.5,False,1.5790962384482952,0.7199930838228855,0.7076895894416252,2.546081757780756,0.5209796422560161,0.5021004556213724,0.32645676332318696,0.2783888106309822,True,False,False,False,-1.0,0
2023-12-10,2023-24,L293595,1,120.5,False,1.7224532897933247,0.6455697388646565,0.635176856012796,L293599,1,132.5,False,1.4611998738049616,0.7344697042613545,0.7255738069955752,2.516848529680947,0.4741514151840041,0.4608676895326847,0.19336729215200088,0.1599341667777927,True,True,False,False,1.516848529680947,1
2023-12-11,2023-24,L298086,1,135.5,False,1.4611998738049616,0.7589138546295072,0.7494584057567364,L293617,1,143.5,False,1.7224532897933247,0.6373644377166853,0.6278175371246996,2.516848529680947,0.4837047022313381,0.470523130479598,0.2174114686107036,0.18423544912845258,False,True,False,False,-1.0,0
2023-12-12,2023-24,L295980,1,148.5,False,1.7029777064138392,0.6848664408112517,0.6712903039376993,L295018,1,136.5,False,1.474696718098383,0.7283432531979745,0.7192375139890435,2.5113756346432003,0.49881785150658514,0.48281716936910024,0.25271899839870793,0.2125352751409575,False,True,False,False,-1.0,0
2023-12-13,2023-24,L295019,1,126.5,False,1.7224532897933247,0.6499245685346974,0.6389877511562914,L293642,-1,148.5,False,1.4539468735257157,0.7260422070558552,0.7197582024870012,2.504355575489088,0.4718726681587561,0.45991667518346346,0.18173694742429292,0.15179488975611077,False,True,False,False,-1.0,0
2023-12-14,2023-24,L293655,-1,160.5,False,1.5474913041511573,0.6771132733332231,0.6711365232139431,L295116,-1,178.5,False,1.6404258611796803,0.6349228313262,0.6287858618258664,2.538544755280229,0.42991467663328115,0.4220011571518948,0.09135764758541143,0.07126882421013003,True,False,False,False,-1.0,0
2023-12-15,2023-24,L295981,-1,158.5,False,1.6918202619775498,0.6159120694645102,0.6107057948647355,L293665,-1,146.5,False,1.479161010479108,0.6940897944184978,0.6898304230932146,2.502474568255742,0.4274982816744934,0.42128343685701847,0.06980357786344915,0.05425108676206225,True,True,False,False,1.5024745682557419,1
2023-12-16,2023-24,L293678,1,138.5,True,1.8333333333333335,0.6384537908125762,0.6281537798390465,L295921,1,125.5,False,1.4104427958213115,0.759573684883372,0.7504241883639028,2.5858117923390713,0.48495269851526607,0.47138179040343414,0.2539964065474296,0.21890459231910464,True,True,False,False,1.5858117923390713,1
2023-12-17,2023-24,L295059,1,139.5,False,1.7224532897933247,0.6479266316979584,0.637171912240899,L293247,1,139.5,False,1.4611998738049616,0.7300229178494666,0.7215541966202941,2.516848529680947,0.47300129022452025,0.4597540672459984,0.1904726018387748,0.1571313481629264,True,False,False,False,-1.0,0
2023-12-18,2023-24,L295067,1,128.5,False,1.4611998738049616,0.7248399535345991,0.7170045818592905,L293760,1,140.5,False,1.7224532897933247,0.639597873505943,0.6298909101477062,2.516848529680947,0.4636060929128761,0.45163466864742396,0.16682631329890074,0.13669605173821076,True,True,False,False,1.516848529680947,1
2023-12-19,2023-24,L293781,1,115.5,False,1.5790962384482952,0.7243156684196324,0.7125783983809189,L293766,1,141.5,False,1.612366425673126,0.6942772940382637,0.6834338597233015,2.546081757780756,0.5028759222998985,0.48700020516091974,0.28036321219494464,0.23994233839570356,False,False,False,False,-1.0,0
2023-12-20,2023-24,L293793,-1,157.5,False,1.7467787608176955,0.6545674565179899,0.6436295548118509,L293810,1,136.5,False,1.4351901203874042,0.7299680014842099,0.7220677661984253,2.506959620028109,0.47781329807103956,0.4647441549022801,0.19785864417655064,0.16509482998410485,True,False,False,False,-1.0,0
2023-12-21,2023-24,L293849,1,143.5,False,1.7224532897933247,0.6601966502161196,0.6481384042989682,L293853,1,144.5,False,1.4611998738049616,0.726082381927006,0.7169925185865136,2.516848529680947,0.47935715632915055,0.4647103868909612,0.2064693540990623,0.16960565397397986,False,True,False,False,-1.0,0
2023-12-22,2023-24,L295413,1,130.5,False,1.7224532897933247,0.7246554178434674,0.7072400920837724,L293864,1,136.5,False,1.4611998738049616,0.7344457560433247,0.7258870810392424,2.516848529680947,0.5322200962289368,0.5133764460366145,0.3395173666604516,0.2920907533800836,True,False,False,False,-1.0,0
2023-12-23,2023-24,L293878,1,126.5,False,1.7224532897933247,0.6235419589745823,0.6155627564440954,L295220,-1,147.5,False,1.4539468735257157,0.7146269848485493,0.7095275887086754,2.504355575489088,0.44559991006856353,0.43675875827864463,0.11594061921764331,0.09379923143881475,True,False,False,False,-1.0,0
2023-12-24,2023-24,L302079,-1,158.5,False,1.624049385268904,0.6571328410429065,0.6499611213549035,L302076,-1,154.5,False,1.5621171562101654,0.65919535544289,0.6547630293433324,2.536955407261128,0.43317891672447484,0.42557051277372593,0.0989555950956742,0.07965341355219491,True,True,False,False,1.5369554072611278,1
2023-12-27,2023-24,L293906,1,129.5,False,1.7224532897933247,0.6183998598412448,0.6113578064202573,L295172,-1,138.5,False,1.4539468735257157,0.675818573165909,0.6733088883662627,2.504355575489088,0.41792611092390813,0.41163264503486025,0.04663558603476048,0.03087450964637295,False,True,False,False,-1.0,0
2023-12-28,2023-24,L293914,1,125.5,False,1.7837737545416157,0.6440290536298348,0.632058166997521,L293910,1,131.5,False,1.4104427958213115,0.7546174625433387,0.7465471756846903,2.5159108414683544,0.4859955702543337,0.47186123944044167,0.22272152410847346,0.18716080797690204,True,True,False,False,1.5159108414683544,1
2023-12-29,2023-24,L293948,1,139.5,False,1.6472977206485244,0.6788647445398124,0.6675396123852585,L293930,1,131.5,False,1.5474136262462153,0.7204377128260211,0.709904280476835,2.5490509394158583,0.48907976387448354,0.47388922822014223,0.24668923155353806,0.2079677823736097,True,True,False,False,1.5490509394158583,1
2023-12-30,2023-24,L293993,1,122.5,False,1.612366425673126,0.7138401458588728,0.7009756050243101,L295210,1,121.5,False,1.5790962384482952,0.7323102745245123,0.7202638865937315,2.546081757780756,0.522752473180529,0.504887413682202,0.3309705357997188,0.28548463370936084,True,True,False,False,1.546081757780756,1
2023-12-31,2023-24,L294027,1,128.5,False,1.5474136262462153,0.6970203214687005,0.6883550848007588,L294022,-1,143.5,False,1.624049385268904,0.6577532802696182,0.6510156500749837,2.5130761484618915,0.45846740286062154,0.44812993301398657,0.15216349497629733,0.12618464606927482,True,True,False,False,1.5130761484618915,1
2024-01-01,2023-24,L294035,1,143.5,False,1.474696718098383,0.6941923416338569,0.6883755161920697,L295436,1,136.5,False,1.7029777064138392,0.6359432163477086,0.6273370224180863,2.5113756346432003,0.4414669105025823,0.43184344663344615,0.10868924253739531,0.08452110985557781,False,True,False,False,-1.0,0
2024-01-02,2023-24,L295225,1,129.5,False,1.4885317549607708,0.7220359421767136,0.7136445179750709,L294040,1,138.5,False,1.68396673857181,0.6451209401065024,0.6361776066386312,2.506637964661862,0.46580050580772575,0.45400466143616025,0.16759323181634334,0.13802532048933447,False,True,False,False,-1.0,0
2024-01-03,2023-24,L294059,1,139.5,False,1.68396673857181,0.669422171557438,0.6577819727472202,L295456,1,125.5,False,1.4885317549607708,0.7249521230248733,0.7160797622363736,2.506637964661862,0.4852990244704857,0.4710243586482022,0.2164689589510853,0.18068753966808826,True,True,False,False,1.506637964661862,1
2024-01-04,2023-24,L294077,1,147.5,False,1.7224532897933247,0.6710120267505025,0.6579790058174858,L295229,1,125.5,False,1.4611998738049616,0.7617891315912335,0.7513898056685347,2.516848529680947,0.5111696691455389,0.4943987173151764,0.2865366302064458,0.24432668475084784,True,True,False,False,1.516848529680947,1
2024-01-05,2023-24,L294112,1,136.5,False,1.7224532897933247,0.63527722698523,0.6259181467022786,L294110,-1,164.5,False,1.4539468735257157,0.6977762753076071,0.6938053663163056,2.504355575489088,0.4432813772334991,0.4342653690567976,0.11013418858519519,0.08755489823921736,True,True,False,False,1.5043555754890878,1
2024-01-06,2023-24,L294165,1,130.5,True,1.8695652173913042,0.6947733963261872,0.6812694807134934,L295495,1,131.5,False,1.4104427958213115,0.7866157786918347,0.7757625425517769,2.636914792187669,0.5465197161654944,0.5285033445212284,0.44112592377899884,0.39361828688868306,False,False,False,False,-1.0,0
2024-01-07,2023-24,L296058,1,145.5,False,1.7224532897933247,0.6282933987609564,0.6192636254126942,L294169,-1,153.5,False,1.4539468735257157,0.7179676198372665,0.7122905953417352,2.504355575489088,0.4510943160678704,0.44109565641868925,0.1297005655160084,0.10466036647616361,False,False,False,False,-1.0,0
2024-01-08,2023-24,L294173,1,142.5,False,1.7628404958138189,0.6116185057360013,0.603091607755329,L294176,1,123.5,False,1.422662288011444,0.7291592174110555,0.7229026862479363,2.5079266931737156,0.44596727099658184,0.4359765432999141,0.11845322321416396,0.09339721053946093,True,False,False,False,-1.0,0
2024-01-09,2023-24,L296092,1,136.5,False,1.612366425673126,0.6850970796115751,0.6748218606702392,L294184,1,131.5,False,1.5790962384482952,0.6905722788980233,0.6812261059965188,2.546081757780756,0.4731090515337459,0.4597062683857124,0.20457432555102595,0.17044974387432665,True,True,False,False,1.546081757780756,1
2024-01-10,2023-24,L295536,1,141.5,False,1.7224532897933247,0.6419817463433768,0.6319542101370758,L295538,1,123.5,False,1.4611998738049616,0.7352256122857245,0.726787704068245,2.516848529680947,0.47200142253156785,0.45929654946178655,0.187956086305892,0.15597984520042996,True,True,False,False,1.516848529680947,1
2024-01-11,2023-24,L294197,1,120.5,False,1.4104427958213115,0.7685790688298743,0.7594190049059883,L294202,1,133.5,False,1.7837737545416157,0.6242951608025573,0.61406564816992,2.5159108414683544,0.4798201933646261,0.46633312348015143,0.20718482644150504,0.17325256109951392,False,True,False,False,-1.0,0
2024-01-12,2023-24,L295565,1,139.5,False,1.7224532897933247,0.6471200250388501,0.6364781483291385,L295563,1,129.5,False,1.4611998738049616,0.702362088959771,0.6968042850985195,2.516848529680947,0.45451257259398614,0.4435007011273148,0.1439393000546787,0.11622408754475133,False,True,False,False,-1.0,0
2024-01-13,2023-24,L294285,1,144.5,False,1.7224532897933247,0.6581650804391589,0.646351897933288,L294264,1,125.5,False,1.4611998738049616,0.7504746037521667,0.7408362906044209,2.516848529680947,0.4939361779460907,0.47884094249002435,0.24316254321984498,0.20517012205705654,False,False,False,False,-1.0,0
2024-01-14,2023-24,L296137,1,151.5,False,1.7837737545416157,0.6299549220658781,0.6188379574165992,L295255,1,120.5,False,1.4104427958213115,0.7373187421728323,0.7304616334080233,2.5159108414683544,0.46447757076319784,0.4520373851894138,0.16858415590201425,0.13728575814705257,True,True,False,False,1.5159108414683544,1
2024-01-15,2023-24,L296143,1,121.5,False,1.4885317549607708,0.7260010708625046,0.7178444684758821,L294314,1,132.5,False,1.68396673857181,0.6738188825937831,0.662218579432019,2.506637964661862,0.4891932303304628,0.4753699441672314,0.22623032320191272,0.191580349308772,True,True,False,False,1.506637964661862,1
2024-01-16,2023-24,L296144,1,134.5,False,1.612366425673126,0.6904989562208681,0.6799564759022061,L296152,1,134.5,False,1.5630609638701323,0.6798680078695984,0.6721583221674253,2.5202270194244765,0.4694481498019187,0.45703840398930223,0.18311591134962435,0.15184053464847858,True,True,False,False,1.5202270194244765,1
2024-01-17,2023-24,L295646,1,124.5,False,1.5790962384482952,0.6924148782279275,0.6829862899111315,L296160,1,137.5,False,1.612366425673126,0.6762688017176144,0.666837070718815,2.546081757780756,0.4682585799906484,0.4554405769054503,0.19222462843851051,0.1595889446121106,True,True,False,False,1.546081757780756,1
2024-01-18,2023-24,L294380,1,133.5,False,1.4611998738049616,0.7298444132788559,0.7218226214475598,L294373,1,137.5,False,1.7224532897933247,0.6338786954879928,0.6247626475359571,2.516848529680947,0.46263282459840066,0.45096781202692243,0.16437674437262784,0.13501767463339331,True,True,False,False,1.516848529680947,1
2024-01-19,2023-24,L294384,1,140.5,True,1.8695652173913042,0.5852856110031869,0.5809966809917883,L294382,1,117.5,False,1.422662288011444,0.7242075040201136,0.7183320503697288,2.659759929760525,0.4238682314835051,0.4173485371148385,0.1273877375982857,0.11004691576222081,False,True,False,False,-1.0,0
2024-01-20,2023-24,L294451,1,133.5,False,1.7224532897933247,0.6938614001182277,0.6791467948406106,L294406,1,126.5,False,1.4611998738049616,0.7642446272537688,0.7532360900076247,2.516848529680947,0.5302798470991331,0.5115578762869519,0.3346340534908905,0.28751368877952266,True,True,False,False,1.516848529680947,1
2024-01-21,2023-24,L295760,1,139.5,False,1.612366425673126,0.6765179059558915,0.6672408353024549,L294456,1,128.5,False,1.5790962384482952,0.6786831480992528,0.6703199604288088,2.546081757780756,0.45914130215965865,0.44726485031642693,0.16901129367240908,0.13877287628719492,True,False,False,False,-1.0,0
2024-01-22,2023-24,L298036,1,142.5,False,1.7628404958138189,0.5926712150406704,0.5863081732703976,L295769,-1,158.5,False,1.4298684613904653,0.712584506414538,0.7083352216145224,2.52063002742611,0.4223283252358606,0.41530272984789296,0.06453345802209065,0.04682453132663289,False,False,False,False,-1.0,0
2024-01-23,2023-24,L295778,1,145.5,False,1.7224532897933247,0.6529124658749241,0.6418416346262518,L295774,-1,150.5,False,1.4539468735257157,0.7214887459905404,0.7161278208928283,2.504355575489088,0.4710689962456905,0.4596406511631886,0.17972426718794332,0.15110362746196637,True,True,False,False,1.5043555754890878,1
2024-01-24,2023-24,L295811,1,141.5,False,1.612366425673126,0.7001031439360865,0.6883263338139418,L295804,1,118.5,False,1.5790962384482952,0.6975587845344796,0.6876906249161029,2.546081757780756,0.48836309813282436,0.4733555666467197,0.2434123753292774,0.20520197318318578,True,True,False,False,1.546081757780756,1
2024-01-25,2023-24,L294497,1,154.5,False,1.7224532897933247,0.6439017364110033,0.6334865292907509,L294486,1,129.5,False,1.4611998738049616,0.7360911610010789,0.7281004776047214,2.516848529680947,0.4739703767253861,0.4612418445327531,0.19291164577361242,0.16087585823958772,False,False,False,False,-1.0,0
2024-01-26,2023-24,L294581,1,136.5,True,1.8695652173913042,0.6219954639260962,0.6146018771473036,L295835,1,135.5,False,1.4351901203874042,0.7323480209953236,0.7247814844381044,2.6831815294199295,0.4555171470743447,0.4454520608572682,0.2222351953639432,0.19522874193426443,False,True,False,False,-1.0,0
2024-01-27,2023-24,L294597,1,125.5,False,1.7224532897933247,0.6864650209906004,0.6723906426836751,L294574,1,126.5,False,1.4611998738049616,0.7540998280938781,0.7435184100170693,2.516848529680947,0.5176631543214721,0.4999348215585215,0.30287974882399826,0.2582602205758715,True,True,False,False,1.516848529680947,1
2024-01-28,2023-24,L296262,1,142.5,False,1.68396673857181,0.6384410639749282,0.630089137264738,L296266,1,136.5,False,1.4885317549607708,0.6939523372602544,0.6874861199840169,2.506637964661862,0.443047668548325,0.4331775362222114,0.1105601061381567,0.08581925773328392,True,False,False,False,-1.0,0
2024-01-29,2023-24,L296298,1,130.5,False,1.7628404958138189,0.6449403259474524,0.6332512463270895,L294605,1,129.5,False,1.422662288011444,0.7299320553092369,0.7227300331345278,2.5079266931737156,0.4707626176706331,0.4576696942404584,0.18063813500451298,0.14780204284229836,False,False,False,False,-1.0,0
2024-01-30,2023-24,L294617,1,134.5,False,1.68396673857181,0.6303580419170143,0.622940431858073,L294610,1,146.5,False,1.4885317549607708,0.691069140413081,0.6851839574920888,2.506637964661862,0.43562099018006395,0.42682879038234534,0.09194411218894016,0.06990525038308681,False,True,False,False,-1.0,0
2024-01-31,2023-24,L296333,1,134.5,False,1.7224532897933247,0.6557455285515622,0.6443214833565766,L296327,1,108.5,False,1.4611998738049616,0.7555967928098322,0.7463410127534439,2.516848529680947,0.4954792182729486,0.4808835484271486,0.2470461419977359,0.21031105180662535,True,True,False,False,1.516848529680947,1
2024-02-01,2023-24,L294651,1,137.5,False,1.68396673857181,0.6510164280137842,0.6413645918114023,L294655,1,125.5,False,1.4885317549607708,0.7148681194996348,0.7078390783475172,2.506637964661862,0.4653908896575833,0.4539829215525146,0.16656647242345768,0.13797082647164083,True,True,False,False,1.506637964661862,1
2024-02-02,2023-24,L296357,1,143.5,False,1.612366425673126,0.6961641682052975,0.6849722332921404,L294672,1,145.5,False,1.5790962384482952,0.6770392819228319,0.668465109600475,2.546081757780756,0.4713304885421202,0.4578800390009128,0.2000459587629837,0.1658000145521652,True,True,False,False,1.546081757780756,1
2024-02-03,2023-24,L296430,1,143.5,False,1.7224532897933247,0.6662088936760372,0.653846950582437,L296404,1,134.5,False,1.4611998738049616,0.7450460856253155,0.7353350391882867,2.516848529680947,0.49635632844210353,0.4807965730296781,0.24925369543734144,0.21009214790538344,True,True,False,False,1.516848529680947,1
2024-02-04,2023-24,L296509,1,149.5,False,1.612366425673126,0.6679265607667733,0.6587458961185135,L296513,1,130.5,False,1.5790962384482952,0.6856735895386736,0.6764686882766927,2.546081757780756,0.45797960246917446,0.44562097225494535,0.1660535112824475,0.13458742834284054,True,True,False,False,1.546081757780756,1
2024-02-05,2023-24,L296528,1,127.5,False,1.4611998738049616,0.7320415598524702,0.7238648891591125,L296529,1,126.5,False,1.7224532897933247,0.6344070467162025,0.6252698486854068,2.516848529680947,0.4644123240595278,0.4526108897131971,0.16885547497493425,0.13915305229224528,True,True,False,False,1.516848529680947,1
2024-02-06,2023-24,L296548,1,146.5,False,1.68396673857181,0.6535717843349376,0.6437207315647709,L296545,1,124.5,False,1.517248029378774,0.7070790740993214,0.6994660383655008,2.5549952156374798,0.462126932124989,0.4502607899213523,0.1807321005965734,0.1504141640382075,True,True,False,False,1.5549952156374798,1
2024-02-07,2023-24,L296606,1,154.5,True,1.8695652173913042,0.7020524700110657,0.6992741507016775,L296564,1,123.5,False,1.4104427958213115,0.7620549160692555,0.7533919832383021,2.636914792187669,0.5350025361104962,0.5268275392244162,0.41075610132768503,0.38919933111269267,True,True,False,False,1.6369147921876692,1
2024-02-08,2023-24,L296664,1,155.5,False,1.68396673857181,0.6742814577727483,0.6619044726789776,L296636,1,129.5,False,1.4885317549607708,0.740901935779999,0.7309809897716201,2.506637964661862,0.49957643732438883,0.4838395865731413,0.2522572640478302,0.21281067651053553,False,True,False,False,-1.0,0
2024-02-09,2023-24,L296726,-1,144.5,False,1.6918202619775498,0.604542508762165,0.6007573059100417,L296673,-1,141.5,False,1.479161010479108,0.6734811257334078,0.6706722029867247,2.502474568255742,0.40714796935484143,0.4029112258150574,0.018877438827458626,0.008275095866927318,True,True,False,False,1.5024745682557419,1
2024-02-10,2023-24,L296748,1,145.5,True,1.8695652173913042,0.6953762925237713,0.6913187885207049,L296690,1,124.5,False,1.4351901203874042,0.7624010667535118,0.75249692995534,2.6831815294199295,0.5301556272152254,0.5202152659822754,0.42250378666193034,0.3958319930059171,False,True,False,False,-1.0,0
2024-02-11,2023-24,L296822,1,127.5,False,1.6472977206485244,0.6496483222307903,0.6416165873954274,L296820,-1,153.5,False,1.5192193838036727,0.6763399270316304,0.6719514137047347,2.502606628104846,0.4393830988537938,0.43113517295676484,0.09960305546875103,0.07896174145072865,True,True,False,False,1.502606628104846,1
2024-02-12,2023-24,L296839,1,131.5,False,1.68396673857181,0.6500878335217593,0.640450575012975,L296830,1,132.5,False,1.4885317549607708,0.6958770323626692,0.6893454679148074,2.506637964661862,0.4523811923661988,0.4414917013086267,0.13395587128411468,0.10665985958335877,True,False,False,False,-1.0,0
2024-02-13,2023-24,L296849,1,141.5,False,1.68396673857181,0.6493251494195486,0.6398407354730674,L296852,1,130.5,False,1.4885317549607708,0.7013358884131622,0.6948767318294304,2.506637964661862,0.45539503053716834,0.4446104391568642,0.141510472462814,0.1144774062755789,True,False,False,False,-1.0,0
2024-02-14,2023-24,L296893,1,130.5,False,1.7224532897933247,0.6471475544671639,0.6366523169008926,L296881,1,119.5,False,1.4611998738049616,0.7376494043237225,0.7294004653378142,2.516848529680947,0.4773680080622572,0.46437449620590865,0.2014629692082146,0.1687602679971716,False,True,False,False,-1.0,0
2024-02-15,2023-24,L296954,1,139.5,False,1.7224532897933247,0.6761099101566499,0.6628364523291329,L296959,1,127.5,False,1.4611998738049616,0.7641839524816814,0.7538233455875509,2.516848529680947,0.5166723434555432,0.4996615920721302,0.30038602795289315,0.25757254334478197,True,True,False,False,1.516848529680947,1
2024-02-16,2023-24,L296974,1,131.5,False,1.5790962384482952,0.6870774314732454,0.6779506356636763,L296975,1,134.5,False,1.612366425673126,0.6600659957511341,0.652130186610527,2.546081757780756,0.45351644896351934,0.44211207454807866,0.15468995755952375,0.12565348790146857,True,True,False,False,1.546081757780756,1
2024-02-17,2023-24,L297081,1,139.5,True,1.8695652173913042,0.6617557441792206,0.6512360263559595,L297085,1,122.5,False,1.4351901203874042,0.7877732335690871,0.7762871700118362,2.6831815294199295,0.5213134624249822,0.5055461719096214,0.39877865341666285,0.35647215073684824,False,False,False,False,-1.0,0
2024-02-18,2023-24,L297128,1,127.5,False,1.5790962384482952,0.679841779518055,0.6716915136891601,L297126,1,135.5,False,1.595528360334637,0.6501798121248772,0.6439862378612151,2.5194928321420016,0.4420194004816912,0.4325600909039871,0.11366471118132582,0.08983204850328819,True,True,False,False,1.5194928321420016,1
2024-02-19,2023-24,L297148,1,124.5,False,1.7224532897933247,0.6556041312834913,0.6445018580422835,L297153,1,122.5,False,1.4611998738049616,0.7326384084318812,0.7248289262615922,2.516848529680947,0.48032076730490314,0.46715358973838955,0.20889461696656975,0.17575482546824195,True,False,False,False,-1.0,0
2024-02-20,2023-24,L297168,1,135.5,False,1.7424039832773655,0.6541365437236617,0.6422476352358876,L297170,1,133.5,False,1.4351901203874042,0.7386404932472213,0.7303888105607956,2.5006809825233347,0.48317173930707796,0.46909048638542367,0.20825837977793227,0.17304565838665042,False,True,False,False,-1.0,0
2024-02-21,2023-24,L297183,1,124.5,False,1.4611998738049616,0.7509559475122396,0.740923588341328,L297201,1,155.5,False,1.7224532897933247,0.6414807556543282,0.6311852110964438,2.516848529680947,0.48172378867326343,0.4676600115135557,0.21242580923463827,0.17702941236846748,True,False,False,False,-1.0,0
2024-02-22,2023-24,L297272,1,141.5,False,1.7837737545416157,0.6419076648027195,0.6298709084600044,L297258,1,140.5,False,1.4104427958213115,0.7657174999055845,0.7567312848440966,2.5159108414683544,0.49151993226297036,0.47664302184485746,0.2366203263781983,0.19919134616971457,True,False,False,False,-1.0,0
2024-02-23,2023-24,L297295,1,128.5,False,1.68396673857181,0.656405555829174,0.6462936125559419,L297286,1,128.5,False,1.4885317549607708,0.6899882072838877,0.6843291207957485,2.506637964661862,0.4529120927177556,0.44227753965631583,0.13528664626077935,0.10862967181976324,True,False,False,False,-1.0,0
2024-02-24,2023-24,L297374,1,144.5,True,1.8695652173913042,0.686366603137316,0.6780755835352741,L297356,1,145.5,False,1.4104427958213115,0.7863279169990841,0.7754973737539197,2.636914792187669,0.5397092213427027,0.5258458342382616,0.4231672292386617,0.38661065871313727,True,False,False,False,-1.0,0
2024-02-25,2023-24,L297328,1,117.5,False,1.4611998738049616,0.7522810884336532,0.742482866172704,L297434,1,140.5,False,1.7224532897933247,0.6483787203537409,0.637670626534664,2.516848529680947,0.48776304946493143,0.47345951446360124,0.2276257138785076,0.19162588284116988,False,False,False,False,-1.0,0
2024-02-26,2023-24,L297465,1,137.5,True,1.8695652173913042,0.5834725043788062,0.5774354692872259,L297468,1,128.5,False,1.4104427958213115,0.7280234949282572,0.722238038921664,2.636914792187669,0.42478169183240133,0.4170458609418168,0.12011312664336304,0.09971439973811846,True,False,False,False,-1.0,0
2024-02-27,2023-24,L297483,1,131.5,False,1.6654101023242012,0.6576244648766502,0.6481774991834371,L297499,1,129.5,False,1.5027128485248444,0.7122707285346205,0.704206667847737,2.502633158825653,0.4684066566998816,0.45645091687384753,0.1722500308717878,0.14232919994486282,True,True,False,False,1.502633158825653,1
2024-02-28,2023-24,L297545,1,145.5,True,1.8695652173913042,0.6582645793633833,0.6531683035026062,L297540,1,136.5,False,1.422662288011444,0.7674538298135442,0.7579924275817445,2.659759929760525,0.5051876724630302,0.49509662799139015,0.3436779282261524,0.3168381724910527,True,True,False,False,1.6597599297605252,1
2024-02-29,2023-24,L297570,1,140.5,False,1.7837737545416157,0.6288592312935161,0.6181731455905504,L298202,1,131.5,False,1.4104427958213115,0.75607934760727,0.7476490835694628,2.5159108414683544,0.47546747733321093,0.46217658578802706,0.1962337809882344,0.162795082856926,True,True,False,False,1.5159108414683544,1
2024-03-01,2023-24,L297624,1,127.5,False,1.4611998738049616,0.7246955371330398,0.7172242894234634,L297614,1,148.5,False,1.7224532897933247,0.6137045188695859,0.6063419620607359,2.516848529680947,0.4447489259431683,0.4348831828866399,0.11936568033724337,0.09453509943120997,True,True,False,False,1.516848529680947,1
2024-03-02,2023-24,L297649,1,143.5,False,1.7224532897933247,0.6534344689889992,0.6422644502774503,L297752,1,124.5,False,1.4611998738049616,0.7389567699005263,0.7300699346256185,2.516848529680947,0.4828598245457764,0.46889796522641697,0.21528503945003719,0.18014515435049527,True,True,False,False,1.516848529680947,1
2024-03-03,2023-24,L297770,1,133.5,False,1.6472977206485244,0.6690103314751622,0.6591046963921661,L297766,1,140.5,False,1.5474136262462153,0.6698296390373799,0.663327655523163,2.5490509394158583,0.4481229488442858,0.43720237300212167,0.14228822372533134,0.1144511196159006,False,False,False,False,-1.0,0
2024-03-04,2023-24,L297787,-1,147.5,False,1.6918202619775498,0.6268274704255904,0.6208999714612362,L297987,-1,152.5,False,1.479161010479108,0.6996617871421303,0.6951899046265169,2.502474568255742,0.4385672281877494,0.43164339194274387,0.09750333501025565,0.08017661089236161,False,False,False,False,-1.0,0
2024-03-05,2023-24,L297806,1,132.5,False,1.5790962384482952,0.6774580393814301,0.6690540066652991,L297813,1,134.5,False,1.612366425673126,0.684833346754469,0.6750135664434687,2.546081757780756,0.46394585639530567,0.45162053118243584,0.1812440815660581,0.14986279588285467,False,True,False,False,-1.0,0
2024-03-06,2023-24,L303120,1,138.5,True,1.8695652173913042,0.6164488801256002,0.6085135504460972,L297847,1,128.5,False,1.4104427958213115,0.7285556381343883,0.7220102715832545,2.636914792187669,0.44911730723713567,0.4393530338196771,0.1842840708810971,0.1585365138716357,False,False,False,False,-1.0,0
2024-03-07,2023-24,L303145,1,135.5,True,1.8695652173913042,0.6274541389196581,0.6176123258384066,L297879,1,130.5,False,1.4104427958213115,0.7422388623616348,0.7365831226449813,2.636914792187669,0.46572084625582616,0.45492281555008324,0.22806618852214733,0.19959270162767706,True,True,False,False,1.6369147921876692,1
2024-03-08,2023-24,L303170,1,133.5,True,1.8771929824561404,0.6136963078841433,0.6044747278512625,L297885,1,122.5,False,1.4104427958213115,0.7667145398173526,0.7581820793952171,2.647673318471585,0.47052988228699927,0.4583019061041282,0.24580941487486352,0.2134337285965695,False,True,False,False,-1.0,0
2024-03-09,2023-24,L297938,-1,162.5,True,1.8849557522123894,0.7400653789210597,0.7352953407495952,L303192,1,135.5,False,1.422662288011444,0.7818011875652522,0.7707022508255118,2.6816554632428105,0.5785839921164129,0.5666937741372248,0.5515629234038135,0.5196774554007759,False,True,False,False,-1.0,0
2024-03-10,2023-24,L303158,1,142.5,False,1.68396673857181,0.6394599492106164,0.6310937048309236,L303252,1,140.5,False,1.4885317549607708,0.7074019353782592,0.7001392842881822,2.506637964661862,0.4523552056684734,0.4418534948191002,0.1338907320410201,0.10756674493207985,False,False,False,False,-1.0,0
2024-03-11,2023-24,L303232,1,133.5,False,1.5474136262462153,0.666315075181026,0.6602887131079728,L303231,-1,162.5,False,1.624049385268904,0.6366752592752906,0.6319834049689722,2.5130761484618915,0.42422632324991444,0.4172915091725575,0.06611305450904426,0.04868533865722058,False,True,False,False,-1.0,0
2024-03-12,2023-24,L303254,1,154.5,False,1.7224532897933247,0.6519237431606087,0.6407318488747736,L303324,-1,148.5,False,1.4539468735257157,0.7265261509831911,0.7209897586769488,2.504355575489088,0.47363964785303153,0.4619611010968583,0.18616209287342778,0.15691485919099524,False,True,False,False,-1.0,0
2024-03-13,2023-24,L303306,1,133.5,False,1.629619719792026,0.6771820458782216,0.6673389579671687,L303304,1,123.5,False,1.5474136262462153,0.6790745356240647,0.6725545953630678,2.52169576000572,0.4598570833377074,0.44882188284562047,0.1596196572612938,0.13179223896958514,False,True,False,False,-1.0,0
2024-03-14,2023-24,L303245,1,130.5,True,1.8695652173913042,0.64609913179023,0.6343178196001558,L303357,-1,157.5,False,1.4068786016360664,0.7293965102981899,0.7252085603484055,2.6302512987109066,0.4712624520344841,0.4600127127555686,0.23953867649738814,0.20994903514886132,False,True,False,False,-1.0,0
2024-03-15,2023-24,L303405,1,114.5,False,1.4351901203874042,0.7351268351103287,0.7283368993498998,L303387,-1,156.5,False,1.7467787608176955,0.6142275329084814,0.6076147408922177,2.506959620028109,0.4515351423046372,0.44254823638073054,0.13198036878137143,0.10945055852114605,True,True,False,False,1.506959620028109,1
2024-03-16,2023-24,L303334,1,131.5,False,1.7224532897933247,0.6540981946622608,0.642984629463295,L303428,-1,150.5,False,1.4539468735257157,0.7215029612771305,0.7162298833103216,2.504355575489088,0.4719337844148462,0.46052480613082614,0.18189000426098523,0.1533178658847656,False,False,False,False,-1.0,0
2024-03-17,2023-24,L303449,-1,154.5,False,1.624049385268904,0.6484781302426841,0.642949736806862,L303446,1,129.5,False,1.5474136262462153,0.6713689952295642,0.6650200552890777,2.5130761484618915,0.43536811072937726,0.4275744695193973,0.09411321487491353,0.07452720104044364,False,False,False,False,-1.0,0
2024-03-19,2023-24,L303483,-1,136.5,True,1.8695652173913042,0.5893837462118638,0.5873954483414322,L303484,1,130.5,False,1.4104427958213115,0.72180814538941,0.7162051582543127,2.636914792187669,0.42542198877584814,0.4206956500372384,0.12180153512493042,0.10933858259220086,False,False,False,False,-1.0,0
2024-03-20,2023-24,L303511,-1,151.5,False,1.6080376531229383,0.6475172400562366,0.6430313999114505,L303509,-1,149.5,False,1.5621171562101654,0.6618069228539222,0.6577935389954911,2.511943205775273,0.42853139213648234,0.42298190023297794,0.07644651893865606,0.0625065104561433,True,False,False,False,-1.0,0
2024-03-21,2023-24,L303512,-1,148.5,False,1.624049385268904,0.6551396912139319,0.6490547446387823,L303465,-1,154.5,False,1.5621171562101654,0.6778020972657098,0.6720762842297062,2.536955407261128,0.44405505670681256,0.4362143010384937,0.12654787723399474,0.10665622974423994,True,True,False,False,1.5369554072611278,1
2024-03-22,2023-24,L303518,-1,163.5,False,1.6571746619507302,0.6290241168212725,0.6238398444318587,L303480,1,133.5,False,1.517248029378774,0.670990054443368,0.6657875303180022,2.5143449901811814,0.4220689263920971,0.4153447893382539,0.06122689058511899,0.04432009027049677,False,True,False,False,-1.0,0
2024-03-23,2023-24,L303513,-1,154.5,False,1.5923832210077615,0.660687165914218,0.6552009876552574,L303517,-1,140.5,False,1.5923832210077615,0.661142538061507,0.6557332507886756,2.5356843225470533,0.4368083897371901,0.4296370735551328,0.1076081858136162,0.0894239917987456,True,True,False,False,1.5356843225470533,1
2024-03-24,2023-24,L303503,-1,154.5,False,1.5621171562101654,0.6981496828721986,0.690449818165931,L303520,-1,166.5,False,1.624049385268904,0.661084212974364,0.6540473821088212,2.536955407261128,0.4615357336398692,0.45158689604893876,0.17089557510189768,0.14565581777962366,False,True,False,False,-1.0,0
2024-03-25,2023-24,L303545,-1,161.5,False,1.6918202619775498,0.6756710279517889,0.6649336607551544,L303543,-1,161.5,False,1.479161010479108,0.722818757613309,0.7157692939630972,2.502474568255742,0.4883876929794195,0.47593909689101443,0.22217778113009046,0.1910254860083691,True,False,False,False,-1.0,0
2024-03-26,2023-24,L303557,-1,164.5,False,1.6918202619775498,0.6424225445854068,0.6346656306128803,L303558,-1,152.5,False,1.479161010479108,0.7026215294284309,0.6976255840868354,2.502474568255742,0.4513799108159029,0.4427589812561503,0.12956674743834173,0.10799309046033678,True,True,False,False,1.5024745682557419,1
2024-03-27,2023-24,L303561,-1,153.5,False,1.7280496622999064,0.6017013624985986,0.5969118217259057,L303559,-1,152.5,False,1.4539468735257157,0.6818277076039966,0.6789687144842265,2.512492403798118,0.41025666065462085,0.40528445225767595,0.030766743502317118,0.018274107674891793,True,True,False,False,1.512492403798118,1
2024-03-28,2023-24,L303541,-1,151.5,False,1.5621171562101654,0.6689264277342378,0.6638227383232145,L303552,-1,177.5,False,1.624049385268904,0.6215559677280955,0.6175459417690905,2.536955407261128,0.41577521312925214,0.409941038105546,0.05480317515340394,0.040002133280104823,True,True,False,False,1.5369554072611278,1
2024-03-29,2023-24,L303542,1,139.5,False,1.5790962384482952,0.6501225358992915,0.6439803634339777,L303547,-1,158.5,False,1.5923832210077615,0.6443218575186259,0.6403740681942461,2.5145263544615366,0.41888815994535106,0.4123883251694254,0.05330531775448466,0.03696131191077412,True,True,False,False,1.5145263544615366,1
2024-03-30,2023-24,L303564,-1,162.5,False,1.4182403412321243,0.7480596143910192,0.7418928078517344,L303565,-1,166.5,False,1.7659286754313095,0.5900483590338078,0.5847668731539609,2.5045112872352937,0.4413913479308839,0.4338343374628711,0.10546961298089941,0.08654299496600593,True,False,False,False,-1.0,0
2024-03-31,2023-24,L303587,-1,150.5,False,1.6918202619775498,0.6090354626121398,0.6046993457242111,L303586,-1,149.5,False,1.479161010479108,0.6882259880665429,0.6847580615894785,2.502474568255742,0.41915403302380394,0.4140727518225367,0.04892230782389673,0.036206530843569285,True,True,False,False,1.5024745682557419,1
2024-04-02,2023-24,L303563,-1,167.5,False,1.7659286754313095,0.581475882520386,0.5771810143343775,L303562,1,139.5,False,1.517248029378774,0.6505026203562395,0.6467867801259451,2.679351802821623,0.37825158525346797,0.37331304981115904,0.013469066869016055,0.00023699302836743819,False,True,False,False,-1.0,0
2024-04-06,2023-24,L303589,1,145.5,True,1.8695652173913042,0.5357438987414186,0.532801282930039,L303588,-1,161.5,True,1.9090909090909092,0.5115631359663328,0.5098405767199612,3.569169960474308,0.27406682891498957,0.2716437133661863,,,False,True,False,False,-1.0,0
2024-11-13,2024-25,L323286,1,150.5,True,1.8695652173913042,0.5517109955521731,0.5466294484397278,L323282,-1,145.5,False,1.4410647363544788,0.6861917014556137,0.6834749844126664,2.6941645070975038,0.37857950674971613,0.3736075537518474,0.019955470199565006,0.006560210901749963,True,True,False,False,1.6941645070975038,1
2024-11-14,2024-25,L323324,1,142.5,False,1.7203018177211025,0.6095181579631888,0.6009854479444945,L323328,1,137.5,False,1.459406668796299,0.6684221712587878,0.6646146468698227,2.510619945124572,0.4074154505674114,0.39942373125953246,0.022865356146457128,0.002801186256259136,True,False,False,False,-1.0,0
2024-11-15,2024-25,L323355,-1,153.5,False,1.478620714179206,0.6896988594577149,0.684668598624238,L323372,-1,154.5,False,1.6924735793774883,0.6003918504177027,0.5959275618050789,2.502526492668579,0.41408957446079653,0.40801288862264234,0.03627013042600158,0.021063063128396786,True,False,False,False,-1.0,0
2024-11-16,2024-25,L323447,-1,151.5,True,1.8928571428571428,0.7999656820645663,0.7962863186139798,L317952,1,131.5,False,1.4087417232519452,0.7428290921353777,0.7342695716254949,2.666546833298325,0.5942377813474801,0.5846888140599293,0.5845628740783453,0.5591001055964573,True,True,False,False,1.6665468332983249,1
2024-11-17,2024-25,L323462,-1,163.5,False,1.7868061255850805,0.5783916215614237,0.5723955879390745,L323482,-1,160.5,False,1.4060366757642337,0.7173428221058056,0.7131523409814077,2.5123149450528164,0.41490507809322474,0.4082052535061802,0.04237222847191435,0.025540159032650056,False,True,False,False,-1.0,0
2024-11-18,2024-25,L323518,1,144.5,False,1.7606476236054627,0.5863023000371308,0.5792909002037357,L323519,-1,161.5,False,1.4291157946466628,0.706337393853518,0.7017130578419498,2.5161693277016792,0.41412723861855033,0.4064959889619792,0.04201425557779048,0.02281273925989269,True,True,False,False,1.5161693277016792,1
2024-11-19,2024-25,L323527,1,148.5,True,1.8928571428571428,0.6025922006633152,0.5930867398825455,L323545,-1,151.5,False,1.4060366757642337,0.7246301296389822,0.7203443714537484,2.6614265648394424,0.4366564644860977,0.427226694858245,0.16212911429217103,0.1370324749042875,False,True,False,False,-1.0,0
2024-11-20,2024-25,L323584,1,128.5,False,1.7203018177211025,0.6167854810732522,0.6074129167866928,L323613,-1,154.5,False,1.4532944812546762,0.7055514322512579,0.7003608764842466,2.5001051377864663,0.4351738795630142,0.42540824278858097,0.08798045212596062,0.06356533345244353,True,True,False,False,1.5001051377864663,1
2024-11-21,2024-25,L323632,1,131.5,False,1.6818577862638875,0.6299801516472899,0.6206219746741263,L323618,-1,156.5,False,1.4917296624685585,0.6854121583391245,0.6801432187145919,2.508877147823546,0.43179605545137795,0.4221118274598662,0.08332325604231094,0.05902671774009405,True,False,False,False,-1.0,0
2024-11-22,2024-25,L323720,1,155.5,True,1.8695652173913042,0.6255201052773943,0.6214483242185088,L323696,-1,155.5,False,1.4060366757642337,0.7397491136058805,0.7335459828360651,2.628677263385306,0.4627279434216095,0.4558609217706917,0.21636242400542738,0.1983112403244851,False,True,False,False,-1.0,0
2024-11-23,2024-25,L323761,1,126.5,False,1.7203018177211025,0.6358014946390173,0.6239354581534082,L318482,1,147.5,False,1.459406668796299,0.7035862081063639,0.6956053500849634,2.510619945124572,0.44734116272142477,0.43401284279922353,0.12310364540362562,0.089641299571946,False,False,False,False,-1.0,0
2024-11-24,2024-25,L352990,-1,149.5,False,1.56199284182177,0.6670131952658744,0.6607359800239481,L352989,-1,151.5,False,1.6081720855722137,0.6486644185609062,0.6425128131791624,2.5119532860813845,0.4326677264795906,0.42453133329387777,0.08684111731176936,0.06640287771206776,False,True,False,False,-1.0,0
2024-11-25,2024-25,L323833,1,143.5,False,1.7203018177211025,0.6197496090745954,0.6100901865092013,L353002,-1,156.5,False,1.4532944812546762,0.703113027205404,0.6975834527840842,2.5001051377864663,0.4357540237458045,0.42558881881477456,0.0894308735780116,0.06401679250329129,True,True,False,False,1.5001051377864663,1
2024-11-26,2024-25,L323860,1,162.5,True,1.8695652173913042,0.5977489258703376,0.5887624148121298,L323881,-1,150.5,False,1.4060366757642337,0.7186322087395761,0.7147462804800396,2.628677263385306,0.42956163086990984,0.42081574607341593,0.12917889229044377,0.1061887837777129,False,True,False,False,-1.0,0
2024-11-27,2024-25,L323921,-1,159.5,True,1.8849557522123894,0.9164842037273757,0.9134845649514003,L323915,-1,148.5,False,1.4291157946466628,0.742456026994834,0.7353583863730648,2.693820037696807,0.6804492207029514,0.6717385356593628,0.8330077453647877,0.8095427274523028,True,False,False,False,-1.0,0
2024-11-28,2024-25,L353387,-1,150.5,False,1.7868061255850805,0.6142179991467158,0.6043132260457714,L323955,-1,135.5,False,1.4060366757642337,0.7413385250358343,0.7364895054862209,2.5123149450528164,0.4553434655378876,0.44507034900923303,0.14396619360297747,0.11815688941576918,False,True,False,False,-1.0,0
2024-11-29,2024-25,L323991,1,126.5,False,1.7402316598644794,0.600540704683644,0.5927389046097218,L323977,-1,136.5,False,1.4410647363544788,0.7250623734316721,0.7207965150234178,2.507786478118323,0.4354294686802518,0.42724413676148554,0.09196413373058121,0.07143706902578906,True,True,False,False,1.507786478118323,1
2024-11-30,2024-25,L324003,1,146.5,False,1.7203018177211025,0.6233940793599727,0.6128628056424302,L324020,1,126.5,False,1.459406668796299,0.7096201101388584,0.7018556852185326,2.510619945124572,0.4423729752553361,0.4301412443991202,0.11063041486014535,0.07992118740913456,True,True,False,False,1.510619945124572,1
2024-12-01,2024-25,L324065,1,152.5,True,1.8695652173913042,0.5955238704527884,0.5921614883570836,L324074,1,122.5,False,1.433443021118674,0.7265460553861276,0.7196590643392103,2.6799152133957813,0.4326755189657527,0.426154382648773,0.15953370574023573,0.14205761331573408,True,True,False,False,1.6799152133957813,1
2024-12-02,2024-25,L318380,-1,149.0,True,1.8849557522123894,0.5826102941556496,0.5791953911490827,L324094,-1,141.5,False,1.4060366757642337,0.7471499925790875,0.741613068249638,2.650316919803379,0.43529727695489356,0.42953887114612044,0.15367573825789194,0.13841413791180646,True,True,False,False,1.650316919803379,1
2024-12-03,2024-25,L318204,1,135.5,False,1.7203018177211025,0.6020596221273563,0.5946962568224496,L324107,1,132.5,False,1.459406668796299,0.7009738820205605,0.6946588178016938,2.510619945124572,0.4220280705304447,0.4131109987153754,0.059552091276174224,0.03716471292515289,False,False,False,False,-1.0,0
2024-12-04,2024-25,L324188,1,137.5,False,1.7203018177211025,0.6169399719016988,0.6073952392138561,L324199,1,115.5,False,1.459406668796299,0.7135067958641692,0.7069447138600765,2.510619945124572,0.4401908625921117,0.4293948535860122,0.10515195928534538,0.07804728374688774,False,True,False,False,-1.0,0
2024-12-05,2024-25,L324213,1,145.5,True,1.8695652173913042,0.5769720057905278,0.5727396420001628,L324231,1,126.5,False,1.4087417232519452,0.7220946073886737,0.7164293055613697,2.6337345260797234,0.41662837399556674,0.4103274639856442,0.09728853313657959,0.08069360889772548,False,True,False,False,-1.0,0
2024-12-06,2024-25,L324245,1,133.5,False,1.6452322339142178,0.633260295894612,0.6251461954726175,L324252,-1,133.5,False,1.5329171263794985,0.6753172518135543,0.6713285865062264,2.5220046682387056,0.4276516027061876,0.41967851176637744,0.07853933840476945,0.05843116583427621,False,False,False,False,-1.0,0
2024-12-07,2024-25,L324342,1,134.5,True,1.8695652173913042,0.6455875587470981,0.6400040958609027,L324274,1,124.5,False,1.4209382177248508,0.7351873383126142,0.7269654598749726,2.6565366679203732,0.47462779896301743,0.4652608718693872,0.26086615155959514,0.23598256626962955,True,False,False,False,-1.0,0
2024-12-08,2024-25,L324352,1,133.5,False,1.781560659661012,0.5916321881406664,0.583167988287166,L324366,1,134.5,False,1.4087417232519452,0.721430573756776,0.7157655841822391,2.5097588337687267,0.4268215489432978,0.4174115758127445,0.07121915290329262,0.04760238971335995,True,True,False,False,1.5097588337687267,1
2024-12-09,2024-25,L318419,-1,149.5,False,1.4532944812546762,0.6938720204606134,0.6901169984438642,L324385,1,131.5,False,1.7203018177211025,0.5876368698403035,0.5825284720168208,2.5001051377864663,0.40774478217324184,0.40201280061633893,0.019404824816945387,0.005074268276834992,True,False,False,False,-1.0,0
2024-12-10,2024-25,L324392,1,142.5,True,1.8695652173913042,0.5483609344262748,0.546041951667377,L324391,1,142.0,True,1.9090909090909092,0.5108127158699507,0.5088204069324553,3.569169960474308,0.28010973819126933,0.2778372880495869,,,False,False,False,False,-1.0,0
2024-12-15,2024-25,L324545,-1,145.0,True,1.925925925925926,0.5072250396773845,0.5039916954617978,L324584,1,139.5,True,1.8695652173913042,0.5286318006534643,0.5259625654733421,3.600644122383253,0.26813528606118064,0.2650807651223465,,,True,True,False,False,2.600644122383253,1
2024-12-16,2024-25,L324589,1,137.5,True,1.8695652173913042,0.5761849253782433,0.5719257413309622,L324594,-1,150.5,False,1.4060366757642337,0.711669513753306,0.708669960321155,2.628677263385306,0.4100532456759193,0.40530659241566014,0.07789764368563823,0.06542022418322135,True,False,False,False,-1.0,0
2024-12-17,2024-25,L318032,1,137.5,True,1.8695652173913042,0.6808606184640729,0.6783040306277381,L324622,-1,148.5,False,1.4291157946466628,0.7196209643897146,0.7152932486662117,2.671825181295935,0.48996157487409364,0.4851862936511004,0.30909167361601675,0.29633295699665396,False,True,False,False,-1.0,0
2024-12-18,2024-25,L324682,-1,147.5,False,1.6924735793774883,0.612759465583805,0.607243430469537,L324678,-1,146.5,False,1.478620714179206,0.6938405356412508,0.6894902079262895,2.502526492668579,0.4251573558199139,0.41868839913631434,0.063967546492256,0.047778811011622846,True,True,False,False,1.5025264926685789,1
2024-12-19,2024-25,L324717,1,136.5,False,1.7203018177211025,0.5941788319921815,0.5877462721536811,L324721,1,131.5,False,1.459406668796299,0.6895191069518193,0.6836484713213246,2.510619945124572,0.40969765760492405,0.4018118404826713,0.028595110653740097,0.008796820903007596,False,True,False,False,-1.0,0
2024-12-20,2024-25,L324730,-1,143.5,False,1.7289446624671923,0.6172568961979963,0.6096452922042584,L318043,-1,145.5,False,1.4532944812546762,0.6942707237694122,0.6908925982446791,2.5126657363582994,0.4285433920750438,0.4211994199386367,0.07678629780972357,0.058333350653803295,False,True,False,False,-1.0,0
2024-12-21,2024-25,L324787,1,129.5,False,1.6103451877967885,0.6484682916165013,0.6405602402245919,L324754,1,125.5,False,1.5611072388343377,0.6683431698509356,0.6609435720893829,2.5139215296916073,0.4333993535667934,0.423374173312475,0.08953196588598678,0.0643294494056168,True,False,False,False,-1.0,0
2024-12-22,2024-25,L324855,1,143.5,False,1.7203018177211025,0.6084580690961361,0.6001381031058103,L324870,-1,136.5,False,1.465811083575799,0.7026556207903407,0.6991580159654506,2.521637471511186,0.4275364822656375,0.41959136547272735,0.07809201411910904,0.05805730989857394,True,True,False,False,1.5216374715111858,1
2024-12-23,2024-25,L324892,-1,143.5,False,1.59242730340524,0.6374832235313903,0.6339054596222389,L354577,-1,149.5,False,1.5770366585939473,0.6401869515483443,0.6365780198874061,2.5113162336159696,0.40810844153577247,0.4035302822821409,0.024889354304499456,0.013392148650775093,False,True,False,False,-1.0,0
2024-12-25,2024-25,L354580,-1,134.5,True,1.9345794392523366,0.5350497110703354,0.5332396623944275,L354581,-1,137.5,True,1.8695652173913042,0.5160941161615628,0.5148748838967072,3.616822429906542,0.27613600773734426,0.2745517092644502,,,False,False,False,False,-1.0,0
2024-12-28,2024-25,L324921,1,137.5,True,1.8695652173913042,0.6248472024246677,0.6183218778560532,L324906,1,131.5,False,1.4087417232519452,0.7270340562723008,0.7201114036629104,2.6337345260797234,0.4542851961292056,0.4452606353784091,0.1964666057323876,0.17269830850031087,True,False,False,False,-1.0,0
2024-12-29,2024-25,L324990,-1,160.5,True,1.8695652173913042,0.6097631355580458,0.6056528636891043,L324964,1,129.5,False,1.4087417232519452,0.7495432046688049,0.7402959849724334,2.6337345260797234,0.45704381471507655,0.44836238327610045,0.2037320747462814,0.18086748902965577,True,True,False,False,1.6337345260797234,1
2024-12-30,2024-25,L325022,1,144.5,False,1.7203018177211025,0.6199849187786101,0.6101333864711146,L325016,1,137.5,False,1.459406668796299,0.7077532309483912,0.700341688262692,2.510619945124572,0.43879632940483715,0.42730184594661397,0.10165081645123575,0.0727925370221163,True,True,False,False,1.510619945124572,1
2024-12-31,2024-25,L318265,1,140.5,False,1.6818577862638875,0.632402215916324,0.6229847490844604,L325053,1,130.5,False,1.486692462057507,0.706479545588032,0.6985565048109248,2.5004052930912475,0.44677923012942905,0.43519004887095164,0.11712915185885686,0.08815150169756625,False,True,False,False,-1.0,0
2025-01-01,2024-25,L325062,1,142.5,False,1.7203018177211025,0.6129226760282632,0.603892732144272,L325069,-1,153.5,False,1.4532944812546762,0.6878393177952014,0.6848201974599262,2.5001051377864663,0.4215923153404898,0.41355794007165464,0.05402511363405038,0.03393833074553121,True,True,False,False,1.5001051377864663,1
2025-01-02,2024-25,L325115,1,136.5,False,1.7203018177211025,0.6366034603620908,0.6245533327775074,L325120,1,128.5,False,1.459406668796299,0.7168064117212393,0.7088893077990844,2.510619945124572,0.45632144211147446,0.4427391797562584,0.1456497139530757,0.11154981518415563,False,True,False,False,-1.0,0
2025-01-03,2024-25,L325140,1,121.5,False,1.5935294927924422,0.6510304549380446,0.6436962448894747,L325143,1,134.5,False,1.5771198809741,0.6320829742945906,0.6274633044229531,2.5131870440015343,0.4115052663135996,0.4038957728629962,0.03418970383773967,0.01506562348626872,False,False,False,False,-1.0,0
2025-01-04,2024-25,L325186,1,154.5,True,1.8695652173913042,0.6412938894975292,0.6360914415279756,L318506,1,132.5,False,1.4087417232519452,0.7375234927052142,0.7289429984050296,2.6337345260797234,0.47296930923272945,0.46367440264718013,0.24567559950231677,0.22119528311127,False,False,False,False,-1.0,0
2025-01-05,2024-25,L325272,1,130.5,False,1.781560659661012,0.5788021532239399,0.5719702164563498,L318144,-1,134.5,False,1.4060366757642337,0.7168221757027228,0.7139576507224165,2.5049396275821048,0.41489821877540534,0.4083625120243675,0.03929498962374245,0.02292343878881198,True,True,False,False,1.5049396275821048,1
2025-01-06,2024-25,L325311,1,126.5,False,1.7606476236054627,0.5926502067228759,0.5852333694096602,L325302,-1,154.5,False,1.4291157946466628,0.7046617428389597,0.7009055389690734,2.5161693277016792,0.4176179275632115,0.4101933102087647,0.05079742003289445,0.03211582557571391,False,True,False,False,-1.0,0
2025-01-07,2024-25,L325331,1,130.5,False,1.7203018177211025,0.6034780300427446,0.595993307475728,L318041,1,129.5,False,1.459406668796299,0.6995731772378715,0.6929253282864483,2.510619945124572,0.4221770428702545,0.41297885823914493,0.059926104203772645,0.03683295840997025,False,False,False,False,-1.0,0
2025-01-08,2024-25,L325345,1,130.5,False,1.5935294927924422,0.6652977847412771,0.6555189746875746,L325346,-1,151.5,False,1.59242730340524,0.6640399064312121,0.6571180091523633,2.5375798731041885,0.44178427872849035,0.43075332360829743,0.12106289395526804,0.09307096426115069,True,True,False,False,1.5375798731041885,1
2025-01-09,2024-25,L325400,1,143.5,False,1.6633227749933932,0.640314983237008,0.6299899783692117,L325395,1,140.5,False,1.515362771355194,0.6835708041991694,0.6756216650945732,2.5205374099722,0.4377006280320992,0.42563487817870094,0.10324080732323293,0.07282863343837587,False,True,False,False,-1.0,0
2025-01-10,2024-25,L325442,1,111.5,False,1.4087417232519452,0.734326756679063,0.7284431012672472,L325448,1,139.5,False,1.781560659661012,0.5716052635041967,0.5656167986880352,2.5097588337687267,0.41974503924971795,0.4120196549651646,0.053458820187580525,0.034069968735164435,True,False,False,False,-1.0,0
2025-01-11,2024-25,L325549,1,132.5,True,1.8695652173913042,0.6302587760241578,0.6227910370128262,L325538,1,119.5,False,1.4087417232519452,0.751706284633071,0.742531809380369,2.6337345260797234,0.47376948288250653,0.46244215557901025,0.24778304447059396,0.21794987146317024,True,True,False,False,1.6337345260797234,1
2025-01-12,2024-25,L325511,1,131.5,False,1.7203018177211025,0.6161671870861894,0.607005096625875,L325583,1,120.5,False,1.459406668796299,0.7110791433364934,0.7041286437553335,2.510619945124572,0.43814363554530444,0.4274096754397525,0.10001215022943244,0.07306325589826268,True,False,False,False,-1.0,0
2025-01-13,2024-25,L318281,1,139.5,True,1.8695652173913042,0.5899803358923851,0.5831466750377542,L318491,1,125.5,False,1.4087417232519452,0.7315234585929534,0.7246855606227783,2.6337345260797234,0.4315844558138299,0.42259797512504405,0.1366788821962126,0.11301087773820861,True,True,False,False,1.6337345260797234,1
2025-01-14,2024-25,L325631,1,143.5,True,1.8695652173913042,0.5710269507352213,0.5692054637622468,L325639,1,123.5,False,1.4087417232519452,0.7198827193095727,0.7140962183526826,2.6337345260797234,0.4110724340943245,0.40646746913830534,0.08265566239385391,0.07052740719779926,False,True,False,False,-1.0,0
2025-01-15,2024-25,L325673,1,132.5,True,1.8695652173913042,0.5880515264618081,0.5809628566440053,L325674,1,114.5,False,1.4087417232519452,0.7553858716103604,0.7470028639102488,2.6337345260797234,0.44420581486815586,0.4339809177385513,0.16992019130363967,0.1429905267077871,False,True,False,False,-1.0,0
2025-01-16,2024-25,L325714,1,122.5,True,1.8695652173913042,0.6114175304532491,0.600493007216213,L325725,1,128.5,False,1.4087417232519452,0.7377940566690315,0.7291359408415332,2.6337345260797234,0.4511002201116638,0.43784103378535505,0.18807822443025168,0.15315704761492843,True,True,False,False,1.6337345260797234,1
2025-01-17,2024-25,L325746,1,139.5,False,1.6103451877967885,0.6342956710717219,0.6274985087448081,L325743,-1,146.5,False,1.56199284182177,0.6530304132365964,0.6490555554893941,2.5153476562007175,0.41421436419415075,0.4072813931621278,0.041893130140427504,0.024454297704521233,True,False,False,False,-1.0,0
2025-01-18,2024-25,L325766,1,132.5,True,1.8695652173913042,0.6297409726912376,0.6254826798606004,L325824,1,126.5,False,1.4087417232519452,0.7478886341012253,0.7381893373272899,2.6337345260797234,0.47097611590362676,0.46172464495599397,0.24042605741430756,0.21606013896250342,True,True,False,False,1.6337345260797234,1
2025-01-19,2024-25,L317950,1,132.5,False,1.6103451877967885,0.6490084486000209,0.6410768333096398,L325869,-1,141.5,False,1.56199284182177,0.6441729754174504,0.6410736200378668,2.5153476562007175,0.41807370340573896,0.41097744625222293,0.05160070998077937,0.03375115618188529,True,False,False,False,-1.0,0
2025-01-20,2024-25,L317965,1,132.5,False,1.4209382177248508,0.7293516282707693,0.7205227905306355,L318310,1,120.5,False,1.7606476236054627,0.6267639106264382,0.6148797798096254,2.5017714963274402,0.45713127875674764,0.443034894789294,0.14363800327334464,0.10837207166228224,True,False,False,False,-1.0,0
2025-01-21,2024-25,L325928,1,131.5,True,1.8695652173913042,0.6028613293868571,0.5963567146707996,L325918,-1,141.5,False,1.4060366757642337,0.717885290485541,0.7148519365470655,2.628677263385306,0.4327852805693833,0.4263067523552669,0.13765282696056835,0.12062286714392045,False,False,False,False,-1.0,0
2025-01-22,2024-25,L325943,-1,150.5,False,1.59242730340524,0.664633897233187,0.657366996604252,L325953,1,132.5,False,1.5771198809741,0.6570220911102247,0.6496945353638444,2.5114487592063792,0.43667915298288673,0.42708774542232536,0.0966973169301637,0.0726089883131491,False,True,False,False,-1.0,0
2025-01-23,2024-25,L325997,1,133.5,False,1.6452322339142178,0.6503341987870475,0.6399739820017571,L325983,1,116.5,False,1.5454826392688765,0.6840992934873577,0.676262494776585,2.542677855079975,0.44489316592088596,0.43279040166061356,0.13122000086345786,0.1004465701936097,True,True,False,False,1.5426778550799751,1
2025-01-24,2024-25,L326032,-1,171.5,True,1.8849557522123894,0.5839757319995539,0.5796568393183845,L326029,1,121.5,False,1.4087417232519452,0.7267632330208453,0.7202560735682404,2.655415814625348,0.4244120909937105,0.4175013591044361,0.12699057834291128,0.10863971159349606,True,True,False,False,1.6554158146253481,1
2025-01-25,2024-25,L326102,1,140.5,True,1.8695652173913042,0.6133868314843078,0.6078328855055631,L326044,1,119.5,False,1.4087417232519452,0.7473689518894199,0.7390808990589438,2.6337345260797234,0.4584262733491994,0.44923767549704363,0.2073731037818476,0.18317277637236296,True,True,False,False,1.6337345260797234,1
2025-01-26,2024-25,L326170,1,126.5,False,1.7203018177211025,0.6081921357139932,0.6004274531557245,L326173,-1,144.5,False,1.4532944812546762,0.6908125502817392,0.687851940588835,2.5001051377864663,0.42014676033388126,0.413005188835977,0.050411074135075395,0.03255639454129566,True,True,False,False,1.5001051377864663,1
2025-01-27,2024-25,L326185,1,123.5,False,1.4087417232519452,0.7238080896921969,0.717969120111384,L325996,1,130.5,False,1.781560659661012,0.5896525691558223,0.5814782461920623,2.5097588337687267,0.4267952996627718,0.4174834247824257,0.07115327353961232,0.04778271329971462,True,True,False,False,1.5097588337687267,1
2025-01-28,2024-25,L326212,-1,152.5,True,1.8547008547008548,0.6880158399451876,0.6853932686190783,L318405,-1,141.5,False,1.4060366757642337,0.7144079242745988,0.7116298597076454,2.607777424280673,0.491523968083286,0.4877463155919592,0.2817851074604474,0.27193383057678777,True,True,False,False,1.6077774242806728,1
2025-01-29,2024-25,L326236,1,115.5,False,1.4087417232519452,0.7391944247172921,0.7322515938090269,L326219,1,128.5,False,1.781560659661012,0.5843392869791713,0.5770824343285234,2.5097588337687267,0.43194034307828116,0.4225695322962543,0.08406609170181079,0.06054761656204355,False,True,False,False,-1.0,0
2025-01-30,2024-25,L326285,1,118.5,False,1.459406668796299,0.7276256957344223,0.7185916755385047,L326273,1,127.5,False,1.7203018177211025,0.6253380763258791,0.6152540927428454,2.510619945124572,0.45501205285584306,0.4421164693860038,0.14236233517195562,0.10998642610855858,False,False,False,False,-1.0,0
2025-01-31,2024-25,L326326,1,119.5,False,1.446263373217841,0.7052031155926642,0.6996026790917619,L326328,1,142.5,False,1.7402316598644794,0.6006570972319656,0.5926996857789619,2.5168333105760845,0.423585256370828,0.4146542880678072,0.06609348310301022,0.04361572458226859,True,True,False,False,1.5168333105760845,1
2025-02-01,2024-25,L326449,1,147.5,True,1.8849557522123894,0.7466600948926224,0.7437695406458096,L326453,1,125.5,False,1.4087417232519452,0.7526071165274935,0.7432039836256893,2.655415814625348,0.5619417010432812,0.5527724855074148,0.49218887984779847,0.46784079990615,False,True,False,False,-1.0,0
2025-02-02,2024-25,L326459,1,138.5,False,1.627576269306826,0.624300513317106,0.6181614253592876,L326462,1,122.5,False,1.5454826392688765,0.661015933728203,0.6554091599802343,2.5153908682997055,0.4126725867373033,0.405148660526915,0.03803285627663078,0.019107240993259333,False,False,False,False,-1.0,0
2025-02-03,2024-25,L326477,1,139.5,True,1.8771929824561404,0.5983620910433205,0.5894987139211653,L326484,-1,162.5,False,1.4060366757642337,0.7293976969209888,0.7233554563253519,2.6394021808205794,0.43644393113182495,0.4264171112116526,0.15195106363524546,0.1254862532712473,True,True,False,False,1.6394021808205794,1
2025-02-04,2024-25,L326506,1,130.5,False,1.7203018177211025,0.6027401314046639,0.5955499271357678,L326503,-1,129.5,False,1.4532944812546762,0.6994395998924883,0.6963837597316096,2.5001051377864663,0.4215803163488239,0.4147312973666921,0.053995114893338414,0.036871847347313746,False,True,False,False,-1.0,0
2025-02-05,2024-25,L326561,1,140.5,True,1.8695652173913042,0.5998358262547939,0.5958694474191492,L326539,-1,153.5,False,1.4060366757642337,0.7327657912016651,0.7278091861304612,2.628677263385306,0.43953917381669855,0.43367925756613857,0.1554066325791179,0.14000280396592868,True,True,False,False,1.6286772633853062,1
2025-02-06,2024-25,L326583,1,129.5,True,1.7092198581560285,0.8726943729066484,0.8700132366917105,L326577,1,113.5,False,1.4728804605470578,0.6979983186488944,0.6917489385439098,2.517476531857028,0.6091392049831919,0.6018307330006422,0.5334936531792331,0.5150947464794295,True,False,False,False,-1.0,0
2025-02-07,2024-25,L326624,-1,151.5,False,1.6242784512054376,0.6335872725465016,0.6287800594963505,L326625,-1,144.5,False,1.56199284182177,0.6409424007393926,0.6379991518358841,2.5371113139082446,0.4060929475438786,0.40116114464998837,0.030303011711921624,0.017790478791867237,False,True,False,False,-1.0,0
2025-02-08,2024-25,L326661,1,153.5,True,1.8695652173913042,0.61655673625726,0.6127810933560729,L318177,1,130.5,False,1.4209382177248508,0.7390823039880207,0.729810651630481,2.6565366679203732,0.45568617317235016,0.44721416904903416,0.21054702809666104,0.1880408384922998,True,True,False,False,1.6565366679203732,1
2025-02-09,2024-25,L326756,1,151.5,False,1.8704104233831524,0.5535867912816173,0.5464835671725774,L326750,1,129.5,False,1.433443021118674,0.6865003958146063,0.6827488530312045,2.681126768026204,0.3800375513325681,0.3731110286874784,0.018928851732880947,0.00035796645979124797,False,False,False,False,-1.0,0
2025-02-10,2024-25,L318293,1,137.5,False,1.7203018177211025,0.5965987173590213,0.5898058445181646,L326764,-1,146.5,False,1.4532944812546762,0.7012027006963154,0.697221412538966,2.5001051377864663,0.41833663184410347,0.4112252640386925,0.04588556259772836,0.028106395410731233,True,True,False,False,1.5001051377864663,1
2025-02-11,2024-25,L326800,1,134.5,False,1.7203018177211025,0.5877367032517512,0.582502951718825,L326799,-1,154.5,False,1.4532944812546762,0.6919095259278738,0.6883099222233708,2.5001051377864663,0.40666062371733064,0.4009425613924684,0.016694314691147127,0.0023985576945759757,True,False,False,False,-1.0,0
2025-02-12,2024-25,L326810,1,128.5,False,1.7203018177211025,0.6006931196670117,0.593599009992172,L326841,-1,131.5,False,1.4532944812546762,0.7085417659154842,0.7048070662901146,2.5001051377864663,0.42561616378214573,0.41837277678529916,0.06408515779670854,0.04597592875091694,True,False,False,False,-1.0,0
2025-02-13,2024-25,L326876,1,136.5,False,1.7402316598644794,0.6187530357523564,0.6082385296388098,L326859,1,122.5,False,1.446263373217841,0.7175159226768267,0.710299271316506,2.5168333105760845,0.4439651553569396,0.43203138438906963,0.11738629173743176,0.08735097944471093,True,True,False,False,1.5168333105760845,1
2025-02-14,2024-25,L326908,1,153.5,True,1.8695652173913042,0.5424319221542643,0.5393695848857744,L326906,1,124.5,False,1.4087417232519452,0.7123778890377283,0.7077042241339456,2.6337345260797234,0.3864165076509321,0.38171413359303524,0.017718497647409404,0.005333692736585016,True,False,False,False,-1.0,0
2025-02-15,2024-25,L326996,1,138.5,True,1.8771929824561404,0.6456149529657332,0.6419500674508394,L326986,1,121.5,False,1.4087417232519452,0.7390433204959052,0.7312560779930971,2.644480076981722,0.47713741860160314,0.469429888591505,0.2617803974744275,0.24139798791998412,True,True,False,False,1.644480076981722,1
2025-02-16,2024-25,L327056,1,139.5,False,1.7203018177211025,0.6078410256895124,0.5997281969200369,L327057,1,127.5,False,1.459406668796299,0.6989567510808286,0.6932564383349061,2.510619945124572,0.42485458848958,0.4157654337658,0.06664840363963198,0.0438289905057867,True,True,False,False,1.510619945124572,1
2025-02-17,2024-25,L318025,1,138.5,False,1.7203018177211025,0.6044572364859461,0.5965771166734147,L327075,-1,136.5,False,1.4532944812546762,0.6918649128998461,0.6892230533254089,2.5001051377864663,0.41820275327303075,0.4111747018977196,0.04555085209435017,0.02797998474230745,False,False,False,False,-1.0,0
2025-02-18,2024-25,L327105,1,138.5,False,1.781560659661012,0.5865404327320187,0.5786416210994717,L327079,-1,147.5,False,1.4060366757642337,0.7313902542664766,0.7269825348719071,2.5049396275821048,0.4289899562334404,0.4206623524892836,0.07459394120385765,0.05373379658231814,True,True,False,False,1.5049396275821048,1
2025-02-19,2024-25,L327151,1,140.5,False,1.7203018177211025,0.5990748012566053,0.5921242947151962,L327153,1,132.5,False,1.459406668796299,0.7004713822648272,0.6947442496940329,2.510619945124572,0.41963475411624096,0.4113749488575174,0.053543383351680074,0.03280615152628408,False,True,False,False,-1.0,0
2025-02-20,2024-25,L327175,1,132.5,True,1.8695652173913042,0.5988288199500751,0.590313934590781,L327170,1,130.5,False,1.4087417232519452,0.7247064502541511,0.7181562170298575,2.6337345260797234,0.43397510841590115,0.423937622125726,0.14297522649414995,0.1165391522966639,False,True,False,False,-1.0,0
2025-02-21,2024-25,L327239,-1,162.5,False,1.6081720855722137,0.6259499604592834,0.6220780381413832,L327216,-1,147.5,False,1.56199284182177,0.6454422377840443,0.6419520440152164,2.5119532860813845,0.40401454321967395,0.3993442681218367,0.014865659465329362,0.003134146586413422,True,True,False,False,1.5119532860813845,1
2025-02-22,2024-25,L327222,1,141.5,True,1.8695652173913042,0.6322345547118537,0.6257207663954667,L327296,1,122.5,False,1.4087417232519452,0.7357922103339641,0.7279945238110445,2.6337345260797234,0.46519326046094445,0.4555212913707496,0.225195551375587,0.19972215244756475,True,True,False,False,1.6337345260797234,1
2025-02-23,2024-25,L318210,-1,132.5,False,1.4917296624685585,0.6925189901953785,0.6885349357137233,L327341,1,140.5,False,1.6818577862638875,0.6019791272064903,0.5961943856613239,2.508877147823546,0.416881977291734,0.41050066300420235,0.045905666166725645,0.029895732577657874,True,True,False,False,1.5088771478235459,1
2025-02-24,2024-25,L318427,1,141.5,False,1.781560659661012,0.575710771126228,0.5691822641777236,L327373,-1,158.5,False,1.4060366757642337,0.7150198229529395,0.7109596647955823,2.5049396275821048,0.4116446136427759,0.4046656317473849,0.031144905194514516,0.01366297688457152,True,True,False,False,1.5049396275821048,1
2025-02-25,2024-25,L327401,-1,153.5,False,1.4532944812546762,0.6999634908003451,0.6955778372900422,L327367,1,143.5,False,1.7203018177211025,0.5926415271460719,0.5864512108965318,2.5001051377864663,0.414827432134412,0.40792246495153606,0.03711219437400981,0.019849050443854876,False,True,False,False,-1.0,0
2025-02-26,2024-25,L327412,1,128.5,False,1.7203018177211025,0.6005085602569201,0.5936304390623953,L327461,-1,157.5,False,1.4532944812546762,0.6986285347971668,0.6941900745316631,2.5001051377864663,0.41953241558544824,0.41209235873698813,0.04887514767314616,0.030274223320887472,True,True,False,False,1.5001051377864663,1
2025-02-27,2024-25,L327474,1,113.5,True,1.8695652173913042,0.6046109470863666,0.5958261156815986,L327472,1,120.5,False,1.4087417232519452,0.7403718289506445,0.7330098444313402,2.6337345260797234,0.4476369126979146,0.43674640836389833,0.17895679212023263,0.15027409484931287,False,True,False,False,-1.0,0
2025-02-28,2024-25,L327514,1,137.5,False,1.7203018177211025,0.5949280844981163,0.588551579085676,L327526,-1,147.5,False,1.4532944812546762,0.7014147140327933,0.6973295417643461,2.5001051377864663,0.4172913122583237,0.4104144029484968,0.04327215373069171,0.02607915743310185,False,True,False,False,-1.0,0
2025-03-01,2024-25,L327539,1,136.5,True,1.8849557522123894,0.6073882945037083,0.6039205976995733,L327569,1,125.5,False,1.4087417232519452,0.7502256358104609,0.7417408488048421,2.655415814625348,0.45567826942787604,0.4479525767484091,0.21001528301989247,0.1895003564999005,False,True,False,False,-1.0,0
2025-03-02,2024-25,L327654,1,134.5,False,1.6633227749933932,0.6139268488821883,0.60756766031423,L318167,-1,125.5,False,1.5051443383227343,0.674353690159187,0.6717089990071692,2.5035408575845652,0.4140038360315052,0.40810866493879927,0.03647551870161414,0.021716717008573472,True,False,False,False,-1.0,0
2025-03-03,2024-25,L327671,-1,140.5,False,1.4532944812546762,0.7013406941394827,0.6979607077765001,L318038,1,132.5,False,1.7203018177211025,0.5937217030076926,0.5875096344095183,2.5001051377864663,0.41640119131309095,0.4100586402579802,0.04104675778226374,0.025189713302708583,True,True,False,False,1.5001051377864663,1
2025-03-04,2024-25,L327691,-1,160.5,False,1.4532944812546762,0.7029859300800356,0.6981237406372798,L356070,1,136.5,False,1.7203018177211025,0.5966174466895728,0.5901430452588005,2.5001051377864663,0.4194136706630454,0.41199287026714926,0.04857827288256078,0.030025491686292982,False,True,False,False,-1.0,0
2025-03-05,2024-25,L356061,1,126.5,False,1.7203018177211025,0.6210343027667642,0.6115798114120167,L327722,1,131.5,False,1.459406668796299,0.7018726879906106,0.6954096460592449,2.510619945124572,0.43588701541728353,0.4252985001910103,0.09434663472745397,0.06776289721111706,False,True,False,False,-1.0,0
2025-03-06,2024-25,L317949,1,128.5,False,1.530237338217597,0.673293203724018,0.6663270893232315,L327754,1,141.5,False,1.6452322339142178,0.6324617475499581,0.6242045333704166,2.517595794374684,0.4258321962408024,0.4159243898630756,0.07207334636517904,0.047129494697135677,True,True,False,False,1.5175957943746838,1
2025-03-07,2024-25,L355025,-1,164.5,False,1.7868061255850805,0.6087628540741833,0.5991479347428705,L355040,-1,140.5,False,1.4060366757642337,0.7343797707761612,0.7297827439089227,2.5123149450528164,0.4470631252320404,0.4372478238240162,0.12316337090247398,0.09850424248489698,True,False,False,False,-1.0,0
2025-03-08,2024-25,L318150,1,138.5,False,1.7203018177211025,0.6234088022197529,0.6132247378816001,L356108,1,122.5,False,1.459406668796299,0.7244249827807432,0.7157499772866464,2.510619945124572,0.45161291081340826,0.43891559221036497,0.1338283813639074,0.10195024002950559,True,True,False,False,1.510619945124572,1
2025-03-09,2024-25,L327833,1,143.5,True,1.8849557522123894,0.7843837412080155,0.7805777086699863,L355031,-1,147.5,False,1.4060366757642337,0.7210040780808411,0.717346507344887,2.650316919803379,0.5655438761912862,0.5599446930256894,0.49887050396095334,0.4840308940800937,True,True,False,False,1.650316919803379,1
2025-03-10,2024-25,L356150,-1,137.5,False,1.4532944812546762,0.7008984667922344,0.69728666959009,L356157,1,136.5,False,1.7203018177211025,0.5810588063715918,0.5763186600467921,2.5001051377864663,0.4072632265019745,0.40185931908665096,0.018200885009079792,0.004690548315906984,True,True,False,False,1.5001051377864663,1
2025-03-11,2024-25,L355075,1,137.5,True,1.8695652173913042,0.5805180189613381,0.5757059672828011,L356166,1,127.5,False,1.4087417232519452,0.7186857645100835,0.7132240641850661,2.6337345260797234,0.41721003626910846,0.41060734976103413,0.0988204771489245,0.08143075372772834,True,False,False,False,-1.0,0
2025-03-12,2024-25,L356177,1,135.5,False,1.7203018177211025,0.5960578222477465,0.5895155654776292,L355116,-1,161.5,False,1.4532944812546762,0.6956164178761945,0.690684421134518,2.5001051377864663,0.41462760715906294,0.40716921709170434,0.036612610926481715,0.017965851599462956,False,False,False,False,-1.0,0
2025-03-13,2024-25,L356198,-1,146.5,False,1.4532944812546762,0.7108992334324131,0.7056235913307438,L355044,1,136.5,False,1.7203018177211025,0.5993065769178151,0.5921021609250251,2.5001051377864663,0.4260465861218783,0.4178012532266102,0.06516125889969171,0.044547059765472685,True,True,False,False,1.5001051377864663,1
2025-03-14,2024-25,L356233,1,149.5,True,1.8928571428571428,0.6162786997127216,0.6140824502461454,L356234,-1,149.5,False,1.4060366757642337,0.7185944027414349,0.7143617135424959,2.6614265648394424,0.44285442414233134,0.4386769914142109,0.17862452876907442,0.1675065983336248,False,False,False,False,-1.0,0
2025-03-15,2024-25,L356265,1,138.5,False,1.7203018177211025,0.6120665771712864,0.6034670114285224,L356276,-1,146.5,False,1.4532944812546762,0.7163086319799254,0.7105013634267893,2.5001051377864663,0.43842857257419965,0.428764134403055,0.09611752684514308,0.07195541531964489,True,True,False,False,1.5001051377864663,1
2025-03-16,2024-25,L356278,-1,162.5,False,1.767086780152719,0.5710451083758273,0.5671090379558863,L356279,-1,165.5,False,1.6081720855722137,0.6245052866100633,0.6205081214683199,2.841779632625286,0.35662068907352074,0.35189576380971316,0.013437410781926173,1.0214401561015052e-05,False,True,False,False,-1.0,0
2025-03-18,2024-25,L356321,1,149.5,True,1.8695652173913042,0.5639241823006688,0.558814959321978,L355440,-1,150.5,False,1.4060366757642337,0.7035685197142665,0.7005094691940865,2.628677263385306,0.39675930217235966,0.39145517053235385,0.04295215665710228,0.029009306413016578,True,False,False,False,-1.0,0
2025-03-19,2024-25,L356313,-1,128.5,True,1.8928571428571428,0.5780744984623709,0.575255944629472,L356319,-1,157.5,False,1.4060366757642337,0.7177984904559908,0.7134264585630724,2.6614265648394424,0.4149410023673938,0.41040281134435913,0.1043350065416877,0.09225694439666743,False,False,False,False,-1.0,0
2025-03-20,2024-25,L356292,-1,160.5,False,1.478620714179206,0.7031815317809333,0.6969340181353308,L356294,-1,146.5,False,1.6924735793774883,0.6168961089401909,0.6108587454699909,2.502526492668579,0.4337899508342609,0.42572823999350806,0.08557084421613848,0.06539619926092066,True,True,False,False,1.5025264926685789,1
2025-03-21,2024-25,L356304,-1,154.5,False,1.4060366757642337,0.7182071007896449,0.713961528469031,L356354,-1,157.5,False,1.7868061255850805,0.5642682964881489,0.5605132023414517,2.5123149450528164,0.4052614972882652,0.40018486267077413,0.018144516291789925,0.005390411271694928,True,True,False,False,1.5123149450528164,1
2025-03-22,2024-25,L356454,1,141.5,False,1.7203018177211025,0.6071341246442223,0.5990140446445241,L356451,-1,150.5,False,1.4532944812546762,0.707935594894402,0.7029700154717029,2.5001051377864663,0.4298118577106996,0.42108891223152844,0.0745748337440657,0.05276655293495858,False,True,False,False,-1.0,0
2025-03-23,2024-25,L356426,1,135.5,False,1.7203018177211025,0.5984761405644481,0.5917367990838899,L356462,-1,158.5,False,1.4532944812546762,0.683296680960965,0.6802993580567465,2.5001051377864663,0.4089367604820153,0.4025581645553242,0.02238489591083992,0.0064377354626559136,False,True,False,False,-1.0,0
2025-03-24,2024-25,L356311,-1,144.5,False,1.56199284182177,0.6691562240033614,0.6634141134142582,L356468,-1,155.5,False,1.6242784512054376,0.6397498305788195,0.6338006629393691,2.5371113139082446,0.42809258093691305,0.42047230488529064,0.08611853049522322,0.0667850419095477,False,True,False,False,-1.0,0
2025-03-25,2024-25,L356518,-1,150.5,False,1.767086780152719,0.6205783863772804,0.6108501401847846,L356487,-1,145.5,False,1.4174417166493256,0.7206462169477484,0.7165916983498418,2.5047425191279995,0.44721746646232524,0.43773013939225375,0.120164603544886,0.09640129203960379,False,True,False,False,-1.0,0
2025-03-26,2024-25,L356584,-1,144.5,False,1.6924735793774883,0.6212958783428254,0.6148057618941564,L356488,-1,165.5,False,1.478620714179206,0.66276574981841,0.6601004676287813,2.502526492668579,0.41177362866897027,0.4058335709272018,0.030474414726372023,0.015609262859615392,False,True,False,False,-1.0,0
2025-03-27,2024-25,L356471,-1,175.0,True,1.9090909090909092,0.5112627120305014,0.509210655257433,L356474,-1,153.5,True,1.9345794392523366,0.5036626290704681,0.5025466614273645,3.6932880203908245,0.25750392168698,0.2559021147628636,,,False,False,False,False,-1.0,0
2025-03-28,2024-25,L356466,1,150.5,True,1.8695652173913042,0.5609761320320618,0.5570766706729816,L356467,-1,140.5,False,1.4060366757642337,0.7263978986315632,0.7226818082438479,2.628677263385306,0.40749188349055204,0.40258917569241287,0.07116464914566833,0.05827701262767815,False,True,False,False,-1.0,0
2025-03-29,2024-25,L356619,-1,174.0,True,1.9090909090909092,0.5220169824264341,0.5184886181919239,L356620,-1,157.0,True,1.9090909090909092,0.5131472059032873,0.5108422021711524,3.6446280991735542,0.2678715559661901,0.26486586751784025,,,True,False,False,False,-1.0,0
2025-03-30,2024-25,L356650,-1,149.5,True,1.9090909090909092,0.5289992594194577,0.5253535129548054,L356651,-1,124.5,True,1.8849557522123894,0.525385472487434,0.5242605935694697,3.598551890587289,0.2779285258555944,0.27542214453549235,,,True,True,False,False,2.598551890587289,1
2025-03-31,2024-25,L355431,-1,146.5,False,1.56199284182177,0.6506435699830725,0.6466773358919099,L355430,-1,162.5,False,1.6242784512054376,0.615853811443491,0.6120208126889516,2.5371113139082446,0.400701322465275,0.39577998866009284,0.016623858724645002,0.004137887047998223,False,False,False,False,-1.0,0
2025-04-01,2024-25,L355429,-1,147.5,False,1.4532944812546762,0.6978878631946495,0.6939843919988138,L355433,1,137.5,False,1.7203018177211025,0.5860937580739929,0.5808826234984175,2.5001051377864663,0.4090277204539807,0.4031234742912251,0.022612305404083655,0.007851069237822195,False,True,False,False,-1.0,0
2025-04-03,2024-25,L356721,-1,157.5,False,1.4532944812546762,0.7220009503280119,0.715079576026336,L356720,1,144.5,False,1.7203018177211025,0.5689355530187706,0.5655307586946152,2.5001051377864663,0.4107720099549454,0.4043994951571976,0.026973212547232617,0.011041255560762853,True,True,False,False,1.5001051377864663,1
2025-04-05,2024-25,L356722,-1,156.5,False,1.8069695239184573,0.5673934274455714,0.5625606078746987,L356815,-1,161.5,False,1.5051443383227343,0.6570488780058678,0.6537008644340251,2.7197499484475927,0.3728052148910164,0.3677463556642212,0.013936963980835548,0.0001781318595557302,True,False,False,False,-1.0,0
2025-11-12,2025-26,L367783,-1,161.5,False,1.7275016875202183,0.5976232666996483,0.5902612769256164,L365475,-1,148.5,False,1.450109557714868,0.7046136630959439,0.6999036471420339,2.505066708041632,0.4210935191006034,0.41312602048695296,0.05486735567101442,0.03490824014759086,True,True,False,False,1.5050667080416318,1
2025-11-13,2025-26,L371525,-1,160.5,False,1.6907193879077416,0.6825405842530881,0.664652088423266,L365494,-1,139.5,False,1.5021707415995313,0.7259426412233055,0.7160086757932865,2.539749196770078,0.49548531447478483,0.475896661695185,0.2584084294487041,0.20865816428590778,True,True,False,False,1.539749196770078,1
2025-11-14,2025-26,L365530,-1,168.5,True,1.8928571428571428,0.9574011068158355,0.9542415156689746,L370333,-1,139.5,False,1.4027138516239932,0.7773026384562982,0.7683632164739761,2.65513693343113,0.7441904063889291,0.7332040802724155,0.9759274335083676,0.9467572332736931,True,True,False,False,1.6551369334311299,1
2025-11-15,2025-26,L367763,-1,157.5,True,1.8547008547008548,0.7604183454866928,0.7534234260960103,L365541,-1,154.5,False,1.4027138516239932,0.7822654939890457,0.7713828039368017,2.601614579507748,0.5948490326704806,0.5811778749736122,0.5475679160016029,0.5120008328186809,True,True,False,False,1.601614579507748,1
2025-11-16,2025-26,L366738,-1,161.5,True,1.8695652173913042,0.6742521707383597,0.6701502256949402,L366739,-1,151.5,False,1.4141471605763387,0.7379208875952153,0.7314306805615401,2.643840343686198,0.4975447602942511,0.49016843565851986,0.31542891005562024,0.29592708539554713,False,False,False,False,-1.0,0
2025-11-17,2025-26,L365611,-1,167.5,False,1.7275016875202183,0.6433167540853801,0.6289882655438258,L371679,-1,154.5,False,1.450109557714868,0.7378421434398102,0.7279142132060716,2.505066708041632,0.4746662127450982,0.4578494984291856,0.18907052697995197,0.14694353580851205,True,True,False,False,1.5050667080416318,1
2025-11-18,2025-26,L365622,-1,146.5,True,1.8333333333333335,0.6410414019365775,0.6355200943425753,L365649,-1,153.5,False,1.4027138516239932,0.7637299753281125,0.754918166918358,2.5716420613106545,0.489582534085321,0.4797656646608789,0.2590310371368687,0.23378556281457863,True,True,False,False,1.5716420613106545,1
2025-11-19,2025-26,L366758,1,151.5,True,1.8547008547008548,0.631521792869332,0.6261240615894086,L366759,-1,150.5,False,1.4027138516239932,0.7404883764422561,0.7348976033865174,2.601614579507748,0.46763454708971436,0.4601370722846886,0.21660485559010345,0.19709931582785667,True,True,False,False,1.601614579507748,1
2025-11-20,2025-26,L366776,-1,165.5,True,1.8620689655172413,0.6509150857224355,0.640692272453214,L367515,-1,157.5,False,1.4027138516239932,0.7587148408707052,0.7502126340756159,2.6119499306101943,0.49385893568423905,0.48065543734901783,0.28993481279167255,0.2554479362311797,False,True,False,False,-1.0,0
2025-11-21,2025-26,L366780,1,150.5,True,1.8928571428571428,0.9211006455412121,0.9185103339206454,L366791,-1,144.5,False,1.4027138516239932,0.7595131311299712,0.7513453391110348,2.65513693343113,0.6995880353808437,0.6901184583165971,0.8575020309262023,0.8323590071189491,True,True,False,False,1.6551369334311299,1
2025-11-22,2025-26,L366799,1,154.5,True,1.8333333333333335,0.6747589124965144,0.6723898368792998,L371841,-1,161.5,False,1.4027138516239932,0.738538603357602,0.7312611799558684,2.5716420613106545,0.49833550483827016,0.4916925855066906,0.28154054488657465,0.26445733412359096,True,True,False,False,1.5716420613106545,1
2025-11-23,2025-26,L365765,1,156.5,True,1.8547008547008548,0.8906985122978586,0.8832049875288841,L367522,1,145.0,True,1.8620689655172413,0.8352433929166909,0.829867431807168,3.453580901856764,0.7439500474775124,0.732943054759877,1.5692916759037696,1.5312781360672671,True,False,False,False,-1.0,0
2025-11-24,2025-26,L367796,1,145.5,True,1.8620689655172413,0.8360969607406872,0.8332398075570716,L365769,-1,146.5,False,1.4027138516239932,0.7467728522068207,0.7412149288174569,2.6119499306101943,0.6243745120937771,0.6176097846462864,0.6308349635381147,0.6131658341510444,True,True,False,False,1.6119499306101943,1
2025-11-25,2025-26,L365784,-1,160.5,True,1.8333333333333335,0.6610513572286391,0.6583321054041514,L366859,-1,154.5,False,1.4027138516239932,0.7717273803819681,0.7608520725507355,2.5716420613106545,0.5101514322120022,0.5008933468234379,0.3119268807142559,0.2881183989218181,True,True,False,False,1.5716420613106545,1
2025-11-26,2025-26,L372616,-1,155.5,False,1.7659925545504176,0.6246019919535628,0.6110945767116942,L372614,-1,156.5,False,1.425853522113525,0.7427483284179244,0.7337946112249696,2.518046703931974,0.4639220854500146,0.448417907339845,0.1681774781486569,0.12913723356117002,False,True,False,False,-1.0,0
2025-11-27,2025-26,L372626,-1,147.5,False,1.622003805956482,0.6450062371027419,0.6376023437577311,L372622,-1,150.5,False,1.559317541436185,0.6738805673961121,0.6665444847636949,2.5292189869041968,0.4346571690328269,0.4249903257041211,0.09934316471185256,0.07489360102146181,True,True,False,False,1.5292189869041968,1
2025-11-28,2025-26,L365839,-1,155.5,False,1.450109557714868,0.7264688909903988,0.7178794666564908,L366899,-1,151.5,False,1.7275016875202183,0.6155898573675515,0.6064538350604121,2.505066708041632,0.4472068809867429,0.4353607556649521,0.12028306916702602,0.09060773500411856,True,True,False,False,1.5050667080416318,1
2025-11-29,2025-26,L365858,-1,142.5,True,1.8695652173913042,0.6468715144224786,0.6417738648180178,L365861,-1,151.5,False,1.4027138516239932,0.7597438724628113,0.7508758327160034,2.6224650269492047,0.49145666935321713,0.48189248516059696,0.28882792763975096,0.26374618908330394,True,True,False,False,1.6224650269492047,1
2025-11-30,2025-26,L367529,-1,156.5,False,1.622003805956482,0.6670341963747821,0.6559871842755395,L365884,-1,132.5,False,1.559317541436185,0.6794896771290035,0.6727531158499686,2.5292189869041968,0.45324285072870507,0.4413174221790167,0.14635042374162555,0.11618840342678416,True,True,False,False,1.5292189869041968,1
2025-12-01,2025-26,L365895,-1,154.5,False,1.622003805956482,0.666273669274494,0.6560637588222259,L365893,-1,154.5,False,1.559317541436185,0.6752186604658109,0.6677494473902,2.5292189869041968,0.4498804144711646,0.4380862124062788,0.13784608611679894,0.10801596631890531,True,True,False,False,1.5292189869041968,1
2025-12-02,2025-26,L365909,1,144.5,True,1.8333333333333335,0.6919800949779691,0.6867285300833176,L365935,-1,153.5,False,1.4027138516239932,0.7598571557560775,0.7508103158377969,2.5716420613106545,0.52580602680978,0.5156028645666817,0.3521848946346675,0.3259460134519394,True,True,False,False,1.5716420613106545,1
2025-12-03,2025-26,L370343,-1,141.5,False,1.450109557714868,0.7229052795638299,0.7168919074165246,L365932,-1,148.5,False,1.7275016875202183,0.6085411596943526,0.6004160717911932,2.505066708041632,0.4399176171749432,0.4304334229499255,0.10202297706595376,0.07826443786026105,True,True,False,False,1.5050667080416318,1
2025-12-04,2025-26,L363251,-1,150.5,False,1.622003805956482,0.6718429763262952,0.6611866998360204,L370862,-1,147.5,False,1.559317541436185,0.6814810643864248,0.6741406986719406,2.5292189869041968,0.4578482666073872,0.44573286378004945,0.15799852902457823,0.127356022159683,False,True,False,False,-1.0,0
2025-12-05,2025-26,L364428,-1,163.5,True,1.8771929824561404,0.6136443522874838,0.6097458703046691,L364425,-1,139.5,False,1.4027138516239932,0.7635912698927745,0.7568376068416572,2.633164598662584,0.4685734702257288,0.4614786052629693,0.2338310736708653,0.21514912641863537,True,True,False,False,1.6331645986625838,1
2025-12-06,2025-26,L366020,-1,159.5,False,1.450109557714868,0.7292540713408223,0.7201329923466772,L366033,-1,149.5,False,1.7275016875202183,0.6180312972257619,0.6086120610665625,2.505066708041632,0.4507018397179367,0.4382816247141423,0.12903817393051886,0.09792470681779442,False,False,False,False,-1.0,0
2025-12-07,2025-26,L366993,-1,152.5,True,1.8849557522123894,0.7866841522785659,0.7828898545803475,L364443,-1,137.5,False,1.4027138516239932,0.7555447403875323,0.7500429335648536,2.6440535433266423,0.594375073600295,0.5872010031876055,0.5715595194178935,0.5525908931231474,True,True,False,False,1.6440535433266423,1
2025-12-08,2025-26,L366053,-1,144.5,False,1.559317541436185,0.6811421286846,0.6730471037352417,L364448,-1,154.5,False,1.622003805956482,0.6367323711169857,0.6305663325914574,2.5292189869041968,0.4337052426650163,0.4244008438636336,0.09693553446825143,0.07340267235806541,True,False,False,False,-1.0,0
2025-12-09,2025-26,L366062,-1,148.5,True,1.8695652173913042,0.6006840909625222,0.591616862365351,L366059,-1,138.5,False,1.4027138516239932,0.7426120410803703,0.7384836260077009,2.6224650269492047,0.4460752388341854,0.4368993657268634,0.16981671323066472,0.14575330691498922,True,False,False,False,-1.0,0
2025-12-10,2025-26,L366079,-1,160.5,False,1.622003805956482,0.6660392161449622,0.6548497012544435,L370322,-1,147.5,False,1.559317541436185,0.6637957744672773,0.6580820068014896,2.5292189869041968,0.4421140173065235,0.4309448055548802,0.11820316694814981,0.08995378451713987,True,True,False,False,1.5292189869041968,1
2025-12-11,2025-26,L367012,-1,168.5,False,1.7659925545504176,0.5894574061904538,0.5816092621020638,L366091,-1,152.5,False,1.425853522113525,0.7231849200951158,0.7179036442758044,2.518046703931974,0.4262867071953176,0.4175394088076331,0.07340983798318379,0.051383732109765656,True,True,False,False,1.518046703931974,1
2025-12-12,2025-26,L366096,1,144.5,True,1.8695652173913042,0.5769600079642065,0.5744363537214418,L366101,-1,139.5,False,1.4027138516239932,0.7392328765666217,0.7346508182617014,2.6224650269492047,0.4265078063512814,0.42201013730072534,0.11850180587705927,0.10670682608918414,False,False,False,False,-1.0,0
2025-12-13,2025-26,L367020,1,145.5,True,1.8620689655172413,0.6011856273692636,0.5963103467031899,L370865,-1,142.5,False,1.4027138516239932,0.7430562021333049,0.7379240694021829,2.6119499306101943,0.4467147090501333,0.4400317576658445,0.16679645330604864,0.1493409189015844,False,True,False,False,-1.0,0
2025-12-14,2025-26,L367546,1,148.5,False,1.802136203748374,0.5866247466442618,0.5750689767599924,L367547,-1,153.5,False,1.4027138516239932,0.7437588773405227,0.7380531444202614,2.527881415510923,0.4363073629843047,0.4244314665562546,0.10293327433860222,0.07291241646560187,True,True,False,False,1.5278814155109228,1
2025-12-15,2025-26,L366180,-1,146.5,False,1.559317541436185,0.6467685338248583,0.6442000654884614,L364466,-1,143.5,False,1.622003805956482,0.6238247914619623,0.6199581273714423,2.5292189869041968,0.4034702457374514,0.399377066252787,0.02046460617006418,0.01011205890064426,True,True,False,False,1.5292189869041968,1
2025-12-16,2025-26,L371343,-1,154.5,False,1.622003805956482,0.6409845154506216,0.6336521281325906,L366201,-1,164.5,False,1.544529842386,0.6544053047325419,0.6499561303448759,2.5052332827634576,0.41946366716230477,0.4118460851858541,0.050854339885019195,0.03177051998343572,True,True,False,False,1.5052332827634576,1
2025-12-17,2025-26,L366213,1,130.5,True,1.8771929824561404,0.6148943302373651,0.6119969981837046,L366208,-1,148.5,False,1.4027138516239932,0.7538952609660968,0.7477353977967792,2.633164598662584,0.4635659215608717,0.4576118188873271,0.22064537380048344,0.20496724142370382,True,False,False,False,-1.0,0
2025-12-18,2025-26,L370868,-1,150.5,False,1.622003805956482,0.6687283747913951,0.6578464557607924,L366237,-1,142.5,False,1.559317541436185,0.6516550807447166,0.648181730459185,2.5292189869041968,0.4357802430709697,0.42640405407147214,0.10218366489282271,0.07846922965049097,True,False,False,False,-1.0,0
2025-12-19,2025-26,L367057,1,141.5,True,1.8928571428571428,0.8661617217068738,0.8616112927286901,L367065,-1,164.5,False,1.4027138516239932,0.7349322441868803,0.7279330564665372,2.65513693343113,0.6365701779628048,0.6271953418020796,0.6901809902298699,0.6652895164946633,True,True,False,False,1.6551369334311299,1
2025-12-20,2025-26,L366276,-1,144.5,False,1.425853522113525,0.7490270528679888,0.7411200327179863,L366269,-1,158.5,False,1.7659925545504176,0.5893831069820046,0.5817476522545671,2.518046703931974,0.44146389163290944,0.43114483907251655,0.11162669723122964,0.08564284094383168,True,True,False,False,1.518046703931974,1
2025-12-21,2025-26,L367078,1,148.5,True,1.8695652173913042,0.6209743822618959,0.6135506989776991,L366298,-1,155.5,False,1.4027138516239932,0.7418992588567179,0.7344047743034595,2.6224650269492047,0.46070043396910887,0.4505945626064469,0.20817077598430922,0.18166848176888095,True,True,False,False,1.6224650269492047,1
2025-12-22,2025-26,L363286,1,132.5,True,1.8771929824561404,0.6134848181144856,0.6094114831545923,L370736,-1,174.5,False,1.4027138516239932,0.7402416592103178,0.7318832361166732,2.633164598662584,0.4541270196614069,0.4460180484178444,0.19579119146856394,0.17443893545844236,False,False,False,False,-1.0,0
2025-12-23,2025-26,L366343,-1,151.5,True,1.8928571428571428,0.5897196857323532,0.5862230519382362,L366342,-1,160.5,False,1.4027138516239932,0.7487461740168574,0.7420894468216286,2.65513693343113,0.441550358434523,0.43502994032693254,0.17237666464925572,0.15506406171037912,False,False,False,False,-1.0,0
2025-12-28,2025-26,L366354,1,150.5,True,1.8849557522123894,0.8345554689331038,0.8320287245620366,L371162,-1,157.5,False,1.4027138516239932,0.7271115448257877,0.72149187135457,2.6440535433266423,0.6068149162587587,0.6003019615050199,0.6044511294774306,0.5872305283832813,False,True,False,False,-1.0,0
2025-12-29,2025-26,L371545,1,152.5,True,1.8771929824561404,0.6427438985432546,0.6340944807247396,L371006,-1,155.5,False,1.4027138516239932,0.7341860991162603,0.7292120298259567,2.633164598662584,0.4718936356022495,0.46238932339072336,0.24257361560202484,0.21754719715199777,True,True,False,False,1.6331645986625838,1
2025-12-30,2025-26,L371716,-1,149.5,False,1.7275016875202183,0.6236080108595049,0.6133802849993648,L370737,-1,150.5,False,1.450109557714868,0.7181773045772749,0.7116627392884974,2.505066708041632,0.4478611203518752,0.4365198938482072,0.12192198241970909,0.09351145347701073,True,True,False,False,1.5050667080416318,1
2025-12-31,2025-26,L371011,-1,140.5,True,1.8771929824561404,0.6042060378377111,0.5996932883809137,L370874,-1,145.5,False,1.4027138516239932,0.7312023519359178,0.7270296953363836,2.633164598662584,0.44179687592081646,0.43599482874684975,0.1633238934744201,0.14804614825616058,False,False,False,False,-1.0,0
2026-01-01,2025-26,L371548,1,127.5,False,1.5758582425278698,0.6836658964889087,0.6708542053659077,L363304,-1,154.5,False,1.5899384963286374,0.6453427305781163,0.6393042772472638,2.5055176845518505,0.4411988164432882,0.42887996289973906,0.10543143700200419,0.07456633159523784,True,False,False,False,-1.0,0
2026-01-02,2025-26,L366381,1,124.5,True,1.847457627118644,0.5832373307584282,0.578049199602671,L364555,-1,143.5,False,1.4027138516239932,0.7271668893076259,0.723558176678391,2.5914544038477163,0.42411087553568916,0.4182522248949119,0.09906399612667216,0.08388157012302488,True,True,False,False,1.5914544038477163,1
2026-01-03,2025-26,L363374,1,150.5,True,1.8928571428571428,0.7042211367836073,0.7017550384352096,L364565,-1,151.5,False,1.4027138516239932,0.7438782607048643,0.7371989938222508,2.65513693343113,0.5238547943821922,0.5173331082441315,0.3909062123191287,0.37359024258571805,True,True,False,False,1.6551369334311299,1
2026-01-04,2025-26,L363381,1,146.5,True,1.8928571428571428,0.633089631793951,0.6302536064656517,L366382,-1,153.5,False,1.4027138516239932,0.7388483894747182,0.7324135895719557,2.65513693343113,0.467757254844103,0.4616063062521787,0.24195956321693513,0.22562795243488076,False,True,False,False,-1.0,0
2026-01-05,2025-26,L371380,-1,152.5,False,1.622003805956482,0.6471909587100578,0.6392177146035276,L364591,-1,150.5,False,1.559317541436185,0.6705755675363192,0.6634863243569439,2.5292189869041968,0.4339904444413715,0.4241122119261405,0.09765687221610775,0.07267265898153097,True,True,False,False,1.5292189869041968,1
2026-01-06,2025-26,L370374,-1,136.5,False,1.559317541436185,0.6613094652877148,0.6569803857186018,L371727,-1,141.5,False,1.622003805956482,0.633768664014121,0.6294280348649115,2.5292189869041968,0.41911721631528776,0.41352187312765115,0.06003922124305916,0.04588737301464363,False,False,False,False,-1.0,0
2026-01-07,2025-26,L370549,-1,166.5,False,1.7659925545504176,0.5838202218537697,0.5772546568767283,L370752,-1,154.5,False,1.425853522113525,0.7116081679209866,0.707415798427847,2.518046703931974,0.415451238468585,0.4083590639906436,0.046125621670276784,0.028267195102386067,True,True,False,False,1.518046703931974,1
2026-01-08,2025-26,L363416,-1,153.5,False,1.622003805956482,0.6454788718279677,0.6374640232825058,L363409,-1,144.5,False,1.559317541436185,0.6620759217644538,0.6562353401815797,2.5292189869041968,0.4273560190449815,0.41832642017231364,0.0808769575363586,0.05803912462347838,False,False,False,False,-1.0,0
2026-01-09,2025-26,L367172,-1,168.5,False,1.622003805956482,0.6591473795319035,0.648383307025045,L371730,-1,156.5,False,1.559317541436185,0.6733746302701193,0.6654709899506727,2.5292189869041968,0.44385312298581353,0.4314802811934476,0.12260174605244312,0.09130811966922936,True,True,False,False,1.5292189869041968,1
2026-01-10,2025-26,L363449,1,173.5,True,1.8771929824561404,0.6290629147788016,0.6269504319180584,L363434,-1,138.5,False,1.4027138516239932,0.7328407150446292,0.7284307608725864,2.633164598662584,0.46100291627455564,0.456689980151468,0.21389655901437088,0.20253988829876346,True,False,False,False,-1.0,0
2026-01-11,2025-26,L370759,1,125.5,True,1.8695652173913042,0.6156036444185761,0.6100611648259394,L364654,1,121.5,False,1.4073958963992848,0.7446172293208888,0.7364718076940874,2.6312184150073583,0.45838908006680174,0.4492928488633202,0.20612178871005127,0.1821876176602859,True,False,False,False,-1.0,0
2026-01-12,2025-26,L364660,-1,150.5,False,1.559317541436185,0.6609999872020863,0.6554537023928774,L371508,-1,146.5,False,1.622003805956482,0.6349698495039238,0.6292941415537416,2.5292189869041968,0.41971506239580425,0.4124731749755474,0.06155130490114802,0.04323498573681128,True,False,False,False,-1.0,0
2026-01-13,2025-26,L371570,1,120.5,False,1.5758582425278698,0.6537954306650073,0.6467455347044849,L370895,-1,146.5,False,1.5899384963286374,0.6429536318722555,0.6385692170745346,2.5055176845518505,0.4203601466475519,0.4129917897426942,0.05321978130625049,0.034758232775039755,True,False,False,False,-1.0,0
2026-01-14,2025-26,L370900,1,146.5,True,1.8695652173913042,0.600584292036069,0.5916677203960777,L371740,-1,161.5,False,1.4027138516239932,0.7455329180671469,0.7381499234406351,2.6224650269492047,0.4477553597869421,0.43673948251265987,0.17422277167031375,0.1453340187773442,False,True,False,False,-1.0,0
2026-01-15,2025-26,L363527,-1,153.5,False,1.622003805956482,0.6501233018922884,0.6416097561557434,L364683,-1,148.5,False,1.559317541436185,0.6590357561812931,0.6538222531586237,2.5292189869041968,0.42845450187366335,0.4194987364183033,0.0836552611634489,0.06100416913149176,True,True,False,False,1.5292189869041968,1
2026-01-16,2025-26,L364690,-1,173.5,False,1.7659925545504176,0.5781569282512209,0.5722021312445352,L370902,-1,149.5,False,1.425853522113525,0.7000846991372816,0.6976182893044235,2.518046703931974,0.40475881916889084,0.3991786719351579,0.019201610495623633,0.005150539146267175,True,True,False,False,1.518046703931974,1
2026-01-17,2025-26,L364716,1,137.5,True,1.8695652173913042,0.6751724921483215,0.6721819300729444,L371743,-1,142.5,False,1.425853522113525,0.7300857788506412,0.7248242675091434,2.665726150038329,0.4929338347886357,0.4872137750980042,0.3140266136347398,0.2987785009376429,True,False,False,False,-1.0,0
2026-01-18,2025-26,L367225,-1,167.5,False,1.4027138516239932,0.7361869566591063,0.7291487871479284,L370770,1,142.5,False,1.802136203748374,0.5842804672980477,0.5736037032698476,2.527881415510923,0.4301396590555102,0.41824244454276954,0.08734205020062902,0.05726730273752478,True,True,False,False,1.5278814155109228,1
2026-01-19,2025-26,L371406,1,138.5,True,1.8547008547008548,0.5724360496774377,0.5705424032055193,L364722,-1,147.5,False,1.4027138516239932,0.7341149606164032,0.7290632091171076,2.601614579507748,0.4202338680643616,0.41596147541840267,0.0932865579591784,0.08217143896207024,False,False,False,False,-1.0,0
2026-01-20,2025-26,L364740,-1,154.5,True,1.8771929824561404,0.57504413430551,0.5723963561298195,L371750,-1,150.5,False,1.4027138516239932,0.7456116741301043,0.7397457214261355,2.633164598662584,0.4287596196782279,0.4234277554069445,0.12899465187274317,0.11495497562872603,False,True,False,False,-1.0,0
2026-01-21,2025-26,L371209,1,147.5,True,1.8547008547008548,0.6514278299174459,0.6481647590172135,L370772,1,130.5,False,1.4073958963992848,0.7235060944184077,0.716763292076203,2.610298371954229,0.47131200501903003,0.46458070648095673,0.23026495938365743,0.21269426176858697,True,True,False,False,1.610298371954229,1
2026-01-22,2025-26,L363626,-1,176.5,True,1.8771929824561404,0.5646238226963283,0.5631155937783644,L363609,1,115.5,False,1.4073958963992848,0.7287919358487757,0.7232099488376845,2.6419537002583064,0.41149328876919294,0.40725079976615325,0.08714621689522928,0.07593775737534325,True,True,False,False,1.6419537002583064,1
2026-01-23,2025-26,L371754,-1,155.5,False,1.559317541436185,0.6727541797851431,0.6650884025565805,L367251,-1,171.5,False,1.622003805956482,0.6272499782107418,0.6211665789746139,2.5292189869041968,0.42198504461141645,0.413130687731762,0.06729258702080876,0.044897979483961015,True,False,False,False,-1.0,0
2026-01-24,2025-26,L367247,1,152.5,True,1.8928571428571428,0.5975430563167866,0.5933394791717327,L363674,-1,155.5,False,1.4027138516239932,0.7374261565214568,0.7304389717451758,2.65513693343113,0.4406438793757724,0.43339827906201855,0.16996983862098491,0.150731777623057,True,True,False,False,1.6551369334311299,1
2026-01-25,2025-26,L370424,1,146.5,True,1.8695652173913042,0.5431974157068656,0.5398135069825881,L364797,-1,138.5,False,1.4027138516239932,0.7176559158847865,0.7151235487355673,2.6224650269492047,0.3898288388753598,0.3860333507687803,0.02231249644684752,0.01235896162714134,False,True,False,False,-1.0,0
2026-01-26,2025-26,L366401,-1,146.5,False,1.5899384963286374,0.6450939174822566,0.6401633164497194,L371416,-1,140.5,False,1.5899384963286374,0.6339165695645044,0.630790840844315,2.5279044221077682,0.4089357232172796,0.4038091566610038,0.033750423078799496,0.020790952810960217,False,True,False,False,-1.0,0
2026-01-27,2025-26,L364798,-1,147.5,False,1.4027138516239932,0.7350484712006234,0.7301386216414569,L371592,1,143.5,False,1.802136203748374,0.5719909439768376,0.5633285357183483,2.527881415510923,0.42044106891077593,0.41130792060069504,0.06282516441709785,0.03973764853893935,False,True,False,False,-1.0,0
2026-01-28,2025-26,L363684,-1,161.5,True,1.8547008547008548,0.5850946604605266,0.5827442701957078,L371763,-1,159.5,False,1.4027138516239932,0.7283693724106678,0.7233213613202404,2.601614579507748,0.4261650306404665,0.4215113788195294,0.1087171569906038,0.09661014856530126,False,True,False,False,-1.0,0
2026-01-29,2025-26,L363722,1,129.5,True,1.8695652173913042,0.6000437113978823,0.591622781609535,L363727,1,130.5,False,1.4073958963992848,0.732908685396837,0.723668521105841,2.6312184150073583,0.4397772477012609,0.42813878341989614,0.15714999265281016,0.12652665111327788,True,False,False,False,-1.0,0
2026-01-30,2025-26,L367275,-1,158.5,False,1.622003805956482,0.6417350315278656,0.6343807024611469,L371765,-1,153.5,False,1.559317541436185,0.6586260741681014,0.6532461631237093,2.5292189869041968,0.42266342447134087,0.41440675984246766,0.06900835824286333,0.04812544529501683,False,False,False,False,-1.0,0
2026-01-31,2025-26,L367287,1,143.5,True,1.8695652173913042,0.6023498994351333,0.5972272022599963,L363769,1,129.5,False,1.4073958963992848,0.7363833270336425,0.7262243733835734,2.6312184150073583,0.44356042298442344,0.43372095072889044,0.167104353125068,0.14121455253235538,True,True,False,False,1.6312184150073583,1
2026-02-01,2025-26,L363744,1,144.5,False,1.759700537329633,0.5903656573645413,0.5807207092479753,L367292,-1,152.5,False,1.425853522113525,0.7278939693525278,0.721728501038604,2.5090752090165194,0.42972360170849033,0.4191226870076161,0.07820883577606219,0.05161034350719973,True,False,False,False,-1.0,0
2026-02-02,2025-26,L371433,-1,148.5,False,1.559317541436185,0.660305161378481,0.6547987677716661,L364869,-1,149.5,False,1.622003805956482,0.6276147955280785,0.6229108309528334,2.5292189869041968,0.41441728884469026,0.40788124453953994,0.04815207544735145,0.03162098809151814,True,True,False,False,1.5292189869041968,1
2026-02-03,2025-26,L367299,1,130.5,False,1.544189049059552,0.6792922384471922,0.670013543520885,L367294,-1,165.5,False,1.622003805956482,0.6194099471557085,0.6147167504883394,2.5046805146909144,0.4207603695198583,0.411868548256336,0.05387029889053774,0.031599127431679364,False,False,False,False,-1.0,0
2026-02-04,2025-26,L371225,1,131.5,False,1.7192677511332675,0.6184690086708082,0.6068631287633847,L363791,1,121.5,False,1.4580631171756058,0.7154687094592891,0.7063238898627452,2.5068008964768658,0.44249522347426906,0.4286419257224299,0.1092474228920286,0.07451996366855718,True,True,False,False,1.5068008964768658,1
2026-02-05,2025-26,L364897,1,145.5,True,1.8547008547008548,0.7081328104793689,0.7040897484113988,L366408,-1,158.5,False,1.4027138516239932,0.7364268503190062,0.7307448069685246,2.601614579507748,0.5214880152288675,0.5145099272914047,0.35671082345798033,0.3385565281427898,False,True,False,False,-1.0,0
2026-02-06,2025-26,L371613,1,132.5,True,1.8695652173913042,0.6229933662620737,0.6199620268674593,L371611,1,124.5,False,1.4073958963992848,0.7249255743796649,0.718580968878903,2.6312184150073583,0.4516238238722547,0.4454929139345474,0.18832092202871653,0.1721891588998692,True,False,False,False,-1.0,0
2026-02-07,2025-26,L367635,1,137.5,True,1.8771929824561404,0.6015526681280736,0.5969862710891521,L373613,1,121.5,False,1.4073958963992848,0.7293249351462082,0.7220417411846375,2.6419537002583064,0.4387273606695358,0.4310490066405354,0.15909737392544088,0.13881151808663006,False,True,False,False,-1.0,0
2026-02-08,2025-26,L370457,-1,148.5,False,1.4027138516239932,0.7181859625944518,0.7156214202637052,L370805,1,151.5,False,1.802136203748374,0.55996973679672,0.5533505283742318,2.527881415510923,0.4021624044451142,0.3959894910188395,0.01661886821399161,0.0010144750841538652,True,False,False,False,-1.0,0
2026-02-09,2025-26,L364935,-1,142.5,False,1.622003805956482,0.6325816017157487,0.6277908254765204,L364931,-1,145.5,False,1.559317541436185,0.6541206197877928,0.6506118300805545,2.5292189869041968,0.4137846693806602,0.40844813787106093,0.046552042287441475,0.033054785469150305,True,True,False,False,1.5292189869041968,1
2026-02-10,2025-26,L363873,-1,163.5,True,1.8695652173913042,0.5724663570685525,0.5677007869826273,L370948,1,124.5,False,1.4073958963992848,0.7378958312613303,0.7292646889311744,2.6312184150073583,0.4224205384182451,0.41400413782486856,0.11148069956340967,0.08933531133403849,True,True,False,False,1.6312184150073583,1
2026-02-11,2025-26,L371237,1,133.5,False,1.4580631171756058,0.7075913282876757,0.699884434009939,L363883,1,137.5,False,1.7192677511332675,0.597529707114851,0.5892485736480578,2.5068008964768658,0.42280683914874323,0.41240590445883485,0.05989256341461924,0.03381949100975978,True,False,False,False,-1.0,0
2026-02-12,2025-26,L363895,1,131.5,True,1.8695652173913042,0.6001190010754807,0.5963942238344319,L363909,1,121.5,False,1.4073958963992848,0.7334794516974875,0.7255756522000448,2.6312184150073583,0.4401749558620875,0.4327291279270074,0.15819644968937574,0.13860485011161683,True,True,False,False,1.6312184150073583,1
2026-02-13,2025-26,L364957,1,134.5,True,1.8695652173913042,0.5830526267370066,0.577500191133427,L370950,-1,157.5,False,1.4027138516239932,0.7219906339948197,0.7173962081032841,2.6224650269492047,0.42095853563019636,0.4142964472980423,0.10394903748594064,0.08647794382842022,False,True,False,False,-1.0,0
2026-02-14,2025-26,L363947,-1,999.0,True,1.8620689655172413,1.0,1.0,L363924,1,143.5,True,1.8849557522123894,0.7633409902738562,0.76079347140991,3.5099176075678975,0.7633409902738562,0.76079347140991,1.6792639823405229,1.6703224010243471,True,False,False,False,-1.0,0
2026-02-15,2025-26,L364975,1,134.5,True,1.8695652173913042,0.5793509010052651,0.5720867623045176,L367360,-1,154.5,False,1.4027138516239932,0.720722586951344,0.7164944198463797,2.6224650269492047,0.4175512801251066,0.4098969728591691,0.09501362908596267,0.07494047597551812,True,True,False,False,1.6224650269492047,1
2026-02-16,2025-26,L371463,-1,158.5,False,1.622003805956482,0.6287630032618963,0.6233316774391543,L371465,-1,141.5,False,1.559317541436185,0.6524539580502673,0.6485816126627291,2.5292189869041968,0.4102389101537973,0.4042814645772507,0.03758404072786914,0.02251635626221926,True,True,False,False,1.5292189869041968,1
2026-02-17,2025-26,L371794,1,144.5,True,1.8695652173913042,0.5774796639802234,0.5758246277050089,L363970,-1,163.5,False,1.4027138516239932,0.7335754955403483,0.7273477886571869,2.6224650269492047,0.4236249306687662,0.41882476961558607,0.11094156522262111,0.09835331073693232,True,False,False,False,-1.0,0
2026-02-18,2025-26,L371249,1,133.5,True,1.8695652173913042,0.6116519542784914,0.6059639909385636,L371795,-1,157.5,False,1.4027138516239932,0.7255583618307968,0.7200753749499089,2.6224650269492047,0.44378918995690764,0.4363397479812294,0.1638216300001074,0.1442857289486037,True,False,False,False,-1.0,0
2026-02-19,2025-26,L363988,1,140.5,True,1.8695652173913042,0.6147732477326215,0.611822017811556,L366421,1,113.5,False,1.4073958963992848,0.7334865052774129,0.7268956666574379,2.6312184150073583,0.45092788101744574,0.4447307735128298,0.1864897443733502,0.17018380098742458,True,True,False,False,1.6312184150073583,1
2026-02-20,2025-26,L367376,-1,163.5,False,1.4027138516239932,0.7261068994293728,0.7208731578840905,L365023,1,139.5,False,1.802136203748374,0.5611663473940239,0.5546399691098026,2.527881415510923,0.407466756570381,0.3998250660209178,0.030027641372779357,0.010710353849705756,True,True,False,False,1.5278814155109228,1
2026-02-21,2025-26,L370644,1,132.5,False,1.6091245221785069,0.6564993464033255,0.6453020691902294,L364050,1,134.5,False,1.5758582425278698,0.659657328744406,0.6493143365650842,2.53575214152872,0.43306460517086615,0.41900388494032986,0.09814449998231334,0.06248999854629478,True,True,False,False,1.5357521415287199,1
2026-02-22,2025-26,L367393,-1,156.5,False,1.425853522113525,0.724233106005777,0.7181784481346845,L370830,1,148.5,False,1.759700537329633,0.5898825338262411,0.5801774217024674,2.5090752090165194,0.42721245965153637,0.41667092036106046,0.07190819149464,0.0454586765960332,True,False,False,False,-1.0,0
2026-02-23,2025-26,L365067,-1,145.5,False,1.559317541436185,0.657132676522726,0.6529391468808787,L370649,1,132.5,False,1.6091245221785069,0.6345572587947249,0.6274425346026611,2.5091360937880656,0.41698830987870167,0.40968179326023774,0.046280419004332884,0.02794737443708284,True,False,False,False,-1.0,0
2026-02-24,2025-26,L367401,1,133.5,False,1.4580631171756058,0.6983515957150304,0.6913540209552516,L364074,1,136.5,False,1.7192677511332675,0.6103333523611973,0.5997783821272658,2.5068008964768658,0.42622727053954607,0.41465919616572056,0.06846690389142163,0.03946804468060461,True,True,False,False,1.5068008964768658,1
2026-02-25,2025-26,L364112,-1,151.5,True,1.8695652173913042,0.6063626429311622,0.6007405972568943,L371451,-1,163.5,False,1.4027138516239932,0.724587821368787,0.718237541935826,2.6224650269492047,0.4393629864009105,0.4314744499148518,0.15221406597234655,0.13152665492384497,True,False,False,False,-1.0,0
2026-02-26,2025-26,L364099,1,135.5,True,1.8695652173913042,0.6532798871420156,0.6468306847734379,L364086,1,128.5,False,1.4073958963992848,0.7174741235961695,0.7121741248115148,2.6312184150073583,0.46871141449022213,0.4606560768297559,0.23328210513081915,0.21208675233949803,True,False,False,False,-1.0,0
2026-02-27,2025-26,L365095,1,123.5,False,1.4580631171756058,0.7027988135463001,0.6963547408588144,L364114,1,137.5,False,1.7192677511332675,0.5907323072460796,0.5837145832352268,2.5068008964768658,0.4151659646560132,0.40647241734427725,0.040738412386376543,0.018945420191752937,True,False,False,False,-1.0,0
2026-02-28,2025-26,L370657,1,142.5,True,1.8695652173913042,0.5953812869640173,0.591588231525247,L367422,1,130.5,False,1.4073958963992848,0.7299813357896747,0.7214565009247931,2.6312184150073583,0.434617227162169,0.42680517550449104,0.14357285158853528,0.12301763740786442,True,False,False,False,-1.0,0
2026-03-01,2025-26,L365129,1,133.5,False,1.7192677511332675,0.5935468382578629,0.5861898006654838,L365130,1,120.5,False,1.4580631171756058,0.6940244120369105,0.6893526034650536,2.5068008964768658,0.4119359954382805,0.404091465213412,0.03264152265577147,0.012976847255631307,False,True,False,False,-1.0,0
2026-03-02,2025-26,L371655,-1,141.5,False,1.622003805956482,0.6462274556844109,0.6392332984350045,L371493,-1,138.5,False,1.559317541436185,0.6607170081402869,0.6560083632595018,2.5292189869041968,0.4269734710979138,0.41934238984732003,0.07990941000523377,0.060608734415623644,True,False,False,False,-1.0,0
2026-03-03,2025-26,L367436,1,139.5,True,1.8695652173913042,0.5790233838906211,0.5740519681352758,L371815,-1,152.5,False,1.4027138516239932,0.7269464881946052,0.721885217348634,2.6224650269492047,0.42091901550184374,0.41439962978674466,0.10384539733147546,0.08674853629643553,False,False,False,False,-1.0,0
2026-03-04,2025-26,L367434,1,150.5,True,1.8695652173913042,0.6082849341789005,0.6035832418152337,L364169,-1,175.5,False,1.4027138516239932,0.7175287391850866,0.711878638784903,2.6224650269492047,0.4364619218866699,0.4296780165768075,0.14460612574282727,0.12681557132157817,False,False,False,False,-1.0,0
2026-03-05,2025-26,L376484,1,133.5,True,1.8620689655172413,0.7202805719307065,0.7165791879079491,L371504,-1,135.5,False,1.4027138516239932,0.7396062179104143,0.7352458720199007,2.6119499306101943,0.5327239896400199,0.5268618898846923,0.39144838777463575,0.3761368767254778,True,True,False,False,1.6119499306101943,1
2026-03-06,2025-26,L376531,1,135.5,True,1.8620689655172413,0.6581391054688525,0.6553440654364683,L376516,-1,166.5,False,1.4027138516239932,0.7153102680843979,0.710065643578645,2.6119499306101943,0.4707736599697507,0.46533730558959147,0.22963722849109724,0.21543774304506824,True,True,False,False,1.6119499306101943,1
2026-03-07,2025-26,L376546,1,140.5,True,1.8620689655172413,0.6473430123248568,0.6438515890587292,L376525,1,122.5,False,1.4073958963992848,0.7425644673950313,0.7332039621053619,2.6206682208814267,0.48069391916890253,0.4720745361056935,0.2597392779368881,0.23715073465953274,False,False,False,False,-1.0,0
2026-03-08,2025-26,L370522,-1,155.5,True,1.8695652173913042,0.6310556791369136,0.6287793492403749,L376564,1,118.5,False,1.4073958963992848,0.7250611166694553,0.7188476849485366,2.6312184150073583,0.45755393539561207,0.45199657954489086,0.2039243406720217,0.18930172361885522,True,True,False,False,1.6312184150073583,1
2026-03-09,2025-26,L376326,-1,161.5,False,1.622003805956482,0.6270717378064387,0.621470184064161,L376584,-1,144.5,False,1.559317541436185,0.6435344356631998,0.6404406489197321,2.5292189869041968,0.4035422569096085,0.3980147679663166,0.020646738193953018,0.006666508208676092,False,True,False,False,-1.0,0
2026-03-10,2025-26,L376561,1,134.5,True,1.8695652173913042,0.590669725047974,0.5883321047453598,L376385,-1,156.5,False,1.4027138516239932,0.7235288882287948,0.7192516693408414,2.6224650269492047,0.42736660947436855,0.4231588484649108,0.12075398703238993,0.10971928094332672,True,True,False,False,1.6224650269492047,1
2026-03-11,2025-26,L376368,-1,159.5,True,1.8695652173913042,0.6322204356367739,0.6241777809161004,L376351,-1,145.5,False,1.4027138516239932,0.7177384603041155,0.7135688239549897,2.6224650269492047,0.45376892204673525,0.445393805067137,0.18999312838400284,0.168029677008398,True,False,False,False,-1.0,0
2026-03-12,2025-26,L376344,-1,156.0,True,1.8620689655172413,0.7683348251464271,0.7641266887530628,L376641,-1,148.5,False,1.4027138516239932,0.7279853814645955,0.7236253303560433,2.6119499306101943,0.559336520776755,0.5529414275828045,0.46095898663059276,0.4442553234064077,False,True,False,False,-1.0,0
2026-03-13,2025-26,L376749,-1,170.5,False,1.7659925545504176,0.5785232175204265,0.5723477115717032,L376737,-1,152.5,False,1.425853522113525,0.7057092952148848,0.701348011403319,2.518046703931974,0.4082692121017876,0.4014149293420544,0.028040943849810596,0.010781539738846435,True,True,False,False,1.518046703931974,1
2026-03-14,2025-26,L376764,1,153.5,True,1.8849557522123894,0.6902154465154094,0.6863658710145699,L376809,1,131.5,False,1.4073958963992848,0.7194653883100623,0.711039193535331,2.652878990557944,0.49658612424481213,0.48803303539637477,0.3173828960116589,0.29469258630126394,False,True,False,False,-1.0,0
2026-03-15,2025-26,L376815,1,150.5,True,1.925925925925926,0.5373531507047977,0.5301106893079435,L376813,-1,168.0,True,1.9090909090909092,0.5188462441981417,0.515007370374459,3.6767676767676774,0.2788036640512223,0.2730109121078758,,,False,True,False,False,-1.0,0
2026-03-17,2025-26,L376851,-1,147.5,False,1.622003805956482,0.6530406566842076,0.6453825180703678,L376853,-1,152.5,False,1.559317541436185,0.6501383068152466,0.6464156815008774,2.5292189869041968,0.4245667468181875,0.41718538024720914,0.07382227726070689,0.05515318478008835,False,True,False,False,-1.0,0
2026-03-18,2025-26,L376848,-1,165.5,False,1.622003805956482,0.6370273642981402,0.6301539819949025,L376859,-1,161.5,False,1.559317541436185,0.6484410061355611,0.6434579375947699,2.5292189869041968,0.41307466504137064,0.4054775816215717,0.04475628583172586,0.025541598201275217,True,True,False,False,1.5292189869041968,1
2026-03-19,2025-26,L376842,1,146.5,False,1.644062482054464,0.6246944506006303,0.6159938909108991,L376833,1,131.5,False,1.544189049059552,0.666687993139568,0.6594541239992922,2.53874328075817,0.4164762895963592,0.40621971171956245,0.057326381807850435,0.03128756363955998,True,True,False,False,1.5387432807581698,1
2026-03-20,2025-26,L376836,1,131.5,False,1.544189049059552,0.6722775910563799,0.663407669896216,L376826,-1,152.5,False,1.622003805956482,0.6306146833075493,0.6249566299911836,2.5046805146909144,0.42394812017878114,0.41460102168864277,0.06185459585163522,0.038443100394488505,False,True,False,False,-1.0,0
2026-03-21,2025-26,L376904,-1,154.5,False,1.450109557714868,0.7145671677334058,0.7087301508979645,L376919,-1,151.5,False,1.7275016875202183,0.5901368049566064,0.585081887631657,2.505066708041632,0.4216923852930835,0.4146651745088502,0.05636755543236793,0.03876392364639414,True,True,False,False,1.5050667080416318,1
2026-03-22,2025-26,L376910,1,146.5,True,1.8695652173913042,0.5860894872583207,0.5837277817507773,L376925,-1,155.5,False,1.4027138516239932,0.7215989647411789,0.7172449989721134,2.6224650269492047,0.42292156725129254,0.4186758322218303,0.10909701925906079,0.09796272763060299,True,True,False,False,1.6224650269492047,1
2026-03-24,2025-26,L376938,1,147.5,True,1.8620689655172413,0.5630203360512432,0.5583457912285943,L376939,1,144.5,False,1.4073958963992848,0.6886772390468908,0.6854403351698748,2.6206682208814267,0.38773929055902284,0.3827127262804166,0.01613603675514108,0.0029630794899797586,True,True,False,False,1.6206682208814267,1
2026-03-25,2025-26,L376936,-1,156.5,False,1.622003805956482,0.6432171791770405,0.6363794614644739,L376937,-1,143.5,False,1.559317541436185,0.6421642242429065,0.6397513366670005,2.5292189869041968,0.4130510608859348,0.4071246110993231,0.04469658575362789,0.02970729642839487,True,True,False,False,1.5292189869041968,1
2026-03-26,2025-26,L376929,-1,153.5,False,1.5899384963286374,0.6523543828446954,0.6460976651194776,L376928,1,135.5,False,1.5758582425278698,0.6390197150873479,0.6327452929187992,2.5055176845518505,0.4168673118613999,0.4088152563701761,0.04446842198032863,0.024293854550074823,False,False,False,False,-1.0,0
2026-03-27,2025-26,L376933,1,135.5,True,1.8695652173913042,0.5370580852390523,0.5346789184343435,L376931,-1,138.5,True,1.9523809523809523,0.49923264347453283,0.49854903571392195,3.6501035196687366,0.26811692759326305,0.26656365920200464,,,False,True,False,False,-1.0,0
2026-03-28,2025-26,L377008,-1,152.5,True,1.9174311926605505,0.534164720827578,0.5321455571291404,L377007,1,137.5,True,1.9090909090909092,0.541957518662241,0.5388297178660324,3.6605504587155964,0.28949458665662287,0.2867358404115573,,,True,False,False,False,-1.0,0
2026-03-29,2025-26,L377041,1,145.5,True,1.8695652173913042,0.5292883369507753,0.5279584323122645,L377042,1,133.5,True,1.9090909090909092,0.5130752598935214,0.5102872233702795,3.569169960474308,0.27156475103962874,0.2694104424795511,,,True,True,False,False,2.569169960474308,1
2026-04-01,2025-26,L376420,-1,168.5,False,1.622003805956482,0.6339874046573248,0.6272615109317293,L376417,-1,152.5,False,1.559317541436185,0.6466101274770242,0.6428886164586474,2.5292189869041968,0.4099426765443005,0.40325928492066015,0.0368348010581705,0.019931040066742955,False,True,False,False,-1.0,0
2026-04-02,2025-26,L376419,1,148.5,True,1.8695652173913042,0.5736592939610049,0.569063110833392,L376418,-1,143.5,False,1.4027138516239932,0.7066083871861019,0.7041260806427558,2.6224650269492047,0.4053524685001036,0.40069217786949046,0.06302267222905078,0.05080122303484891,True,False,False,False,-1.0,0
2026-04-04,2025-26,L377132,1,133.5,True,1.8695652173913042,0.562175048348349,0.5554068989432108,L377130,-1,165.5,False,1.4027138516239932,0.7151072677784819,0.71030105442877,2.6224650269492047,0.4020154628376238,0.394506105956376,0.05427149158446598,0.03457846578851331,True,True,False,False,1.6224650269492047,1
2026-04-05,2025-26,L377131,-1,162.5,True,1.9090909090909092,0.5409106197309279,0.5384632866257363,L377165,1,136.5,True,1.9090909090909092,0.5275549459655153,0.524561361799542,3.6446280991735542,0.28536007276432307,0.28245703491145335,,,False,True,False,False,-1.0,0
