date,season,game_a,side_a,thr_a,main_a,odds_a,p_a,pc_a,game_b,side_b,thr_b,main_b,odds_b,p_b,pc_b,combined_odds,joint_model,joint_cons,ev_model,ev_cons,win_a,win_b,push_a,push_b,profit,card_win
2023-10-27,2023-24,N290572,-1,218.0,True,1.9090909090909092,0.55150812693107,0.5317951985231072,N290577,-1,240.5,True,1.9174311926605505,0.5428137122227865,0.5274467577938228,3.6605504587155964,0.29936617370048985,0.28049365327133524,,,True,True,False,False,2.6605504587155964,1
2023-10-28,2023-24,N290578,-1,219.5,True,1.9090909090909092,0.559850528404958,0.5296504658135835,N290584,-1,221.5,True,1.9174311926605505,0.5485866402707034,0.5270113431799521,3.6605504587155964,0.3071265204314539,0.279131803404304,,,False,False,False,False,-1.0,0
2023-10-29,2023-24,N290590,-1,236.5,False,1.7005181067948967,0.6342874353871629,0.5978995608846939,N290585,-1,236.5,False,1.4706931818791737,0.7187817899549862,0.6887838272856194,2.500940385325335,0.45591425815354264,0.41182354787855063,0.1402143804618352,0.02994614251742922,False,True,False,False,-1.0,0
2023-10-30,2023-24,N290591,-1,229.5,True,1.8849557522123894,0.5755295323140507,0.5702117164765151,N290598,-1,240.5,False,1.4249071520119512,0.745338241996804,0.7109109575224452,2.685886932553501,0.4289641698321973,0.4053697573508364,0.1521492582859596,0.0887773341209952,False,True,False,False,-1.0,0
2023-10-31,2023-24,N290604,-1,224.5,False,1.6046884082364266,0.6659669888398924,0.6288589807844205,N290602,-1,220.5,False,1.5754615864982375,0.6657715382241832,0.63815031630833,2.528124945475492,0.4433818665664626,0.40130655750091193,0.12092475723816021,0.014553118800950449,True,True,False,False,1.5281249454754922,1
2023-11-01,2023-24,N290613,-1,230.5,False,1.4472886850884374,0.7264016889749565,0.697473444433758,N290611,-1,227.5,False,1.735375025008386,0.6102982611470898,0.5793728036684996,2.5115886380797012,0.44332168767572516,0.40409714498591187,0.11344171378066914,0.014925798027061843,True,True,False,False,1.5115886380797012,1
2023-11-02,2023-24,N290620,-1,230.5,False,1.4140865368874374,0.7437883311854521,0.7133512909146897,N290619,-1,220.5,False,1.7717934841425527,0.5983774256810062,0.5663688063169295,2.505469312070869,0.44506614686632245,0.4040199191199936,0.11509957281519712,0.012259508820498644,True,False,False,False,-1.0,0
2023-11-03,2023-24,N290428,-1,227.5,True,1.9090909090909092,0.5715448412142389,0.5418057746914923,N290425,1,225.0,True,1.9090909090909092,0.527698417599937,0.5164440682645135,3.6446280991735542,0.3016033082961611,0.27981237849088064,,,False,True,False,False,-1.0,0
2023-11-04,2023-24,N290628,-1,227.5,True,1.9090909090909092,0.5687728823314259,0.5400106643547424,N290626,1,229.0,True,1.9090909090909092,0.5282575826435802,0.5166860340058101,3.6446280991735542,0.30045858789362057,0.27901596848629456,,,True,True,False,False,2.6446280991735542,1
2023-11-05,2023-24,N290632,-1,228.0,True,1.9090909090909092,0.584551490700694,0.5592729764271742,N290634,1,218.5,True,1.9090909090909092,0.5232263609491783,0.5168881746791142,3.6446280991735542,0.30585274926674155,0.2890815879327973,,,True,False,False,False,-1.0,0
2023-11-06,2023-24,N290636,1,237.5,False,1.8908131441921936,0.5545005084762338,0.532411377184634,N290638,1,224.5,False,1.6941519600136918,0.6078024502088067,0.5863785946927846,3.203324794252856,0.3370267676938841,0.3121946351519758,0.07960620128071638,6.081541504832089e-05,True,True,False,False,2.203324794252856,1
2023-11-08,2023-24,N290659,-1,230.5,True,1.8928571428571428,0.5844625214353214,0.575889182942783,N290647,1,232.5,False,1.4132507350380155,0.6994263990744689,0.6855325710772064,2.675081748464815,0.40878851676149147,0.39479079223831776,0.09354270017066901,0.05609764277868856,True,True,False,False,1.675081748464815,1
2023-11-09,2023-24,N290662,-1,233.0,True,1.9090909090909092,0.5117686877533717,0.5030645441454394,N290661,-1,242.5,True,1.9090909090909092,0.5061307427291641,0.5029058840608114,3.6446280991735542,0.2590218660381437,0.2529941193131113,,,False,False,False,False,-1.0,0
2023-11-10,2023-24,N290434,1,229.5,True,1.8928571428571428,0.538145170397729,0.5356852112490302,N290432,1,221.5,False,1.7118678710199764,0.5954428129651718,0.5766836289432692,3.240321327287812,0.32043467404524545,0.3089208915943325,0.03831130831132734,0.0010029534778819293,True,True,False,False,2.240321327287812,1
2023-11-11,2023-24,N290666,-1,224.5,True,1.9090909090909092,0.562549991242191,0.539562502322831,N290664,1,221.0,True,1.9090909090909092,0.5084137442629214,0.5064173064511669,3.6446280991735542,0.28600814738251595,0.27324378908837954,,,False,False,False,False,-1.0,0
2023-11-12,2023-24,N290677,1,218.5,True,1.9090909090909092,0.5689155337958655,0.544994731008178,N290668,1,234.0,True,1.9090909090909092,0.5279317056311016,0.5138358595505698,3.6446280991735542,0.3003485481168799,0.28003783605811866,,,True,False,False,False,-1.0,0
2023-11-13,2023-24,N290681,-1,226.5,True,1.9090909090909092,0.5641267519045591,0.5377802249312865,N290678,-1,224.5,True,1.9090909090909092,0.5403983848574371,0.530920639491911,3.6446280991735542,0.30485318558409585,0.2855186209266224,,,False,True,False,False,-1.0,0
2023-11-14,2023-24,N290441,1,240.5,True,1.9090909090909092,0.5317738586420373,0.5214190911517856,N290448,1,226.5,True,1.9090909090909092,0.5349916392410656,0.5256183651829583,3.6446280991735542,0.2844945683404502,0.2740674502663855,,,True,True,False,False,2.6446280991735542,1
2023-11-15,2023-24,N290687,-1,230.0,True,1.9090909090909092,0.5887599766918599,0.5667619134727996,N290686,-1,217.5,True,1.8695652173913042,0.5262416739642988,0.5237603545858448,3.569169960474308,0.3098300356975059,0.2968474207662654,,,False,True,False,False,-1.0,0
2023-11-16,2023-24,N290691,-1,227.5,True,1.8928571428571428,0.5617295360331455,0.5442686793071938,N290690,-1,226.5,False,1.4140865368874374,0.7051161678497758,0.6881161873779391,2.6766638019655065,0.3960845778157241,0.3745200885140924,0.06018525195613855,0.0024643640345887174,False,False,False,False,-1.0,0
2023-11-17,2023-24,N290458,1,221.5,True,1.9090909090909092,0.5580160116419023,0.5399707665415999,N290453,1,216.0,True,1.9090909090909092,0.5606769150517568,0.5445616777469725,3.6446280991735542,0.31286669595686695,0.29404738656221246,,,False,False,False,False,-1.0,0
2023-11-18,2023-24,N290694,-1,214.5,True,1.9090909090909092,0.5526257223242109,0.5351971455799492,N290696,1,223.0,True,1.9090909090909092,0.5241660047978168,0.5173917453081475,3.6446280991735542,0.28966761701918936,0.2769065852355486,,,True,True,False,False,2.6446280991735542,1
2023-11-19,2023-24,N290702,-1,246.5,True,1.8695652173913042,0.5389616364145565,0.5313591795943693,N290706,1,218.5,True,1.9090909090909092,0.5219450179116432,0.5108720921990809,3.569169960474308,0.28130834097208424,0.27145657578856264,,,True,False,False,False,-1.0,0
2023-11-20,2023-24,N290713,1,228.5,True,1.9090909090909092,0.55346935725724,0.5478079788031581,N290712,-1,237.5,True,1.9090909090909092,0.5327574370731484,0.5192334083711826,3.6446280991735542,0.2948649162708899,0.28444020396689235,,,False,True,False,False,-1.0,0
2023-11-21,2023-24,N290463,1,225.0,True,1.8928571428571428,0.5675278110647378,0.5641670933408935,N290462,-1,228.5,False,1.4035057269443514,0.680240637408139,0.6746077068032024,2.6566358402875223,0.38605547994552314,0.3805914690925284,0.02560882436267753,0.011092937298891714,True,False,False,False,-1.0,0
2023-11-22,2023-24,N290721,1,213.0,True,1.8849557522123894,0.5905716085119029,0.5791004086169815,N290720,1,229.5,False,1.4132507350380155,0.7058693745396626,0.6912509599281074,2.6639151023282945,0.4168664119211794,0.4003037133512477,0.11049673037023777,0.06637510751448539,False,True,False,False,-1.0,0
2023-11-24,2023-24,N290470,-1,232.5,True,1.8695652173913042,0.5565640091821019,0.550709862347315,N290468,1,208.5,False,1.402328378819091,0.7028924924991458,0.6926799476996641,2.621744360400909,0.39120466364932505,0.3814656786484274,0.025638620685152658,0.00010549168301987599,False,True,False,False,-1.0,0
2023-11-25,2023-24,N290734,-1,238.0,True,1.9090909090909092,0.5421780105564593,0.5239531324672058,N290731,1,246.0,True,1.9090909090909092,0.5352398757055631,0.5326992582719957,3.6446280991735542,0.29019529098052876,0.27910944503456925,,,True,False,False,False,-1.0,0
2023-11-26,2023-24,N290736,1,232.0,True,1.8928571428571428,0.567032353640608,0.5556020253533662,N290737,-1,227.5,False,1.4035057269443514,0.6982476887445415,0.6892905678039727,2.6566358402875223,0.39592903037293203,0.38297123552885903,0.05183925229901809,0.017415110105160947,False,False,False,False,-1.0,0
2023-11-27,2023-24,N290744,1,240.5,True,1.9174311926605505,0.5180172442442131,0.5140704258918141,N290745,1,231.5,True,1.9090909090909092,0.5041980415121111,0.5018438556744041,3.6605504587155964,0.2611832800174332,0.257983084617731,,,False,True,False,False,-1.0,0
2023-11-28,2023-24,N290478,1,216.5,True,1.9090909090909092,0.5446766292261616,0.5277274667353428,N290479,1,221.5,True,1.9090909090909092,0.5545949657213284,0.5390501401028062,3.6446280991735542,0.30207491651489177,0.2844715648797855,,,True,False,False,False,-1.0,0
2023-11-29,2023-24,N290748,1,228.5,True,1.9090909090909092,0.5291326103576282,0.520007950103514,N290749,1,233.0,True,1.8695652173913042,0.5146230131973059,0.5072326745032819,3.569169960474308,0.27230381832319855,0.26376502329397455,,,True,True,False,False,2.569169960474308,1
2023-11-30,2023-24,N290758,1,217.5,True,1.8928571428571428,0.5744856196537352,0.5663050374045232,N290761,1,219.5,False,1.4132507350380155,0.6975995682264006,0.6831255938709981,2.675081748464815,0.40076092022272186,0.38685746498910273,0.072068223185767,0.03487534384971491,True,True,False,False,1.675081748464815,1
2023-12-01,2023-24,N290768,-1,236.5,True,1.8695652173913042,0.5494783253150676,0.5381804456731035,N290767,1,228.5,True,1.8695652173913042,0.5386960805010826,0.5362225471783116,3.4952741020793945,0.29600182016752574,0.28858448942039056,0.03460749619991499,0.008681892132896163,True,False,False,False,-1.0,0
2023-12-02,2023-24,N290776,1,247.5,True,1.8695652173913042,0.5673606296591381,0.5559018462367927,N290780,1,220.5,False,1.4132507350380155,0.7000454918120391,0.6903564166541454,2.642164417679768,0.39717825102451954,0.38377040657945594,0.049410242333268295,0.01398451282273605,True,True,False,False,1.6421644176797678,1
2023-12-04,2023-24,N298641,1,235.0,True,1.9090909090909092,0.5190370524174346,0.5169212717748699,N298642,-1,232.5,True,1.9090909090909092,0.5117446531020392,0.5084196404688635,3.6446280991735542,0.265614436336465,0.262812927146487,,,False,False,False,False,-1.0,0
2023-12-05,2023-24,N298644,1,223.0,True,1.9090909090909092,0.5120315056669641,0.5059343740512455,N298643,1,222.5,True,1.9090909090909092,0.5114729314934987,0.5082669206224485,3.6446280991735542,0.2618902552205121,0.2571497063360726,,,False,True,False,False,-1.0,0
2023-12-06,2023-24,N298300,1,221.5,False,1.7299922169910489,0.6057691487876055,0.5791397565222766,N298298,1,206.5,False,1.4595676342933104,0.7076329302950538,0.6858596616680726,2.5250406474994644,0.4286621978389137,0.3972085974668985,0.08238947358971416,0.002967854140171422,False,True,False,False,-1.0,0
2023-12-07,2023-24,N298646,-1,230.5,True,1.8695652173913042,0.5167621991730585,0.5136845083299252,N298645,-1,254.5,True,1.9174311926605505,0.5064899824181984,0.5030965426663677,3.58476266453929,0.261734877173552,0.25843290016205833,,,True,True,False,False,2.58476266453929,1
2023-12-08,2023-24,N298308,1,240.5,True,1.8928571428571428,0.5689601828591239,0.55459908839559,N301938,1,216.5,False,1.402328378819091,0.7200768873470796,0.7018452393524668,2.6544072884789935,0.4096950774976232,0.38924272993966275,0.0874975997636569,0.03320873933930146,False,True,False,False,-1.0,0
2023-12-11,2023-24,N290787,1,213.5,False,1.6271987904052876,0.6472143245247699,0.6211951150925625,N290793,1,228.5,False,1.537601693435824,0.6633639048729939,0.6449263874726952,2.5019836156838946,0.42933862160648845,0.4006251214923314,0.07419819683974183,0.0023574900051828163,True,True,False,False,1.5019836156838946,1
2023-12-12,2023-24,N290797,1,215.0,True,1.9090909090909092,0.5405890604195354,0.5260178768648575,N290795,1,223.5,True,1.8849557522123894,0.5185232214786153,0.5157687007971371,3.598551890587289,0.2803079811048353,0.271303556946656,,,True,True,False,False,2.598551890587289,1
2023-12-13,2023-24,N290804,1,211.0,True,1.8928571428571428,0.5390234356957114,0.5304297444755309,N290806,1,227.5,True,1.9090909090909092,0.5663507356586327,0.5527482443105695,3.6136363636363638,0.30527631934350985,0.2931941099889537,,,True,True,False,False,2.6136363636363638,1
2023-12-14,2023-24,N290812,1,227.5,True,1.9090909090909092,0.5498764327684706,0.5362216841406404,N290810,1,216.0,True,1.9090909090909092,0.5267624344607439,0.5221258868138977,3.6446280991735542,0.28965424837770914,0.2799752223607736,,,False,True,False,False,-1.0,0
2023-12-15,2023-24,N290816,1,231.5,True,1.8849557522123894,0.5359642903953684,0.5290301622680018,N290821,1,232.5,True,1.9090909090909092,0.5328708529616668,0.5162788951777305,3.598551890587289,0.28559974857997444,0.27312710769141946,,,False,True,False,False,-1.0,0
2023-12-16,2023-24,N290824,1,240.5,True,1.9090909090909092,0.5372910765617545,0.5184653188553621,N290830,1,236.0,True,1.9090909090909092,0.5251661682078385,0.5124673618787492,3.6446280991735542,0.28216709589020095,0.26569655417943194,,,True,False,False,False,-1.0,0
2023-12-17,2023-24,N290834,1,227.5,True,1.9090909090909092,0.5171135903964164,0.5084738678820557,N290836,1,229.5,True,1.9090909090909092,0.5247295798631063,0.5224300600744218,3.6446280991735542,0.271344797030214,0.265642033343896,,,False,True,False,False,-1.0,0
2023-12-18,2023-24,N290849,1,222.5,False,1.5959517366595528,0.6492887815871408,0.6270066271800153,N290844,1,225.5,False,1.8067571100658226,0.5749846883345023,0.5540212767258851,2.8834971475315445,0.3733311077199709,0.34737501210586313,0.07649918419532775,0.001654856530991955,True,False,False,False,-1.0,0
2023-12-19,2023-24,N290851,1,247.5,True,1.9090909090909092,0.5274903236783063,0.5187523963229738,N290850,-1,233.5,True,1.9090909090909092,0.5522868835992134,0.5371660358410836,3.6446280991735542,0.29132598699303214,0.27865616831587453,,,True,True,False,False,2.6446280991735542,1
2023-12-20,2023-24,N290860,1,223.5,True,1.9090909090909092,0.5618934749189561,0.5427384644655042,N290856,1,217.5,True,1.9090909090909092,0.5523111032884365,0.5376984307171567,3.6446280991735542,0.3103400050630621,0.29182962063294093,,,True,True,False,False,2.6446280991735542,1
2023-12-21,2023-24,N290870,1,224.0,True,1.9090909090909092,0.5192283081817957,0.5095247018350852,N290869,1,233.5,True,1.9090909090909092,0.5269800299090454,0.5191292915310957,3.6446280991735542,0.2736229493752657,0.2645091974812406,,,True,True,False,False,2.6446280991735542,1
2023-12-22,2023-24,N290876,1,245.5,True,1.8928571428571428,0.5582983886045307,0.5544024454798318,N290873,1,222.5,False,1.4132507350380155,0.6862407611322436,0.681056710660063,2.675081748464815,0.3831271111348783,0.37757950590038913,0.02489634233896365,0.010056044828493649,True,True,False,False,1.675081748464815,1
2023-12-23,2023-24,N290879,1,229.5,True,1.8695652173913042,0.5530672918283467,0.5387881092782589,N290887,1,234.5,False,1.6941519600136918,0.6039495491225711,0.5864396864473999,3.167327577416902,0.33402474153417144,0.3159667298667296,0.05796577540073411,0.0007701370531292273,True,True,False,False,2.167327577416902,1
2023-12-25,2023-24,N290892,-1,233.5,True,1.8928571428571428,0.5606573987266987,0.5552250978112865,N290891,1,215.5,False,1.4132507350380155,0.7256747208453321,0.7018808845124412,2.675081748464815,0.40685490131086716,0.38970188275529244,0.08837012077015438,0.04248439390105796,False,True,False,False,-1.0,0
2023-12-26,2023-24,N290904,1,228.5,True,1.9174311926605505,0.5391157651205856,0.5193681215433235,N290901,1,225.5,True,1.9090909090909092,0.5352345168263303,0.5174479868870702,3.6605504587155964,0.288553366057774,0.2687459889459119,,,False,True,False,False,-1.0,0
2023-12-27,2023-24,N290909,1,238.5,True,1.9090909090909092,0.5177283186746495,0.5087795680133004,N290907,1,239.5,True,1.9090909090909092,0.545950910778113,0.5374382868338542,3.6446280991735542,0.28265424711604603,0.2734376194091366,,,True,True,False,False,2.6446280991735542,1
2023-12-28,2023-24,N290911,1,230.5,True,1.8928571428571428,0.5726388748852106,0.5492286460321032,N290916,1,216.5,False,1.4132507350380155,0.7139196249686546,0.6988763926677816,2.675081748464815,0.4088181308005219,0.3838429348887262,0.09362192014597737,0.026811229397999625,True,False,False,False,-1.0,0
2023-12-29,2023-24,N290927,-1,234.5,True,1.8695652173913042,0.6456949324278535,0.6313012495401257,N290922,1,215.5,False,1.4132507350380155,0.7227224919609767,0.6989969064187547,2.642164417679768,0.4666582506108327,0.4412776204468421,0.23298782498062987,0.1659280270630441,False,True,False,False,-1.0,0
2023-12-30,2023-24,N290931,1,245.5,True,1.8928571428571428,0.5448427604572464,0.5418981031771204,N290933,1,220.5,False,1.6113962035543064,0.6168272044005506,0.6055725836807649,3.050142813870651,0.33607383677072217,0.3281586344326745,0.025073198156156495,0.0009307006244283489,True,False,False,False,-1.0,0
2023-12-31,2023-24,N290937,1,234.5,True,1.8928571428571428,0.5471119213487303,0.5346420303080056,N290938,1,236.5,False,1.7675024625740157,0.5800927059730249,0.5612253051662724,3.345629661300815,0.31737563492528575,0.3000546366143259,0.06182133798021505,0.0038716922677266563,False,False,False,False,-1.0,0
2024-01-01,2023-24,N290945,1,226.5,False,1.8908131441921936,0.5506135709825554,0.5305339869327417,N290941,1,220.5,False,1.7675024625740157,0.5812969410263487,0.5646158940493997,3.3420168886270196,0.3200699844997537,0.29954792135562247,0.06967929374076531,0.0010942121236086066,False,False,False,False,-1.0,0
2024-01-02,2023-24,N290950,1,229.5,True,1.9090909090909092,0.5833479114308592,0.5700085927991085,N290949,1,223.5,True,1.9090909090909092,0.5343784066899034,0.5226880529615535,3.6446280991735542,0.3117285274563054,0.29793668154152103,,,False,False,False,False,-1.0,0
2024-01-03,2023-24,N290960,1,228.0,True,1.8695652173913042,0.5776002372852717,0.5732080693995242,N290965,1,218.5,False,1.4132507350380155,0.7243570885351426,0.7027966035903677,2.642164417679768,0.4183888262171669,0.4028486843245774,0.1054520693858021,0.06439245943150751,False,False,False,False,-1.0,0
2024-01-04,2023-24,N290967,1,249.0,True,1.9090909090909092,0.5049045048627958,0.5022410813505437,N290968,-1,234.5,True,1.9090909090909092,0.5390152041119269,0.5310229832262909,3.6446280991735542,0.2721512047456513,0.26670155731756395,,,False,False,False,False,-1.0,0
2024-01-05,2023-24,N290973,1,224.5,False,1.7869069636184558,0.5987696957898285,0.5702850818998156,N290982,1,229.5,False,1.402328378819091,0.7146365202609353,0.7003923704065816,2.5058303453916135,0.42790269183694185,0.3994233203193234,0.07225155007976491,0.0008870767132351798,False,True,False,False,-1.0,0
2024-01-06,2023-24,N290984,1,238.0,True,1.9090909090909092,0.5095403327208846,0.5046744452856166,N290986,1,238.5,True,1.9090909090909092,0.5161813382951383,0.5133417025503036,3.6446280991735542,0.2630152108592163,0.25907043897654847,,,False,False,False,False,-1.0,0
2024-01-07,2023-24,N290995,1,230.5,True,1.9090909090909092,0.5463310179064653,0.528956206074423,N290992,1,237.5,True,1.9174311926605505,0.5360465483561029,0.5178496596520594,3.6605504587155964,0.29285885640863696,0.2739197912864845,,,False,True,False,False,-1.0,0
2024-01-08,2023-24,N290999,1,216.5,True,1.9090909090909092,0.5299951304211705,0.5148565670225465,N290998,1,244.5,True,1.9174311926605505,0.5284348832533359,0.5140847845979,3.6605504587155964,0.2800679148689478,0.26467992735660006,,,True,True,False,False,2.6605504587155964,1
2024-01-09,2023-24,N291002,1,241.5,True,1.8928571428571428,0.5389577748480764,0.5300880892431559,N291004,1,225.5,False,1.748534012782778,0.5914582422366612,0.5700952219187578,3.309725095624544,0.3187710181514255,0.30220068687356727,0.05504443853355978,0.0002011972604201162,False,False,False,False,-1.0,0
2024-01-10,2023-24,N291013,1,214.5,True,1.8695652173913042,0.5592258034669183,0.5475366155657994,N291015,1,225.5,False,1.4132507350380155,0.6996399238334498,0.6919426057289304,2.642164417679768,0.3912566985432945,0.37886391250659884,0.03376452706995203,0.0010207487678761673,True,True,False,False,1.6421644176797678,1
2024-01-11,2023-24,N291017,-1,227.5,True,1.8849557522123894,0.531869893517226,0.5295427542080634,N291019,1,231.5,True,1.9090909090909092,0.5662466115600436,0.5459781782605921,3.598551890587289,0.30116952499493044,0.289118788253615,,,True,False,False,False,-1.0,0
2024-01-12,2023-24,N291027,1,226.5,True,1.8928571428571428,0.5721331133635674,0.5586126724430801,N291026,1,221.5,False,1.4132507350380155,0.6971766019949736,0.6893388703246388,2.675081748464815,0.3988778198636169,0.38507342857094035,0.06703077578459804,0.0301029005888922,True,True,False,False,1.675081748464815,1
2024-01-13,2023-24,N291032,1,228.5,False,1.8270626968535681,0.5729996964969689,0.5498551340214444,N291036,1,231.5,False,1.8270626968535681,0.5644842358618966,0.545414666585728,3.3381580982338335,0.32344929582619014,0.2998990545927569,0.07972488623022755,0.001110457741481774,True,False,False,False,-1.0,0
2024-01-14,2023-24,N291043,1,222.5,True,1.8928571428571428,0.5478027849549133,0.5439478373143027,N291040,1,236.5,False,1.7299922169910489,0.5702717560622482,0.5619375445543808,3.274628125018771,0.31239645615202855,0.3056647120660651,0.022982221471625985,0.0009382629573013723,False,False,False,False,-1.0,0
2024-01-15,2023-24,N291055,1,236.5,True,1.8695652173913042,0.5677767305134935,0.5456299787784871,N291053,1,233.5,False,1.4358719129670325,0.7065903741289125,0.6882608647325287,2.684456185112278,0.40118557243522013,0.3755357610180728,0.0769650913015365,0.008109296395811816,False,False,False,False,-1.0,0
2024-01-16,2023-24,N291056,1,226.5,True,1.8849557522123894,0.5511735073701653,0.5430039918810194,N291057,-1,243.5,True,1.9090909090909092,0.5266273858791579,0.5131905205551331,3.598551890587289,0.290263063352197,0.27866450125693565,,,True,True,False,False,2.598551890587289,1
2024-01-17,2023-24,N291059,1,219.5,False,1.7675024625740157,0.5983291621225806,0.5707166253687641,N291063,1,211.5,False,1.4358719129670325,0.7107877579304999,0.6904302070612871,2.5379071421100927,0.4252850436495436,0.3940399978266748,0.07933394971077945,3.692476136363254e-05,True,False,False,False,-1.0,0
2024-01-18,2023-24,N291073,-1,246.5,True,1.8928571428571428,0.5476936278243634,0.5410543298846634,N291070,1,219.5,False,1.6271987904052876,0.6081949058265331,0.600641221751729,3.0800548532671512,0.333104474396431,0.3249795337359872,0.02598005300973072,0.0009547900960233946,False,True,False,False,-1.0,0
2024-01-19,2023-24,N291081,1,227.0,True,1.9090909090909092,0.579571028142555,0.5623017584244964,N291075,1,222.0,True,1.9090909090909092,0.520089341443975,0.5099520019891661,3.6446280991735542,0.30142871434666896,0.2867469074306004,,,True,True,False,False,2.6446280991735542,1
2024-01-20,2023-24,N291082,1,239.5,False,1.8478337236702582,0.5738726413225087,0.5475294650732382,N291086,1,223.5,False,1.6113962035543064,0.6313768734038676,0.6139311340666648,2.9775922471218714,0.3623299140102247,0.3361453854273274,0.07887074285717954,0.0009038935542033943,True,True,False,False,1.9775922471218714,1
2024-01-21,2023-24,N291095,1,225.5,True,1.8849557522123894,0.5881504822038525,0.5652760129181723,N291090,1,219.5,False,1.4132507350380155,0.6963864225402897,0.6839128407642845,2.6639151023282945,0.4095800102172871,0.3865995238107756,0.09108637482960846,0.029868310032452383,True,True,False,False,1.6639151023282945,1
2024-01-22,2023-24,N291100,1,221.5,True,1.8928571428571428,0.5684665791393695,0.5573390580170579,N291099,1,218.5,False,1.4132507350380155,0.7019056768089386,0.6877698737331882,2.675081748464815,0.39900991897408117,0.3833210135589659,0.06738415170398926,0.025415047174623506,True,False,False,False,-1.0,0
2024-01-23,2023-24,N291107,1,235.0,True,1.8928571428571428,0.5579215081790779,0.5444429693044954,N291108,1,223.5,False,1.4132507350380155,0.7080958536347967,0.6911573273429514,2.675081748464815,0.39506190659527735,0.3762957475551556,0.056822895846738275,0.006621886309720049,False,True,False,False,-1.0,0
2024-01-24,2023-24,N291116,1,233.5,True,1.8695652173913042,0.5529841816295591,0.537484441253586,N291113,1,219.5,False,1.8067571100658226,0.5730260249098952,0.5529739637018812,3.3778502492534943,0.3168743274372377,0.29721490190808636,0.07035402591590678,0.003947430492082127,True,True,False,False,2.3778502492534943,1
2024-01-25,2023-24,N291123,1,224.0,True,1.9090909090909092,0.5478138665077348,0.5236752643481031,N291119,1,217.0,True,1.9090909090909092,0.5525713786369557,0.5434320386164843,3.6446280991735542,0.30270626345262025,0.28458191647771597,,,True,False,False,False,-1.0,0
2024-01-26,2023-24,N291131,1,230.5,True,1.8849557522123894,0.5876420175728179,0.5808322132895047,N291127,1,225.5,False,1.4132507350380155,0.7137725840214401,0.6959197625742708,2.6639151023282945,0.4194427613625227,0.40421261596792035,0.11735990655590722,0.07678809222857019,False,True,False,False,-1.0,0
2024-01-27,2023-24,N291139,1,225.0,True,1.8928571428571428,0.5798188300126114,0.5667786091346614,N291140,1,229.5,False,1.4244299815724235,0.716826490579561,0.6964478332931232,2.69624246511923,0.4156294970898873,0.3947317342887249,0.12063789980990358,0.06429246431942048,False,True,True,False,0.4244299815724235,1
2024-01-28,2023-24,N291143,-1,238.0,True,1.8849557522123894,0.5536528051067077,0.5438251129101758,N291146,1,209.5,False,1.4595676342933104,0.684780886117443,0.6690570883403079,2.7512204080042046,0.37913085848237926,0.36385004661002135,0.043072555160875714,0.0010316736867719278,False,False,False,False,-1.0,0
2024-01-29,2023-24,N291152,1,225.5,False,1.7675024625740157,0.6191645778815486,0.5836990182354184,N291150,1,225.5,False,1.4244299815724235,0.6945880136622988,0.6862255724104425,2.5176835001935185,0.4300642942808005,0.40054919290401325,0.0827657777331412,0.008456093990264923,True,True,False,False,1.5176835001935185,1
2024-01-30,2023-24,N291162,1,223.5,True,1.9090909090909092,0.5744531801649817,0.5577414962458848,N291159,1,243.5,True,1.9090909090909092,0.5447189378011139,0.5334927114499083,3.6446280991735542,0.31291552611594076,0.2975510231203459,,,True,True,False,False,2.6446280991735542,1
2024-01-31,2023-24,N291170,1,223.5,False,1.8478337236702582,0.5833565022708864,0.5524519565551679,N291169,1,220.5,False,1.4132507350380155,0.7101227791230421,0.6960686541998276,2.6114523682050255,0.4142547406120991,0.3845444899094173,0.08180652341162475,0.00421961885414146,False,False,False,False,-1.0,0
2024-02-01,2023-24,N291174,1,239.5,True,1.8695652173913042,0.5485005301034264,0.5295468642124452,N291176,1,233.5,True,1.9090909090909092,0.5102379280897447,0.5050289372720854,3.569169960474308,0.2798657740360989,0.2674364900689765,,,False,True,False,False,-1.0,0
2024-02-02,2023-24,N291185,1,230.0,True,1.8928571428571428,0.5722565113195056,0.5663078420627512,N291182,1,219.5,False,1.4132507350380155,0.7261096539016204,0.702794054408443,2.675081748464815,0.41552097737715493,0.3979977843665771,0.11155258268588852,0.0646766088884656,True,True,False,False,1.675081748464815,1
2024-02-03,2023-24,N291191,1,229.5,True,1.9090909090909092,0.5281952358479558,0.5139662314908955,N291190,1,228.5,True,1.9090909090909092,0.5101877109878201,0.5081835551959263,3.6446280991735542,0.26947871833194037,0.2611891867696957,,,False,True,False,False,-1.0,0
2024-02-04,2023-24,N291199,1,215.5,False,1.7675024625740157,0.5942953338226977,0.5698026263482108,N291196,1,220.5,False,1.8067571100658226,0.5678077044016557,0.5496131433260389,3.1934476413144535,0.33744546923448165,0.3131710125426726,0.0776144377991046,9.523133245692428e-05,False,True,False,False,-1.0,0
2024-02-05,2023-24,N291204,-1,233.5,True,1.8928571428571428,0.5439904403256911,0.5410159064071516,N291207,1,230.5,False,1.537601693435824,0.6442314677924456,0.6352835909791101,2.9104603482892384,0.35045575983607874,0.34369852779915344,0.019987592832483525,0.00032093692482249025,False,False,False,False,-1.0,0
2024-02-06,2023-24,N291213,1,214.0,True,1.9090909090909092,0.5635510756204217,0.5492301519935352,N291209,1,236.5,True,1.9090909090909092,0.5314636960270159,0.5184209159838441,3.6446280991735542,0.2995069375492297,0.2847323984824344,,,True,True,False,False,2.6446280991735542,1
2024-02-07,2023-24,N291216,1,224.5,True,1.9174311926605505,0.5530354806203076,0.5433923954954796,N291219,1,243.5,True,1.9090909090909092,0.5290749675065727,0.5198842474702516,3.6605504587155964,0.29259722893917106,0.28250114661322473,,,True,False,False,False,-1.0,0
2024-02-08,2023-24,N291227,1,211.5,True,1.9090909090909092,0.5727755505476329,0.5508657376519684,N291224,1,223.5,True,1.9090909090909092,0.5390172474756315,0.5248195268295622,3.6446280991735542,0.3087359006775245,0.28910509578112387,,,True,True,False,False,2.6446280991735542,1
2024-02-09,2023-24,N291234,1,230.0,True,1.9090909090909092,0.5542354007175319,0.532909478069591,N291236,-1,233.5,True,1.9174311926605505,0.5404613615366025,0.5200340158611436,3.6605504587155964,0.29954281928358173,0.27713105597099547,,,False,False,False,False,-1.0,0
2024-02-10,2023-24,N291244,1,234.5,False,1.8067571100658226,0.5807887775035185,0.557673247129975,N291242,1,209.5,False,1.4843867943554194,0.6876539419194003,0.6687186029075332,2.681926394789468,0.39938169227284404,0.3729264746996644,0.07111230210222552,0.00016135581281662148,True,True,False,False,1.681926394789468,1
2024-02-11,2023-24,N291250,-1,239.5,True,1.9523809523809523,0.570716585484616,0.5523436314749759,N291249,-1,227.5,True,1.9090909090909092,0.5767500884923638,0.5615574171182395,3.7272727272727275,0.329160841182312,0.31017266305279617,,,False,True,False,False,-1.0,0
2024-02-12,2023-24,N291255,1,218.5,False,1.7299922169910489,0.6010916303356938,0.5800345045596462,N291253,1,233.5,False,1.6599103080518642,0.6187815494537231,0.6007600016168145,2.8716319138329394,0.37194441038278514,0.3484615298970613,0.06808743902698144,0.000653249995452132,False,True,False,False,-1.0,0
2024-02-13,2023-24,N291266,1,235.5,True,1.9090909090909092,0.5824350477430122,0.557036209230508,N291265,1,214.5,True,1.9090909090909092,0.5527159236260363,0.5428076021943051,3.6446280991735542,0.32192112536545353,0.3023634890678173,,,True,True,False,False,2.6446280991735542,1
2024-02-14,2023-24,N291273,1,210.5,False,1.537601693435824,0.6743506167348996,0.6507367699696057,N291271,1,216.5,False,1.6271987904052876,0.6427669326257747,0.6180076239113653,2.5019836156838946,0.4334502774329908,0.40216028500067275,0.08448549235098168,0.006198443950448995,True,False,False,False,-1.0,0
2024-02-15,2023-24,N291281,1,214.5,True,1.9174311926605505,0.5591154799368293,0.550848001821275,N291280,1,225.0,True,1.9090909090909092,0.5130727759931563,0.510731895141322,3.6605504587155964,0.28686693139193487,0.28133564390499016,,,True,False,False,False,-1.0,0
2024-02-22,2023-24,N291287,1,224.5,False,1.7869069636184558,0.6218937714324956,0.5823428843839898,N291285,1,222.5,False,1.4132507350380155,0.7419527634019265,0.7163451123681959,2.525347579778331,0.46141580225678613,0.4171584789508685,0.16523527950065198,0.0534701552025858,True,False,False,False,-1.0,0
2024-02-23,2023-24,N291298,1,220.5,False,1.643367451180414,0.6456610582934071,0.6165810686070892,N291296,1,223.5,False,1.537601693435824,0.6604651015643248,0.6439880886135276,2.5268445758723184,0.4264365964418846,0.3970708638475657,0.07753900067262887,0.003336358550157126,False,True,False,False,-1.0,0
2024-02-24,2023-24,N291305,1,216.5,True,1.9090909090909092,0.5139109459090493,0.5068767992149865,N291304,1,225.5,True,1.8695652173913042,0.5197319938690064,0.5174572517805971,3.569169960474308,0.2670959605884173,0.26228707551313246,,,False,False,False,False,-1.0,0
2024-02-25,2023-24,N291308,1,237.5,True,1.9090909090909092,0.5705651284892653,0.552843209854727,N291312,1,234.5,True,1.9090909090909092,0.5442936552660801,0.5278547499928185,3.6446280991735542,0.31055497935278287,0.2918209143230942,,,False,False,False,False,-1.0,0
2024-02-26,2023-24,N291318,1,223.0,True,1.9090909090909092,0.5261365745651133,0.5157182352163528,N291320,1,214.5,True,1.9090909090909092,0.5093817334827904,0.5072156041649418,3.6446280991735542,0.2680043604006748,0.26158033625414,,,True,False,False,False,-1.0,0
2024-02-27,2023-24,N291329,1,225.5,False,1.7869069636184558,0.5963643490498086,0.5677312651979972,N291325,1,230.5,False,1.4244299815724235,0.7131603427812706,0.6933434211632877,2.5453238532586724,0.4253034035908908,0.3936327377137412,0.08253489803199443,0.0019227967263000245,False,False,False,False,-1.0,0
2024-02-28,2023-24,N291335,1,213.0,True,1.8928571428571428,0.5606497903348847,0.548880074828667,N291338,1,228.5,False,1.4132507350380155,0.7106486645730103,0.6950017694167506,2.675081748464815,0.39842502479462405,0.38147262320352204,0.06581951195974045,0.02047045187073726,False,False,False,False,-1.0,0
2024-02-29,2023-24,N291340,1,218.5,False,1.8067571100658226,0.5726828891819349,0.553560312711244,N291344,1,231.5,False,1.8270626968535681,0.567214719082411,0.5476345130553505,3.301058518076221,0.32483416411063465,0.3031487322983896,0.07229658439957976,0.0007117049976070877,True,False,False,False,-1.0,0
2024-03-02,2023-24,N291360,1,228.5,True,1.9090909090909092,0.5576199867916085,0.5476560931395094,N291356,1,220.5,True,1.9090909090909092,0.5364302574590665,0.5295452932752821,3.6446280991735542,0.2991242330789438,0.2900087064555567,,,False,False,False,False,-1.0,0
2024-03-03,2023-24,N291362,1,230.5,True,1.9090909090909092,0.5384294857527728,0.5274233361353236,N291364,1,219.0,True,1.9090909090909092,0.5205366524754953,0.510173883681265,3.6446280991735542,0.28027228210785077,0.2690776117402873,,,False,False,False,False,-1.0,0
2024-03-04,2023-24,N291372,1,241.5,True,1.8928571428571428,0.5826467349965377,0.5756606417294214,N291370,-1,237.5,False,1.4035057269443514,0.6862844489842999,0.6800194999268429,2.6566358402875223,0.39986139347960026,0.39146046171640664,0.06228610906521759,0.03996789265130718,True,True,False,False,1.6566358402875223,1
2024-03-05,2023-24,N291379,1,217.0,True,1.9090909090909092,0.5350918717127482,0.5173774295205775,N291381,1,227.5,True,1.9090909090909092,0.5570182492329007,0.539723407864062,3.6446280991735542,0.2980559375601909,0.27924070941279466,,,False,False,False,False,-1.0,0
2024-03-06,2023-24,N291388,1,225.5,True,1.9090909090909092,0.5782838841670868,0.5662551678390052,N291387,1,224.5,True,1.9090909090909092,0.5318407629177297,0.5215290541602308,3.6446280991735542,0.30755494213845147,0.2953185220964191,,,True,True,False,False,2.6446280991735542,1
2024-03-07,2023-24,N291393,1,228.5,True,1.8928571428571428,0.5456506479470113,0.5427923031776721,N291396,-1,229.5,False,1.4035057269443514,0.7039491088420352,0.6961896053079292,2.6566358402875223,0.3841102873613777,0.3778863593134454,0.020441156027375174,0.0039064457078676895,False,True,False,False,-1.0,0
2024-03-08,2023-24,N291406,1,218.5,True,1.9090909090909092,0.534807095431659,0.5172365708056774,N291403,1,214.0,True,1.9090909090909092,0.5381427816984797,0.5218483630792953,3.6446280991735542,0.28780257800767733,0.2699190577996908,,,True,False,False,False,-1.0,0
2024-03-09,2023-24,N291407,1,220.5,True,1.9090909090909092,0.5484868634240081,0.5355730598262021,N291411,1,230.0,True,1.9090909090909092,0.5226736873055563,0.5112331379454567,3.6446280991735542,0.28667965134448536,0.2738026959739991,,,False,True,False,False,-1.0,0
2024-03-10,2023-24,N291419,1,227.5,True,1.9090909090909092,0.6168674094560304,0.603387937739297,N291422,1,222.5,True,1.9090909090909092,0.5248615819349796,0.5123165896324952,3.6446280991735542,0.3237700043712249,0.30912565048798096,,,False,True,False,False,-1.0,0
2024-03-11,2023-24,N291428,1,217.0,True,1.9090909090909092,0.5539703543389626,0.5322949616252639,N291427,1,225.5,True,1.9174311926605505,0.5308964609841234,0.5153023755614016,3.6605504587155964,0.29410090060867605,0.2742928582248636,,,True,True,False,False,2.6605504587155964,1
2024-03-12,2023-24,N291432,1,223.5,True,1.9090909090909092,0.5283903834952635,0.5198374984511751,N291434,1,218.0,True,1.9090909090909092,0.5100303375779217,0.5049236107221972,3.6446280991735542,0.2694951256670167,0.2624782267067619,,,False,False,False,True,-1.0,0
2024-03-13,2023-24,N291441,1,214.5,True,1.8695652173913042,0.5781614668710221,0.5745682481584717,N291443,1,211.5,False,1.4244299815724235,0.7069921622834404,0.6913145384151922,2.6630647481571392,0.4087556256121096,0.3972073832636995,0.08854269717852681,0.057788980077300156,False,False,False,False,-1.0,0
2024-03-15,2023-24,N291456,1,223.5,True,1.8849557522123894,0.5530199239558148,0.5379590562437571,N291453,1,216.5,False,1.8270626968535681,0.5520174349281362,0.5401430411732708,3.4439323400868145,0.3052766398862418,0.2905748406662056,0.05135209277726438,0.0007200909859186311,True,False,False,False,-1.0,0
2024-03-16,2023-24,N291462,1,218.5,True,1.8928571428571428,0.5345198908918898,0.5282967230113207,N291461,1,225.0,True,1.9090909090909092,0.5670739266193123,0.5500820634421177,3.6136363636363638,0.3031122933841903,0.29060655150377623,,,True,False,False,True,0.8928571428571428,1
2024-03-17,2023-24,N291469,1,216.0,True,1.9090909090909092,0.5282870346800114,0.508379096155505,N291472,1,224.0,True,1.9090909090909092,0.5668689404888883,0.5606387310440331,3.6446280991735542,0.2994695116230746,0.2850170113579348,,,False,False,False,False,-1.0,0
2024-03-18,2023-24,N291480,1,226.5,True,1.9090909090909092,0.5462748738742927,0.5285515001374504,N291476,1,213.0,True,1.9090909090909092,0.5352357442730892,0.5174485940287991,3.6446280991735542,0.292385838695795,0.2734982306179363,,,True,True,False,False,2.6446280991735542,1
2024-03-19,2023-24,N291482,1,229.0,True,1.9090909090909092,0.5126485078714262,0.5062443426743085,N291481,1,203.5,True,1.9090909090909092,0.5192538862348751,0.5148503578866116,3.6446280991735542,0.266194729984748,0.2606400810039402,,,True,True,False,False,2.6446280991735542,1
2024-03-20,2023-24,N291489,1,231.5,True,1.9090909090909092,0.5385542174419687,0.5247377730191154,N291493,1,215.0,True,1.9090909090909092,0.528676200364016,0.5142041604207739,3.6446280991735542,0.2847207973672361,0.26982234601636085,,,False,True,False,False,-1.0,0
2024-03-21,2023-24,N291496,1,212.5,True,1.9090909090909092,0.5663230022385778,0.5480177599428704,N291500,1,226.5,True,1.9090909090909092,0.5335764879113809,0.5249065704000171,3.6446280991735542,0.30217663855788945,0.28765812288991194,,,True,True,False,False,2.6446280991735542,1
2024-03-22,2023-24,N291502,1,228.0,True,1.9090909090909092,0.5383883388561421,0.5163117887622201,N291507,1,217.5,True,1.9174311926605505,0.5262429093689269,0.5130002648544217,3.6605504587155964,0.28332304580995993,0.26486808438247916,,,False,True,False,False,-1.0,0
2024-03-23,2023-24,N291516,1,209.5,False,1.8270626968535681,0.5734403238346774,0.5503940668383072,N291515,1,224.5,False,1.7675024625740157,0.5824883737342069,0.5630238429861115,3.229337815965804,0.3340223216640782,0.3098849826680584,0.07867091472650145,0.0007232931298686296,True,True,False,False,2.229337815965804,1
2024-03-24,2023-24,N291517,1,218.5,True,1.9523809523809523,0.517608389131548,0.5087199444240067,N291521,1,217.5,True,1.9090909090909092,0.506565905045291,0.503136652684949,3.7272727272727275,0.2622027620994578,0.255955649991568,,,False,True,False,False,-1.0,0
2024-03-25,2023-24,N291528,1,214.5,False,1.7299922169910489,0.6190514805526861,0.5873700151540563,N291526,1,209.5,False,1.4718336467541522,0.6852660766135482,0.6695096065674209,2.546260753590236,0.42421497930014745,0.39324986775529225,0.08016195287705985,0.0013167046198512278,False,False,False,False,-1.0,0
2024-03-26,2023-24,N291537,-1,237.5,True,1.9090909090909092,0.5652911705028935,0.5354791431666087,N291536,-1,227.0,True,1.9090909090909092,0.5406946423705496,0.5201494723056516,3.6446280991735542,0.3056499072702914,0.278529193748794,,,True,False,False,False,-1.0,0
2024-03-27,2023-24,N291541,1,212.5,False,1.7869069636184558,0.6046868023497158,0.5718071185248179,N291545,1,209.5,False,1.4132507350380155,0.7128126978563447,0.695086151134781,2.525347579778331,0.4310284309410272,0.3974552092068852,0.08849660489257438,0.003712550640897927,True,True,False,False,1.5253475797783311,1
2024-03-28,2023-24,N291551,-1,226.0,True,1.9090909090909092,0.5791637171383881,0.5603171690285167,N291550,1,225.5,True,1.9174311926605505,0.5192366416927917,0.5169200981348102,3.6605504587155964,0.3007230234772506,0.28963920600083987,,,True,True,False,False,2.6605504587155964,1
2024-03-30,2023-24,N291564,-1,225.5,True,1.9090909090909092,0.5873175238206347,0.5704898419592856,N291565,1,207.0,True,1.9090909090909092,0.5080173414887591,0.5038937763397981,3.6446280991735542,0.2983674870611198,0.28746628082835907,,,True,False,False,False,-1.0,0
2024-03-31,2023-24,N291574,1,212.0,True,1.9174311926605505,0.5348352910196915,0.5172505170693672,N291576,1,224.0,True,1.9090909090909092,0.5308371420816612,0.5124851694164471,3.6605504587155964,0.2839104373693066,0.26508321887103947,,,False,True,False,False,-1.0,0
2024-04-01,2023-24,N291580,1,207.5,False,1.8690803989918663,0.5721824240947331,0.5439577271856433,N291578,1,208.5,False,1.5661061681612276,0.6430042576956653,0.6289589158362926,2.9271783416504102,0.36791573487154017,0.342127062351456,0.07695497066836698,0.0014669270076614893,False,True,False,False,-1.0,0
2024-04-02,2023-24,N291590,1,206.5,False,1.5959517366595528,0.6657879093732118,0.633165747248412,N291584,1,225.5,False,1.5959517366595528,0.6593178955276513,0.6280383328401938,2.5470619457466426,0.4389658832757006,0.3976523603134082,0.11807329677259948,0.012845194590614506,True,True,False,False,1.5470619457466426,1
2024-04-03,2023-24,N291595,-1,230.5,True,1.8849557522123894,0.5630904185636766,0.5584553237342332,N291592,1,205.5,False,1.4244299815724235,0.7012139989429024,0.6912320081918455,2.6849874873887276,0.3948468841674684,0.38602219491024126,0.06015894342407879,0.03646476318833014,False,False,False,False,-1.0,0
2024-04-05,2023-24,N291611,1,202.5,False,1.5103804074165088,0.6911200044041348,0.6677341568788988,N291612,1,221.5,False,1.6599103080518642,0.6366045945939081,0.6051882090187614,2.5070960073502375,0.4399701702194342,0.4041048385021934,0.10304745711034768,0.013129627159761403,False,True,False,False,-1.0,0
2024-04-06,2023-24,N291617,1,224.5,True,1.9090909090909092,0.5603398895105826,0.5417676819218666,N291620,1,221.5,True,1.9090909090909092,0.5266808786734599,0.5132169899978681,3.6446280991735542,0.2951203053632231,0.2780443789940628,,,False,True,False,False,-1.0,0
2024-04-07,2023-24,N291624,1,215.5,False,1.6599103080518642,0.6302660662988289,0.603341827499108,N291626,1,204.5,False,1.5103804074165088,0.6820548583844805,0.6612650522852722,2.5070960073502375,0.4298760325939913,0.39896886510708934,0.07774048497195629,0.0002532487670390271,True,True,False,False,1.5070960073502375,1
2024-04-09,2023-24,N291640,1,203.5,False,1.4244299815724235,0.7346563524316491,0.7092657661975321,N291647,1,208.5,False,1.7675024625740157,0.6019493505667414,0.5739486859833804,2.5176835001935185,0.44222591423596225,0.4070821545220691,0.11338488762987597,0.024904023663441466,True,True,False,False,1.5176835001935185,1
2024-04-10,2023-24,N291648,1,208.5,False,1.8908131441921936,0.5759808088341771,0.5431645476306084,N291652,1,208.5,False,1.4132507350380155,0.6972356800174828,0.6905295990117383,2.6721930658491586,0.4015943709245173,0.37507119727275623,0.07313769326854991,0.0022626525520010876,False,True,False,False,-1.0,0
2024-04-11,2023-24,N291658,1,224.5,False,1.7869069636184558,0.5799458322907095,0.5597125188727324,N291656,1,215.5,False,1.7869069636184558,0.5798981096715776,0.5595641648984503,3.1930364966281295,0.3363094918572922,0.3131950682062286,0.07384848166279467,4.3283346424116687e-05,True,True,False,False,2.1930364966281295,1
2024-04-12,2023-24,N291666,1,216.5,False,1.7869069636184558,0.6069166836962179,0.5730674069761211,N291673,1,207.5,False,1.402328378819091,0.7383004817166948,0.712104300673501,2.5058303453916135,0.44808687993481655,0.4080837650835073,0.1228297011125119,0.022588682007915306,True,True,False,False,1.5058303453916135,1
2024-04-14,2023-24,N291677,1,202.5,False,1.6271987904052876,0.6734087011638543,0.6317574627155774,N291689,1,214.5,False,1.537601693435824,0.6773376493937913,0.6549957275826139,2.5019836156838946,0.45612506672765113,0.41379843894713575,0.1412174436553062,0.035316914441306135,True,True,False,False,1.5019836156838946,1
2024-04-16,2023-24,N298373,-1,227.5,True,1.925925925925926,0.5417858851044238,0.520689610326756,N298372,1,226.5,True,1.9090909090909092,0.5204016753334535,0.5177334705746172,3.6767676767676774,0.2819462822803601,0.2695784390466164,,,True,False,False,False,-1.0,0
2024-04-17,2023-24,N298374,1,218.0,True,1.9090909090909092,0.5419638670576707,0.5207777159377872,N298375,1,207.5,True,1.9090909090909092,0.5058115968904647,0.5043571683092185,3.6446280991735542,0.27413160905337197,0.26265797412892494,,,True,True,False,False,2.6446280991735542,1
2024-04-19,2023-24,N298376,1,208.0,True,1.9090909090909092,0.5017849480390101,0.4947481718413496,N298377,-1,219.5,True,1.9090909090909092,0.5505295129344128,0.5371461793837132,3.6446280991735542,0.27624742304173583,0.26575209026165775,,,False,True,False,False,-1.0,0
2024-04-20,2023-24,N298379,1,205.5,False,1.7675024625740157,0.6025961562876102,0.5752250509303068,N298378,1,199.5,False,1.4244299815724235,0.7032508275460881,0.6916705248822749,2.5176835001935185,0.42377624558535376,0.39786621290239865,0.06693446128420133,0.0017011995088505039,False,True,False,False,-1.0,0
2024-04-21,2023-24,N298380,1,208.5,True,1.9090909090909092,0.5393859326501286,0.5195018093926036,N298386,1,214.5,True,1.9090909090909092,0.5408625239688575,0.5287312712918292,3.6446280991735542,0.2917336369264447,0.2746768521185568,,,False,False,False,False,-1.0,0
2024-04-22,2023-24,N298388,1,208.0,True,1.8928571428571428,0.5438130012144903,0.5337764555340159,N298387,1,198.5,False,1.6113962035543064,0.6324771888880509,0.6146005404904783,3.050142813870651,0.34394931828891506,0.3280592980722979,0.04909454151464354,0.0006277105386696125,False,False,False,False,-1.0,0
2024-04-23,2023-24,N298385,1,213.5,True,1.925925925925926,0.5065694721215358,0.5031385356898717,N298391,1,225.5,True,1.9090909090909092,0.5259246854139469,0.5236021116144456,3.6767676767676774,0.26641739026582784,0.2634443997218169,,,False,True,False,False,-1.0,0
2024-04-24,2023-24,N298389,1,206.5,True,1.9090909090909092,0.5570953303960021,0.5338145638523711,N298392,1,213.0,True,1.9090909090909092,0.5200094522226143,0.5099123671336337,3.6446280991735542,0.28969483759500136,0.27219864786437087,,,True,True,False,False,2.6446280991735542,1
2024-04-25,2023-24,N298399,1,214.5,False,1.8478337236702582,0.5613193310344491,0.5424004604714515,N298394,1,198.5,False,1.7675024625740157,0.5832262127823334,0.5654394384907823,3.2660506570144947,0.3273761476007347,0.3066946118061193,0.06922708196225358,0.0016801383921811741,True,True,False,False,2.2660506570144947,1
2024-04-26,2023-24,N298397,1,224.0,True,1.9090909090909092,0.5198963958039708,0.5098562734832753,N298398,1,208.5,True,1.9090909090909092,0.5270043494922565,0.5191877906795503,3.6446280991735542,0.2739876618740404,0.26471115219389035,,,True,True,False,False,2.6446280991735542,1
2024-04-27,2023-24,N298396,1,204.0,True,1.8849557522123894,0.5671275510672278,0.5452281577147677,N298402,1,193.5,False,1.4132507350380155,0.7107900709413232,0.6963831683271539,2.6639151023282945,0.40310863225585375,0.3796877119305871,0.07384717334527169,0.011455829980365984,False,True,False,False,-1.0,0
2024-04-28,2023-24,N298403,1,207.0,True,1.9090909090909092,0.533222029978884,0.5133982325744211,N298405,1,222.5,True,1.9090909090909092,0.5385048215305575,0.5247469997375963,3.6446280991735542,0.2871426340899405,0.26940418221401213,,,False,True,False,False,-1.0,0
2024-04-29,2023-24,N298404,1,201.5,False,1.8067571100658226,0.5735385005816928,0.5537821791760204,N298415,1,216.5,False,1.7675024625740157,0.5864878816177049,0.5655743354787045,3.1934476413144535,0.3363733802323518,0.3132049879874266,0.07419077770397364,0.00020373013636909576,False,False,False,False,-1.0,0
2024-04-30,2023-24,N298410,1,198.5,False,1.7675024625740157,0.5899359585621796,0.5683471795109035,N298411,1,201.5,False,1.7675024625740157,0.5789038097676397,0.5632242886445352,3.1240649552052098,0.3415161739305702,0.3201069358831566,0.06691871061226129,3.4860310690554286e-05,True,True,False,False,2.1240649552052098,1
2024-05-01,2023-24,N298412,1,200.0,True,1.9523809523809523,0.5485527954642697,0.5268200437061282,N298417,1,209.0,True,1.8849557522123894,0.516900507645224,0.5150305086784316,3.680151706700379,0.28354721844568775,0.2713283950919608,,,True,True,False,False,2.680151706700379,1
2024-05-02,2023-24,N298419,1,200.0,True,1.9523809523809523,0.5251916487834546,0.50644964152652,N298421,1,215.0,True,1.8695652173913042,0.5307037612525878,0.5152070656102723,3.6501035196687366,0.2787211833878274,0.26092643369025265,,,True,True,False,False,2.6501035196687366,1
2024-05-03,2023-24,N298418,1,199.5,True,1.8849557522123894,0.5517750278230705,0.531614139212954,N298425,1,206.5,True,1.9090909090909092,0.5313716354826696,0.5211242967840797,3.598551890587289,0.29319759895284053,0.27703704445782446,,,False,True,False,False,-1.0,0
2024-05-06,2023-24,N298434,1,215.0,True,1.9090909090909092,0.5420590505733581,0.5208248352781055,N298440,1,207.5,True,1.9090909090909092,0.5221158594325789,0.5138707903338299,3.6446280991735542,0.2830176270533166,0.26763666972984684,,,True,False,False,False,-1.0,0
2024-05-07,2023-24,N298435,1,208.5,True,1.9090909090909092,0.5386550281543935,0.5191401442081899,N298437,1,214.0,True,1.9174311926605505,0.5075464360754068,0.50084433318877,3.6605504587155964,0.27339243981386036,0.2600083993574727,,,True,False,False,False,-1.0,0
2024-05-09,2023-24,N298439,1,211.5,True,1.9090909090909092,0.5554243729508673,0.5385955631966178,N298441,-1,220.5,True,1.9090909090909092,0.5458673063581041,0.5420398418091399,3.6446280991735542,0.303188006348329,0.29194025387419936,,,True,False,False,False,-1.0,0
2024-05-11,2023-24,N298443,1,212.5,True,1.9090909090909092,0.5210728764078983,0.5133458979704593,N298445,-1,219.5,True,1.9090909090909092,0.5136161240498116,0.5067292863024858,3.6446280991735542,0.2676314311281113,0.26012740050487954,,,False,True,False,False,-1.0,0
2024-05-12,2023-24,N298446,1,218.0,True,1.9090909090909092,0.5135472575934918,0.5066948139521291,N298448,1,203.5,True,1.9090909090909092,0.5234397536126527,0.5175497643742634,3.6446280991735542,0.2688110499831909,0.26223978157058564,,,False,True,False,False,-1.0,0
2024-05-13,2023-24,N298447,1,208.5,True,1.9090909090909092,0.5213561306793755,0.5105802130304303,N298449,-1,216.0,True,1.9090909090909092,0.5201952143027613,0.5156838003883414,3.6446280991735542,0.27120696412681616,0.2632979446586213,,,True,True,False,False,2.6446280991735542,1
2024-05-14,2023-24,N298452,-1,240.5,True,1.8849557522123894,0.9590585079001656,0.9511931166561725,N298451,1,209.5,False,1.4244299815724235,0.6797403244159175,0.6746160356281795,2.6849874873887276,0.6519107412939043,0.6416901294753995,0.7503721832684427,0.7229299684223003,True,True,False,False,1.6849874873887276,1
2024-05-15,2023-24,N298450,1,204.5,True,1.9090909090909092,0.5587575083967602,0.5400472809231688,N298453,1,212.5,True,1.8695652173913042,0.5074163269874011,0.5047927241107778,3.569169960474308,0.283522682587316,0.27261193808582485,,,True,False,False,False,-1.0,0
2024-05-19,2023-24,N298461,1,197.5,True,1.9523809523809523,0.5336125597822883,0.5166457398526954,N298459,1,208.5,True,1.925925925925926,0.5299642908795272,0.5178263381613099,3.760141093474427,0.28279560184942976,0.26753277159456196,,,False,True,False,False,-1.0,0
2024-10-25,2024-25,N315498,1,217.5,False,1.767748307449926,0.6579617311966768,0.6093652606962385,N315504,1,226.5,False,1.4249637078097797,0.6874749353740264,0.6782584948024486,2.518977182658309,0.4523321986330179,0.4133071645047324,0.1394144873382379,0.041111316816625276,True,False,False,False,-1.0,0
2024-10-26,2024-25,N315513,1,216.5,False,1.6276624782564486,0.6787034565932601,0.6410054168700642,N315514,1,219.5,False,1.5666223301806999,0.6680587167591948,0.6439344683454346,2.54993238443381,0.45341376027172325,0.4127654823187684,0.156174430864775,0.05252407054106878,False,False,False,False,-1.0,0
2024-10-27,2024-25,N315517,1,225.5,False,1.8478964052099935,0.5673182311454446,0.5472005882776156,N315519,1,229.5,False,1.8478964052099935,0.5472529637014844,0.536109967302196,3.4147211243880164,0.3104665833562283,0.2933596894892549,0.0601568006030857,0.001741528742867926,True,False,False,False,-1.0,0
2024-10-28,2024-25,N315524,1,227.5,False,1.6276624782564486,0.6777092468191626,0.6391372908498302,N315529,1,227.5,False,1.5381332284602023,0.7000885028175419,0.6685509043931429,2.5035617425241252,0.4744564519512315,0.4272958138290372,0.18783102159883902,0.06976145224308827,True,True,False,False,1.5035617425241252,1
2024-10-29,2024-25,N315536,1,215.0,True,1.8849557522123894,0.6112797887701528,0.6068118073911256,N315534,-1,233.5,False,1.4047766483393735,0.7683875447659602,0.7360467355827295,2.647941823860943,0.46969977605815244,0.44664184994329403,0.24373768168250076,0.1826816347514717,True,False,False,False,-1.0,0
2024-10-30,2024-25,N315541,1,222.5,True,1.8928571428571428,0.6572413134949978,0.6297112847246397,N315544,1,217.5,False,1.4249637078097797,0.7506004285490546,0.7177417685814204,2.69725273263994,0.4933256115694889,0.4519700911939412,0.3306238538870736,0.2190775635443809,True,True,False,False,1.69725273263994,1
2024-10-31,2024-25,N315549,-1,233.5,False,1.4841067647322466,0.7105127685297418,0.6836395594917455,N315548,1,220.5,False,1.694528274757566,0.6155450426031004,0.5954358524058998,2.514860875597767,0.4373526123746867,0.4070635038443613,0.09988097370157534,0.023708079701925344,True,True,False,False,1.5148608755977668,1
2024-11-01,2024-25,N315557,1,211.5,False,1.5381332284602023,0.7346866223028936,0.689891155529945,N315555,1,224.5,False,1.6276624782564486,0.7037759399788492,0.6546625762355954,2.5035617425241252,0.5170547682011047,0.45164592120138564,0.2944785364579652,0.13072344948685455,True,True,False,False,1.5035617425241252,1
2024-11-02,2024-25,N315562,1,225.5,False,1.6276624782564486,0.6718839136993967,0.6357610067398584,N315569,1,211.5,False,1.5381332284602023,0.6880553293034695,0.6602438717660225,2.5035617425241252,0.46229330749414227,0.4197573086077884,0.15737983846727577,0.05088833897535161,True,True,False,False,1.5035617425241252,1
2024-11-03,2024-25,N315571,1,215.5,False,1.6276624782564486,0.6530715107017977,0.6269331317576693,N315572,1,222.5,False,1.5522146397972088,0.6537930527049164,0.6379401476179973,2.5264815273982655,0.4269736166163398,0.3999458146201009,0.07874095506761147,0.010455712597936317,False,True,False,False,-1.0,0
2024-11-04,2024-25,N315586,1,220.5,False,1.6276624782564486,0.7407401815827834,0.6787811697425065,N315578,1,221.5,False,1.5666223301806999,0.692824749593229,0.6563138032769428,2.54993238443381,0.5132031308187349,0.4454934511064765,0.3086332830675136,0.13597817802958478,True,False,False,False,-1.0,0
2024-11-06,2024-25,N315599,1,229.5,False,1.5964455612916995,0.7003359563516682,0.6565236860904622,N315590,1,215.5,False,1.5666223301806999,0.6888466366141581,0.6546200698221916,2.5010272652374375,0.4824240680328065,0.42977358122846093,0.2065557475568096,0.07487544453111727,False,True,False,False,-1.0,0
2024-11-07,2024-25,N315601,1,217.5,False,1.4364097595314311,0.7116724856246043,0.6943379255048618,N315602,1,225.5,False,1.767748307449926,0.5860274714025094,0.5675842932374107,2.5392109212162426,0.4170596272173256,0.3940953007156069,0.05900236022860805,0.0006910915770683701,True,False,False,False,-1.0,0
2024-11-08,2024-25,N315611,1,223.5,False,1.6276624782564486,0.687235733452127,0.6434008379289657,N315613,1,213.5,False,1.5666223301806999,0.6912607139925493,0.6577272681461572,2.54993238443381,0.47505906378731055,0.4231822754539671,0.2113684912700704,0.07908618869845996,True,True,False,False,1.5499323844338102,1
2024-11-09,2024-25,N315619,1,233.5,False,1.6276624782564486,0.6547870183035138,0.6271655843910772,N315620,1,221.5,False,1.5666223301806999,0.6722271289875827,0.6468433243065399,2.54993238443381,0.4401655974125109,0.40567787149817813,0.12239251135581664,0.03445114218138223,True,False,False,False,-1.0,0
2024-11-10,2024-25,N315631,1,229.5,False,1.5964455612916995,0.6967888710644993,0.6540364696233093,N315624,1,216.5,False,1.5666223301806999,0.6682922194266836,0.6412796885425599,2.5010272652374375,0.4656585811155075,0.41942030353551124,0.16462480766166343,0.04898161473647544,False,False,False,False,-1.0,0
2024-11-11,2024-25,N315634,1,223.5,False,1.6276624782564486,0.6517229141340418,0.6233252710175047,N315636,1,231.5,False,1.5666223301806999,0.6551364038801666,0.636756774317769,2.54993238443381,0.42696740629207874,0.39690658892385544,0.08873801640187962,0.012084964692096634,False,True,False,False,-1.0,0
2024-11-12,2024-25,N315425,1,225.5,False,1.6276624782564486,0.6612526657683473,0.6292767279652419,N315422,1,226.5,False,1.5666223301806999,0.6500062293640931,0.6307326117983967,2.54993238443381,0.42981835193303836,0.39690535417346623,0.09600773501802307,0.012081816162092585,False,True,False,False,-1.0,0
2024-11-13,2024-25,N315646,1,226.5,False,1.6276624782564486,0.6600135358597639,0.627772946578178,N315641,1,222.5,False,1.5522146397972088,0.6688790541689423,0.6458794024970159,2.5264815273982655,0.44146922960457813,0.4054656156397047,0.11536385351071021,0.024401387908879135,True,True,False,False,1.5264815273982655,1
2024-11-15,2024-25,N315434,1,231.5,False,1.712215958142332,0.6484554946215564,0.6092433921286221,N315433,1,224.5,False,1.4601108806462808,0.7158477563025465,0.6880948254273472,2.5000251504998157,0.46419541088689914,0.4192172255495091,0.16050020196384374,0.048053607396526754,True,True,False,False,1.5000251504998157,1
2024-11-16,2024-25,N315653,1,224.5,True,1.9090909090909092,0.5402478196571091,0.5243568837910482,N315649,-1,219.5,True,1.8695652173913042,0.5416826992718816,0.5329915110710376,3.569169960474308,0.29264289722761155,0.2794777678322912,,,True,False,False,False,-1.0,0
2024-11-17,2024-25,N315658,1,220.5,False,1.6276624782564486,0.6732013634198356,0.6379613739206036,N315661,1,226.5,False,1.5381332284602023,0.6688700729381627,0.6480591671411993,2.5035617425241252,0.45028424505269604,0.41343671665124154,0.1273144091752878,0.03506434676283532,False,True,False,False,-1.0,0
2024-11-18,2024-25,N315666,1,224.5,False,1.4601108806462808,0.7108573613462246,0.6849964161571751,N315670,1,230.5,False,1.712215958142332,0.6157173915664951,0.5911732423479986,2.5000251504998157,0.43768724030393885,0.4049515523363962,0.09422910881270385,0.012389065574933023,True,False,False,False,-1.0,0
2024-11-19,2024-25,N315446,1,228.5,False,1.8069186196449039,0.5790892013196223,0.5583334219390016,N315443,1,220.5,False,1.4137794797413026,0.7190156962683438,0.7016981426312394,2.5545844660164447,0.41637422528830736,0.39178152514354153,0.06366312797114149,0.0008389982039223032,True,True,False,False,1.5545844660164447,1
2024-11-20,2024-25,N315677,1,237.5,False,1.890761054336703,0.5587838309134282,0.5369581268118282,N315678,1,214.5,False,1.4849311940869916,0.67728618451048,0.6638431323324951,2.80765007014938,0.378456568805505,0.35645596483415315,0.06257361195526956,0.0008036146717749215,False,True,False,False,-1.0,0
2024-11-21,2024-25,N315682,1,221.5,True,1.8695652173913042,0.555683968309615,0.5407074145128279,N315681,1,221.5,False,1.6438128655775701,0.6144919352185788,0.6018596186788728,3.0732153573841527,0.3414633170565147,0.32542995831552984,0.049390309961415024,0.00011634564817075699,True,False,False,False,-1.0,0
2024-11-22,2024-25,N315448,1,231.5,False,1.6118759896345816,0.6488336231200739,0.6237426676353786,N315452,1,212.5,False,1.5666223301806999,0.6592427302191134,0.6373236983078843,2.52520091884365,0.42773884916363675,0.3975259837298049,0.08012653493314059,0.0038329793787292843,False,False,False,False,-1.0,0
2024-11-23,2024-25,N315686,1,241.5,True,1.8849557522123894,0.5741352371940347,0.5629165105138164,N315689,1,215.5,False,1.4137794797413026,0.708717614739843,0.6933052240339398,2.6649117626982077,0.40689975584225024,0.3902729574341851,0.08435194558304127,0.040042994929376796,True,False,False,False,-1.0,0
2024-11-24,2024-25,N315692,1,239.5,True,1.9090909090909092,0.5875017960794563,0.5677424764911218,N315695,1,228.0,True,1.9090909090909092,0.6614579405685099,0.6500554322448637,3.6446280991735542,0.3886077281150178,0.3690640809592055,,,False,True,False,False,-1.0,0
2024-11-25,2024-25,N315697,1,216.5,False,1.4028513415460422,0.7073161595448892,0.6939643526250637,N315704,1,221.5,True,1.8771929824561404,0.5851696946367297,0.5666720636788869,2.6334226937794125,0.41389998109250725,0.3932502118216276,0.08997360316387848,0.0355940321446353,False,True,False,False,-1.0,0
2024-11-26,2024-25,N315455,1,240.5,False,1.8271766920953028,0.5753144691127938,0.5541411596096348,N315459,1,228.5,False,1.6118759896345816,0.6265764743504366,0.6133112648936611,2.945182238808357,0.3604785116994875,0.3398610155298253,0.061674910129401184,0.0009526266018127227,False,False,False,False,-1.0,0
2024-11-27,2024-25,N315718,1,215.5,False,1.5666223301806999,0.6642242890024925,0.6410946663877374,N315707,1,217.5,False,1.6118759896345816,0.6440825855988765,0.6209005975085563,2.52520091884365,0.4278152974783008,0.3980560614196947,0.08031958228757441,0.005171532048297456,True,False,False,False,-1.0,0
2024-11-29,2024-25,N315465,1,221.5,True,1.8695652173913042,0.5896834548820752,0.5840771599560151,N315467,1,221.5,False,1.4137794797413026,0.6940438164172047,0.6831045618241796,2.6431529403859133,0.409266155504438,0.3989857724232649,0.08175304232199365,0.0545804175526976,True,True,False,False,1.6431529403859133,1
2024-11-30,2024-25,N315720,1,226.5,True,1.8849557522123894,0.5600348262107714,0.5555300741660302,N315723,1,220.5,False,1.4137794797413026,0.6953995117680378,0.6870137195701779,2.6649117626982077,0.38944794472006833,0.3816567825859012,0.03784440884315132,0.017081649226720508,False,False,False,False,-1.0,0
2024-12-01,2024-25,N315729,-1,223.0,True,1.8928571428571428,0.5275952504920584,0.5245054460606695,N315725,1,241.5,True,1.9090909090909092,0.5281214169940658,0.515114624968061,3.6136363636363638,0.27863435128920494,0.2701804261412473,,,False,True,False,False,-1.0,0
2024-12-02,2024-25,N315738,1,234.0,True,1.8928571428571428,0.5430051595095782,0.5286285914879587,N315736,-1,225.0,True,1.9090909090909092,0.5332981722764233,0.5179667076085371,3.6136363636363638,0.2895836591031257,0.2738120110807563,,,False,True,False,False,-1.0,0
2024-12-03,2024-25,N315479,1,222.5,True,1.8695652173913042,0.5737420152952463,0.5555993158991622,N315477,1,219.5,False,1.4364097595314311,0.6981994159394047,0.6831167552398094,2.685461724341371,0.4005863399790379,0.37953920189049356,0.07575928330770587,0.019237999563992414,True,False,False,False,-1.0,0
2024-12-04,2024-25,N315740,1,226.0,True,1.9090909090909092,0.5361658125206266,0.5247262009654431,N315739,1,219.0,True,1.9090909090909092,0.5319703943339081,0.5222872814588857,3.6446280991735542,0.28522433871495795,0.2740578210124902,,,False,True,False,False,-1.0,0
2024-12-05,2024-25,N315752,1,218.5,False,1.6276624782564486,0.641419248589986,0.6186899803064384,N315749,1,227.5,False,1.5666223301806999,0.655557147962068,0.6367571891418857,2.54993238443381,0.42048697325362394,0.3939552928101763,0.07221335033196907,0.00455935915577288,False,True,False,False,-1.0,0
2024-12-06,2024-25,N315758,1,224.5,True,1.8695652173913042,0.5432412929512954,0.5361071593006775,N315757,1,245.5,True,1.9090909090909092,0.5252453516493846,0.5135297120582575,3.569169960474308,0.2853349639466695,0.2753069551480473,,,True,True,False,False,2.569169960474308,1
2024-12-07,2024-25,N315761,1,230.5,True,1.8928571428571428,0.5816439662704743,0.5646240825002796,N315762,-1,232.5,False,1.415367086677365,0.6962909747863878,0.6846609754961336,2.6790876997821553,0.4049934442530894,0.38657607511325087,0.08501295499086181,0.03567120786597289,True,True,False,False,1.6790876997821553,1
2024-12-08,2024-25,N315768,1,218.5,True,1.8928571428571428,0.561442557729543,0.5575001735056836,N315772,1,204.5,False,1.4137794797413026,0.7048390688560733,0.6925617488861385,2.67608258665318,0.39572664960626325,0.3861032951674219,0.05899719608592546,0.03324430484695062,True,True,False,False,1.6760825866531799,1
2024-12-10,2024-25,N350614,-1,228.5,True,1.9174311926605505,0.5235595782797009,0.5126003831368573,N350613,-1,213.5,True,1.9090909090909092,0.5069229865599995,0.5033419890708328,3.6605504587155964,0.2654043850636398,0.2580132964465767,,,True,False,False,False,-1.0,0
2024-12-11,2024-25,N350612,1,221.0,True,1.9174311926605505,0.4932903928257826,0.4905152690382238,N350611,-1,236.5,True,1.8695652173913042,0.5171857607942554,0.5155208415597943,3.58476266453929,0.25512276710609944,0.25287084429251405,,,False,True,False,False,-1.0,0
2024-12-13,2024-25,N353822,1,219.5,False,1.660335153457363,0.6218451740267443,0.6031254398017633,N353821,1,225.5,False,1.660335153457363,0.6198949370593102,0.601635244883759,2.756712821806285,0.38547867501394445,0.36286152167075864,0.06265400594383852,0.00030500932991950336,True,True,False,False,1.756712821806285,1
2024-12-14,2024-25,N317632,1,214.5,True,1.9090909090909092,0.5128640855004423,0.5092624530238581,N317633,1,230.5,True,1.8928571428571428,0.5141528445674255,0.5120523194482406,3.6136363636363638,0.2636905284365237,0.2607690202787672,,,False,False,False,False,-1.0,0
2024-12-15,2024-25,N353826,1,224.5,False,1.8069186196449039,0.5865547967631737,0.563130603153201,N354407,-1,239.5,False,1.4841067647322466,0.6791558581723796,0.6622300463278079,2.681660146735655,0.3983621263608189,0.3729220054147507,0.06827183823068106,5.007976147508586e-05,True,False,False,False,-1.0,0
2024-12-16,2024-25,N353830,1,238.5,True,1.925925925925926,0.5211985685980306,0.5112980863503264,N353831,1,218.5,True,1.9090909090909092,0.5489093099356673,0.5418646198853486,3.6767676767676774,0.28609074662860257,0.2770543432083257,,,True,True,False,False,2.6767676767676774,1
2024-12-19,2024-25,N315789,1,225.5,False,1.4601108806462808,0.7074309053408007,0.6830689651030373,N315780,1,224.5,False,1.712215958142332,0.6104229920131533,0.5882431387895716,2.5000251504998157,0.43183208988070537,0.401810632041955,0.07959108549466021,0.004536685843114618,True,True,False,False,1.5000251504998157,1
2024-12-20,2024-25,N315794,-1,225.5,True,1.8695652173913042,0.5391676611907288,0.5316763201813266,N315795,-1,216.0,True,1.9090909090909092,0.5281488236641398,0.5178770867276475,3.569169960474308,0.2847607660156289,0.2753429837775814,,,True,True,False,False,2.569169960474308,1
2024-12-21,2024-25,N315807,1,221.5,False,1.5964455612916995,0.6582108672246133,0.6326726023357918,N315806,1,221.5,False,1.5813635151078902,0.648323354933736,0.6291654603718834,2.5245607644826307,0.4267334776929052,0.39805574911327596,0.07731459467473245,0.004915926288117989,True,False,False,False,-1.0,0
2024-12-22,2024-25,N315808,1,223.0,True,1.9090909090909092,0.5053514630965928,0.4999601741745836,N315810,-1,233.5,True,1.9174311926605505,0.5602907697695821,0.5536706913620896,3.6605504587155964,0.2831437602625746,0.2768132952887524,,,True,False,False,False,-1.0,0
2024-12-23,2024-25,N315822,1,230.5,False,1.7303092486980394,0.6231696736061997,0.5935713892123278,N315824,1,217.5,False,1.4723780365387367,0.6749597046205156,0.6616785027812073,2.5476693342028356,0.42061441882570366,0.3927534281077743,0.07158645636579308,0.0006058646932147749,False,True,False,False,-1.0,0
2024-12-25,2024-25,N315829,1,222.5,False,1.6438128655775701,0.6360669246349238,0.6154453471728539,N315828,-1,240.5,False,1.5220625523330276,0.6835254626171219,0.6588146109245869,2.501986005738864,0.43476793891653626,0.4054643869430311,0.0877832989131031,0.014466221956951797,False,True,False,False,-1.0,0
2024-12-26,2024-25,N315837,1,224.5,False,1.8478964052099935,0.571454419702513,0.5493818146943271,N315838,1,218.5,False,1.4849311940869916,0.6794095174919191,0.6633855239507073,2.743999015537535,0.388251571558709,0.36445194298998657,0.06536193013799818,5.5772775264806285e-05,True,True,False,False,1.743999015537535,1
2024-12-27,2024-25,N315840,1,213.5,True,1.9523809523809523,0.5285467660923515,0.5153489820975851,N315845,1,227.5,True,1.9090909090909092,0.5286069379786624,0.5205537069654418,3.7272727272727275,0.27939348760260224,0.268266823011765,,,False,False,False,False,-1.0,0
2024-12-28,2024-25,N315852,1,228.0,True,1.8928571428571428,0.5693380455066711,0.5482675941165153,N315853,1,215.5,False,1.4137794797413026,0.6993069622796703,0.6869927637544594,2.67608258665318,0.39814205911351486,0.376655869759113,0.06546103140791804,0.007962214223070418,True,True,False,False,1.6760825866531799,1
2024-12-29,2024-25,N315856,-1,211.0,True,1.9090909090909092,0.5783029650380346,0.5590162632513779,N315858,1,235.5,True,1.9090909090909092,0.5248129526278541,0.5132913717733526,3.6446280991735542,0.3035008865950536,0.28693822460791335,,,True,True,False,False,2.6446280991735542,1
2024-12-30,2024-25,N315865,1,237.5,True,1.9090909090909092,0.5393054738910318,0.521277218848901,N315863,1,228.5,True,1.9090909090909092,0.5283873788725479,0.5152611643837414,3.6446280991735542,0.28496220576089965,0.2685939067508031,,,True,True,False,False,2.6446280991735542,1
2024-12-31,2024-25,N315869,-1,231.5,True,1.8695652173913042,0.5790961220139547,0.5640684653955191,N315874,-1,235.5,False,1.4047766483393735,0.6946688109742502,0.68674840330505,2.6263215599388285,0.4022800145192332,0.38737311796510265,0.0565166752643671,0.017366371452476326,False,True,False,False,-1.0,0
2025-01-01,2024-25,N315880,1,221.0,True,1.8928571428571428,0.5333206043158358,0.5279549772065107,N315879,1,230.5,True,1.9090909090909092,0.5411777940138355,0.5273680138021212,3.6136363636363638,0.28862126814576966,0.2784265677063417,,,False,False,False,False,-1.0,0
2025-01-02,2024-25,N315883,-1,222.5,True,1.9090909090909092,0.5861056698731703,0.5633256231771633,N315888,1,223.5,True,1.9174311926605505,0.549246416672136,0.5370229274859267,3.6605504587155964,0.3219164389690607,0.3025187752864342,,,False,False,False,False,-1.0,0
2025-01-03,2024-25,N315894,-1,230.5,True,1.8928571428571428,0.5482491054366271,0.5434025066117805,N315889,1,207.5,False,1.4249637078097797,0.7107936436453232,0.6926538192005541,2.69725273263994,0.3896919792785891,0.3763898215678041,0.05109775599704158,0.015218474761619083,False,False,False,False,-1.0,0
2025-01-04,2024-25,N315902,-1,229.5,True,1.8695652173913042,0.5326531865213892,0.5305313397756297,N315901,1,223.5,True,1.9090909090909092,0.5288408839965506,0.5205414730618628,3.569169960474308,0.281688782023551,0.27616356511228995,,,True,True,False,False,2.569169960474308,1
2025-01-05,2024-25,N315910,1,211.5,True,1.9090909090909092,0.5365978657827449,0.524979315062101,N315907,-1,224.5,True,1.9090909090909092,0.5504080984486125,0.5300795432248123,3.6446280991735542,0.2953478109370644,0.2782807955305934,,,False,True,False,False,-1.0,0
2025-01-06,2024-25,N315919,1,231.5,True,1.8695652173913042,0.6308175687708916,0.6264938704865564,N315914,1,217.5,False,1.4137794797413026,0.7085461359391384,0.6927364023608847,2.6431529403859133,0.44696335083513694,0.43399510994200313,0.18139249500463284,0.1471154509563133,False,True,False,False,-1.0,0
2025-01-07,2024-25,N315926,1,234.5,False,1.8478964052099935,0.5650790664957056,0.545547227805063,N315922,1,223.5,False,1.7871123660099848,0.5709074909040409,0.5561848943751767,3.302398516856177,0.322607872015461,0.30342512727342946,0.06537975806998553,0.002030690284670289,True,True,False,False,2.302398516856177,1
2025-01-08,2024-25,N315933,1,213.0,True,1.8849557522123894,0.5749966011727766,0.5613751630547344,N315929,1,209.5,False,1.4249637078097797,0.7179543652376362,0.6955881684948312,2.6859935377299387,0.4128213198087991,0.39048592150773,0.10883539724357871,0.048842661744282756,False,True,False,False,-1.0,0
2025-01-09,2024-25,N315939,1,233.0,True,1.9090909090909092,0.5452448326342596,0.5295399429918507,N315940,1,227.5,True,1.9090909090909092,0.5436361398312884,0.5312808617396417,3.6446280991735542,0.2964147960762458,0.2813344372382712,,,True,True,False,False,2.6446280991735542,1
2025-01-10,2024-25,N315949,-1,230.0,True,1.8928571428571428,0.550217540211219,0.537595251412889,N315950,1,238.5,False,1.767748307449926,0.568352937062362,0.556630101361762,3.346095010530217,0.3127177550022746,0.2992416992855584,0.04638331971732179,0.001291156921990444,True,True,False,False,2.346095010530217,1
2025-01-11,2024-25,N315955,-1,229.5,True,1.9090909090909092,0.5400645481215938,0.5243301745488435,N315953,1,228.5,True,1.9090909090909092,0.5139833502094815,0.5073067687212159,3.6446280991735542,0.2775841857729065,0.26599624659340493,,,False,False,False,False,-1.0,0
2025-01-12,2024-25,N315963,-1,239.5,True,1.8695652173913042,0.5700168566058349,0.5599009105051996,N315965,-1,232.5,False,1.4047766483393735,0.7039768026588096,0.690411841145088,2.6263215599388285,0.4012786441750008,0.38656221848070604,0.05388675473982629,0.015236688653662123,True,False,False,False,-1.0,0
2025-01-13,2024-25,N315968,1,224.0,True,1.9090909090909092,0.5232217060375125,0.5148752107219292,N315971,1,234.5,True,1.9090909090909092,0.5220395692134437,0.5167177046777673,3.6446280991735542,0.27314243402294613,0.26604513707971705,,,True,True,False,False,2.6446280991735542,1
2025-01-14,2024-25,N315977,-1,239.0,True,1.8928571428571428,0.6164475684095674,0.6117467874371836,N315974,1,219.5,False,1.4137794797413026,0.7058475664484027,0.692147408791177,2.67608258665318,0.4351180160049284,0.42341895376097355,0.1644117457698684,0.13310408901864923,True,True,False,False,1.6760825866531799,1
2025-01-15,2024-25,N315981,1,217.5,True,1.8695652173913042,0.5608649572961635,0.5532847460661057,N315991,1,203.5,False,1.4137794797413026,0.6965682260010991,0.6843792517255921,2.6431529403859133,0.3906807083299708,0.37865660050390565,0.03262886297441381,0.0008473070184322751,True,False,False,False,-1.0,0
2025-01-16,2024-25,N315993,1,232.5,True,1.9090909090909092,0.5184189459373565,0.5122607587601608,N315996,-1,227.5,True,1.9090909090909092,0.5228599621642243,0.5148567334143351,3.6446280991735542,0.2710605104580232,0.2637409009116051,,,True,False,False,False,-1.0,0
2025-01-17,2024-25,N316002,1,227.5,True,1.8928571428571428,0.5438051189744177,0.5312377463356985,N316004,-1,235.5,True,1.8695652173913042,0.5416565083312599,0.532452737230727,3.5388198757763973,0.29455558195634846,0.2828589921567253,0.042379147948009566,0.000987023486299199,True,False,False,False,-1.0,0
2025-01-18,2024-25,N316011,1,222.5,True,1.9090909090909092,0.5438091129092544,0.5289017227897557,N316008,1,221.5,True,1.9090909090909092,0.562183930300447,0.5540492441198531,3.6446280991735542,0.30572074442852415,0.2930375997253522,,,True,False,False,False,-1.0,0
2025-01-19,2024-25,N316017,-1,236.5,True,1.8928571428571428,0.5581405879187099,0.5535962797261638,N316016,-1,223.5,False,1.415367086677365,0.6898257706272037,0.6812530819910827,2.6790876997821553,0.3850197611793446,0.3771391717422466,0.03150170634864513,0.010388916120682712,True,True,False,False,1.6790876997821553,1
2025-01-20,2024-25,N316020,1,224.0,True,1.9090909090909092,0.5451980662410695,0.5270690389060854,N316022,-1,233.5,True,1.8849557522123894,0.5314407081775802,0.5254262121001049,3.598551890587289,0.28974044642020125,0.2769358886276672,,,False,True,False,False,-1.0,0
2025-01-21,2024-25,N316029,1,226.5,True,1.8695652173913042,0.5486586349338027,0.541499357689163,N316028,1,219.5,True,1.9090909090909092,0.5181840057999286,0.5096333367956968,3.569169960474308,0.28430612926671855,0.2759661245318547,,,True,True,False,False,2.569169960474308,1
2025-01-22,2024-25,N316036,1,219.5,False,1.767748307449926,0.6145731035518058,0.5829595577050855,N316040,-1,227.5,False,1.415367086677365,0.710954326195739,0.6942515821377989,2.502012771894245,0.43693340673369824,0.4047205952591071,0.09321296411497593,0.012616098386927233,True,False,False,False,-1.0,0
2025-01-23,2024-25,N316045,1,217.5,False,1.8478964052099935,0.5663894613905504,0.5462785401476145,N316042,1,208.5,True,1.8928571428571428,0.5346892015441426,0.5238035796493954,3.4978039098617733,0.3028423288739303,0.2861426548149664,0.059283082006878596,0.0008708967900172837,True,False,False,False,-1.0,0
2025-01-24,2024-25,N316052,-1,243.0,True,1.8928571428571428,0.5455907556371998,0.5423718794355158,N316051,1,227.5,True,1.9174311926605505,0.5242996466157187,0.5223414142527943,3.6294233289646134,0.2860530403773868,0.2833032945552934,,,False,True,False,False,-1.0,0
2025-01-25,2024-25,N316066,-1,223.5,True,1.8849557522123894,0.5629954754342741,0.5562811766624929,N316062,1,233.5,False,1.4137794797413026,0.7093218367840752,0.6891385716042643,2.6649117626982077,0.399344984736163,0.38335481549552974,0.06421914719793698,0.02160675710103832,False,False,False,False,-1.0,0
2025-01-27,2024-25,N316075,1,219.5,True,1.8849557522123894,0.6118745711175759,0.6043404155167359,N316069,1,224.5,False,1.4028513415460422,0.7037218012435824,0.6904856538880322,2.6443127057460796,0.430589475322005,0.4172883869790385,0.13861322055451564,0.10344098364895826,False,False,False,False,-1.0,0
2025-01-28,2024-25,N316082,1,227.5,True,1.9090909090909092,0.5339764445307635,0.5209012058517949,N316080,1,218.5,True,1.8928571428571428,0.5158097381238372,0.5140466979930943,3.6136363636363638,0.2754302500177108,0.26776754484873627,,,False,True,False,False,-1.0,0
2025-01-29,2024-25,N316087,1,224.5,False,1.890761054336703,0.553293811692721,0.5341028954415377,N316092,-1,219.5,True,1.8695652173913042,0.5395814276086954,0.5317130332345029,3.53490110158601,0.2985470648002151,0.28398947059455054,0.055334348237550346,0.0038746924435046903,False,False,False,False,-1.0,0
2025-01-30,2024-25,N316098,1,221.5,True,1.925925925925926,0.5397740660459327,0.5341540327151842,N316096,1,235.5,True,1.9090909090909092,0.5261782316495914,0.5215035484884238,3.6767676767676774,0.2840173635623586,0.2785632235003702,,,True,True,False,False,2.6767676767676774,1
2025-01-31,2024-25,N316099,1,228.5,True,1.8928571428571428,0.5357086927421822,0.5333710221620056,N316100,1,212.0,True,1.9174311926605505,0.5822714447159578,0.5746413930573562,3.6294233289646134,0.3119278744698876,0.3064970671916009,,,False,True,False,False,-1.0,0
2025-02-01,2024-25,N316107,-1,239.5,True,1.8928571428571428,0.5627197418776388,0.5594414074685448,N316106,1,206.5,False,1.4028513415460422,0.7084127614279306,0.6957337213451775,2.6553971822121514,0.3986378462535505,0.38922225229267443,0.0585418136647986,0.03353967199223473,False,True,False,False,-1.0,0
2025-02-02,2024-25,N316117,-1,223.5,True,1.8695652173913042,0.5613292619758731,0.5491167340661048,N316119,1,239.5,False,1.7871123660099848,0.5542223556756333,0.5468035285381424,3.341123119062145,0.31110122588193306,0.3002589677666869,0.03942749816270119,0.0032021789110130428,True,True,False,False,2.341123119062145,1
2025-02-03,2024-25,N316121,1,217.5,True,1.8928571428571428,0.5474402047554451,0.5404838305668083,N316126,1,228.5,False,1.4364097595314311,0.6984440011220162,0.6815813007606991,2.71891847339878,0.3823563269844489,0.36838367227785046,0.03959568085892262,0.0016051718547298588,True,True,False,False,1.7189184733987801,1
2025-02-04,2024-25,N316131,1,223.5,True,1.9090909090909092,0.5465649372535585,0.5357530180610272,N316130,-1,236.0,True,1.9090909090909092,0.5461396683499123,0.5277121451007912,3.6446280991735542,0.2985007935633491,0.28272337440520756,,,True,True,False,False,2.6446280991735542,1
2025-02-05,2024-25,N316138,1,214.5,False,1.7488170145822244,0.606698145944108,0.5813184179257843,N316141,1,208.5,False,1.4364097595314311,0.7034387602782871,0.6882799552554074,2.5120178273805283,0.42677499164605864,0.40010981467910306,0.07206638729507531,0.005082987383826287,False,True,False,False,-1.0,0
2025-02-06,2024-25,N316148,-1,229.5,True,1.8849557522123894,0.5449880484510954,0.5394301273411549,N316150,1,219.5,False,1.8478964052099935,0.5418181113233004,0.5330106509547141,3.4832029584931736,0.29528439510554383,0.2875220033186933,0.02853547862849748,0.0014974925915565152,False,False,False,False,-1.0,0
2025-02-07,2024-25,N316160,1,230.5,False,1.8478964052099935,0.5655315480413217,0.5460100394089016,N316157,1,220.5,False,1.660335153457363,0.6118667255482795,0.5975670476628797,3.068127361517644,0.346029936494293,0.32627760724386995,0.06166391606235311,0.0010612542354246912,True,True,False,False,2.068127361517644,1
2025-02-08,2024-25,N316171,1,218.5,False,1.5522146397972088,0.6590159219932816,0.638861678682355,N316169,1,233.5,True,1.8849557522123894,0.5466987623291062,0.5354760948195686,2.9258559139540306,0.3602831889089019,0.34209515683070146,0.05413669896732776,0.0009211377481395111,True,False,False,False,-1.0,0
2025-02-09,2024-25,N316172,-1,225.5,True,1.8695652173913042,0.5542569671200988,0.5495396877730884,N316174,1,217.5,False,1.4137794797413026,0.6985827424847064,0.6902041616215133,2.6431529403859133,0.38719435213201436,0.37929457947717266,0.023413890338552568,0.0025335830175272633,True,True,False,False,1.6431529403859133,1
2025-02-10,2024-25,N316179,-1,225.5,True,1.8928571428571428,0.6200195176386841,0.6149425855538857,N316188,1,224.5,False,1.4137794797413026,0.7045111598672539,0.6882583542014745,2.67608258665318,0.4368106695119646,0.42323937186171684,0.16894142634528553,0.13262351302517028,True,True,False,False,1.6760825866531799,1
2025-02-11,2024-25,N316187,1,237.5,True,1.9090909090909092,0.506226757772509,0.5029412054077735,N316184,-1,226.5,True,1.9523809523809523,0.5319455211506262,0.5277166095732696,3.7272727272727275,0.2692850564836891,0.26541042773248363,,,False,True,False,False,-1.0,0
2025-02-12,2024-25,N316196,1,218.5,True,1.9523809523809523,0.5449661155943512,0.5293722471525477,N316199,1,223.5,True,1.9090909090909092,0.5335060977759036,0.5180812653545694,3.7272727272727275,0.2907427457508343,0.2742578436483838,,,False,True,False,False,-1.0,0
2025-02-13,2024-25,N316424,1,224.5,True,1.9090909090909092,0.5609132932248398,0.5437854810690645,N316206,-1,223.5,True,1.9090909090909092,0.5662565635351751,0.5577594246875216,3.6446280991735542,0.3176208338626958,0.3033014770745086,,,True,False,False,False,-1.0,0
2025-02-20,2024-25,N316215,1,228.5,True,1.9090909090909092,0.5461287307683191,0.5250406498005986,N316213,1,225.0,True,1.9090909090909092,0.5189217496494813,0.5100410133088781,3.6446280991735542,0.2833980765041467,0.26779226505264914,,,True,True,False,False,2.6446280991735542,1
2025-02-21,2024-25,N316223,1,234.5,False,1.8478964052099935,0.5808528419199283,0.5542469225623767,N316217,1,219.5,False,1.4137794797413026,0.7071882158018101,0.6912120558196472,2.612518018373608,0.41077228492076495,0.3831021547760532,0.07314999580399584,0.0008612822301936607,True,False,False,False,-1.0,0
2025-02-22,2024-25,N316229,1,228.5,True,1.925925925925926,0.5375396154056075,0.5203038831153624,N316230,-1,222.5,True,1.9090909090909092,0.5871012160668727,0.5741486387200433,3.6767676767676774,0.3155901618887512,0.2987317662114378,,,True,False,False,False,-1.0,0
2025-02-23,2024-25,N316231,-1,234.5,True,1.9090909090909092,0.5955379491532952,0.5762643308298637,N316236,-1,231.5,True,1.9090909090909092,0.572226696373446,0.5603606893591031,3.6446280991735542,0.3407827132090074,0.3229158776768847,,,True,False,False,False,-1.0,0
2025-02-24,2024-25,N316242,-1,247.5,True,1.8695652173913042,0.5498651471074246,0.5397246988104354,N316243,1,224.5,False,1.694528274757566,0.6005774415100434,0.5856271543030862,3.168031122372841,0.3302366032253207,0.31607743947144556,0.04619983676450734,0.0013431653254574183,True,True,False,False,2.168031122372841,1
2025-02-25,2024-25,N316249,-1,227.5,True,1.9090909090909092,0.5594987110448731,0.5427625830123592,N316253,1,237.0,True,1.9090909090909092,0.5128732386047505,0.5066896777682953,3.6446280991735542,0.2869519159287676,0.2750121982912199,,,True,False,False,False,-1.0,0
2025-02-26,2024-25,N316263,1,234.5,False,1.8271766920953028,0.5775203854397776,0.5549877486097669,N316264,1,219.5,False,1.5522146397972088,0.6518430025786484,0.6354420395843516,2.8361704109665657,0.37645262209544295,0.35266254692091764,0.06768378791787377,0.00021108063321495507,False,True,False,False,-1.0,0
2025-02-27,2024-25,N316266,-1,241.5,True,1.9090909090909092,0.5390901426959658,0.5237773790918675,N316268,1,235.5,True,1.9090909090909092,0.5160290341801781,0.5109650592935887,3.6446280991735542,0.2781861656714536,0.2676319395643166,,,True,True,False,False,2.6446280991735542,1
2025-02-28,2024-25,N316271,-1,233.5,True,1.8928571428571428,0.5634693258582104,0.5475273334567231,N316278,1,217.5,False,1.4249637078097797,0.7073063301496431,0.6908052754979006,2.69725273263994,0.39854542102466417,0.3782347704312025,0.07497772593991092,0.020194768125001206,False,True,False,False,-1.0,0
2025-03-01,2024-25,N316282,1,241.0,True,1.925925925925926,0.5159306918817294,0.5034885373526149,N316285,1,224.5,True,1.9090909090909092,0.5248241519428927,0.5207399429428426,3.6767676767676774,0.27077288782813846,0.262186592213376,,,True,True,False,False,2.6767676767676774,1
2025-03-02,2024-25,N316291,1,238.5,True,1.9090909090909092,0.5389023371231295,0.5210549921947367,N316287,1,227.0,True,1.9090909090909092,0.5708472694553385,0.5584796947237387,3.6446280991735542,0.3076309276498388,0.2909986329751966,,,True,True,False,False,2.6446280991735542,1
2025-03-03,2024-25,N316297,1,219.5,True,1.8695652173913042,0.5881092493654305,0.5824329319811197,N316299,1,214.5,False,1.4364097595314311,0.7277029944513139,0.7006566167637034,2.685461724341371,0.4279688618277383,0.4080854876136555,0.14929399764833184,0.09589795724565642,False,True,False,False,-1.0,0
2025-03-04,2024-25,N316307,1,219.5,False,1.767748307449926,0.5884862084966352,0.5690491475063376,N316309,1,223.5,True,1.8928571428571428,0.5314794856370821,0.5270456915450522,3.346095010530217,0.3127683473963084,0.2999149014706001,0.04655260667456895,0.003543755394436854,True,True,False,False,2.346095010530217,1
2025-03-05,2024-25,N316313,1,230.5,True,1.8695652173913042,0.5959672636543599,0.5821606105856708,N316315,1,239.5,False,1.4137794797413026,0.7057128939658913,0.6894128129169917,2.6431529403859133,0.4205817823424517,0.40134898411334075,0.11166197467119954,0.06082674748007588,True,False,False,False,-1.0,0
2025-03-06,2024-25,N316321,-1,247.0,True,1.9090909090909092,0.5234527500304551,0.5074635323685123,N316320,-1,227.0,True,1.9090909090909092,0.5667974967074217,0.5520552664360876,3.6446280991735542,0.29669170836187775,0.2801479155682972,,,True,False,False,False,-1.0,0
2025-03-07,2024-25,N316327,1,229.5,False,1.497776721024205,0.6847540416030191,0.6630176170880117,N316325,-1,231.5,True,1.8695652173913042,0.5502978047365508,0.5405669057743789,2.800191261045253,0.3768186458786222,0.35840538174316844,0.05516427918822364,0.003603617868807918,False,True,False,False,-1.0,0
2025-03-08,2024-25,N316338,-1,233.5,True,1.8849557522123894,0.5754644394454558,0.5694267930696577,N316339,-1,233.5,False,1.4047766483393735,0.7096273621064358,0.6954404577050448,2.647941823860943,0.4083653121497376,0.3960024296018786,0.08132758945531937,0.04859139569336324,True,True,False,False,1.647941823860943,1
2025-03-09,2024-25,N316344,1,218.5,False,1.5964455612916995,0.6662405472060914,0.6377186841963975,N316345,1,223.5,False,1.5813635151078902,0.6548093273778738,0.6332018154719398,2.5245607644826307,0.4362605245878873,0.40380462859353555,0.10136620346719027,0.019429321863720705,True,True,False,False,1.5245607644826307,1
2025-03-10,2024-25,N316357,1,221.5,False,1.6276624782564486,0.6595177095876398,0.6287983571892601,N316348,1,223.5,False,1.5666223301806999,0.6607151704085721,0.6378662186914819,2.54993238443381,0.43575335587766856,0.4010892304197291,0.11114159377817812,0.022750417694901826,True,True,False,False,1.5499323844338102,1
2025-03-11,2024-25,N316362,1,223.0,True,1.8928571428571428,0.6715306336314826,0.6610722793582303,N316361,1,224.5,False,1.4028513415460422,0.6912866662180831,0.6824743651874681,2.6553971822121514,0.46422017298642454,0.4511648841980408,0.2326889392741891,0.19802196221254897,True,True,False,False,1.6553971822121514,1
2025-03-12,2024-25,N316368,1,235.5,False,1.5964455612916995,0.649341639365795,0.6254940171542392,N316367,1,210.5,False,1.5666223301806999,0.6653601193118944,0.6428051988191765,2.5010272652374375,0.4320460306426065,0.40207080605703616,0.08055890247476816,0.005590048504641176,True,True,False,False,1.5010272652374375,1
2025-03-13,2024-25,N316570,-1,217.5,True,1.8849557522123894,0.5676408499981654,0.5630773448804838,N316374,1,224.5,False,1.4028513415460422,0.691982618807848,0.682352078448714,2.6443127057460796,0.39279760192404334,0.3842169966065815,0.03867968955433865,0.01598988589038175,True,True,False,False,1.6443127057460796,1
2025-03-14,2024-25,N316382,1,207.5,True,1.8849557522123894,0.5663332201054221,0.5544173319169075,N316386,1,219.5,False,1.4137794797413026,0.7125830962920152,0.6946084802969753,2.6649117626982077,0.40355947951574905,0.3851029803731068,0.07545040390988578,0.02626546224642934,True,True,False,False,1.6649117626982077,1
2025-03-15,2024-25,N316392,-1,230.5,True,1.8695652173913042,0.5585083072011747,0.5494392352317015,N316393,1,226.5,False,1.4137794797413026,0.7183772030981324,0.7005402744319645,2.6431529403859133,0.4012196356342524,0.38490431263290487,0.060484859667239155,0.01736096570288148,True,True,False,False,1.6431529403859133,1
2025-03-16,2024-25,N316401,1,227.5,False,1.5964455612916995,0.6534440782062771,0.6294772643940644,N316396,1,217.5,False,1.5964455612916995,0.6492764862629331,0.6287768967931173,2.548638430167969,0.4242658750670929,0.3958007609075204,0.08130031380483538,0.008753029938630696,True,True,False,False,1.5486384301679692,1
2025-03-17,2024-25,N354901,1,220.5,False,1.6276624782564486,0.6682857457194071,0.6338405583419661,N316407,1,211.5,False,1.5522146397972088,0.6884971969554289,0.6577463264519198,2.5264815273982655,0.4601128626930803,0.41690629880566193,0.16246664811240197,0.05330606258848647,True,True,False,False,1.5264815273982655,1
2025-03-18,2024-25,N316417,-1,234.5,True,1.9090909090909092,0.6133056502641661,0.5966933405023005,N316433,-1,235.5,True,1.9090909090909092,0.5766854480870481,0.5627540127445739,3.6446280991735542,0.35368444373690905,0.335791571745634,,,False,True,False,False,-1.0,0
2025-03-19,2024-25,N316423,1,225.5,False,1.712215958142332,0.6320138848686079,0.6011709626967643,N316422,1,221.5,False,1.4601108806462808,0.702076044141174,0.6803652114797857,2.5000251504998157,0.4437218081308476,0.40901580917069036,0.1093156801523727,0.02254980987875932,True,True,False,False,1.5000251504998157,1
2025-03-20,2024-25,N316431,-1,231.5,True,1.9090909090909092,0.6060611638713731,0.5918891437405588,N316430,-1,225.5,True,1.9090909090909092,0.5765070419438163,0.5675593873736557,3.6446280991735542,0.3493985288205118,0.3359322398145092,,,True,True,False,False,2.6446280991735542,1
2025-03-21,2024-25,N316440,1,226.5,True,1.8695652173913042,0.5633700371841678,0.5541359721787416,N316438,1,231.5,False,1.4137794797413026,0.723411581896894,0.7024051965041973,2.6431529403859133,0.40754840979271084,0.38922798642825335,0.077212777693207,0.028789096808326198,False,True,False,False,-1.0,0
2025-03-22,2024-25,N316444,-1,221.5,True,1.8928571428571428,0.5448947621992672,0.5347899203664908,N316446,1,218.5,False,1.7303092486980394,0.5874771488032904,0.5729164619391331,3.27522822074986,0.32011322129467246,0.30638994905708067,0.04844385621945624,0.003497007705862698,True,True,False,False,2.27522822074986,1
2025-03-23,2024-25,N316454,1,235.5,False,1.890761054336703,0.5597208367745738,0.5376128505071086,N316455,1,221.5,False,1.5109211195439671,0.6665164782918922,0.6517068216993955,2.856790809008543,0.37306316095358,0.35036596210874,0.06576340939186198,0.000922260341683856,True,True,False,False,1.856790809008543,1
2025-03-24,2024-25,N316464,1,225.5,True,1.8695652173913042,0.5509487271061603,0.5383383037392455,N316461,1,226.5,False,1.6276624782564486,0.6259834381300216,0.6105191084121537,3.0430211550011865,0.3448847784272732,0.32866582122299537,0.04949167679208921,0.00013704690741267456,False,False,False,False,-1.0,0
2025-03-25,2024-25,N316470,1,240.0,True,1.8928571428571428,0.5608845545622738,0.5522264650722369,N316465,1,225.5,False,1.4028513415460422,0.7200892037270462,0.7007853476315618,2.6553971822121514,0.40388691227754675,0.38699221529699607,0.07248016879416408,0.02761803803768159,True,False,False,False,-1.0,0
2025-03-26,2024-25,N316478,-1,230.5,False,1.5091298153915902,0.6829861840900512,0.6621622318614174,N316473,1,227.5,False,1.8271766920953028,0.5637744995444887,0.5477048371341989,2.757446824029601,0.3850501941311686,0.3626694573580753,0.06175543489897195,4.1743364563417984e-05,False,True,False,False,-1.0,0
2025-03-27,2024-25,N316485,1,226.5,False,1.8271766920953028,0.5807535154015485,0.5567568950660126,N316479,1,213.5,False,1.5381332284602023,0.6530798432656547,0.6398852691183361,2.810441184379781,0.3792784148144213,0.35626053563280463,0.06593967734072814,0.0012492817116347421,True,False,False,False,-1.0,0
2025-03-28,2024-25,N316493,1,236.5,True,1.8928571428571428,0.5622912693054283,0.5437925230970214,N316489,1,213.5,False,1.6438128655775701,0.5999974904341684,0.5920701301884035,3.111502924128972,0.3373733504763001,0.3219633099455339,0.04973816653019636,0.0017897803577711091,False,False,False,False,-1.0,0
2025-03-29,2024-25,N316500,-1,239.5,True,1.8695652173913042,0.5410247683638306,0.5297428681973001,N316494,-1,219.0,True,1.9090909090909092,0.5361045299612166,0.5195130109276184,3.569169960474308,0.2900458291410675,0.27520831247461186,,,False,True,False,False,-1.0,0
2025-03-30,2024-25,N316503,1,224.5,True,1.9090909090909092,0.5162466951949635,0.5085616573385947,N316501,-1,232.5,True,1.9090909090909092,0.5399315173886075,0.526865605974754,3.6446280991735542,0.2787378614834706,0.26794364576922386,,,True,False,False,False,-1.0,0
2025-03-31,2024-25,N316512,1,219.5,True,1.9090909090909092,0.5865443454245113,0.5751783285189604,N316516,1,225.5,True,1.9090909090909092,0.5383188585051483,0.5283948900284478,3.6446280991735542,0.3157478824915723,0.3039212896445225,,,False,False,False,False,-1.0,0
2025-04-01,2024-25,N316520,-1,239.5,True,1.8695652173913042,0.5849878439696946,0.566838797783338,N316405,1,210.5,False,1.4137794797413026,0.6905017234222534,0.6833107372849957,2.6431529403859133,0.40393511444214236,0.3873270368350733,0.06766228546286901,0.023764596301586893,False,True,False,False,-1.0,0
2025-04-02,2024-25,N316530,1,234.5,False,1.8478964052099935,0.5760979040406817,0.5517323028401843,N316526,-1,220.5,False,1.4047766483393735,0.7160365436069516,0.7004707506751522,2.5958817185892715,0.412507151988499,0.3864723403421943,0.0708197746342707,0.0032364830347131335,False,False,False,False,-1.0,0
2025-04-03,2024-25,N316537,-1,230.5,True,1.9090909090909092,0.5616185920442938,0.5390487621524284,N316536,-1,226.5,True,1.9090909090909092,0.5472430433931713,0.5256557167429764,3.6446280991735542,0.3073418675365072,0.28335406342864894,,,False,True,False,False,-1.0,0
2025-04-04,2024-25,N316540,1,228.0,True,1.8928571428571428,0.5444510080984843,0.5415538151118532,N316546,1,215.5,False,1.5381332284602023,0.6500740949230165,0.6363039660697617,2.9114664681568114,0.3539334963195461,0.3445928403958826,0.03046550649186086,0.003270499979524333,False,True,False,False,-1.0,0
2025-04-05,2024-25,N316548,-1,237.0,True,1.8928571428571428,0.5688588818736545,0.5579042513337761,N316551,-1,222.5,False,1.4261962891945477,0.7079899500341337,0.6924972589163095,2.6995858331182507,0.4027463713542018,0.38634716478639575,0.08724839844758536,0.0429773327227565,True,False,False,False,-1.0,0
2025-04-06,2024-25,N354902,1,221.5,True,1.8928571428571428,0.5778770167489424,0.5734197372748707,N316555,1,219.5,False,1.4028513415460422,0.6958219924867914,0.6845969376107932,2.6553971822121514,0.40209953720657204,0.3925613961039621,0.06773397806714154,0.042406425059728914,False,True,False,False,-1.0,0
2025-04-07,2024-25,N316577,-1,232.0,True,1.9090909090909092,0.5535745719732709,0.5345088002999312,N316579,1,213.0,True,1.9090909090909092,0.4972507374515438,0.49570740599823704,3.6446280991735542,0.27526536414813163,0.2649599708799086,,,False,True,False,False,-1.0,0
2025-04-08,2024-25,N316588,-1,229.5,False,1.4841067647322466,0.6981149346869909,0.6746261741677072,N316582,1,237.5,False,1.8271766920953028,0.5641780943990573,0.5470911754144112,2.711725289099728,0.39386115352322887,0.36908202659073824,0.06804325040293024,0.0008490652582830993,False,True,False,False,-1.0,0
2025-04-09,2024-25,N316600,-1,216.5,True,1.9090909090909092,0.5931441754108674,0.5702099406030056,N316612,1,227.5,True,1.9090909090909092,0.5385301839494244,0.528327098917979,3.6446280991735542,0.3194260418925441,0.30125736369297906,,,True,True,False,False,2.6446280991735542,1
2025-04-10,2024-25,N316623,-1,227.5,True,1.8928571428571428,0.5817259372457221,0.5750163535405178,N316627,-1,241.5,False,1.4047766483393735,0.6963973612959152,0.6873728105878124,2.6590415129280998,0.40511240769531404,0.39525060706710097,0.07721070946409303,0.050987772201453785,True,False,False,False,-1.0,0
2025-04-11,2024-25,N316649,1,230.5,False,1.8069186196449039,0.5939026740009999,0.5662713723038525,N316646,1,209.5,False,1.4364097595314311,0.6983296274728573,0.6816097425540184,2.5954755399370018,0.4147398330902521,0.38597608429173963,0.07644709222330426,0.001791485779872426,True,False,False,False,-1.0,0
2025-04-13,2024-25,N316680,1,223.5,False,1.4249637078097797,0.7115434262852427,0.6892583688747482,N316676,1,234.5,True,1.8695652173913042,0.555720124147986,0.5447210727666465,2.6640625841661096,0.3954190011919184,0.3754535581068418,0.053420966143723936,0.00023177624447345835,False,False,False,False,-1.0,0
2025-04-15,2024-25,N356881,1,216.5,True,1.9090909090909092,0.5451075369664552,0.537713871008781,N356914,1,228.5,True,1.9090909090909092,0.5029325869041659,0.5012505447398327,3.6446280991735542,0.2741523437074975,0.2695293707573156,,,False,True,False,False,-1.0,0
2025-04-16,2024-25,N356915,1,218.5,True,1.9090909090909092,0.5627662379993008,0.5504668665084568,N356916,1,215.5,True,1.925925925925926,0.5220691253269089,0.5170441037141962,3.6767676767676774,0.29380287763581,0.2846156476182271,,,False,True,False,False,-1.0,0
2025-04-18,2024-25,N356960,1,219.5,False,1.7488170145822244,0.6040287344153276,0.5809957167396635,N356959,1,211.5,False,1.4364097595314311,0.7049992148260095,0.6914030634981013,2.5120178273805283,0.4258397834951541,0.40170221843307846,0.06971712774769157,0.009083134002200177,True,True,False,False,1.5120178273805283,1
2025-04-19,2024-25,N356919,1,225.0,True,1.9090909090909092,0.5212574422634796,0.5113305734718732,N356918,1,220.0,True,1.9090909090909092,0.5166297951711205,0.508773728964625,3.6446280991735542,0.2692971256280036,0.2601515625989051,,,False,True,False,False,-1.0,0
2025-04-20,2024-25,N356923,1,223.5,False,1.694528274757566,0.6186829445031323,0.5955031931087595,N356922,1,209.5,False,1.5381332284602023,0.6596284359294372,0.6444295676576827,2.606410245969952,0.40810086301882,0.3837598652738474,0.06367827076143207,0.00023564484180416123,False,True,False,False,-1.0,0
2025-04-21,2024-25,N356967,1,218.5,True,1.925925925925926,0.525189323440086,0.5134988301405077,N356953,1,221.5,True,1.9090909090909092,0.5139822603373706,0.5073061634812022,3.6767676767676774,0.26993799556678977,0.26050112147066645,,,False,False,False,False,-1.0,0
2025-04-22,2024-25,N356981,1,228.5,True,1.8695652173913042,0.5739651980469752,0.5555500792751955,N356973,1,208.5,False,1.4137794797413026,0.6906177111425181,0.6852193983426034,2.6431529403859133,0.39639053135066415,0.38067369107013505,0.04772079848064226,0.006178785879586313,False,False,False,False,-1.0,0
2025-04-23,2024-25,N356947,1,200.5,False,1.5381332284602023,0.6654000975194542,0.650416810285014,N356975,1,214.5,False,1.8069186196449039,0.5682581005514178,0.5532064406590663,2.7792815699992683,0.3781189955231332,0.35981476856259575,0.050899155524080086,2.6554879574591794e-05,True,True,False,False,1.7792815699992683,1
2025-04-24,2024-25,N356968,1,209.5,False,1.524371028967554,0.6715683038000089,0.6552793277065773,N356992,1,225.5,False,1.8478964052099935,0.5589394577314708,0.5423766551736521,2.816879744635402,0.3753660235556206,0.3554082099659328,0.057360948578162985,0.0011421877301620587,False,False,False,False,-1.0,0
2025-04-25,2024-25,N356983,-1,198.5,True,1.9090909090909092,0.5326014808719208,0.5204049207593778,N356974,1,206.5,True,1.9090909090909092,0.5308541214953262,0.5247812730939746,3.6446280991735542,0.2827336912353733,0.27309875684047524,,,True,True,False,False,2.6446280991735542,1
2025-04-26,2024-25,N356948,1,197.5,False,1.5666223301806999,0.6619820552036041,0.6428636687454855,N356993,1,221.5,False,1.6276624782564486,0.6327320443858608,0.612700519205751,2.54993238443381,0.4188572591357302,0.39388290361887285,0.06805768952538283,0.00437477161258526,False,True,False,False,-1.0,0
2025-04-27,2024-25,N356955,1,217.5,True,1.9090909090909092,0.5305484888499061,0.5243240452426048,N356984,-1,197.5,True,1.8695652173913042,0.5327487283376143,0.5231738771962644,3.569169960474308,0.28264903275623043,0.2743126436568031,,,False,False,False,False,-1.0,0
2025-04-28,2024-25,N356949,1,197.5,False,1.5964455612916995,0.6524197371543806,0.6333033381144256,N356977,1,205.5,False,1.5666223301806999,0.6564576095416198,0.6397873153276239,2.5010272652374375,0.4282859010701366,0.40517944248025084,0.07115471589319555,0.013364832956811457,True,True,False,False,1.5010272652374375,1
2025-04-29,2024-25,N356970,1,207.5,True,1.925925925925926,0.5558589963965771,0.5386162749527612,N356956,1,213.0,True,1.9090909090909092,0.5249814845219589,0.5133842696324711,3.6767676767676774,0.29181568111316125,0.27651712292878555,,,True,False,False,False,-1.0,0
2025-04-30,2024-25,N356950,1,204.0,True,1.9090909090909092,0.5395410933054099,0.5214071081283763,N356989,1,210.0,True,1.9090909090909092,0.5119367138741298,0.5061679705907635,3.6446280991735542,0.27621089430682677,0.263919577772939,,,True,False,False,False,-1.0,0
2025-05-01,2024-25,N356971,1,212.5,True,1.9090909090909092,0.5581774999499345,0.5427049994534093,N356957,1,212.5,True,1.8695652173913042,0.5251258375140628,0.5188377973020409,3.569169960474308,0.2931134271427151,0.28157586650121225,,,True,True,False,False,2.569169960474308,1
2025-05-04,2024-25,N356952,1,197.5,False,1.6276624782564486,0.6718174835898032,0.6402672272517886,N358762,1,224.5,False,1.5666223301806999,0.6173232650830462,0.6130563902392265,2.54993238443381,0.41472856250953316,0.3925199151274601,0.057529792292740245,0.000899243118721138,False,True,False,False,-1.0,0
2025-05-05,2024-25,N358769,-1,213.5,True,1.925925925925926,0.5523436033042157,0.5340707015531171,N358799,1,225.0,True,1.9090909090909092,0.5126175549739613,0.5013252875695509,3.6767676767676774,0.2831410274313147,0.2677431480385882,,,True,True,False,False,2.6767676767676774,1
2025-05-06,2024-25,N358795,1,207.5,True,1.9090909090909092,0.5345576087543972,0.5241860932114973,N358763,1,229.5,True,1.9174311926605505,0.5054770906992614,0.5025052404408735,3.6605504587155964,0.27020662488432673,0.2634062588050056,,,False,True,False,False,-1.0,0
2025-05-07,2024-25,N358770,-1,211.5,True,1.9090909090909092,0.5347651735505056,0.5215206548165578,N358800,1,229.5,True,1.9090909090909092,0.5359165872175257,0.5295781203132156,3.6446280991735542,0.28658952677197475,0.27618592808227005,,,True,True,False,False,2.6446280991735542,1
2025-05-09,2024-25,N358801,-1,234.5,True,1.8928571428571428,0.5228163719755384,0.5209857968657992,N358764,-1,229.5,True,1.925925925925926,0.5274550602308881,0.5247265315801255,3.6455026455026456,0.275762140970052,0.2733750701918986,,,True,False,False,False,-1.0,0
2025-05-10,2024-25,N358797,1,200.5,True,1.9090909090909092,0.5510445521240813,0.5361601962753285,N358771,-1,205.5,True,1.9090909090909092,0.53870431695545,0.5237537180632106,3.6446280991735542,0.29685007906402505,0.28081589627670406,,,False,False,False,False,-1.0,0
2025-05-11,2024-25,N358802,1,222.5,True,1.9090909090909092,0.6243688209033594,0.6183797234455306,N358765,-1,231.5,True,1.9090909090909092,0.5123189809010189,0.5063810576688126,3.6446280991735542,0.3198759980315799,0.31313577839929563,,,False,False,False,False,-1.0,0
2025-05-12,2024-25,N358798,1,197.5,False,1.767748307449926,0.5949465414038033,0.5744546914761653,N358772,-1,216.5,False,1.415367086677365,0.7112977218570347,0.6984217139907133,2.502012771894245,0.42318411952724727,0.4012116302307898,0.05881207191999338,0.0038366230699473647,True,False,False,False,-1.0,0
2025-05-13,2024-25,N358834,1,217.5,True,1.9090909090909092,0.5960394418257648,0.5838348961098151,N358766,1,229.5,True,1.9090909090909092,0.5256653624526779,0.5212801563074269,3.6446280991735542,0.3133172892234325,0.30434154590185475,,,False,False,False,False,-1.0,0
2025-05-14,2024-25,N358831,1,199.5,False,1.6772375103899697,0.6356214681479948,0.6106369963061298,N358773,-1,214.5,False,1.4964798504328476,0.6613275482005431,0.6529372162982616,2.5099521386887433,0.420353987113943,0.39870762053685627,0.05506838896298172,0.000737044877982429,True,False,False,False,-1.0,0
2025-10-26,2025-26,N362158,1,225.5,False,1.6253617862249081,0.6804288227659059,0.6472758980445946,N362153,1,222.5,False,1.5648838911684115,0.6895375108019811,0.6609633840886044,2.543502476584074,0.46918119672792513,0.4278256680105458,0.19336353584415722,0.088175646131059,False,True,False,False,-1.0,0
2025-10-27,2025-26,N362162,1,219.5,False,1.6253617862249081,0.6681184539315745,0.6388297408986072,N362166,1,220.5,False,1.5648838911684115,0.6797668489253731,0.653799047578309,2.543502476584074,0.45416477613795847,0.4176662761642073,0.15516923288414897,0.0623352078093089,True,True,False,False,1.5435024765840741,1
2025-10-28,2025-26,N362171,1,233.5,False,1.6253617862249081,0.676476201853044,0.6456956979563645,N362173,-1,233.5,False,1.5526064031378808,0.6768315577807702,0.6535920868745521,2.5235471167084156,0.45786044150181454,0.4220215987132207,0.15543239700674638,0.06499138862142417,True,True,False,False,1.5235471167084156,1
2025-10-29,2025-26,N362184,1,220.5,False,1.6253617862249081,0.6610254099733863,0.6339997714912465,N362179,1,231.5,False,1.5648838911684115,0.6677820516368971,0.6463615652459572,2.543502476584074,0.44142090445614895,0.4097930846666613,0.12275516370019646,0.04230972573668024,True,False,False,False,-1.0,0
2025-10-30,2025-26,N362188,-1,232.0,True,1.8771929824561404,0.5537711782425161,0.5508394197730333,N362187,-1,239.5,False,1.4075692767860537,0.696714329658914,0.6875262929872843,2.6422791687036447,0.38582031523366156,0.3787165843078202,0.019444981804577433,0.0006749415591509322,False,True,False,False,-1.0,0
2025-10-31,2025-26,N362045,-1,233.5,False,1.5389950321302648,0.7020717713087115,0.6713698575924567,N362042,1,230.5,False,1.6253617862249081,0.6626086539873378,0.6359892385675127,2.501423714414507,0.46519883138937135,0.4269840045274059,0.1636593887552893,0.0680679146005243,False,False,False,False,-1.0,0
2025-11-01,2025-26,N362191,1,227.5,False,1.6253617862249081,0.6542517224780434,0.6303439421717125,N362190,-1,237.5,False,1.5526064031378808,0.6415068299419058,0.629429197636635,2.5235471167084156,0.41970694847092116,0.39675688175625445,0.059150259676280514,0.001234684990217838,False,False,False,False,-1.0,0
2025-11-02,2025-26,N362199,1,225.5,False,1.5648838911684115,0.680197001939134,0.6554167581089607,N362200,1,229.5,False,1.6253617862249081,0.6523077145864524,0.6284983386514472,2.543502476584074,0.44369775180347326,0.4119283435957993,0.1285463305669201,0.04774076211109102,True,True,False,False,1.5435024765840741,1
2025-11-03,2025-26,N362204,1,226.5,False,1.7090720547667302,0.6265213473716589,0.6019283086727352,N362209,1,230.5,False,1.471422554200898,0.6894814836150069,0.6740141192728962,2.5147671681382393,0.43197486810228447,0.4057081788354776,0.08631621576447146,0.020261607980616603,True,False,False,False,-1.0,0
2025-11-04,2025-26,N362216,1,236.5,False,1.726975820390858,0.612587511249122,0.591669277800919,N362218,-1,230.5,False,1.451692676535661,0.702263615095359,0.6842808107630688,2.507038151015574,0.4301979202120773,0.40486793311721225,0.07852259845923171,0.015019354447672661,False,False,False,False,-1.0,0
2025-11-05,2025-26,N362219,1,227.5,False,1.5096586347116214,0.68435259645136,0.6644147431293256,N362224,1,229.5,False,1.6577171561446242,0.6203049679193413,0.6039523652297715,2.5025870186833252,0.4245073153872788,0.40127485560648724,0.06236649682431206,0.004225244564820763,True,True,False,False,1.5025870186833252,1
2025-11-07,2025-26,N362047,1,230.5,False,1.6253617862249081,0.6480031754028387,0.6261006929164701,N362048,1,229.5,False,1.5648838911684115,0.6545915324803335,0.6377644400547647,2.543502476584074,0.42417739163906654,0.39930475783577274,0.07889624614493851,0.015632640467091896,True,False,False,False,-1.0,0
2025-11-08,2025-26,N362235,-1,241.5,True,1.8928571428571428,0.5432281512130855,0.5348856309153338,N362233,1,236.5,False,1.6253617862249081,0.6223608819751266,0.609622810837489,3.0765776667828617,0.33808395130269336,0.3260784817951895,0.040141534075571084,0.0032057747095419753,False,True,False,False,-1.0,0
2025-11-09,2025-26,N362240,1,233.5,True,1.9090909090909092,0.5555729518992684,0.5429321621478265,N362243,1,232.5,True,1.9090909090909092,0.5304460787226916,0.5187045550635043,3.6446280991735542,0.29470149377935745,0.2816213855965547,,,False,False,False,False,-1.0,0
2025-11-10,2025-26,N362252,-1,234.5,True,1.8771929824561404,0.6092650083289282,0.6052935860165112,N362248,1,226.5,False,1.4132527904951961,0.7135271084694901,0.6985171221650206,2.65294822075414,0.4347270996845799,0.42280793376919873,0.15330848562181432,0.12168755561373024,True,True,False,False,1.6529482207541402,1
2025-11-11,2025-26,N362259,-1,231.0,True,1.8771929824561404,0.5574530908281095,0.5546567332866554,N362257,-1,234.5,False,1.429139704239752,0.688790393876929,0.6787159362853091,2.6827710237483067,0.383968333999405,0.3764543640496033,0.03009912049051522,0.00994085963587188,False,True,False,False,-1.0,0
2025-11-12,2025-26,N362267,1,230.5,False,1.6577171561446242,0.6402369499618698,0.6169103031276464,N362271,1,226.5,False,1.5096586347116214,0.6693836044682318,0.6546720936724698,2.5025870186833252,0.4285641172792233,0.40387395975669427,0.07251899657646255,0.010729728871334832,True,True,False,False,1.5025870186833252,1
2025-11-14,2025-26,N362058,-1,236.5,True,1.8928571428571428,0.5484576708543426,0.5420628308809228,N362060,1,236.5,False,1.6577171561446242,0.5990859595143949,0.5898039823211121,3.1378217598451816,0.328573289996804,0.31971081632182374,0.031004419055892907,0.003195556312484582,False,False,False,False,-1.0,0
2025-11-15,2025-26,N362277,1,230.0,True,1.8771929824561404,0.5386452954057805,0.535372395244065,N362276,1,237.5,True,1.9090909090909092,0.527806865596829,0.5170553485447461,3.583732057416268,0.28430068503660305,0.2768171604241556,,,True,False,False,False,-1.0,0
2025-11-16,2025-26,N362281,-1,221.5,True,1.9090909090909092,0.5567326562932084,0.5393259868478882,N362286,1,228.5,True,1.9090909090909092,0.5416118614608084,0.5319871296697055,3.6446280991735542,0.30153301031098506,0.2869144836994894,,,False,True,False,False,-1.0,0
2025-11-17,2025-26,N362294,1,223.5,False,1.6253617862249081,0.6504394963276602,0.6280953344485933,N362289,1,223.5,False,1.5648838911684115,0.6450254264431157,0.632273044368081,2.543502476584074,0.41955001349419435,0.3971277492652001,0.06712649837336526,0.010095413776295636,False,True,False,False,-1.0,0
2025-11-18,2025-26,N362297,-1,225.5,True,1.8695652173913042,0.5812721157810818,0.5675459810528265,N362299,1,226.5,False,1.4132527904951961,0.6983130467003574,0.6891302075558757,2.642168260491019,0.40590990213305017,0.39111307972043746,0.07248226003496083,0.03338656550023322,False,False,False,False,-1.0,0
2025-11-19,2025-26,N362309,1,235.0,True,1.8620689655172413,0.6095655013029471,0.5854245177489686,N362310,1,217.5,False,1.4132527904951961,0.7127640402165256,0.6978997273315396,2.6315741616117445,0.4344763694853004,0.4085676113102033,0.1433567877683939,0.07517596919536129,False,True,False,False,-1.0,0
2025-11-20,2025-26,N362312,-1,220.5,True,1.9090909090909092,0.5496553721074456,0.535025844525821,N362313,1,229.5,True,1.8695652173913042,0.5195145393757293,0.5160044395331639,3.569169960474308,0.2855539574557947,0.276075711040304,,,False,True,False,False,-1.0,0
2025-11-21,2025-26,N362074,1,232.5,False,1.7640130586672955,0.5827727305745589,0.5683817164852398,N362066,1,234.5,False,1.726975820390858,0.5913211969985827,0.5778184025061731,3.0464078991721397,0.3446058686214807,0.3284214154332179,0.04981004026955538,0.0005055942330498553,True,False,False,False,-1.0,0
2025-11-22,2025-26,N362321,1,221.5,False,1.5648838911684115,0.6642193720630772,0.6457676529591396,N362320,1,239.5,False,1.6253617862249081,0.6401182911005392,0.6217544508198948,2.543502476584074,0.4251789693608902,0.40150891242286224,0.0814437615608885,0.02123891311812831,False,True,False,False,-1.0,0
2025-11-23,2025-26,N362329,-1,245.5,True,1.8928571428571428,0.5306235574848526,0.5268005511134569,N362328,1,233.5,True,1.9090909090909092,0.532011914085828,0.5238559036678916,3.6136363636363638,0.2822980544765478,0.2759675787562833,,,True,False,False,False,-1.0,0
2025-11-24,2025-26,N362336,1,231.5,False,1.7640130586672955,0.5808458353499847,0.5671523946542649,N362331,1,233.5,False,1.8432592262651437,0.557371397629022,0.5439853480818484,3.2515333456406887,0.32374685505601775,0.30852259282145417,0.0526736947609443,0.0031714984424826564,True,True,False,False,2.2515333456406887,1
2025-11-25,2025-26,N362076,-1,232.0,True,1.8620689655172413,0.5879939338675405,0.580239343063805,N362077,-1,235.5,False,1.429139704239752,0.7101879409494753,0.694143124848286,2.661156690653331,0.41758620118417056,0.40276915075422626,0.1112623132057633,0.07183182031836943,False,False,False,False,-1.0,0
2025-11-26,2025-26,N362082,1,226.0,True,1.8771929824561404,0.5792490298597449,0.5735189821799411,N362079,-1,244.5,False,1.4075692767860537,0.6863699436634532,0.6786674163894089,2.6422791687036447,0.397579123991943,0.3892286458863441,0.05051503723535444,0.028450742888214586,False,True,False,False,-1.0,0
2025-11-28,2025-26,N362089,1,237.5,False,1.8432592262651437,0.5713358904312661,0.5528369545469862,N362095,1,236.5,False,1.6253617862249081,0.6147535492895158,0.604452702309114,2.995963108477856,0.3512307664791067,0.33416379111226663,0.05227441893380447,0.00114239036145114,False,True,False,False,-1.0,0
2025-11-29,2025-26,N362347,1,229.5,True,1.8620689655172413,0.588237907121164,0.5847253653277761,N362342,-1,240.5,False,1.4075692767860537,0.7072441478684828,0.6942870237355999,2.6209910671188585,0.4160278173658473,0.405967233596133,0.09040519298884164,0.06403649279841961,True,True,False,False,1.6209910671188585,1
2025-11-30,2025-26,N362349,1,229.0,True,1.8620689655172413,0.640128635967256,0.6347390385396376,N362355,1,223.5,False,1.4132527904951961,0.6994204490168694,0.6896169336042302,2.6315741616117445,0.4477190579967743,0.4377267893966022,0.1782059046854616,0.15191050882136392,True,False,False,False,-1.0,0
2025-12-01,2025-26,N362364,1,230.5,False,1.6253617862249081,0.6422341108191887,0.622734588527768,N362358,1,227.5,False,1.5648838911684115,0.6535153644834925,0.638006368726018,2.543502476584074,0.41970985901573377,0.39730863350669227,0.06753306585327135,0.010555493292506046,True,False,False,False,-1.0,0
2025-12-02,2025-26,N362368,1,227.5,False,1.6915666298781178,0.60492002515966,0.5911798747736002,N362366,1,236.5,True,1.8695652173913042,0.5434077764147284,0.5352580300225273,3.1624941341199593,0.3287182457807524,0.3164337751602816,0.039569524059832384,0.0007199577818246539,True,False,False,False,-1.0,0
2025-12-04,2025-26,N362384,-1,232.5,False,1.741523569136597,0.594362807798356,0.5761124964726755,N362381,1,227.5,False,1.8432592262651437,0.5522684232312308,0.5408687758200492,3.210079386569235,0.3282478106900852,0.31160126070180844,0.053701530782723106,0.0002647838078615461,False,True,False,False,-1.0,0
2025-12-05,2025-26,N362397,1,225.5,False,1.7640130586672955,0.5924529952899925,0.5745597351173939,N362394,1,219.5,False,1.5944375237752015,0.6311625268805855,0.6190097545949712,2.812608613168602,0.3739341295652033,0.3556580806351696,0.051730353572794874,0.00032698093749128354,True,False,False,False,-1.0,0
2025-12-06,2025-26,N362398,-1,228.5,True,1.8695652173913042,0.5497734414637784,0.5392250762106345,N362404,1,216.5,False,1.5648838911684115,0.647885773829397,0.634331266172628,2.925652492184421,0.35619039155361076,0.34204732534472365,0.04208930674096645,0.0007116098398063375,True,True,False,False,1.9256524921844211,1
2025-12-07,2025-26,N362410,-1,237.5,False,1.741523569136597,0.5900259420243772,0.573012055710561,N362411,1,235.5,False,1.8432592262651437,0.5568740829327945,0.5438652389755344,3.210079386569235,0.32857015537138323,0.3116413386148865,0.054736282799528135,0.00039343709049033393,True,False,False,False,-1.0,0
2025-12-08,2025-26,N362412,-1,234.5,True,1.925925925925926,0.5275682083532658,0.5169061957228877,N362414,-1,238.5,True,1.8695652173913042,0.5213746977351618,0.5195218131136707,3.600644122383253,0.2750607151648648,0.26854404401164456,,,True,False,False,False,-1.0,0
2025-12-09,2025-26,N372668,-1,236.5,False,1.672968745157728,0.6445982311658683,0.6175951683852553,N372667,-1,244.5,False,1.4999179924863602,0.7064604654909292,0.6826262890177842,2.5093159217294043,0.45538316644406895,0.4215866979101404,0.1427002300456537,0.05789421345523982,True,True,False,False,1.5093159217294043,1
2025-12-10,2025-26,N372670,-1,236.5,True,1.9090909090909092,0.5418353642635242,0.5345214763757303,N372669,-1,226.5,True,1.9090909090909092,0.5631022515962238,0.5564388553338925,3.6446280991735542,0.3051087136112506,0.29742851846589363,,,False,False,False,False,-1.0,0
2025-12-11,2025-26,N372674,1,239.0,True,1.8928571428571428,0.5127482860337512,0.5076149945520193,N372671,-1,227.5,True,1.9090909090909092,0.5364419356276304,0.5307645844399944,3.6136363636363638,0.2750596830496954,0.2694240616389126,,,True,True,False,False,2.6136363636363638,1
2025-12-12,2025-26,N372679,1,229.5,False,1.6253617862249081,0.6403726235904218,0.6224153591698655,N372675,1,232.5,False,1.5648838911684115,0.6456375174550132,0.6329601507308916,2.543502476584074,0.41344859094107356,0.3939641195573801,0.05160751499881644,0.002048713779460476,True,True,False,False,1.5435024765840741,1
2025-12-13,2025-26,N362098,1,220.5,False,1.5648838911684115,0.6562965396604271,0.6418701168539437,N362099,-1,227.5,False,1.6101489345607827,0.6394886055970093,0.6224255357155225,2.5196961300761496,0.4196941590055888,0.39951635134260094,0.05750174826194643,0.006659804380094947,False,False,False,False,-1.0,0
2025-12-14,2025-26,N372686,1,229.5,True,1.9090909090909092,0.5312580002926011,0.5192118630530732,N372682,1,233.5,True,1.9090909090909092,0.5405268589768312,0.5333958125036546,3.6446280991735542,0.2871592182044721,0.2769454335547302,,,False,False,False,False,-1.0,0
2025-12-15,2025-26,N372853,-1,241.5,False,1.6101489345607827,0.6611592877318727,0.6359777879671239,N372690,1,232.5,False,1.5648838911684115,0.6519231320194002,0.6377933235778522,2.5196961300761496,0.4310250336218783,0.40562238710924253,0.08605210918298911,0.02204515907140836,True,True,False,False,1.5196961300761496,1
2025-12-17,2025-26,N362416,-1,243.5,True,1.8695652173913042,0.589061115036375,0.581605065502007,N362418,-1,244.5,False,1.4075692767860537,0.6908842522879038,0.6848151877162076,2.6315425609478393,0.40697304801378487,0.3982919821084541,0.07096689700694325,0.04812230260267247,True,True,False,False,1.6315425609478393,1
2025-12-18,2025-26,N362417,1,237.5,False,1.6577171561446242,0.6386016713279186,0.6163004316044456,N362424,1,225.5,False,1.5096586347116214,0.6671699524468266,0.653875848258498,2.5025870186833252,0.42605584669231145,0.40298396749743526,0.06624183116631155,0.008502445796584546,False,True,False,False,-1.0,0
2025-12-19,2025-26,N362430,-1,234.5,True,1.8928571428571428,0.5569900506984734,0.5438183362444144,N362431,1,234.5,False,1.4357231311076009,0.6845985532442469,0.6768676060758655,2.7176187838822443,0.3813145828796146,0.36809301539391687,0.03626767300186362,0.0003364928503646336,False,False,False,False,-1.0,0
2025-12-20,2025-26,N362434,1,235.5,True,1.8695652173913042,0.558673786760012,0.5487782139243191,N362442,1,229.5,False,1.4132527904951961,0.7042083661849033,0.6922093603714512,2.642168260491019,0.39342275460460113,0.37986941644634037,0.039489115171224,0.00367891526576547,False,False,False,False,-1.0,0
2025-12-21,2025-26,N362446,-1,228.5,False,1.4075692767860537,0.7321405633740963,0.712232473001169,N362444,-1,246.5,True,1.8695652173913042,0.5454980027428736,0.5367158775126678,2.6315425609478393,0.3993812150476118,0.3822664767398399,0.05098866544085223,0.005950503164465992,True,False,False,False,-1.0,0
2025-12-22,2025-26,N362453,1,241.5,False,1.6253617862249081,0.6652402007666098,0.6383683095079317,N362454,1,222.5,False,1.5648838911684115,0.6519417470302257,0.6374637046350785,2.543502476584074,0.4336978586825217,0.40693662750055853,0.10311157764820367,0.03504431986044132,True,False,False,False,-1.0,0
2025-12-23,2025-26,N362461,1,232.5,False,1.6253617862249081,0.6621671616500248,0.6356815935639524,N362463,1,232.5,False,1.5648838911684115,0.6680784533696326,0.6468423367829333,2.543502476584074,0.442379613227308,0.4111857674308058,0.12519364183396275,0.04585201779637771,True,True,False,False,1.5435024765840741,1
2025-12-25,2025-26,N361986,1,225.5,False,1.6253617862249081,0.6620823633314507,0.6368246123472592,N361987,1,223.5,False,1.5648838911684115,0.6609729247261976,0.6438654226310608,2.543502476584074,0.437618516100822,0.41002934817082953,0.11308377950148829,0.04291066254465847,True,False,False,False,-1.0,0
2025-12-26,2025-26,N362472,-1,229.5,False,1.8163083283444397,0.5672303026541977,0.5503110896496805,N362478,1,243.5,False,1.8432592262651437,0.5558807063202462,0.543178561965597,3.3479270839631083,0.31531238128566247,0.29891718630963415,0.05564286121517181,0.0007529439080706801,False,True,False,False,-1.0,0
2025-12-27,2025-26,N362488,1,242.5,False,1.6577171561446242,0.6493115941870766,0.6237737140878132,N362480,1,222.5,False,1.5096586347116214,0.6742595871458131,0.6593220354821584,2.5025870186833252,0.43780456742556806,0.41126775485264294,0.09564402715949538,0.02923334449726034,False,False,False,False,-1.0,0
2025-12-28,2025-26,N362489,-1,226.5,False,1.8163083283444397,0.5923821558087146,0.5664661436925997,N362490,1,219.5,False,1.5096586347116214,0.6515725677397344,0.6439701771231764,2.7420055511838144,0.38597996234348353,0.36478730288800615,0.05835919939155132,0.00024880952028438763,False,True,False,False,-1.0,0
2025-12-29,2025-26,N362501,1,233.5,False,1.6577171561446242,0.6489712010713471,0.623474792656382,N362502,1,236.5,False,1.5096586347116214,0.6823660691410853,0.6641163122339481,2.5025870186833252,0.442835927460824,0.4140597800697818,0.10823544347004899,0.03622063056150848,True,False,False,False,-1.0,0
2025-12-30,2025-26,N362507,1,240.0,True,1.8849557522123894,0.5230891677708334,0.5141057998735004,N362506,-1,233.5,True,1.9090909090909092,0.5205064139036848,0.5124893586810163,3.598551890587289,0.2722712668682594,0.2634737516713611,,,True,False,False,False,-1.0,0
2025-12-31,2025-26,N362516,1,221.5,False,1.6915666298781178,0.6128547409576182,0.5960226716768545,N362514,1,232.5,False,1.6253617862249081,0.6254865304799231,0.6117228407083058,2.7494077590571457,0.3833323856097526,0.36460068184471933,0.053937035293339486,0.0024359436213969854,False,True,False,False,-1.0,0
2026-01-01,2025-26,N362522,1,227.5,True,1.9090909090909092,0.5173770874286551,0.5105278686748485,N362523,1,236.5,True,1.9090909090909092,0.5325518623886084,0.5282837703449066,3.6446280991735542,0.27553013146732414,0.2697035873296983,,,False,False,False,False,-1.0,0
2026-01-02,2025-26,N362527,1,231.5,False,1.6253617862249081,0.6924374228091309,0.656582377115537,N362532,1,225.5,False,1.5648838911684115,0.6575082948922247,0.6405268327675876,2.543502476584074,0.45528334919079816,0.4205586304648287,0.1580143262142868,0.06969191813609843,False,False,False,False,-1.0,0
2026-01-03,2025-26,N362540,1,238.5,False,1.8432592262651437,0.5736095977736799,0.5544455299906119,N362539,1,219.5,False,1.459249059526824,0.682194446472232,0.6711802935796713,2.689774292391552,0.39131328204437527,0.3721329135930354,0.05254440631432522,0.00095354433531325,False,False,False,False,-1.0,0
2026-01-04,2025-26,N362544,1,215.5,False,1.6253617862249081,0.6458196946311929,0.6254857847461928,N362542,1,230.5,False,1.5648838911684115,0.643955291632627,0.6320770620958436,2.543502476584074,0.41587900979832393,0.3953552172050867,0.05778929138136957,0.005586974091572605,True,False,False,False,-1.0,0
2026-01-05,2025-26,N362555,1,226.5,False,1.7640130586672955,0.6249342887557814,0.5958196757870559,N362552,-1,243.5,False,1.429139704239752,0.6955641128322388,0.6841723092516249,2.5210211009388392,0.4346818641368613,0.40764332348078447,0.09584215168445698,0.02767742015189456,True,True,False,False,1.5210211009388392,1
2026-01-06,2025-26,N362562,1,231.5,False,1.5096586347116214,0.6881173650560654,0.6687280525246996,N362558,1,230.5,False,1.6577171561446242,0.6290931797560015,0.6111170390160826,2.5025870186833252,0.43288994122844143,0.4086711073658858,0.08334474743688491,0.02273500820480523,False,True,False,False,-1.0,0
2026-01-07,2025-26,N362571,1,226.5,False,1.6577171561446242,0.6514404759112258,0.6244615816783655,N362567,1,235.5,False,1.5096586347116214,0.6993230842972393,0.675924576430026,2.5025870186833252,0.45556736285029986,0.4220889300927733,0.14009696840495667,0.05631427718010795,False,False,False,False,-1.0,0
2026-01-08,2025-26,N362579,1,241.5,True,1.9090909090909092,0.5401193872150161,0.5247493322241068,N362577,1,238.0,True,1.9090909090909092,0.5036746858744856,0.5017216540614121,3.6446280991735542,0.27204446269024285,0.2632781029311003,,,False,True,False,False,-1.0,0
2026-01-09,2025-26,N362585,1,233.5,False,1.6253617862249081,0.6537531231610743,0.6308586072283985,N362581,1,234.5,False,1.5648838911684115,0.6654831665514395,0.6460352167883837,2.543502476584074,0.4350616985441249,0.4075568770836162,0.10658050771385552,0.03662192621104898,False,True,False,False,-1.0,0
2026-01-10,2025-26,N362595,1,234.5,False,1.6253617862249081,0.6260353061360333,0.6128353848650786,N362590,1,237.5,True,1.8849557522123894,0.5395096117702444,0.5328562792191079,3.0637350483708445,0.33775206496791743,0.3265531829530158,0.034782839101834995,0.000472431770211168,True,True,False,False,2.0637350483708445,1
2026-01-11,2025-26,N362598,-1,232.5,True,1.8928571428571428,0.715834152642513,0.7067673286331633,N362602,1,215.5,False,1.4132527904951961,0.7054789038920499,0.6933707136692002,2.675085639151621,0.5050058933747344,0.49005176705245057,0.3509340130536869,0.310930444482886,True,False,False,False,-1.0,0
2026-01-12,2025-26,N362606,1,244.5,False,1.6253617862249081,0.6553356670747431,0.6323211342582776,N362608,1,219.5,False,1.5648838911684115,0.6394797981839034,0.6286475278630339,2.543502476584074,0.41907392012367045,0.3975071178670158,0.06591555370635227,0.011060338754552035,False,False,False,False,-1.0,0
2026-01-13,2025-26,N362613,1,231.5,False,1.6577171561446242,0.6480238477987451,0.623280588341998,N362618,1,219.5,False,1.5096586347116214,0.6695897542486543,0.6563437426988116,2.5025870186833252,0.4339101289948291,0.4090863141039042,0.08589785609766643,0.023774099197440002,True,False,False,False,-1.0,0
2026-01-14,2025-26,N362623,1,220.5,False,1.6253617862249081,0.6582249574347605,0.6342954377858075,N362621,1,224.5,False,1.5648838911684115,0.6286186216854804,0.6211656058033721,2.543502476584074,0.41377246550162317,0.39400250987053625,0.052431290745676984,0.0021463596360500325,True,True,False,False,1.5435024765840741,1
2026-01-15,2025-26,N362631,1,231.5,False,1.6253617862249081,0.6533669320384079,0.6308754340415946,N362633,1,223.5,False,1.5648838911684115,0.6392277580865386,0.6290044601244484,2.543502476584074,0.41765027917479136,0.3968234617951103,0.062294519427111616,0.009321457842528913,True,False,False,False,-1.0,0
2026-01-16,2025-26,N362637,-1,239.5,True,1.8695652173913042,0.5913768273972196,0.5825692965275187,N362638,-1,223.5,False,1.4075692767860537,0.7095002985292121,0.6967425070091406,2.6315425609478393,0.4195820355815857,0.4059007921691348,0.1041479844420734,0.06814521011552177,True,False,False,False,-1.0,0
2026-01-17,2025-26,N362648,1,227.5,False,1.6253617862249081,0.6507710895977357,0.628745884731643,N362641,1,236.5,False,1.5648838911684115,0.649735888792376,0.6358289529984575,2.543502476584074,0.4228293323001677,0.3997748375910094,0.07546745387786724,0.016828289488728387,True,True,False,False,1.5435024765840741,1
2026-01-18,2025-26,N362650,-1,231.5,True,1.8695652173913042,0.5928918366774167,0.5892398683681863,N362655,-1,234.5,False,1.4075692767860537,0.7029427778330802,0.6923956867278453,2.6315425609478393,0.4167690346285802,0.40798714330621555,0.0967454527102527,0.07363553192983163,False,True,False,False,-1.0,0
2026-01-19,2025-26,N362659,1,237.5,False,1.6577171561446242,0.6186127976768511,0.6037829250712666,N361992,1,230.5,False,1.6253617862249081,0.6304475484055155,0.6154779723798913,2.6943901179669014,0.39000292170764794,0.37161509048046304,0.050820018227305974,0.0012760274779355374,False,True,False,False,-1.0,0
2026-01-20,2025-26,N362662,-1,227.5,True,1.8695652173913042,0.5454770785990014,0.5365787671567099,N362664,1,243.5,True,1.9090909090909092,0.549906057866843,0.5394194836842453,3.569169960474308,0.29996114994909895,0.28944104153560135,,,False,True,False,False,-1.0,0
2026-01-21,2025-26,N362672,1,232.5,True,1.925925925925926,0.5289409921567884,0.5177640891273504,N362671,1,235.5,True,1.9090909090909092,0.5389979296463236,0.5326278000253757,3.6767676767676774,0.28509809967758126,0.27577554772404317,,,False,True,False,False,-1.0,0
2026-01-22,2025-26,N362680,1,232.0,True,1.8928571428571428,0.6609641078305311,0.6505035432074092,N362675,1,223.5,False,1.4132527904951961,0.7074176227008878,0.6952820698653528,2.675085639151621,0.46757765785208755,0.45228344997599346,0.2508102777082697,0.2098969618567308,True,False,False,False,-1.0,0
2026-01-23,2025-26,N362688,1,232.5,False,1.6253617862249081,0.6488285983242496,0.6277644655866901,N362689,1,221.5,False,1.5648838911684115,0.6451981609879618,0.6326789793664941,2.543502476584074,0.4186230184352028,0.3971733813699397,0.06476868414503878,0.010211479147712588,True,True,False,False,1.5435024765840741,1
2026-01-24,2025-26,N362695,-1,233.5,True,1.9090909090909092,0.5420605220654318,0.5302327384370565,N362691,-1,229.5,True,1.9090909090909092,0.550697462820729,0.5399773402085106,3.6446280991735542,0.29851135419671304,0.2863136637927167,,,True,True,False,False,2.6446280991735542,1
2026-01-25,2025-26,N362700,1,236.5,True,1.9090909090909092,0.545228509278783,0.5364943670029587,N362698,1,225.0,True,1.8849557522123894,0.5045117370670065,0.5022966326721334,3.598551890587289,0.27507418231469327,0.2694793139931539,,,False,True,False,False,-1.0,0
2026-01-26,2025-26,N362710,1,216.5,False,1.5096586347116214,0.6772993209287286,0.6617323948870123,N362709,-1,237.5,True,1.8695652173913042,0.5438990018730543,0.5355791943945654,2.822405273591292,0.3683824246224329,0.35441010295837244,0.03972449795270139,0.00028894360374320804,False,False,False,False,-1.0,0
2026-01-27,2025-26,N362714,1,234.5,True,1.9090909090909092,0.5579698480631801,0.5445210691452653,N362718,1,231.5,True,1.9174311926605505,0.5256681473848897,0.5157185435844739,3.6605504587155964,0.29330697632800024,0.2808196127306568,,,False,False,False,False,-1.0,0
2026-01-28,2025-26,N362722,-1,224.5,True,1.9523809523809523,0.5525099835800099,0.5325021494832257,N362724,1,229.5,True,1.9090909090909092,0.5403053437853844,0.5332871382842869,3.7272727272727275,0.29852409662305435,0.283976547428141,,,True,False,False,False,-1.0,0
2026-01-29,2025-26,N362731,-1,230.5,True,1.8695652173913042,0.5399593266282928,0.5369692279284967,N362729,1,225.5,False,1.7640130586672955,0.579305138205052,0.5664247978987578,3.297937457508422,0.31280121233751,0.30415268640725074,0.031598834921919616,0.003076537304284699,False,False,False,False,-1.0,0
2026-01-30,2025-26,N362738,1,234.5,True,1.8695652173913042,0.561819682888605,0.5469847707789214,N362744,1,202.5,False,1.4132527904951961,0.7112721519155063,0.6972408112233927,2.642168260491019,0.3996066948366654,0.38138010530473665,0.05582812577715757,0.007670409418897517,False,True,False,False,-1.0,0
2026-01-31,2025-26,N362749,1,220.5,True,1.8771929824561404,0.5344445697936923,0.5296040406362514,N362747,1,232.5,True,1.9090909090909092,0.5189762308109428,0.5115307379071734,3.583732057416268,0.2773640284089063,0.27090874570528234,,,False,True,False,False,-1.0,0
2026-02-01,2025-26,N362756,-1,229.5,True,1.9090909090909092,0.5294411865787931,0.5180766496095124,N362753,1,232.5,True,1.9090909090909092,0.5355498643740808,0.5301985106978407,3.6446280991735542,0.28354215566632507,0.27468346805029054,,,True,False,False,False,-1.0,0
2026-02-02,2025-26,N362762,1,227.0,True,1.9090909090909092,0.5145305965468614,0.5087389048583272,N362763,1,220.0,True,1.9090909090909092,0.5136090380045514,0.5081582383268162,3.6446280991735542,0.26426756471634144,0.2585198656611213,,,True,True,False,False,2.6446280991735542,1
2026-02-03,2025-26,N362772,1,217.5,True,1.8928571428571428,0.6143722431188573,0.5890796762358419,N362764,1,228.5,False,1.4132527904951961,0.7074118001320193,0.6952752989657347,2.675085639151621,0.4346141744558575,0.4095725480095132,0.1626301366586016,0.09564164137098663,False,True,False,False,-1.0,0
2026-02-04,2025-26,N362777,-1,217.5,True,1.8695652173913042,0.5451522760583987,0.5362526161760874,N362780,1,221.5,True,1.9090909090909092,0.5461394164271748,0.5370308871041003,3.569169960474308,0.29772914591047994,0.28798421817693887,,,True,False,False,False,-1.0,0
2026-02-05,2025-26,N362781,1,224.5,False,1.8432592262651437,0.5653172415972725,0.5492716342838494,N362783,1,230.5,False,1.4132527904951961,0.7118663274605944,0.6991523782537414,2.6049912451252304,0.40243030862600393,0.38402456941687263,0.04832743074378465,0.0003806412439393281,True,True,False,False,1.6049912451252304,1
2026-02-06,2025-26,N362790,-1,230.5,True,1.8695652173913042,0.561021466754038,0.5464172527149933,N362793,1,221.5,True,1.8849557522123894,0.5261881531042089,0.5238223522253401,3.5240477106579453,0.29520284944312153,0.28622557061367593,0.04030892575973466,0.008672566852888863,True,True,False,False,2.5240477106579453,1
2026-02-07,2025-26,N362798,1,234.5,True,1.9090909090909092,0.5494960524851662,0.539114179316006,N362799,-1,231.5,True,1.8695652173913042,0.536146214733614,0.5305714178455004,3.569169960474308,0.2946102285509852,0.2860385745003067,,,True,False,False,False,-1.0,0
2026-02-08,2025-26,N362805,-1,215.5,True,1.8695652173913042,0.5882859845994404,0.5681218597436593,N362807,-1,233.5,False,1.4075692767860537,0.6950007589431616,0.6877079211861977,2.6315425609478393,0.4088592057722361,0.3907019031447485,0.07593040142496998,0.028148686768726172,True,True,False,False,1.6315425609478393,1
2026-02-09,2025-26,N362813,-1,238.0,True,1.8849557522123894,0.5760749185925395,0.5668286546978104,N362817,1,217.5,False,1.4132527904951961,0.7101533159041217,0.6973318025203942,2.6639189767741307,0.4091015136476888,0.3952676475006342,0.08981328563309932,0.0529609870818073,True,True,False,False,1.6639189767741307,1
2026-02-10,2025-26,N362820,-1,211.5,True,1.8695652173913042,0.5339867259346204,0.5291846150953664,N362819,-1,224.5,True,1.9090909090909092,0.5231554044337645,0.5183774595258815,3.569169960474308,0.27935804156858807,0.2743173763933175,,,True,False,False,False,-1.0,0
2026-02-11,2025-26,N362827,1,209.5,False,1.6577171561446242,0.6332664352933722,0.6129458716901026,N362823,1,229.5,False,1.5096586347116214,0.6833136673658335,0.664874628597948,2.5025870186833252,0.4327196103200025,0.40753215879060245,0.0829184795165454,0.019884690285353335,True,True,False,False,1.5025870186833252,1
2026-02-12,2025-26,N362837,1,214.5,True,1.8695652173913042,0.5507448300572833,0.5402363151116122,N362838,-1,237.5,True,1.9090909090909092,0.5170619954403551,0.5103301106641397,3.569169960474308,0.28476922080787814,0.2756988584756961,,,False,False,False,False,-1.0,0
2026-02-19,2025-26,N362840,1,233.5,False,1.7640130586672955,0.585757281234434,0.5704906342564495,N362842,1,230.5,False,1.6915666298781178,0.6006507884756188,0.588205319361605,2.9839456247108274,0.3518355728287976,0.3355656257156195,0.04985821816011837,0.0013095806574738855,False,False,False,False,-1.0,0
2026-02-20,2025-26,N362856,-1,217.5,True,1.8695652173913042,0.5887411746225751,0.5726169143695455,N362853,1,227.5,False,1.4132527904951961,0.7087315419017625,0.696222415432558,2.642168260491019,0.41725944047131247,0.39866873123990326,0.10246965000354336,0.053349868132296585,True,True,False,False,1.6421682604910188,1
2026-02-21,2025-26,N362860,1,228.5,True,1.9090909090909092,0.5510358763042384,0.5359801203470569,N362861,1,226.5,True,1.9090909090909092,0.5322959817310895,0.524149200690361,3.6446280991735542,0.2933141827464158,0.28093355166583334,,,True,True,False,False,2.6446280991735542,1
2026-02-22,2025-26,N362875,1,214.5,False,1.8432592262651437,0.5690266065165266,0.5513830647097685,N362869,1,224.5,False,1.4132527904951961,0.7101285314379444,0.6971710974700621,2.6049912451252304,0.4040820284346981,0.38440833635011556,0.0526301463848331,0.0013803507452059272,True,True,False,False,1.6049912451252304,1
2026-02-23,2025-26,N362877,-1,238.5,True,1.8771929824561404,0.6203463874655172,0.615958190999983,N362878,1,216.5,False,1.4357231311076009,0.6911594434841521,0.6824600369906915,2.6951293864651458,0.4287582639280711,0.42036684981456773,0.155558996802323,0.13294305003102203,True,True,False,False,1.6951293864651458,1
2026-02-24,2025-26,N362879,1,233.5,False,1.8027494987114874,0.5804072231396178,0.562861402664641,N362880,1,230.5,False,1.459249059526824,0.6882285827001794,0.6755350632149327,2.6306605105571914,0.39945284057032593,0.380232613230304,0.050824813518254075,0.00026292045092635163,True,False,False,False,-1.0,0
2026-02-25,2025-26,N362890,1,217.5,True,1.8695652173913042,0.5577527458023323,0.5445642165096037,N362895,-1,235.5,False,1.451692676535661,0.6916737640750764,0.6773073002663174,2.714034134392757,0.38578294111230843,0.368837319305762,0.04702807064523595,0.0010370746337589054,True,True,False,False,1.7140341343927572,1
2026-02-26,2025-26,N362902,1,228.5,False,1.5648838911684115,0.6559670795869583,0.6397082978553731,N362899,1,211.5,False,1.6253617862249081,0.6343242539718132,0.6177533546607584,2.543502476584074,0.4160958283890664,0.3951819470044804,0.058340770003892484,0.00514626090721193,True,True,False,False,1.5435024765840741,1
2026-02-27,2025-26,N362909,1,232.5,False,1.6915666298781178,0.6221943941951867,0.6030232543186616,N362906,1,218.5,False,1.4838778147935332,0.6767828561573406,0.6657375754345276,2.5100781943212027,0.4210904991885047,0.4014552392607443,0.056970079848895905,0.0076840420643955465,False,True,False,False,-1.0,0
2026-02-28,2025-26,N362911,-1,230.5,True,1.9090909090909092,0.5519975031225334,0.536562323529385,N362915,1,243.5,True,1.9090909090909092,0.5108841621314657,0.5064346121734069,3.6446280991735542,0.2820067818814166,0.2717337322234662,,,True,False,False,False,-1.0,0
2026-03-01,2025-26,N362924,1,228.5,False,1.6577171561446242,0.6409474134332396,0.618389003863092,N362923,1,214.5,False,1.5096586347116214,0.6778342865080351,0.6615564502473199,2.5025870186833252,0.43445613267369054,0.4090992342676434,0.08726427781653823,0.02380643303149288,False,False,False,False,-1.0,0
2026-03-02,2025-26,N362928,-1,216.5,False,1.8163083283444397,0.5698240773626001,0.5521056932732086,N362927,1,223.5,False,1.8432592262651437,0.5531713729251395,0.5416872411768396,3.3479270839631083,0.3152103672004704,0.2990686098271908,0.055301325496411424,0.001259898803647408,True,True,False,False,2.3479270839631083,1
2026-03-03,2025-26,N362939,1,233.5,True,1.8928571428571428,0.5992072047043152,0.5870025858895652,N362937,1,223.5,False,1.4132527904951961,0.711759001103605,0.6981867033931348,2.675085639151621,0.42649112147442675,0.409837400325481,0.14090027428190854,0.09635014399792818,False,False,False,False,-1.0,0
2026-03-04,2025-26,N362942,-1,216.5,False,1.8562024480815744,0.5799064798838734,0.5540752304911674,N362943,1,233.5,False,1.4132527904951961,0.6961443653525555,0.6880738227506651,2.6232832894752995,0.4036986284025936,0.3812446619355134,0.05901586587262231,0.00011275085709216981,True,False,False,False,-1.0,0
2026-03-05,2025-26,N362950,1,210.5,False,1.5944375237752015,0.6478180995419901,0.630664750150367,N362947,1,223.5,False,1.5944375237752015,0.6433745868279286,0.6279717366190081,2.5422310172223965,0.4167897021324818,0.39603963837631884,0.059575708420078755,0.006824252729819236,True,True,False,False,1.5422310172223965,1
2026-03-06,2025-26,N362962,1,234.5,True,1.9090909090909092,0.5409163481560971,0.529547222743225,N362960,1,224.5,True,1.8928571428571428,0.5296258168334562,0.5263592079654695,3.6136363636363638,0.28648326273074315,0.278732056743438,,,True,True,False,False,2.6136363636363638,1
2026-03-07,2025-26,N362964,1,213.5,False,1.8432592262651437,0.5613348360340703,0.5467546357026394,N362968,1,217.5,False,1.726975820390858,0.5852457330222768,0.5746275448668811,3.183264114472265,0.328518817585699,0.3141802739583936,0.0457621629494156,0.00011879156681948722,False,False,False,False,-1.0,0
2026-03-08,2025-26,N362973,-1,243.5,True,1.8695652173913042,0.5628822579242719,0.5526035229673508,N362969,-1,232.5,False,1.4075692767860537,0.7138826577213172,0.6986740980963371,2.6315425609478393,0.4018318822711552,0.3860897680140723,0.05743770054232655,0.016011656875509095,False,True,False,False,-1.0,0
2026-03-09,2025-26,N362979,1,224.5,False,1.8432592262651437,0.5686715526164361,0.551543612733464,N362981,1,222.5,False,1.8856193713602036,0.5297061157285092,0.5225665636745039,3.4756853034839756,0.30122879926175294,0.2882182504227476,0.04697651058019936,0.0017559371902080567,False,True,False,False,-1.0,0
2026-03-10,2025-26,N362985,1,212.5,False,1.6253617862249081,0.6413952232367799,0.6223114643921765,N362984,1,224.5,False,1.5648838911684115,0.6604364081012362,0.6429030883388901,2.543502476584074,0.4236007574077894,0.4000859623664275,0.07742957554960217,0.01761963612553119,True,True,False,False,1.5435024765840741,1
2026-03-11,2025-26,N362998,1,227.5,True,1.9090909090909092,0.5393728575635697,0.528581479842441,N362996,1,232.0,True,1.9090909090909092,0.5088095561345393,0.5051116353281762,3.6446280991735542,0.27443806424793793,0.2669926556874027,,,False,True,False,False,-1.0,0
2026-03-12,2025-26,N363001,1,217.5,False,1.6915666298781178,0.6465037862457617,0.6183469612422374,N363002,1,223.5,False,1.4838778147935332,0.682522568029981,0.668418530045774,2.5100781943212027,0.44125342442956317,0.4133145668918075,0.10758059883020543,0.03745188175043834,True,True,False,False,1.5100781943212027,1
2026-03-13,2025-26,N363009,1,227.5,False,1.6577171561446242,0.6339672790229859,0.6141856655972249,N363012,1,220.5,False,1.5096586347116214,0.6854144705514849,0.66714860450065,2.5025870186833252,0.43453034689850534,0.4097531097074915,0.08745000537216141,0.025442813219092697,True,False,False,False,-1.0,0
2026-03-14,2025-26,N363017,1,208.5,False,1.4357231311076009,0.7128709630389777,0.6963534816875714,N363021,-1,236.5,True,1.8695652173913042,0.5460424794590659,0.5435749845568973,2.684178027722906,0.3892578281921755,0.3785203330544633,0.044837309552575366,0.016015961031146775,False,False,False,False,-1.0,0
2026-03-15,2025-26,N363026,1,225.5,True,1.8849557522123894,0.5636832689665504,0.5603244348138713,N363025,1,212.5,False,1.4132527904951961,0.7119459939152974,0.6992298285292969,2.6639189767741307,0.40131204517781466,0.39179555847567843,0.06906277275721795,0.04371162323917854,True,True,False,False,1.6639189767741307,1
2026-03-16,2025-26,N363034,1,231.5,False,1.6253617862249081,0.64982638534099,0.6287861327307563,N363038,1,219.5,False,1.5648838911684115,0.6622778449780006,0.6442749812454037,2.543502476584074,0.4303656180934747,0.40511117387247797,0.09463601545738864,0.030401274036528925,True,True,False,False,1.5435024765840741,1
2026-03-17,2025-26,N363045,1,229.5,False,1.6577171561446242,0.6445610694755298,0.6209206647750094,N363040,1,227.5,False,1.5096586347116214,0.6943502058239117,0.6731624505749672,2.5025870186833252,0.4475511112564148,0.417980476312583,0.12003560122760026,0.04603251408294318,False,True,False,False,-1.0,0
2026-03-18,2025-26,N363051,1,223.5,False,1.5096586347116214,0.6868168680985002,0.6677987041648826,N374211,1,237.5,False,1.6577171561446242,0.6324225254763128,0.6127996714712332,2.5025870186833252,0.4343584582625851,0.4092268265211553,0.0870198391032484,0.024125743748816264,True,True,False,False,1.5025870186833252,1
2026-03-19,2025-26,N363056,1,226.5,False,1.6577171561446242,0.6580312845165415,0.6300512693683232,N363059,1,231.5,False,1.5096586347116214,0.6729451263691401,0.6587831173763214,2.5025870186833252,0.44281894591383153,0.4150671393413724,0.10819294567098825,0.0387416347977414,False,False,False,False,-1.0,0
2026-03-20,2025-26,N363065,1,214.5,False,1.6577171561446242,0.6466089107576494,0.6228531690110194,N363069,1,228.5,False,1.5096586347116214,0.6668052352289959,0.6546377164267451,2.5025870186833252,0.4311622068389192,0.40774317623053524,0.07902094178193408,0.020412779791244784,True,True,False,False,1.5025870186833252,1
2026-03-21,2025-26,N363075,1,227.5,False,1.6253617862249081,0.6493317095916101,0.6279907861463158,N363070,1,224.5,False,1.5648838911684115,0.6676795657575458,0.6477722724371415,2.543502476584074,0.4335455138927311,0.40679501861158596,0.10272408829807689,0.034684137300633466,True,True,False,False,1.5435024765840741,1
2026-03-22,2025-26,N363082,1,227.5,True,1.9090909090909092,0.5160637676715002,0.5097032013292991,N363081,1,218.0,True,1.9090909090909092,0.5065676797641273,0.5036622899813027,3.6446280991735542,0.2614212253996855,0.25671828159231574,,,True,True,False,False,2.6446280991735542,1
2026-03-23,2025-26,N363086,1,218.5,False,1.6253617862249081,0.6534889473708291,0.6309233851769672,N363092,1,224.5,False,1.5648838911684115,0.6658228198783109,0.6467758143517915,2.543502476584074,0.43510785369775457,0.40806598624142204,0.10669790346141972,0.037916846614779676,True,True,False,False,1.5435024765840741,1
2026-03-24,2025-26,N363097,1,228.5,True,1.9090909090909092,0.5238300528507082,0.5145692156389422,N363096,-1,232.5,True,1.9090909090909092,0.5330542704008516,0.5287891962495056,3.6446280991735542,0.2792298466363738,0.27209864195245476,,,True,False,False,False,-1.0,0
2026-03-25,2025-26,N363104,1,232.5,False,1.6915666298781178,0.6498770211724675,0.6203276495711161,N363101,1,230.5,False,1.4838778147935332,0.6872655868094308,0.6717115794086636,2.5100781943212027,0.4466381123100608,0.41668126524427834,0.12109658646226795,0.045902557871832395,False,True,False,False,-1.0,0
2026-03-26,2025-26,N363111,1,223.5,False,1.7640130586672955,0.6053563087890719,0.583991213945795,N363112,-1,230.5,False,1.429139704239752,0.7128427210063604,0.6972067705017608,2.5210211009388392,0.4315238383355685,0.4071626282765506,0.08788070200208842,0.026465577398900875,True,True,False,False,1.5210211009388392,1
2026-03-27,2025-26,N363119,1,224.5,False,1.6577171561446242,0.6418891150930622,0.6191711887007739,N363117,1,220.5,False,1.5096586347116214,0.6832391827507206,0.6652054804378835,2.5025870186833252,0.43856379441276705,0.41187606805299376,0.09754405876189343,0.030755701215751996,True,True,False,False,1.5025870186833252,1
2026-03-28,2025-26,N363129,-1,232.5,True,1.8771929824561404,0.5453321268921779,0.5404160933120992,N363127,1,214.5,False,1.4132527904951961,0.7115676705272701,0.6996345645632172,2.65294822075414,0.3880407111963487,0.37809377812736544,0.029451914348524566,0.003063215961204735,False,False,False,False,-1.0,0
2026-03-29,2025-26,N363133,-1,221.5,True,1.8771929824561404,0.6451437437462336,0.6383478077610012,N363136,1,216.5,False,1.4132527904951961,0.7159403953233352,0.70112253168608,2.65294822075414,0.46188446693805496,0.4475600310736522,0.2253555747572875,0.18735358811751346,True,True,False,False,1.6529482207541402,1
2026-03-30,2025-26,N363145,1,213.5,False,1.5096586347116214,0.7078578804527409,0.6827138235303518,N363142,1,239.5,False,1.6577171561446242,0.6379260825556274,0.6167889463916595,2.5025870186833252,0.45156100468334665,0.42109033990230704,0.13007070846414348,0.0538152183324625,True,True,False,False,1.5025870186833252,1
2026-03-31,2025-26,N363149,1,216.5,False,1.6915666298781178,0.6297665443309339,0.6077333875140892,N374212,1,221.5,False,1.4838778147935332,0.6693593680060493,0.6601839956132047,2.5100781943212027,0.4215401361047076,0.40121585603659954,0.0580987036676186,0.007083171453383441,True,True,False,False,1.5100781943212027,1
2026-04-01,2025-26,N363159,1,221.5,False,1.6253617862249081,0.6480065281795414,0.627075063979701,N363161,1,222.5,False,1.5648838911684115,0.6654164146245892,0.6464559876597484,2.543502476584074,0.4311941806345583,0.40537642982179756,0.09674346633263942,0.03107595320055223,True,True,False,False,1.5435024765840741,1
2026-04-02,2025-26,N363166,1,229.0,True,1.8695652173913042,0.5483123192966041,0.544524015350254,N363164,1,219.5,False,1.4132527904951961,0.7064528166507207,0.6953549655697641,2.642168260491019,0.3873567823713753,0.3786374779457855,0.023461795867574464,0.0004239264607226456,False,True,False,False,-1.0,0
2026-04-03,2025-26,N363172,1,227.5,False,1.6253617862249081,0.6532313437183095,0.6306655921230129,N363175,1,229.5,False,1.5648838911684115,0.6587276217881313,0.6422212845865918,2.543502476584074,0.43030152952502737,0.40502686671780486,0.09447300602482223,0.030186838579824515,False,True,False,False,-1.0,0
2026-04-04,2025-26,N363179,1,226.5,True,1.9090909090909092,0.5307863276013278,0.5233853501049086,N363178,-1,243.5,True,1.9090909090909092,0.519428379185939,0.5139705347940604,3.6446280991735542,0.27570548184001453,0.26900464829679643,,,False,False,False,False,-1.0,0
2026-04-05,2025-26,N363183,1,222.5,False,1.6253617862249081,0.6352881421114921,0.6185372372893966,N363188,1,230.5,False,1.5648838911684115,0.6557334463264469,0.6397491948458567,2.543502476584074,0.4165796828370943,0.3957086995380721,0.059571454990757555,0.006486057280949531,True,True,False,False,1.5435024765840741,1
2026-04-06,2025-26,N363192,1,114.5,True,1.9090909090909092,0.9999969139616327,0.9999623529922957,N363194,1,234.5,True,1.9090909090909092,0.5286607682671398,0.5175889780527869,3.6446280991735542,0.5286591367997256,0.5175694923765425,,,True,False,False,False,-1.0,0
2026-04-07,2025-26,N363204,1,221.5,False,1.6577171561446242,0.6550551615434141,0.6277819501737901,N363200,1,223.5,False,1.5096586347116214,0.6770464090023367,0.661482441794384,2.5025870186833252,0.4435027448214141,0.415266737315399,0.10990421194049449,0.03924114609649587,False,True,False,False,-1.0,0
2026-04-08,2025-26,N363212,1,226.5,False,1.6253617862249081,0.6403913649560431,0.6225500237271043,N363210,1,239.5,False,1.5648838911684115,0.6521687131296069,0.6374562184606954,2.543502476584074,0.4176432123826951,0.39684838392769617,0.06227654502391333,0.00938484734848255,False,True,False,False,-1.0,0
2026-04-09,2025-26,N363214,1,242.5,False,1.7640130586672955,0.5824704435447746,0.5689580544995799,N363218,1,224.5,False,1.8432592262651437,0.5528316721841157,0.5413820188305707,3.2515333456406887,0.3220081093026813,0.30802366017489646,0.04702010496438014,0.0015492023049714643,False,False,False,False,-1.0,0
2026-04-10,2025-26,N363230,1,225.5,False,1.5096586347116214,0.6949112701396022,0.6725407318411355,N363228,1,216.5,False,1.6577171561446242,0.6394654915486747,0.6170424942562046,2.5025870186833252,0.4443717769425346,0.4149862106641475,0.11207904044562933,0.03853910374067926,True,True,False,False,1.5025870186833252,1
2026-04-12,2025-26,N363244,1,222.5,False,1.609724604326488,0.6775097390483736,0.647954162211092,N363245,1,228.5,False,1.5648838911684115,0.6707159529832853,0.6495322545559743,2.519032102527966,0.4544165902812869,0.4208671278298981,0.14468997883985946,0.06017780590225441,True,True,False,False,1.5190321025279658,1
2026-04-14,2025-26,N377267,1,226.5,True,1.9090909090909092,0.5410209158489113,0.5341828023899056,N377272,-1,219.5,True,1.9090909090909092,0.5434263740840454,0.5357769469127617,3.6446280991735542,0.2940050346034033,0.2862028309577667,,,True,False,False,False,-1.0,0
2026-04-15,2025-26,N377266,1,219.5,False,1.8856193713602036,0.5664965088104142,0.5459841933752565,N377273,1,212.5,False,1.4243588887947947,0.6880950566807479,0.6819822776050236,2.685798712480559,0.3898034473393478,0.37235154373439905,0.04693359698450372,6.129675199750828e-05,False,True,False,False,-1.0,0
2026-04-17,2025-26,N377348,1,217.5,False,1.8432592262651437,0.5763963051737256,0.5567017845393761,N377355,1,216.5,False,1.7831643181221288,0.5508929115883626,0.5465671754221899,3.2868340813254076,0.31753263878592813,0.30427492192817934,0.04367709909477879,0.00010118348616772188,False,False,False,False,-1.0,0
2026-04-18,2025-26,N377271,1,203.5,False,1.6253617862249081,0.6753787900453733,0.6463176411829051,N377268,1,212.5,False,1.550602827180524,0.6743941777481784,0.6555547244515225,2.520290580911529,0.45547152378120914,0.42369658317381736,0.14792059125920276,0.06783850773736999,True,True,False,False,1.5202905809115288,1
2026-04-19,2025-26,N377477,1,214.5,False,1.6253617862249081,0.6669564396403694,0.6411963711426742,N377484,1,210.5,False,1.5648838911684115,0.6460852188585255,0.6344235346354725,2.543502476584074,0.43091069727415104,0.4067900681757737,0.09602242570337349,0.034671545854884744,False,False,False,False,-1.0,0
2026-04-20,2025-26,N377320,1,225.5,False,1.5648838911684115,0.6575743272756237,0.6427384581605868,N377314,1,220.5,False,1.6253617862249081,0.634643753559636,0.6195651668316905,2.543502476584074,0.41732543930665433,0.39821836005940753,0.061468288418011996,0.012869385032351355,True,False,False,False,-1.0,0
2026-04-21,2025-26,N377332,1,201.5,False,1.6253617862249081,0.6841797130782719,0.6525471344057482,N377350,1,211.5,False,1.5648838911684115,0.6476408126552531,0.6356332077493871,2.543502476584074,0.4431027053802499,0.4147806282499962,0.12703282851576891,0.054995555192963286,False,False,False,False,-1.0,0
2026-04-22,2025-26,N377478,1,212.5,False,1.609724604326488,0.6789314073986196,0.6519664315300933,N377485,1,207.5,False,1.5648838911684115,0.6585729247988551,0.643575580489202,2.519032102527966,0.44712584270831196,0.41958967463145336,0.12632435165210754,0.05695986028589517,False,True,False,False,-1.0,0
2026-04-23,2025-26,N377315,1,215.5,False,1.6253617862249081,0.6448366115505323,0.6264757420854454,N377321,1,228.5,False,1.5648838911684115,0.6411408806919408,0.6316189771699238,2.543502476584074,0.41343111303191515,0.395693967437778,0.05156305989358634,0.006448586147366209,True,False,False,False,-1.0,0
2026-04-24,2025-26,N377333,1,201.5,False,1.6253617862249081,0.6849146454490563,0.6529312428251781,N377351,1,210.5,False,1.5648838911684115,0.6401290590407661,0.6305426836981104,2.543502476584074,0.4384337675145444,0.4117010181213304,0.1151573734913296,0.047162559203788534,True,False,False,False,-1.0,0
2026-04-25,2025-26,N377479,1,213.5,True,1.8695652173913042,0.6419296482945218,0.6246410266417736,N377486,1,207.5,False,1.4132527904951961,0.7107199406830399,0.6991861300962945,2.642168260491019,0.4562322015585672,0.43674034211703805,0.2054422423719875,0.15394147001762692,True,True,False,False,1.6421682604910188,1
2026-04-26,2025-26,N377334,1,202.5,False,1.609724604326488,0.68168498191055,0.65255143992686,N377316,1,215.5,False,1.5648838911684115,0.6610181478549204,0.6446174033003109,2.519032102527966,0.45060614416302675,0.42064601472553137,0.13509134274300894,0.0596208148940649,True,False,False,False,-1.0,0
2026-04-27,2025-26,N377480,1,208.5,False,1.5944375237752015,0.6730313363346468,0.6497534515579543,N377323,1,218.5,False,1.5944375237752015,0.6535408029227245,0.6363234347634242,2.5422310172223965,0.43985343994029935,0.41345334804474765,0.11820905804819759,0.05109392557380432,False,True,False,False,-1.0,0
2026-04-28,2025-26,N377329,1,209.5,False,1.5944375237752015,0.6424457797202322,0.6287124976697541,N377311,1,210.5,False,1.5944375237752015,0.6402152472544198,0.6275811753202154,2.5422310172223965,0.411303583711147,0.3945681282260925,0.04562872800520634,0.0030833339837559315,True,False,False,False,-1.0,0
2026-04-29,2025-26,N377335,1,204.5,False,1.7452865538534885,0.635939355131163,0.6059165633798789,N377481,1,203.5,False,1.4357231311076009,0.7315028171040693,0.7118028077541865,2.505748275778525,0.46519142978579087,0.43129311107856527,0.16565262309269224,0.0807119694402707,False,True,False,False,-1.0,0
2026-04-30,2025-26,N377324,1,220.5,False,1.5648838911684115,0.6548882086264157,0.641066191156121,N377330,1,209.5,False,1.609724604326488,0.6350660820385166,0.6218564234992542,2.519032102527966,0.41589728882560045,0.3986511288586346,0.047658621906033094,0.004214991303913562,False,True,False,False,-1.0,0
2026-05-01,2025-26,N377336,1,203.5,False,1.6915666298781178,0.6433372023826323,0.617059003696888,N377482,1,204.5,False,1.4838778147935332,0.706967579115921,0.6879526256664805,2.5100781943212027,0.45481854452365883,0.4245073617844166,0.14163011098174327,0.06554667214388621,False,False,False,False,-1.0,0
2026-05-03,2025-26,N377319,1,206.5,False,1.5944375237752015,0.6746839506159332,0.6509625648843872,N377483,1,198.5,False,1.5944375237752015,0.665152421806223,0.6449704667121177,2.5422310172223965,0.44876766370597815,0.4198516292856004,0.14087107419976697,0.06735983460121231,True,True,False,False,1.5422310172223965,1
2026-05-04,2025-26,N379301,1,212.5,False,1.6253617862249081,0.6502935754286039,0.6306212174917024,N379350,1,206.5,False,1.5648838911684115,0.6388564337820708,0.6302074795934078,2.543502476584074,0.41544423450970996,0.39742220805357203,0.056683439358022225,0.010844370433771733,False,True,False,False,-1.0,0
2026-05-05,2025-26,N379342,1,210.5,False,1.6915666298781178,0.6185509465930107,0.6011596995335771,N379383,1,207.5,False,1.4838778147935332,0.6763860151200375,0.6669121342329969,2.5100781943212027,0.4183792099147736,0.400920698230805,0.050164531764406606,0.0063423022811748275,False,True,False,False,-1.0,0
2026-05-06,2025-26,N379302,1,214.5,False,1.8027494987114874,0.5789970408330147,0.5628819773903837,N379351,1,213.5,True,1.8695652173913042,0.5340295174869502,0.5275551267759407,3.3703577584606066,0.3092015103424268,0.29695127294207607,0.04211970931033582,0.00083202664507942,True,False,False,False,-1.0,0
2026-05-07,2025-26,N379343,1,209.5,False,1.8227779536189008,0.5772084775293868,0.55941311126897,N379384,1,209.5,False,1.5096586347116214,0.657185044552011,0.6498509157566151,2.751772476842753,0.3793327790209485,0.36353512264439736,0.04383750087412008,0.00036594485850738323,True,False,False,False,-1.0,0
2026-05-08,2025-26,N379303,1,215.5,True,1.8695652173913042,0.5630618467458067,0.5483065169893759,N379352,1,212.5,False,1.8432592262651437,0.5336102583237077,0.5293302014223088,3.4460933360609207,0.30045557749425383,0.29023519907915096,0.03539796338528367,0.0001775854369767682,True,False,False,False,-1.0,0
2026-05-09,2025-26,N379344,1,208.5,True,1.9090909090909092,0.5954130426702646,0.5819378039664633,N379385,1,211.5,True,1.9090909090909092,0.5185856189470379,0.5112858841231804,3.6446280991735542,0.30877264126229825,0.29753658460569526,,,True,True,False,False,2.6446280991735542,1
2026-05-10,2025-26,N379304,1,215.5,True,1.9090909090909092,0.5453364499182543,0.5303223693783183,N379353,1,212.5,True,1.9090909090909092,0.49924462033625205,0.4980720617589898,3.6446280991735542,0.2722562888949584,0.2641387559131716,,,True,True,False,False,2.6446280991735542,1
2026-05-11,2025-26,N379386,1,210.5,True,1.8928571428571428,0.5744888140942428,0.564211141564073,N379345,1,204.5,False,1.4023992311125533,0.7261793894638133,0.7125248887555403,2.6545414017487614,0.4171819362727474,0.4020144808775776,0.1074267218977214,0.0671640835920655,True,True,False,False,1.6545414017487614,1
2026-05-15,2025-26,N379306,1,216.5,False,1.7640130586672955,0.5954976188863033,0.5778900999514885,N379388,1,202.5,False,1.4243588887947947,0.7153646254012623,0.7020787452367518,2.512587680062856,0.425997931061944,0.4057243562586822,0.07035715331850656,0.019418019036997913,True,True,False,False,1.5125876800628562,1
