date,season,released,game_a,side_a,buf_a,thr_a,p_a,pc_a,pm_a,odds_a,win_a,game_b,side_b,buf_b,thr_b,p_b,pc_b,pm_b,odds_b,win_b,joint_model,joint_cons,joint_mkt,ev_double,card_2of2,profit_double,odds_close_a,odds_close_b,profit_double_close
2011-11-22,2011-12,True,20111122_UCLA@Kansas,-1.0,11.0,150.5,0.8141329574398052,0.8024286639154928,0.7439141376455705,1.2830781829485285,1.0,20111122_California@Missouri,-1.0,14.5,160.0,0.8164816330617292,0.8101042098312285,0.8041880965798345,1.186911375658796,1.0,0.6647246066198274,0.6500508387271888,0.5982468943720203,0.012309164045034349,1.0,0.522900091201226,1.2521814992131854,1.1547491029612054,0.44595546296104316
2011-11-23,2011-12,True,20111123_UCLA@Michigan,-1.0,9.5,138.0,0.8003420192018275,0.78666842420525,0.7147486887092052,1.3354344192275076,0.0,20111123_IllinoisState@Illinois,1.0,15.0,110.5,0.8324319767037744,0.826827149167099,0.8129238112284703,1.1741567743692773,1.0,0.6662302890832674,0.6504388105254009,0.5810362280960386,0.0446553359015982,0.0,-1.0,1.2521814992131854,1.1856414412891008,-1.0
2011-11-25,2011-12,True,20111125_WiscGreenBay@Virginia,1.0,9.5,105.0,0.7826580692000423,0.7728787323912611,0.7026535232828419,1.3584219937310147,1.0,20111125_NewMexico@WashingtonState,-1.0,15.0,156.5,0.8485824099249031,0.8412154767339732,0.8193485516085558,1.1649498838145416,1.0,0.6641498705089435,0.6501575513260637,0.5757181465844452,0.05101288217479838,1.0,0.5824935437680634,1.3015349110892467,1.110614185960901,0.4455031357790773
2011-11-26,2011-12,True,20111126_FloridaState@Connecticut,1.0,11.0,114.5,0.7878145969407802,0.7779278119665168,0.7333648846969343,1.3015349110892467,1.0,20111126_NCAsheville@UtahU,-1.0,15.0,154.5,0.8474191807882433,0.8397258812068301,0.8118828492948039,1.1756622286442833,1.0,0.667609200352576,0.6532461174188846,0.5954063721605023,0.02155252195312385,1.0,0.5301654342295228,1.284388138660046,1.1547491029612054,0.48314605097170027
2011-11-27,2011-12,True,20111127_VaCommonwealth@Alabama,1.0,10.0,112.5,0.7811273649375248,0.7727618168077214,0.7233473888323192,1.3195596123472906,1.0,20111127_Oklahoma@SaintLouis,-1.0,15.0,141.5,0.8473307989624871,0.8415364050048704,0.8193485516085558,1.1649498838145416,0.0,0.6618732742239751,0.6503072012414021,0.5926736353495916,0.017445375412836306,0.0,-1.0,1.2378036964768728,1.374818647017412,-1.0
2011-11-28,2011-12,True,20111128_LongBeachState@Louisville,1.0,13.0,121.5,0.8194065841027374,0.811570636178065,0.779969024787995,1.2237665467028573,1.0,20111128_Georgia@Colorado,1.0,15.0,119.5,0.8136606065379219,0.8080353075560202,0.8050494582596659,1.1856414412891008,1.0,0.6667188582222,0.6557777286075777,0.6279136408648953,-0.03262538459343456,1.0,0.4509483322341614,1.2680771373073751,1.163235128122161,0.47507187128452766
2011-11-29,2011-12,True,20111129_EasternMichigan@Syracuse,1.0,10.5,119.0,0.7962522568228089,0.7874232549219233,0.7233473888323192,1.3195596123472906,1.0,20111129_Manhattan@Pennsylvania,1.0,13.5,109.0,0.8336559604929096,0.8257526093683284,0.779969024787995,1.2237665467028573,1.0,0.6638004399562656,0.6502168074290806,0.5641885574504867,0.07192679609447694,1.0,0.614832909970805,1.2525617437900078,1.1246534934831247,0.40869794095674683
2011-11-30,2011-12,True,20111130_IndianaU@NCState,-1.0,7.0,156.5,0.7869796888222881,0.764400749715828,0.6621453532571646,1.441526388888348,0.0,20111130_USC@CalRiverside,1.0,14.5,95.0,0.85837621406918,0.8503395740018993,0.7969323613909619,1.1977177063484037,0.0,0.675524645840617,0.6500002078800897,0.5276850599552848,0.16632145700567058,0.0,-1.0,1.39598821305318,1.163235128122161,-1.0
2011-12-01,2011-12,True,20111201_Davidson@Wofford,1.0,10.5,121.0,0.7911961128660293,0.7805347719978742,0.7333648846969343,1.3015349110892467,1.0,20111201_IllinoisChicago@WiscGreenBay,1.0,14.0,112.5,0.8408912329335609,0.8346077399043881,0.7969323613909619,1.1977177063484037,1.0,0.6653098748401562,0.6514403619739326,0.5844422093227384,0.03713254164256896,1.0,0.558871408442186,1.2237665467028573,1.1335825640578707,0.38724041981967106
2011-12-02,2011-12,True,20111202_Vanderbilt@Louisville,1.0,11.0,123.5,0.7876558344159447,0.7790704804127365,0.7333648846969343,1.3015349110892467,0.0,20111202_Columbia@LoyolaMarymount,1.0,15.0,117.5,0.8437070635622876,0.8374842021697859,0.8050494582596659,1.1856414412891008,1.0,0.6645507911527802,0.6524592197224924,0.5903950031319293,0.025504030727657057,0.0,-1.0,1.2378036964768728,1.1856414412891008,-1.0
2011-12-03,2011-12,True,20111203_TheCitadel@Wofford,1.0,6.5,126.0,0.7754508470733933,0.754571741574618,0.635841032036413,1.501161378250497,1.0,20111203_CentralMichigan@Temple,1.0,14.5,112.0,0.872772740244894,0.8643804772306729,0.8050494582596659,1.1856414412891008,1.0,0.6767923607254698,0.6522370820870483,0.5118834783801811,0.20458153335100393,1.0,0.7798391401164522,1.4013562531075137,1.1741567743692773,0.6454119378909349
2011-12-04,2011-12,True,20111204_Montana@OregonState,-1.0,13.0,147.5,0.8629781968864124,0.8532914162907722,0.7881087918611295,1.211127207128264,1.0,20111204_Mississippi@PennState,1.0,9.0,118.5,0.7762209671804566,0.7639613618126484,0.7026535232828419,1.3584219937310147,1.0,0.6698617706428176,0.6518816724125418,0.5537674193314066,0.10207121174053913,1.0,0.645221835369052,1.2672542397533035,1.42447985534302,0.8051781361266146
2011-12-05,2011-12,True,20111205_ArkansasState@AustinPeay,1.0,15.0,112.5,0.8233147619988911,0.8176322217808992,0.8050494582596659,1.1856414412891008,1.0,20111205_Brown@Providence,1.0,13.5,128.0,0.8066819212937569,0.8009777410728172,0.7885721403072818,1.2104155741896503,1.0,0.6641531340387776,0.6549052100304134,0.6348395743530425,-0.046861307467114144,1.0,0.4351188659409915,1.163235128122161,1.2680771373073751,0.47507187128452766
2011-12-06,2011-12,True,20111206_Tulane@Wofford,1.0,8.0,114.5,0.7760728330930121,0.7613223101420797,0.6811258720852689,1.4013562531075137,0.0,20111206_GeorgeMason@Virginia,1.0,14.0,101.5,0.8629669886386853,0.8549462061321963,0.7969323613909619,1.1977177063484037,1.0,0.6697252357385697,0.6508896206997704,0.5428112496453916,0.12408638979803421,0.0,-1.0,1.3015349110892467,1.14297332566624,-1.0
2011-12-07,2011-12,True,20111207_WiscGreenBay@Wisconsin,1.0,15.0,99.5,0.8807643257525758,0.8736951763969656,0.8050494582596659,1.1856414412891008,1.0,20111207_OklahomaState@MissouriSt,1.0,8.0,122.5,0.7590795709035031,0.7447279514477111,0.6700691458849398,1.42447985534302,1.0,0.6685702064593785,0.6506652189078588,0.5394388028911878,0.12916316341515444,1.0,0.688922348776188,1.1528492854113863,1.501161378250497,0.7306128222032571
2011-12-08,2011-12,True,20111208_Harvard@Connecticut,1.0,11.0,118.5,0.8003743740524056,0.7922724782783731,0.7431554148388463,1.284388138660046,1.0,20111208_WestVirginia@KansasState,1.0,14.5,120.0,0.8304912032751187,0.8228613387767081,0.8050494582596659,1.1856414412891008,1.0,0.6647038769773523,0.6519303921520825,0.5982768641187505,0.012226886402753046,1.0,0.5228238038955224,1.1856414412891008,1.1335825640578707,0.3440224650697683
2011-12-09,2011-12,True,20111209_IdahoU@OregonState,-1.0,8.5,147.0,0.7862820076318935,0.7720003878774706,0.6942733880361105,1.374818647017412,1.0,20111209_Rider@Florida,-1.0,15.0,169.5,0.8547894655433886,0.8476316242931207,0.8193485516085558,1.1649498838145416,1.0,0.6721055770700488,0.6543719427314996,0.568851894907752,0.07644081281807669,1.0,0.6015948231089994,1.2672542397533035,1.2378248314277107,0.5686387656986847
2011-12-10,2011-12,True,20111210_ULMonroe@TexasA&M,1.0,13.0,110.5,0.8501206542798984,0.8422267457372535,0.7711238888014049,1.2378036964768728,1.0,20111210_GeoWashington@Syracuse,1.0,9.5,122.0,0.7830866342676785,0.773459427244252,0.7026535232828419,1.3584219937310147,1.0,0.6657181218814824,0.6514282163677264,0.5418329173538736,0.1193782369186962,1.0,0.6814597652157333,1.2378036964768728,1.3584219937310147,0.6814597652157333
2011-12-11,2011-12,True,20111211_JacksonvilleSt@Tulane,1.0,14.0,106.5,0.8509469252005603,0.8432514965223278,0.7885721403072818,1.2104155741896503,1.0,20111211_NCGreensboro@FloridaState,1.0,10.0,126.5,0.7838964871938365,0.7736290223695242,0.7131082334415836,1.3385064920557965,1.0,0.6670543054531155,0.6523638308662068,0.5623372859157744,0.08072743539145533,1.0,0.6201491041382916,1.2378036964768728,1.3793548616957534,0.7073705465603493
2011-12-12,2011-12,True,20111212_Fordham@Siena,1.0,12.5,116.0,0.8087750255173315,0.8020658620392991,0.7711238888014049,1.2378036964768728,1.0,20111212_PortlandState@Oregon,1.0,15.0,130.5,0.8206040828650755,0.8150834498255014,0.8050494582596659,1.1856414412891008,1.0,0.6636840880588278,0.6537506098182566,0.6207928689306579,-0.025982967442368055,1.0,0.4675913587238161,1.284388138660046,1.0931221717549442,0.4039931515083599
2011-12-13,2011-12,True,20111213_CalSantaBarb@SanDiego,1.0,9.5,123.0,0.7886658795472039,0.7782089825475993,0.7131082334415836,1.3385064920557965,1.0,20111213_IllinoisChicago@OregonState,-1.0,13.0,150.5,0.8453738278162497,0.8365649106138938,0.7797242460015693,1.2241507236624767,1.0,0.666717493460889,0.6510223279238616,0.5560277796377499,0.0924390753327502,1.0,0.6385336908770265,1.1741567743692773,1.198723787017933,0.4074896551247009
2011-12-14,2011-12,True,20111214_Cincinnati@WrightState,1.0,10.5,101.0,0.793441869292622,0.7837809276500689,0.7233473888323192,1.3195596123472906,1.0,20111214_ULLafayette@Mississippi,1.0,14.5,124.0,0.8383749298226958,0.8309922992113647,0.7969323613909619,1.1977177063484037,0.0,0.6652017714865905,0.6513159151459471,0.5764589426881265,0.051324733419239044,0.0,-1.0,1.3195596123472906,1.2378036964768728,-1.0
2011-12-15,2011-12,True,20111215_Bradley@GeoWashington,1.0,9.0,119.5,0.7798222420285666,0.768766389649823,0.7026535232828419,1.3584219937310147,1.0,20111215_CalIrvine@LSU,1.0,14.5,124.0,0.8531339758537463,0.8461925762409014,0.7969323613909619,1.1977177063484037,1.0,0.6652928498010134,0.6505244117852004,0.5599673315494744,0.08243550800403954,1.0,0.6270060745847366,1.284388138660046,1.284388138660046,0.6496528907306174
2011-12-16,2011-12,True,20111216_WeberState@California,1.0,15.0,126.5,0.8388939871762743,0.8331084550402335,0.8050494582596659,1.1856414412891008,1.0,20111216_Canisius@UMKC,-1.0,11.5,148.0,0.7907814837913301,0.7828673802489018,0.753203240563482,1.2672542397533035,1.0,0.6633818319228791,0.6522134336605575,0.6063658607750559,-0.0032627320362194068,1.0,0.5025091433008304,1.14297332566624,1.1450358161369358,0.3087453947769909
2011-12-17,2011-12,True,20111217_Georgia@USC,1.0,8.5,100.0,0.7826671630805369,0.7701973424434521,0.6919901662046236,1.3793548616957534,1.0,20111217_TennesseeChat@Kentucky,1.0,13.0,128.5,0.8545033033923676,0.8464432002285742,0.779969024787995,1.2237665467028573,1.0,0.6687916763090516,0.6519283033453787,0.5397308950975028,0.12892592450675466,1.0,0.6880083357752096,1.4743218367116089,1.163235128122161,0.7149829506205279
2011-12-18,2011-12,True,20111218_Canisius@SouthDakota,-1.0,11.5,157.0,0.8498394042597801,0.8362991661279516,0.753203240563482,1.2672542397533035,0.0,20111218_LoyolaMarymount@FloridaState,1.0,8.5,123.0,0.7942660604876267,0.7792841990990038,0.6919901662046236,1.3793548616957534,1.0,0.6749985956685671,0.6517147258831856,0.521209235623385,0.17989302044865485,0.0,-1.0,1.1649498838145416,1.3385064920557965,-1.0
2011-12-19,2011-12,True,20111219_CalRiverside@SanDiegoState,1.0,11.0,109.5,0.8089598010434728,0.8014762529418553,0.7333648846969343,1.3015349110892467,1.0,20111219_ULMonroe@UNLV,1.0,12.5,126.0,0.8177294605054567,0.811526849445519,0.7620382825295853,1.2525617437900078,1.0,0.6615102616778805,0.6504194984553038,0.5588521172019592,0.07842898135900489,1.0,0.6302528378375196,1.1977177063484037,1.2104155741896503,0.4497361652468139
2011-12-20,2011-12,True,20111220_IPFW@Purdue,-1.0,7.5,149.0,0.7679353403525475,0.7540420973557479,0.6730328840255925,1.4182070782201255,1.0,20111220_Samford@Kentucky,-1.0,15.0,150.5,0.8700901438050928,0.8636390928731267,0.8118828492948039,1.1756622286442833,1.0,0.6681729707203609,0.651220232948468,0.5464238555517973,0.11406650586787226,1.0,0.6673324942593701,1.3354344192275076,1.1756622286442833,0.5700198055172956
2011-12-21,2011-12,True,20111221_St.Peter's@UtahState,-1.0,10.0,128.5,0.7950181366064241,0.7849552025022251,0.7246823842041943,1.3171287460618746,1.0,20111221_Texas@NorthCarolina,-1.0,14.0,166.5,0.8360379532690656,0.828082043412666,0.7962635015148162,1.198723787017933,1.0,0.6646653357402211,0.6500073080754456,0.577038132732537,0.049422523831468945,1.0,0.5788735584694717,1.2996901524926707,1.2378248314277107,0.6087887439174957
2011-12-22,2011-12,True,20111222_SanJoseState@CalRiverside,1.0,8.5,116.0,0.7694171872877474,0.7566553097347287,0.6811258720852689,1.4013562531075137,1.0,20111222_TheCitadel@DenverU,-1.0,14.5,143.0,0.8694614861534352,0.862956432462379,0.8118828492948039,1.1756622286442833,1.0,0.6689786111312009,0.6529605666923979,0.5529944137569962,0.10215672224816408,1.0,0.6475216156529817,1.3385064920557965,1.110614185960901,0.48656429807792945
2011-12-23,2011-12,True,20111223_Richmond@UCLA,-1.0,14.0,143.5,0.8471922491263641,0.8403972171416516,0.8041880965798345,1.186911375658796,1.0,20111223_WesternKentucky@Louisville,1.0,10.5,122.0,0.7798161820833689,0.7739123599437541,0.7333648846969343,1.3015349110892467,1.0,0.6606542252043436,0.6503937936082591,0.5897633107229173,0.020583001988849325,1.0,0.5448065917888865,1.1649498838145416,1.42447985534302,0.6594476419780062
2011-12-25,2011-12,True,20111225_Clemson@Hawaii,1.0,10.0,116.5,0.8002190728745653,0.7885979565269214,0.7233473888323192,1.3195596123472906,1.0,20111225_SoIllinois@Xavier,1.0,14.5,112.0,0.8299621917963699,0.824435532924844,0.7969323613909619,1.1977177063484037,1.0,0.6641515756402332,0.6501481765527154,0.5764589426881265,0.04966494098401708,1.0,0.5804599122905856,1.2378036964768728,1.1004178785523722,0.3621013177413648
2011-12-27,2011-12,True,20111227_Pittsburgh@NotreDame,-1.0,9.5,146.0,0.8112658043749931,0.798881201393659,0.7246823842041943,1.3171287460618746,1.0,20111227_Wisconsin@Nebraska,1.0,11.0,93.5,0.8222028617203572,0.813921363766716,0.7431554148388463,1.284388138660046,1.0,0.6670250659729867,0.6502264769259194,0.5385516378596722,0.1284093314198087,1.0,0.6917045385300515,1.1756622286442833,1.1335825640578707,0.3327102036125773
2011-12-28,2011-12,True,20111228_ColoradoState@UTEP,-1.0,7.0,144.5,0.7685318191047363,0.7501230227709312,0.6621453532571646,1.441526388888348,1.0,20111228_SouthernUtah@SouthDakota,-1.0,15.0,159.5,0.8766816559641765,0.8671854744766331,0.8118828492948039,1.1756622286442833,1.0,0.6737577478339012,0.6504957894174562,0.5375844560497413,0.14184968119999408,1.0,0.6947481270100211,1.3354344192275076,1.135787068455455,0.5167691441289239
2011-12-29,2011-12,True,20111229_GeorgiaTech@Fordham,1.0,7.5,118.0,0.7759223242840488,0.7591722371723096,0.6700691458849398,1.42447985534302,1.0,20111229_USC@California,1.0,14.0,99.5,0.8681547803346269,0.8594273856996509,0.7885721403072818,1.2104155741896503,1.0,0.6736206749955516,0.6524534110887534,0.5283978605243592,0.1614652568130024,1.0,0.7242126020266115,1.42447985534302,1.1741567743692773,0.6725626721035751
2011-12-30,2011-12,True,20111230_Princeton@FloridaState,1.0,8.5,111.0,0.7805987743697645,0.7658427188967182,0.6811258720852689,1.4013562531075137,1.0,20111230_Towson@Virginia,1.0,15.0,102.5,0.8573292142137918,0.8515817276235103,0.8050494582596659,1.1856414412891008,1.0,0.6692301338466792,0.6521776656459536,0.5483400143288882,0.1119299146852466,1.0,0.6615060476938863,1.3793548616957534,1.1741567743692773,0.6195788551192665
2011-12-31,2011-12,True,20111231_USC@Stanford,1.0,13.0,98.5,0.8377084223644726,0.8294530874717317,0.7711238888014049,1.2378036964768728,0.0,20111231_LouisianaTech@SMU,1.0,10.0,111.5,0.7949215915833467,0.7843633736795651,0.7233473888323192,1.3195596123472906,1.0,0.665912512388741,0.650592621998259,0.5577904514307199,0.0876720416851604,0.0,-1.0,1.1977177063484037,1.3015349110892467,-1.0
2012-01-01,2011-12,True,20120101_Rutgers@SouthFlorida,1.0,10.5,108.0,0.7824636760286143,0.7741357136902965,0.7233473888323192,1.3195596123472906,1.0,20120101_Evansville@NorthernIowa,-1.0,14.0,148.5,0.8488586043572444,0.841994985068751,0.8041880965798345,1.186911375658796,1.0,0.6642010239938886,0.6518183886898482,0.5817073597910561,0.04027185283976187,1.0,0.5662003147549102,1.2525617437900078,1.135787068455455,0.4226434310387057
2012-01-02,2011-12,True,20120102_TexasA&M@Baylor,1.0,13.0,109.5,0.8387628554382214,0.8311691604358245,0.7711238888014049,1.2378036964768728,1.0,20120102_Drexel@GeorgiaState,1.0,10.0,108.5,0.7921222858560122,0.7829911561695485,0.7233473888323192,1.3195596123472906,0.0,0.6644027503408398,0.6507981019021192,0.5577904514307199,0.0852060631391065,0.0,-1.0,1.1977177063484037,1.1977177063484037,-1.0
2012-01-03,2011-12,True,20120103_SouthernUtah@IPFW,-1.0,13.0,158.5,0.8530694115961429,0.8417952261518686,0.7797242460015693,1.2241507236624767,1.0,20120103_Alabama@GeorgiaTech,1.0,9.0,107.5,0.7876285460328699,0.7748879222370978,0.7026535232828419,1.3584219937310147,1.0,0.6719018203205859,0.6522969537419293,0.54787598864206,0.11731445090736181,1.0,0.6629132666648461,1.2378248314277107,1.3385064920557965,0.6568365728938628
2012-01-04,2011-12,True,20120104_UTEP@Marshall,-1.0,12.5,143.0,0.8505117510319348,0.8411344625245905,0.7797242460015693,1.2241507236624767,1.0,20120104_Tulane@CentralFlorida,1.0,10.0,109.5,0.7828800672544726,0.7727729046124278,0.7131082334415836,1.3385064920557965,1.0,0.6658486968486004,0.650005921774741,0.5560277796377499,0.09101552281299541,1.0,0.6385336908770265,1.1756622286442833,1.2237665467028573,0.4387361056369996
2012-01-05,2011-12,True,20120105_BYU@LoyolaMarymount,1.0,8.0,137.5,0.7735541385305551,0.7557530100622123,0.6700691458849398,1.42447985534302,1.0,20120105_CollCharleston@Wofford,1.0,15.0,116.5,0.8699662749153129,0.8602269444826548,0.8129238112284703,1.1741567743692773,1.0,0.6729660123427509,0.650119102629386,0.5447151638593912,0.12557783183887894,1.0,0.6725626721035751,1.1741567743692773,1.1856414412891008,0.39212893026255147
2012-01-06,2011-12,True,20120106_Fairfield@Siena,1.0,11.0,113.5,0.8005819984901212,0.7920132231578257,0.7431554148388463,1.284388138660046,1.0,20120106_Butler@WrightState,1.0,13.0,103.5,0.8287050442814492,0.8208687091253732,0.779969024787995,1.2237665467028573,1.0,0.663446340509687,0.6501388721037906,0.5796382041777728,0.04279914428201548,1.0,0.5717912370741152,1.2104155741896503,1.2237665467028573,0.4812660873014245
2012-01-07,2011-12,True,20120107_FloridaState@Clemson,1.0,7.0,110.5,0.7687766006036787,0.7492326154401244,0.6474163077777902,1.4743218367116089,1.0,20120107_Dartmouth@Harvard,1.0,14.5,100.0,0.878112185450896,0.8695614532214898,0.7969323613909619,1.1977177063484037,1.0,0.6750721008796069,0.6515038018830522,0.5159470069603722,0.19205674113668691,1.0,0.7658213686855939,1.3793548616957534,1.1528492854113863,0.5901882666346709
2012-01-08,2011-12,True,20120108_Columbia@Elon,1.0,8.0,115.5,0.7889819552424924,0.7715764155455074,0.6811258720852689,1.4013562531075137,1.0,20120108_Arizona@USC,1.0,13.0,95.5,0.8522405763681759,0.8427158440244586,0.779969024787995,1.2237665467028573,1.0,0.672402436279952,0.6502196702557986,0.5312570822082198,0.15312506174191864,1.0,0.7149329025658373,1.2525617437900078,1.1856414412891008,0.48508911121077425
2012-01-09,2011-12,True,20120109_Oklahoma@OklahomaState,1.0,10.5,119.0,0.7895684098584318,0.7803467701182957,0.7333648846969343,1.3015349110892467,1.0,20120109_FlaAtlantic@ArkansasState,1.0,14.5,103.0,0.8390496684971532,0.833162487117354,0.7969323613909619,1.1977177063484037,1.0,0.6624871125475417,0.6501556558057533,0.5844422093227384,0.03273221821178329,1.0,0.558871408442186,1.2525617437900078,1.1335825640578707,0.41988215316627486
2012-01-10,2011-12,True,20120110_FloridaState@VirginiaTech,1.0,8.0,115.5,0.7762331670503524,0.761172290906721,0.6811258720852689,1.4013562531075137,1.0,20120110_NorthernIowa@Creighton,-1.0,14.5,158.0,0.8624838464437353,0.8543674312107978,0.8118828492948039,1.1756622286442833,1.0,0.6694885676547905,0.6503208148908134,0.5529944137569962,0.10299688664382112,1.0,0.6475216156529817,1.2378036964768728,1.110614185960901,0.37472234474205623
2012-01-11,2011-12,True,20120111_LSU@Alabama,1.0,8.5,109.0,0.7766616441221681,0.7642137072636409,0.6811258720852689,1.4013562531075137,1.0,20120111_Fordham@St.Josephs,1.0,14.5,119.0,0.8596246716373741,0.8523152640157315,0.8050494582596659,1.1856414412891008,1.0,0.6676375108018618,0.6513510076708511,0.5483400143288882,0.10928376186458588,1.0,0.6615060476938863,1.3195596123472906,1.163235128122161,0.5349580947336294
2012-01-12,2011-12,True,20120112_Wofford@TennesseeChat,1.0,7.0,116.5,0.7797185836179467,0.7574224867377942,0.6474163077777902,1.4743218367116089,0.0,20120112_Clemson@BostonCollege,1.0,13.5,105.0,0.8711227419420641,0.8598832730889384,0.7885721403072818,1.2104155741896503,1.0,0.6792305905044482,0.6512949270072576,0.51053446349417,0.21211559286947512,0.0,-1.0,1.2680771373073751,1.1856414412891008,-1.0
2012-01-13,2011-12,True,20120113_Princeton@Cornell,1.0,9.0,114.5,0.7859883009993155,0.7699927556335278,0.6919901662046236,1.3793548616957534,1.0,20120113_Drake@Evansville,-1.0,14.5,161.0,0.8567190519343127,0.8467019077950771,0.8041880965798345,1.186911375658796,1.0,0.6733711520635948,0.6519543351832966,0.5564902546120596,0.1024243798861173,1.0,0.6371719764169548,1.2680771373073751,1.1269809692727226,0.429098801315245
2012-01-14,2011-12,True,20120114_TCU@ColoradoState,-1.0,5.5,156.0,0.7736998172976491,0.7500995458619091,0.6398811349059425,1.491683295430024,0.0,20120114_Towson@GeorgiaState,1.0,14.0,102.5,0.8759199704083007,0.8680412784947263,0.7969323613909619,1.1977177063484037,0.0,0.6776991210722645,0.6511173687882852,0.5099419838501213,0.21078775079158718,0.0,-1.0,1.4182070782201255,1.1977177063484037,-1.0
2012-01-15,2011-12,True,20120115_Nebraska@Wisconsin,1.0,9.5,95.0,0.8129830148339342,0.8004522983459865,0.7026535232828419,1.3584219937310147,0.0,20120115_UCLA@USC,1.0,11.5,98.0,0.822661445916826,0.8126579203377914,0.7431554148388463,1.284388138660046,1.0,0.6688097824891047,0.6504939001034548,0.5221807705832373,0.16689991294435202,0.0,-1.0,1.163235128122161,1.2378036964768728,-1.0
2012-01-16,2011-12,True,20120116_Louisville@Marquette,1.0,10.5,123.0,0.7859782456826999,0.7759706766043504,0.7333648846969343,1.3015349110892467,1.0,20120116_IdahoState@PortlandState,-1.0,15.0,159.5,0.8462838751894021,0.8387915039155932,0.8118828492948039,1.1756622286442833,1.0,0.6651607155709233,0.6508776108233635,0.5954063721605023,0.017805935174001863,1.0,0.5301654342295228,1.2680771373073751,1.1756622286442833,0.4908303933396514
2012-01-17,2011-12,True,20120117_Auburn@LSU,1.0,14.5,108.0,0.8531285114451012,0.846272601041957,0.7969323613909619,1.1977177063484037,1.0,20120117_BoiseState@ColoradoState,-1.0,9.5,161.0,0.7844372214688483,0.7706235974427517,0.7147486887092052,1.3354344192275076,1.0,0.6692257590738497,0.6521576362321875,0.5696063602941204,0.07040883341088922,1.0,0.5994734495758829,1.284388138660046,1.211127207128264,0.5555574192440109
2012-01-18,2011-12,True,20120118_OldDominion@Towson,1.0,13.0,95.5,0.8574526818468909,0.8486218244501129,0.779969024787995,1.2237665467028573,1.0,20120118_GeorgiaState@Northeastern,1.0,8.5,109.0,0.779226682590566,0.7666798137156509,0.6919901662046236,1.3793548616957534,1.0,0.6681500087539369,0.6506212222844483,0.5397308950975028,0.1278427843249248,1.0,0.6880083357752096,1.163235128122161,1.3015349110892467,0.5139911290563652
2012-01-19,2011-12,True,20120119_IPFW@OralRoberts,-1.0,12.0,159.5,0.8604074985627029,0.8487250597783238,0.7711107224267564,1.2378248314277107,1.0,20120119_LoyolaMarymount@BYU,1.0,8.5,139.0,0.7823007937410651,0.7672722218139003,0.6919901662046236,1.3793548616957534,1.0,0.6730974690663668,0.6512031623252499,0.5336010369742585,0.1492464161876157,1.0,0.7073996991575391,1.2241507236624767,1.2525617437900078,0.5333243650924717
2012-01-20,2011-12,True,20120120_WiscMilwaukee@YoungstownState,1.0,9.0,115.5,0.7905821044658767,0.7747304520490593,0.6919901662046236,1.3793548616957534,1.0,20120120_WiscGreenBay@ClevelandState,1.0,15.0,111.5,0.8478039679135115,0.8414481570666213,0.8129238112284703,1.1741567743692773,1.0,0.6702586451275846,0.6518955111000714,0.5625352832436853,0.08553672910952415,1.0,0.6195788551192665,1.2680771373073751,1.14297332566624,0.4493783428295359
2012-01-21,2011-12,True,20120121_Harvard@Dartmouth,1.0,14.0,98.5,0.8720183772454233,0.8618544481970762,0.7885721403072818,1.2104155741896503,0.0,20120121_TennesseeChat@Elon,1.0,7.0,127.5,0.7773997496367498,0.7560577869094112,0.6588292745746972,1.4487820089903731,1.0,0.677906868149237,0.6516117667419132,0.5195344111484629,0.1887966736912643,0.0,-1.0,1.1741567743692773,1.2680771373073751,-1.0
2012-01-22,2011-12,True,20120122_Wisconsin@Illinois,1.0,12.5,96.0,0.8473125084887474,0.8381509676741576,0.7711238888014049,1.2378036964768728,1.0,20120122_WiscMilwaukee@ClevelandState,1.0,10.0,110.5,0.7883295838652818,0.7765610252653312,0.7131082334415836,1.3385064920557965,1.0,0.6679615172207823,0.6508753747841733,0.549894794107774,0.10668417487408655,1.0,0.6568082836249569,1.14297332566624,1.1741567743692773,0.3420298732543978
2012-01-23,2011-12,True,20120123_JamesMadison@GeorgiaState,1.0,10.5,117.0,0.7925169377287952,0.7827200725034439,0.7233473888323192,1.3195596123472906,1.0,20120123_TexasA&M@Kansas,1.0,13.0,111.5,0.8390748969357229,0.8317841278052098,0.779969024787995,1.2237665467028573,1.0,0.6649810678446035,0.6510541328229077,0.5641885574504867,0.07383331286299444,1.0,0.614832909970805,1.284388138660046,1.163235128122161,0.49404540103280237
2012-01-24,2011-12,True,20120124_EasternMichigan@Buffalo,1.0,9.5,105.0,0.7906489995121185,0.7796542144441787,0.7026535232828419,1.3584219937310147,1.0,20120124_Tennessee@Vanderbilt,1.0,14.5,115.0,0.8418169185576106,0.8343594488063237,0.7969323613909619,1.1977177063484037,0.0,0.6655817044299495,0.6505118606231722,0.5599673315494744,0.08290547623999034,0.0,-1.0,1.284388138660046,1.1741567743692773,-1.0
2012-01-25,2011-12,True,20120125_SMU@Tulane,1.0,7.0,99.5,0.7798743434050492,0.7598908168497626,0.6474163077777902,1.4743218367116089,1.0,20120125_VaCommonwealth@Towson,1.0,14.0,102.5,0.866164148260284,0.8576650266049805,0.7885721403072818,1.2104155741896503,1.0,0.6754991964054827,0.651731777650332,0.51053446349417,0.2054567629614492,1.0,0.7845421125236218,1.284388138660046,1.163235128122161,0.49404540103280237
2012-01-26,2011-12,True,20120126_BostonCollege@Virginia,1.0,9.5,101.0,0.8085040870104943,0.7951450573709721,0.7026535232828419,1.3584219937310147,1.0,20120126_Colorado@USC,1.0,11.5,99.0,0.8292230891248321,0.8178222509407272,0.7527144618558281,1.2680771373073751,1.0,0.6704302566008941,0.6502873206435221,0.5288974686489459,0.15487234803606764,1.0,0.7225838730658023,1.2104155741896503,1.1977177063484037,0.4497361652468139
2012-01-27,2011-12,True,20120127_Dartmouth@Brown,1.0,7.5,111.0,0.7780319747426986,0.7589887670510959,0.6588292745746972,1.4487820089903731,1.0,20120127_LoyolaChicago@WrightState,1.0,15.0,90.5,0.8675966874570267,0.8596739195349401,0.8050494582596659,1.1856414412891008,0.0,0.6750179640224143,0.6524828482538072,0.5303901505819687,0.15950265019363163,0.0,-1.0,1.4013562531075137,1.0931221717549442,-1.0
2012-01-28,2011-12,True,20120128_VaCommonwealth@GeorgiaState,1.0,10.5,108.0,0.8302238247785193,0.8150561482975803,0.7333648846969343,1.3015349110892467,1.0,20120128_Columbia@Cornell,1.0,9.5,113.0,0.8148517669791556,0.7977390678375376,0.7131082334415836,1.3385064920557965,1.0,0.6765093506089693,0.6502021319781656,0.5229685373943215,0.17855568569686553,1.0,0.7421129281302206,1.14297332566624,1.2237665467028573,0.39873251972405477
2012-01-29,2011-12,True,20120129_MiamiFlorida@BostonCollege,1.0,8.5,122.0,0.7736170638136537,0.7612924890741627,0.6919901662046236,1.3793548616957534,1.0,20120129_Providence@SouthFlorida,1.0,14.5,108.0,0.8618014971057062,0.8543083737394935,0.8050494582596659,1.1856414412891008,1.0,0.6667043437811274,0.650378548281039,0.5570863084240484,0.09034180876403819,1.0,0.6354202862700813,1.3385064920557965,1.1246534934831247,0.5053560023403938
2012-01-30,2011-12,True,20120130_Princeton@Pennsylvania,1.0,9.5,116.0,0.7885232177290987,0.7761980846495312,0.7131082334415836,1.3385064920557965,1.0,20120130_WesternCarolina@Wofford,1.0,14.5,115.0,0.8460123661259218,0.8383400663327721,0.7969323613909619,1.1977177063484037,1.0,0.6671003931762202,0.6507179537724587,0.5682990284039385,0.06946394698771097,1.0,0.6031529255975165,1.3584219937310147,1.163235128122161,0.5801641819216581
2012-01-31,2011-12,True,20120131_YoungstownState@WiscMilwaukee,1.0,7.5,118.0,0.7605769642550848,0.7446979189169758,0.6588292745746972,1.4487820089903731,1.0,20120131_Clemson@Virginia,1.0,15.0,92.5,0.8820635583396089,0.8739269318684372,0.8129238112284703,1.1741567743692773,1.0,0.6708772234819776,0.6508115674479229,0.5355780048361513,0.14122737341317815,1.0,0.7010972104403779,1.3793548616957534,1.0861864367426237,0.498236542228925
2012-02-01,2011-12,True,20120201_VaCommonwealth@William&Mary,1.0,8.5,113.0,0.7878508150293244,0.7742829254374534,0.6919901662046236,1.3793548616957534,1.0,20120201_EasternMichigan@MiamiOhio,1.0,12.5,91.0,0.8512423547152762,0.8410352393475578,0.7711238888014049,1.2378036964768728,1.0,0.6706519829499117,0.6511992255180158,0.5336101479760399,0.1450514426809728,1.0,0.7073705465603493,1.2525617437900078,1.1246534934831247,0.40869794095674683
2012-02-02,2011-12,True,20120202_CollCharleston@Elon,1.0,8.5,129.0,0.7869142695936379,0.7687866013185725,0.6811258720852689,1.4013562531075137,1.0,20120202_WrightState@Butler,1.0,14.0,101.5,0.8549675186170843,0.8456559387880012,0.7885721403072818,1.2104155741896503,1.0,0.6727861404388479,0.6501289550656941,0.5371168867689443,0.14119561731418062,1.0,0.696223433749388,1.2237665467028573,1.163235128122161,0.42352823574551257
2012-02-03,2011-12,True,20120203_Columbia@Dartmouth,1.0,5.5,104.0,0.7720053586427745,0.7483657351239024,0.6241149387014235,1.5293657318730398,1.0,20120203_Cornell@Harvard,1.0,14.5,106.0,0.8780992896883771,0.8687412740261088,0.8050494582596659,1.1856414412891008,1.0,0.6778973570598411,0.6501362021690245,0.5024433932933456,0.2292173064961831,1.0,0.8132793905961113,1.284388138660046,1.0931221717549442,0.4039931515083599
2012-02-04,2011-12,True,20120204_Columbia@Harvard,1.0,9.0,104.5,0.796751648145709,0.7825915684943259,0.6919901662046236,1.3793548616957534,1.0,20120204_Drexel@Towson,1.0,12.0,95.5,0.8401598138960437,0.8306934105813326,0.7527144618558281,1.2680771373073751,1.0,0.669398716427465,0.6500936591247461,0.5208710055642384,0.1708642819628694,1.0,0.7491283643501614,1.2525617437900078,1.163235128122161,0.4570238205184871
2012-02-05,2011-12,True,20120205_YoungstownState@LoyolaChicago,1.0,9.5,108.0,0.7861659295458503,0.7749688950089683,0.7131082334415836,1.3385064920557965,1.0,20120205_Siena@Fairfield,1.0,14.0,111.5,0.8483883673916438,0.8407618986727022,0.7969323613909619,1.1977177063484037,1.0,0.666974029466338,0.6515643195800261,0.5682990284039385,0.06926136663652382,1.0,0.6031529255975165,1.2680771373073751,1.14297332566624,0.4493783428295359
2012-02-06,2011-12,True,20120206_Connecticut@Louisville,1.0,10.5,118.0,0.8005484547762153,0.7896567663432357,0.7333648846969343,1.3015349110892467,1.0,20120206_AppalachianSt@Elon,1.0,14.0,124.5,0.8323530645614796,0.8234424049960414,0.7885721403072818,1.2104155741896503,1.0,0.6663389596629399,0.6502368667990711,0.5783111167516645,0.049749148822855194,1.0,0.5753981267339661,1.2378036964768728,1.1335825640578707,0.40315268805256377
2012-02-07,2011-12,True,20120207_Alabama@Auburn,1.0,12.0,105.5,0.8064758661831216,0.7990711582207508,0.7527144618558281,1.2680771373073751,1.0,20120207_Purdue@OhioState,1.0,13.5,118.0,0.8198782327678437,0.8134954553233665,0.779969024787995,1.2237665467028573,1.0,0.6612120079361338,0.6500407556925596,0.5870939647575107,0.02608888105703988,1.0,0.5518303792754915,1.163235128122161,1.2237665467028573,0.42352823574551257
2012-02-08,2011-12,True,20120208_Towson@VaCommonwealth,1.0,13.5,104.0,0.8674055301063603,0.8578397469583529,0.779969024787995,1.2237665467028573,1.0,20120208_FloridaState@BostonCollege,1.0,8.0,116.5,0.7744392295115718,0.758328920569883,0.6700691458849398,1.42447985534302,1.0,0.6717528704096463,0.6505246893328693,0.5226331782564013,0.17102028926698365,1.0,0.7432307934209135,1.1161637292285815,1.5293657318730398,0.7070225586418111
2012-02-09,2011-12,True,20120209_California@USC,1.0,13.5,100.0,0.8737405821887797,0.8633092338661833,0.7885721403072818,1.2104155741896503,1.0,20120209_Elon@TennesseeChat,1.0,8.0,135.5,0.7735401855698274,0.7547866748570482,0.6700691458849398,1.42447985534302,1.0,0.6758734520861976,0.6516143060032423,0.5283978605243592,0.1653495234622513,1.0,0.7242126020266115,1.14297332566624,1.1977177063484037,0.36895939003437594
2012-02-10,2011-12,True,20120210_Brown@Columbia,1.0,9.0,115.5,0.8020870042463291,0.7858633887613994,0.6919901662046236,1.3793548616957534,1.0,20120210_Dartmouth@Princeton,1.0,11.5,106.0,0.8403182925169548,0.8281837827111811,0.7431554148388463,1.284388138660046,0.0,0.6740083818583147,0.6508393139986433,0.5142562390301992,0.19409146327476945,0.0,-1.0,1.3195596123472906,1.2237665467028573,-1.0
2012-02-11,2011-12,True,20120211_Brown@Cornell,1.0,8.0,122.5,0.7980835866109447,0.7795011894140638,0.6811258720852689,1.4013562531075137,1.0,20120211_Ohio@EasternMichigan,1.0,12.5,99.0,0.8487725046250659,0.8361144416821071,0.7620382825295853,1.2525617437900078,1.0,0.6773914047079272,0.6517522017774784,0.5190439897503243,0.18901512901049222,1.0,0.7552852320633789,1.2378036964768728,1.1856414412891008,0.4675913587238161
2012-02-12,2011-12,True,20120212_WiscMilwaukee@WrightState,1.0,9.5,103.0,0.8132359339450405,0.7989546362389658,0.7131082334415836,1.3385064920557965,1.0,20120212_Stanford@USC,1.0,10.5,101.0,0.8254379347462939,0.813914888135921,0.7333648846969343,1.3015349110892467,1.0,0.6712757897770677,0.6502810733801133,0.5229685373943215,0.16943823171145378,1.0,0.7421129281302206,1.2237665467028573,1.2525617437900078,0.532843159730007
2012-02-13,2011-12,True,20120213_Syracuse@Louisville,1.0,13.0,124.5,0.8097952469717697,0.8013531578303341,0.7711238888014049,1.2378036964768728,0.0,20120213_IowaState@Baylor,1.0,14.0,126.5,0.8176647436662909,0.8114017171574068,0.7885721403072818,1.2104155741896503,1.0,0.6621410230373529,0.6502193283130435,0.6080868154341983,-0.00794266199778182,0.0,-1.0,1.1977177063484037,1.1856414412891008,-1.0
2012-02-14,2011-12,True,20120214_LoyolaChicago@Butler,1.0,12.0,99.5,0.8325418584815232,0.8244581909675682,0.7620382825295853,1.2525617437900078,1.0,20120214_Virginia@Clemson,1.0,10.0,101.5,0.798965479078685,0.788706761037512,0.7233473888323192,1.3195596123472906,1.0,0.6651722048147489,0.6502557494088773,0.5512184018580406,0.09941650150079151,1.0,0.6528298890765891,1.163235128122161,1.1856414412891008,0.37917977386487056
2012-02-15,2011-12,True,20120215_AirForce@Wyoming,1.0,8.5,100.0,0.7768322781633664,0.7638396882677816,0.6811258720852689,1.4013562531075137,1.0,20120215_USC@UCLA,1.0,14.5,101.0,0.8581542913694318,0.8513139198042604,0.7969323613909619,1.1977177063484037,1.0,0.666641953180185,0.6502673591213095,0.5428112496453916,0.11891131832867297,1.0,0.6784291972489243,1.2378036964768728,1.1977177063484037,0.4825394042538558
2012-02-16,2011-12,True,20120216_Wisconsin@MichiganState,1.0,12.5,99.0,0.8476035368241522,0.8384850629018393,0.7711238888014049,1.2378036964768728,1.0,20120216_VirginiaTech@FloridaState,1.0,10.0,116.5,0.7890786513760096,0.7771105155491623,0.7131082334415836,1.3385064920557965,0.0,0.668825855738738,0.6515955595119202,0.549894794107774,0.10811621809049154,0.0,-1.0,1.1161637292285815,1.2680771373073751,-1.0
2012-02-17,2011-12,True,20120217_Brown@Harvard,1.0,13.0,110.5,0.861506115934424,0.8514950972773688,0.7711238888014049,1.2378036964768728,1.0,20120217_Columbia@Princeton,1.0,8.0,111.5,0.778621687260188,0.7644875308391773,0.6811258720852689,1.4013562531075137,1.0,0.6707873455738323,0.6509573844392408,0.5252324312456408,0.1635503793614228,1.0,0.7346039501774606,1.1856414412891008,1.3195596123472906,0.5645245606503286
2012-02-18,2011-12,True,20120218_Tulane@UAB,1.0,15.0,97.5,0.8744335965028465,0.8655828186848382,0.8050494582596659,1.1856414412891008,1.0,20120218_Brown@Dartmouth,1.0,7.5,115.0,0.7673778936393717,0.7515697588494612,0.6700691458849398,1.42447985534302,0.0,0.6710210114118546,0.6505458703032008,0.5394388028911878,0.13330238267188266,0.0,-1.0,1.1161637292285815,1.3793548616957534,-1.0
2012-02-19,2011-12,True,20120219_PennState@Wisconsin,1.0,11.0,99.5,0.8240058156942427,0.8156074878481171,0.7431554148388463,1.284388138660046,1.0,20120219_Syracuse@Rutgers,1.0,11.5,118.0,0.8050689599718386,0.7971683291315014,0.7527144618558281,1.2680771373073751,1.0,0.6633815050517105,0.6501764583150248,0.5593838281556669,0.08045160269568541,1.0,0.6287032340635792,1.1741567743692773,1.2237665467028573,0.4368937810576565
2012-02-20,2011-12,True,20120220_Connecticut@Villanova,1.0,12.0,125.5,0.8064186447515677,0.7977015636462784,0.7620382825295853,1.2525617437900078,1.0,20120220_Fairfield@Marist,1.0,14.5,118.0,0.8209549115552287,0.8153987900821252,0.7969323613909619,1.1977177063484037,0.0,0.6620333471785106,0.6504448898437949,0.6072929679666154,-0.0068073912632233835,0.0,-1.0,1.2525617437900078,1.1528492854113863,-1.0
2012-02-21,2011-12,True,20120221_Virginia@VirginiaTech,1.0,13.0,100.5,0.8378659696850037,0.8293842585021091,0.7711238888014049,1.2378036964768728,1.0,20120221_Clemson@GeorgiaTech,1.0,10.5,110.0,0.7957584374872638,0.785627459049337,0.7233473888323192,1.3195596123472906,0.0,0.6667389148602897,0.6515870475825304,0.5577904514307199,0.08902185092700599,0.0,-1.0,1.1741567743692773,1.284388138660046,-1.0
2012-02-22,2011-12,True,20120222_Tulane@SMU,1.0,12.5,100.0,0.8391163626864698,0.8284724283149743,0.7620382825295853,1.2525617437900078,1.0,20120222_OldDominion@GeorgiaState,1.0,9.5,109.0,0.7994130153733741,0.7862809200484572,0.7131082334415836,1.3385064920557965,1.0,0.6708005417443287,0.6514120631702774,0.543415773469531,0.12463871515022884,1.0,0.6765620257636549,1.1335825640578707,1.2104155741896503,0.3721059901654835
2012-02-23,2011-12,True,20120223_USC@Arizona,1.0,9.5,105.0,0.8091586223653903,0.7958930481664512,0.7026535232828419,1.3584219937310147,1.0,20120223_GeorgiaSouthern@CollCharleston,1.0,12.5,123.0,0.8288795084587648,0.8184208221532131,0.7620382825295853,1.2525617437900078,0.0,0.670695001171396,0.6513754428264139,0.5354488840958188,0.14119252190210263,0.0,-1.0,1.2378036964768728,1.163235128122161,-1.0
2012-02-24,2011-12,True,20120224_Cornell@Brown,1.0,8.0,125.5,0.7805796427251054,0.7629387107639674,0.6811258720852689,1.4013562531075137,1.0,20120224_Princeton@Harvard,1.0,14.5,103.0,0.8597859519889302,0.8530274663773201,0.8050494582596659,1.1856414412891008,1.0,0.6711314112235837,0.6508076754441661,0.5483400143288882,0.1150888985453169,1.0,0.6615060476938863,1.3584219937310147,1.14297332566624,0.5526401038329021
2012-02-25,2011-12,True,20120225_WiscMilwaukee@LoyolaChicago,1.0,12.0,102.5,0.8393312037871222,0.8287335785701478,0.7620382825295853,1.2525617437900078,1.0,20120225_Columbia@Brown,1.0,9.5,115.0,0.7990857863033328,0.785054375945189,0.7131082334415836,1.3385064920557965,1.0,0.6706976349471554,0.6506009223492106,0.543415773469531,0.12446618552189515,1.0,0.6765620257636549,1.163235128122161,1.2104155741896503,0.4079979155235569
2012-02-26,2011-12,True,20120226_Wisconsin@OhioState,1.0,14.0,103.5,0.8675279473698324,0.8594867220351102,0.7969323613909619,1.1977177063484037,1.0,20120226_FloridaState@MiamiFlorida,1.0,8.5,120.0,0.7724467453997882,0.7567226873959761,0.6811258720852689,1.4013562531075137,1.0,0.6701191394891858,0.6503931020795669,0.5428112496453916,0.12474752935397415,1.0,0.6784291972489243,1.1528492854113863,1.3015349110892467,0.5004735921872103
2012-02-27,2011-12,True,20120227_TexasTech@Baylor,1.0,14.5,115.0,0.8388860598139136,0.8333412236214348,0.8050494582596659,1.1856414412891008,1.0,20120227_Kansas@OklahomaState,1.0,12.0,125.5,0.7871908699284504,0.7805087984163447,0.7527144618558281,1.2680771373073751,1.0,0.6603634471957648,0.6504301571195725,0.6059723697412503,-0.007153591533545001,1.0,0.5034848047428733,1.2104155741896503,1.2680771373073751,0.5349003162706745
2012-02-28,2011-12,True,20120228_MinnesotaU@Wisconsin,1.0,14.0,100.5,0.8449617965023658,0.8383393057365218,0.7885721403072818,1.2104155741896503,0.0,20120228_WiscGreenBay@YoungstownState,1.0,10.5,125.0,0.786808497005656,0.7764756968273933,0.7333648846969343,1.3015349110892467,1.0,0.6648231211332254,0.6509500965995588,0.5783111167516645,0.047361099642711846,0.0,-1.0,1.1335825640578707,1.3584219937310147,-1.0
2012-02-29,2011-12,True,20120229_AirForce@NewMexico,1.0,8.0,110.5,0.7848750459210667,0.769879394737701,0.6811258720852689,1.4013562531075137,1.0,20120229_SouthFlorida@Louisville,1.0,13.0,101.5,0.8553668672141417,0.8459447058132824,0.779969024787995,1.2237665467028573,1.0,0.6713561091840584,0.6512753980930923,0.5312570822082198,0.15133068097832436,1.0,0.7149329025658373,1.3015349110892467,1.1161637292285815,0.4527260600825638
2012-03-01,2011-12,True,20120301_FloridaState@Virginia,1.0,9.5,104.0,0.8109634134019587,0.7968957174968111,0.7131082334415836,1.3385064920557965,1.0,20120301_WashingtonU@USC,1.0,11.5,114.0,0.8276838543648923,0.815762217142983,0.7431554148388463,1.284388138660046,1.0,0.6712213237534427,0.6500774173369469,0.5299502450482769,0.15393810070164515,1.0,0.7191618619159321,1.284388138660046,1.3385064920557965,0.7191618619159321
2012-03-02,2011-12,True,20120302_Dartmouth@Cornell,1.0,6.0,116.5,0.7660427938716106,0.7452115968048796,0.635841032036413,1.501161378250497,1.0,20120302_Brown@Pennsylvania,1.0,15.0,112.5,0.8820139147729267,0.8723580852449496,0.8129238112284703,1.1741567743692773,0.0,0.6756604035062893,0.6500913616910362,0.5168903150984847,0.19091821757250127,0.0,-1.0,1.3015349110892467,1.1246534934831247,-1.0
2012-03-03,2011-12,True,20120303_CalIrvine@CalRiverside,1.0,7.0,119.5,0.768793002194517,0.7490396916302197,0.6474163077777902,1.4743218367116089,1.0,20120303_Dartmouth@Columbia,1.0,14.5,104.0,0.8795410042888901,0.8691406028183519,0.8050494582596659,1.1856414412891008,1.0,0.6761849692404364,0.6510208091183616,0.5212021478449832,0.18198286695348376,1.0,0.7480170674027462,1.3195596123472906,1.1335825640578707,0.4958297687918516
2012-03-04,2011-12,True,20120304_NorthTexas@ULLafayette,1.0,7.0,126.5,0.7690511455797645,0.7511634279849243,0.6588292745746972,1.4487820089903731,1.0,20120304_Illinois@Wisconsin,1.0,14.0,100.5,0.8757137674551031,0.8670767186725635,0.7969323613909619,1.1977177063484037,1.0,0.6734686760613185,0.6513163203240027,0.5250423695403078,0.1686243066508364,1.0,0.7352318648067822,1.5590032025412874,1.1741567743692773,0.8305141715272513
2012-03-05,2011-12,True,20120305_NoIllinois@EasternMichigan,1.0,8.0,98.5,0.7711002640745345,0.7582800016668692,0.6811258720852689,1.4013562531075137,1.0,20120305_WesternIllinois@OralRoberts,-1.0,14.5,129.0,0.8685832393767271,0.8616182531389155,0.8041880965798345,1.186911375658796,1.0,0.6697647652541089,0.6533478904263817,0.5477533186035322,0.11401014178596225,1.0,0.6632856781638947,1.3195596123472906,1.2378248314277107,0.6333836547126002
2012-03-06,2011-12,True,20120306_WesternIllinois@SouthDakotaSt,-1.0,14.5,136.0,0.8707130529570463,0.8630566579973281,0.8041880965798345,1.186911375658796,1.0,20120306_MorganState@Hampton,1.0,8.5,123.0,0.7681126763158471,0.7543397173437628,0.6919901662046236,1.3793548616957534,1.0,0.6688057334099787,0.651037915445357,0.5564902546120596,0.09495000440580581,1.0,0.6371719764169548,1.135787068455455,1.42447985534302,0.6179057989738992
2012-03-07,2011-12,True,20120307_USC@UCLA,1.0,11.5,102.0,0.8329363005270444,0.8232772754671515,0.7431554148388463,1.284388138660046,0.0,20120307_UtahU@Colorado,1.0,10.0,109.5,0.8011842519677744,0.7903916987613891,0.7131082334415836,1.3385064920557965,0.0,0.6673354468745654,0.65071152430813,0.5299502450482769,0.14725764937137842,0.0,-1.0,1.2378036964768728,1.3195596123472906,-1.0
2012-03-08,2011-12,True,20120308_UTEP@MemphisU,1.0,9.0,116.5,0.7765459339246467,0.766282366989669,0.7026535232828419,1.3584219937310147,0.0,20120308_CalRiverside@CalPolySLO,1.0,14.5,98.0,0.8569836729376845,0.8502087050128238,0.7969323613909619,1.1977177063484037,1.0,0.6654871866595682,0.6514999389124478,0.5599673315494744,0.08275169525342396,0.0,-1.0,1.3015349110892467,1.2104155741896503,-1.0
2012-03-09,2011-12,True,20120309_ArkPineBluff@MissValleySt,-1.0,8.5,144.0,0.7953309891945737,0.7803385258969924,0.7046102688396965,1.3546495732624004,1.0,20120309_Louisville@NotreDame,1.0,12.5,105.0,0.8447915267060223,0.8351274167417889,0.7711238888014049,1.2378036964768728,1.0,0.6718888805982949,0.6516820973164508,0.5433418105970701,0.12661672354321407,1.0,0.6767902492150175,1.2378248314277107,1.1741567743692773,0.4534004113033554
2012-03-10,2011-12,True,20120310_Louisville@Cincinnati,1.0,8.0,115.5,0.7721077710938183,0.759243827093247,0.6811258720852689,1.4013562531075137,0.0,20120310_BethuneCookman@NorfolkSt,-1.0,14.5,146.0,0.8665857644705184,0.8585307056665666,0.8041880965798345,1.186911375658796,1.0,0.6690976030669645,0.6518341386473501,0.5477533186035322,0.11290046047507252,0.0,-1.0,1.4013562531075137,1.0957798349318895,-1.0
2012-03-11,2011-12,True,20120311_FloridaState@NorthCarolina,1.0,11.5,131.0,0.7904161162834862,0.7833073828379873,0.7527144618558281,1.2680771373073751,1.0,20120311_Vanderbilt@Kentucky,-1.0,15.0,151.5,0.8394867230452229,0.833951344393368,0.8193485516085558,1.1649498838145416,1.0,0.6635438353009556,0.6532402449909901,0.6167355040963863,-0.019782315274132656,1.0,0.4772463137741032,1.2378036964768728,1.198723787017933,0.48378473462555305
2012-03-13,2011-12,True,20120313_TennesseeTech@GeorgiaState,1.0,14.5,119.0,0.8415852466745992,0.8341574458060331,0.7969323613909619,1.1977177063484037,0.0,20120313_Massachusetts@MississippiSt,1.0,11.5,139.0,0.7907598648013168,0.7808730844743189,0.7431554148388463,1.284388138660046,1.0,0.6654918358791889,0.6513710976437767,0.5922445996280017,0.02374899436524136,0.0,-1.0,1.1004178785523722,1.1856414412891008,-1.0
2012-03-14,2011-12,True,20120314_SouthFlorida@California,1.0,8.5,107.0,0.7626731088103368,0.7530950220149714,0.6811258720852689,1.4013562531075137,1.0,20120314_Lamar@Vermont,-1.0,15.0,144.5,0.8711700710411933,0.8645225813704147,0.8193485516085558,1.1649498838145416,1.0,0.6644179863835088,0.6510676524495923,0.5580794967561795,0.08466887688472902,1.0,0.6325098042403794,1.4487820089903731,1.1547491029612054,0.6729797252679663
2012-03-15,2011-12,True,20120315_VaCommonwealth@WichitaState,1.0,10.0,124.5,0.8029381161553518,0.791563369466789,0.7233473888323192,1.3195596123472906,0.0,20120315_NewMexicoState@IndianaU,-1.0,12.0,162.5,0.831794698768461,0.821241631810517,0.7622696874213243,1.2521814992131854,1.0,0.6678796684571564,0.6500647932223369,0.551385787982243,0.10355636611144292,0.0,-1.0,1.2237665467028573,1.4182070782201255,-1.0
2012-03-16,2011-12,True,20120316_LongIsland@MichiganState,-1.0,5.5,160.0,0.779070168943198,0.7559027377374874,0.6398811349059425,1.491683295430024,1.0,20120316_NorfolkSt@Missouri,-1.0,13.0,158.5,0.8709598352659965,0.8607654930577235,0.7797242460015693,1.2241507236624767,0.0,0.6785388260034199,0.6506549927522914,0.4989308354451644,0.23904255644986283,0.0,-1.0,1.4182070782201255,1.186911375658796,-1.0
2012-03-17,2011-12,True,20120317_NewMexico@Louisville,1.0,10.5,117.0,0.7976589650834381,0.7860969081432226,0.7233473888323192,1.3195596123472906,0.0,20120317_Massachusetts@SetonHall,1.0,14.0,134.5,0.8369917043892805,0.8270721265398836,0.7885721403072818,1.2104155741896503,1.0,0.6676339367065764,0.6501588414844427,0.5704115985971856,0.06635527594397339,0.0,-1.0,1.3015349110892467,1.163235128122161,-1.0
2012-03-18,2011-12,True,20120318_NorfolkSt@Florida,-1.0,12.5,153.0,0.8414831885879824,0.8323747586157925,0.7711107224267564,1.2378248314277107,1.0,20120318_NorthernIowa@Drexel,1.0,10.0,109.5,0.7896774670443358,0.7816149318969191,0.7233473888323192,1.3195596123472906,1.0,0.6645003129245491,0.6505965402681971,0.5577809275679975,0.08538394968236673,1.0,0.6333836547126002,1.3354344192275076,1.2237665467028573,0.6342599675661829
2012-03-19,2011-12,True,20120319_MinnesotaU@MiamiFlorida,1.0,11.0,120.5,0.7925331386217942,0.783537871512383,0.7333648846969343,1.3015349110892467,1.0,20120319_IllinoisState@Stanford,1.0,14.0,120.5,0.8382726934978291,0.8305214010771019,0.7885721403072818,1.2104155741896503,1.0,0.6643588887987798,0.6507449708454346,0.5783111167516645,0.04662974889265681,1.0,0.5753981267339661,1.3195596123472906,1.163235128122161,0.5349580947336294
2012-03-20,2011-12,True,20120320_Massachusetts@Drexel,1.0,12.5,129.0,0.8103251285789365,0.8015107228927129,0.7620382825295853,1.2525617437900078,1.0,20120320_Oregon@WashingtonU,-1.0,15.0,169.5,0.8190634910033818,0.813505670419832,0.8118828492948039,1.1756622286442833,0.0,0.663707728661628,0.6520335179755206,0.6186858120918385,-0.022630946983924982,0.0,-1.0,1.2378036964768728,1.1450358161369358,-1.0
2012-03-21,2011-12,True,20120321_Mercer@OldDominion,1.0,11.5,118.0,0.7952355838093973,0.7867449198363833,0.7527144618558281,1.2680771373073751,1.0,20120321_LoyolaMarymount@UtahState,1.0,14.5,117.0,0.8331780242786755,0.827049395757185,0.8050494582596659,1.1856414412891008,1.0,0.6625728125544127,0.6506769105657157,0.6059723697412503,-0.003831844288692543,1.0,0.5034848047428733,1.3015349110892467,1.1528492854113863,0.5004735921872103
2012-03-22,2011-12,True,20120322_Louisville@MichiganState,1.0,10.5,114.0,0.7845521747930685,0.7761267508830113,0.7233473888323192,1.3195596123472906,0.0,20120322_Wisconsin@Syracuse,1.0,14.5,105.0,0.8458502261355103,0.8399739055857343,0.7969323613909619,1.1977177063484037,1.0,0.6636136344638234,0.6519262181687693,0.5764589426881265,0.048814746519530994,0.0,-1.0,1.284388138660046,1.1856414412891008,-1.0
2012-03-23,2011-12,True,20120323_IndianaU@Kentucky,-1.0,13.0,157.5,0.8433586093425193,0.8355595947555409,0.7881087918611295,1.211127207128264,0.0,20120323_Ohio@NorthCarolina,1.0,11.5,132.0,0.7872274322416365,0.7794990770045114,0.7431554148388463,1.284388138660046,1.0,0.6639150324915889,0.6513179328942077,0.5856873161536996,0.0327579545399197,0.0,-1.0,1.211127207128264,1.3015349110892467,-1.0
2012-03-24,2011-12,True,20120324_Florida@Louisville,1.0,11.5,120.0,0.7975741215397079,0.7889126130904275,0.7431554148388463,1.284388138660046,1.0,20120324_OhioState@Syracuse,1.0,15.0,121.5,0.8305806301380623,0.8248782723602603,0.8050494582596659,1.1856414412891008,1.0,0.662449616450262,0.6507568733292504,0.5982768641187505,0.0087940448119177,1.0,0.5228238038955224,1.2237665467028573,1.1856414412891008,0.4509483322341614
2012-03-25,2011-12,True,20120325_Baylor@Kentucky,-1.0,13.5,159.0,0.8423501285308942,0.8347978603936596,0.7881087918611295,1.211127207128264,1.0,20120325_Kansas@NorthCarolina,1.0,11.5,133.0,0.7872964594329966,0.7793576510135991,0.7431554148388463,1.284388138660046,1.0,0.6631792737953026,0.650606099547581,0.5856873161536996,0.031613439641138275,1.0,0.5555574192440109,1.2521814992131854,1.4013562531075137,0.7547523739479387
2012-03-27,2011-12,True,20120327_Massachusetts@Stanford,1.0,12.0,136.5,0.8019963741225969,0.7933401930464846,0.7620382825295853,1.2525617437900078,1.0,20120327_MinnesotaU@WashingtonU,-1.0,15.0,157.5,0.8268072440657924,0.8211196536990347,0.8118828492948039,1.1756622286442833,1.0,0.6630964118390625,0.6514272245798548,0.6186858120918385,-0.023531165737092685,1.0,0.47258953121873026,1.2237665467028573,1.2241507236624767,0.4980747037402329
2012-03-28,2011-12,True,20120328_WashingtonState@Pittsburgh,-1.0,13.5,146.0,0.8371192473811989,0.8307631292335116,0.7962635015148162,1.198723787017933,1.0,20120328_Mercer@UtahState,1.0,12.5,117.0,0.7885400573068221,0.7824917767805745,0.7620382825295853,1.2525617437900078,1.0,0.6601020593026143,0.6500653170777205,0.6067832711353444,-0.008872892838529989,1.0,0.5014755569897442,1.1649498838145416,1.2525617437900078,0.4591716578987093
2012-03-31,2011-12,True,20120331_OhioState@Kansas,1.0,11.5,125.0,0.792666814615713,0.7860025158773549,0.7527144618558281,1.2680771373073751,1.0,20120331_Louisville@Kentucky,1.0,15.0,123.5,0.8376192556146421,0.8320550694615372,0.8050494582596659,1.1856414412891008,1.0,0.663952987208843,0.6539973779452756,0.6059723697412503,-0.0017567726678653361,1.0,0.5034848047428733,1.2525617437900078,1.2525617437900078,0.5689109220062651
2012-11-20,2012-13,True,20121120_Georgia@UCLA,-1.0,15.0,146.5,0.8249981660227981,0.8202887120965374,0.8124415647453399,1.174853726617481,1.0,20121120_Butler@NorthCarolina,1.0,13.0,128.5,0.8007389126167478,0.7957581759047443,0.7891609536267116,1.2095124519446219,1.0,0.6606081343719065,0.6527514492531926,0.6411471600004102,-0.061275701300990915,1.0,0.4210002115573859,1.1864442679137737,1.2375484609901932,0.468282277807327
2012-11-21,2012-13,True,20121121_MississippiSt@Texas,1.0,8.0,119.5,0.7816458865292814,0.7709520370986651,0.6902031617351695,1.3829261482957986,1.0,20121121_Delaware@KansasState,1.0,15.0,121.5,0.8504467627425057,0.8451738950046438,0.8219043978042119,1.1613272815549214,1.0,0.6647482138098233,0.6515885360564434,0.5672810140085075,0.06760548367953412,1.0,0.6060298643915778,1.3409110589685929,1.1406888508336304,0.5295622949249905
2012-11-23,2012-13,True,20121123_Oakland@MichiganState,-1.0,9.0,158.5,0.7909941150150723,0.780500732889172,0.712140794477745,1.3403248450329142,1.0,20121123_NorthernIowa@Stanford,1.0,15.0,111.5,0.8441151640591605,0.8385094820827558,0.8140954734111815,1.1724669048956906,1.0,0.6676901271657782,0.654457265300111,0.5797505972157747,0.049266036121136114,1.0,0.571486522610537,1.2539032013698266,1.1724669048956906,0.4701600055488784
2012-11-24,2012-13,True,20121124_KentState@Nebraska,-1.0,8.5,138.0,0.7904699008148027,0.7797824407624545,0.7016756379336013,1.360315149049429,1.0,20121124_Northeastern@CharlotteU,-1.0,15.0,144.5,0.8408543297379646,0.8357922247783767,0.82013827947456,1.1638281298264994,1.0,0.6646700386276663,0.6517361010079645,0.5754710504440781,0.05228768292118202,1.0,0.5831730358928526,1.3212942879884388,1.174853726617481,0.5523275182016085
2012-11-25,2012-13,True,20121125_Marist@Clemson,-1.0,13.5,138.0,0.8388194059547249,0.8341843576053054,0.7963272334891771,1.19862785028433,1.0,20121125_Pacific@California,-1.0,11.5,141.0,0.7859836322464494,0.7809211682970855,0.7518571719423833,1.2695230365816683,1.0,0.6592983234911036,0.6514322231162888,0.5987243417118747,0.0032448099407338393,1.0,0.5216856682243198,1.174853726617481,1.2695230365816683,0.4915038705547137
2012-11-27,2012-13,True,20121127_Maryland@Northwestern,1.0,10.5,121.0,0.7982262977872394,0.7900807090876473,0.7426181899715806,1.2853172907554662,1.0,20121127_NCState@Michigan,1.0,14.5,121.0,0.8294267403362502,0.8243881819909165,0.8060356026802065,1.1841908680288116,1.0,0.6620702362243429,0.6513331993908597,0.598576700315027,0.007711284647422545,1.0,0.5220609982321558,1.3214374119790397,1.2375484609901932,0.6353428354895245
2012-11-28,2012-13,True,20121128_Virginia@Wisconsin,-1.0,15.0,125.5,0.8746375886736507,0.869080246147668,0.8124415647453399,1.174853726617481,1.0,20121128_GeorgiaTech@Illinois,1.0,8.0,113.5,0.7578049214990907,0.7489076860336911,0.6902031617351695,1.3829261482957986,1.0,0.6628046692249899,0.6508608761200407,0.560749736712302,0.07688256660171366,1.0,0.6247359389620781,1.3212942879884388,1.1841908680288116,0.5646646298145399
2012-11-29,2012-13,True,20121129_Kentucky@NotreDame,-1.0,11.0,144.5,0.7888530372329919,0.7829345561160334,0.742261354224837,1.285935195961818,1.0,20121129_SouthCarolina@St.Johns,-1.0,15.0,150.5,0.8423649507704437,0.8376931383368618,0.8124415647453399,1.174853726617481,0.0,0.6645021498738842,0.6558589054252177,0.6030439760764216,0.003920383634536284,0.0,-1.0,1.3212942879884388,1.2390384780469617,-1.0
2012-11-30,2012-13,True,20121130_Georgia@SouthFlorida,1.0,8.0,100.5,0.7771122406844545,0.7661585800534694,0.6790834817387319,1.4055709285640243,1.0,20121130_Depaul@Auburn,1.0,15.0,122.5,0.8556022204357774,0.8489634845072935,0.8219043978042119,1.1613272815549214,1.0,0.6648989586574415,0.6504406578073536,0.5581417001172599,0.08533309795972754,1.0,0.6323278655018849,1.1965289623788649,1.0764423584255445,0.28799445818757485
2012-12-01,2012-13,True,20121201_MississippiSt@Providence,1.0,11.0,116.5,0.821676186243541,0.81232057992218,0.7524153669789603,1.2685812144327067,1.0,20121201_SanDiegoState@UCLA,1.0,11.0,122.5,0.8094555395036399,0.8003491004134982,0.7524153669789603,1.2685812144327067,1.0,0.6651103406330587,0.6501400453880879,0.5661288844660834,0.07036093890462669,1.0,0.6092982976115608,1.2526715209149717,1.1613272815549214,0.45476161206545296
2012-12-02,2012-13,True,20121202_Maryland@GeorgeMason,1.0,10.5,121.0,0.7784980716006445,0.7722975787531887,0.7426181899715806,1.2853172907554662,1.0,20121202_California@Wisconsin,1.0,15.0,113.5,0.8502875165520536,0.8455092916870461,0.8219043978042119,1.1613272815549214,1.0,0.6619471919418749,0.6529847787832294,0.6103611562270458,-0.011928613909131913,1.0,0.4926740352085821,1.2685812144327067,1.1841908680288116,0.5022422894841108
2012-12-03,2012-13,True,20121203_USC@Nebraska,1.0,10.0,106.5,0.783176636838856,0.7769504600065665,0.7223194919012479,1.3214374119790397,1.0,20121203_EasternMichigan@Syracuse,1.0,13.5,105.0,0.8437757881093357,0.8390657229400104,0.7891609536267116,1.2095124519446219,1.0,0.6608254839775247,0.6519124994139833,0.5700263390519505,0.05619406972509133,1.0,0.5982950042541237,1.1841908680288116,1.0901068822899773,0.29089461518314974
2012-12-04,2012-13,True,20121204_Texas@Georgetown,1.0,6.0,108.5,0.7630727301299909,0.7475900245433075,0.6327932806495885,1.5083914908517457,0.0,20121204_Samford@Kentucky,-1.0,13.5,148.0,0.8786326365818558,0.8711613235949088,0.7879092552795571,1.2114339228840953,1.0,0.6704606047778288,0.6512715152874982,0.49858368250252505,0.2251438068412801,0.0,-1.0,1.1613272815549214,1.174853726617481,-1.0
2012-12-05,2012-13,True,20121205_SouthFlorida@OklahomaState,1.0,9.5,112.0,0.7775128436137325,0.769091540109249,0.7118294637186348,1.3409110589685929,0.0,20121205_USC@NewMexico,1.0,15.0,110.5,0.8537616608380295,0.8482693788332951,0.8140954734111815,1.1724669048956906,1.0,0.6638106566865594,0.6523968029944149,0.5794971442540494,0.043625748524750874,0.0,-1.0,1.2375484609901932,1.1965289623788649,-1.0
2012-12-06,2012-13,True,20121206_LongBeachState@Syracuse,1.0,10.5,130.0,0.7863730340702546,0.7798204380789685,0.7325844573426048,1.302921445347581,1.0,20121206_Vanderbilt@Xavier,1.0,15.0,114.5,0.8437933699974103,0.8390768266296182,0.8219043978042119,1.1613272815549214,1.0,0.6635363524932285,0.6543292585242196,0.6021143872528989,0.004008944725947927,1.0,0.5131182202051154,1.1724669048956906,1.1841908680288116,0.3884246018434818
2012-12-07,2012-13,True,20121207_VaCommonwealth@OldDominion,-1.0,13.0,144.5,0.8133071759405675,0.8085357246840315,0.779251515885957,1.2248933502744581,0.0,20121207_IowaState@Iowa,-1.0,15.0,166.5,0.8161073679647689,0.8114491693930624,0.82013827947456,1.1638281298264994,1.0,0.6637459787037158,0.6560856422194752,0.6390939975166515,-0.05378674012920437,0.0,-1.0,1.2539032013698266,1.1533406734257952,-1.0
2012-12-08,2012-13,True,20121208_UCLA@Texas,1.0,6.5,122.0,0.7668604839693393,0.7520150260586805,0.6562787935464843,1.454412376852754,1.0,20121208_KansasState@GeoWashington,1.0,15.0,110.5,0.8708620456340768,0.8649129195228814,0.8219043978042119,1.1613272815549214,1.0,0.667829689785477,0.6504275117134891,0.5393984266014978,0.12799691735064367,1.0,0.6890487718702405,1.2685812144327067,1.105261560885545,0.40211405317397353
2012-12-11,2012-13,True,20121211_NDakotaSt@MinnesotaU,-1.0,14.5,147.0,0.8454912614877689,0.8408340624494713,0.8124415647453399,1.174853726617481,1.0,20121211_WestVirginia@Duquesne,1.0,11.0,127.5,0.7786215037109672,0.7737551590062748,0.7524153669789603,1.2685812144327067,0.0,0.6583176773940892,0.6505996936884827,0.6112935180868256,-0.01884506676927844,0.0,-1.0,1.2695230365816683,1.3214374119790397,-1.0
2012-12-15,2012-13,True,20121215_NCAsheville@OhioState,-1.0,9.5,153.0,0.7820917829058822,0.7739695629077835,0.712140794477745,1.3403248450329142,0.0,20121215_NotreDame@Purdue,1.0,14.0,110.5,0.8457348902976356,0.8405288190084005,0.7977241086603722,1.1965289623788649,1.0,0.6614423082185885,0.6505437226593273,0.5680918805154485,0.06077983118242969,0.0,-1.0,1.4033649550020748,1.1965289623788649,-1.0
2012-12-16,2012-13,True,20121216_EasternKentucky@Illinois,-1.0,15.0,151.5,0.844104579296382,0.8391857136584914,0.8124415647453399,1.174853726617481,1.0,20121216_Delaware@Villanova,1.0,11.5,129.0,0.7836446520049403,0.7776463860240319,0.7524153669789603,1.2685812144327067,1.0,0.6614780392984898,0.6525897374295239,0.6112935180868256,-0.014134871707266017,1.0,0.49039736729319516,1.1081207772147021,1.2853172907554662,0.42428679519944246
2012-12-17,2012-13,True,20121217_IPFW@NotreDame,-1.0,15.0,149.5,0.8836335964517483,0.8782460702371672,0.82013827947456,1.1638281298264994,1.0,20121217_Cornell@Vanderbilt,1.0,7.5,119.0,0.7520162162781512,0.7409269919143541,0.6677719055927607,1.4293802898951247,1.0,0.6645067937798985,0.6507162189814268,0.5476653017342951,0.10544226340173024,1.0,0.6635529895995025,1.11627825068457,1.3613904897991718,0.5196905944516295
2012-12-18,2012-13,True,20121218_WesternKentucky@VaCommonwealth,-1.0,14.0,146.5,0.8484482465567464,0.8429607557950813,0.7963272334891771,1.19862785028433,1.0,20121218_MichiganState@BowlingGreen,1.0,10.0,110.5,0.7779729637878608,0.7716766290414626,0.7223194919012479,1.3214374119790397,1.0,0.6600697969943657,0.650493114446192,0.5752026826810288,0.045492263982690684,1.0,0.5839116844057248,1.19862785028433,1.2375484609901932,0.48336005141935634
2012-12-19,2012-13,True,20121219_NorthCarolina@Texas,1.0,7.0,132.5,0.7730574030029074,0.7584355053748753,0.6677719055927607,1.4293802898951247,1.0,20121219_AppalachianSt@SouthCarolina,-1.0,15.0,160.5,0.870857556438008,0.8631931286446267,0.8124415647453399,1.174853726617481,1.0,0.6732228809654243,0.6546763167597072,0.5425256518727599,0.13055177455598166,1.0,0.6793127603368625,1.2685812144327067,1.1433657882001533,0.4504523601357593
2012-12-20,2012-13,True,20121220_EasternMichigan@Michigan,1.0,8.5,106.0,0.7861554481225697,0.7773054901355267,0.6902031617351695,1.3829261482957986,1.0,20121220_Elon@Duke,1.0,14.5,128.0,0.8438273727494664,0.8391732418501162,0.8140954734111815,1.1724669048956906,1.0,0.6633794863619473,0.6522939680649235,0.5618912697026871,0.0756268108676057,1.0,0.6214351407916938,1.2685812144327067,1.1965289623788649,0.5178941641984867
2012-12-21,2012-13,True,20121221_Niagara@NotreDame,-1.0,9.5,148.0,0.7820388139385563,0.7753743019118562,0.7223977343103082,1.3212942879884388,0.0,20121221_FlaAtlantic@IndianaU,-1.0,15.0,159.5,0.8501460239733936,0.8454811291771109,0.8124415647453399,1.174853726617481,1.0,0.6648471882627321,0.6555643403153503,0.5869059456315551,0.03206058573920445,0.0,-1.0,1.4265250845339916,1.174853726617481,-1.0
2012-12-22,2012-13,True,20121222_Texas@MichiganState,1.0,8.0,116.5,0.7715184952974584,0.7597775701865499,0.6790834817387319,1.4055709285640243,1.0,20121222_WiscMilwaukee@Wisconsin,1.0,15.0,110.5,0.8638518840121164,0.8591307023224087,0.8140954734111815,1.1724669048956906,1.0,0.6664777057129027,0.6527482374831838,0.5528387885518063,0.09834552592428913,1.0,0.6479853962248234,1.3214374119790397,1.1965289623788649,0.5811381354038929
2012-12-23,2012-13,True,20121223_Bradley@PortlandU,1.0,11.0,120.5,0.7943315037949261,0.7876552150721723,0.7426181899715806,1.2853172907554662,0.0,20121223_VirginiaTech@ColoradoState,-1.0,13.0,150.5,0.83211968759645,0.8263840257662143,0.7879092552795571,1.2114339228840953,1.0,0.6609788827858523,0.6509056875470951,0.5851157450175607,0.029194994515749473,0.0,-1.0,1.1965289623788649,1.4508464228334035,-1.0
2012-12-25,2012-13,True,20121225_Mississippi@Hawaii,1.0,11.0,138.5,0.7773508526825111,0.7715196680022891,0.7426181899715806,1.2853172907554662,1.0,20121225_IndianaState@MiamiFlorida,-1.0,15.0,144.5,0.850247061241448,0.8455491064957438,0.82013827947456,1.1638281298264994,1.0,0.6609402780468389,0.6523577659232285,0.6090496046298041,-0.011307092595170154,1.0,0.49588841873359724,1.2685812144327067,1.1338790847519795,0.43841770635451205
2012-12-29,2012-13,True,20121229_Auburn@Illinois,1.0,9.0,121.5,0.7798702978049977,0.769591923487429,0.7011213954791214,1.3613904897991718,1.0,20121229_CentralMichigan@Michigan,1.0,14.5,120.0,0.8522106535008825,0.847379710681537,0.8060356026802065,1.1841908680288116,1.0,0.664613776138325,0.6521365814676251,0.565128806557001,0.07145456425908403,1.0,0.6121461858414501,1.2526715209149717,1.0974884502411366,0.3747925261501799
2012-12-31,2012-13,True,20121231_NCGreensboro@NCState,-1.0,8.0,173.5,0.7770504524888328,0.7650597228577078,0.6801509447687389,1.4033649550020748,1.0,20121231_Harvard@SaintMarysCA,-1.0,13.5,155.0,0.8572331514102571,0.8502415090734539,0.7963272334891771,1.19862785028433,1.0,0.6661134081917683,0.6504855332938559,0.5416227202027399,0.12047756988935188,1.0,0.6821123191785023,1.3212942879884388,1.2114339228840953,0.6006607225821821
2013-01-02,2012-13,True,20130102_EasternMichigan@Kentucky,1.0,14.0,110.5,0.8654385362671476,0.8606467204870588,0.8060356026802065,1.1841908680288116,1.0,20130102_UTEP@ColoradoState,1.0,8.5,118.0,0.7658444861428657,0.7581546711248345,0.7011213954791214,1.3613904897991718,1.0,0.6627913310957475,0.6525033313255334,0.565128806557001,0.06851651643478696,1.0,0.6121461858414501,1.1406888508336304,1.3409110589685929,0.5295622949249905
2013-01-03,2012-13,True,20130103_Stanford@USC,1.0,10.0,114.5,0.7787413835512165,0.7708038886519519,0.7223194919012479,1.3214374119790397,1.0,20130103_PennState@Wisconsin,-1.0,14.5,138.0,0.8508406877928893,0.8459381242991194,0.8045047085763067,1.1864442679137737,1.0,0.6625848543935032,0.6520523957686996,0.5811094323309994,0.03880838161074229,1.0,0.5678118428493435,1.2685812144327067,1.1864442679137737,0.5051009102467785
2013-01-05,2012-13,True,20130105_Texas@Baylor,1.0,8.0,123.5,0.767820072931626,0.7578828482430601,0.6902031617351695,1.3829261482957986,1.0,20130105_SouthernUtah@NorthernArizona,-1.0,15.0,149.5,0.8664071291939667,0.8611593748296089,0.82013827947456,1.1638281298264994,0.0,0.6652447851261922,0.652657919787077,0.5660620335533834,0.0707037334609697,0.0,-1.0,1.3409110589685929,1.2114339228840953,-1.0
2013-01-06,2012-13,True,20130106_NorthCarolina@Virginia,1.0,9.0,125.5,0.7732587081156378,0.7630880670166071,0.7011213954791214,1.3613904897991718,0.0,20130106_Florida@Yale,-1.0,15.0,143.5,0.859482109072518,0.8547842113114528,0.82013827947456,1.1638281298264994,1.0,0.664602025309919,0.6522756315259716,0.5750164949910492,0.0530117633565268,0.0,-1.0,1.4293802898951247,1.1533406734257952,-1.0
2013-01-07,2012-13,True,20130107_NotreDame@Cincinnati,-1.0,10.5,145.0,0.7861229801307968,0.7813835084658223,0.742261354224837,1.285935195961818,1.0,20130107_IndianaU@PennState,-1.0,15.0,152.5,0.8391185414890415,0.8344261013929076,0.8124415647453399,1.174853726617481,1.0,0.659650368518373,0.6520067946618481,0.6030439760764216,-0.0034096185342454843,1.0,0.5107857571643224,1.2248933502744581,1.1864442679137737,0.45326769423882896
2013-01-08,2012-13,True,20130108_Baylor@TexasTech,-1.0,9.0,159.5,0.7657245273941357,0.758021045559771,0.7016756379336013,1.360315149049429,1.0,20130108_Pittsburgh@Georgetown,1.0,15.0,100.5,0.8631049475140953,0.858056695909263,0.8140954734111815,1.1724669048956906,1.0,0.6609006280267709,0.650425033782702,0.571230960644648,0.05408659874106325,1.0,0.594924492488704,1.3031786658118627,1.1724669048956906,0.5279338568305303
2013-01-09,2012-13,True,20130109_Nebraska@Michigan,-1.0,14.5,143.0,0.8735454765827713,0.8681514079738569,0.8045047085763067,1.1864442679137737,1.0,20130109_WestVirginia@Texas,1.0,7.5,117.0,0.7635105991093947,0.7525134721446479,0.6790834817387319,1.4055709285640243,0.0,0.6669612301750134,0.6532956303616718,0.5463258585752022,0.11224560430030195,0.0,-1.0,1.1433657882001533,1.2685812144327067,-1.0
2013-01-10,2012-13,True,20130110_Massachusetts@SaintLouis,1.0,10.0,122.5,0.7747225959371291,0.7666406462162427,0.7223194919012479,1.3214374119790397,1.0,20130110_Kentucky@Vanderbilt,1.0,15.0,112.5,0.8572219383754117,0.8522633230742491,0.8219043978042119,1.1613272815549214,1.0,0.6641092053924567,0.6533797047480449,0.5936775670133394,0.019156143675902015,1.0,0.534621317398589,1.2375484609901932,1.1406888508336304,0.4116577318178314
2013-01-11,2012-13,True,20130111_WrightState@LoyolaChicago,1.0,11.0,102.5,0.7885263236671448,0.7837668025612011,0.7524153669789603,1.2685812144327067,1.0,20130111_Fairfield@LoyolaMaryland,-1.0,14.5,133.0,0.8351894234193802,0.8305389282773837,0.8045047085763067,1.1864442679137737,1.0,0.6585688456145662,0.6509488402185718,0.6053217055397433,-0.008787431005346291,1.0,0.5051009102467785,1.1965289623788649,1.1433657882001533,0.3680702801746225
2013-01-12,2012-13,True,20130112_Texas@IowaState,1.0,10.0,123.5,0.7920702084429405,0.7822619225666514,0.7223194919012479,1.3214374119790397,1.0,20130112_GeoWashington@Xavier,1.0,12.5,107.0,0.8387989677832949,0.8310072821155442,0.7803467764158841,1.2231741436595636,1.0,0.6643876732538377,0.6500653541745932,0.5636596870474981,0.07388173658281305,1.0,0.6163480747971719,1.1613272815549214,1.1613272815549214,0.34868105488374357
2013-01-13,2012-13,True,20130113_Nebraska@MichiganState,1.0,12.5,108.0,0.8194412816494053,0.8148544636101558,0.7712829275681705,1.2375484609901932,1.0,20130113_PennState@Purdue,1.0,12.0,113.5,0.8029714425146312,0.7981597147630839,0.7619715017571547,1.2526715209149717,0.0,0.6579879479820612,0.6503840062485077,0.5876956105987736,0.02004036350421301,0.0,-1.0,1.302921445347581,1.1965289623788649,-1.0
2013-01-14,2012-13,True,20130114_Louisville@Connecticut,1.0,10.5,122.0,0.776358054103402,0.7711996619688399,0.7426181899715806,1.2853172907554662,1.0,20130114_Baylor@Kansas,-1.0,15.0,157.5,0.849253215718368,0.8445712175617471,0.82013827947456,1.1638281298264994,1.0,0.6593245739961688,0.6513330374922309,0.6090496046298041,-0.013724005572668396,1.0,0.49588841873359724,1.3214374119790397,1.1533406734257952,0.5240675146219456
2013-01-15,2012-13,True,20130115_Mississippi@Vanderbilt,1.0,9.5,116.0,0.782232699995642,0.7756221960929314,0.7223194919012479,1.3214374119790397,1.0,20130115_Tennessee@Kentucky,1.0,15.0,120.5,0.8440809102635572,0.8393506443430576,0.8140954734111815,1.1724669048956906,1.0,0.6602676894502416,0.6510189900573793,0.5880370287134705,0.02298021981787124,1.0,0.5493416324364364,1.2526715209149717,1.1613272815549214,0.45476161206545296
2013-01-16,2012-13,True,20130116_KansasState@TCU,1.0,9.0,101.5,0.7959014814731867,0.7864447915865048,0.7011213954791214,1.3613904897991718,1.0,20130116_Purdue@Nebraska,1.0,12.0,103.5,0.8359941539552477,0.8290354642336278,0.7712829275681705,1.2375484609901932,1.0,0.665368985635905,0.6519906228870367,0.5407629624858179,0.1210048212232151,1.0,0.6847867054576504,1.2231741436595636,1.1613272815549214,0.4205055031244298
2013-01-17,2012-13,True,20130117_GeorgiaTech@Duke,1.0,9.5,119.0,0.7905226177425966,0.7828467005366339,0.7223194919012479,1.3214374119790397,1.0,20130117_Oregon@USC,1.0,14.0,116.5,0.8375375259558867,0.8310569380994216,0.7977241086603722,1.1965289623788649,1.0,0.6620923574763055,0.6505901819492098,0.5762116728449359,0.04685947556525338,1.0,0.5811381354038929,1.302921445347581,1.1406888508336304,0.48622796622002484
2013-01-19,2012-13,True,20130119_Kansas@Texas,1.0,7.0,117.5,0.7765072686552063,0.7626076711410499,0.6677719055927607,1.4293802898951247,1.0,20130119_Harvard@MemphisU,-1.0,14.5,153.0,0.8594938454277868,0.853506813992165,0.8124415647453399,1.174853726617481,1.0,0.6674032183390908,0.6508908437215822,0.5425256518727599,0.12077874084672424,1.0,0.6793127603368625,1.302921445347581,1.11627825068457,0.45442287179200935
2013-01-20,2012-13,True,20130120_Clemson@NCState,1.0,15.0,117.5,0.8428180755838105,0.8381159437201058,0.8140954734111815,1.1724669048956906,1.0,20130120_Drake@NorthernIowa,1.0,11.5,126.0,0.7814666297992795,0.7767714586043837,0.7619715017571547,1.2526715209149717,1.0,0.6586342010603948,0.6510245440830561,0.6203175504488198,-0.03265347597455537,1.0,0.4687159009781543,1.1724669048956906,1.2685812144327067,0.48736949009473207
2013-01-21,2012-13,True,20130121_Texas@Oklahoma,1.0,6.0,115.5,0.7737656132674672,0.7580412450692291,0.6446152883463566,1.4807281447646026,1.0,20130121_Georgetown@NotreDame,-1.0,15.0,137.5,0.866134074196061,0.861383534424716,0.82013827947456,1.1638281298264994,1.0,0.6701847630921651,0.6529642469174449,0.5286736735073783,0.15493815987802972,1.0,0.7233130675028494,1.1841908680288116,1.1533406734257952,0.3657754931970265
2013-01-22,2012-13,True,20130122_Illinois@Nebraska,1.0,11.0,113.5,0.7953880278321294,0.7883268027725543,0.7426181899715806,1.2853172907554662,1.0,20130122_Iowa@OhioState,1.0,13.5,123.0,0.8309130621691149,0.8247806071753575,0.7891609536267116,1.2095124519446219,1.0,0.6608983018186477,0.6501966590433557,0.586045278978515,0.027437303329194362,1.0,0.5546072678684624,1.1841908680288116,1.1841908680288116,0.40230801192283017
2013-01-23,2012-13,True,20130123_TCU@WestVirginia,1.0,12.5,101.0,0.8442059449113678,0.8372294062918622,0.7712829275681705,1.2375484609901932,1.0,20130123_Duke@MiamiFlorida,1.0,9.0,117.5,0.7867778154622869,0.7765152476000851,0.7118294637186348,1.3409110589685929,1.0,0.6642025091376417,0.6501213997247975,0.5490219127061894,0.10220581737417533,1.0,0.6594424173513123,1.1406888508336304,1.150743611896335,0.3126404082581715
2013-01-24,2012-13,True,20130124_Stanford@Colorado,1.0,10.0,121.5,0.7768767100754569,0.7701586209360871,0.7325844573426048,1.302921445347581,1.0,20130124_Purdue@Michigan,-1.0,15.0,149.5,0.8512168280904556,0.8465361094674648,0.82013827947456,1.1638281298264994,1.0,0.661290528967779,0.6519670826400632,0.6008205564147681,0.0027655031386633055,1.0,0.5163766290497147,1.1724669048956906,1.1533406734257952,0.3522537696618535
2013-01-25,2012-13,True,20130125_WiscGreenBay@WiscMilwaukee,1.0,11.0,115.5,0.7921570151763352,0.7864348427389527,0.7524153669789603,1.2685812144327067,1.0,20130125_LoyolaMaryland@Manhattan,1.0,15.0,103.5,0.8357292154241736,0.8310970328311571,0.8140954734111815,1.1724669048956906,0.0,0.6620287607860738,0.6536036643153812,0.6125379443825845,-0.01531861964157022,0.0,-1.0,1.2095124519446219,1.1220642133072065,-1.0
2013-01-26,2012-13,True,20130126_Florida@MississippiSt,1.0,15.0,107.5,0.8722990717637248,0.8655388314033254,0.8140954734111815,1.1724669048956906,1.0,20130126_NewMexico@SanDiegoState,1.0,8.0,119.5,0.7628715974156021,0.7518238470396297,0.6902031617351695,1.3829261482957986,0.0,0.6654521863005396,0.6507327339878336,0.5618912697026871,0.07898755938435587,0.0,-1.0,1.0901068822899773,1.1965289623788649,-1.0
2013-01-27,2012-13,True,20130127_FloridaState@MiamiFlorida,1.0,13.5,116.0,0.8407920554985007,0.834040525470843,0.7891609536267116,1.2095124519446219,1.0,20130127_Iowa@Purdue,1.0,10.5,124.0,0.7892695025806041,0.7811565842981018,0.7325844573426048,1.302921445347581,1.0,0.6636115274170253,0.6515162480429976,0.578127048968597,0.04578521497192889,1.0,0.5758997120535834,1.1965289623788649,1.2095124519446219,0.44721667910961505
2013-01-28,2012-13,True,20130128_SouthFlorida@Marquette,1.0,13.0,108.5,0.8326284499996904,0.82688928781498,0.7803467764158841,1.2231741436595636,1.0,20130128_Pittsburgh@Louisville,1.0,11.0,111.5,0.7925891498584821,0.7863713514352189,0.7426181899715806,1.2853172907554662,1.0,0.6599322753332403,0.6502420467463714,0.5794997106521216,0.03752366397962925,1.0,0.5721668764506476,1.1724669048956906,1.1724669048956906,0.37467864307568033
2013-01-29,2012-13,True,20130129_Nebraska@MinnesotaU,1.0,14.0,108.5,0.839407312763467,0.8347583424834321,0.7977241086603722,1.1965289623788649,1.0,20130129_Wisconsin@OhioState,1.0,10.5,109.0,0.7851966330152802,0.7802370469293871,0.7426181899715806,1.2853172907554662,0.0,0.6590997957102785,0.651309384038943,0.5924044336700581,0.013642338786335806,0.0,-1.0,1.1406888508336304,1.3214374119790397,-1.0
2013-01-30,2012-13,True,20130130_Texas@KansasState,1.0,9.0,111.5,0.8037596379467775,0.7925164508135304,0.7118294637186348,1.3409110589685929,1.0,20130130_Depaul@St.Johns,1.0,12.0,130.5,0.830177474210448,0.8209587795540186,0.7712829275681705,1.2375484609901932,1.0,0.6672631461029599,0.6506233382363583,0.5490219127061894,0.1072847681785376,1.0,0.6594424173513123,1.2853172907554662,1.150743611896335,0.47907066159675704
2013-01-31,2012-13,True,20130131_PennState@Iowa,1.0,10.5,119.0,0.7859128720749724,0.7790934258311523,0.7325844573426048,1.302921445347581,1.0,20130131_Drexel@GeorgeMason,1.0,15.0,107.5,0.8434906078173,0.8385127436715815,0.8140954734111815,1.1724669048956906,1.0,0.6629101261579584,0.6532797660701712,0.5963936906140014,0.012682903711596971,1.0,0.5276322743488981,1.2526715209149717,1.1613272815549214,0.45476161206545296
2013-02-01,2012-13,True,20130201_Manhattan@Siena,1.0,12.0,108.5,0.8011506272977149,0.7956709646346092,0.7619715017571547,1.2526715209149717,1.0,20130201_YoungstownState@DetroitU,1.0,15.0,138.5,0.8247727260559967,0.8201525197827246,0.8219043978042119,1.1613272815549214,1.0,0.6607671868578081,0.6525715465630259,0.6262677282956852,-0.038741262046780744,1.0,0.45476161206545296,1.3214374119790397,1.1311372328569023,0.49472705757955726
2013-02-02,2012-13,True,20130202_St.Johns@Georgetown,1.0,9.5,111.0,0.7912266158091744,0.7829180910567753,0.7223194919012479,1.3214374119790397,1.0,20130202_OhioState@Nebraska,1.0,13.0,106.5,0.8387364327024334,0.8318040013162485,0.7803467764158841,1.2231741436595636,1.0,0.6636305892030058,0.6512344008439047,0.5636596870474981,0.07265802523479126,1.0,0.6163480747971719,1.2685812144327067,1.1311372328569023,0.4349394445476604
2013-02-03,2012-13,True,20130203_Virginia@GeorgiaTech,1.0,9.0,103.5,0.7850818306950457,0.7757878446775373,0.7011213954791214,1.3613904897991718,1.0,20130203_Marquette@Louisville,1.0,13.5,119.0,0.844931853388296,0.8384373580167944,0.7977241086603722,1.1965289623788649,1.0,0.6633406462706414,0.6504495108729776,0.5593014402712985,0.08054420195986767,1.0,0.6289431501518576,1.302921445347581,1.1965289623788649,0.558983245062912
2013-02-04,2012-13,True,20130204_Texas@WestVirginia,1.0,9.0,114.5,0.7831930256192419,0.7745579085074495,0.7118294637186348,1.3409110589685929,1.0,20130204_NotreDame@Syracuse,-1.0,14.5,149.0,0.8454793495433819,0.8406911189501299,0.8124415647453399,1.174853726617481,1.0,0.6621735298674698,0.6511639547948002,0.5783198433354038,0.04317119730898589,1.0,0.5753743546918442,1.2685812144327067,1.1338790847519795,0.43841770635451205
2013-02-05,2012-13,True,20130205_Villanova@Depaul,1.0,9.5,134.0,0.7786260259315707,0.768534378744577,0.7223194919012479,1.3214374119790397,1.0,20130205_Purdue@PennState,1.0,15.0,110.5,0.852349649028153,0.8468665557396943,0.8140954734111815,1.1724669048956906,0.0,0.6636616199269598,0.6508460622949656,0.5880370287134705,0.028238577603045822,0.0,-1.0,1.2526715209149717,1.1724669048956906,-1.0
2013-02-06,2012-13,True,20130206_Kansas@TCU,1.0,12.5,103.0,0.8571239685504214,0.8497465273973833,0.7712829275681705,1.2375484609901932,1.0,20130206_Connecticut@St.Johns,1.0,9.0,121.5,0.7761669011550661,0.7668757145972468,0.7118294637186348,1.3409110589685929,1.0,0.665271254575513,0.6516499754243973,0.5490219127061894,0.10397933888712951,1.0,0.6594424173513123,1.150743611896335,1.2231741436595636,0.4075598320530127
2013-02-07,2012-13,True,20130207_Clemson@Virginia,1.0,15.0,94.5,0.8570299602877491,0.8523231857211634,0.8219043978042119,1.1613272815549214,1.0,20130207_Colorado@Oregon,1.0,10.5,126.0,0.7745535765920087,0.7676294468566605,0.7325844573426048,1.302921445347581,0.0,0.6638156209873833,0.6542683755982434,0.6021143872528989,0.004431510972782826,0.0,-1.0,1.1220642133072065,1.2685812144327067,-1.0
2013-02-09,2012-13,True,20130209_MississippiSt@Florida,1.0,14.5,114.0,0.862966470959856,0.8570156088899553,0.8060356026802065,1.1841908680288116,1.0,20130209_NorthCarolina@MiamiFlorida,1.0,8.5,127.0,0.7715967849922191,0.7609538514532485,0.7011213954791214,1.3613904897991718,1.0,0.6658621545487061,0.6521493283403623,0.565128806557001,0.07346713275186678,1.0,0.6121461858414501,1.1724669048956906,1.1724669048956906,0.37467864307568033
2013-02-10,2012-13,True,20130210_St.Johns@Syracuse,1.0,10.5,124.0,0.7940083581403022,0.7864465834327944,0.7325844573426048,1.302921445347581,1.0,20130210_WashingtonU@USC,1.0,14.0,121.5,0.83231874907747,0.8269740262190112,0.7977241086603722,1.1965289623788649,1.0,0.6608680434043922,0.6503708975076035,0.5844002832520719,0.030282206864956862,1.0,0.558983245062912,1.2853172907554662,1.1220642133072065,0.4422085347016822
2013-02-11,2012-13,True,20130211_TCU@Oklahoma,1.0,8.0,107.5,0.7867867110732448,0.7762285790797125,0.6790834817387319,1.4055709285640243,1.0,20130211_Marquette@Georgetown,1.0,15.0,107.5,0.8435151866364423,0.8388192096573045,0.8140954734111815,1.1724669048956906,1.0,0.6636665394340208,0.6511154432170569,0.5528387885518063,0.0937127649503322,1.0,0.6479853962248234,1.1724669048956906,1.150743611896335,0.34920880096858364
2013-02-12,2012-13,True,20130212_Alabama@Georgia,1.0,11.0,99.5,0.7821040621822932,0.7771959568846605,0.7426181899715806,1.2853172907554662,0.0,20130212_VirginiaTech@Virginia,1.0,14.5,111.0,0.8429272037090361,0.8382820676572144,0.8060356026802065,1.1841908680288116,1.0,0.6592567901447985,0.6515094337121005,0.598576700315027,0.0034290480991190364,0.0,-1.0,1.2526715209149717,1.2095124519446219,-1.0
2013-02-13,2012-13,True,20130213_SanDiegoState@ColoradoState,1.0,10.0,118.5,0.7812261433568404,0.7727284550350588,0.7223194919012479,1.3214374119790397,1.0,20130213_Providence@SouthFlorida,1.0,14.0,105.5,0.8495645009944818,0.8432470970570816,0.8060356026802065,1.1841908680288116,1.0,0.6637019986447976,0.6516010265217169,0.5822152269822829,0.0385835302950881,1.0,0.5648341159372054,1.2095124519446219,1.150743611896335,0.39183872758434646
2013-02-14,2012-13,True,20130214_St.Johns@Louisville,1.0,14.0,117.5,0.8533922283653637,0.8465561973512301,0.7977241086603722,1.1965289623788649,1.0,20130214_USC@Stanford,1.0,9.0,123.5,0.777064666869093,0.7683178648774897,0.7118294637186348,1.3409110589685929,1.0,0.6631409476434043,0.6504242500477039,0.5678435244631387,0.06396914453839564,1.0,0.6044389180300354,1.150743611896335,1.2095124519446219,0.39183872758434646
2013-02-15,2012-13,True,20130215_Georgetown@Cincinnati,1.0,12.5,107.0,0.8060563724107601,0.8015009560052099,0.7803467764158841,1.2231741436595636,1.0,20130215_WiscGreenBay@ClevelandState,1.0,14.0,115.5,0.8168917332471759,0.8122626553250059,0.8060356026802065,1.1841908680288116,1.0,0.6584607871535569,0.6510292947703225,0.6289872842279335,-0.04623821655861382,1.0,0.4484716509306168,1.2685812144327067,1.2231741436595636,0.5516957406263352
2013-02-16,2012-13,True,20130216_Texas@Kansas,1.0,13.5,116.0,0.8549845148098006,0.8467322050762641,0.7891609536267116,1.2095124519446219,1.0,20130216_SanDiegoState@UNLV,1.0,9.0,122.5,0.7804489653893526,0.7697600683648846,0.7118294637186348,1.3409110589685929,1.0,0.6672717800072265,0.6517806400662546,0.5617480184077885,0.0822138174198499,1.0,0.6218486227727622,1.1311372328569023,1.2231741436595636,0.3835778161611898
2013-02-17,2012-13,True,20130217_Louisville@SouthFlorida,1.0,9.5,109.0,0.7987113795248847,0.7910143053356317,0.7223194919012479,1.3214374119790397,0.0,20130217_MiamiFlorida@Clemson,1.0,12.5,108.0,0.8294682260700497,0.8231179867849499,0.7712829275681705,1.2375484609901932,0.0,0.6625057111164683,0.6510981025259608,0.5571126923531479,0.08342396814520914,0.0,-1.0,1.2853172907554662,1.2095124519446219,-1.0
2013-02-18,2012-13,True,20130218_NotreDame@Pittsburgh,-1.0,11.0,134.5,0.7936146300177547,0.7890461510013181,0.7518571719423833,1.2695230365816683,1.0,20130218_Hofstra@Drexel,-1.0,13.5,131.0,0.8318539976946226,0.8271968042338061,0.7963272334891771,1.19862785028433,1.0,0.6601715026092081,0.6526964545012756,0.5987243417118747,0.004573514090546071,1.0,0.5216856682243198,1.2390384780469617,1.1533406734257952,0.4290334726711551
2013-02-19,2012-13,True,20130219_Virginia@MiamiFlorida,1.0,11.0,105.5,0.787580150697891,0.7825346773946658,0.7426181899715806,1.2853172907554662,0.0,20130219_FloridaState@NCState,-1.0,14.5,161.0,0.8368889660443053,0.8320543219669204,0.8124415647453399,1.174853726617481,1.0,0.6591171379945762,0.6511113604152214,0.603333884268863,-0.004693700537458989,0.0,-1.0,1.1841908680288116,1.1338790847519795,-1.0
2013-02-20,2012-13,True,20130220_Kansas@OklahomaState,1.0,10.0,125.5,0.7787455070283845,0.7707599924761694,0.7325844573426048,1.302921445347581,1.0,20130220_Wisconsin@Northwestern,1.0,15.0,100.5,0.8497863440696023,0.8451156531763947,0.8219043978042119,1.1613272815549214,1.0,0.6617672973782797,0.651381334483731,0.6021143872528989,0.001332155198971785,1.0,0.5131182202051154,1.2526715209149717,1.1406888508336304,0.4289084376645149
2013-02-21,2012-13,True,20130221_Cincinnati@Connecticut,1.0,10.0,116.5,0.7764476656600853,0.7695460715390481,0.7325844573426048,1.302921445347581,1.0,20130221_Georgia@Arkansas,1.0,15.0,116.5,0.8520101285896136,0.8467476590607249,0.8219043978042119,1.1613272815549214,1.0,0.6615412754621546,0.6516113346150662,0.6021143872528989,0.0009901573195172375,1.0,0.5131182202051154,1.2526715209149717,1.1841908680288116,0.48340217570727195
2013-02-22,2012-13,True,20130222_NDakotaSt@Akron,1.0,12.0,112.5,0.7983037668441343,0.7934856853264344,0.7619715017571547,1.2526715209149717,1.0,20130222_SaintLouis@Butler,1.0,14.5,112.0,0.8254669031667937,0.8208635051119118,0.8060356026802065,1.1841908680288116,1.0,0.6589733382032137,0.6513434409131844,0.6141761586439701,-0.022477516376268936,1.0,0.48340217570727195,1.2526715209149717,1.2685812144327067,0.5891155592875805
2013-02-23,2012-13,True,20130223_Clemson@Maryland,1.0,13.5,109.0,0.8347140150068774,0.8284137484323427,0.7891609536267116,1.2095124519446219,1.0,20130223_NewMexico@ColoradoState,1.0,11.0,118.5,0.7941333651336804,0.7860768268025263,0.7426181899715806,1.2853172907554662,1.0,0.6628742496616569,0.6511968506472823,0.586045278978515,0.030509126206865522,1.0,0.5546072678684624,1.113446412257064,1.2526715209149717,0.3947826106993748
2013-02-24,2012-13,True,20130224_Pittsburgh@St.Johns,1.0,13.0,110.5,0.8544000972038014,0.8467959001183509,0.7891609536267116,1.2095124519446219,0.0,20130224_UCLA@USC,1.0,9.5,132.0,0.7783772159398293,0.7688092787151265,0.7118294637186348,1.3409110589685929,1.0,0.6650455689602145,0.6510245451889157,0.5617480184077885,0.07860324009925201,0.0,-1.0,1.1406888508336304,1.2375484609901932,-1.0
2013-02-25,2012-13,True,20130225_TexasTech@KansasState,-1.0,8.0,144.5,0.7933397076876987,0.7820099613610136,0.6801509447687389,1.4033649550020748,1.0,20130225_Syracuse@Marquette,1.0,15.0,117.5,0.8363930716074002,0.8313949508183239,0.8140954734111815,1.1724669048956906,1.0,0.6635438349410313,0.6501591333651793,0.5537078053725689,0.09179433939695958,1.0,0.6453989652303629,1.3212942879884388,1.1965289623788649,0.5809668834039277
2013-02-26,2012-13,True,20130226_Auburn@Alabama,1.0,9.0,110.5,0.760908647790651,0.7543556451242467,0.7011213954791214,1.3613904897991718,0.0,20130226_Nebraska@Wisconsin,1.0,15.0,100.5,0.8665325587023539,0.8617907944758855,0.8140954734111815,1.1724669048956906,1.0,0.6593521175087811,0.6500967507289936,0.5707797543712836,0.05244815348863585,0.0,-1.0,1.3214374119790397,1.2231741436595636,-1.0
2013-02-27,2012-13,True,20130227_OklahomaState@TCU,1.0,12.0,107.5,0.8486698928068012,0.8397875908966308,0.7619715017571547,1.2526715209149717,1.0,20130227_Oklahoma@Texas,1.0,9.0,121.5,0.7858528361813149,0.7743350329004101,0.7011213954791214,1.3613904897991718,1.0,0.6669296422439172,0.6502769518262987,0.5342345226272981,0.13736520227741678,1.0,0.7053750954159068,1.1965289623788649,1.2095124519446219,0.44721667910961505
2013-02-28,2012-13,True,20130228_NorthCarolina@Clemson,1.0,9.5,123.0,0.7760352685637683,0.7670271111396257,0.7118294637186348,1.3409110589685929,1.0,20130228_UtahU@California,1.0,15.0,110.5,0.8579514659119629,0.8531487557438829,0.8219043978042119,1.1613272815549214,0.0,0.6658005962636688,0.6543882254905967,0.5850557667169596,0.0368090534206269,0.0,-1.0,1.2685812144327067,1.1724669048956906,-1.0
2013-03-01,2012-13,True,20130301_Fairfield@Manhattan,1.0,10.0,103.5,0.7778160618653767,0.7712605965001559,0.7223194919012479,1.3214374119790397,0.0,20130301_Harvard@Princeton,-1.0,15.0,140.5,0.8525106462424041,0.8477652293515797,0.8124415647453399,1.174853726617481,1.0,0.663096473558574,0.6538479164817909,0.5868423782463087,0.029454402636145183,0.0,-1.0,1.302921445347581,1.11627825068457,-1.0
2013-03-02,2012-13,True,20130302_Texas@OklahomaState,1.0,6.0,121.5,0.7653019392431729,0.7484667744768785,0.6327932806495885,1.5083914908517457,1.0,20130302_Alabama@Florida,1.0,15.0,102.5,0.8775673360433812,0.8708061215186079,0.8140954734111815,1.1724669048956906,1.0,0.6716039840904648,0.6517694489677531,0.5151541453818413,0.18775790735947728,1.0,0.7685391026499426,1.2853172907554662,1.1220642133072065,0.4422085347016822
2013-03-03,2012-13,True,20130303_Purdue@Wisconsin,1.0,10.0,108.5,0.8217741864167596,0.8126854288377833,0.7223194919012479,1.3214374119790397,1.0,20130303_NCState@GeorgiaTech,1.0,10.5,126.0,0.8090301694796069,0.8004676337009777,0.7426181899715806,1.2853172907554662,1.0,0.6648401093107171,0.6505283821650447,0.5364075936568965,0.12920855663198894,1.0,0.6984663542678142,1.2375484609901932,1.2095124519446219,0.4968302734525418
2013-03-04,2012-13,True,20130304_Cincinnati@Louisville,1.0,13.0,109.5,0.8521554689699985,0.844848645719514,0.7803467764158841,1.2231741436595636,1.0,20130304_Baylor@Texas,1.0,9.0,128.5,0.7804441278128235,0.7699963254343246,0.7011213954791214,1.3613904897991718,1.0,0.665059731741218,0.6505303527521913,0.5471178208383386,0.10746920130287507,1.0,0.6652176465463757,1.2095124519446219,1.2853172907554662,0.5546072678684624
2013-03-05,2012-13,True,20130305_St.Johns@NotreDame,1.0,8.5,118.0,0.7724487124271084,0.7628644822745153,0.6902031617351695,1.3829261482957986,0.0,20130305_Alabama@Mississippi,1.0,15.0,119.5,0.8586702596782234,0.852520824748489,0.8219043978042119,1.1613272815549214,1.0,0.6632787364878945,0.6503578575999989,0.5672810140085075,0.06524545921547031,0.0,-1.0,1.2853172907554662,1.1613272815549214,-1.0
2013-03-06,2012-13,True,20130306_Connecticut@SouthFlorida,1.0,9.0,112.5,0.7834258279767371,0.7728804303662744,0.7011213954791214,1.3613904897991718,1.0,20130306_Stanford@California,1.0,14.0,120.5,0.8500986065964893,0.84294877994489,0.7977241086603722,1.1965289623788649,1.0,0.6659892047347251,0.6514986158205326,0.5593014402712985,0.08485855312771351,1.0,0.6289431501518576,1.2685812144327067,1.1965289623788649,0.5178941641984867
2013-03-07,2012-13,True,20130307_Oregon@Colorado,1.0,8.0,121.5,0.762008479432953,0.7513420230095181,0.6790834817387319,1.4055709285640243,1.0,20130307_Wisconsin@MichiganState,1.0,15.0,104.5,0.8718446382300606,0.8656406682820014,0.8219043978042119,1.1613272815549214,0.0,0.6643530070794615,0.6503922109063102,0.5581417001172599,0.08444192598577605,0.0,-1.0,1.3613904897991718,1.1220642133072065,-1.0
2013-03-08,2012-13,True,20130308_KentState@Akron,1.0,12.5,127.0,0.7985063452755672,0.7935451974170902,0.7803467764158841,1.2231741436595636,1.0,20130308_LoyolaMarymount@SantaClara,1.0,15.0,117.5,0.8264028729755338,0.8217544844681017,0.8140954734111815,1.1724669048956906,1.0,0.6598879378249223,0.6520993246056189,0.6352767783711786,-0.05363411830100673,1.0,0.4341312023649653,1.2685812144327067,1.1311372328569023,0.4349394445476604
2013-03-09,2012-13,True,20130309_Nebraska@Iowa,1.0,8.5,116.0,0.7813943478031147,0.7703032083424342,0.6902031617351695,1.3829261482957986,1.0,20130309_NotreDame@Louisville,1.0,13.5,112.0,0.8513314239914777,0.8444628562192343,0.7891609536267116,1.2095124519446219,1.0,0.6652255628141176,0.6504924474716919,0.5446813853110978,0.11270044500105358,1.0,0.6726663964835831,1.2853172907554662,1.2231741436595636,0.5721668764506476
2013-03-10,2012-13,True,20130310_Wisconsin@PennState,1.0,9.0,110.5,0.7792379122711373,0.7705762258228449,0.7011213954791214,1.3613904897991718,1.0,20130310_Maryland@Virginia,1.0,13.5,108.0,0.8503186931039048,0.8437055134393203,0.7891609536267116,1.2095124519446219,1.0,0.6626005631794087,0.650139410251997,0.5532976290643943,0.09105051067505521,1.0,0.646618749371086,1.2853172907554662,1.1724669048956906,0.5069919857009759
2013-03-11,2012-13,True,20130311_NoIllinois@EasternMichigan,1.0,9.5,93.0,0.7773432733456607,0.7707963184519434,0.7118294637186348,1.3409110589685929,0.0,20130311_MiamiOhio@BowlingGreen,1.0,14.0,110.5,0.8491657605630808,0.843688516366495,0.7977241086603722,1.1965289623788649,1.0,0.6600932919291628,0.6503120023354766,0.5678435244631387,0.059079367101710245,0.0,-1.0,1.2095124519446219,1.1965289623788649,-1.0
2013-03-12,2012-13,True,20130312_MountStMarys@LongIsland,-1.0,8.5,165.0,0.7869335472724395,0.7757336414220045,0.7016756379336013,1.360315149049429,1.0,20130312_WrightState@Valparaiso,1.0,14.5,108.0,0.8438558455498818,0.8389223419569638,0.8060356026802065,1.1841908680288116,1.0,0.6640584739251523,0.6507802831965516,0.5655755457078286,0.06971371807886939,1.0,0.6108727771455855,1.3813121344888009,1.1724669048956906,0.6195427630189443
2013-03-13,2012-13,True,20130313_TCU@Texas,1.0,6.5,108.0,0.7711820353685428,0.7587489705327585,0.6562787935464843,1.454412376852754,1.0,20130313_Rutgers@NotreDame,-1.0,14.0,139.5,0.8654994306891501,0.8592560883878605,0.7963272334891771,1.19862785028433,1.0,0.6674576125691738,0.6519596724882941,0.5226126760624867,0.16357830913977334,1.0,0.7432991806939393,1.3409110589685929,1.11627825068457,0.4968298512290552
2013-03-14,2012-13,True,20130314_TexasTech@Kansas,-1.0,11.0,144.5,0.8154489832744193,0.809063580583308,0.7518571719423833,1.2695230365816683,0.0,20130314_Nebraska@Purdue,1.0,11.5,111.0,0.810173439490027,0.8037330942294655,0.7524153669789603,1.2685812144327067,1.0,0.6606551075080818,0.6502711750505926,0.5657088899427916,0.06398047593353828,0.0,-1.0,1.2539032013698266,1.2853172907554662,-1.0
2013-03-15,2012-13,True,20130315_CalPolySLO@Pacific,-1.0,9.5,129.0,0.7779931088722528,0.7704473353167468,0.712140794477745,1.3403248450329142,1.0,20130315_NotreDame@Louisville,1.0,14.0,107.5,0.8497291335486629,0.8446349366445175,0.8060356026802065,1.1841908680288116,1.0,0.6610834103088499,0.6507467362531978,0.5740108344700303,0.049271880829599324,1.0,0.5872004416801089,1.285935195961818,1.1311372328569023,0.4545691791935491
2013-03-16,2012-13,True,20130316_NewMexico@UNLV,1.0,9.0,117.5,0.7832828193439143,0.772155723489433,0.7011213954791214,1.3613904897991718,1.0,20130316_PrairieViewA&M@Southern,1.0,13.5,111.0,0.8491864680473005,0.8419191322585687,0.7891609536267116,1.2095124519446219,0.0,0.6651531708407903,0.6500926766887107,0.5532976290643943,0.09525368231007425,0.0,-1.0,1.2685812144327067,1.2685812144327067,-1.0
2013-03-17,2012-13,True,20130317_Wisconsin@OhioState,1.0,10.0,107.5,0.7894149047253638,0.782197845941135,0.7223194919012479,1.3214374119790397,0.0,20130317_Mississippi@Florida,1.0,14.5,121.0,0.8377810314092323,0.833108797181179,0.8060356026802065,1.1841908680288116,1.0,0.6613568330906362,0.6516559065897282,0.5822152269822829,0.03491373522841568,0.0,-1.0,1.302921445347581,1.1965289623788649,-1.0
2013-03-19,2012-13,True,20130319_St.Johns@St.Josephs,1.0,10.5,119.0,0.7980994646076173,0.7897577422960739,0.7325844573426048,1.302921445347581,1.0,20130319_GeorgeMason@CollCharleston,1.0,13.0,120.5,0.8310466760534988,0.8238508855034818,0.7803467764158841,1.2231741436595636,1.0,0.6632579072222373,0.650642615323851,0.5716699197396814,0.05703400945532722,1.0,0.5936998231687083,1.2526715209149717,1.150743611896335,0.4415037504973698
2013-03-20,2012-13,True,20130320_NorthDakota@NorthernIowa,1.0,9.5,121.0,0.7746850046198537,0.7674891159756155,0.7118294637186348,1.3409110589685929,1.0,20130320_WesternIllinois@Purdue,1.0,14.0,101.5,0.8523407831887502,0.8474089801823552,0.7977241086603722,1.1965289623788649,1.0,0.6602956235622667,0.6503771690699537,0.5678435244631387,0.059403995848210656,1.0,0.6044389180300354,1.150743611896335,1.1613272815549214,0.3363899505702621
2013-03-21,2012-13,True,20130321_Southern@Gonzaga,-1.0,13.0,140.5,0.8614017917694541,0.8557128213257997,0.7879092552795571,1.2114339228840953,1.0,20130321_Oregon@OklahomaState,1.0,9.5,126.0,0.7697427891664189,0.7619553142556307,0.7118294637186348,1.3409110589685929,0.0,0.6630578177895704,0.6520149316858721,0.560857022644596,0.07708779141167965,0.0,-1.0,1.19862785028433,1.3409110589685929,-1.0
2013-03-22,2012-13,True,20130322_NorthwesternSt@Florida,-1.0,6.0,144.5,0.7708786640378538,0.7552085404260916,0.6349782393063179,1.5032011192111776,1.0,20130322_AlbanyNY@Duke,-1.0,12.5,145.0,0.8709342164360543,0.8635339676201653,0.779251515885957,1.2248933502744581,1.0,0.6713846052310805,0.652148227294777,0.4948077555340442,0.2361943265700217,1.0,0.8412610550468944,1.6586997865572368,1.2114339228840953,1.0094051893160452
2013-03-23,2012-13,True,20130323_Oregon@SaintLouis,1.0,9.0,114.5,0.7829031063397286,0.7732789911759123,0.7011213954791214,1.3613904897991718,1.0,20130323_IllinoisChicago@NorthernIowa,1.0,13.0,116.5,0.8477630696268003,0.8410100440461039,0.7891609536267116,1.2095124519446219,0.0,0.6637163406509256,0.6503353984287807,0.5532976290643943,0.09288777077978061,0.0,-1.0,1.2685812144327067,1.1965289623788649,-1.0
2013-03-24,2012-13,True,20130324_St.Johns@Virginia,1.0,8.5,116.0,0.7817964854869252,0.7731642680420405,0.7011213954791214,1.3613904897991718,1.0,20130324_NorthCarolina@Kansas,1.0,15.0,126.5,0.8499714609998932,0.8440764441718057,0.8140954734111815,1.1724669048956906,1.0,0.6645047009739036,0.6526097461296224,0.5707797543712836,0.06067263144140744,1.0,0.5961852939292631,1.4055709285640243,1.083097623151245,0.522370531898183
2013-03-25,2012-13,True,20130325_SantaClara@Purdue,1.0,11.5,129.0,0.7932857060461806,0.7876183695930546,0.7524153669789603,1.2685812144327067,1.0,20130325_WesternMichigan@Wyoming,1.0,14.0,112.5,0.8316835288815093,0.8268482866041988,0.7977241086603722,1.1965289623788649,1.0,0.6597626554157472,0.6512408993960098,0.600219877965658,0.0014498844116599408,1.0,0.5178941641984867,1.1724669048956906,1.1406888508336304,0.33741992638592877
2013-03-26,2012-13,True,20130326_Bradley@NorthernIowa,1.0,9.5,124.0,0.7802181620627959,0.7723065570753712,0.7118294637186348,1.3409110589685929,1.0,20130326_Maryland@Alabama,1.0,14.0,112.5,0.8494933084418759,0.8434731949956517,0.7977241086603722,1.1965289623788649,1.0,0.6627901077971642,0.6514198792124549,0.5678435244631387,0.0634062434350926,1.0,0.6044389180300354,1.2685812144327067,1.1406888508336304,0.44705644768037534
2013-03-27,2012-13,True,20130327_Iowa@Virginia,1.0,10.0,114.5,0.7893211274408456,0.7812934275347059,0.7223194919012479,1.3214374119790397,1.0,20130327_WesternMichigan@GeorgeMason,1.0,14.0,123.5,0.839579783302054,0.8339094072373876,0.8060356026802065,1.1841908680288116,0.0,0.6626980611325181,0.6515279390339335,0.5822152269822829,0.037012534625604054,0.0,-1.0,1.2853172907554662,1.1311372328569023,-1.0
2013-03-28,2012-13,True,20130328_Arizona@OhioState,1.0,11.0,121.5,0.77964586012127,0.7743656231104596,0.7426181899715806,1.2853172907554662,1.0,20130328_Marquette@MiamiFlorida,1.0,15.0,112.5,0.8465066636373823,0.8418164202557104,0.8140954734111815,1.1724669048956906,1.0,0.6599754158699535,0.6518736968159297,0.6045621069286686,-0.005422337524311427,1.0,0.5069919857009759,1.2375484609901932,1.1613272815549214,0.4371987899942178
2013-03-29,2012-13,True,20130329_Oregon@Louisville,1.0,8.0,119.5,0.7805736936441533,0.770697361209053,0.6902031617351695,1.3829261482957986,1.0,20130329_Michigan@Kansas,1.0,14.5,122.0,0.8495147936905089,0.8443795819098917,0.8140954734111815,1.1724669048956906,1.0,0.6631089003163514,0.650761115636757,0.5618912697026871,0.07518807314466858,1.0,0.6214351407916938,1.1724669048956906,1.1406888508336304,0.33741992638592877
2013-03-30,2012-13,True,20130330_WichitaState@OhioState,1.0,11.5,116.0,0.8030821074593079,0.7978139802128446,0.7619715017571547,1.2526715209149717,1.0,20130330_WeberState@NorthernIowa,1.0,13.5,123.0,0.8200319042087321,0.8151632689940945,0.7891609536267116,1.2095124519446219,0.0,0.6585529498158178,0.6503486521594922,0.6013181569630537,-0.002212067473294166,0.0,-1.0,1.2095124519446219,1.1406888508336304,-1.0
2013-03-31,2012-13,True,20130331_Duke@Louisville,1.0,12.0,125.5,0.7945188419296324,0.7895671682739193,0.7619715017571547,1.2526715209149717,1.0,20130331_Michigan@Florida,1.0,14.0,117.5,0.8286883363434308,0.8240794342896357,0.7977241086603722,1.1965289623788649,1.0,0.6584084973121763,0.650666065364841,0.6078430370638315,-0.013139317765457847,1.0,0.4988577551219455,1.2231741436595636,1.1220642133072065,0.37247993324308415
2013-04-02,2012-13,True,20130402_Iowa@Maryland,1.0,11.0,124.5,0.7835269775230786,0.7775354031446051,0.7426181899715806,1.2853172907554662,1.0,20130402_EastCarolina@WeberState,-1.0,15.0,161.5,0.8465403636715255,0.8417974326745254,0.82013827947456,1.1638281298264994,1.0,0.6632872124988382,0.6545273061806808,0.6090496046298041,-0.00779634052889755,1.0,0.49588841873359724,1.1965289623788649,1.174853726617481,0.4057465104565572
2013-04-06,2012-13,True,20130406_WichitaState@Louisville,1.0,10.0,119.5,0.7814073056613212,0.7760294906932005,0.7325844573426048,1.302921445347581,1.0,20130406_Michigan@Syracuse,1.0,14.0,116.5,0.8427739801426248,0.8380212604309741,0.8060356026802065,1.1841908680288116,1.0,0.6585497451047163,0.6503292119223227,0.5904891545882984,0.016081457632041385,1.0,0.5429076773395058,1.1965289623788649,1.2231741436595636,0.4635632889216341
2013-11-22,2013-14,True,20131122_BostonCollege@WashingtonU,-1.0,6.5,164.0,0.7933944247285306,0.7754187434560813,0.6452036483003588,1.4793778716447303,0.0,20131122_KansasState@Georgetown,-1.0,11.0,139.5,0.8511483715782466,0.83995245830843,0.7408662246947383,1.288356748066476,0.0,0.6752963726269486,0.6513148797843693,0.4780095910755585,0.2870922394025279,0.0,-1.0,1.6274437246581264,1.3630529975798817,-1.0
2013-11-23,2013-14,True,20131123_Oklahoma@MichiganState,-1.0,9.5,165.0,0.8064719478034521,0.7958302303863378,0.7209858452623735,1.323881746461539,1.0,20131123_SetonHall@VirginiaTech,-1.0,12.5,163.0,0.825741068589936,0.8171353629162916,0.7690168249106883,1.2411952106650634,1.0,0.6659370079670296,0.6503010241264962,0.5544502455292193,0.09426481677119214,1.0,0.6431956831949621,1.2718577879449915,1.165450455503488,0.48228723829614895
2013-11-24,2013-14,True,20131124_CharlotteU@Michigan,-1.0,8.0,160.5,0.796370562318847,0.7834745945560679,0.6896092996601303,1.384117065228702,1.0,20131124_Georgetown@VaCommonwealth,-1.0,11.5,159.0,0.8408980649234925,0.8314824601853448,0.759861793653634,1.2561494839877256,0.0,0.669666464815952,0.6514453833741949,0.524007759359973,0.16432091437287588,0.0,-1.0,1.4062301436240014,1.342989874000435,-1.0
2013-11-25,2013-14,True,20131125_Wyoming@OhioState,-1.0,12.5,144.0,0.8513984197342331,0.8435462201850331,0.7690168249106883,1.2411952106650634,1.0,20131125_ClevelandState@Kentucky,-1.0,8.0,166.5,0.7817007500329015,0.7707476475542582,0.6896092996601303,1.384117065228702,1.0,0.6655387832830771,0.6501612648109005,0.5303211540535169,0.14336865696520862,1.0,0.7179594723616483,1.2269599760341772,1.342989874000435,0.6477948236177162
2013-11-26,2013-14,True,20131126_BYU@WichitaState,-1.0,7.5,174.0,0.7813276209561376,0.7661754965109845,0.6677428385832173,1.4294425111697333,1.0,20131126_SaintLouis@Wisconsin,-1.0,12.0,154.5,0.8581876779549542,0.8485734749021023,0.7690168249106883,1.2411952106650634,1.0,0.6705257367504164,0.6501562034591697,0.513505477584116,0.18965829437051474,1.0,0.7742171987849145,1.4062301436240014,1.1352507957063427,0.5964238894953922
2013-11-27,2013-14,True,20131127_Tulsa@IndianaState,-1.0,6.5,164.0,0.7847665902433617,0.7668627669189583,0.6452036483003588,1.4793778716447303,1.0,20131127_WestVirginia@Wisconsin,-1.0,11.0,156.5,0.8598184408306945,0.8483789960451977,0.7504769865365503,1.2718577879449915,1.0,0.6747567860390677,0.6505902643031483,0.4842104896788415,0.2695942092323338,1.0,0.8815582673648363,1.4062301436240014,1.2005144070205163,0.6881995470071436
2013-11-28,2013-14,True,20131128_Missouri@Northwestern,-1.0,9.5,146.0,0.7931005250797374,0.7838200475238315,0.7107276223585963,1.342989874000435,1.0,20131128_UCLA@Nevada,-1.0,12.5,162.0,0.8396583261654155,0.8318746420226407,0.7690168249106883,1.2411952106650634,0.0,0.6659334593693644,0.6520400214440566,0.5465614995225305,0.11005287390536678,0.0,-1.0,1.506213372750618,1.2718577879449915,-1.0
2013-11-29,2013-14,True,20131129_SanDiegoState@Creighton,-1.0,7.5,153.0,0.789701272039734,0.7744574884764672,0.6677428385832173,1.4294425111697333,0.0,20131129_Siena@St.Josephs,-1.0,11.0,156.5,0.8530197107435525,0.8419004726779118,0.7504769865365503,1.2718577879449915,1.0,0.6736307506491493,0.6520161256172862,0.501125633281295,0.22469276293657114,0.0,-1.0,1.4538067549410756,1.2134103519342598,-1.0
2013-11-30,2013-14,True,20131130_UTEP@Kansas,-1.0,6.5,154.0,0.7821905736164206,0.7660509762314778,0.6452036483003588,1.4793778716447303,1.0,20131130_TCU@Harvard,-1.0,12.0,146.5,0.8594223983811945,0.8500367251820905,0.759861793653634,1.2561494839877256,1.0,0.6722320987685865,0.6511714631583488,0.49026560146937914,0.2492221857857042,1.0,0.8583197500893878,1.3056846962249795,1.2718577879449915,0.6606452494943307
2013-12-01,2013-14,True,20131201_OregonState@Depaul,-1.0,5.0,167.5,0.7653231472171523,0.7462118407146335,0.6220780442100083,1.534373393955966,0.0,20131201_MemphisU@OklahomaState,-1.0,14.5,176.0,0.8805201341009217,0.8714741220275078,0.803287787464883,1.1882416425280553,1.0,0.6738824402181864,0.6503043087333158,0.4997076957639393,0.22862675216877926,0.0,-1.0,1.4062301436240014,1.2005144070205163,-1.0
2013-12-02,2013-14,True,20131202_Auburn@IowaState,-1.0,9.0,162.5,0.7961043764892572,0.7861321740689806,0.7107276223585963,1.342989874000435,0.0,20131202_Vanderbilt@Texas,-1.0,12.0,154.5,0.8367451848223623,0.8288801932660541,0.7690168249106883,1.2411952106650634,1.0,0.666136503643395,0.65160938837496,0.5465614995225305,0.11039133096402098,0.0,-1.0,1.506213372750618,1.2411952106650634,-1.0
2013-12-03,2013-14,True,20131203_PennState@Pittsburgh,-1.0,8.5,153.0,0.7863950805625486,0.7748661944507664,0.6896092996601303,1.384117065228702,1.0,20131203_IndianaU@Syracuse,-1.0,14.5,161.0,0.8471784397890376,0.8414870443191871,0.8112613232375099,1.1765629306606975,1.0,0.6662169574087544,0.6520398637112319,0.5594533529591698,0.08493486852858578,1.0,0.6285008306429656,1.165450455503488,1.1174929583559323,0.3023826773378615
2013-12-04,2013-14,True,20131204_BostonCollege@Purdue,-1.0,9.5,161.0,0.7828722954330603,0.773175762064532,0.7107276223585963,1.342989874000435,1.0,20131204_NorthCarolina@MichiganState,-1.0,14.0,166.5,0.8498006933283699,0.8423758640940812,0.7950758395052631,1.2005144070205163,1.0,0.665285419446587,0.6513046006657098,0.5650823610063406,0.07262550601850393,1.0,0.6122786922201899,1.288356748066476,1.1765629306606975,0.5158327912415788
2013-12-05,2013-14,True,20131205_LongIsland@SetonHall,-1.0,8.5,153.0,0.7669184514253512,0.7581819632235769,0.7002662418077119,1.3630529975798817,0.0,20131205_Providence@RhodeIsland,-1.0,15.0,151.5,0.8653021143798967,0.8600001421679907,0.8189966338703305,1.165450455503488,1.0,0.6636161575753124,0.6520365961614825,0.5735156948535429,0.05420120846139098,0.0,-1.0,1.342989874000435,1.2134103519342598,-1.0
2013-12-06,2013-14,True,20131206_SouthCarolina@OklahomaState,-1.0,6.5,161.0,0.7922288556053679,0.7758314019119493,0.6452036483003588,1.4793778716447303,1.0,20131206_ArizonaState@Depaul,-1.0,13.5,168.0,0.8498655363501499,0.8410655252793221,0.7866258916272316,1.2134103519342598,1.0,0.6732880012811215,0.6525250455772665,0.5075338951254125,0.20861419018648286,1.0,0.7950924238761885,1.3056846962249795,1.1092603815997948,0.4483443043835329
2013-12-07,2013-14,True,20131207_TennesseeTech@Tennessee,-1.0,6.5,149.0,0.7770118686360349,0.7640446834614953,0.6565521839514956,1.4538067549410756,1.0,20131207_NCGreensboro@NorthCarolina,-1.0,14.0,174.5,0.8575895261989052,0.8508268489232084,0.7950758395052631,1.2005144070205163,1.0,0.666357240274503,0.6500697304660743,0.5220087788342492,0.16300392273473685,1.0,0.7453159543305063,1.4538067549410756,1.1448191734296118,0.6643458475180284
2013-12-08,2013-14,True,20131208_Nebraska@Creighton,-1.0,8.5,154.0,0.7807240846877121,0.7696883266848352,0.6896092996601303,1.384117065228702,1.0,20131208_WashingtonU@SanDiegoState,-1.0,12.5,161.0,0.8548930317363878,0.8474868215172027,0.7779389863108398,1.2269599760341772,1.0,0.6674355797082946,0.6523007135410254,0.5364739595281299,0.13347663882620653,1.0,0.6982562411815039,1.4062301436240014,1.1882416425280553,0.6709412156322465
2013-12-10,2013-14,True,20131210_BoiseState@Kentucky,-1.0,7.5,167.0,0.7809213157648189,0.7662586526691628,0.6677428385832173,1.4294425111697333,1.0,20131210_Evansville@Xavier,-1.0,12.5,157.0,0.8569505677731714,0.8483496356392726,0.7690168249106883,1.2411952106650634,1.0,0.6692109649308337,0.6500552487973242,0.513505477584116,0.18732560359573336,1.0,0.7742171987849145,1.323881746461539,1.1882416425280553,0.5730914209283697
2013-12-12,2013-14,True,20131212_FlaAtlantic@Depaul,-1.0,7.0,151.5,0.7880320240091772,0.7733900573992689,0.6565521839514956,1.4538067549410756,1.0,20131212_Maryland@BostonCollege,-1.0,15.0,158.5,0.8481423043942942,0.8426547034543127,0.8112613232375099,1.1765629306606975,0.0,0.6683632967796432,0.6517007694722948,0.5326353935269673,0.14323216836138375,0.0,-1.0,1.506213372750618,1.1765629306606975,-1.0
2013-12-13,2013-14,False,,,,,,,,,,,,,,,,,,,,,,,,,,,
2013-12-14,2013-14,True,20131214_NDakotaSt@OhioState,-1.0,12.5,148.0,0.8582237709983246,0.8493391604604366,0.7690168249106883,1.2411952106650634,1.0,20131214_IdahoState@WashingtonU,-1.0,7.5,161.0,0.7803263911007281,0.7673925681649819,0.678765139780146,1.4062301436240014,1.0,0.6696946579799803,0.6517765595888241,0.5219818126537874,0.16888915414025996,1.0,0.745406119358955,1.2005144070205163,1.2269599760341772,0.47298312806657705
2013-12-15,2013-14,True,20131215_LaSalle@Villanova,1.0,11.5,130.0,0.8060646055978034,0.800446505644715,0.7629269438116539,1.2511027533399584,0.0,20131215_WesternMichigan@Missouri,-1.0,13.0,156.5,0.8180347820803943,0.8125119305851507,0.7779389863108398,1.2269599760341772,1.0,0.6593888839829181,0.6503723356315251,0.5935106132980651,0.012196887329860795,0.0,-1.0,1.1708524798384436,1.288356748066476,-1.0
2013-12-17,2013-14,True,20131217_Pittsburgh@Cincinnati,-1.0,7.0,137.5,0.78930891075704,0.7747068595439138,0.6565521839514956,1.4538067549410756,1.0,20131217_MissouriSt@Louisville,-1.0,11.5,158.0,0.8496008210658138,0.8394238224640386,0.7504769865365503,1.2718577879449915,1.0,0.6705974986537444,0.6503073933274632,0.49272730451590924,0.23995854329220512,1.0,0.8490354434388427,1.3630529975798817,1.2269599760341772,0.672411473243925
2013-12-18,2013-14,True,20131218_Towson@OregonState,-1.0,6.5,160.0,0.7685551470512962,0.75443126645231,0.6565521839514956,1.4538067549410756,1.0,20131218_Delaware@OhioState,-1.0,14.5,161.0,0.8707223784467679,0.8630726955974196,0.803287787464883,1.1882416425280553,1.0,0.6691981656080102,0.6511290267799703,0.5274003512016339,0.15602224884931482,1.0,0.7274737264095656,1.2561494839877256,1.1261494110581052,0.41461200159372
2013-12-19,2013-14,True,20131219_UCLA@Duke,-1.0,9.0,176.5,0.7737279791493283,0.7617894459499315,0.7002662418077119,1.3630529975798817,1.0,20131219_TexasState@UtahU,-1.0,15.0,148.5,0.86134057864944,0.8558223409756973,0.8112613232375099,1.1765629306606975,1.0,0.6664433052777443,0.6519564269634498,0.5680989179474825,0.06878687772179659,1.0,0.6037176294784343,1.1765629306606975,1.0939873956154147,0.2871450162911362
2013-12-21,2013-14,True,20131221_Belmont@Kentucky,-1.0,6.5,159.0,0.7709311481463503,0.7552977716476789,0.6452036483003588,1.4793778716447303,0.0,20131221_Davidson@NorthCarolina,-1.0,14.0,168.5,0.8688623610215199,0.8607762892402251,0.7950758395052631,1.2005144070205163,0.0,0.6698330575634691,0.6501424131502999,0.5129858323242663,0.189633188206368,0.0,-1.0,1.4294425111697333,1.2005144070205163,-1.0
2013-12-22,2013-14,True,20131222_OregonState@Akron,-1.0,5.5,160.0,0.7784009846598917,0.7600784484012797,0.6337083558466291,1.506213372750618,1.0,20131222_SouthCarolina@SaintMarysCA,-1.0,12.0,150.5,0.8650906763841816,0.8555267826529739,0.759861793653634,1.2561494839877256,1.0,0.6733874343175387,0.6502674695246112,0.48153076792691496,0.27406865561631966,1.0,0.8920291509561007,1.342989874000435,1.2718577879449915,0.708092130378716
2013-12-23,2013-14,True,20131223_SouthCarolina@BoiseState,-1.0,4.5,153.0,0.7955525363378766,0.772288170137971,0.5984621126137253,1.594921349041318,1.0,20131223_GeorgeMason@OregonState,-1.0,11.5,161.0,0.8536560610632091,0.8419741065702784,0.7504769865365503,1.2718577879449915,1.0,0.6791282445390373,0.6502466420667133,0.4491320428306461,0.3776205670712902,1.0,1.0285131389379325,1.4294425111697333,1.1765629306606975,0.6818290701528482
2013-12-25,2013-14,True,20131225_OregonState@Hawaii,-1.0,6.0,162.5,0.7996708478854637,0.7809778662104916,0.6452036483003588,1.4793778716447303,1.0,20131225_Akron@SouthCarolina,-1.0,10.5,150.0,0.8453303443658712,0.8330451892121092,0.7310340718242839,1.3056846962249795,1.0,0.6759860332223673,0.6505898543277883,0.47166585017289453,0.3057353294894172,1.0,0.9316010469404064,1.323881746461539,1.2005144070205163,0.5893391098185601
2013-12-27,2013-14,True,20131227_Depaul@Northwestern,-1.0,9.0,143.5,0.7706843025690988,0.7635120832273248,0.7107276223585963,1.342989874000435,1.0,20131227_ULMonroe@OhioState,-1.0,14.5,140.0,0.8591586098912882,0.854378601668809,0.8112613232375099,1.1765629306606975,1.0,0.662140054060304,0.652328386025001,0.5765858313760841,0.046255512640674956,1.0,0.5801121020015925,1.342989874000435,1.342989874000435,0.8036218016677039
2013-12-28,2013-14,True,20131228_Akron@SouthCarolina,-1.0,8.0,147.5,0.7799095710947859,0.7682547568549254,0.6896092996601303,1.384117065228702,1.0,20131228_Nebraska@Cincinnati,-1.0,12.5,141.0,0.8532987090922928,0.8461594134410769,0.7779389863108398,1.2269599760341772,1.0,0.6654958302239045,0.6500659944336808,0.5364739595281299,0.1301824471580122,1.0,0.6982562411815039,1.2411952106650634,1.1882416425280553,0.47483983581861056
2013-12-29,2013-14,True,20131229_Quinnipiac@OregonState,-1.0,9.0,165.5,0.7911554049893038,0.7802978794529605,0.7002662418077119,1.3630529975798817,1.0,20131229_Hartford@WashingtonU,-1.0,12.5,161.0,0.8434414897250303,0.8349722658296673,0.7779389863108398,1.2269599760341772,1.0,0.6672932933881881,0.651527088428923,0.5447644102995928,0.11598895988113034,1.0,0.672411473243925,1.165450455503488,1.1548776563613212,0.34595269065710244
2013-12-30,2013-14,True,20131230_Virginia@Tennessee,-1.0,12.5,132.0,0.8086722584061242,0.8041823350813518,0.7779389863108398,1.2269599760341772,0.0,20131230_SaintLouis@Vanderbilt,-1.0,14.0,143.5,0.8131266181689973,0.8086156422889117,0.7950758395052631,1.2005144070205163,1.0,0.6575529386848573,0.6502744153992042,0.6185204926249643,-0.03143561550660878,0.0,-1.0,1.3056846962249795,1.3056846962249795,-1.0
2013-12-31,2013-14,True,20131231_Depaul@Georgetown,-1.0,8.0,149.5,0.7840884402026856,0.7723589602671367,0.678765139780146,1.4062301436240014,1.0,20131231_EasternMichigan@Syracuse,-1.0,12.0,141.5,0.8529583512032587,0.844348821190602,0.759861793653634,1.2561494839877256,1.0,0.6687947831528176,0.6521403776375558,0.5157676965829013,0.18138269287245912,1.0,0.7664352692812748,1.342989874000435,1.2134103519342598,0.629597815655015
2014-01-01,2013-14,True,20140101_SMU@Cincinnati,-1.0,7.5,134.0,0.7891424498362589,0.7762210910108606,0.6677428385832173,1.4294425111697333,1.0,20140101_SanDiegoState@ColoradoState,-1.0,15.0,153.5,0.8442868297980796,0.8396916962618532,0.8189966338703305,1.165450455503488,1.0,0.6662625772313451,0.6517864045851359,0.5468791370906744,0.1099564266302615,1.0,0.6659444257588154,1.384117065228702,1.1448191734296118,0.5845637545449427
2014-01-02,2013-14,True,20140102_OregonState@Colorado,-1.0,7.0,154.5,0.7700022536067005,0.7558204170518324,0.6565521839514956,1.4538067549410756,1.0,20140102_SouthernUtah@NorthDakota,-1.0,15.0,157.5,0.870889849128479,0.8648968290926994,0.8112613232375099,1.1765629306606975,1.0,0.6705871464721282,0.6537066820716515,0.5326353935269673,0.1470360524440364,1.0,0.7104951362077903,1.4294425111697333,1.1548776563613212,0.6508312172029433
2014-01-04,2013-14,True,20140104_OregonState@UtahU,-1.0,9.0,150.5,0.79530525682806,0.7834455721450073,0.7002662418077119,1.3630529975798817,1.0,20140104_Cincinnati@MemphisU,-1.0,12.0,147.5,0.8402106960293618,0.8315834145605933,0.759861793653634,1.2561494839877256,1.0,0.6682239833953146,0.6515003440067227,0.5321055625350974,0.14413198145773776,1.0,0.7121983195578911,1.2718577879449915,1.2134103519342598,0.5432854060806613
2014-01-05,2013-14,True,20140105_TennMartin@MurrayState,-1.0,10.0,152.5,0.7924424154461694,0.784033897304524,0.7209858452623735,1.323881746461539,0.0,20140105_SanDiegoState@Kansas,-1.0,12.5,151.0,0.8377284079443943,0.8313946280691037,0.7779389863108398,1.2269599760341772,1.0,0.6638515230793298,0.6518415704430646,0.5608829976078749,0.07832716569098963,0.0,-1.0,1.323881746461539,1.1882416425280553,-1.0
2014-01-07,2013-14,True,20140107_Cincinnati@HoustonU,-1.0,13.0,142.5,0.8533557797899397,0.8460981057591981,0.7779389863108398,1.2269599760341772,1.0,20140107_JamesMadison@CollCharleston,-1.0,8.5,147.0,0.7787662024872533,0.7688218055683931,0.7002662418077119,1.3630529975798817,1.0,0.6645646399975601,0.6504986733577839,0.5447644102995928,0.11142552864413835,1.0,0.672411473243925,1.2134103519342598,1.3630529975798817,0.6539426174984522
2014-01-08,2013-14,True,20140108_BoiseState@SanDiegoState,-1.0,12.5,148.0,0.8384778542195428,0.8307644979020341,0.7690168249106883,1.2411952106650634,1.0,20140108_UtahU@WashingtonU,-1.0,10.0,156.5,0.7927200433349163,0.78358284134366,0.7310340718242839,1.3056846962249795,1.0,0.6646782009322836,0.6509728057535149,0.562177500815843,0.07718386775371311,1.0,0.6206095915931129,1.2411952106650634,1.1882416425280553,0.47483983581861056
2014-01-09,2013-14,True,20140109_SouthFlorida@Temple,-1.0,10.0,153.5,0.7910920852774806,0.7826081564623028,0.7209858452623735,1.323881746461539,0.0,20140109_MemphisU@Louisville,-1.0,14.0,163.5,0.8379696935246449,0.8316445575245818,0.7950758395052631,1.2005144070205163,1.0,0.6629111922497427,0.6508518139962204,0.5732384261933933,0.0535906841789664,0.0,-1.0,1.2269599760341772,1.2411952106650634,-1.0
2014-01-11,2013-14,True,20140111_Rutgers@Cincinnati,-1.0,12.0,144.5,0.8436666778892343,0.8353663849503657,0.759861793653634,1.2561494839877256,1.0,20140111_California@OregonState,-1.0,9.0,154.5,0.7888077965445494,0.7781056063090313,0.7107276223585963,1.342989874000435,0.0,0.665490853203867,0.6500032674519879,0.5400547659245857,0.12268043216533098,0.0,-1.0,1.1882416425280553,1.323881746461539,-1.0
2014-01-12,2013-14,True,20140112_SMU@Louisville,-1.0,7.5,151.0,0.7692007530407715,0.7584172611774557,0.678765139780146,1.4062301436240014,1.0,20140112_Illinois@Northwestern,1.0,14.5,105.0,0.8636524986749069,0.8579183208043327,0.8152179855584399,1.1708524798384436,0.0,0.6643221523462823,0.6506600631783838,0.5533415499188635,0.09379848577684524,0.0,-1.0,1.342989874000435,1.0415968774417526,-1.0
2014-01-13,2013-14,True,20140113_Syracuse@BostonCollege,-1.0,9.0,141.5,0.7922525678600908,0.7819429250277186,0.7002662418077119,1.3630529975798817,1.0,20140113_Texas@WestVirginia,-1.0,14.5,163.0,0.838419501878779,0.8322315253297045,0.803287787464883,1.1882416425280553,1.0,0.6642400033074409,0.6507575532165889,0.5625153200180657,0.07582724298757859,1.0,0.6196363326971082,1.2269599760341772,1.1092603815997948,0.3610180912233465
2014-01-14,2013-14,True,20140114_Georgia@Florida,-1.0,8.0,136.5,0.774722558931209,0.766032621545811,0.6896092996601303,1.384117065228702,1.0,20140114_Pittsburgh@GeorgiaTech,-1.0,15.0,145.5,0.8538404377489319,0.8485694179219244,0.8112613232375099,1.1765629306606975,0.0,0.6614894488517962,0.6500318557743346,0.5594533529591698,0.07723611691670751,0.0,-1.0,1.2411952106650634,1.1765629306606975,-1.0
2014-01-15,2013-14,True,20140115_SouthFlorida@SMU,-1.0,9.0,144.5,0.805884763268502,0.7958669334568308,0.7107276223585963,1.342989874000435,1.0,20140115_WashingtonU@California,-1.0,12.0,159.5,0.8262002009893151,0.818246035860544,0.759861793653634,1.2561494839877256,1.0,0.665822153386663,0.6512149633735391,0.5400547659245857,0.12323933426084,1.0,0.686996037226387,1.2561494839877256,1.165450455503488,0.46397998829396614
2014-01-16,2013-14,True,20140116_LongBeachState@CalSantaBarb,1.0,14.0,119.5,0.8570730435573833,0.8495451471133237,0.8071338561283079,1.1825795594532287,0.0,20140116_Belmont@EasternKentucky,-1.0,10.0,165.5,0.7758114819961295,0.765582498837877,0.7209858452623735,1.323881746461539,1.0,0.6649271081011868,0.6503968966026102,0.5819320855005471,0.041006883283385864,0.0,-1.0,1.1708524798384436,1.2411952106650634,-1.0
2014-01-17,2013-14,True,20140117_Canisius@Iona,-1.0,7.0,173.5,0.7708921362736469,0.7563498054897386,0.6677428385832173,1.4294425111697333,1.0,20140117_WiscGreenBay@WrightState,-1.0,15.0,144.5,0.8691086225886747,0.8631332295623146,0.8112613232375099,1.1765629306606975,0.0,0.6699890027212302,0.6528306502911866,0.5417139388113918,0.1268069814592807,0.0,-1.0,1.2411952106650634,1.2134103519342598,-1.0
2014-01-18,2013-14,True,20140118_Cincinnati@SouthFlorida,-1.0,9.5,132.0,0.7882745399748197,0.7802012427904295,0.7107276223585963,1.342989874000435,1.0,20140118_Pittsburgh@Syracuse,-1.0,13.5,138.0,0.8398953421187707,0.833632050212137,0.7866258916272316,1.2134103519342598,1.0,0.6620681144356677,0.650400761605443,0.5590767496419332,0.07890475309919864,1.0,0.629597815655015,1.4062301436240014,1.1882416425280553,0.6709412156322465
2014-01-19,2013-14,True,20140119_Oregon@OregonState,-1.0,9.5,172.0,0.7815556641760266,0.7708069148059176,0.7107276223585963,1.342989874000435,1.0,20140119_VirginiaTech@NotreDame,-1.0,15.0,153.5,0.8523225344187252,0.847161525777561,0.8189966338703305,1.165450455503488,1.0,0.6661375044798211,0.6529979620268755,0.5820835303103539,0.04263053520380877,1.0,0.5651881603903788,1.2269599760341772,1.1261494110581052,0.3817402544027555
2014-01-20,2013-14,True,20140120_Baylor@Kansas,-1.0,9.0,150.5,0.7764068592094063,0.7684661584086151,0.7107276223585963,1.342989874000435,1.0,20140120_Marquette@Georgetown,-1.0,15.0,144.5,0.8530319618315071,0.847574672565812,0.8112613232375099,1.1765629306606975,0.0,0.6622998662908386,0.6513324525910893,0.5765858313760841,0.04650803388019065,0.0,-1.0,1.4538067549410756,1.1352507957063427,-1.0
2014-01-21,2013-14,True,20140121_Rutgers@SMU,-1.0,9.0,146.5,0.7805052057298717,0.7714439277207037,0.7002662418077119,1.3630529975798817,1.0,20140121_TexasA&M@Kentucky,-1.0,13.0,145.5,0.8490667883067826,0.8430861488889533,0.7866258916272316,1.2134103519342598,1.0,0.6627010482857868,0.6503936901058162,0.550847556838442,0.0960695064207624,1.0,0.6539426174984522,1.323881746461539,1.2269599760341772,0.6243499159105346
2014-01-22,2013-14,True,20140122_OregonState@WashingtonState,-1.0,9.0,141.5,0.7768593926551284,0.7671504798830726,0.7002662418077119,1.3630529975798817,1.0,20140122_Louisville@SouthFlorida,-1.0,14.5,154.0,0.8559906904408899,0.850146559622046,0.803287787464883,1.1882416425280553,1.0,0.6649844078943538,0.6521903411849957,0.5625153200180657,0.07703290770276894,1.0,0.6196363326971082,1.2561494839877256,1.165450455503488,0.46397998829396614
2014-01-23,2013-14,True,20140123_Illinois@OhioState,1.0,8.5,114.0,0.7704291387221701,0.7611631773212868,0.6909267422440292,1.3814778639192968,1.0,20140123_CentralFlorida@Cincinnati,-1.0,15.0,141.5,0.8611783825415001,0.8560674225182148,0.8112613232375099,1.1765629306606975,1.0,0.6634769195475995,0.6516069993252088,0.560522143173073,0.07841249507036374,1.0,0.6253956442157682,1.2215830816412796,1.2005144070205163,0.4665280888828758
2014-01-24,2013-14,True,20140124_Rider@Manhattan,-1.0,9.0,162.5,0.7824522325683653,0.772980536640281,0.7107276223585963,1.342989874000435,1.0,20140124_Vermont@StonyBrook,1.0,15.0,115.5,0.8457816218633547,0.8410912367410278,0.8230494856181129,1.1597115564481124,1.0,0.6617837182922748,0.6501471555395173,0.584964003996827,0.030715485997224956,1.0,0.5574808770710988,1.384117065228702,1.194922593829255,0.6539127537464167
2014-01-25,2013-14,True,20140125_NDakotaSt@SouthDakotaSt,-1.0,8.5,157.0,0.7748127115378871,0.7642085166086914,0.7002662418077119,1.3630529975798817,0.0,20140125_Tennessee@Florida,-1.0,15.0,143.5,0.8603286972418278,0.8549098896277528,0.8112613232375099,1.1765629306606975,1.0,0.6665936107237985,0.653329418586525,0.5680989179474825,0.06902792521544043,0.0,-1.0,1.2269599760341772,1.1548776563613212,-1.0
2014-01-26,2013-14,True,20140126_SouthFlorida@MemphisU,-1.0,8.0,149.5,0.7718188928093114,0.763104945807473,0.6896092996601303,1.384117065228702,1.0,20140126_Harvard@Dartmouth,-1.0,14.5,142.0,0.858141441049114,0.8529380440544275,0.803287787464883,1.1882416425280553,1.0,0.6623297769043142,0.6508812398852859,0.5539547285391936,0.08931095690424073,1.0,0.6446655350384645,1.3056846962249795,1.1765629306606975,0.5362202127092845
2014-01-27,2013-14,True,20140127_Duke@Pittsburgh,-1.0,9.5,151.0,0.7904520660142446,0.7805587544950513,0.7107276223585963,1.342989874000435,1.0,20140127_Villanova@Georgetown,-1.0,14.5,156.0,0.8401113960222467,0.8340303151460695,0.803287787464883,1.1882416425280553,1.0,0.6640677886678961,0.6510096640015312,0.5709188192546137,0.05971704878901307,1.0,0.5957964937808229,1.288356748066476,1.1448191734296118,0.47493550740392565
2014-01-28,2013-14,True,20140128_SMU@SouthFlorida,-1.0,11.0,141.5,0.8182050664823635,0.810210434766758,0.7408662246947383,1.288356748066476,0.0,20140128_WestVirginia@Baylor,-1.0,11.5,152.0,0.809207737177166,0.8023079254261448,0.759861793653634,1.2561494839877256,1.0,0.6620978703950859,0.6500382530763325,0.5629559383539401,0.07151844613115244,0.0,-1.0,1.1882416425280553,1.342989874000435,-1.0
2014-01-29,2013-14,True,20140129_Northwestern@Wisconsin,1.0,15.0,103.5,0.8637460449812924,0.8590807229814851,0.8230494856181129,1.1597115564481124,1.0,20140129_MemphisU@CentralFlorida,-1.0,10.0,159.5,0.7683508556851666,0.7609524814098041,0.7209858452623735,1.323881746461539,1.0,0.6636600127560544,0.6537196078840896,0.5934070290811368,0.018931128390777374,1.0,0.535320960742157,1.1036744198890176,1.323881746461539,0.46113441852759873
2014-01-30,2013-14,True,20140130_Providence@Marquette,1.0,14.0,117.5,0.8393361619049815,0.8335494955292564,0.7987965119491168,1.194922593829255,0.0,20140130_USC@OregonState,-1.0,11.0,161.5,0.7868340492716143,0.7798108494056648,0.7408662246947383,1.288356748066476,1.0,0.6604182709717918,0.6500109401303328,0.5918013561070676,0.016705070087710494,0.0,-1.0,1.129528259492256,1.288356748066476,-1.0
2014-01-31,2013-14,True,20140131_Manhattan@Iona,-1.0,13.0,175.5,0.8040483014341457,0.7975089387558516,0.7779389863108398,1.2269599760341772,1.0,20140131_MurrayState@AustinPeay,-1.0,15.0,157.5,0.826586138638284,0.821969899575104,0.8112613232375099,1.1765629306606975,0.0,0.6646151807611216,0.6555283422993952,0.631111811432579,-0.04056443260764986,0.0,-1.0,1.2005144070205163,1.1765629306606975,-1.0
2014-02-01,2013-14,True,20140201_Richmond@VaCommonwealth,1.0,8.5,125.0,0.7715564781386215,0.7619188107672037,0.7018782674116739,1.3599224314494345,1.0,20140201_Pennsylvania@Harvard,-1.0,14.5,157.0,0.8610220245908444,0.8550531467163845,0.8112613232375099,1.1765629306606975,1.0,0.6643271208930974,0.6514810766889031,0.5694066919720454,0.06294619407734103,1.0,0.6000343214173682,1.3013978148767256,1.1448191734296118,0.4898651707302759
2014-02-02,2013-14,True,20140202_SouthFlorida@Cincinnati,-1.0,12.5,136.0,0.8580850419653777,0.8509650434068267,0.7690168249106883,1.2411952106650634,1.0,20140202_UCLA@OregonState,-1.0,9.0,163.5,0.7757415342979688,0.7650663817877797,0.7002662418077119,1.3630529975798817,1.0,0.665652207012359,0.6510447467871419,0.538516521867107,0.12616029040880683,1.0,0.6918148524788075,1.2269599760341772,1.342989874000435,0.6477948236177162
2014-02-03,2013-14,True,20140203_NotreDame@Syracuse,-1.0,8.0,138.5,0.7823927766714,0.7724424913721204,0.6896092996601303,1.384117065228702,1.0,20140203_Georgetown@Depaul,-1.0,15.0,155.5,0.8506407834636615,0.8446753984586582,0.8112613232375099,1.1765629306606975,1.0,0.6655352045240691,0.6524631691861444,0.5594533529591698,0.08382463338958246,1.0,0.6285008306429656,1.342989874000435,1.1352507957063427,0.5246303230845546
2014-02-04,2013-14,True,20140204_Rutgers@MemphisU,-1.0,10.0,160.5,0.7946603854663392,0.7860324907045063,0.7209858452623735,1.323881746461539,0.0,20140204_WakeForest@Duke,-1.0,12.5,160.0,0.8353709068793774,0.8284335325398821,0.7690168249106883,1.2411952106650634,1.0,0.6638361668681314,0.6511756729654562,0.5544502455292193,0.09081272374640403,0.0,-1.0,1.288356748066476,1.1448191734296118,-1.0
2014-02-05,2013-14,True,20140205_Nebraska@Michigan,-1.0,11.5,149.0,0.8139685104142881,0.8065884544239061,0.7504769865365503,1.2718577879449915,1.0,20140205_SouthFlorida@CentralFlorida,-1.0,12.0,148.5,0.8128994492718555,0.8059760273008133,0.759861793653634,1.2561494839877256,0.0,0.6616745538404074,0.650090958163283,0.5702587890854373,0.05712005272697529,0.0,-1.0,1.2005144070205163,1.1882416425280553,-1.0
2014-02-06,2013-14,True,20140206_IUPUI@NDakotaSt,-1.0,9.0,153.5,0.8014335283471249,0.7912239404249041,0.7002662418077119,1.3630529975798817,1.0,20140206_WashingtonU@UtahU,-1.0,12.5,155.0,0.8301072505549595,0.8228003072807987,0.7690168249106883,1.2411952106650634,1.0,0.6652757827187921,0.6510193013095354,0.538516521867107,0.1255234501981164,1.0,0.6918148524788075,1.288356748066476,1.1352507957063427,0.46260802339610296
2014-02-07,2013-14,True,20140207_Depaul@Creighton,-1.0,14.5,163.0,0.8531090441716512,0.8472020624385013,0.803287787464883,1.1882416425280553,1.0,20140207_Manhattan@Canisius,-1.0,10.0,158.5,0.7776658622716586,0.7689085609930413,0.7209858452623735,1.323881746461539,1.0,0.6634337804474976,0.6514209186999247,0.5791591244343106,0.04364198837603395,1.0,0.5730914209283697,1.1765629306606975,1.288356748066476,0.5158327912415788
2014-02-08,2013-14,True,20140208_IPFW@NDakotaSt,-1.0,10.0,159.5,0.7975663114761918,0.7875972008239114,0.7209858452623735,1.323881746461539,1.0,20140208_SouthCarolina@Tennessee,-1.0,12.5,154.0,0.8327289447393477,0.8254511216772735,0.7690168249106883,1.2411952106650634,1.0,0.6641565529152231,0.6501229928499785,0.5544502455292193,0.09133918071594116,1.0,0.6431956831949621,1.2134103519342598,1.2005144070205163,0.45671660912491396
2014-02-09,2013-14,True,20140209_Clemson@Syracuse,-1.0,11.5,123.0,0.8266718046036792,0.8209167522700234,0.7504769865365503,1.2718577879449915,1.0,20140209_OregonState@Arizona,-1.0,10.5,144.0,0.800480737794224,0.7939509922511601,0.7310340718242839,1.3056846962249795,1.0,0.6617348560628357,0.6517676700203848,0.5486242472782327,0.09890684514556258,1.0,0.6606452494943307,1.384117065228702,1.3056846962249795,0.8072204698529479
2014-02-10,2013-14,True,20140210_Maryland@Virginia,-1.0,14.0,142.5,0.8441694110156106,0.8389650183442547,0.7950758395052631,1.2005144070205163,1.0,20140210_Kansas@KansasState,-1.0,10.0,144.5,0.7815717436659697,0.77508104979395,0.7310340718242839,1.3056846962249795,0.0,0.6597789585169455,0.6502658871586655,0.5812275283626434,0.03419908959598983,0.0,-1.0,1.2005144070205163,1.3630529975798817,-1.0
2014-02-11,2013-14,True,20140211_UtahState@ColoradoState,-1.0,9.0,146.5,0.7795366910536181,0.7698022681983627,0.7002662418077119,1.3630529975798817,1.0,20140211_Florida@Tennessee,-1.0,14.5,141.0,0.852816919502108,0.8469988998248442,0.803287787464883,1.1882416425280553,1.0,0.6648020795032131,0.6520216742466829,0.5625153200180657,0.07673760201599533,1.0,0.6196363326971082,1.2005144070205163,1.2134103519342598,0.45671660912491396
2014-02-12,2013-14,True,20140212_CentralFlorida@MemphisU,-1.0,10.0,157.5,0.7963757382033776,0.7886610909532291,0.7310340718242839,1.3056846962249795,1.0,20140212_SouthFlorida@Connecticut,-1.0,12.0,145.5,0.8304515377253091,0.824630873533231,0.7690168249106883,1.2411952106650634,1.0,0.6613514563981231,0.6503542843544322,0.562177500815843,0.07179251365287254,1.0,0.6206095915931129,1.2411952106650634,1.2134103519342598,0.5060791173922123
2014-02-13,2013-14,True,20140213_Northwestern@MichiganState,1.0,9.0,106.5,0.7935272958529525,0.7849143746128334,0.7126199310712552,1.3394236652420533,1.0,20140213_TennesseeState@Belmont,-1.0,13.0,163.5,0.8368816439411609,0.8299849145456243,0.7866258916272316,1.2134103519342598,1.0,0.6640884278656028,0.6514670901386647,0.5605652886702625,0.07932335844917993,1.0,0.625270541030436,1.194922593829255,1.2134103519342598,0.4499314451125549
2014-02-14,2013-14,True,20140214_SMU@Rutgers,-1.0,10.5,154.0,0.7859337184099862,0.7797367532967547,0.7408662246947383,1.288356748066476,1.0,20140214_Louisville@Temple,-1.0,14.5,165.0,0.8415019864436895,0.8365096608232145,0.8112613232375099,1.1765629306606975,1.0,0.6613647852550786,0.6522573270316628,0.6010361137878317,0.0025184284620931585,1.0,0.5158327912415788,1.288356748066476,1.1765629306606975,0.5158327912415788
2014-02-15,2013-14,True,20140215_Virginia@Clemson,1.0,14.0,89.5,0.8661479557660727,0.860664934875565,0.8071338561283079,1.1825795594532287,1.0,20140215_VaCommonwealth@SaintLouis,1.0,9.0,125.5,0.7647692609595832,0.7554934269477855,0.7018782674116739,1.3599224314494345,1.0,0.6624033320128732,0.6502267011029332,0.56650971250864,0.0652879482425417,1.0,0.6082164698740358,1.0686019747210425,1.283777213096887,0.37184686501721
2014-02-16,2013-14,True,20140216_Rutgers@Louisville,-1.0,9.0,159.5,0.7823690242389959,0.774083192942364,0.7107276223585963,1.342989874000435,1.0,20140216_SMU@Temple,-1.0,13.5,161.0,0.8473371710470372,0.8405362575940294,0.7950758395052631,1.2005144070205163,1.0,0.6629303557135017,0.6506449900622117,0.5650823610063406,0.06882848694282995,1.0,0.6122786922201899,1.2718577879449915,1.1448191734296118,0.45604718151519963
2014-02-17,2013-14,True,20140217_Delaware@Towson,-1.0,10.0,162.5,0.7945936074875768,0.7853646824817143,0.7310340718242839,1.3056846962249795,1.0,20140217_NorthCarolina@FloridaState,-1.0,14.5,157.0,0.8344796285703627,0.8292593834573703,0.803287787464883,1.1882416425280553,1.0,0.6630721784406177,0.6512710323839798,0.5872307421171734,0.028735881915728623,1.0,0.5514689280661147,1.288356748066476,1.1882416425280553,0.5308791384846132
2014-02-18,2013-14,True,20140218_SouthFlorida@Louisville,-1.0,11.0,150.5,0.8338350709298695,0.8262196586050152,0.7504769865365503,1.2718577879449915,1.0,20140218_Georgia@Tennessee,-1.0,9.5,140.0,0.7959060996304106,0.7871097237321628,0.7107276223585963,1.342989874000435,1.0,0.6636544190388393,0.6503255272266754,0.5333847242759667,0.13358289045130012,1.0,0.708092130378716,1.2134103519342598,1.384117065228702,0.6795019752373743
2014-02-19,2013-14,True,20140219_BostonCollege@Syracuse,-1.0,8.0,139.5,0.792069523909027,0.7799688635747074,0.678765139780146,1.4062301436240014,1.0,20140219_Northwestern@OhioState,1.0,12.0,100.5,0.8417059163292154,0.8346934985039863,0.7629269438116539,1.2511027533399584,1.0,0.666689604418293,0.6510349394613509,0.5178482136583569,0.17293262494577166,1.0,0.7593384045176332,1.342989874000435,1.1491283837131574,0.5432677832532566
2014-02-20,2013-14,True,20140220_WashingtonState@OregonState,-1.0,11.5,145.0,0.8053458492875761,0.7987066036413855,0.7504769865365503,1.2718577879449915,1.0,20140220_MemphisU@Rutgers,-1.0,13.0,164.5,0.8203319779975662,0.8144254389372131,0.7866258916272316,1.2134103519342598,1.0,0.6606509535182071,0.650486976252686,0.5903446286800318,0.019572975077922328,1.0,0.5432854060806613,1.3056846962249795,1.2134103519342598,0.5843313267615295
2014-02-21,2013-14,True,20140221_DetroitU@WrightState,1.0,15.0,114.5,0.8379377639181349,0.8332970754056822,0.8152179855584399,1.1708524798384436,1.0,20140221_VaCommonwealth@Massachusetts,1.0,12.0,135.5,0.7873496135590758,0.7822569398964275,0.7722693717467038,1.2359677010641126,1.0,0.6597499746074996,0.6518524202314916,0.6295678815438299,-0.04525216116619535,1.0,0.44713584779113646,1.1708524798384436,1.1825795594532287,0.38462620979206696
2014-02-22,2013-14,True,20140222_Syracuse@Duke,-1.0,10.0,143.5,0.7909774303628103,0.7822890521239659,0.7209858452623735,1.323881746461539,1.0,20140222_Xavier@Georgetown,-1.0,13.5,150.0,0.8395565046575779,0.8323420598286518,0.7866258916272316,1.2134103519342598,1.0,0.6640702466984337,0.6511320810262654,0.5671461333801279,0.06677029087950181,1.0,0.6064118158932388,1.3056846962249795,1.1548776563613212,0.507906081923148
2014-02-23,2013-14,True,20140223_WashingtonState@Oregon,-1.0,14.5,153.0,0.856289059286134,0.8502261777671166,0.803287787464883,1.1882416425280553,1.0,20140223_SetonHall@Creighton,-1.0,9.0,155.5,0.7731720355335362,0.7649255229125768,0.7107276223585963,1.342989874000435,1.0,0.6620587549733571,0.6503597036224731,0.5709188192546137,0.05651103986338013,1.0,0.5957964937808229,1.2269599760341772,1.342989874000435,0.6477948236177162
2014-02-24,2013-14,True,20140224_OklahomaState@TCU,-1.0,10.0,150.5,0.7988839055578053,0.7912494923903147,0.7310340718242839,1.3056846962249795,1.0,20140224_Syracuse@Maryland,-1.0,12.0,141.5,0.8284351583736543,0.8215613360679629,0.7690168249106883,1.2411952106650634,1.0,0.661823514822944,0.6500599901312843,0.562177500815843,0.07255753606392967,1.0,0.6206095915931129,1.288356748066476,1.2718577879449915,0.6386065636798308
2014-02-25,2013-14,True,20140225_VirginiaTech@Duke,-1.0,12.0,150.5,0.8333715370847949,0.8259304443068254,0.759861793653634,1.2561494839877256,1.0,20140225_UtahState@NewMexico,-1.0,10.0,147.5,0.7961189958566423,0.7877735040826119,0.7209858452623735,1.323881746461539,1.0,0.6634629112794534,0.6506461202400964,0.5478495975799486,0.10333442447566932,1.0,0.6629933726784314,1.1882416425280553,1.2561494839877256,0.49260912611434415
2014-02-26,2013-14,True,20140226_SouthCarolina@Auburn,-1.0,9.5,156.0,0.77932522930761,0.7707893358210005,0.7209858452623735,1.323881746461539,1.0,20140226_Connecticut@SouthFlorida,-1.0,14.5,147.0,0.8484774402680139,0.8434254855540104,0.803287787464883,1.1882416425280553,1.0,0.6612398756992038,0.6501033698246805,0.5791591244343106,0.04019077563815898,1.0,0.5730914209283697,1.288356748066476,1.1765629306606975,0.5158327912415788
2014-02-27,2013-14,True,20140227_DenverU@SouthDakotaSt,-1.0,10.0,139.5,0.7965953559014798,0.7873253989351479,0.7209858452623735,1.323881746461539,0.0,20140227_Gonzaga@Pacific,-1.0,14.0,155.5,0.8326319470622301,0.8265917229964598,0.7950758395052631,1.2005144070205163,1.0,0.6632707422049793,0.6507966580646789,0.5732384261933933,0.05416213098475753,0.0,-1.0,1.323881746461539,1.1882416425280553,-1.0
2014-02-28,2013-14,True,20140228_WashingtonState@WashingtonU,-1.0,11.0,143.5,0.8003269891209708,0.793534798673164,0.7408662246947383,1.288356748066476,1.0,20140228_Providence@SetonHall,-1.0,15.0,151.5,0.8301513947085718,0.8255199555973688,0.8112613232375099,1.1765629306606975,1.0,0.6643925662416859,0.6550788117656373,0.6010361137878317,0.0071080381662902425,1.0,0.5158327912415788,1.2718577879449915,1.165450455503488,0.48228723829614895
2014-03-01,2013-14,True,20140301_SaintLouis@VaCommonwealth,1.0,8.0,125.5,0.7726703377824644,0.761288983068817,0.6909267422440292,1.3814778639192968,0.0,20140301_Northwestern@Nebraska,1.0,14.5,105.0,0.8636704808266829,0.8575639856001784,0.8152179855584399,1.1708524798384436,0.0,0.6673325621530964,0.6528540145140015,0.5632559069806329,0.07941494567382712,0.0,-1.0,1.3013978148767256,1.1825795594532287,-1.0
2014-03-02,2013-14,True,20140302_OhioState@IndianaU,1.0,10.5,117.0,0.7921312655783482,0.7853822509273103,0.7435090686003348,1.283777213096887,1.0,20140302_GeorgiaTech@FloridaState,-1.0,14.5,148.0,0.8324674623259454,0.8279094363755861,0.803287787464883,1.1882416425280553,0.0,0.659423504485047,0.6502253767046186,0.597251754676039,0.005909371355373283,0.0,-1.0,1.1708524798384436,1.1448191734296118,-1.0
2014-03-03,2013-14,True,20140303_NCState@Pittsburgh,-1.0,14.0,148.5,0.8423121727528338,0.837325841735071,0.7950758395052631,1.2005144070205163,1.0,20140303_Xavier@SetonHall,-1.0,11.0,148.5,0.7845494321621482,0.7779900293431705,0.7408662246947383,1.288356748066476,1.0,0.660835536836501,0.6514311561812628,0.5890448355602639,0.022108269877054276,1.0,0.5466908374359061,1.2269599760341772,1.2269599760341772,0.5054307827897886
2014-03-04,2013-14,True,20140304_FloridaState@BostonCollege,-1.0,13.5,155.0,0.8338124317228524,0.8277241572779006,0.7950758395052631,1.2005144070205163,1.0,20140304_Creighton@Georgetown,-1.0,11.5,154.0,0.7935012073823187,0.7865458734893992,0.7504769865365503,1.2718577879449915,1.0,0.6616311713024705,0.6510430202944232,0.5966861200999277,0.010233783459525192,1.0,0.526883598109207,1.1448191734296118,1.2269599760341772,0.4046473055946631
2014-03-05,2013-14,True,20140305_Duke@WakeForest,-1.0,11.0,155.5,0.7823880664572087,0.7765397883447387,0.7408662246947383,1.288356748066476,1.0,20140305_SanDiegoState@UNLV,1.0,14.5,114.0,0.8448930112222509,0.839961838648877,0.8152179855584399,1.1708524798384436,1.0,0.6610342094133856,0.6522637884020565,0.603967471263931,-0.0028459626004829763,1.0,0.5084756933902264,1.2718577879449915,1.1390758863692414,0.44874253713906387
2014-03-06,2013-14,True,20140306_VaCommonwealth@Richmond,1.0,9.0,125.5,0.7683133300723998,0.7590905471256195,0.7018782674116739,1.3599224314494345,0.0,20140306_GeorgeMason@LaSalle,1.0,15.0,119.5,0.8626923580384073,0.8570303395234197,0.8230494856181129,1.1597115564481124,0.0,0.6628180384324996,0.6505636293320881,0.5776805469597105,0.04534209981165138,0.0,-1.0,1.3394236652420533,1.1597115564481124,-1.0
2014-03-07,2013-14,True,20140307_EasternKentucky@MurrayState,-1.0,10.0,159.5,0.7934523544351599,0.7833094857437762,0.7209858452623735,1.323881746461539,0.0,20140307_Harvard@Yale,1.0,15.0,110.5,0.8373317260744312,0.8327593171390838,0.8152179855584399,1.1708524798384436,1.0,0.6643828294970138,0.652308272456554,0.5877606283909412,0.029840042574176495,0.0,-1.0,1.2718577879449915,1.1390758863692414,-1.0
2014-03-08,2013-14,True,20140308_SantaClara@Gonzaga,-1.0,13.5,148.0,0.8281741944778749,0.8232505865453332,0.7866258916272316,1.2134103519342598,0.0,20140308_Connecticut@Louisville,1.0,11.5,124.0,0.7961494176971454,0.7905249309512005,0.7629269438116539,1.2511027533399584,1.0,0.6593504026853626,0.6508001130842849,0.6001380874222811,0.0009605269219767898,0.0,-1.0,1.2411952106650634,1.2215830816412796,-1.0
2014-03-09,2013-14,True,20140309_William&Mary@Towson,-1.0,8.0,150.5,0.7649037787621771,0.7550700268616738,0.6896092996601303,1.384117065228702,1.0,20140309_SouthDakota@DenverU,-1.0,14.5,146.0,0.8669277522521122,0.8608879670830244,0.8112613232375099,1.1765629306606975,1.0,0.6631163136114411,0.650030700430271,0.5594533529591698,0.07988546752913295,1.0,0.6285008306429656,1.384117065228702,1.1092603815997948,0.535346223954378
2014-03-10,2013-14,True,20140310_DenverU@NDakotaSt,-1.0,6.0,135.5,0.7905267254897014,0.7742232462711975,0.6452036483003588,1.4793778716447303,1.0,20140310_SanFrancisco@BYU,-1.0,13.5,168.0,0.8484230914962666,0.8400860810070269,0.7866258916272316,1.2134103519342598,1.0,0.670701128350393,0.6504141727845085,0.5075338951254125,0.2039705141870014,1.0,0.7950924238761885,1.384117065228702,1.1882416425280553,0.6446655350384645
2014-03-11,2013-14,True,20140311_IPFW@NDakotaSt,-1.0,8.0,150.5,0.7928436354815314,0.781054936842426,0.6896092996601303,1.384117065228702,1.0,20140311_MountStMarys@RobertMorris,-1.0,13.0,158.5,0.8415885806398137,0.8328063710242131,0.7779389863108398,1.2269599760341772,0.0,0.6672481498542118,0.6504675275222868,0.5364739595281299,0.13315833490672646,0.0,-1.0,1.2411952106650634,1.1548776563613212,-1.0
2014-03-12,2013-14,True,20140312_Depaul@Georgetown,-1.0,13.0,151.5,0.8503376387471413,0.8436824946521556,0.7866258916272316,1.2134103519342598,1.0,20140312_BostonCollege@GeorgiaTech,-1.0,9.0,142.5,0.7805559327088335,0.7719817553733559,0.7107276223585963,1.342989874000435,0.0,0.663736088729702,0.651307493199343,0.5590767496419332,0.08162288036532561,0.0,-1.0,1.1882416425280553,1.342989874000435,-1.0
2014-03-13,2013-14,True,20140313_Fordham@Dayton,-1.0,8.5,154.0,0.7796018371048713,0.769955966365044,0.7002662418077119,1.3630529975798817,0.0,20140313_Depaul@Creighton,-1.0,13.5,160.0,0.8519876387982384,0.8444734603105382,0.7866258916272316,1.2134103519342598,1.0,0.6642111283977481,0.6502073792030331,0.550847556838442,0.09856709227377203,0.0,-1.0,1.342989874000435,1.2134103519342598,-1.0
2014-03-14,2013-14,True,20140314_SouthCarolina@Tennessee,-1.0,9.5,143.0,0.7942532103364742,0.7854880739202729,0.7107276223585963,1.342989874000435,1.0,20140314_NCState@Syracuse,-1.0,12.0,139.5,0.8363444051673348,0.8292307063424993,0.759861793653634,1.2561494839877256,1.0,0.6642692287511046,0.6513508303605172,0.5400547659245857,0.12061955655454182,1.0,0.686996037226387,1.2561494839877256,1.2561494839877256,0.5779115261226293
2014-03-15,2013-14,True,20140315_IdahoU@NewMexicoState,-1.0,7.5,152.0,0.7913966580824402,0.7774798325733,0.6677428385832173,1.4294425111697333,1.0,20140315_PrairieViewA&M@TexasSouthern,-1.0,11.0,158.5,0.8495096543812084,0.8385983481373731,0.7504769865365503,1.2718577879449915,1.0,0.6722991014860571,0.6519933033060908,0.501125633281295,0.22227176138455174,1.0,0.8180475902508708,1.3630529975798817,1.1352507957063427,0.5474070000924764
2014-03-16,2013-14,True,20140316_Duke@Virginia,-1.0,8.0,136.5,0.7827837644513755,0.7714710758688558,0.678765139780146,1.4062301436240014,1.0,20140316_Kentucky@Florida,-1.0,13.0,142.5,0.8493527112768308,0.8425841097028907,0.7779389863108398,1.2269599760341772,1.0,0.6648595126802599,0.6500292696224911,0.5280378647837022,0.14714069355728232,1.0,0.7253881033194423,1.323881746461539,1.2134103519342598,0.6064118158932388
2014-03-18,2013-14,True,20140318_MountStMarys@AlbanyNY,-1.0,7.5,149.0,0.7754080301557283,0.762212079062057,0.678765139780146,1.4062301436240014,1.0,20140318_NCState@Xavier,-1.0,14.0,155.5,0.8618116612660616,0.8541190474758215,0.7950758395052631,1.2005144070205163,1.0,0.6682556826275526,0.6510198549430497,0.5396697633376067,0.12814894069678373,1.0,0.6881995470071436,1.323881746461539,1.1448191734296118,0.5156052067026502
2014-03-19,2013-14,True,20140319_CalPolySLO@TexasSouthern,-1.0,9.0,138.5,0.7969735594267006,0.7862451104151535,0.7002662418077119,1.3630529975798817,0.0,20140319_Vermont@Georgia,-1.0,12.5,146.0,0.8355426286495325,0.8281079310920311,0.7779389863108398,1.2269599760341772,1.0,0.6659053828075598,0.6510958117171183,0.5447644102995928,0.11366780230225104,0.0,-1.0,1.3056846962249795,1.3056846962249795,-1.0
2014-03-20,2013-14,True,20140320_American@Wisconsin,-1.0,9.0,132.5,0.8046261738139698,0.7961234203176021,0.7107276223585963,1.342989874000435,1.0,20140320_NewMexicoState@SanDiegoState,-1.0,11.0,140.5,0.8256614941320161,0.8181305198387002,0.7408662246947383,1.288356748066476,1.0,0.6643488488889696,0.6513328677202038,0.5265540903630809,0.14948964013768862,1.0,0.7302500667534066,1.2005144070205163,1.1261494110581052,0.3519585924329247
2014-03-21,2013-14,True,20140321_CalPolySLO@WichitaState,-1.0,8.5,134.0,0.7991693130955007,0.7902961192812588,0.7002662418077119,1.3630529975798817,1.0,20140321_CoastalCarolina@Virginia,-1.0,11.5,133.0,0.8295096947320324,0.8231944111828313,0.7504769865365503,1.2718577879449915,1.0,0.6629186929450568,0.6505673485718124,0.5255336989251269,0.14924219045594156,1.0,0.7336095703537382,1.3630529975798817,1.2134103519342598,0.6539426174984522
2014-03-22,2013-14,True,20140322_Dayton@Syracuse,-1.0,10.0,137.5,0.7996776524691347,0.7918961908730635,0.7209858452623735,1.323881746461539,1.0,20140322_NDakotaSt@SanDiegoState,-1.0,12.0,136.5,0.8325625801176236,0.8257928091078846,0.759861793653634,1.2561494839877256,1.0,0.6657816896021072,0.6539421799829006,0.5478495975799486,0.1071905374589528,1.0,0.6629933726784314,1.4294425111697333,1.2718577879449915,0.8180475902508708
2014-03-23,2013-14,True,20140323_Baylor@Creighton,-1.0,7.5,152.0,0.7667057082762629,0.7553318857135468,0.678765139780146,1.4062301436240014,1.0,20140323_MemphisU@Virginia,-1.0,15.0,142.5,0.8674547967306077,0.8620692177605985,0.8112613232375099,1.1765629306606975,1.0,0.6650825443249823,0.6511483678667151,0.5506559054655346,0.10039121330502687,1.0,0.6545182589656686,1.288356748066476,1.165450455503488,0.5015159588850668
2014-03-24,2013-14,True,20140324_TexasA&M@IllinoisState,1.0,10.5,115.0,0.788243096478883,0.7801497264914592,0.7334421412797706,1.3013978148767256,1.0,20140324_Georgetown@FloridaState,-1.0,14.0,149.5,0.8395094785692505,0.8339425911874228,0.7950758395052631,1.2005144070205163,0.0,0.6617375509107986,0.6506000844244466,0.5831421262065514,0.03386356232673049,0.0,-1.0,1.2215830816412796,1.2561494839877256,-1.0
2014-03-25,2013-14,True,20140325_SouthernMiss@MinnesotaU,-1.0,12.5,147.0,0.8018475222474261,0.7971872305373705,0.7779389863108398,1.2269599760341772,0.0,20140325_Belmont@Clemson,-1.0,15.0,147.5,0.8255799244768224,0.8209323679275303,0.8112613232375099,1.1765629306606975,1.0,0.6619892168589572,0.6544368008466336,0.631111811432579,-0.04435526260876366,0.0,-1.0,1.3056846962249795,1.3630529975798817,-1.0
2014-03-26,2013-14,True,20140326_California@SMU,-1.0,10.5,145.0,0.7826931836438896,0.7776265838848974,0.7408662246947383,1.288356748066476,1.0,20140326_OldDominion@FresnoState,-1.0,15.0,148.5,0.8436772393567458,0.8390743360344193,0.8189966338703305,1.165450455503488,1.0,0.6603404244400193,0.6524865095559339,0.6067669441732105,-0.008488314406372544,1.0,0.5015159588850668,1.4538067549410756,1.165450455503488,0.6943397447601243
2014-03-27,2013-14,True,20140327_Baylor@Wisconsin,-1.0,8.0,144.5,0.7602090538453177,0.7516550499641256,0.6896092996601303,1.384117065228702,1.0,20140327_SanDiegoState@Arizona,-1.0,15.0,137.5,0.8711223468114347,0.8664101415462675,0.8189966338703305,1.165450455503488,1.0,0.6622350950530335,0.6512415582333848,0.5647876951073227,0.06826458656131296,1.0,0.6131198641409417,1.384117065228702,1.1174929583559323,0.5467410739333531
2014-03-28,2013-14,True,20140328_MichiganState@Virginia,-1.0,13.0,138.5,0.829151714544298,0.823736286146736,0.7779389863108398,1.2269599760341772,1.0,20140328_Tennessee@Michigan,-1.0,11.5,142.0,0.8021586732405784,0.796374015239596,0.7504769865365503,1.2718577879449915,0.0,0.665111239254005,0.6560021736972289,0.5838253061558577,0.03791846060059045,0.0,-1.0,1.3056846962249795,1.4793778716447303,-1.0
2014-03-29,2013-14,True,20140329_Dayton@Florida,-1.0,8.0,141.5,0.7778408751145247,0.7689120503321343,0.6896092996601303,1.384117065228702,1.0,20140329_Wisconsin@Arizona,-1.0,14.0,143.5,0.8522417910424617,0.8468523210765413,0.7950758395052631,1.2005144070205163,1.0,0.6629085005536383,0.6511549545274903,0.5482916928579146,0.10152355250627298,1.0,0.6616524778100124,1.4294425111697333,1.288356748066476,0.8416319052386148
2014-03-30,2013-14,True,20140330_Kentucky@Michigan,-1.0,9.5,147.0,0.7913616647505061,0.7833927055320653,0.7209858452623735,1.323881746461539,0.0,20140330_Connecticut@MichiganState,-1.0,13.0,152.5,0.8361437036091619,0.8302737094715361,0.7866258916272316,1.2134103519342598,1.0,0.6616920732588001,0.6504303675950507,0.5671461333801279,0.06294996496583094,0.0,-1.0,1.4793778716447303,1.2005144070205163,-1.0
2014-04-01,2013-14,True,20140401_MinnesotaU@FloridaState,-1.0,13.0,151.5,0.8327796751750659,0.8267163140478945,0.7866258916272316,1.2134103519342598,1.0,20140401_Pacific@MurrayState,-1.0,11.0,161.5,0.7945247003081826,0.7876567644921567,0.7504769865365503,1.2718577879449915,0.0,0.6616640218412149,0.6511686970758462,0.5903446286800318,0.021136428636182814,0.0,-1.0,1.2411952106650634,1.2411952106650634,-1.0
2014-04-03,2013-14,True,20140403_MinnesotaU@SMU,-1.0,9.0,141.5,0.7861853644927904,0.7777177522270248,0.7107276223585963,1.342989874000435,1.0,20140403_Yale@MurrayState,-1.0,15.0,151.5,0.8451439831008298,0.8401218275381003,0.8112613232375099,1.1765629306606975,1.0,0.6644398304030146,0.6533776593097915,0.5765858313760841,0.049889417071689035,1.0,0.5801121020015925,1.323881746461539,1.2134103519342598,0.6064118158932388
2014-04-05,2013-14,True,20140405_Kentucky@Wisconsin,-1.0,8.5,147.0,0.776450338009013,0.7665342326657696,0.6896092996601303,1.384117065228702,0.0,20140405_FresnoState@Siena,-1.0,15.0,151.5,0.8556687631781321,0.8498765449788858,0.8112613232375099,1.1765629306606975,1.0,0.6643843003934148,0.6514594652660256,0.5594533529591698,0.0819503850568215,0.0,-1.0,1.342989874000435,1.1014315859536017,-1.0
2014-11-21,2014-15,True,20141121_USC@Drexel,1.0,12.5,114.0,0.8171417164801559,0.8079663135207638,0.7662085226517298,1.2457444308980308,1.0,20141121_California@Texas,1.0,15.0,123.5,0.8156059425089022,0.810502493402502,0.8098109268477433,1.1786701912204014,1.0,0.6664656398331397,0.6548587116938067,0.6204840338872374,-0.02141395436850757,1.0,0.468321826578332,1.49420399125093,1.2457444308980308,0.8613963007264558
2014-11-22,2014-15,True,20141122_Stanford@Duke,-1.0,12.0,156.5,0.8156702988058341,0.8068789317623403,0.7615401422178224,1.2533810722311018,1.0,20141122_BoiseState@Wisconsin,1.0,15.0,120.5,0.8175100091835288,0.8125025023444398,0.8098109268477433,1.1786701912204014,1.0,0.666818633467489,0.6555911511459099,0.6167035284011769,-0.014893557244768041,1.0,0.4773229080786645,1.2689592003131178,1.1458328748381896,0.45401516854714985
2014-11-23,2014-15,True,20141123_FloridaState@Massachusetts,-1.0,12.5,160.0,0.8052360813899873,0.796047586853469,0.779558125586119,1.2244115848094703,1.0,20141123_NewMexico@TexasA&M,1.0,15.0,109.5,0.8253095280675039,0.8185227196859187,0.8177932723978889,1.1671653854540367,1.0,0.6645690103148966,0.6515830357907141,0.6375173905474367,-0.050270528542086246,1.0,0.42909081933853344,1.1859426754656113,1.2034974333540893,0.4272789660279448
2014-11-24,2014-15,True,20141124_Missouri@Arizona,-1.0,11.0,140.5,0.8083531760676441,0.7991050213112596,0.7521912444186349,1.2689592003131178,1.0,20141124_SetonHall@IllinoisState,1.0,15.0,117.5,0.8195966154581624,0.8141466171410284,0.8098109268477433,1.1786701912204014,1.0,0.6625235271998972,0.6505886498409714,0.6091326888094122,-0.0090739068089144,1.0,0.49568438328395015,1.3204921600528265,1.1562285587946783,0.5267907471175513
2014-11-25,2014-15,True,20141125_KansasState@Arizona,-1.0,9.5,145.0,0.7997453380440837,0.786323419479619,0.7228365520639025,1.3204921600528265,1.0,20141125_Michigan@Villanova,-1.0,15.0,146.5,0.8371607959173457,0.8313582771707596,0.8128037615724496,1.1743301952164014,1.0,0.6695154437281717,0.6537164833175966,0.5875242685195998,0.03821345837042256,1.0,0.5506938160965633,1.3024773613272187,1.1859426754656113,0.5446634866257913
2014-11-26,2014-15,True,20141126_Furman@Duke,-1.0,14.5,149.0,0.864569806801773,0.8587659614726533,0.8048449724817054,1.1859426754656113,1.0,20141126_Gonzaga@Georgia,-1.0,9.5,156.0,0.7689314083957683,0.7581730658087371,0.712634268549283,1.339396717397671,0.0,0.6647948792005446,0.6510932218219093,0.573560108260068,0.05599191448183882,0.0,-1.0,1.339396717397671,1.3204921600528265,-1.0
2014-11-27,2014-15,True,20141127_SanDiego@Xavier,-1.0,8.5,150.0,0.784248118617411,0.770162404250501,0.702234443870935,1.3592326726933226,0.0,20141127_Illinois@IndianaState,-1.0,15.0,152.5,0.855702191105089,0.8473251490905396,0.8205267611957224,1.1632771106807576,1.0,0.6710828334709623,0.6525779740054841,0.5762021538294977,0.06109218925623239,0.0,-1.0,1.4247732062690999,1.1743301952164014,-1.0
2014-11-28,2014-15,True,20141128_NorthDakota@UtahU,-1.0,9.0,140.5,0.7998208235904695,0.7881541710494843,0.702234443870935,1.3592326726933226,0.0,20141128_UTEP@Xavier,-1.0,13.5,150.0,0.8348857754753352,0.82652946625166,0.7882211129361184,1.2109546221674954,0.0,0.6677590285446503,0.6514326463215497,0.5535160148900246,0.09911071894967094,0.0,-1.0,1.4018745546984832,1.1632771106807576,-1.0
2014-11-29,2014-15,True,20141129_Virginia@Rutgers,1.0,11.5,110.0,0.7974899694592195,0.7909032668903576,0.747080447555796,1.27764018336019,0.0,20141129_AlabamaState@UtahU,-1.0,14.0,148.5,0.8296412202558183,0.8234814990353942,0.7966505145599064,1.198141446663465,0.0,0.6616305514039221,0.6512942078108622,0.59516202296297,0.012819851767850166,0.0,-1.0,1.27764018336019,1.4018745546984832,-1.0
2014-11-30,2014-15,True,20141130_USC@NewMexico,1.0,9.5,118.0,0.7853584893407138,0.773730985453996,0.7061153241828015,1.3517621942345721,1.0,20141130_Texas@Connecticut,1.0,14.0,113.5,0.8506883642404635,0.8420877514424107,0.8015814485740163,1.190771070984764,0.0,0.6680953286396133,0.6515493857622761,0.5660089444187612,0.07539250764417615,0.0,-1.0,1.3318359816032816,1.1786701912204014,-1.0
2014-12-01,2014-15,True,20141201_Rutgers@Clemson,1.0,15.0,110.5,0.8756623052253326,0.8691477733558219,0.8177932723978889,1.1671653854540367,1.0,20141201_SouthCarolina@Marshall,1.0,9.0,124.5,0.7658030339261478,0.7534253198744958,0.6953479363830398,1.3726940860211363,1.0,0.6705848500363242,0.6548379391588159,0.5686508643498052,0.0743849086862216,1.0,0.6021610220213363,1.2309511560046584,1.2309511560046584,0.515240748469205
2014-12-02,2014-15,True,20141202_BYU@UtahState,1.0,10.5,133.0,0.7857211789253938,0.773625083851099,0.7270335114933708,1.312869331207855,1.0,20141202_Syracuse@Michigan,1.0,15.0,107.5,0.8515871348819369,0.8453697450346549,0.8177932723978889,1.1671653854540367,1.0,0.6691100475771339,0.653999239887617,0.5945631145070919,0.025301172322118592,1.0,0.5323356390099994,1.2457444308980308,1.0934655515180727,0.3621786211824829
2014-12-03,2014-15,True,20141203_Temple@St.Josephs,1.0,7.5,120.0,0.7775327433986406,0.7609941945854807,0.6619201417232573,1.442016853445544,0.0,20141203_Villanova@LaSalle,1.0,15.0,111.5,0.8675785494842304,0.8604370136565442,0.8098109268477433,1.1786701912204014,1.0,0.674570729694287,0.6547875721990981,0.5360301634681006,0.14654242471903456,0.0,-1.0,1.49420399125093,1.1458328748381896,-1.0
2014-12-04,2014-15,True,20141204_Baylor@Vanderbilt,1.0,10.0,107.5,0.788784059424566,0.7800179626750862,0.7166798413502542,1.3318359816032816,1.0,20141204_SanDiego@SanDiegoState,-1.0,15.0,139.5,0.8440951695128907,0.8387314102179741,0.8205267611957224,1.1632771106807576,1.0,0.665808814349045,0.6542255658298262,0.5880549890373883,0.03153380933669925,1.0,0.5492943125801362,1.2612951444552014,1.1527576953068959,0.45396768382395636
2014-12-05,2014-15,True,20141205_Texas@Kentucky,1.0,9.5,112.0,0.7864539173225983,0.7762969761681163,0.7061153241828015,1.3517621942345721,1.0,20141205_Florida@Kansas,1.0,14.0,111.5,0.8461567804661978,0.839054820446336,0.7931051396926162,1.2034974333540893,1.0,0.665463314666719,0.6513557199517723,0.5600236928250978,0.08260389020467063,1.0,0.6268423312663995,1.27764018336019,1.1562285587946783,0.4772440678647212
2014-12-06,2014-15,True,20141206_St.Josephs@Villanova,1.0,10.0,115.5,0.8020246192221911,0.792354326515767,0.7166798413502542,1.3318359816032816,1.0,20141206_LaSalle@Temple,1.0,12.5,115.0,0.8291609449795355,0.8204270142361088,0.7754166323691138,1.2309511560046584,0.0,0.6650074911711241,0.6500688943203935,0.5557254690666449,0.09022993358702891,0.0,-1.0,1.27764018336019,1.2309511560046584,-1.0
2014-12-07,2014-15,True,20141207_California@Nevada,1.0,7.5,118.0,0.7726930707310468,0.7576096822691898,0.6619201417232573,1.442016853445544,1.0,20141207_Towson@Georgetown,1.0,15.0,115.5,0.8700170580511897,0.8638978142947662,0.8177932723978889,1.1671653854540367,1.0,0.6722561521739652,0.6544973486009054,0.541313838765937,0.13145561181561516,1.0,0.6830721565829856,1.3318359816032816,1.1786701912204014,0.569795371110551
2014-12-08,2014-15,True,20141208_IPFW@Purdue,-1.0,7.0,160.5,0.7719219603821826,0.7547100845211884,0.6588261579112723,1.4487888626434102,1.0,20141208_NorthDakota@MinnesotaU,-1.0,15.0,156.5,0.8708304023578612,0.8630043989765089,0.8128037615724496,1.1743301952164014,1.0,0.6722131113484852,0.6513181228937184,0.5354963793726069,0.1436741516853497,1.0,0.7013565078953841,1.198141446663465,1.1332225254988226,0.3577608760927846
2014-12-09,2014-15,True,20141209_IUPUI@Xavier,-1.0,9.0,155.5,0.7978004139636626,0.7854310160100247,0.702234443870935,1.3592326726933226,1.0,20141209_TexasA&M@Baylor,1.0,13.5,107.0,0.8386241084519448,0.8298961515819763,0.7843829748344435,1.2168800581137835,1.0,0.669054660882869,0.6518261775198412,0.5508207421146951,0.10663188683496516,1.0,0.6540231337372038,1.3204921600528265,1.1671653854540367,0.5412327409770907
2014-12-10,2014-15,True,20141210_WashingtonState@Gonzaga,-1.0,12.0,152.5,0.8084643109845071,0.8009277158593154,0.7615401422178224,1.2533810722311018,1.0,20141210_Wyoming@California,1.0,13.5,107.0,0.8177606275776133,0.8117563045491856,0.7843829748344435,1.2168800581137835,0.0,0.6611302823247932,0.650158122836978,0.5973391222086607,0.00836544804412398,0.0,-1.0,1.285312439305608,1.2612951444552014,-1.0
2014-12-12,2014-15,True,20141212_TexasSouthern@Florida,-1.0,15.0,140.5,0.8827454470363426,0.8764469780123935,0.8128037615724496,1.1743301952164014,1.0,20141212_IowaState@Iowa,1.0,9.0,133.5,0.7526422596686352,0.7430840871244865,0.6953479363830398,1.3726940860211363,1.0,0.6643915279696324,0.6512738025693543,0.5651814182937751,0.0709965612679484,1.0,0.6119961140096006,1.1632771106807576,1.2168800581137835,0.4155687180476344
2014-12-13,2014-15,True,20141213_MississippiSt@OregonState,1.0,9.5,110.0,0.7845843065111302,0.7719377532969465,0.7061153241828015,1.3517621942345721,0.0,20141213_ULMonroe@NewMexico,1.0,14.0,105.5,0.852600184513097,0.8444318521168002,0.7931051396926162,1.2034974333540893,0.0,0.6689367244974699,0.6518488267354221,0.5600236928250978,0.08825458035117295,0.0,-1.0,1.3946798616650495,1.2457444308980308,-1.0
2014-12-14,2014-15,True,20141214_Fordham@St.Johns,1.0,9.0,120.5,0.7787802186644958,0.7679920054407298,0.7061153241828015,1.3517621942345721,1.0,20141214_Temple@Villanova,1.0,14.0,116.5,0.85637291054983,0.84957441058749,0.8015814485740163,1.190771070984764,1.0,0.6669262825363472,0.6524663553582124,0.5660089444187612,0.07351076507443999,1.0,0.6096393157454161,1.3946798616650495,1.1458328748381896,0.5980700353705923
2014-12-16,2014-15,True,20141216_Oakland@Arizona,-1.0,9.0,154.5,0.7959882905840809,0.7840439514566239,0.702234443870935,1.3592326726933226,0.0,20141216_OralRoberts@Oklahoma,-1.0,13.0,154.5,0.8409773811336274,0.8320236181040792,0.779558125586119,1.2244115848094703,1.0,0.6694081480284332,0.6523430852435592,0.5474325667860368,0.11406935900229609,0.0,-1.0,1.2109546221674954,1.2689592003131178,-1.0
2014-12-17,2014-15,True,20141217_ArkansasState@MississippiSt,1.0,9.5,113.0,0.7866431598970608,0.7755474245299355,0.7061153241828015,1.3517621942345721,1.0,20141217_CSNorthridge@Oregon,1.0,14.0,131.5,0.8486028931874215,0.8404392864554017,0.7931051396926162,1.2034974333540893,1.0,0.6675476613947412,0.6518005240842635,0.5600236928250978,0.08599479369485374,1.0,0.6268423312663995,1.312869331207855,1.1671653854540367,0.5323356390099994
2014-12-18,2014-15,True,20141218_CoastalCarolina@Mississippi,1.0,8.0,119.5,0.7816631012702966,0.7676142456719884,0.6843864504220077,1.3946798616650495,1.0,20141218_Duke@Connecticut,-1.0,14.5,154.0,0.8544814221159739,0.8473317702046823,0.8048449724817054,1.1859426754656113,1.0,0.6679165983890255,0.6504239376195778,0.5508249938567529,0.10474097773364677,1.0,0.6540103665610575,1.2457444308980308,1.1743301952164014,0.4629153007262292
2014-12-19,2014-15,True,20141219_TennesseeTech@Tennessee,-1.0,8.0,143.5,0.7813376311905369,0.7691510348575978,0.6916448676056749,1.3800434944370696,1.0,20141219_Arizona@UTEP,-1.0,13.5,147.0,0.8539967448205611,0.8457608956910514,0.7966505145599064,1.198141446663465,1.0,0.6672597936425266,0.6505178681628611,0.5509992396707792,0.10330560051603022,1.0,0.6534873088833342,1.3592326726933226,1.1527576953068959,0.5668659231597868
2014-12-20,2014-15,True,20141220_NorthernIowa@Iowa,1.0,9.5,118.0,0.7977783716838677,0.7850544747756963,0.7166798413502542,1.3318359816032816,0.0,20141220_WashingtonU@Oklahoma,1.0,13.0,127.5,0.8391026589172219,0.8280420769363956,0.7754166323691138,1.2309511560046584,1.0,0.6694179529065851,0.6500581378014788,0.5557254690666449,0.09746055499923578,0.0,-1.0,1.2034974333540893,1.1176420923595043,-1.0
2014-12-21,2014-15,True,20141221_AppalachianSt@Alabama,-1.0,15.0,150.5,0.8755960383730635,0.8675496522548356,0.8128037615724496,1.1743301952164014,1.0,20141221_USC@BostonCollege,1.0,8.5,123.0,0.7620274614303618,0.7507640925983663,0.6953479363830398,1.3726940860211363,1.0,0.6672282263599073,0.6513251274591298,0.5651814182937751,0.07556930804968864,1.0,0.6119961140096006,1.1859426754656113,1.3318359816032816,0.5794811273039644
2014-12-22,2014-15,True,20141222_WichitaState@LoyolaMarymount,-1.0,10.0,141.5,0.7932721892566639,0.7848628904856187,0.732834234467898,1.3024773613272187,1.0,20141222_NorthDakota@Marquette,-1.0,13.5,149.0,0.8354281239753575,0.8291447468557944,0.7882211129361184,1.2109546221674954,1.0,0.6627218968725195,0.6507649426482055,0.5776354158899749,0.04527213473199976,1.0,0.5772409809677186,1.198141446663465,1.2244115848094703,0.46701826753512465
2014-12-23,2014-15,True,20141223_CSNorthridge@Louisville,1.0,10.0,128.5,0.7852646416149135,0.7772510544552067,0.7270335114933708,1.312869331207855,1.0,20141223_Stanford@Texas,1.0,14.0,111.5,0.842886336088937,0.8368784978453941,0.8015814485740163,1.190771070984764,1.0,0.6618888366309866,0.650464694901222,0.5827765753047098,0.034748569889419434,1.0,0.5633268195854284,1.41776990161977,1.1011139001034316,0.5611261458218035
2014-12-25,2014-15,True,20141225_Ohio@Nebraska,1.0,10.0,115.5,0.7837649422777097,0.7745079946562725,0.7270335114933708,1.312869331207855,1.0,20141225_GeoWashington@WichitaState,-1.0,15.0,136.5,0.8449033931671048,0.8396750304664321,0.8128037615724496,1.1743301952164014,1.0,0.6622056591758569,0.6503350240095008,0.5909355729310386,0.020950342292507473,1.0,0.5417420980109466,1.2034974333540893,1.3024773613272187,0.5675281613591145
2014-12-27,2014-15,True,20141227_Kentucky@Louisville,1.0,9.5,118.0,0.7810614364368376,0.7691411536488645,0.7061153241828015,1.3517621942345721,0.0,20141227_WrightState@OhioState,-1.0,15.0,152.5,0.8561986958785056,0.84972769687253,0.8205267611957224,1.1632771106807576,0.0,0.6687437832782126,0.6535605410599303,0.5793865199823818,0.051582224998527826,0.0,-1.0,1.2034974333540893,1.2689592003131178,-1.0
2014-12-28,2014-15,True,20141228_CSBakersfield@California,1.0,8.5,108.0,0.7808893312289533,0.7697848379132497,0.6843864504220077,1.3946798616650495,0.0,20141228_Buffalo@Wisconsin,-1.0,14.5,147.0,0.85487569723561,0.8483432757826149,0.8048449724817054,1.1859426754656113,1.0,0.6675633114982007,0.6530417910431155,0.5508249938567529,0.1041566375538523,0.0,-1.0,1.3517621942345721,1.2244115848094703,-1.0
2014-12-29,2014-15,True,20141229_Toledo@Duke,-1.0,10.0,162.5,0.793502006512662,0.7837601678356129,0.7228365520639025,1.3204921600528265,1.0,20141229_MiddleTennSt@Auburn,1.0,14.0,105.5,0.8388390486300807,0.8314199038299166,0.7931051396926162,1.2034974333540893,1.0,0.6656204682291416,0.6516338033676046,0.5732853845995705,0.05780998903054102,1.0,0.5892089253877741,1.2533810722311018,1.1265635654834165,0.41201344964209774
2014-12-30,2014-15,True,20141230_Davidson@Virginia,-1.0,15.0,150.5,0.8625922797496227,0.8556938993469984,0.8128037615724496,1.1743301952164014,0.0,20141230_Mississippi@Dayton,1.0,10.0,122.5,0.7694604852275568,0.7604376720800772,0.7166798413502542,1.3318359816032816,1.0,0.6637306741296891,0.6507018768325553,0.582520070892633,0.03808486853573223,0.0,-1.0,1.0995431979949724,1.2612951444552014,-1.0
2014-12-31,2014-15,True,20141231_St.Johns@SetonHall,1.0,10.5,116.0,0.7842186233695615,0.7753263260129157,0.7371691656626579,1.294818129217299,1.0,20141231_SouthFlorida@SMU,-1.0,15.0,149.5,0.8483352257944775,0.8421040659170328,0.8128037615724496,1.1743301952164014,1.0,0.6652802829284513,0.6529054515479913,0.5991738707658326,0.011587960124141983,1.0,0.5205440264534864,1.190771070984764,1.1332225254988226,0.34940860035229226
2015-01-02,2014-15,True,20150102_WashingtonState@Stanford,-1.0,13.0,154.5,0.8455577416371348,0.8363261114452972,0.779558125586119,1.2244115848094703,1.0,20150102_WashingtonU@California,1.0,10.0,118.5,0.7877285527392981,0.7772810197358941,0.7166798413502542,1.3318359816032816,1.0,0.6660699760773295,0.6500604127359557,0.5586935937683614,0.08617057075808487,1.0,0.6307154049411507,1.1632771106807576,1.4674757266669025,0.7070809233112194
2015-01-03,2014-15,True,20150103_OregonState@Oregon,1.0,8.5,123.0,0.7799988426920872,0.7655010006664853,0.6843864504220077,1.3946798616650495,1.0,20150103_Connecticut@Florida,1.0,15.0,102.5,0.8598429580536582,0.8523549667570428,0.8098109268477433,1.1786701912204014,1.0,0.6706765121787942,0.6524785799755651,0.5542236257382832,0.10250337452847202,1.0,0.6438675792399868,1.7222380279469764,1.1671653854540367,1.010136611732333
2015-01-04,2014-15,True,20150104_Wisconsin@Northwestern,-1.0,15.0,133.5,0.8741945461456979,0.8678168547532594,0.8205267611957224,1.1632771106807576,0.0,20150104_Louisville@WakeForest,1.0,9.0,121.5,0.7644706036404946,0.7533238069853607,0.6953479363830398,1.3726940860211363,1.0,0.6682960323912299,0.6537470967887872,0.570551590144505,0.06715088314884432,0.0,-1.0,1.285312439305608,1.3517621942345721,-1.0
2015-01-05,2014-15,True,20150105_Oklahoma@Texas,1.0,9.0,123.5,0.784804582303312,0.771843296947984,0.6953479363830398,1.3726940860211363,0.0,20150105_Nebraska@Iowa,1.0,14.5,112.0,0.8504930718841821,0.8427209167850844,0.8015814485740163,1.190771070984764,1.0,0.6674708600319262,0.6504484908184273,0.55737800610887,0.09102411048171555,0.0,-1.0,1.2457444308980308,1.190771070984764,-1.0
2015-01-06,2014-15,True,20150106_NewMexico@SanDiegoState,1.0,10.0,103.5,0.7802298592904147,0.7715527813830848,0.7166798413502542,1.3318359816032816,0.0,20150106_SaintLouis@GeoWashington,1.0,15.0,105.5,0.848213775011409,0.8430791718387808,0.8098109268477433,1.1786701912204014,1.0,0.6618017143253431,0.650480079958359,0.580375166576943,0.03889326774095081,0.0,-1.0,1.27764018336019,1.2612951444552014,-1.0
2015-01-07,2014-15,True,20150107_Purdue@Wisconsin,-1.0,8.0,144.5,0.7841521514068818,0.7706494670726545,0.6808740459700369,1.4018745546984832,1.0,20150107_NCState@Virginia,-1.0,12.5,138.0,0.8544647469245847,0.8463445551573876,0.779558125586119,1.2244115848094703,1.0,0.6700303696022499,0.6522349803918835,0.5307808950366389,0.1500879968540998,1.0,0.7164714452224403,1.339396717397671,1.142747343636006,0.530592040880975
2015-01-08,2014-15,True,20150108_Rutgers@Nebraska,1.0,9.5,106.0,0.794285247611146,0.7817739569628853,0.7061153241828015,1.3517621942345721,1.0,20150108_MichiganState@Iowa,1.0,14.5,117.0,0.8407335349174133,0.8325951356898346,0.8015814485740163,1.190771070984764,1.0,0.6677822439568717,0.6509011937762924,0.5660089444187612,0.07488855422967755,1.0,0.6096393157454161,1.27764018336019,1.2457444308980308,0.5916131431124956
2015-01-09,2014-15,True,20150109_WiscGreenBay@WiscMilwaukee,1.0,12.0,115.5,0.7914575307467759,0.7863952452050962,0.7567618128049504,1.2612951444552014,1.0,20150109_Akron@Toledo,-1.0,14.5,150.0,0.8343949172882684,0.8291839716255259,0.8128037615724496,1.1743301952164014,0.0,0.6603881409046333,0.652066332686591,0.6150988480622496,-0.021848292308734862,0.0,-1.0,1.2309511560046584,1.198141446663465,-1.0
2015-01-10,2014-15,True,20150110_Texas@OklahomaState,1.0,8.5,117.0,0.7690985895668238,0.7559248050862747,0.6843864504220077,1.3946798616650495,1.0,20150110_MississippiSt@Florida,1.0,14.5,101.0,0.8683725527856558,0.860748198052951,0.8098109268477433,1.1786701912204014,1.0,0.6678641055659901,0.6506609138415391,0.5542236257382832,0.0978801504780431,1.0,0.6438675792399868,1.3946798616650495,1.190771070984764,0.6607444325557736
2015-01-11,2014-15,True,20150111_Duke@NCState,-1.0,12.5,157.0,0.843068506464592,0.8338400266397911,0.770663569209761,1.23854304022538,0.0,20150111_California@UCLA,1.0,10.0,123.5,0.7912036368964473,0.7798011122565058,0.7166798413502542,1.3318359816032816,1.0,0.6670388684676412,0.6502293802177035,0.5523190445156722,0.1003047508300916,0.0,-1.0,1.1632771106807576,1.2457444308980308,-1.0
2015-01-13,2014-15,True,20150113_MiamiFlorida@Duke,-1.0,9.0,150.5,0.7869542570753335,0.7762580116917772,0.712634268549283,1.339396717397671,0.0,20150113_MississippiSt@TexasA&M,1.0,14.0,103.5,0.8453919493354679,0.8380598962621464,0.7931051396926162,1.2034974333540893,1.0,0.6652847934267612,0.6505507087510708,0.5651939011075244,0.07241281599251925,0.0,-1.0,1.3024773613272187,1.2034974333540893,-1.0
2015-01-14,2014-15,True,20150114_Rutgers@Maryland,1.0,8.5,113.0,0.7716632380108428,0.7594374462866808,0.6843864504220077,1.3946798616650495,1.0,20150114_SMU@Temple,1.0,15.0,108.5,0.8647357289834329,0.8565686740843971,0.8177932723978889,1.1671653854540367,1.0,0.6672847726510224,0.6505103264158226,0.5596866348753893,0.08622087210589702,1.0,0.62782205832527,1.294818129217299,1.1091659704371084,0.4361682068328667
2015-01-15,2014-15,True,20150115_Cincinnati@MemphisU,1.0,14.0,105.5,0.8535114573376669,0.8449387452402305,0.7931051396926162,1.2034974333540893,1.0,20150115_OregonState@WashingtonU,1.0,9.5,113.0,0.7816010673854266,0.7702898977607439,0.7061153241828015,1.3517621942345721,0.0,0.6671054660808113,0.6508477796851884,0.5600236928250978,0.08527541163946517,0.0,-1.0,1.2168800581137835,1.294818129217299,-1.0
2015-01-17,2014-15,True,20150117_Temple@Cincinnati,1.0,9.5,106.0,0.8077837098873686,0.7937770357405783,0.7061153241828015,1.3517621942345721,1.0,20150117_OklahomaState@Oklahoma,1.0,11.5,119.0,0.8318048938776746,0.8196353945212397,0.7567618128049504,1.2612951444552014,1.0,0.671918443078977,0.6506077538511291,0.5343611127779321,0.14560152166232876,1.0,0.7049710920461747,1.312869331207855,1.190771070984764,0.5633268195854284
2015-01-18,2014-15,True,20150118_BoiseState@NewMexico,1.0,8.5,111.0,0.7832152967892585,0.7706303887743442,0.6953479363830398,1.3726940860211363,1.0,20150118_VirginiaTech@NorthCarolina,-1.0,14.5,161.0,0.8507115491633608,0.8440177305659372,0.8048449724817054,1.1859426754656113,1.0,0.6662902984600315,0.6504257118384679,0.5596472907234183,0.08467829444127117,1.0,0.6279364969717283,1.3517621942345721,1.1859426754656113,0.6031124732238138
2015-01-19,2014-15,True,20150119_Pittsburgh@Duke,-1.0,9.5,147.0,0.8023816007770569,0.7917239797999875,0.712634268549283,1.339396717397671,1.0,20150119_Texas@TCU,1.0,13.0,105.5,0.829163328428601,0.821991265895405,0.7754166323691138,1.2309511560046584,1.0,0.6653053987701734,0.6507901963955398,0.5525884646293118,0.09691025922972041,1.0,0.648731937629508,1.3204921600528265,1.1671653854540367,0.5412327409770907
2015-01-20,2014-15,True,20150120_Iowa@Wisconsin,-1.0,11.5,145.0,0.8253885056749157,0.8163099779379818,0.7521912444186349,1.2689592003131178,1.0,20150120_SanDiegoState@AirForce,1.0,11.0,103.5,0.8060212175638383,0.796942938949363,0.7371691656626579,1.294818129217299,1.0,0.6652806483072926,0.6505524729115848,0.5544921920668415,0.093103591439611,1.0,0.6430713778025112,1.2689592003131178,1.2309511560046584,0.5620267945481794
2015-01-21,2014-15,True,20150121_WashingtonState@UtahU,-1.0,8.5,145.0,0.7835902905728575,0.7726112220495287,0.702234443870935,1.3592326726933226,0.0,20150121_HoustonU@Cincinnati,1.0,14.0,108.5,0.8486257112930016,0.8415332856065891,0.7931051396926162,1.2034974333540893,1.0,0.664974867699681,0.6501780601878618,0.5569457467032246,0.08778785464303773,0.0,-1.0,1.339396717397671,1.1671653854540367,-1.0
2015-01-22,2014-15,True,20150122_SouthFlorida@Temple,1.0,14.5,110.0,0.8650982408314527,0.8571866472421396,0.8098109268477433,1.1786701912204014,1.0,20150122_UCLA@OregonState,1.0,9.0,114.5,0.7729773292986798,0.7603394323290388,0.6953479363830398,1.3726940860211363,1.0,0.6687013277788824,0.6517528087641205,0.563100356844015,0.0819277211781324,1.0,0.617953600857647,1.1671653854540367,1.3318359816032816,0.5544728568295496
2015-01-23,2014-15,True,20150123_Valparaiso@WiscGreenBay,1.0,10.5,113.0,0.801208577830369,0.7924370629288384,0.7371691656626579,1.294818129217299,0.0,20150123_Manhattan@Quinnipiac,1.0,13.0,120.5,0.8272964823513728,0.8203233390741581,0.7843829748344435,1.2168800581137835,1.0,0.6628370380688103,0.6500546174679035,0.5782229431187003,0.04439146382789061,0.0,-1.0,1.1458328748381896,1.1786701912204014,-1.0
2015-01-24,2014-15,True,20150124_USC@OregonState,1.0,9.5,112.0,0.7943920593809092,0.7816092976549873,0.7061153241828015,1.3517621942345721,1.0,20150124_Oklahoma@Baylor,1.0,13.5,117.0,0.8446362172071612,0.8341809683772318,0.7843829748344435,1.2168800581137835,1.0,0.6709723040148977,0.6520036008104854,0.5538648385586934,0.10370412094168135,1.0,0.6449324574761817,1.294818129217299,1.1458328748381896,0.48364517939366425
2015-01-25,2014-15,True,20150125_NorthernIowa@IllinoisState,1.0,9.0,109.5,0.7703874502610455,0.7591953910699829,0.6953479363830398,1.3726940860211363,0.0,20150125_Cincinnati@CentralFlorida,1.0,15.0,112.5,0.8666086874942217,0.8591514391093432,0.8177932723978889,1.1671653854540367,0.0,0.6676244571327447,0.6522638128029564,0.5686508643498052,0.06964188256623793,0.0,-1.0,1.2457444308980308,1.1786701912204014,-1.0
2015-01-26,2014-15,True,20150126_Army@American,1.0,13.0,109.5,0.8271804744607549,0.8200438972351358,0.7843829748344435,1.2168800581137835,1.0,20150126_Texas@IowaState,1.0,12.0,128.5,0.800873776551304,0.7932923695254631,0.7567618128049504,1.2612951444552014,1.0,0.6624671504708842,0.6505345663525562,0.5935910819690532,0.016784333070156032,1.0,0.5348449086832785,1.2168800581137835,1.190771070984764,0.449025570060152
2015-01-27,2014-15,True,20150127_FresnoState@SanDiegoState,1.0,14.5,101.0,0.8683148795876637,0.8609482240415431,0.8015814485740163,1.190771070984764,1.0,20150127_Nebraska@Michigan,1.0,8.0,103.5,0.7685566517797943,0.7562069866742795,0.6843864504220077,1.3946798616650495,0.0,0.6673491765464701,0.6510550621850278,0.5485914823137021,0.10829642952023022,0.0,-1.0,1.1091659704371084,1.2612951444552014,-1.0
2015-01-28,2014-15,True,20150128_Temple@CentralFlorida,1.0,8.5,125.0,0.7776935079304265,0.7651150757371592,0.6953479363830398,1.3726940860211363,1.0,20150128_TexasTech@Oklahoma,1.0,15.0,112.5,0.862961248250173,0.8557492154017154,0.8177932723978889,1.1671653854540367,1.0,0.6711193603596965,0.654746625754098,0.5686508643498052,0.0752412802921969,1.0,0.6021610220213363,1.41776990161977,1.1562285587946783,0.6392660500522995
2015-01-29,2014-15,True,20150129_Kentucky@Missouri,1.0,11.0,109.5,0.8025994136665076,0.7947898911852236,0.7371691656626579,1.294818129217299,1.0,20150129_Connecticut@Cincinnati,1.0,12.5,100.0,0.8260049853324621,0.8189245959237655,0.7754166323691138,1.2309511560046584,1.0,0.6629511169134463,0.6508729904831528,0.5716132319244875,0.05664985709061199,1.0,0.5938578729758235,1.27764018336019,1.1786701912204014,0.5059163992320239
2015-01-30,2014-15,True,20150130_Harvard@Princeton,1.0,10.0,110.5,0.784040345944292,0.7761783439506696,0.7270335114933708,1.312869331207855,1.0,20150130_OregonState@Arizona,-1.0,15.0,134.5,0.8469880072621696,0.8417373734519218,0.8128037615724496,1.1743301952164014,1.0,0.664072770224498,0.653338320567299,0.5909355729310386,0.023828945997858675,1.0,0.5417420980109466,1.1786701912204014,1.2109546221674954,0.4273161160693908
2015-01-31,2014-15,True,20150131_LSU@MississippiSt,1.0,13.5,121.0,0.8456353530970354,0.8353298978943432,0.7843829748344435,1.2168800581137835,1.0,20150131_Oklahoma@OklahomaState,1.0,9.5,122.0,0.7929987909117352,0.7799764145937697,0.7166798413502542,1.3318359816032816,0.0,0.6705878125581674,0.6515376187626095,0.5621514659621895,0.08681137207141187,0.0,-1.0,1.1562285587946783,1.294818129217299,-1.0
2015-02-01,2014-15,True,20150201_Michigan@MichiganState,1.0,10.0,113.5,0.7917421291271464,0.782970081946974,0.7270335114933708,1.312869331207855,1.0,20150201_California@WashingtonU,1.0,13.5,114.0,0.8378676318248209,0.83088230227227,0.7843829748344435,1.2168800581137835,1.0,0.6633751027477037,0.6505559842984097,0.5702727085495017,0.05981105468185599,1.0,0.5976045080560186,1.4674757266669025,1.1011139001034316,0.6158579206973103
2015-02-02,2014-15,True,20150202_Virginia@NorthCarolina,1.0,12.5,115.0,0.8055468776004648,0.7999068160338868,0.7754166323691138,1.2309511560046584,1.0,20150202_IowaState@Kansas,-1.0,15.0,169.5,0.8257840977917568,0.8208143559184315,0.8205267611957224,1.1632771106807576,1.0,0.6652078015482665,0.6565749979976181,0.6362500979351232,-0.0474641339539299,1.0,0.43193730414623754,1.1786701912204014,1.1632771106807576,0.37112005448840457
2015-02-03,2014-15,True,20150203_IndianaU@Wisconsin,-1.0,12.5,158.0,0.8609701284794877,0.8505453300904644,0.770663569209761,1.23854304022538,0.0,20150203_WestVirginia@Oklahoma,1.0,9.0,133.5,0.7775519681995335,0.765522144389177,0.7061153241828015,1.3517621942345721,0.0,0.6694490179602309,0.6511112849910526,0.5441773560084253,0.12080202790694394,0.0,-1.0,1.1859426754656113,1.3726940860211363,-1.0
2015-02-04,2014-15,True,20150204_Temple@SouthFlorida,1.0,9.0,114.5,0.7871167088052844,0.7758125175409011,0.7061153241828015,1.3517621942345721,0.0,20150204_TCU@Baylor,1.0,14.5,107.0,0.8455479667900252,0.8393844466706467,0.8015814485740163,1.190771070984764,1.0,0.6655449327567645,0.6512049607562307,0.5660089444187612,0.07128729016042734,0.0,-1.0,1.442016853445544,1.1091659704371084,-1.0
2015-02-05,2014-15,True,20150205_Iowa@Michigan,1.0,12.5,109.0,0.8423292057883953,0.8324807509484706,0.7754166323691138,1.2309511560046584,1.0,20150205_USC@California,1.0,10.0,122.5,0.794010387242436,0.7820880267001376,0.7166798413502542,1.3318359816032816,1.0,0.6688181388736574,0.6510732277751381,0.5557254690666449,0.09647720485361289,1.0,0.6394250411631586,1.2457444308980308,1.1786701912204014,0.468321826578332
2015-02-06,2014-15,True,20150206_Siena@Iona,-1.0,10.0,172.5,0.7928824069304014,0.7820004946857926,0.7228365520639025,1.3204921600528265,1.0,20150206_Dayton@GeoWashington,1.0,15.0,109.5,0.8379842402480031,0.8326052485927039,0.8098109268477433,1.1786701912204014,1.0,0.6644229613775804,0.6510977162774818,0.5853609381862959,0.03412433942655646,1.0,0.556424746794506,1.1527576953068959,1.1265635654834165,0.29865481936338245
2015-02-07,2014-15,True,20150207_Temple@MemphisU,1.0,6.5,118.0,0.7625519690048181,0.7463829358947482,0.6504366529918479,1.4674757266669025,1.0,20150207_Northwestern@Wisconsin,-1.0,15.0,143.5,0.8815884144948136,0.8739841708000694,0.8128037615724496,1.1743301952164014,1.0,0.6722569813248559,0.652326871327293,0.5286773582163681,0.15850116620507726,1.0,0.7233010565720741,1.442016853445544,1.1632771106807576,0.6774651988290898
2015-02-08,2014-15,True,20150208_HolyCross@Bucknell,-1.0,10.5,143.0,0.835695680046141,0.8248620219626697,0.7426209930059263,1.285312439305608,1.0,20150208_SanDiegoState@BoiseState,1.0,10.0,111.5,0.7986166567774093,0.7881187106700032,0.7270335114933708,1.312869331207855,0.0,0.6674004900817727,0.650089193229871,0.5399103482537926,0.1262031433839108,0.0,-1.0,1.23854304022538,1.294818129217299,-1.0
2015-02-09,2014-15,True,20150209_Duke@FloridaState,-1.0,14.0,158.5,0.8566661752783754,0.8498245772498191,0.8048449724817054,1.1859426754656113,1.0,20150209_OklahomaState@Baylor,1.0,9.5,115.0,0.772845895973743,0.7652629535162255,0.7166798413502542,1.3318359816032816,1.0,0.6620709377834156,0.6503392659568743,0.5768161671897383,0.045728551165342246,1.0,0.5794811273039644,1.1743301952164014,1.294818129217299,0.5205440264534864
2015-02-10,2014-15,True,20150210_Cincinnati@Temple,1.0,8.5,105.0,0.7932086819348937,0.7787946834016168,0.6843864504220077,1.3946798616650495,1.0,20150210_Iona@Fairfield,1.0,12.0,119.5,0.84674264643028,0.8351482469961693,0.7662085226517298,1.2457444308980308,1.0,0.6716436185130261,0.650409014612797,0.5243827311007079,0.16692347618909098,1.0,0.7374146705548714,1.27764018336019,1.190771070984764,0.521376969472984
2015-02-11,2014-15,True,20150211_Wyoming@SanDiegoState,1.0,14.0,91.5,0.8512187970145608,0.8441487110468985,0.7931051396926162,1.2034974333540893,1.0,20150211_OregonState@UCLA,1.0,10.0,109.5,0.7791733706754614,0.7706091173574368,0.7166798413502542,1.3318359816032816,1.0,0.6632470192521468,0.6505086931382683,0.5684024656889753,0.06309290356325836,1.0,0.6028611855081736,1.1786701912204014,1.3318359816032816,0.569795371110551
2015-02-12,2014-15,True,20150212_TennMartin@SEMissouriSt,1.0,10.0,119.5,0.7869456656333798,0.7762079807568811,0.7166798413502542,1.3318359816032816,1.0,20150212_Michigan@Illinois,1.0,14.0,105.5,0.8478036788663025,0.8392117969443255,0.7931051396926162,1.2034974333540893,1.0,0.6671754303918705,0.6514028943335086,0.5684024656889753,0.06938960129983962,1.0,0.6028611855081736,1.3517621942345721,1.1011139001034316,0.48844414170600214
2015-02-13,2014-15,True,20150213_Columbia@Harvard,1.0,9.0,105.5,0.7943093565364662,0.7838992860547188,0.7061153241828015,1.3517621942345721,1.0,20150213_WiscGreenBay@Valparaiso,1.0,13.5,111.0,0.8369190238204447,0.8292818125483619,0.7843829748344435,1.2168800581137835,1.0,0.6647726112839448,0.650073420794824,0.5538648385586934,0.09350604514215788,1.0,0.6449324574761817,1.2309511560046584,1.1458328748381896,0.41046430187021055
2015-02-14,2014-15,True,20150214_OregonState@USC,1.0,6.5,111.0,0.76394124915402,0.7454805518373058,0.6388016666994069,1.49420399125093,1.0,20150214_EastCarolina@Temple,1.0,15.0,105.5,0.8823430416606289,0.8737877073528577,0.8177932723978889,1.1671653854540367,1.0,0.6740582454285783,0.6513917422660626,0.5224077054233335,0.1755462406120678,1.0,0.7439831773953518,1.4674757266669025,1.2309511560046584,0.8063909421493998
2015-02-15,2014-15,True,20150215_NorthernIowa@MissouriSt,1.0,15.0,98.5,0.8669607313105316,0.8612389699873668,0.8177932723978889,1.1671653854540367,1.0,20150215_Nebraska@Purdue,1.0,9.0,108.5,0.7643893237010295,0.7561488651977918,0.7061153241828015,1.3517621942345721,1.0,0.6626955270818072,0.6512248698200624,0.5774563616537495,0.045554642091427455,1.0,0.5777300424759888,1.1359527025928629,1.312869331207855,0.4913574649368473
2015-02-16,2014-15,True,20150216_Pittsburgh@Virginia,-1.0,9.0,124.5,0.7937604317286818,0.7840118472158845,0.702234443870935,1.3592326726933226,1.0,20150216_Clemson@GeorgiaTech,1.0,13.0,100.5,0.8377525916017091,0.8308165347051352,0.7843829748344435,1.2168800581137835,1.0,0.6649748587915947,0.6513700060716731,0.5508207421146951,0.09988379979492801,1.0,0.6540231337372038,1.5570866583923684,1.1265635654834165,0.754157097645165
2015-02-17,2014-15,True,20150217_SanDiegoState@NewMexico,1.0,8.0,101.5,0.7780846220196082,0.7653483521638693,0.6843864504220077,1.3946798616650495,1.0,20150217_MichiganState@Michigan,1.0,13.5,107.0,0.8584541081308577,0.8493681829122722,0.7931051396926162,1.2034974333540893,1.0,0.6679499402461782,0.6500625391723275,0.5427904113656802,0.12114972244339883,1.0,0.6784936338645235,1.3318359816032816,1.294818129217299,0.7244853741238464
2015-02-18,2014-15,True,20150218_NorthCarolina@Duke,-1.0,11.0,170.5,0.7947011539609835,0.7859957160230117,0.7426209930059263,1.285312439305608,0.0,20150218_EastCarolina@Tulsa,1.0,13.5,108.0,0.8347076001232442,0.8283594889653678,0.7931051396926162,1.2034974333540893,1.0,0.6633430930379454,0.6510870096537903,0.5889765263966346,0.02610567743215153,0.0,-1.0,1.1632771106807576,1.1671653854540367,-1.0
2015-02-19,2014-15,True,20150219_Temple@SMU,1.0,8.0,116.5,0.7726466013570975,0.7602537528398421,0.6843864504220077,1.3946798616650495,1.0,20150219_Rutgers@Iowa,1.0,14.5,111.0,0.8651974670257115,0.8583769800804547,0.8098109268477433,1.1786701912204014,1.0,0.6684918824001854,0.652584320457496,0.5542236257382832,0.09891213246277486,1.0,0.6438675792399868,1.3946798616650495,1.1265635654834165,0.5711955176652963
2015-02-20,2014-15,True,20150220_ClevelandState@WiscGreenBay,1.0,13.0,109.5,0.8094081450835953,0.8045239812136531,0.7843829748344435,1.2168800581137835,1.0,20150220_Iona@Marist,-1.0,15.0,162.5,0.8164308961973752,0.8115238889728961,0.8128037615724496,1.1743301952164014,1.0,0.6608258172800547,0.652890430006461,0.6375494324588238,-0.055667353927606356,1.0,0.4290189961997053,1.1176420923595043,1.1527576953068959,0.2883705225663191
2015-02-21,2014-15,True,20150221_Colorado@OregonState,1.0,8.0,100.5,0.7759661055095054,0.7612725270533177,0.6732404171576116,1.41776990161977,1.0,20150221_Florida@LSU,1.0,15.0,115.5,0.8643560737159847,0.855178307332019,0.8098109268477433,1.1786701912204014,1.0,0.6707110162948796,0.6510237511038249,0.5451974462097667,0.1208138584317957,1.0,0.671083121048704,1.2612951444552014,1.2168800581137835,0.5348449086832785
2015-02-22,2014-15,True,20150222_Temple@Tulsa,1.0,5.5,112.0,0.7703903548725183,0.7506220216040643,0.627027542404978,1.5222616798282802,0.0,20150222_MemphisU@CentralFlorida,1.0,15.0,115.5,0.8789573439184292,0.8709238980870572,0.8177932723978889,1.1671653854540367,1.0,0.6771402600991248,0.6537346570453989,0.512778905786973,0.20309618646806538,0.0,-1.0,1.3946798616650495,1.1671653854540367,-1.0
2015-02-23,2014-15,True,20150223_Louisville@GeorgiaTech,1.0,10.5,112.0,0.7925768682728404,0.7841376751266335,0.7270335114933708,1.312869331207855,0.0,20150223_Kansas@KansasState,-1.0,14.5,145.0,0.8350157379864515,0.8299776204762623,0.8128037615724496,1.1743301952164014,1.0,0.6618141585718363,0.6508167217273917,0.5909355729310386,0.020346749329892333,0.0,-1.0,1.2612951444552014,1.1241607419388768,-1.0
2015-02-24,2014-15,True,20150224_NewMexico@BoiseState,1.0,10.0,111.5,0.7855854740307446,0.776296584286689,0.7166798413502542,1.3318359816032816,1.0,20150224_Florida@Missouri,1.0,14.0,106.5,0.844618172142315,0.8383038517005678,0.8015814485740163,1.190771070984764,1.0,0.6635197671374017,0.6507724166695259,0.5744772653933329,0.052283800494552946,1.0,0.5859117581897844,1.190771070984764,1.1562285587946783,0.3768035192591095
2015-02-25,2014-15,True,20150225_CentralFlorida@Cincinnati,1.0,13.5,108.0,0.8491063557067561,0.8426655189521031,0.7931051396926162,1.2034974333540893,1.0,20150225_Tulane@Tulsa,1.0,10.0,110.5,0.7805713839557221,0.7715651652925625,0.7166798413502542,1.3318359816032816,1.0,0.6627881231996222,0.6501713604166224,0.5684024656889753,0.062357356892483784,1.0,0.6028611855081736,1.2612951444552014,1.3517621942345721,0.7049710920461747
2015-02-26,2014-15,True,20150226_HoustonU@Temple,1.0,8.0,115.5,0.7852361726988747,0.7718207794947937,0.6843864504220077,1.3946798616650495,1.0,20150226_Rutgers@Purdue,1.0,14.5,112.0,0.8486027626548861,0.8421827994707006,0.8015814485740163,1.190771070984764,1.0,0.6663535854888143,0.6500141847645836,0.5485914823137021,0.106643007214126,1.0,0.6607444325557736,1.49420399125093,1.2309511560046584,0.8392921303371068
2015-02-27,2014-15,True,20150227_Harvard@Cornell,1.0,9.0,104.5,0.7957228197707142,0.7833342158929794,0.6953479363830398,1.3726940860211363,1.0,20150227_Valparaiso@ClevelandState,1.0,15.0,106.5,0.8385413153949443,0.8332213238577199,0.8098109268477433,1.1786701912204014,1.0,0.6672464599803088,0.6526907723893972,0.563100356844015,0.07957381258465834,1.0,0.617953600857647,1.2612951444552014,1.1176420923595043,0.40967654433179446
2015-02-28,2014-15,True,20150228_Tulsa@MemphisU,1.0,9.5,115.0,0.7870508154873478,0.7752069227649202,0.7061153241828015,1.3517621942345721,1.0,20150228_BoiseState@SanDiegoState,1.0,13.0,104.5,0.8488582127196578,0.8394479874700036,0.7843829748344435,1.2168800581137835,0.0,0.6680945485541392,0.6507458911878268,0.5538648385586934,0.0989704075796003,0.0,-1.0,1.2457444308980308,1.2309511560046584,-1.0
2015-03-01,2014-15,True,20150301_OregonState@California,1.0,8.5,106.0,0.798325948262052,0.7848816456003123,0.6953479363830398,1.3726940860211363,1.0,20150301_ArizonaState@Colorado,1.0,13.0,117.5,0.8406211446858854,0.8305614688434472,0.7754166323691138,1.2309511560046584,1.0,0.6710896724604911,0.6518924524380573,0.5391843551549496,0.1339532199247364,1.0,0.6897193720284758,1.2612951444552014,1.2309511560046584,0.5525927161301929
2015-03-02,2014-15,True,20150302_Baylor@Texas,1.0,10.5,116.0,0.7844104835677507,0.7763745826745755,0.7270335114933708,1.312869331207855,1.0,20150302_Virginia@Syracuse,1.0,14.5,100.0,0.8445671475704847,0.8388050704586525,0.8015814485740163,1.190771070984764,1.0,0.6624873246311997,0.6512269365226542,0.5827765753047098,0.035684202231352824,1.0,0.5633268195854284,1.2309511560046584,1.2168800581137835,0.4979199142541777
2015-03-03,2014-15,True,20150303_Michigan@Northwestern,1.0,8.0,107.5,0.7749320262614405,0.7622771278293335,0.6843864504220077,1.3946798616650495,1.0,20150303_Kentucky@Georgia,1.0,14.0,112.5,0.8618810525210875,0.8536899980123884,0.8015814485740163,1.190771070984764,1.0,0.6678992304265093,0.6507483597415129,0.5485914823137021,0.10920992843911104,1.0,0.6607444325557736,1.3517621942345721,1.2034974333540893,0.6268423312663995
2015-03-04,2014-15,True,20150304_Oregon@OregonState,1.0,8.0,117.5,0.7702057453844914,0.7557934435888932,0.6732404171576116,1.41776990161977,1.0,20150304_SanDiegoState@UNLV,1.0,14.5,107.0,0.8696184292271234,0.8602912513924028,0.8015814485740163,1.190771070984764,1.0,0.6697851104829672,0.6502024873792623,0.5396570288237733,0.13075760244246548,1.0,0.6882393841617371,1.41776990161977,1.2168800581137835,0.7252559202750388
2015-03-05,2014-15,True,20150305_Temple@EastCarolina,1.0,8.0,112.5,0.7739490959493801,0.7600473775369914,0.6732404171576116,1.41776990161977,1.0,20150305_MemphisU@Connecticut,1.0,14.5,113.0,0.8666222966612477,0.8582384131914036,0.8015814485740163,1.190771070984764,0.0,0.6707215430305481,0.6523018552476351,0.5396570288237733,0.1323385247499027,0.0,-1.0,1.3946798616650495,1.1671653854540367,-1.0
2015-03-06,2014-15,True,20150306_TexasTech@Baylor,1.0,12.0,109.5,0.8025588269042984,0.7964449533250227,0.7567618128049504,1.2612951444552014,1.0,20150306_Akron@KentState,1.0,14.0,114.5,0.8233316605000042,0.8174298268388084,0.8015814485740163,1.190771070984764,1.0,0.6607720916040514,0.6510378602831162,0.6066062301336906,-0.0075772967942510094,1.0,0.501913769990803,1.2612951444552014,1.2034974333540893,0.5179654690538102
2015-03-07,2014-15,True,20150307_Rutgers@Michigan,1.0,10.0,109.5,0.8254050791968399,0.8110985266327418,0.7166798413502542,1.3318359816032816,1.0,20150307_Connecticut@Temple,1.0,9.5,111.0,0.8165079070491353,0.8014769407596567,0.7061153241828015,1.3517621942345721,1.0,0.6739497736827376,0.6500767657802748,0.5060586185103135,0.2133289827254694,1.0,0.8003255288526072,1.2168800581137835,1.27764018336019,0.5547348605758531
2015-03-08,2014-15,True,20150308_MemphisU@Cincinnati,1.0,11.5,104.0,0.8457472699678015,0.8352542648422318,0.747080447555796,1.27764018336019,1.0,20150308_Tulsa@SMU,1.0,9.0,111.5,0.7920197444653038,0.7797375276183205,0.6953479363830398,1.3726940860211363,1.0,0.6698485366421264,0.6512790954007397,0.5194808475200405,0.174786475101246,1.0,0.753809123761493,1.2309511560046584,1.2309511560046584,0.515240748469205
2015-03-09,2014-15,True,20150309_Furman@Wofford,-1.0,9.5,128.0,0.7840408205103927,0.7757061891405744,0.7228365520639025,1.3204921600528265,0.0,20150309_Pepperdine@Gonzaga,-1.0,13.5,139.0,0.8453813871180543,0.8390558981733129,0.7882211129361184,1.2109546221674954,0.0,0.6628135164002532,0.6508608532479424,0.5697550315387158,0.05987598645563508,0.0,-1.0,1.339396717397671,1.285312439305608,-1.0
2015-03-10,2014-15,True,20150310_WiscGreenBay@Valparaiso,1.0,10.5,112.0,0.8018944848023271,0.7935881502007398,0.7371691656626579,1.294818129217299,0.0,20150310_GeorgiaTech@BostonCollege,1.0,13.5,110.0,0.828143198821865,0.8209726606680994,0.7843829748344435,1.2168800581137835,1.0,0.6640834637618106,0.6515141751449767,0.5782229431187003,0.046355379963081145,0.0,-1.0,1.312869331207855,1.1671653854540367,-1.0
2015-03-11,2014-15,True,20150311_Colorado@OregonState,1.0,9.0,105.5,0.7754558187603147,0.7631511542419841,0.6953479363830398,1.3726940860211363,1.0,20150311_PennState@Nebraska,1.0,15.0,103.5,0.8610732262375471,0.8521052080635393,0.8098109268477433,1.1786701912204014,1.0,0.6677242436646228,0.6502850730692961,0.563100356844015,0.08034684441712514,1.0,0.617953600857647,1.2309511560046584,1.1671653854540367,0.4367235804732692
2015-03-12,2014-15,True,20150312_UNLV@SanDiegoState,1.0,8.5,110.0,0.7822439721645623,0.7707868602483616,0.6953479363830398,1.3726940860211363,1.0,20150312_Michigan@Illinois,1.0,15.0,106.5,0.8533219466586527,0.8454393344780408,0.8098109268477433,1.1786701912204014,1.0,0.6675059490894613,0.6516535301527935,0.563100356844015,0.07999365392319491,1.0,0.617953600857647,1.27764018336019,1.190771070984764,0.521376969472984
2015-03-13,2014-15,True,20150313_Temple@MemphisU,1.0,9.0,116.5,0.7829528213330551,0.7706699561702454,0.6953479363830398,1.3726940860211363,1.0,20150313_UAB@LouisianaTech,1.0,14.0,120.5,0.8520742212388002,0.8436129844766586,0.8015814485740163,1.190771070984764,1.0,0.6671339155040844,0.6501471817712763,0.55737800610887,0.09047335294939018,1.0,0.6345644069458403,1.3318359816032816,1.1562285587946783,0.539906797560058
2015-03-14,2014-15,True,20150314_MiddleTennSt@UAB,1.0,8.5,115.0,0.7690114844154051,0.7565095654854385,0.6843864504220077,1.3946798616650495,1.0,20150314_Purdue@Wisconsin,-1.0,15.0,142.5,0.8725264062532858,0.8653307583577295,0.8128037615724496,1.1743301952164014,1.0,0.6709828268644782,0.654630996006391,0.5562718812722247,0.09894551998389955,1.0,0.6378146742135014,1.3946798616650495,1.1073411859489297,0.5443864520352653
2015-03-15,2014-15,True,20150315_GeorgiaSouthern@GeorgiaState,1.0,10.5,116.0,0.7801982198646815,0.7718895298823321,0.7270335114933708,1.312869331207855,0.0,20150315_MichiganState@Wisconsin,-1.0,15.0,140.5,0.8549144616747101,0.8492008147123219,0.8128037615724496,1.1743301952164014,0.0,0.6670027411351813,0.6554892176439875,0.5909355729310386,0.028346205496806665,0.0,-1.0,1.3318359816032816,1.2244115848094703,-1.0
2015-03-17,2014-15,True,20150317_Rider@LoyolaChicago,1.0,9.5,110.0,0.8060446607725746,0.7939256019635161,0.7166798413502542,1.3318359816032816,1.0,20150317_NCCentral@MiamiFlorida,1.0,11.5,107.0,0.8295395612864732,0.8187251313939907,0.747080447555796,1.27764018336019,1.0,0.6686459342745857,0.6500068427846329,0.5354174966301647,0.13777271444272365,1.0,0.7016071677413154,1.0862015229454058,1.0665344327220732,0.15847132509643025
2015-03-18,2014-15,True,20150318_SacramentoState@PortlandU,-1.0,5.0,153.5,0.7659533449508884,0.7446761639521772,0.6130037752590368,1.5570866583923684,1.0,20150318_CalSantaBarb@OralRoberts,-1.0,15.0,159.5,0.8858783826895227,0.8772557490108057,0.8205267611957224,1.1632771106807576,0.0,0.6785415104407231,0.6532714459783607,0.502986002314048,0.2290580268804856,0.0,-1.0,1.6193882420772179,1.1632771106807576,-1.0
2015-03-19,2014-15,True,20150319_TennMartin@NorthwesternSt,-1.0,1.0,179.5,0.760576120859089,0.7267230654914227,0.5293534400670471,1.8031430944873137,0.0,20150319_Lafayette@Villanova,-1.0,14.5,163.0,0.9090997137572436,0.8978246228083452,0.8048449724817054,1.1859426754656113,1.0,0.6914395337635926,0.6524698621609609,0.4260474549038586,0.4785911325958596,0.0,-1.0,1.6193882420772179,1.1073411859489297,-1.0
2015-03-20,2014-15,True,20150320_CoastalCarolina@Wisconsin,-1.0,9.5,138.0,0.8026109309160198,0.7920821651770223,0.712634268549283,1.339396717397671,0.0,20150320_RobertMorris@Duke,-1.0,11.5,155.0,0.8301438208616385,0.8207016199647548,0.7521912444186349,1.2689592003131178,1.0,0.6662825048559412,0.6500631161059727,0.5360372572754489,0.13244025490899625,0.0,-1.0,1.4739730809215883,1.2533810722311018,-1.0
2015-03-21,2014-15,True,20150321_NorthernArizona@SacramentoState,-1.0,6.5,153.0,0.7842493954472479,0.7668407718431414,0.6588261579112723,1.4487888626434102,1.0,20150321_Cincinnati@Kentucky,-1.0,15.0,132.5,0.8581944049582444,0.8529521518573603,0.8128037615724496,1.1743301952164014,1.0,0.6730384432647138,0.6540784864755664,0.5354963793726069,0.14507833551219917,1.0,0.7013565078953841,1.4247732062690999,1.2689592003131178,0.8079790684547938
2015-03-22,2014-15,True,20150322_Oregon@Wisconsin,-1.0,14.5,154.0,0.8572162143298265,0.8505131388496388,0.8048449724817054,1.1859426754656113,1.0,20150322_GeoWashington@Temple,1.0,10.0,118.5,0.7731554986736262,0.764976372086583,0.7166798413502542,1.3318359816032816,1.0,0.662761429661295,0.6506224553691689,0.5768161671897383,0.04681917005500935,1.0,0.5794811273039644,1.2689592003131178,1.312869331207855,0.6659776166451374
2015-03-23,2014-15,True,20150323_OralRoberts@LoyolaChicago,-1.0,12.5,152.0,0.8489934616367573,0.8401353638408935,0.779558125586119,1.2244115848094703,0.0,20150323_Evansville@EasternIllinois,-1.0,9.5,157.0,0.7863532446227298,0.7748062952202771,0.712634268549283,1.339396717397671,1.0,0.6676087632215472,0.6509421687411022,0.555539834618714,0.0948602510707457,0.0,-1.0,1.2689592003131178,1.3024773613272187,-1.0
2015-03-24,2014-15,True,20150324_Vanderbilt@Stanford,-1.0,10.0,158.5,0.794074551062538,0.7849264995296183,0.732834234467898,1.3024773613272187,1.0,20150324_MiamiFlorida@Richmond,-1.0,15.0,146.5,0.8390161639794541,0.8338620338722,0.8205267611957224,1.1632771106807576,1.0,0.6662413837461978,0.654520407337954,0.601310100901291,0.009450370349983972,1.0,0.515142101611824,1.2244115848094703,1.198141446663465,0.46701826753512465
2015-03-25,2014-15,True,20150325_SeattleU@LoyolaChicago,-1.0,9.0,143.5,0.812774721875945,0.7985614231289226,0.702234443870935,1.3592326726933226,1.0,20150325_LouisianaTech@Temple,-1.0,15.0,164.5,0.8268389176030535,0.821684407452054,0.8128037615724496,1.1743301952164014,1.0,0.6720337712910293,0.6561654697777577,0.5707787974840333,0.07269222108007334,1.0,0.5961879698684605,1.3592326726933226,1.1073411859489297,0.5051343197607572
2015-03-26,2014-15,True,20150326_NorthCarolina@Wisconsin,-1.0,10.0,151.5,0.7812547390407778,0.7734234430591062,0.7228365520639025,1.3204921600528265,1.0,20150326_Xavier@Arizona,-1.0,15.0,150.5,0.849772106806332,0.8439364099807117,0.8128037615724496,1.1743301952164014,1.0,0.6638884855471129,0.6527202039302235,0.5875242685195998,0.029487769115620566,1.0,0.5506938160965633,1.4739730809215883,1.2533810722311018,0.847449960605281
2015-03-27,2014-15,True,20150327_UtahU@Duke,-1.0,11.0,145.5,0.8036928826502423,0.7952405640064438,0.7426209930059263,1.285312439305608,1.0,20150327_UCLA@Gonzaga,-1.0,12.5,156.0,0.8253636962840208,0.8175791038058152,0.770663569209761,1.23854304022538,1.0,0.6633389283013638,0.6501720676304193,0.5723109450400441,0.055979041602934654,1.0,0.5919147762170669,1.2244115848094703,1.2533810722311018,0.5346543050206767
2015-03-28,2014-15,True,20150328_Arizona@Wisconsin,-1.0,8.0,141.5,0.770211712556727,0.7597221390759417,0.6916448676056749,1.3800434944370696,0.0,20150328_NotreDame@Kentucky,-1.0,14.5,152.0,0.8638102462773872,0.8576624705212156,0.8128037615724496,1.1743301952164014,1.0,0.6653167691093546,0.6515851667095347,0.5621715500621715,0.0782301507335561,0.0,-1.0,1.3204921600528265,1.198141446663465,-1.0
2015-03-29,2014-15,True,20150329_Gonzaga@Duke,-1.0,9.0,156.5,0.7791946345370675,0.7699156087436964,0.712634268549283,1.339396717397671,1.0,20150329_MichiganState@Louisville,1.0,15.0,113.5,0.8505156911925664,0.845132157015136,0.8177932723978889,1.1671653854540367,1.0,0.6627172631668331,0.6506804391371817,0.5827875104997942,0.036024231395974216,1.0,0.5632974859373243,1.2533810722311018,1.1786701912204014,0.4773229080786645
2015-03-31,2014-15,True,20150331_TennMartin@Evansville,-1.0,9.5,159.0,0.792848250627256,0.7823859895821593,0.7228365520639025,1.3204921600528265,1.0,20150331_Stanford@OldDominion,-1.0,14.0,148.5,0.8398371195456535,0.8327716802541149,0.7966505145599064,1.198141446663465,1.0,0.665863391043605,0.6515488951516132,0.5758481111444166,0.053486699710306285,1.0,0.5821363869534573,1.2689592003131178,1.1332225254988226,0.4380131497337978
2015-04-02,2014-15,True,20150402_NorthernArizona@Evansville,-1.0,11.0,152.5,0.7885320779298628,0.7814900442217546,0.7426209930059263,1.285312439305608,1.0,20150402_Stanford@MiamiFlorida,-1.0,15.0,151.5,0.8390718630978874,0.8332696451164117,0.8128037615724496,1.1743301952164014,1.0,0.6616350797410585,0.6511919318106704,0.6036051365378847,-0.0013404442415274609,1.0,0.5093812077638236,1.3024773613272187,1.1859426754656113,0.5446634866257913
2015-04-04,2014-15,True,20150404_Wisconsin@Kentucky,-1.0,8.0,141.5,0.8110719959157413,0.7973109676269876,0.6916448676056749,1.3800434944370696,1.0,20150404_MichiganState@Duke,1.0,14.5,124.0,0.8209738454053362,0.8160336702937483,0.8015814485740163,1.190771070984764,1.0,0.6658688953875274,0.6506325952781106,0.5544096948741406,0.09423292304738262,1.0,0.6433158698763857,1.3024773613272187,1.190771070984764,0.5509523624810218
2015-11-22,2015-16,True,20151122_Towson@Bradley,-1.0,15.0,148.5,0.8715876041082251,0.8589297259306755,0.8190609531456903,1.1653589349292526,1.0,20151122_MissouriSt@MississippiSt,-1.0,8.5,154.0,0.7764370281521958,0.7582893300176837,0.6897418358882939,1.3838511024501414,0.0,0.6767328891080829,0.6513172464082446,0.5649406055271242,0.09135579285833662,0.0,-1.0,1.1547242160672357,1.6237499307793553,-1.0
2015-11-23,2015-16,True,20151123_CSNorthridge@USC,-1.0,14.0,171.5,0.8345170610857943,0.8246109153618417,0.7950292210848791,1.2005848020246486,1.0,20151123_Tulsa@SouthCarolina,-1.0,12.0,156.5,0.8018587218834857,0.7884300472674438,0.7597520162661299,1.2563309863802359,0.0,0.6691647839922178,0.650148022975987,0.6040250537097276,0.009322582397326196,0.0,-1.0,1.3239483167850923,1.3058092490370385,-1.0
2015-11-24,2015-16,True,20151124_KansasState@NorthCarolina,-1.0,12.0,163.5,0.7994165018778633,0.7903115930772966,0.7689116987014196,1.2413649078457412,1.0,20151124_St.Johns@IndianaU,-1.0,15.0,170.5,0.8331484743058187,0.825481176195564,0.8190609531456903,1.1653589349292526,1.0,0.6660326388744364,0.6523873434144368,0.6297855488232565,-0.03649341598692979,1.0,0.4466356868656627,1.1653589349292526,1.1653589349292526,0.3580614472194419
2015-11-25,2015-16,True,20151125_ClevelandState@SouthDakotaSt,-1.0,11.5,152.0,0.7990624866943895,0.7873103362294478,0.7503711204604084,1.2720372279444114,1.0,20151125_SanDiego@LoyolaChicago,-1.0,15.0,144.5,0.8384097344509701,0.8316664499992358,0.8190609531456903,1.1653589349292526,1.0,0.669941767279175,0.6547795923796496,0.6145996851373017,-0.006891757088804296,1.0,0.48237994914765814,1.2271060268128227,1.1882631786165094,0.4581249079200802
2015-11-26,2015-16,True,20151126_CharlotteU@Michigan,-1.0,14.5,162.0,0.8063916864985675,0.7998050929819348,0.803273228672558,1.1882631786165094,1.0,20151126_SantaClara@Arizona,-1.0,15.0,149.5,0.8190636271900037,0.813919792671848,0.8190609531456903,1.1653589349292526,1.0,0.660486099679381,0.6509771954577445,0.6579297363129614,-0.08538981787231315,1.0,0.38475311224818354,1.2271060268128227,1.1882631786165094,0.4581249079200802
2015-11-27,2015-16,True,20151127_California@Richmond,-1.0,9.5,157.0,0.7982177197478344,0.782324268219594,0.7209495928948242,1.3239483167850923,0.0,20151127_Columbia@Fairfield,-1.0,15.0,157.5,0.8437381900618678,0.8364553323716716,0.8190609531456903,1.1653589349292526,0.0,0.673486774135349,0.6543793057960452,0.5905016607264321,0.03910590687983184,0.0,-1.0,1.2720372279444114,1.2271060268128227,-1.0
2015-11-28,2015-16,True,20151128_CentralFlorida@MiamiOhio,1.0,9.5,125.0,0.7865124697689957,0.772101996706111,0.7079075467050023,1.348339913090031,1.0,20151128_ClevelandState@Maryland,-1.0,15.0,147.5,0.8526447537259286,0.8439921116821434,0.8112839654309546,1.1765300938654308,1.0,0.6706157310885572,0.6516479946339899,0.574314041649333,0.06383963732134901,1.0,0.5863624845103212,1.3284052480273607,1.2271060268128227,0.6300940859041568
2015-11-29,2015-16,True,20151129_CSNorthridge@UCLA,1.0,11.5,140.0,0.7948169865984193,0.7861666437828234,0.758822226549065,1.2578703767558694,0.0,20151129_Rider@RhodeIsland,1.0,15.0,109.5,0.8390760103501907,0.8333431277750208,0.812089386204197,1.1753632250526598,1.0,0.6669118660735627,0.6551465698823687,0.6162314761963323,-0.014001095331871882,0.0,-1.0,1.2423307186681882,1.200138038169264,-1.0
2015-11-30,2015-16,True,20151130_WakeForest@Rutgers,-1.0,8.0,164.5,0.7775446073525348,0.762957324398995,0.6897418358882939,1.3838511024501414,1.0,20151130_IllinoisState@Kentucky,-1.0,15.0,155.5,0.8657426907762361,0.8584366061210098,0.8112839654309546,1.1765300938654308,1.0,0.6731535605679355,0.6549504961722395,0.5595764917430818,0.09598989908353572,1.0,0.6281424674614449,1.342974242196718,1.1882631786165094,0.59580684183277
2015-12-01,2015-16,True,20151201_Richmond@Florida,-1.0,10.5,156.0,0.8046097390009985,0.7919140578529242,0.7407734948846171,1.2885180241885854,1.0,20151201_E.Washington@SanFrancisco,1.0,15.0,128.5,0.8333427696652301,0.8258566862444857,0.812089386204197,1.1753632250526598,1.0,0.67051570839871,0.65400751960884,0.6015742927771865,0.015480417654752499,1.0,0.5144767004487769,1.3239483167850923,1.200138038169264,0.5889207355439599
2015-12-02,2015-16,True,20151202_FloridaState@Iowa,-1.0,10.0,164.5,0.789777854705542,0.7762942125583177,0.7309643431488102,1.3058092490370385,1.0,20151202_GeorgeMason@Towson,1.0,15.0,112.5,0.8465727859179616,0.8391613124822576,0.812089386204197,1.1753632250526598,1.0,0.6686044387143818,0.6514360702828185,0.5936083847648713,0.026174206369919295,1.0,0.5348001702517653,1.3239483167850923,1.1327838965637098,0.49974733313678166
2015-12-03,2015-16,True,20151203_SouthFlorida@Delaware,1.0,8.5,123.0,0.7839843011394281,0.7696892862464045,0.6970794835867473,1.369284310432898,1.0,20151203_LongBeachState@ColoradoState,-1.0,15.0,169.5,0.8536044479676664,0.8471280729733288,0.8190609531456903,1.1653589349292526,1.0,0.6692124865894382,0.6520254018461336,0.5709505862448668,0.06786752154883646,1.0,0.5957077056214182,1.369284310432898,1.2135227496149728,0.6616576614011722
2015-12-04,2015-16,True,20151204_Samford@Texas,-1.0,9.5,157.0,0.7776041473861665,0.7640913408676477,0.7107358950077209,1.342974242196718,1.0,20151204_Arkansas@WakeForest,-1.0,15.0,181.5,0.861095339778526,0.8507345136578437,0.8190609531456903,1.1653589349292526,1.0,0.669591307506682,0.6500388752632079,0.5821360195998792,0.04794188881705552,1.0,0.5650470325237873,1.2720372279444114,1.144601534646243,0.45597576323232625
2015-12-05,2015-16,True,20151205_ArkansasLR@IdahoU,1.0,8.5,116.0,0.7907206950599973,0.7725460915597421,0.6860556090857937,1.3912866353092326,1.0,20151205_SetonHall@Rutgers,-1.0,15.0,157.5,0.8551409543409061,0.8465081328054821,0.8112839654309546,1.1765300938654308,1.0,0.6761776497907107,0.6539665494724103,0.5565859150452716,0.10682883592037618,1.0,0.6368905956340909,1.2913825462791246,1.1765300938654308,0.5193504283899575
2015-12-06,2015-16,True,20151206_Delaware@Columbia,1.0,10.5,124.0,0.799833764565522,0.7874677545886318,0.7289408016816182,1.3094341787399355,1.0,20151206_AppalachianSt@Hofstra,-1.0,15.0,175.5,0.8388740667270028,0.8308871642715436,0.8112839654309546,1.1765300938654308,1.0,0.6709598027866476,0.6542968495654281,0.5913779841526823,0.03367310188361383,1.0,0.5405887172234998,1.3094341787399355,1.2005848020246486,0.5720867742467937
2015-12-07,2015-16,True,20151207_CSNorthridge@SanFrancisco,1.0,11.0,126.5,0.7850141786817507,0.7761812925592853,0.7490927163193618,1.2742080909421987,0.0,20151207_IUPUI@Purdue,-1.0,15.0,154.5,0.8485959901460047,0.842720695176853,0.8190609531456903,1.1653589349292526,1.0,0.6661598842370929,0.6541040384488291,0.6135525942230307,-0.010812670362142951,0.0,-1.0,1.2578703767558694,1.1257998359092296,-1.0
2015-12-08,2015-16,True,20151208_WestVirginia@Virginia,-1.0,10.5,148.0,0.8097070453495409,0.7979435832598397,0.7407734948846171,1.2885180241885854,1.0,20151208_Evansville@Arkansas,-1.0,12.5,171.0,0.8255524156610198,0.8151104345929177,0.7778463956200544,1.2271060268128227,1.0,0.6684556072660603,0.650412140931558,0.5762079929668702,0.0569274023604307,1.0,0.5811482331387636,1.2135227496149728,1.2720372279444114,0.54364611446771
2015-12-09,2015-16,True,20151209_EasternKentucky@Kentucky,-1.0,7.5,169.0,0.7947400942788869,0.7752684590442833,0.6680494847891761,1.4287863724664382,1.0,20151209_Temple@Pennsylvania,1.0,15.0,118.5,0.8475207755824079,0.8404428980151588,0.8200953590826187,1.1638890397669488,1.0,0.6735587410896782,0.651568870458924,0.5478642821131378,0.12009369960630778,1.0,0.6629487990820648,1.4528922948900158,1.142625773794298,0.6601121826884777
2015-12-10,2015-16,True,20151210_WashingtonState@IdahoU,1.0,10.5,128.0,0.7890990091483558,0.7780476099809668,0.7289408016816182,1.3094341787399355,1.0,20151210_ULMonroe@KentState,-1.0,15.0,146.5,0.844172993751323,0.8379736611119342,0.8190609531456903,1.1653589349292526,1.0,0.6661360729189703,0.651983404255141,0.5970469478121299,0.016497547993954642,1.0,0.5259608198963317,1.348339913090031,1.144601534646243,0.5433119337476315
2015-12-11,2015-16,True,20151211_E.Washington@Pittsburgh,-1.0,15.0,163.5,0.8357974588782481,0.8302369116668649,0.8112839654309546,1.1765300938654308,1.0,20151211_NDakotaSt@NorthDakota,1.0,13.0,123.5,0.7904680116513315,0.7848277102705074,0.78656831932586,1.2134991666306474,1.0,0.6606711554627243,0.651592934365563,0.6381302651850451,-0.0567477087132533,1.0,0.4277182884215778,1.3239483167850923,1.22755211236519,0.6252155529318777
2015-12-12,2015-16,True,20151212_Rutgers@GeoWashington,-1.0,11.0,152.5,0.7977255789405654,0.7884530252120268,0.7407734948846171,1.2885180241885854,1.0,20151212_OldDominion@GeorgiaState,1.0,13.5,104.0,0.8333881373400132,0.8260274888279961,0.7953251789736041,1.200138038169264,1.0,0.6648150343417614,0.6512838724747272,0.5891558123980103,0.02806963250720651,1.0,0.5463994936954251,1.2885180241885854,1.0981189226508383,0.4149460245381562
2015-12-13,2015-16,True,20151213_ULMonroe@WestVirginia,-1.0,13.5,149.0,0.8454604944023821,0.8365414445771141,0.7865530335569271,1.2135227496149728,0.0,20151213_NCState@SouthFlorida,1.0,11.0,128.5,0.7881690156525717,0.7784171131453342,0.7490927163193618,1.2742080909421987,0.0,0.6663657656462622,0.6511781763141448,0.5892011484363926,0.030388393352430487,0.0,-1.0,1.144601534646243,1.22755211236519,-1.0
2015-12-14,2015-16,True,20151214_CalPolySLO@SaintMarysCA,-1.0,10.0,146.5,0.7925486816765259,0.7826376054561961,0.7309643431488102,1.3058092490370385,0.0,20151214_SouthernMiss@SouthAlabama,1.0,15.0,119.5,0.8408686416366599,0.8332937420829131,0.812089386204197,1.1753632250526598,0.0,0.6664293333922658,0.6521670189454042,0.5936083847648713,0.022835854351220153,0.0,-1.0,1.2885180241885854,1.2134991666306474,-1.0
2015-12-15,2015-16,True,20151215_AppalachianSt@Texas,-1.0,8.5,155.0,0.7828691929180103,0.7686312085945217,0.7003306177854318,1.3629277026589188,1.0,20151215_ULLafayette@UCLA,-1.0,14.5,183.0,0.8567015245662009,0.8465102542091427,0.8112839654309546,1.1765300938654308,1.0,0.6706852311087707,0.6506541997804292,0.5681670007096753,0.07546084234801986,1.0,0.6035254579410938,1.3239483167850923,1.1547242160672357,0.528795182213202
2015-12-16,2015-16,True,20151216_OldDominion@Richmond,-1.0,9.5,145.0,0.7946785402744094,0.7801045598701083,0.7107358950077209,1.342974242196718,1.0,20151216_KennesawSt@Louisville,1.0,14.5,122.0,0.839784708677616,0.8337154656449371,0.8038325463722216,1.187436368815565,1.0,0.667358886436698,0.650385236383846,0.5713126442821962,0.06423485212639735,1.0,0.5946964575669058,1.2885180241885854,1.152985556166702,0.485642670749896
2015-12-17,2015-16,True,20151217_Marshall@WestVirginia,-1.0,11.5,175.0,0.8045723784371004,0.7933178334143073,0.7503711204604084,1.2720372279444114,1.0,20151217_CalPolySLO@USC,-1.0,15.0,165.5,0.8319197750788284,0.8249061073483704,0.8112839654309546,1.1765300938654308,0.0,0.6693396721040306,0.6544127258518392,0.6087640581519886,0.0017271128816969128,0.0,-1.0,1.2413649078457412,1.1765300938654308,-1.0
2015-12-18,2015-16,True,20151218_ULLafayette@Pepperdine,-1.0,10.5,166.0,0.7988993420325803,0.7863445662037019,0.7309643431488102,1.3058092490370385,1.0,20151218_EasternKentucky@ETennesseeSt,-1.0,15.0,176.5,0.8408539068225435,0.832588659279996,0.8190609531456903,1.1653589349292526,1.0,0.6717576329060545,0.6547015681076502,0.5987043516149779,0.02223809280863831,1.0,0.5217364756785703,1.2135227496149728,1.1547242160672357,0.4012841057289058
2015-12-19,2015-16,True,20151219_UAB@SouthFlorida,1.0,10.5,119.0,0.7953477838152837,0.7824691983052414,0.7391303241244911,1.2913825462791246,1.0,20151219_Rice@NewMexico,-1.0,14.5,166.0,0.8419895858086516,0.8307422726511647,0.803273228672558,1.1882631786165094,0.0,0.6696745510684596,0.6500302400796312,0.5937236018692743,0.027617158455013335,0.0,-1.0,1.2423307186681882,1.1349675286876761,-1.0
2015-12-20,2015-16,True,20151220_NorthernArizona@ArkansasLR,1.0,11.5,118.0,0.7941932396149952,0.7864140973674114,0.7490927163193618,1.2742080909421987,1.0,20151220_Samford@Nebraska,-1.0,14.0,153.5,0.8350322435510938,0.826697801083927,0.803273228672558,1.1882631786165094,1.0,0.6631769626888209,0.6501268050350403,0.6017261248129504,0.0041126291117303815,1.0,0.5140945563618513,1.2742080909421987,1.2563309863802359,0.6008271077470897
2015-12-21,2015-16,True,20151221_EasternKentucky@WestVirginia,-1.0,8.0,170.5,0.7812980896519875,0.7640327847504738,0.67897831394917,1.4057886391809802,1.0,20151221_AppalachianSt@NorthCarolina,-1.0,14.0,174.5,0.8625081356097257,0.8522823943253932,0.803273228672558,1.1882631786165094,1.0,0.6738759586611761,0.6511716911302315,0.5454051024445995,0.1256739905340183,1.0,0.6704468768561689,1.3629277026589188,1.1349675286876761,0.546878686466765
2015-12-22,2015-16,True,20151222_IdahoState@UtahState,-1.0,11.5,157.0,0.7951537982375272,0.7858752366343,0.7503711204604084,1.2720372279444114,1.0,20151222_TennesseeTech@Iowa,-1.0,14.0,164.5,0.8362973746894136,0.8287642145423632,0.803273228672558,1.1882631786165094,1.0,0.6649850339403597,0.6513052732175194,0.6027530326348772,0.005134853440545983,1.0,0.5115149997957598,1.2720372279444114,1.1882631786165094,0.5115149997957598
2015-12-23,2015-16,True,20151223_No.Colorado@MississippiSt,-1.0,14.0,172.5,0.8494632688620002,0.8377227297231423,0.7950292210848791,1.2005848020246486,1.0,20151223_SMU@Colorado,-1.0,11.0,160.5,0.7912709276662487,0.7775450985507784,0.7407734948846171,1.2885180241885854,1.0,0.6721555887708389,0.6513672024408078,0.5889365746384407,0.03980799745082497,1.0,0.5469751569756442,1.1653589349292526,1.2135227496149728,0.41418957900372266
2015-12-25,2015-16,True,20151225_NewMexico@WashingtonState,-1.0,13.5,164.0,0.8098051471082374,0.800303800149764,0.7865530335569271,1.2135227496149728,1.0,20151225_Harvard@Oklahoma,-1.0,15.0,156.5,0.824781266553457,0.8168603309860115,0.8112839654309546,1.1765300938654308,1.0,0.6679121148934406,0.653736427079699,0.6381178640858105,-0.04639112655813993,1.0,0.4277460345123396,1.1257998359092296,1.1257998359092296,0.26742527053324827
2015-12-27,2015-16,True,20151227_Marshall@Maryland,-1.0,15.0,174.5,0.8251353402022936,0.8191787800241341,0.8112839654309546,1.1765300938654308,1.0,20151227_MiddleTennSt@SouthDakotaSt,1.0,14.0,123.5,0.8027894396465415,0.7966396081644672,0.8038325463722216,1.187436368815565,1.0,0.6624099373935577,0.6525902623350724,0.6521364557633176,-0.07457713499969665,1.0,0.397054622461803,1.1257998359092296,1.1753632250526598,0.3232237258980273
2015-12-28,2015-16,True,20151228_Pennsylvania@Villanova,1.0,15.0,119.5,0.8595367490060117,0.8522816992553199,0.812089386204197,1.1753632250526598,1.0,20151228_IUPUI@Butler,-1.0,10.0,162.5,0.773698715656443,0.7633298460111319,0.7209495928948242,1.3239483167850923,1.0,0.6650224787654657,0.6505720582506691,0.5854755123781235,0.034854888334201695,1.0,0.5561201634195665,1.22755211236519,1.3239483167850923,0.6252155529318777
2015-12-29,2015-16,True,20151229_Richmond@TexasTech,-1.0,15.0,159.5,0.8530387480387156,0.8424643007146899,0.8112839654309546,1.1765300938654308,1.0,20151229_Manhattan@EasternKentucky,-1.0,10.5,172.0,0.7857022581599107,0.7717669167471526,0.7309643431488102,1.3058092490370385,1.0,0.6702344706319219,0.6501860758321222,0.5930196508983998,0.02969722131832042,1.0,0.5363238783398947,1.1349675286876761,1.3058092490370385,0.4820510963170779
2015-12-30,2015-16,True,20151230_ArkansasLR@SouthAlabama,1.0,9.0,115.5,0.7912057469195709,0.7760766523907285,0.7079075467050023,1.348339913090031,1.0,20151230_MinnesotaU@OhioState,1.0,15.0,122.5,0.8469054260972445,0.8391373000854669,0.8200953590826187,1.1638890397669488,1.0,0.6700764402255078,0.6512348667465234,0.5805516937123345,0.051563050331676186,1.0,0.5693180467258074,1.2578703767558694,1.1638890397669488,0.4640215449536791
2015-12-31,2015-16,True,20151231_Gonzaga@SantaClara,1.0,14.5,117.0,0.8557899229491244,0.8468350928588219,0.812089386204197,1.1753632250526598,1.0,20151231_IdahoU@NorthDakota,1.0,10.5,120.0,0.7806446220732459,0.7681868460358547,0.7289408016816182,1.3094341787399355,1.0,0.6680678009747114,0.6505275790956986,0.5919650882168207,0.028196950405369403,1.0,0.5390607793179516,1.1234352827566316,1.2578703767558694,0.41313596238192085
2016-01-01,2015-16,True,20160101_USC@WashingtonState,1.0,11.5,138.0,0.8008227658497716,0.7907129229966438,0.758822226549065,1.2578703767558694,1.0,20160101_UtahU@Stanford,1.0,15.0,123.5,0.8350070381891832,0.8280263969255681,0.8200953590826187,1.1638890397669488,1.0,0.6686926458266875,0.6547311726313951,0.6223065863616276,-0.02101955955764967,1.0,0.4640215449536791,1.200138038169264,1.1638890397669488,0.3968275088326143
2016-01-02,2015-16,True,20160102_VMI@Furman,1.0,8.0,125.5,0.7855611464399145,0.7666037974435408,0.6748457806140962,1.4143972258838517,1.0,20160102_AppalachianSt@ULLafayette,-1.0,14.5,178.0,0.8603975064319541,0.8485007138157182,0.8112839654309546,1.1765300938654308,1.0,0.6758948515467296,0.6504638693446846,0.547491560950952,0.1247437134972722,1.0,0.6640809009321331,1.4143972258838517,1.1765300938654308,0.6640809009321331
2016-01-03,2015-16,True,20160103_FlaAtlantic@FloridaIntl,1.0,14.0,111.5,0.8365664746282417,0.8266330896649622,0.7953251789736041,1.200138038169264,1.0,20160103_Rice@TexSanAntonio,-1.0,11.0,173.5,0.7999697642418179,0.7864083896495991,0.7503711204604084,1.2720372279444114,1.0,0.6692278854809632,0.6500711968744955,0.5967890456767981,0.021656850689437457,1.0,0.5266202632234747,1.22755211236519,1.1547242160672357,0.41748415063257327
2016-01-04,2015-16,True,20160104_Rider@Quinnipiac,1.0,10.5,116.0,0.7894630419507496,0.7785524066999757,0.7391303241244911,1.2913825462791246,1.0,20160104_Virginia@VirginiaTech,-1.0,15.0,147.5,0.8481516323463615,0.8402846149947939,0.8112839654309546,1.1765300938654308,1.0,0.6695843677076523,0.6542056093171593,0.5996445803259839,0.017333295919840452,1.0,0.5193504283899575,1.2423307186681882,1.1765300938654308,0.4616394770465917
2016-01-05,2015-16,True,20160105_Richmond@RhodeIsland,-1.0,11.0,153.5,0.8020001307140497,0.7913852647305331,0.7503711204604084,1.2720372279444114,1.0,20160105_Mercer@TennesseeChat,1.0,14.5,113.0,0.8309148665082327,0.822309063206321,0.8038325463722216,1.187436368815565,1.0,0.6663938315518497,0.650763275675851,0.6031727284838672,0.006563403880154528,1.0,0.510463266948529,1.342974242196718,1.187436368815565,0.5946964575669058
2016-01-06,2015-16,True,20160106_Evansville@WichitaState,-1.0,7.0,165.5,0.797003301046013,0.7741732612167525,0.6569654222526219,1.4528922948900158,1.0,20160106_OhioState@Northwestern,1.0,15.0,116.5,0.8508570520145156,0.8418860602624066,0.8200953590826187,1.1638890397669488,1.0,0.6781358791738481,0.6517656768462707,0.5387742938671282,0.14673144581255038,1.0,0.691005417984339,1.0200685839343877,1.0905183868724155,0.11240354665135777
2016-01-07,2015-16,True,20160107_Cincinnati@SMU,-1.0,14.0,156.5,0.8282203025510498,0.8194359052486722,0.7950292210848791,1.2005848020246486,1.0,20160107_CharlotteU@SouthernMiss,1.0,12.5,118.0,0.8046920261828867,0.7936842338788401,0.7683139325599624,1.2423307186681882,1.0,0.6664622733856077,0.6503733586701061,0.6108320273518072,-0.005955937409807599,1.0,0.49152337992138606,1.079450263985715,1.1638890397669488,0.25636033122651325
2016-01-08,2015-16,True,20160108_IllinoisChicago@DetroitU,-1.0,13.0,171.5,0.8062743004775583,0.7981361068589867,0.7778463956200544,1.2271060268128227,1.0,20160108_UtahU@Colorado,-1.0,15.0,161.5,0.827874071519178,0.8210623230486694,0.8112839654309546,1.1765300938654308,1.0,0.6674935878976334,0.6553194860066607,0.6310543083348129,-0.03632137207968833,1.0,0.44372716890892616,1.2563309863802359,1.0933777668773477,0.3736443683472377
2016-01-09,2015-16,True,20160109_No.Colorado@WeberState,-1.0,11.0,169.5,0.7953816077031479,0.7841192638818243,0.7503711204604084,1.2720372279444114,1.0,20160109_ULMonroe@ArkansasLR,1.0,15.0,104.5,0.8376882611213032,0.8289804717274627,0.812089386204197,1.1753632250526598,1.0,0.6662818358847166,0.6500195572633455,0.6093684226400486,-0.0038381769766934193,1.0,0.4951057786237887,1.2885180241885854,1.152985556166702,0.485642670749896
2016-01-10,2015-16,True,20160110_CentralFlorida@SMU,-1.0,15.0,158.5,0.8532944773194813,0.8463157681525478,0.8112839654309546,1.1765300938654308,0.0,20160110_Stanford@Oregon,1.0,10.0,125.5,0.7792956552387986,0.769438045585443,0.7289408016816182,1.3094341787399355,1.0,0.6649686788143333,0.6511875505954393,0.5913779841526823,0.02444324388837904,0.0,-1.0,1.1087787036007442,1.1638890397669488,-1.0
2016-01-11,2015-16,True,20160111_VMI@ETennesseeSt,1.0,13.0,131.5,0.79843207661625,0.7913218374274007,0.77756373060278,1.22755211236519,1.0,20160111_TennesseeChat@Wofford,-1.0,15.0,149.5,0.8285775149328833,0.8219978567464576,0.8112839654309546,1.1765300938654308,1.0,0.6615628658853939,0.6504648543619922,0.6308249867387098,-0.044536506505606144,1.0,0.444252001985725,1.22755211236519,1.1765300938654308,0.444252001985725
2016-01-12,2015-16,True,20160112_Drake@Evansville,-1.0,9.0,152.5,0.7901815735111105,0.777265209677561,0.7107358950077209,1.342974242196718,1.0,20160112_Tulane@SouthFlorida,1.0,15.0,109.5,0.8444075588994081,0.8362672081123101,0.812089386204197,1.1753632250526598,1.0,0.66723529357581,0.6500014068598833,0.5771810767301108,0.05321925862650767,1.0,0.5784825364709862,1.1765300938654308,1.1061247635485727,0.30138907188467967
2016-01-13,2015-16,True,20160113_LaSalle@Richmond,-1.0,10.0,156.5,0.7809913557904675,0.7694293846837374,0.7209495928948242,1.3239483167850923,1.0,20160113_Rutgers@OhioState,1.0,15.0,119.5,0.8551886175392946,0.8475522271825174,0.8200953590826187,1.1638890397669488,1.0,0.6678949178685893,0.6521315886483756,0.5912474152655486,0.02917860456602317,1.0,0.5409289351240691,1.2135227496149728,1.1061247635485727,0.3423075644786755
2016-01-14,2015-16,True,20160114_California@Stanford,1.0,15.0,114.5,0.8513105398237104,0.8431286877960779,0.8200953590826187,1.1638890397669488,1.0,20160114_Wofford@TheCitadel,-1.0,10.5,183.0,0.78980190075289,0.7750365228622426,0.7407734948846171,1.2885180241885854,1.0,0.6723666824837353,0.6534555265148775,0.6075049052862864,0.008342938751173534,1.0,0.49969200589525875,1.0764558993246636,1.144601534646243,0.23211307434601158
2016-01-15,2015-16,True,20160115_GeoWashington@Dayton,-1.0,12.5,148.0,0.7953068859994772,0.7884107000185135,0.7689116987014196,1.2413649078457412,1.0,20160115_Evansville@IllinoisState,-1.0,15.0,153.5,0.8360483120950307,0.8301304279944538,0.8190609531456903,1.1653589349292526,1.0,0.664914979637418,0.6544837118417756,0.6297855488232565,-0.038110261724955685,1.0,0.4466356868656627,1.2563309863802359,1.1653589349292526,0.4640765402066891
2016-01-16,2015-16,True,20160116_MontanaState@No.Colorado,-1.0,11.0,178.5,0.7900517554981337,0.7767747957122151,0.7407734948846171,1.2885180241885854,1.0,20160116_Brown@Yale,1.0,15.0,124.5,0.8490756484746391,0.8407984235276307,0.8200953590826187,1.1638890397669488,1.0,0.6708137066281049,0.6531110236708279,0.6075049052862864,0.006013953275136208,1.0,0.49969200589525875,1.1547242160672357,1.1638890397669488,0.3439708590341377
2016-01-17,2015-16,True,20160117_OregonState@UtahU,-1.0,14.5,154.0,0.8477181581907047,0.8379751988988365,0.803273228672558,1.1882631786165094,1.0,20160117_VMI@NCGreensboro,1.0,10.5,127.0,0.7879533461327604,0.7768634820945223,0.7391303241244911,1.2913825462791246,1.0,0.6679623593238665,0.6509923309254,0.5937236018692743,0.024989796234810013,1.0,0.5345023292515143,1.144601534646243,1.2578703767558694,0.43976036362081605
2016-01-18,2015-16,True,20160118_IllinoisChicago@ClevelandState,-1.0,15.0,145.5,0.8334297045597895,0.8275061857549171,0.8112839654309546,1.1765300938654308,1.0,20160118_TexasTech@TCU,-1.0,12.5,148.0,0.793719680080566,0.7858431807825398,0.7689116987014196,1.2413649078457412,1.0,0.6615095584728368,0.6502900931308713,0.6238057319887391,-0.033863191840442064,1.0,0.4605031715490018,1.2005848020246486,1.1882631786165094,0.42661071305248166
2016-01-19,2015-16,True,20160119_Clemson@Virginia,-1.0,10.5,133.0,0.7935048214554353,0.7847058683056295,0.7407734948846171,1.2885180241885854,1.0,20160119_HoustonU@SMU,-1.0,15.0,156.5,0.8391888115511834,0.8325520290922062,0.8112839654309546,1.1765300938654308,1.0,0.6659003680773208,0.6533084628984134,0.6009776584161391,0.009491794450714242,1.0,0.5159802319458959,1.3629277026589188,1.1257998359092296,0.534383784009554
2016-01-20,2015-16,True,20160120_IllinoisState@Bradley,1.0,10.5,106.0,0.7900827563600076,0.7796425020804505,0.7391303241244911,1.2913825462791246,1.0,20160120_WakeForest@NorthCarolina,-1.0,15.0,184.5,0.8430856699523867,0.8348879506469465,0.8112839654309546,1.1765300938654308,1.0,0.6661074499636053,0.650914130799205,0.5996445803259839,0.012050639455945866,1.0,0.5193504283899575,1.1753632250526598,1.1257998359092296,0.3232237258980273
2016-01-21,2015-16,True,20160121_ArkansasLR@TexasState,1.0,12.5,101.0,0.8011346941479144,0.7925393925366851,0.7683139325599624,1.2423307186681882,1.0,20160121_No.Colorado@SouthernUtah,-1.0,14.5,175.0,0.8301913252025777,0.8216056495220813,0.8112839654309546,1.1765300938654308,1.0,0.6650950734004187,0.6511548423769389,0.6233207739030973,-0.02787078472874749,1.0,0.4616394770465917,1.142625773794298,1.1653589349292526,0.3315691547716362
2016-01-22,2015-16,True,20160122_RhodeIsland@GeoWashington,-1.0,12.0,149.5,0.802510957477669,0.7953718235382896,0.7689116987014196,1.2413649078457412,1.0,20160122_Valparaiso@WrightState,1.0,15.0,108.5,0.8231556800296449,0.817301387076215,0.812089386204197,1.1753632250526598,1.0,0.6605914529337721,0.6500584946191826,0.6244250294436623,-0.03616096121506385,1.0,0.4590546615527682,1.1765300938654308,1.1234352827566316,0.32175541867339663
2016-01-23,2015-16,True,20160123_TennesseeTech@EasternKentucky,-1.0,10.5,182.0,0.8090586003068577,0.7929595215105788,0.7407734948846171,1.2885180241885854,1.0,20160123_Troy@ULLafayette,-1.0,15.0,178.5,0.8334378815044147,0.8247456851527357,0.8112839654309546,1.1765300938654308,1.0,0.6743000858526744,0.6539899438666278,0.6009776584161391,0.022225600552074898,1.0,0.5159802319458959,1.1882631786165094,1.1653589349292526,0.38475311224818354
2016-01-24,2015-16,True,20160124_Providence@Villanova,1.0,11.0,121.5,0.7913122375976502,0.7824415209646193,0.7490927163193618,1.2742080909421987,1.0,20160124_SoIllinois@MissouriSt,-1.0,14.5,159.0,0.8401231509001428,0.8312036338797896,0.8112839654309546,1.1765300938654308,1.0,0.6647997303963803,0.6503682355242211,0.607726909371017,-0.0033693633888508545,1.0,0.49914416484031654,1.152985556166702,1.1170770542165303,0.2879737086369072
2016-01-25,2015-16,True,20160125_Davidson@Richmond,-1.0,11.5,185.0,0.8055342496640304,0.7923303955768857,0.7503711204604084,1.2720372279444114,1.0,20160125_DetroitU@WiscGreenBay,-1.0,13.5,197.0,0.8335437006002301,0.8215346312666578,0.7950292210848791,1.2005848020246486,0.0,0.6714479994251855,0.6509268593716219,0.5965669674242264,0.025427705693416458,0.0,-1.0,1.1765300938654308,1.1547242160672357,-1.0
2016-01-26,2015-16,True,20160126_Virginia@WakeForest,-1.0,11.5,153.0,0.8023421748019772,0.7920711086901662,0.7503711204604084,1.2720372279444114,1.0,20160126_Ohio@Toledo,-1.0,14.0,173.5,0.830196582195287,0.821422914630008,0.803273228672558,1.1882631786165094,1.0,0.666101731271735,0.6506253586944982,0.6027530326348772,0.0068227582071516135,1.0,0.5115149997957598,1.2271060268128227,1.144601534646243,0.40454744146361077
2016-01-27,2015-16,True,20160127_Missouri@Kentucky,-1.0,15.0,154.5,0.8512249213053177,0.8443157210335459,0.8190609531456903,1.1653589349292526,1.0,20160127_Pittsburgh@Clemson,-1.0,10.5,149.0,0.7781396549138131,0.7701388036512224,0.7407734948846171,1.2885180241885854,1.0,0.6623718665185576,0.6502402993006943,0.6067386447852586,-0.005391683538449099,1.0,0.5015859923055548,1.1765300938654308,1.2271060268128227,0.44372716890892616
2016-01-28,2015-16,True,20160128_Richmond@GeoWashington,-1.0,9.5,163.0,0.7930941780361013,0.7792978027020624,0.7209495928948242,1.3239483167850923,0.0,20160128_Evansville@SoIllinois,-1.0,14.5,166.0,0.8468039607602341,0.835927819219252,0.803273228672558,1.1882631786165094,1.0,0.6715952912168528,0.6514367127350899,0.5791195071947918,0.05655306420536976,0.0,-1.0,1.1653589349292526,1.1349675286876761,-1.0
2016-01-29,2015-16,True,20160129_KentState@Ohio,-1.0,11.0,164.5,0.7906482831723206,0.7806936601959658,0.7503711204604084,1.2720372279444114,1.0,20160129_Pennsylvania@Yale,1.0,15.0,113.5,0.842427727552237,0.8347535305520664,0.812089386204197,1.1753632250526598,1.0,0.6660640364859357,0.6516867891281977,0.6093684226400486,-0.004163810116391442,1.0,0.4951057786237887,1.2005848020246486,1.1061247635485727,0.3279965802595244
2016-01-30,2015-16,True,20160130_Belmont@TennesseeTech,-1.0,11.0,185.5,0.791374317966994,0.7774993137332493,0.7407734948846171,1.2885180241885854,1.0,20160130_Virginia@Louisville,-1.0,15.0,144.5,0.8459396358394875,0.8376706176794024,0.8112839654309546,1.1765300938654308,1.0,0.6694549023537216,0.6512883303802425,0.6009776584161391,0.014880398147512075,1.0,0.5159802319458959,1.1349675286876761,1.1653589349292526,0.32264455041075624
2016-01-31,2015-16,True,20160131_Richmond@St.Bonaventure,-1.0,9.5,173.0,0.7838718384186769,0.7698287010339849,0.7209495928948242,1.3239483167850923,1.0,20160131_WakeForest@NotreDame,-1.0,14.5,174.0,0.85402620156195,0.8447054634176181,0.8112839654309546,1.1765300938654308,1.0,0.6694470886760853,0.6502785096590952,0.5848948445995453,0.04277432443344065,1.0,0.5576650374201437,1.1547242160672357,1.1349675286876761,0.3105744898256446
2016-02-01,2015-16,True,20160201_SMU@HoustonU,-1.0,10.5,159.0,0.7944329759073462,0.7842001157154671,0.7407734948846171,1.2885180241885854,1.0,20160201_Texas@Baylor,-1.0,14.5,154.0,0.8360931752811691,0.8290450044302061,0.8112839654309546,1.1765300938654308,1.0,0.6642199893744416,0.6501371884074976,0.6009776584161391,0.006944373554966576,1.0,0.5159802319458959,1.1257998359092296,1.1882631786165094,0.3377464915034458
2016-02-02,2015-16,True,20160202_UtahState@BoiseState,-1.0,11.5,165.0,0.7959180344145123,0.7863169758939932,0.7597520162661299,1.2563309863802359,1.0,20160202_Georgetown@Butler,-1.0,14.5,160.0,0.8354138316852329,0.8276793618592333,0.8112839654309546,1.1765300938654308,0.0,0.6649209348376067,0.6508183328270224,0.6163746285005489,-0.01717291023734524,0.0,-1.0,1.2005848020246486,1.1257998359092296,-1.0
2016-02-03,2015-16,True,20160203_SoIllinois@WichitaState,-1.0,10.0,153.5,0.7883466036542343,0.7770280244113008,0.7309643431488102,1.3058092490370385,1.0,20160203_NotreDame@MiamiFlorida,-1.0,14.0,166.5,0.8485415192992144,0.8392234683381374,0.803273228672558,1.1882631786165094,1.0,0.6689448247991395,0.6521001536423828,0.5871640879656603,0.03796492540531804,1.0,0.5516450489275886,1.2271060268128227,1.100885189399236,0.3509028507407781
2016-02-04,2015-16,True,20160204_MurrayState@SEMissouriSt,1.0,11.0,121.5,0.7881932026652566,0.7775993232660615,0.7391303241244911,1.2913825462791246,1.0,20160204_MinnesotaU@Northwestern,1.0,15.0,118.5,0.8470220067663742,0.8390467317431246,0.8200953590826187,1.1638890397669488,1.0,0.6676169882411411,0.6524421707920544,0.6061573485717269,0.00344568586737104,1.0,0.5030259917606077,1.152985556166702,1.152985556166702,0.329375692729039
2016-02-05,2015-16,True,20160205_Fairfield@Monmouth,-1.0,13.0,177.5,0.8076888333002897,0.7989397843394732,0.7865530335569271,1.2135227496149728,1.0,20160205_CentralMichigan@Akron,-1.0,15.0,161.5,0.8269762549247578,0.8207099739886394,0.8190609531456903,1.1653589349292526,0.0,0.6679394865072206,0.6556978496237382,0.6442348773647708,-0.055406938776391135,0.0,-1.0,1.1882631786165094,1.1653589349292526,-1.0
2016-02-06,2015-16,True,20160206_SouthAlabama@ArkansasLR,1.0,15.0,112.5,0.8516908990394487,0.8419944437826236,0.812089386204197,1.1753632250526598,1.0,20160206_EasternKentucky@Belmont,-1.0,11.0,187.5,0.7889164297871061,0.7758042621486954,0.7407734948846171,1.2885180241885854,1.0,0.6719129433523725,0.6532228781920795,0.6015742927771865,0.01759649743712699,1.0,0.5144767004487769,1.0981189226508383,1.2135227496149728,0.3325922944194768
2016-02-07,2015-16,True,20160207_SMU@SouthFlorida,-1.0,14.5,152.0,0.8600741317201575,0.8524362465273462,0.8112839654309546,1.1765300938654308,1.0,20160207_Hofstra@JamesMadison,1.0,11.0,132.5,0.7724788793990632,0.7634786627462039,0.7391303241244911,1.2913825462791246,1.0,0.6643891014713096,0.6508168855750917,0.5996445803259839,0.009439865938053238,1.0,0.5193504283899575,1.1547242160672357,1.200138038169264,0.38582845529747356
2016-02-08,2015-16,True,20160208_NotreDame@Clemson,-1.0,14.5,155.0,0.8456822674214444,0.8372377204065938,0.803273228672558,1.1882631786165094,0.0,20160208_Quinnipiac@St.Peter's,1.0,10.5,109.0,0.7889540203112331,0.7784226184302798,0.7391303241244911,1.2913825462791246,1.0,0.6672044247880679,0.6517247785674993,0.5937236018692743,0.023826743924207028,0.0,-1.0,1.144601534646243,1.1753632250526598,-1.0
2016-02-09,2015-16,True,20160209_VirginiaTech@Virginia,-1.0,11.5,146.0,0.8052684568901523,0.7959343257313763,0.7503711204604084,1.2720372279444114,1.0,20160209_Pittsburgh@MiamiFlorida,-1.0,13.0,156.5,0.8255094119439009,0.8173299224433894,0.7778463956200544,1.2271060268128227,1.0,0.6647566903043621,0.6505409407200573,0.5836734714275104,0.03763503683580649,1.0,0.5609245487408636,1.2005848020246486,1.1882631786165094,0.42661071305248166
2016-02-10,2015-16,True,20160210_Tulsa@SMU,-1.0,10.0,154.5,0.7801122675694413,0.7702477968186212,0.7309643431488102,1.3058092490370385,0.0,20160210_Nebraska@Wisconsin,-1.0,15.0,151.5,0.8530933617326482,0.8458723747821999,0.8190609531456903,1.1653589349292526,1.0,0.6655085968696938,0.6515313330657245,0.5987043516149779,0.012728706734278283,0.0,-1.0,1.2413649078457412,1.1170770542165303,-1.0
2016-02-11,2015-16,True,20160211_Pepperdine@SaintMarysCA,-1.0,15.0,150.5,0.8420097503524583,0.8354392129767143,0.8112839654309546,1.1765300938654308,1.0,20160211_GeorgiaState@SouthAlabama,1.0,11.5,116.0,0.7947839876339837,0.7851088377677012,0.758822226549065,1.2578703767558694,1.0,0.6692158670118219,0.6559107095257112,0.6156203050118716,-0.009612479804950724,1.0,0.47992235243512793,1.144601534646243,1.200138038169264,0.37367984027587076
2016-02-12,2015-16,True,20160212_Niagara@St.Peter's,1.0,15.0,107.5,0.834664762297336,0.8283427309631866,0.812089386204197,1.1753632250526598,1.0,20160212_Princeton@Cornell,-1.0,13.0,165.5,0.7962783409865352,0.7885366722106915,0.7778463956200544,1.2271060268128227,1.0,0.6646254722020434,0.6531786205236272,0.631680801980237,-0.04141380707272435,1.0,0.4422952971562748,1.1234352827566316,1.2005848020246486,0.3487793265358756
2016-02-13,2015-16,True,20160213_OhioState@Rutgers,1.0,10.0,129.5,0.7818999102512135,0.7693175481658925,0.7185307355698888,1.3284052480273607,1.0,20160213_No.Colorado@E.Washington,-1.0,15.0,180.5,0.8545527962759308,0.8449869434369094,0.8190609531456903,1.1653589349292526,1.0,0.6681747547130739,0.6500632835570748,0.5885204691403471,0.03438057423786334,1.0,0.5480689249955948,1.1753632250526598,1.1087787036007442,0.3032177129338778
2016-02-14,2015-16,True,20160214_Syracuse@BostonCollege,1.0,9.0,110.5,0.7839137143793868,0.7711988553612259,0.7079075467050023,1.348339913090031,1.0,20160214_SouthFlorida@Temple,1.0,15.0,113.5,0.8508604156237599,0.8451299893710043,0.8200953590826187,1.1638890397669488,1.0,0.6670011488300105,0.6517632804343635,0.5805516937123345,0.04673694004578177,1.0,0.5693180467258074,1.200138038169264,1.142625773794298,0.3713086545231259
2016-02-15,2015-16,True,20160215_NCState@Virginia,-1.0,12.0,144.5,0.8225312802758138,0.8129565128653843,0.7597520162661299,1.2563309863802359,1.0,20160215_Wofford@NCGreensboro,-1.0,13.0,158.5,0.8098819272434445,0.8004539017163936,0.7778463956200544,1.2271060268128227,1.0,0.666153218487794,0.6507342126488505,0.590970367417678,0.026975991973948954,1.0,0.5416513250588857,1.1547242160672357,1.2005848020246486,0.38634434434014975
2016-02-16,2015-16,True,20160216_Rutgers@Illinois,1.0,10.5,133.0,0.7849266784703085,0.7734877631652161,0.7289408016816182,1.3094341787399355,1.0,20160216_WakeForest@Pittsburgh,-1.0,15.0,166.5,0.8538545394448162,0.8463021388833449,0.8190609531456903,1.1653589349292526,0.0,0.6702132075432146,0.6546043483668165,0.5970469478121299,0.02271909568799413,0.0,-1.0,1.2913825462791246,1.1765300938654308,-1.0
2016-02-17,2015-16,True,20160217_Evansville@Drake,-1.0,11.0,154.5,0.789337864920242,0.7802142563920115,0.7407734948846171,1.2885180241885854,1.0,20160217_VirginiaTech@MiamiFlorida,-1.0,15.0,159.5,0.8421821100660488,0.835274813372965,0.8112839654309546,1.1765300938654308,1.0,0.6647662286335593,0.6516933173987641,0.6009776584161391,0.007772461473701586,1.0,0.5159802319458959,1.2885180241885854,1.144601534646243,0.4748397079055997
2016-02-18,2015-16,True,20160218_ArkansasLR@GeorgiaState,1.0,13.5,103.0,0.8325781349108881,0.8241685507933977,0.7953251789736041,1.200138038169264,1.0,20160218_VMI@TennesseeChat,1.0,11.5,123.0,0.7985135667446019,0.7894751988218505,0.758822226549065,1.2578703767558694,1.0,0.6648249361012616,0.650660630500334,0.6035104231392838,0.003631747715847844,1.0,0.509618086231022,1.1234352827566316,1.2134991666306474,0.3632877793886382
2016-02-19,2015-16,True,20160219_DenverU@OralRoberts,-1.0,12.0,146.5,0.8022171678063259,0.7953907772679724,0.7689116987014196,1.2413649078457412,1.0,20160219_Richmond@VaCommonwealth,-1.0,15.0,164.5,0.8262407707044013,0.8202548910597346,0.8112839654309546,1.1765300938654308,1.0,0.6628245310006007,0.6524231753578583,0.6238057319887391,-0.031942670293143016,1.0,0.4605031715490018,1.2563309863802359,1.1882631786165094,0.4928518512705937
2016-02-20,2015-16,True,20160220_St.Josephs@Davidson,1.0,10.5,131.0,0.7951456136836218,0.7808305714250422,0.7289408016816182,1.3094341787399355,1.0,20160220_NotreDame@GeorgiaTech,-1.0,15.0,168.5,0.8429064041371166,0.8350476949624981,0.8112839654309546,1.1765300938654308,1.0,0.6702333299954625,0.6520307688247318,0.5913779841526823,0.032553906098144125,1.0,0.5405887172234998,1.0017467552073565,1.1349675286876761,0.13695003912859183
2016-02-21,2015-16,True,20160221_LaSalle@GeoWashington,-1.0,15.0,152.5,0.8587137835509433,0.851349278708707,0.8190609531456903,1.1653589349292526,1.0,20160221_Northeastern@Hofstra,1.0,10.5,136.0,0.7749377921814824,0.7645389833912172,0.7289408016816182,1.3094341787399355,0.0,0.6654497635407753,0.6508897120548008,0.5970469478121299,0.01545026677250183,0.0,-1.0,1.1653589349292526,1.22755211236519,-1.0
2016-02-22,2015-16,True,20160222_Virginia@MiamiFlorida,-1.0,11.5,137.0,0.8088676748994098,0.8000748571431715,0.7503711204604084,1.2720372279444114,1.0,20160222_IowaState@WestVirginia,-1.0,13.5,173.0,0.8210178505911807,0.8127927586964526,0.7865530335569271,1.2135227496149728,0.0,0.6640947998585993,0.6502950503010686,0.5902066810916446,0.025127357439938436,0.0,-1.0,1.3629277026589188,1.1349675286876761,-1.0
2016-02-23,2015-16,True,20160223_Rutgers@MinnesotaU,1.0,11.0,131.5,0.7908694773165797,0.7819462835083535,0.7490927163193618,1.2742080909421987,1.0,20160223_MichiganState@OhioState,1.0,15.0,124.5,0.8399562749484409,0.8326083249232626,0.812089386204197,1.1753632250526598,1.0,0.6642957801372549,0.6510549852918608,0.6083302442058252,-0.005112554820107085,1.0,0.49765733115801547,1.3094341787399355,1.187436368815565,0.5548697664059403
2016-02-24,2015-16,True,20160224_GeoWashington@Richmond,-1.0,11.5,161.0,0.7899829994638334,0.7803871083528212,0.7503711204604084,1.2720372279444114,1.0,20160224_Drake@MissouriSt,-1.0,15.0,160.5,0.8453468268359644,0.8384307319297811,0.8190609531456903,1.1653589349292526,1.0,0.6678096218511089,0.6543005344448213,0.6145996851373017,-0.010052406720036378,1.0,0.48237994914765814,1.1765300938654308,1.1257998359092296,0.32453738661597265
2016-02-25,2015-16,True,20160225_UTArlington@ArkansasLR,1.0,11.0,124.5,0.7897397422324542,0.7781998838012567,0.7391303241244911,1.2913825462791246,1.0,20160225_CollCharleston@Northeastern,1.0,15.0,103.5,0.8462933350273647,0.8383214156266579,0.8200953590826187,1.1638890397669488,1.0,0.6683514802575551,0.6523816282287702,0.6061573485717269,0.004549646458781975,1.0,0.5030259917606077,1.1753632250526598,1.0981189226508383,0.2906885984182417
2016-02-26,2015-16,True,20160226_Quinnipiac@Marist,1.0,11.5,126.0,0.7961373577403624,0.7865035630442467,0.758822226549065,1.2578703767558694,1.0,20160226_DetroitU@Oakland,-1.0,15.0,200.5,0.836368533029452,0.827036328105318,0.8112839654309546,1.1765300938654308,0.0,0.665864233983251,0.6504670188218633,0.6156203050118716,-0.014572636441092746,0.0,-1.0,1.187436368815565,1.100885189399236,-1.0
2016-02-27,2015-16,True,20160227_GeorgiaTech@BostonCollege,1.0,14.0,114.5,0.8502646562190458,0.8410783200453612,0.8038325463722216,1.187436368815565,1.0,20160227_Rutgers@Northwestern,1.0,10.5,126.0,0.7862332335373935,0.7754801361213735,0.7289408016816182,1.3094341787399355,1.0,0.6685063300216606,0.6522395301175128,0.5859463407703438,0.03944028120167187,1.0,0.5548697664059403,1.1234352827566316,1.3284052480273607,0.49237732543301127
2016-02-28,2015-16,True,20160228_Quinnipiac@Siena,1.0,11.0,128.5,0.795710174810286,0.7856484363122049,0.7490927163193618,1.2742080909421987,1.0,20160228_Iowa@OhioState,1.0,15.0,127.5,0.8374512450181864,0.8301765737222374,0.812089386204197,1.1753632250526598,1.0,0.6663684765685127,0.6522269270078997,0.6083302442058252,-0.0020083658145686467,1.0,0.49765733115801547,1.22755211236519,1.1753632250526598,0.44281960970975476
2016-02-29,2015-16,True,20160229_Kansas@Texas,-1.0,11.5,153.0,0.7898481728610681,0.7832905215038316,0.7597520162661299,1.2563309863802359,1.0,20160229_OklahomaState@IowaState,-1.0,14.5,163.0,0.8372710525029883,0.8315118229845979,0.8112839654309546,1.1765300938654308,1.0,0.6613170110089487,0.6513153294622074,0.6163746285005489,-0.022499910460479056,1.0,0.47811121333198825,1.2885180241885854,1.1257998359092296,0.4506133801975942
2016-03-01,2015-16,True,20160301_KennesawSt@FlaGulfCoast,1.0,10.0,134.5,0.785540373579694,0.772588431415757,0.7289408016816182,1.3094341787399355,1.0,20160301_ArkansasState@ArkansasLR,1.0,15.0,122.5,0.8516676172770782,0.8433462942621592,0.812089386204197,1.1753632250526598,1.0,0.6690192982415638,0.651559590624293,0.5919650882168207,0.029661362530410296,1.0,0.5390607793179516,1.369284310432898,1.1327838965637098,0.5511032166757306
2016-03-02,2015-16,True,20160302_BostonCollege@NCState,1.0,9.5,126.0,0.7805147893153336,0.7700754934425369,0.7185307355698888,1.3284052480273607,1.0,20160302_MichiganState@Rutgers,1.0,14.5,135.0,0.8529579922280052,0.8444762639686251,0.8038325463722216,1.187436368815565,1.0,0.6657463275986714,0.650310475676149,0.5775783908198491,0.05014606287631729,1.0,0.5773967040331491,1.3284052480273607,1.200138038169264,0.5942696682613111
2016-03-03,2015-16,True,20160303_SouthAlabama@UTArlington,1.0,10.0,136.5,0.7829207432462736,0.769681737563941,0.7185307355698888,1.3284052480273607,1.0,20160303_Illinois@Maryland,1.0,15.0,127.5,0.8546149270771775,0.8452806883874954,0.812089386204197,1.1753632250526598,1.0,0.6690957538966237,0.6505971089673316,0.5835111840178012,0.044698460754676095,1.0,0.5613586764983172,1.22755211236519,1.152985556166702,0.41534985499898847
2016-03-04,2015-16,True,20160304_BallState@NoIllinois,1.0,11.0,119.5,0.7985183479255281,0.7869833171159258,0.7490927163193618,1.2742080909421987,1.0,20160304_VMI@Samford,1.0,15.0,130.5,0.840204927907954,0.8311185914529158,0.812089386204197,1.1753632250526598,1.0,0.6709190509519468,0.6540764660183316,0.6083302442058252,0.004806835271761178,1.0,0.49765733115801547,1.142625773794298,1.1234352827566316,0.28366610926761204
2016-03-05,2015-16,True,20160305_Clemson@BostonCollege,1.0,14.5,111.0,0.8605049208711948,0.8501075192386762,0.8038325463722216,1.187436368815565,1.0,20160305_MinnesotaU@Rutgers,1.0,9.5,134.0,0.7800599150520091,0.7657864411056496,0.7079075467050023,1.348339913090031,0.0,0.67124539547662,0.6510008117149384,0.5690391258639944,0.07470942237880407,0.0,-1.0,1.1753632250526598,1.4143972258838517,-1.0
2016-03-06,2015-16,True,20160306_Temple@Tulane,1.0,8.5,122.0,0.7766408445138352,0.7617572136929488,0.6860556090857937,1.3912866353092326,0.0,20160306_American@Lehigh,1.0,14.5,109.0,0.8665647095412988,0.8569307726581568,0.8038325463722216,1.187436368815565,1.0,0.6730095478440407,0.6527731977078233,0.551473827204379,0.11185508134625821,0.0,-1.0,1.2742080909421987,1.152985556166702,-1.0
2016-03-07,2015-16,True,20160307_MiamiOhio@BallState,1.0,10.0,113.5,0.7842430098952405,0.7737525568375209,0.7289408016816182,1.3094341787399355,0.0,20160307_Pepperdine@SaintMarysCA,1.0,15.0,116.5,0.8469316171136655,0.8408093841147698,0.8200953590826187,1.1638890397669488,1.0,0.6642002005806644,0.6505784107717844,0.5978009685050586,0.012265075960571137,0.0,-1.0,1.22755211236519,1.1638890397669488,-1.0
2016-03-08,2015-16,True,20160308_No.Colorado@PortlandState,-1.0,11.5,177.0,0.798967409967959,0.7865729519365849,0.7503711204604084,1.2720372279444114,1.0,20160308_Gonzaga@SaintMarysCA,1.0,15.0,118.5,0.8401030292718736,0.8336941477348342,0.812089386204197,1.1753632250526598,1.0,0.6712149414035853,0.6557612667960439,0.6093684226400486,0.0035373375911280647,1.0,0.4951057786237887,1.1653589349292526,1.1327838965637098,0.3200998352044935
2016-03-09,2015-16,True,20160309_SaintLouis@GeorgeMason,1.0,10.0,122.5,0.7959091291802559,0.7823883743555897,0.7289408016816182,1.3094341787399355,1.0,20160309_HolyCross@Lehigh,1.0,14.5,118.0,0.8403691088298272,0.8326139299164065,0.812089386204197,1.1753632250526598,0.0,0.6688574455987355,0.6514274590931162,0.5919650882168207,0.029412261475804113,0.0,-1.0,1.22755211236519,1.2578703767558694,-1.0
2016-03-10,2015-16,True,20160310_Tulane@CentralFlorida,1.0,9.5,124.0,0.7889183507960538,0.7743734663505528,0.7079075467050023,1.348339913090031,1.0,20160310_UCDavis@CalSantaBarb,1.0,15.0,105.5,0.8525322983152528,0.8425024804157647,0.812089386204197,1.1753632250526598,1.0,0.6725783747872386,0.6524115661684945,0.5748842050929843,0.06589491002434422,1.0,0.584789148716722,1.3094341787399355,1.1145563969123966,0.45943824025032565
2016-03-11,2015-16,True,20160311_MiamiFlorida@Virginia,-1.0,14.5,141.0,0.8418694338560454,0.8342169409308549,0.803273228672558,1.1882631786165094,0.0,20160311_SouthFlorida@Temple,1.0,11.5,116.0,0.7886993874500403,0.7801227049904499,0.7490927163193618,1.2742080909421987,1.0,0.6639819067951752,0.6507915765078368,0.6017261248129504,0.005331390601336805,0.0,-1.0,1.1547242160672357,1.2578703767558694,-1.0
2016-03-12,2015-16,True,20160312_Vermont@StonyBrook,1.0,10.0,129.5,0.7927367301942568,0.7797591987561009,0.7185307355698888,1.3284052480273607,1.0,20160312_Connecticut@Temple,1.0,14.5,113.0,0.8429712946472784,0.8345412760688028,0.812089386204197,1.1753632250526598,1.0,0.6682543077663029,0.6507412367563037,0.5835111840178012,0.04338466153829379,1.0,0.5613586764983172,1.369284310432898,1.1753632250526598,0.6094064231244183
2016-03-13,2015-16,True,20160313_MemphisU@Connecticut,1.0,12.5,127.0,0.7954099344800775,0.7881474059624012,0.7683139325599624,1.2423307186681882,1.0,20160313_ULMonroe@ArkansasLR,1.0,15.0,113.5,0.8350813529922151,0.8289957680166639,0.8200953590826187,1.1638890397669488,1.0,0.6642320042690723,0.6533708641161421,0.6300906904109412,-0.0395636256857852,1.0,0.445935107223701,1.2913825462791246,1.1638890397669488,0.5030259917606077
2016-03-15,2015-16,True,20160315_Mercer@CoastalCarolina,1.0,9.5,127.0,0.7858312131481183,0.7722315109358158,0.7185307355698888,1.3284052480273607,0.0,20160315_HighPoint@SouthCarolina,1.0,15.0,129.5,0.853591297864583,0.8452879875793249,0.812089386204197,1.1753632250526598,1.0,0.6707786851336021,0.6527580198242772,0.5835111840178012,0.047326120043482245,0.0,-1.0,1.1638890397669488,1.142625773794298,-1.0
2016-03-16,2015-16,True,20160316_UTArlington@SavannahState,1.0,9.0,126.5,0.7870520961005153,0.7723307512608247,0.7079075467050023,1.348339913090031,1.0,20160316_Hofstra@GeoWashington,1.0,15.0,133.5,0.854434507064516,0.8455884564483658,0.812089386204197,1.1753632250526598,1.0,0.6724844697657378,0.6530739678262475,0.5748842050929843,0.0657460903652598,1.0,0.584789148716722,1.2578703767558694,1.0905183868724155,0.37173077415440825
2016-03-17,2015-16,True,20160317_Hampton@Virginia,-1.0,15.0,148.5,0.8535538419883021,0.8475305361847826,0.8190609531456903,1.1653589349292526,1.0,20160317_Providence@USC,1.0,10.5,139.0,0.7791380465595873,0.7683893585324723,0.7391303241244911,1.2913825462791246,0.0,0.6650362730801963,0.6512334450357073,0.6053927877762887,0.0008291737333012694,0.0,-1.0,1.100885189399236,1.2742080909421987,-1.0
2016-03-18,2015-16,True,20160318_Cincinnati@St.Josephs,1.0,11.0,125.5,0.7936628572271085,0.7811401395501055,0.7391303241244911,1.2913825462791246,1.0,20160318_Temple@Iowa,1.0,14.0,124.5,0.8418340249042795,0.833034135800308,0.8038325463722216,1.187436368815565,1.0,0.6681323975165273,0.6507164010890542,0.5941370105419151,0.024537336738658322,1.0,0.533434601505482,1.2742080909421987,1.1638890397669488,0.48303683142999265
2016-03-19,2015-16,True,20160319_Butler@Virginia,-1.0,14.0,145.5,0.8342089718301667,0.8267183806880023,0.7950292210848791,1.2005848020246486,0.0,20160319_NewHampshire@CoastalCarolina,1.0,12.0,126.5,0.7966905721944275,0.7872054537516076,0.758822226549065,1.2578703767558694,1.0,0.6646064230971006,0.6507972179942931,0.6032858437151968,0.0036753660815738165,0.0,-1.0,1.1547242160672357,1.3094341787399355,-1.0
2016-03-20,2015-16,True,20160320_TennMartin@BallState,1.0,9.5,127.0,0.7796833552390247,0.7662605540080936,0.7079075467050023,1.348339913090031,1.0,20160320_Florida@OhioState,1.0,14.5,125.0,0.8591797651141622,0.84923344302532,0.812089386204197,1.1753632250526598,1.0,0.6698881620176871,0.6507340885347824,0.5748842050929843,0.0616314900194197,1.0,0.584789148716722,1.369284310432898,1.1638890397669488,0.5936950012376943
2016-03-21,2015-16,True,20160321_GeorgiaTech@SouthCarolina,1.0,15.0,129.5,0.8628753565598338,0.8551786670411221,0.8200953590826187,1.1638890397669488,1.0,20160321_WashingtonU@SanDiegoState,1.0,10.0,138.5,0.7728997808010827,0.7613880894101344,0.7185307355698888,1.3284052480273607,1.0,0.6669161739437516,0.6511228514027454,0.589263721599086,0.031129972968829245,1.0,0.5461163085479404,1.1234352827566316,1.2742080909421987,0.4314903269384367
2016-03-22,2015-16,True,20160322_SaintMarysCA@Valparaiso,1.0,11.5,117.0,0.8004409860446177,0.7926861047014175,0.7490927163193618,1.2742080909421987,0.0,20160322_Creighton@BYU,1.0,14.5,147.0,0.8274410489955737,0.820950451173096,0.812089386204197,1.1753632250526598,1.0,0.6623177291518098,0.6507560152932726,0.6083302442058252,-0.00807499737986328,0.0,-1.0,1.1145563969123966,1.0905183868724155,-1.0
2016-03-23,2015-16,True,20160323_BallState@Columbia,1.0,10.0,125.5,0.784713847569564,0.7725971922068596,0.7185307355698888,1.3284052480273607,1.0,20160323_GeorgiaTech@SanDiegoState,1.0,14.5,117.0,0.8496287457521005,0.8419231052624639,0.8038325463722216,1.187436368815565,1.0,0.6667154420848336,0.65046742717986,0.5775783908198491,0.05167474087262036,1.0,0.5773967040331491,1.2134991666306474,1.1061247635485727,0.3422814787557149
2016-03-24,2015-16,True,20160324_MiamiFlorida@Villanova,-1.0,15.0,157.5,0.8355672174650287,0.8296903187185324,0.8190609531456903,1.1653589349292526,0.0,20160324_TexasA&M@Oklahoma,1.0,13.0,132.5,0.7977184917915621,0.7893403105835328,0.77756373060278,1.22755211236519,1.0,0.6665474205066748,0.6549080138654367,0.6368720903190317,-0.04647803810390283,0.0,-1.0,1.1087787036007442,1.22755211236519,-1.0
2016-03-25,2015-16,True,20160325_Gonzaga@Syracuse,1.0,11.5,124.0,0.7924075386861987,0.7846599505297793,0.758822226549065,1.2578703767558694,0.0,20160325_IowaState@Virginia,-1.0,15.0,155.5,0.8338807058571558,0.8283897632606347,0.8112839654309546,1.1765300938654308,1.0,0.6607733576861788,0.6500042706594653,0.6156203050118716,-0.02210673806661201,0.0,-1.0,1.2578703767558694,1.1653589349292526,-1.0
2016-03-26,2015-16,True,20160326_Oklahoma@Oregon,1.0,15.0,136.5,0.816052522719446,0.8103707025742873,0.812089386204197,1.1753632250526598,1.0,20160326_Villanova@Kansas,1.0,15.0,130.5,0.8148700710440256,0.8098138355251049,0.812089386204197,1.1753632250526598,0.0,0.6649767771640512,0.6562494068488576,0.6594891711855094,-0.08134873916735186,0.0,-1.0,1.142625773794298,1.1638890397669488,-1.0
2016-03-27,2015-16,True,20160327_CalIrvine@CoastalCarolina,1.0,11.5,125.0,0.7984383410540509,0.7871170810516953,0.7490927163193618,1.2742080909421987,0.0,20160327_NotreDame@NorthCarolina,-1.0,15.0,170.5,0.8360591258202715,0.8304039765912818,0.8112839654309546,1.1765300938654308,1.0,0.6675416614430376,0.6536251541482501,0.607726909371017,0.0007411865401398821,0.0,-1.0,1.4386686504592567,1.1349675286876761,-1.0
2016-03-28,2015-16,True,20160328_Nevada@MoreheadState,1.0,12.5,129.0,0.8078042094310287,0.7992789393289566,0.7683139325599624,1.2423307186681882,1.0,20160328_NoIllinois@CalSantaBarb,1.0,13.5,123.0,0.8223255302422914,0.8141481686617257,0.7953251789736041,1.200138038169264,1.0,0.6642780248523257,0.6507314847045566,0.6110594159211656,-0.009582488374921927,1.0,0.49096835145985107,1.152985556166702,1.200138038169264,0.3837418234154033
2016-03-29,2015-16,True,20160329_CalIrvine@Columbia,1.0,15.0,124.5,0.8481549884046007,0.8408129981787728,0.8200953590826187,1.1638890397669488,1.0,20160329_BYU@Valparaiso,1.0,11.5,136.0,0.7855944936132622,0.7753736775048008,0.7490927163193618,1.2742080909421987,1.0,0.6663058886212745,0.6519442664917124,0.6143274601761012,-0.011843826175959582,1.0,0.48303683142999265,1.152985556166702,1.2134991666306474,0.3991470115454663
2016-03-30,2015-16,True,20160330_MoreheadState@Nevada,-1.0,15.0,162.5,0.816833176039992,0.8118013244727985,0.8112839654309546,1.1765300938654308,1.0,20160330_OldDominion@Oakland,-1.0,15.0,161.5,0.8119932093858881,0.8068796030339133,0.8112839654309546,1.1765300938654308,1.0,0.6632629921455813,0.6550259304330167,0.6581816725653743,-0.08189607025284906,1.0,0.3842230617709994,1.144601534646243,1.144601534646243,0.3101126731145347
2016-04-02,2015-16,True,20160402_Syracuse@NorthCarolina,-1.0,13.5,161.0,0.8200541463700537,0.814400398065963,0.7950292210848791,1.2005848020246486,1.0,20160402_Villanova@Oklahoma,-1.0,13.5,163.0,0.8042288845715173,0.7984002618687751,0.7950292210848791,1.2005848020246486,1.0,0.659511231423436,0.6502174910818995,0.6320714623788295,-0.049377960793562714,1.0,0.4414038668525646,1.0933777668773477,1.0933777668773477,0.1954749411016956
2016-11-20,2016-17,True,20161120_RhodeIsland@Duke,-1.0,15.0,167.5,0.8510900495144407,0.8455223273067335,0.8146533750334672,1.1716639607130919,1.0,20161120_Missouri@Tulane,1.0,11.5,134.0,0.7799409752627392,0.773269058401981,0.7511007524852459,1.270801549381685,0.0,0.6638000032547059,0.6538162538943294,0.6118867630022825,-0.011633407547647967,0.0,-1.0,1.1609183854947178,1.270801549381685,-1.0
2016-11-21,2016-17,True,20161121_Creighton@Mississippi,-1.0,10.0,177.5,0.7935355317790074,0.7840625328656122,0.7269211240705739,1.3130723105899609,1.0,20161121_NCState@St.Josephs,-1.0,14.0,169.5,0.8370547130176107,0.8291771489538492,0.7906663481009146,1.2072095926335984,1.0,0.6642326568225541,0.650126735603042,0.5747520705262925,0.05291071358011745,1.0,0.5851534891657644,1.3130723105899609,1.1947837655456561,0.5688374796804088
2016-11-22,2016-17,True,20161122_NorthernArizona@UNLV,1.0,4.5,139.0,0.780809848981399,0.7574229221907629,0.5949926681535457,1.604221448580403,1.0,20161122_Tennessee@Oregon,-1.0,15.0,167.5,0.8685917421959696,0.8619876657925214,0.8146533750334672,1.1716639607130919,1.0,0.6782049870505253,0.6528892167169663,0.4847127852314538,0.274759828768125,1.0,0.8796084563046085,2.0813079245050714,1.22024901687449,1.5397139486903986
2016-11-23,2016-17,True,20161123_St.Bonaventure@Pepperdine,-1.0,7.0,168.5,0.7883489017124743,0.7713925729328399,0.6535116920005868,1.4605706549457464,1.0,20161123_ArkansasLR@CentralMichigan,-1.0,12.0,157.5,0.8547574371317075,0.8430841643596177,0.7646491616313195,1.2482848970417342,0.0,0.6738470867933509,0.6503488627442988,0.49970716740451376,0.22856359458542452,0.0,-1.0,1.1143972884640119,1.3312863594595314,-1.0
2016-11-24,2016-17,True,20161124_LSU@OldDominion,1.0,14.0,118.5,0.8493605787755052,0.8417457248797999,0.7968561659593066,1.1978322321832218,1.0,20161124_Vanderbilt@Butler,1.0,9.5,132.0,0.7839760298744415,0.7739580380440791,0.72080118453154,1.3242209092932395,1.0,0.6658783344802783,0.6514758697599612,0.5743748683247296,0.05621254361976602,1.0,0.5861944876824168,1.1853220137889464,1.3055188784563905,0.5474602660514156
2016-11-25,2016-17,True,20161125_SMU@USC,1.0,7.5,133.0,0.7765909459829616,0.7610275535030369,0.6660854595063395,1.432999304184504,1.0,20161125_CSNorthridge@NewMexico,-1.0,13.5,179.0,0.8650907210028317,0.8554904800289553,0.7906663481009146,1.2072095926335984,0.0,0.6718216213846714,0.6510518270615745,0.526651357790997,0.16220471759087762,0.0,-1.0,1.512349919981063,1.2482848970417342,-1.0
2016-11-26,2016-17,True,20161126_WesternKentucky@UNLV,1.0,4.0,139.5,0.7564915112450142,0.736019347711808,0.5949926681535457,1.604221448580403,0.0,20161126_Virginia@Providence,1.0,15.0,101.5,0.8906811286918449,0.8837245550642755,0.8134265429298616,1.1734310962634797,1.0,0.6737927130815088,0.6504383705753158,0.48398282912475304,0.2683766006027348,0.0,-1.0,1.7494575571662003,1.1513909820988062,-1.0
2016-11-27,2016-17,True,20161127_Stanford@SetonHall,-1.0,7.5,154.0,0.8101391971821943,0.7947376078598807,0.6753334258041102,1.4133759170345968,1.0,20161127_CSNorthridge@PortlandU,-1.0,11.0,182.5,0.831334887673199,0.8191775131072753,0.7366665694264193,1.2957015284991003,1.0,0.673496978489115,0.651031177179482,0.49749555800610507,0.23338399849349578,1.0,0.8313133360455445,1.23393078184056,1.2072095926335984,0.48961307648380004
2016-11-28,2016-17,True,20161128_Tulsa@OralRoberts,1.0,8.5,133.0,0.7790307245504452,0.7680799207129115,0.699506621090224,1.3645331884240828,1.0,20161128_MinnesotaU@FloridaState,-1.0,15.0,170.5,0.8515430456652398,0.846719117084543,0.8146533750334672,1.1716639607130919,1.0,0.6633781958504845,0.6503479523164022,0.5698554297294077,0.06059205055752126,1.0,0.5987743600734245,1.3645331884240828,1.150683121496786,0.5701453086417858
2016-11-29,2016-17,True,20161129_LongBeachState@Kansas,1.0,10.5,139.0,0.8583978167775268,0.8454581512733509,0.7311269225984495,1.3055188784563905,1.0,20161129_Davidson@Mercer,1.0,6.5,128.0,0.7879324766330928,0.7696480363228673,0.6429368148382311,1.4845937858452873,1.0,0.6763595177099565,0.6507052059206961,0.470068414857925,0.31089648955915283,1.0,0.9381652142600663,1.2877265344900157,1.270801549381685,0.63644487520982
2016-11-30,2016-17,True,20161130_IPFW@AustinPeay,1.0,4.5,145.0,0.7669988801914329,0.7460544044255039,0.60715113705503,1.5720962075930158,1.0,20161130_OhioState@Virginia,1.0,12.0,108.5,0.8823926780112185,0.8716622029972136,0.7701346717443924,1.2393936216869852,1.0,0.6767941959237241,0.6503074257173088,0.46758814163511014,0.3186969522421197,1.0,0.9484460123690823,1.4581637464612365,1.2248350705527253,0.7860100952742748
2016-12-01,2016-17,True,20161201_Cincinnati@IowaState,1.0,7.5,132.0,0.7842759918937623,0.7711483720220941,0.67741033198561,1.409042577195702,0.0,20161201_Columbia@SetonHall,-1.0,12.5,163.0,0.855520505680868,0.8460351070882367,0.7646491616313195,1.2482848970417342,0.0,0.6709641931783159,0.6524185955046318,0.5179812424331904,0.1801499072601298,0.0,-1.0,1.3438769071360948,1.1716639607130919,-1.0
2016-12-02,2016-17,True,20161202_SIUEdwardsville@IndianaU,1.0,15.0,131.5,0.873520099763698,0.8681034529793431,0.8134265429298616,1.1734310962634797,1.0,20161202_Duquesne@Pittsburgh,1.0,8.5,141.0,0.7585655824108227,0.7493571350363212,0.6885541060187251,1.3862381934209866,0.0,0.6626222832248095,0.6505195164397383,0.560088186078973,0.07785785209916285,0.0,-1.0,1.09733818305245,1.4845937858452873,-1.0
2016-12-03,2016-17,True,20161203_MoreheadState@Purdue,-1.0,11.0,153.5,0.8515944731611289,0.8401617123855065,0.7366665694264193,1.2957015284991003,1.0,20161203_SanDiego@NorthernArizona,1.0,7.0,126.5,0.7898338238325425,0.7738829887683855,0.6660854595063395,1.432999304184504,1.0,0.6726181190915139,0.6501868570296604,0.4906828903993552,0.24887655531761066,1.0,0.8567393887700088,1.1947837655456561,1.3055188784563905,0.5598127615930679
2016-12-04,2016-17,True,20161204_FloridaIntl@SouthCarolina,1.0,9.5,117.0,0.8624074654482685,0.8468996708336868,0.7102585027925757,1.3438769071360948,1.0,20161204_Davidson@CollCharleston,1.0,6.0,122.5,0.7903887983357598,0.7704997316675376,0.6311370056553789,1.512349919981063,1.0,0.6816372002914453,0.6525359691266815,0.4482704246937788,0.3853677161571747,1.0,1.0324121329716713,1.3055188784563905,1.3862381934209866,0.8097601315483793
2016-12-05,2016-17,True,20161205_Connecticut@Syracuse,1.0,7.5,123.0,0.7922111163808783,0.7790523742806953,0.67741033198561,1.409042577195702,0.0,20161205_NebraskaOmaha@IowaState,1.0,12.0,145.5,0.8449267144664064,0.8347475537390101,0.7607375173870663,1.2547034662868435,0.0,0.6693603357274595,0.6503120636653781,0.5153314542070813,0.18338262380980908,0.0,-1.0,1.4845937858452873,1.1734310962634797,-1.0
2016-12-06,2016-17,True,20161206_EastCarolina@Virginia,1.0,8.0,107.5,0.8106111347843523,0.7983098934442211,0.6885541060187251,1.3862381934209866,1.0,20161206_Texas@Michigan,1.0,11.0,118.5,0.8244450351862493,0.8152173192038035,0.7412288047461996,1.2877265344900157,0.0,0.6683043255396508,0.650796051227472,0.5103761370073476,0.1929871810145496,0.0,-1.0,1.432999304184504,1.2248350705527253,-1.0
2016-12-07,2016-17,True,20161207_Davidson@NorthCarolina,1.0,6.5,150.0,0.7790978709213913,0.7617136065713228,0.6429368148382311,1.4845937858452873,1.0,20161207_SoIllinois@Louisville,1.0,13.0,123.5,0.8621955899541653,0.8540089553083554,0.7792885939894483,1.2248350705527253,1.0,0.6717347484511031,0.6505102413921351,0.5010333264593393,0.2214707343518385,1.0,0.8183825344279501,1.3438769071360948,1.2109925144065508,0.6274248748256381
2016-12-08,2016-17,True,20161208_UTArlington@SaintMarysCA,1.0,14.0,121.5,0.8594538063861974,0.8525086340736406,0.8052664076902518,1.1853220137889464,0.0,20161208_Vanderbilt@MiddleTennSt,1.0,10.0,121.5,0.772012291599877,0.7637009616615597,0.72080118453154,1.3242209092932395,0.0,0.6635089025924453,0.651061663666822,0.5804369805265915,0.041462281079506,0.0,-1.0,1.1135355656840693,1.2877265344900157,-1.0
2016-12-10,2016-17,True,20161210_OklahomaState@Tulsa,-1.0,11.5,172.0,0.8550004170975788,0.8422095681834562,0.746206313895308,1.279136858300445,1.0,20161210_Cincinnati@Butler,1.0,7.5,119.0,0.7895335623430422,0.7734806359718792,0.6660854595063395,1.432999304184504,1.0,0.6750515251158383,0.6514327924201414,0.497037175477488,0.23737094948549542,1.0,0.8330022279012901,1.1947837655456561,1.2877265344900157,0.5385547578710392
2016-12-11,2016-17,True,20161211_Delaware@Yale,1.0,7.5,117.0,0.8144865157605085,0.7984775663942058,0.6660854595063395,1.432999304184504,1.0,20161211_Alabama@Oregon,1.0,10.5,118.0,0.8282849901171688,0.8153108994509901,0.7311269225984495,1.3055188784563905,1.0,0.67462695565726,0.6510074628482976,0.4869930121964441,0.2620972657806171,1.0,0.8708076444277415,1.2109925144065508,1.1978322321832218,0.4505658666887711
2016-12-12,2016-17,True,20161212_Pennsylvania@CentralFlorida,1.0,13.0,116.5,0.8378680481721327,0.8299456313827418,0.7792885939894483,1.2248350705527253,0.0,20161212_SouthCarolina@SetonHall,1.0,10.5,127.0,0.7927818167496156,0.7832967262009263,0.7311269225984495,1.3055188784563905,1.0,0.6642465534263577,0.6500936959868624,0.5697588715395778,0.06216033434725032,0.0,-1.0,1.1978322321832218,1.432999304184504,-1.0
2016-12-13,2016-17,True,20161213_CalRiverside@SantaClara,1.0,6.0,122.5,0.7765677425631866,0.7599837280122141,0.6311370056553789,1.512349919981063,1.0,20161213_Montana@Oregon,1.0,13.5,121.0,0.8647430699452744,0.8557136470593097,0.7968561659593066,1.1978322321832218,1.0,0.6715315737245615,0.6503284476030623,0.5029254145215825,0.2165073012628087,1.0,0.8115414804930337,1.3862381934209866,1.0759826367336596,0.4915682264980179
2016-12-14,2016-17,True,20161214_SaintLouis@SoIllinois,1.0,7.0,127.5,0.7723451251244176,0.7568572736167819,0.6545904068157233,1.4581637464612365,0.0,20161214_WiscMilwaukee@Ohio,1.0,13.5,124.0,0.8673346331821752,0.8590925279459742,0.7881964493131113,1.2109925144065508,1.0,0.6698816757898279,0.6502104284857391,0.5159458344065782,0.18289406587459456,0.0,-1.0,1.8782601450396954,1.1411869552697125,-1.0
2016-12-15,2016-17,True,20161215_CollCharleston@EastCarolina,1.0,8.0,110.5,0.8148440921785348,0.799234457803383,0.67741033198561,1.409042577195702,0.0,20161215_GeorgiaSouthern@FloridaIntl,1.0,9.5,128.0,0.8276008635440616,0.8139190461886627,0.72080118453154,1.3242209092932395,1.0,0.6743656743407324,0.6505121475764425,0.4882781697091314,0.2582878810228728,0.0,-1.0,1.2877265344900157,1.1411869552697125,-1.0
2016-12-16,2016-17,True,20161216_FlaAtlantic@MiamiFlorida,1.0,11.0,124.5,0.8306785023423395,0.8217945973583115,0.7511007524852459,1.270801549381685,1.0,20161216_PortlandState@SanFrancisco,1.0,9.5,147.0,0.8011400729243833,0.7910058894265332,0.72080118453154,1.3242209092932395,1.0,0.6654898359432594,0.6500443664093309,0.5413943120938962,0.119900925557064,1.0,0.6828219832534728,1.3862381934209866,1.2547034662868435,0.7393178663845237
2016-12-17,2016-17,True,20161217_IowaState@Drake,1.0,6.5,128.0,0.8043020903869736,0.7863585861378636,0.6545904068157233,1.4581637464612365,1.0,20161217_UNLV@Oregon,1.0,9.5,133.0,0.8438354797638327,0.8290516022014711,0.72080118453154,1.3242209092932395,1.0,0.6786986403167454,0.6519318457424793,0.471829540615756,0.3105201914680389,1.0,0.9309309222373354,1.1978322321832218,1.270801549381685,0.5222070565577606
2016-12-18,2016-17,True,20161218_Fordham@Rutgers,1.0,11.5,117.0,0.8296965162125417,0.8195835986135017,0.7511007524852459,1.270801549381685,1.0,20161218_Mercer@Auburn,1.0,10.0,134.5,0.8051172132935084,0.7934160340168922,0.7311269225984495,1.3055188784563905,1.0,0.6680029470123737,0.650270768357217,0.5491499817259176,0.10825390546776537,1.0,0.6590554134894209,1.1734310962634797,1.2877265344900157,0.5110583590541908
2016-12-19,2016-17,True,20161219_Samford@FloridaState,-1.0,11.5,167.0,0.8356115837580324,0.8271802143133028,0.7555353015461477,1.2633426896753674,1.0,20161219_CollCharleston@LSU,1.0,9.5,121.0,0.7974497472987244,0.7861544842292104,0.7102585027925757,1.3438769071360948,1.0,0.6663582463077298,0.6502914347480823,0.5366253720831041,0.13132774862372143,1.0,0.697777066453928,1.3503824365795511,1.2248350705527253,0.6539957669810756
2016-12-20,2016-17,True,20161220_Georgia@GeorgiaTech,1.0,6.0,126.5,0.7700406662570936,0.753177929303054,0.6311370056553789,1.512349919981063,0.0,20161220_Pepperdine@ULLafayette,-1.0,13.5,173.0,0.8732649104691338,0.8639196758109514,0.7822173890742632,1.22024901687449,1.0,0.6724494934765929,0.6506852325114582,0.493686340711899,0.2409675488502463,0.0,-1.0,1.409042577195702,1.1947837655456561,-1.0
2016-12-21,2016-17,True,20161221_SIUEdwardsville@Marquette,-1.0,7.5,169.0,0.7976701865563826,0.7823534052314175,0.6644982453985726,1.436422152518223,1.0,20161221_CSNorthridge@BoiseState,-1.0,11.0,174.5,0.8443452707407323,0.8318087372357729,0.7366665694264193,1.2957015284991003,1.0,0.6735090496297592,0.6507683980776523,0.48951364282764137,0.2535177869179466,1.0,0.8611743785878292,1.1947837655456561,1.22024901687449,0.45793371528468807
2016-12-22,2016-17,True,20161222_CollCharleston@WesternCarolina,1.0,5.5,108.0,0.776427741069379,0.7563741378369427,0.6192039347062813,1.5414953725266072,1.0,20161222_Yale@Temple,1.0,13.0,122.5,0.8695662474037514,0.8594260962015449,0.7792885939894483,1.2248350705527253,1.0,0.6751553571818715,0.6500476725490129,0.4825385636699921,0.2747457019356552,1.0,0.8880775933653264,1.2877265344900157,1.2547034662868435,0.6157149464541671
2016-12-23,2016-17,True,20161223_VMI@Dayton,-1.0,10.5,159.0,0.8332073944039419,0.8215248765046184,0.7269211240705739,1.3130723105899609,1.0,20161223_Georgia@Oakland,1.0,9.0,134.5,0.80510182070538,0.7919724108722593,0.699506621090224,1.3645331884240828,1.0,0.6708167902597992,0.6506250370368977,0.5084861392977146,0.20192306844447305,1.0,0.7917307466006969,1.1609183854947178,1.2877265344900157,0.4949454093788572
2016-12-25,2016-17,True,20161225_StephenF.Austin@UtahU,-1.0,6.5,150.0,0.7908782074946136,0.7736323965261304,0.6423840518910008,1.4858712590859258,1.0,20161225_SouthernMiss@Hawaii,1.0,13.5,112.0,0.8495727842472611,0.8412585926506431,0.7968561659593066,1.1978322321832218,0.0,0.6719086007416819,0.6508249011305167,0.5118876926632672,0.19587938063118515,0.0,-1.0,1.3503824365795511,1.2109925144065508,-1.0
2016-12-27,2016-17,True,20161227_Rutgers@Wisconsin,1.0,13.0,115.5,0.8528588543483836,0.8449330972067232,0.7792885939894483,1.2248350705527253,1.0,20161227_SMU@MemphisU,1.0,8.5,131.0,0.7813273784380427,0.7705399251715498,0.699506621090224,1.3645331884240828,0.0,0.666361972845695,0.6510546854966343,0.5451175312357104,0.11370949273049091,0.0,-1.0,1.2248350705527253,1.432999304184504,-1.0
2016-12-28,2016-17,True,20161228_UNLV@ColoradoState,1.0,6.5,131.0,0.8001685420067459,0.7818150960824564,0.6545904068157233,1.4581637464612365,1.0,20161228_Cincinnati@Temple,1.0,10.5,121.0,0.8457726142241112,0.8320046156500722,0.7311269225984495,1.3055188784563905,0.0,0.6767606395929411,0.6504737685255084,0.4785886696976469,0.28832236144167167,0.0,-1.0,1.3438769071360948,1.2393936216869852,-1.0
2016-12-29,2016-17,True,20161229_PortlandU@Pacific,1.0,6.0,129.5,0.7875047588644418,0.767060320089489,0.6311370056553789,1.512349919981063,1.0,20161229_SaintMarysCA@LoyolaMarymount,1.0,10.5,114.0,0.8618720953643118,0.8485522972778979,0.7412288047461996,1.2877265344900157,1.0,0.6787283766318636,0.6508907967626556,0.4678169283330319,0.3218188447851087,1.0,0.947493121393467,1.2877265344900157,1.1513909820988062,0.4826767192211514
2016-12-30,2016-17,True,20161230_TexasTech@IowaState,1.0,9.5,127.0,0.8592096670336973,0.8435002728266985,0.72080118453154,1.3242209092932395,0.0,20161230_Duquesne@Fordham,1.0,6.0,125.5,0.7904423065174098,0.770656786594447,0.6429368148382311,1.4845937858452873,1.0,0.6791556709921713,0.6500492097481628,0.46342961771433233,0.33517259861705884,0.0,-1.0,1.2109925144065508,1.432999304184504,-1.0
2016-12-31,2016-17,True,20161231_CollCharleston@Elon,1.0,6.5,121.0,0.7895580634106952,0.772020277236679,0.6545904068157233,1.4581637464612365,0.0,20161231_SMU@EastCarolina,1.0,11.0,110.5,0.8555803194852742,0.8426461532532297,0.7511007524852459,1.270801549381685,1.0,0.675530340145097,0.6505399168469794,0.491663347128913,0.2517825448501605,0.0,-1.0,1.270801549381685,1.1978322321832218,-1.0
2017-01-01,2016-17,True,20170101_UTEP@TexSanAntonio,1.0,6.5,129.0,0.7677706571485581,0.7504196666175915,0.6429368148382311,1.4845937858452873,0.0,20170101_Tulane@Cincinnati,1.0,15.0,120.5,0.8795925484951126,0.8717412526050832,0.8134265429298616,1.1734310962634797,1.0,0.6753253489810676,0.6541717801567082,0.5229818706161988,0.17646302691636961,0.0,-1.0,1.512349919981063,1.1513909820988062,-1.0
2017-01-02,2016-17,True,20170102_NorthTexas@OldDominion,1.0,10.0,106.5,0.847784185494924,0.8345349530638897,0.7311269225984495,1.3055188784563905,0.0,20170102_CollCharleston@Delaware,1.0,7.5,106.0,0.7967643840621634,0.7809304552917149,0.6660854595063395,1.432999304184504,1.0,0.675484244373506,0.6517137608530333,0.4869930121964441,0.26370108806445147,0.0,-1.0,1.2109925144065508,1.1411869552697125,-1.0
2017-01-03,2016-17,True,20170103_EastCarolina@CentralFlorida,1.0,5.0,114.5,0.7639306281327011,0.7453744849730058,0.6192039347062813,1.5414953725266072,0.0,20170103_WesternMichigan@Ohio,1.0,15.0,134.5,0.8816796880863575,0.8732714874887898,0.8213366110953054,1.1621301024522852,1.0,0.6735421179316551,0.6509142852285674,0.5085748613085359,0.20659559182820963,0.0,-1.0,1.3645331884240828,1.131492458028748,-1.0
2017-01-04,2016-17,True,20170104_IowaState@Baylor,1.0,7.0,126.5,0.8173572709091494,0.7985074916353095,0.6545904068157233,1.4581637464612365,1.0,20170104_VaCommonwealth@Duquesne,1.0,9.0,130.5,0.8311201156144266,0.8147358327534389,0.699506621090224,1.3645331884240828,1.0,0.6793220694963045,0.6505726661573535,0.45789032366974175,0.35165583479966944,1.0,0.9897128262031569,1.270801549381685,1.270801549381685,0.6149365779108915
2017-01-05,2016-17,True,20170105_PortlandU@SantaClara,1.0,7.5,125.0,0.7984154779221999,0.7813908680134298,0.6660854595063395,1.432999304184504,0.0,20170105_Connecticut@MemphisU,1.0,10.5,118.0,0.847398551098557,0.8343784663845627,0.7412288047461996,1.2877265344900157,1.0,0.6765761191659341,0.6519757140999478,0.4937217290087071,0.24849350922869085,0.0,-1.0,1.2547034662868435,1.3242209092932395,-1.0
2017-01-06,2016-17,True,20170106_WiscMilwaukee@WiscGreenBay,1.0,4.0,135.5,0.7750200802712679,0.7518894060905572,0.5949926681535457,1.604221448580403,1.0,20170106_KentState@Ohio,1.0,14.5,133.0,0.8761812370695615,0.8675071725898347,0.8134265429298616,1.1734310962634797,1.0,0.6790580526858304,0.6522694527778693,0.48398282912475304,0.27828830403717153,1.0,0.8824433330570898,1.409042577195702,1.131492458028748,0.5943210491383268
2017-01-07,2016-17,True,20170107_Texas@IowaState,1.0,6.5,126.0,0.8123459227342976,0.793290029247901,0.6545904068157233,1.4581637464612365,1.0,20170107_WesternCarolina@NCGreensboro,1.0,9.0,116.5,0.8359026195493274,0.8200250270235897,0.7102585027925757,1.3438769071360948,1.0,0.6790420847938149,0.6505176776715543,0.46492840228731874,0.3306458347350065,1.0,0.9595925856923071,1.2393936216869852,1.270801549381685,0.5750233347335989
2017-01-08,2016-17,True,20170108_CentralFlorida@Connecticut,1.0,4.5,109.0,0.7677537652579342,0.7450977001512076,0.5949926681535457,1.604221448580403,1.0,20170108_Davidson@SaintLouis,1.0,14.5,122.0,0.8874902189926949,0.8774220209682121,0.8134265429298616,1.1734310962634797,1.0,0.6813739572612301,0.6537651298854394,0.48398282912475304,0.282647863165129,1.0,0.8824433330570898,1.3438769071360948,1.1513909820988062,0.5473277519273343
2017-01-09,2016-17,True,20170109_ArkansasLR@CoastalCarolina,1.0,11.0,124.5,0.7940870326868817,0.7856252237597349,0.7412288047461996,1.2877265344900157,1.0,20170109_SouthAlabama@GeorgiaSouthern,1.0,14.5,132.0,0.8361079970409279,0.8292415794420317,0.8134265429298616,1.1734310962634797,1.0,0.6639425183760025,0.6514731014000221,0.6029351841647345,0.003255892323549281,1.0,0.5110583590541908,1.2393936216869852,1.09733818305245,0.3600339449087919
2017-01-10,2016-17,True,20170110_NoIllinois@KentState,1.0,14.0,125.5,0.8537677617957522,0.8451900107487998,0.7968561659593066,1.1978322321832218,1.0,20170110_NorthernKentucky@WiscGreenBay,1.0,9.0,145.5,0.783512981388413,0.7716313778721768,0.7102585027925757,1.3438769071360948,1.0,0.6689381244579022,0.6521751325578964,0.5659738673752894,0.07681583800100533,1.0,0.6097390754543126,1.1734310962634797,1.1978322321832218,0.4055735893504888
2017-01-11,2016-17,True,20170111_SaintLouis@Duquesne,1.0,8.0,126.5,0.8051458773376495,0.7886971105038677,0.67741033198561,1.409042577195702,1.0,20170111_Temple@Connecticut,1.0,10.5,116.0,0.838186150476167,0.8243824681649797,0.7311269225984495,1.3055188784563905,1.0,0.6748621234974006,0.6501880705917662,0.495272931361033,0.24143025923237937,1.0,0.8395316850778349,1.3438769071360948,1.2248350705527253,0.6460275663662169
2017-01-12,2016-17,True,20170112_SMU@Cincinnati,1.0,7.0,119.5,0.7846578138620587,0.7696742031828284,0.6660854595063395,1.432999304184504,1.0,20170112_CollCharleston@JamesMadison,1.0,12.0,101.5,0.8560130871794139,0.8448928215360308,0.7701346717443924,1.2393936216869852,1.0,0.6716773576235108,0.6502922091906362,0.5129755067106275,0.19293270365556325,1.0,0.7760501974881622,1.432999304184504,1.131492458028748,0.6214279050452098
2017-01-13,2016-17,True,20170113_DetroitU@Oakland,1.0,7.0,146.5,0.7674124507739344,0.7528254127937503,0.6545904068157233,1.4581637464612365,1.0,20170113_Yale@Pennsylvania,1.0,14.5,120.0,0.8710585363021246,0.8636756109253936,0.8134265429298616,1.1734310962634797,1.0,0.6684611661111696,0.6501969483148039,0.5324612116511656,0.14377360904024394,1.0,0.7110546835416716,1.409042577195702,1.1222830902775085,0.5813446578677772
2017-01-14,2016-17,True,20170114_OklahomaState@Kansas,-1.0,5.5,180.0,0.788183292021158,0.7684594273206707,0.6311261605919395,1.5123759077024552,1.0,20170114_OregonState@Oregon,1.0,11.5,117.0,0.8588566380529331,0.8469351923488239,0.7511007524852459,1.270801549381685,1.0,0.676936452354785,0.6508353328900993,0.4740393341337299,0.3010242367503648,1.0,0.9219296467558125,1.2957015284991003,1.1621301024522852,0.5057737500622419
2017-01-15,2016-17,True,20170115_Cincinnati@EastCarolina,1.0,5.0,116.5,0.7690870635540082,0.7509222589940889,0.6192039347062813,1.5414953725266072,0.0,20170115_Rutgers@IndianaU,1.0,15.0,128.5,0.8761279236352626,0.868189941035287,0.8134265429298616,1.1734310962634797,1.0,0.6738186520863145,0.6519431517581626,0.5036769159766982,0.21882919057450412,0.0,-1.0,1.3862381934209866,1.2877265344900157,-1.0
2017-01-16,2016-17,True,20170116_ClevelandState@Oakland,1.0,14.0,124.5,0.8669409446515141,0.8586217461003715,0.8052664076902518,1.1853220137889464,1.0,20170116_GeorgiaSouthern@ULMonroe,1.0,8.0,134.5,0.7723306157678578,0.7595219347960267,0.6885541060187251,1.3862381934209866,0.0,0.6695650336170722,0.6521420498560969,0.5544694914540715,0.10018818342739122,0.0,-1.0,1.1135355656840693,1.3438769071360948,-1.0
2017-01-17,2016-17,True,20170117_SouthFlorida@CentralFlorida,1.0,9.0,117.5,0.7833450719329207,0.7723484979351841,0.699506621090224,1.3645331884240828,1.0,20170117_Texas@Baylor,1.0,13.0,115.5,0.851325590229602,0.8436867863066685,0.7881964493131113,1.2109925144065508,1.0,0.6668817057167438,0.6516202221317181,0.5513486350143265,0.1019816569093217,1.0,0.6524394768408677,1.3242209092932395,1.1513909820988062,0.5246960132669172
2017-01-18,2016-17,True,20170118_Temple@Cincinnati,1.0,10.5,123.0,0.824007059160746,0.8127934061176504,0.7311269225984495,1.3055188784563905,1.0,20170118_KansasState@OklahomaState,-1.0,10.5,167.0,0.8115769820022097,0.799975143729413,0.7269211240705739,1.3130723105899609,0.0,0.6687451622221945,0.6502145218812866,0.5314716044135244,0.14639016849149478,0.0,-1.0,1.3645331884240828,1.23393078184056,-1.0
2017-01-19,2016-17,True,20170119_California@Oregon,1.0,7.0,122.5,0.8010572195671722,0.783269928017376,0.6545904068157233,1.4581637464612365,1.0,20170119_Connecticut@SMU,1.0,9.5,109.0,0.8466581723947119,0.8320103219871294,0.72080118453154,1.3242209092932395,1.0,0.6782216415023314,0.6516886650125727,0.471829540615756,0.30959913970741626,1.0,0.9309309222373354,1.3055188784563905,1.1734310962634797,0.5319364487397509
2017-01-20,2016-17,True,20170120_YoungstownState@WiscGreenBay,1.0,5.5,158.0,0.7752984333345048,0.7561927485223255,0.6311370056553789,1.512349919981063,1.0,20170120_Oakland@NorthernKentucky,1.0,15.0,132.5,0.8736081405643901,0.865087271815854,0.8213366110953054,1.1621301024522852,1.0,0.6773070227278415,0.6541727217861107,0.5183759293618275,0.1903991747515943,1.0,0.7575473674512982,1.409042577195702,1.0898468982575127,0.5356406822695077
2017-01-21,2016-17,True,20170121_Ohio@NoIllinois,1.0,6.5,123.0,0.8000449814897455,0.7810064220522673,0.6545904068157233,1.4581637464612365,1.0,20170121_IowaState@Oklahoma,1.0,10.5,136.0,0.8468902477409358,0.8328129650412502,0.7412288047461996,1.2877265344900157,1.0,0.6775502925777429,0.6504322740656069,0.48520126484234716,0.27224712542114005,1.0,0.8777161479495059,1.270801549381685,1.1411869552697125,0.4502221508909183
2017-01-22,2016-17,True,20170122_EastCarolina@Connecticut,1.0,5.5,108.0,0.793551948981228,0.7726963508904158,0.6192039347062813,1.5414953725266072,1.0,20170122_CentralFlorida@MemphisU,1.0,12.0,119.5,0.8531576537795497,0.8422071584845071,0.7701346717443924,1.2393936216869852,1.0,0.6770249189450134,0.6507703980547647,0.47687041899785815,0.2934693316807171,1.0,0.9105195325694802,1.2877265344900157,1.1621301024522852,0.4965057694574082
2017-01-23,2016-17,True,20170123_TCU@OklahomaState,-1.0,10.5,171.0,0.836661272316765,0.8231555803645488,0.7269211240705739,1.3130723105899609,1.0,20170123_ULMonroe@TexasState,1.0,8.0,113.5,0.8058428160707787,0.7912607471011395,0.6885541060187251,1.3862381934209866,1.0,0.6742174757811026,0.651330699499725,0.5005245247305408,0.22723154184092587,1.0,0.820230987663348,1.1409350417513906,1.3055188784563905,0.4895122360988704
2017-01-24,2016-17,True,20170124_Rutgers@Maryland,1.0,9.5,122.0,0.8205630714726895,0.8080877768267002,0.72080118453154,1.3242209092932395,0.0,20170124_KentState@NoIllinois,1.0,10.0,127.5,0.817150828884443,0.8045340666939019,0.72080118453154,1.3242209092932395,1.0,0.6705237940058727,0.6501341453360193,0.5195543476220711,0.1758043858777396,0.0,-1.0,1.409042577195702,1.270801549381685,-1.0
2017-01-25,2016-17,True,20170125_Belmont@EasternIllinois,1.0,7.5,137.0,0.7772186565875058,0.7613542265164144,0.6660854595063395,1.432999304184504,1.0,20170125_SMU@CentralFlorida,1.0,13.5,113.0,0.8645176566150381,0.8538729916397388,0.7881964493131113,1.2109925144065508,1.0,0.6719192516705186,0.6500998110931301,0.5250061941219889,0.16601603457850111,1.0,0.7353514305172302,1.3055188784563905,1.2109925144065508,0.5809735892271244
2017-01-26,2016-17,True,20170126_Pacific@LoyolaMarymount,1.0,8.5,123.0,0.789963351162169,0.7783011048340731,0.699506621090224,1.3645331884240828,1.0,20170126_SanFrancisco@SaintMarysCA,1.0,12.5,118.0,0.8445373517349434,0.8360269526498549,0.7701346717443924,1.2393936216869852,0.0,0.6671535565581593,0.6506807009184454,0.5387143020163487,0.1282859120071873,0.0,-1.0,1.3055188784563905,1.1853220137889464,-1.0
2017-01-27,2016-17,True,20170127_WiscGreenBay@Oakland,1.0,6.5,150.0,0.7807505976301201,0.7640719142634437,0.6545904068157233,1.4581637464612365,1.0,20170127_WiscMilwaukee@DetroitU,1.0,15.0,132.5,0.8588935469386602,0.8510325995775981,0.8213366110953054,1.1621301024522852,1.0,0.6705816500730125,0.6502501074598501,0.5376390663895235,0.1363515595698852,1.0,0.6945759840672048,1.2877265344900157,1.09733818305245,0.413071495625702
2017-01-28,2016-17,True,20170128_EastCarolina@MemphisU,1.0,12.0,117.5,0.859270119910103,0.8475419021253771,0.7607375173870663,1.2547034662868435,0.0,20170128_IowaState@Vanderbilt,1.0,7.0,134.5,0.7840075440861449,0.7678389224160482,0.6660854595063395,1.432999304184504,1.0,0.6736742564173271,0.6507756608303973,0.506716198832476,0.21125903341332353,0.0,-1.0,1.131492458028748,1.2547034662868435,-1.0
2017-01-29,2016-17,True,20170129_Stanford@California,1.0,9.0,116.5,0.8076931399538116,0.795859890824189,0.7102585027925757,1.3438769071360948,1.0,20170129_WiscMilwaukee@Oakland,1.0,11.0,127.5,0.8286654945052008,0.8182009823223432,0.7511007524852459,1.270801549381685,1.0,0.6693074352282836,0.6511733444633042,0.5334756959065478,0.14304381065395555,1.0,0.7078008557668161,1.2109925144065508,1.1978322321832218,0.4505658666887711
2017-01-30,2016-17,True,20170130_ArkansasLR@ULMonroe,1.0,9.5,117.0,0.7939117614539999,0.7833946717207518,0.72080118453154,1.3242209092932395,1.0,20170130_WesternCarolina@Mercer,1.0,12.5,113.0,0.8403108507368955,0.831650905045087,0.7792885939894483,1.2248350705527253,0.0,0.6671326676774378,0.6515108877440621,0.5617121416395127,0.0820573052774034,0.0,-1.0,1.2877265344900157,1.2248350705527253,-1.0
2017-01-31,2016-17,True,20170131_Vanderbilt@TexasA&M,1.0,8.5,124.0,0.7886432221941667,0.7764904694860455,0.699506621090224,1.3645331884240828,0.0,20170131_Iowa@Rutgers,1.0,13.5,132.0,0.8476585690356124,0.8384061294359563,0.7881964493131113,1.2109925144065508,1.0,0.6685001852047419,0.6510143690657039,0.5513486350143265,0.10465609630774675,0.0,-1.0,1.270801549381685,1.409042577195702,-1.0
2017-02-01,2016-17,True,20170201_EastCarolina@SMU,1.0,7.0,116.5,0.7851309095713432,0.7700218032309827,0.6545904068157233,1.4581637464612365,1.0,20170201_GeorgiaTech@Clemson,1.0,13.0,120.5,0.8535739462889729,0.8445987307185544,0.7792885939894483,1.2248350705527253,1.0,0.6701672888362622,0.6503594376345004,0.510114837766406,0.19692554338415502,1.0,0.7860100952742748,1.3438769071360948,1.2393936216869852,0.6655924670369087
2017-02-02,2016-17,True,20170202_Oakland@YoungstownState,1.0,6.5,151.0,0.7781747858424296,0.7600019635848558,0.6429368148382311,1.4845937858452873,1.0,20170202_FloridaIntl@OldDominion,1.0,13.0,106.5,0.8649897267439884,0.8557324833121719,0.7792885939894483,1.2248350705527253,1.0,0.6731131953649049,0.6503583676205955,0.5010333264593393,0.22397727814453172,1.0,0.8183825344279501,1.2109925144065508,1.1853220137889464,0.4354160858597125
2017-02-03,2016-17,True,20170203_Princeton@Dartmouth,1.0,12.0,125.5,0.8354928938354518,0.8256901919125964,0.7607375173870663,1.2547034662868435,1.0,20170203_St.Peter's@Monmouth,1.0,10.0,125.5,0.7981782126800554,0.7872520147996934,0.72080118453154,1.3242209092932395,1.0,0.6668722247084682,0.6500262671835371,0.5483405036501804,0.10801124563799203,1.0,0.6615045650197433,1.270801549381685,1.270801549381685,0.6149365779108915
2017-02-04,2016-17,True,20170204_Connecticut@Cincinnati,1.0,11.0,109.5,0.8563348473321128,0.8430088522394678,0.7412288047461996,1.2877265344900157,1.0,20170204_Rutgers@PennState,1.0,6.5,125.0,0.7907307596246028,0.7735929168541482,0.6545904068157233,1.4581637464612365,1.0,0.6771303043239398,0.6521456769377975,0.48520126484234716,0.271458506695025,1.0,0.8777161479495059,1.1621301024522852,1.3438769071360948,0.5617598077733299
2017-02-05,2016-17,True,20170205_Colorado@California,1.0,9.0,124.5,0.7830658823905964,0.7735371026396769,0.7102585027925757,1.3438769071360948,1.0,20170205_IndianaU@Wisconsin,1.0,13.0,125.5,0.8481563079922837,0.8408943442358126,0.7881964493131113,1.2109925144065508,0.0,0.664162267723128,0.6504629746662616,0.5598232299955548,0.08087419541322372,0.0,-1.0,1.2393936216869852,1.2547034662868435,-1.0
2017-02-06,2016-17,True,20170206_ULMonroe@GeorgiaState,1.0,14.0,121.5,0.8520074594129736,0.8443428991319265,0.8052664076902518,1.1853220137889464,1.0,20170206_Monmouth@Rider,1.0,9.5,144.0,0.780893016866081,0.7711063298678732,0.72080118453154,1.3242209092932395,0.0,0.6653266753734021,0.6510781540996197,0.5804369805265915,0.04431550848842636,0.0,-1.0,1.1734310962634797,1.2877265344900157,-1.0
2017-02-07,2016-17,True,20170207_IowaState@Texas,1.0,6.5,134.0,0.7749345719548519,0.7588799934384957,0.6545904068157233,1.4581637464612365,0.0,20170207_NoIllinois@Buffalo,1.0,14.5,126.0,0.8683909713266345,0.8587096774416589,0.8052664076902518,1.1853220137889464,0.0,0.6729461856544636,0.6516575943824988,0.5271196654049981,0.1631158726163231,0.0,-1.0,1.3055188784563905,1.09733818305245,-1.0
2017-02-08,2016-17,True,20170208_CentralFlorida@Cincinnati,1.0,8.5,118.0,0.7931765452210603,0.7798525026934722,0.6885541060187251,1.3862381934209866,0.0,20170208_Missouri@TexasA&M,1.0,12.0,121.5,0.845697384156767,0.8344781433467225,0.7607375173870663,1.2547034662868435,1.0,0.6707873294679523,0.6507698685319436,0.5238089411993558,0.1667123866879714,0.0,-1.0,1.2877265344900157,1.1978322321832218,-1.0
2017-02-09,2016-17,True,20170209_SouthernMiss@TexSanAntonio,1.0,7.0,118.5,0.7756439172499787,0.7592588945381389,0.6545904068157233,1.4581637464612365,0.0,20170209_Wisconsin@Nebraska,1.0,13.5,115.0,0.868315472511308,0.8589994292661199,0.7881964493131113,1.2109925144065508,1.0,0.6735036145074372,0.6522029570734864,0.5159458344065782,0.1892897771932689,0.0,-1.0,1.3645331884240828,1.2109925144065508,-1.0
2017-02-10,2016-17,True,20170210_Oakland@DetroitU,1.0,7.5,151.0,0.7649871396112223,0.7520583494052951,0.67741033198561,1.409042577195702,1.0,20170210_Dartmouth@Yale,1.0,15.0,126.5,0.8739582662378924,0.8663083286824637,0.8213366110953054,1.1621301024522852,1.0,0.6685668342289084,0.6515144117449935,0.5563819063940066,0.09477203662207634,1.0,0.6374907945960733,1.2109925144065508,1.2248350705527253,0.48326610182196994
2017-02-11,2016-17,True,20170211_MinnesotaU@Rutgers,1.0,6.0,121.5,0.8074512660258375,0.7875124927963619,0.6429368148382311,1.4845937858452873,1.0,20170211_Oklahoma@IowaState,1.0,9.0,134.5,0.8422130352348802,0.8259490321554758,0.7102585027925757,1.3438769071360948,1.0,0.6800459815638673,0.6504451812355012,0.45665133949722947,0.3567674259250626,1.0,0.9951113052752305,1.3055188784563905,1.2393936216869852,0.6180517709507969
2017-02-12,2016-17,True,20170212_Cincinnati@SMU,1.0,6.5,117.0,0.7666705550233072,0.7509041502519713,0.6429368148382311,1.4845937858452873,0.0,20170212_Northwestern@Wisconsin,1.0,14.5,109.0,0.8743378103041268,0.8662457756449906,0.8052664076902518,1.1853220137889464,1.0,0.670329054303728,0.6504675480700615,0.5177354192565949,0.17959258024818192,0.0,-1.0,1.3242209092932395,1.131492458028748,-1.0
2017-02-13,2016-17,True,20170213_Rider@Fairfield,1.0,8.5,140.0,0.7690911093691013,0.7589526614125434,0.699506621090224,1.3645331884240828,0.0,20170213_Baylor@TexasTech,1.0,15.0,109.5,0.864052853123087,0.8574055899957347,0.8213366110953054,1.1621301024522852,1.0,0.6645353673619722,0.6507302544372549,0.5745303976049725,0.05379698933283028,0.0,-1.0,1.3438769071360948,1.09733818305245,-1.0
2017-02-14,2016-17,True,20170214_Texas@Oklahoma,1.0,8.5,129.0,0.7864887483832903,0.7730201383391664,0.6885541060187251,1.3862381934209866,1.0,20170214_St.Josephs@VaCommonwealth,1.0,13.0,125.5,0.8514889665460232,0.8420072631035177,0.7792885939894483,1.2248350705527253,1.0,0.6696864915609632,0.6508885710068641,0.5365823611649938,0.13706950404294083,1.0,0.6979131554416766,1.3242209092932395,1.3645331884240828,0.8069433795357424
2017-02-15,2016-17,True,20170215_IndianaU@MinnesotaU,1.0,7.5,139.0,0.7721490771253673,0.757878528385572,0.6660854595063395,1.432999304184504,1.0,20170215_GeorgiaTech@MiamiFlorida,1.0,14.5,112.0,0.8685983289412328,0.8608865542692281,0.8052664076902518,1.1853220137889464,1.0,0.6706873980846091,0.6524474348564885,0.5363762451913807,0.13920655682052474,1.0,0.6985656209941351,1.4581637464612365,1.1734310962634797,0.7110546835416716
2017-02-16,2016-17,True,20170216_MemphisU@Connecticut,1.0,8.0,121.5,0.7954383969601956,0.7815109719964277,0.6885541060187251,1.3862381934209866,1.0,20170216_EasternKentucky@Belmont,1.0,11.5,130.0,0.8458310842548434,0.8341736967770104,0.7607375173870663,1.2547034662868435,1.0,0.6728065217587768,0.6519158965820547,0.5238089411993558,0.1702244039150682,1.0,0.7393178663845237,1.3055188784563905,1.1222830902775085,0.465161761329665
2017-02-17,2016-17,True,20170217_Valparaiso@Oakland,1.0,8.0,134.5,0.7977454989334465,0.782959736195895,0.6885541060187251,1.3862381934209866,1.0,20170217_California@Stanford,1.0,11.5,113.0,0.8420216035754813,0.8305584167588564,0.7511007524852459,1.270801549381685,1.0,0.671718944257063,0.6502937988807944,0.5171735071574702,0.1833226915230992,1.0,0.7616336440114579,1.2109925144065508,1.131492458028748,0.37022889678028204
2017-02-18,2016-17,True,20170218_CentralFlorida@EastCarolina,1.0,8.0,111.5,0.8145202403113705,0.7972202559402137,0.67741033198561,1.409042577195702,1.0,20170218_WiscGreenBay@WiscMilwaukee,1.0,10.5,135.0,0.8302965920054045,0.8159355091018682,0.7311269225984495,1.3055188784563905,1.0,0.6762933796499541,0.6504803153969,0.495272931361033,0.24406310027446398,1.0,0.8395316850778349,1.2109925144065508,1.270801549381685,0.5389311635974674
2017-02-19,2016-17,True,20170219_Fairfield@St.Peter's,1.0,8.0,116.5,0.7966566200495638,0.7819887948259051,0.67741033198561,1.409042577195702,1.0,20170219_UNLV@SanDiegoState,1.0,11.0,122.5,0.844160017686347,0.8327286521259696,0.7511007524852459,1.270801549381685,1.0,0.6725056664709852,0.6511844750929874,0.5088034100956719,0.20419771864919167,1.0,0.7906134902450608,1.2393936216869852,1.2109925144065508,0.5008963982661636
2017-02-20,2016-17,True,20170220_IowaState@TexasTech,1.0,9.5,131.0,0.779864662844934,0.7698313878066001,0.7102585027925757,1.3438769071360948,1.0,20170220_MiamiFlorida@Virginia,1.0,14.0,100.5,0.8539590202016009,0.8473946303981699,0.7968561659593066,1.1978322321832218,1.0,0.6659724633729117,0.6523509843392841,0.5659738673752894,0.07204189746794198,1.0,0.6097390754543126,1.2248350705527253,1.1222830902775085,0.37461168806018263
2017-02-21,2016-17,True,20170221_EastCarolina@Tulane,1.0,9.5,127.0,0.810999565567653,0.7984634124556357,0.72080118453154,1.3242209092932395,1.0,20170221_YoungstownState@Oakland,1.0,11.5,151.0,0.8251355857434003,0.8142968606208795,0.7511007524852459,1.270801549381685,1.0,0.6691846015723085,0.6501862500832586,0.5413943120938962,0.12611855838059727,1.0,0.6828219832534728,1.1978322321832218,1.2109925144065508,0.4505658666887711
2017-02-22,2016-17,True,20170222_Oregon@California,1.0,6.5,122.0,0.7875469088372067,0.76908558281327,0.6429368148382311,1.4845937858452873,1.0,20170222_NorthernIowa@IndianaState,1.0,13.0,110.5,0.8576248075099032,0.8468766357610439,0.7881964493131113,1.2109925144065508,1.0,0.6754197660965287,0.6513206109852238,0.506760514588175,0.2142912429800916,1.0,0.7978319615931249,1.270801549381685,1.2248350705527253,0.5565223053954289
2017-02-23,2016-17,True,20170223_CalRiverside@CalSantaBarb,1.0,7.5,114.0,0.7909475844245087,0.7764905749186652,0.67741033198561,1.409042577195702,1.0,20170223_TexSanAntonio@FloridaIntl,1.0,12.0,121.5,0.8499831107434904,0.8380650170088391,0.7607375173870663,1.2547034662868435,1.0,0.6722920882441935,0.6507495868764144,0.5153314542070813,0.18856575881263726,1.0,0.7679306057531945,1.3242209092932395,1.1978322321832218,0.5861944876824168
2017-02-24,2016-17,True,20170224_St.Peter's@Niagara,1.0,8.0,121.5,0.7878961752022483,0.7739998471554245,0.67741033198561,1.409042577195702,0.0,20170224_OregonState@California,1.0,12.0,108.5,0.8520839530792402,0.8428726425017686,0.7701346717443924,1.2393936216869852,1.0,0.6713536875823454,0.6523832964678576,0.5216971836599976,0.17242414017457341,0.0,-1.0,1.270801549381685,1.1513909820988062,-1.0
2017-02-25,2016-17,True,20170225_PennState@MinnesotaU,1.0,9.0,132.5,0.8193468080221422,0.8041512079080707,0.699506621090224,1.3645331884240828,1.0,20170225_YoungstownState@ClevelandState,1.0,9.5,135.0,0.8224651476867815,0.8084498975122593,0.72080118453154,1.3242209092932395,0.0,0.6738841934666242,0.6501159616176393,0.5042052010694885,0.21767058195830002,0.0,-1.0,1.270801549381685,1.2393936216869852,-1.0
2017-02-26,2016-17,True,20170226_Cincinnati@CentralFlorida,1.0,9.0,113.5,0.803798401496102,0.790267706012615,0.699506621090224,1.3645331884240828,0.0,20170226_Fairfield@Niagara,1.0,11.5,136.0,0.8344925518163064,0.8228386801854318,0.7511007524852459,1.270801549381685,0.0,0.6707637792103502,0.6502628362085889,0.525399949469279,0.16313852834097275,0.0,-1.0,1.2547034662868435,1.131492458028748,-1.0
2017-02-27,2016-17,True,20170227_ULMonroe@CoastalCarolina,1.0,7.5,126.0,0.7868015727131493,0.7705618738317761,0.6660854595063395,1.432999304184504,1.0,20170227_NorthCarolina@Virginia,1.0,13.5,117.0,0.85389561270606,0.8445667348118273,0.7881964493131113,1.2109925144065508,0.0,0.6718464110099862,0.6507909257525863,0.5250061941219889,0.16588963043404648,0.0,-1.0,1.3242209092932395,1.1978322321832218,-1.0
2017-02-28,2016-17,True,20170228_TexasA&M@Missouri,1.0,8.0,124.5,0.7800191678777239,0.7671017039634617,0.6885541060187251,1.3862381934209866,0.0,20170228_Pittsburgh@GeorgiaTech,1.0,13.5,118.0,0.8570900426162582,0.8476574606237876,0.7881964493131113,1.2109925144065508,0.0,0.6685466618378166,0.6502394824218484,0.5427159015239227,0.12230537676699438,0.0,-1.0,1.270801549381685,1.1411869552697125,-1.0
2017-03-01,2016-17,True,20170301_Connecticut@EastCarolina,1.0,8.0,118.5,0.7964108670884593,0.7811799661588381,0.67741033198561,1.409042577195702,1.0,20170301_CalIrvine@CalRiverside,1.0,11.5,117.0,0.844785546016297,0.8331784674752524,0.7511007524852459,1.270801549381685,1.0,0.6727963892066366,0.6508623270265903,0.5088034100956719,0.20471829070156988,1.0,0.7906134902450608,1.3242209092932395,1.1734310962634797,0.5538819932869881
2017-03-02,2016-17,True,20170302_HolyCross@Navy,1.0,5.5,111.0,0.7930410405223333,0.7706822487549008,0.6192039347062813,1.5414953725266072,0.0,20170302_Nebraska@MinnesotaU,1.0,10.0,128.5,0.8608783392445901,0.8462355141789324,0.7311269225984495,1.3055188784563905,1.0,0.682711853917668,0.6521786890436794,0.4527166672426547,0.3739243646917554,0.0,-1.0,1.3862381934209866,1.270801549381685,-1.0
2017-03-03,2016-17,True,20170303_YoungstownState@ClevelandState,1.0,5.5,136.0,0.769346056577518,0.7508454604391486,0.6311370056553789,1.512349919981063,1.0,20170303_Harvard@Princeton,1.0,14.0,114.5,0.8760244384416377,0.8665234804270591,0.8052664076902518,1.1853220137889464,1.0,0.6739659471806086,0.6506252216425887,0.5082334293044891,0.20816595010213423,1.0,0.7926216527055057,1.3645331884240828,1.1411869552697125,0.5571874746621519
2017-03-04,2016-17,True,20170304_Oregon@OregonState,1.0,8.5,123.0,0.8187005509573038,0.8031728865965991,0.6885541060187251,1.3862381934209866,1.0,20170304_SouthernMiss@LouisianaTech,1.0,9.0,126.5,0.823688129078657,0.8095009175186011,0.7102585027925757,1.3438769071360948,1.0,0.6743539250936872,0.6501691886260104,0.4890514084325402,0.25627651516790406,1.0,0.8629334959285231,1.2877265344900157,1.3438769071360948,0.730545952407524
2017-03-05,2016-17,True,20170305_MinnesotaU@Wisconsin,1.0,7.0,124.5,0.8019475553269264,0.7858238583647067,0.6660854595063395,1.432999304184504,0.0,20170305_Cincinnati@Connecticut,1.0,10.0,112.5,0.8416497860113756,0.8283696432004055,0.7311269225984495,1.3055188784563905,1.0,0.6749589883332534,0.6509526291719381,0.4869930121964441,0.2627184350490652,0.0,-1.0,1.3242209092932395,1.1978322321832218,-1.0
2017-03-06,2016-17,True,20170306_NewHampshire@Vermont,1.0,6.5,124.0,0.8003528201237234,0.7827344473296284,0.6429368148382311,1.4845937858452873,0.0,20170306_BowlingGreen@Toledo,1.0,11.5,136.0,0.8435581142444072,0.8321610099391615,0.7511007524852459,1.270801549381685,1.0,0.6751441156737614,0.651361088203995,0.4829103254254625,0.27374314829775637,0.0,-1.0,1.512349919981063,1.2877265344900157,-1.0
2017-03-07,2016-17,True,20170307_AlabamaState@TexasSouthern,1.0,9.0,134.5,0.8082539044048339,0.7961447320755994,0.699506621090224,1.3645331884240828,1.0,20170307_Pittsburgh@GeorgiaTech,1.0,11.5,118.0,0.8288813043461691,0.8184260167642777,0.7511007524852459,1.270801549381685,1.0,0.6699465505259626,0.651585561840496,0.525399949469279,0.16172141221345093,1.0,0.7340508900320553,1.2877265344900157,1.1978322321832218,0.5424803492497401
2017-03-08,2016-17,True,20170308_UNLV@SanDiegoState,1.0,7.0,121.5,0.7765997466773643,0.7606691053670777,0.6545904068157233,1.4581637464612365,0.0,20170308_OregonState@California,1.0,12.5,106.0,0.8647227657082127,0.8546347794758661,0.7792885939894483,1.2248350705527253,1.0,0.6715434807951478,0.6500942731194967,0.510114837766406,0.19938343611576004,0.0,-1.0,1.409042577195702,1.131492458028748,-1.0
2017-03-09,2016-17,True,20170309_TexasA&M@Vanderbilt,1.0,8.5,122.0,0.7955648929881944,0.781311206114096,0.6885541060187251,1.3862381934209866,0.0,20170309_CalRiverside@CalIrvine,1.0,11.5,115.0,0.8432685933132498,0.8324201884730814,0.7607375173870663,1.2547034662868435,1.0,0.6708748881995608,0.6503792214496263,0.5238089411993558,0.16686467915421588,0.0,-1.0,1.3242209092932395,1.2109925144065508,-1.0
2017-03-10,2016-17,True,20170310_UMKC@NewMexicoState,-1.0,9.5,162.0,0.8216578738251781,0.807400277164341,0.7068367998162796,1.3503824365795511,1.0,20170310_California@Oregon,1.0,10.0,117.5,0.8180083727860974,0.8052910181867855,0.72080118453154,1.3242209092932395,1.0,0.6721230203546185,0.650192191281965,0.5094888025780573,0.20189351578815273,1.0,0.7882046580609936,1.2957015284991003,1.270801549381685,0.6465795099528742
2017-03-11,2016-17,True,20170311_Connecticut@Cincinnati,1.0,9.0,111.5,0.789671883854703,0.7782048643330377,0.699506621090224,1.3645331884240828,1.0,20170311_NorfolkSt@NCCentral,1.0,12.5,119.0,0.8458763186130621,0.8373390939958666,0.7701346717443924,1.2393936216869852,1.0,0.6679647460272577,0.6516213560438021,0.5387143020163487,0.12965779055142246,1.0,0.6911937303130133,1.2248350705527253,1.2547034662868435,0.536804808652195
2017-03-12,2016-17,True,20170312_Arkansas@Kentucky,-1.0,11.0,173.5,0.7994248105914968,0.7912586632398734,0.746206313895308,1.279136858300445,1.0,20170312_Yale@Princeton,1.0,13.5,116.0,0.8293627075364779,0.8225433496514386,0.7881964493131113,1.2109925144065508,1.0,0.6630131253839998,0.6508445513020451,0.5881571670673067,0.027024012831176503,1.0,0.5490251603033518,1.1228128499284658,1.1734310962634797,0.31754351339028153
2017-03-14,2016-17,True,20170314_CSBakersfield@California,1.0,5.0,115.5,0.7751809333250775,0.7536157174500754,0.60715113705503,1.5720962075930158,1.0,20170314_IndianaU@GeorgiaTech,1.0,13.5,126.0,0.8748245987478713,0.8636695727640894,0.7881964493131113,1.2109925144065508,1.0,0.6781473489531114,0.6508749647184093,0.4785543704231928,0.2910547117168387,1.0,0.9037967393220689,1.3438769071360948,1.1222830902775085,0.5082103282932768
2017-03-15,2016-17,True,20170315_Hampton@CoastalCarolina,1.0,5.0,135.5,0.7728834781766397,0.7546515516342223,0.6192039347062813,1.5414953725266072,1.0,20170315_CalIrvine@IllinoisState,1.0,13.5,111.0,0.8713495256434695,0.8617034866790336,0.7881964493131113,1.2109925144065508,1.0,0.6734516520868898,0.6502858732709521,0.4880543427361985,0.25715870406946917,1.0,0.8667393571220587,1.3055188784563905,1.0898468982575127,0.42281570030232385
2017-03-16,2016-17,True,20170316_MountStMarys@Villanova,-1.0,14.0,147.5,0.8570859593421041,0.8499515258914208,0.7906663481009146,1.2072095926335984,1.0,20170316_St.Peter's@AlbanyNY,1.0,9.0,111.5,0.778164873227312,0.7672815755741241,0.699506621090224,1.3645331884240828,1.0,0.6669541868963574,0.6521521459476003,0.5530763455698177,0.0986586619758183,1.0,0.647277554532462,1.1609183854947178,1.3055188784563905,0.5156008686104676
2017-03-17,2016-17,True,20170317_NewMexicoState@Baylor,-1.0,7.5,142.0,0.8075776481473924,0.7932142236530971,0.6753334258041102,1.4133759170345968,0.0,20170317_KentState@UCLA,1.0,12.0,147.5,0.8298886499561899,0.8200522591954894,0.7607375173870663,1.2547034662868435,1.0,0.6701995241558345,0.6504771161327185,0.5137514737547213,0.1885101634064672,0.0,-1.0,1.436422152518223,1.1411869552697125,-1.0
2017-03-18,2016-17,True,20170318_MiddleTennSt@Butler,-1.0,8.5,150.0,0.7770173634595648,0.7666707580994719,0.6965114721269701,1.3704009742800045,1.0,20170318_SaintMarysCA@Arizona,-1.0,14.5,146.0,0.8567769205649421,0.8499494463609385,0.7988893283665276,1.1947837655456561,1.0,0.6657305438903763,0.6516313863877672,0.5564355821670965,0.09002247967798405,1.0,0.6373328363576996,1.2957015284991003,1.3503824365795511,0.7496925871344637
2017-03-19,2016-17,True,20170319_Belmont@GeorgiaTech,1.0,6.0,127.5,0.77886274897857,0.7612589509243338,0.6429368148382311,1.4845937858452873,1.0,20170319_TCU@Iowa,1.0,14.5,136.0,0.8659330756252164,0.857289394783435,0.8134265429298616,1.1734310962634797,1.0,0.674443015712924,0.6526192253113948,0.5229818706161988,0.17492594191140798,1.0,0.7420685136303853,1.270801549381685,1.0827345163892357,0.37594070099647015
2017-03-20,2016-17,True,20170320_CSBakersfield@ColoradoState,1.0,3.0,122.5,0.7614158567024386,0.7342150944074666,0.5580302155906502,1.710480854499436,1.0,20170320_CentralFlorida@IllinoisState,1.0,15.0,107.5,0.900233225833224,0.8895833718597774,0.8134265429298616,1.1734310962634797,1.0,0.6854518528798041,0.653145539353339,0.453916589118308,0.3757919537137673,1.0,1.0071314242329668,1.2248350705527253,1.0759826367336596,0.3179012687771794
2017-03-21,2016-17,True,20170321_GeorgiaTech@Mississippi,1.0,9.0,132.5,0.7965537225146785,0.7834237124401335,0.699506621090224,1.3645331884240828,1.0,20170321_Richmond@TCU,1.0,15.0,134.5,0.8405318916818542,0.8351152765173555,0.8134265429298616,1.1734310962634797,1.0,0.6695288072114854,0.6542491102446953,0.5689972525499695,0.07203993522763197,1.0,0.6011856751803728,1.2547034662868435,1.1621301024522852,0.45812866782316686
2017-03-22,2016-17,True,20170322_CSBakersfield@UTArlington,1.0,4.5,133.0,0.7750870218303387,0.7525031301279349,0.60715113705503,1.5720962075930158,1.0,20170322_Illinois@CentralFlorida,1.0,14.5,114.0,0.8751044249972598,0.8657083851697859,0.8052664076902518,1.1853220137889464,1.0,0.6782820825616771,0.6514482696182637,0.48891841506135575,0.26393812851667287,1.0,0.863440242654119,1.270801549381685,1.1411869552697125,0.4502221508909183
2017-03-23,2016-17,True,20170323_WestVirginia@Gonzaga,1.0,12.0,135.5,0.8043559725159019,0.7966470790618418,0.7607375173870663,1.2547034662868435,0.0,20170323_Xavier@Arizona,-1.0,15.0,158.5,0.8273819228688016,0.8227655591091612,0.8146533750334672,1.1716639607130919,1.0,0.6655095912112118,0.6554537794169965,0.6197373860539546,-0.02164045079989807,0.0,-1.0,1.1621301024522852,1.2072095926335984,-1.0
2017-03-24,2016-17,True,20170324_Wisconsin@Florida,1.0,10.0,121.5,0.8011883229394671,0.7915436562318747,0.7311269225984495,1.3055188784563905,1.0,20170324_SouthCarolina@Baylor,1.0,14.5,121.0,0.8278140088777028,0.8224107158491588,0.8052664076902518,1.1853220137889464,0.0,0.6632349174785238,0.6509739849475166,0.5887519505264822,0.026329681855905118,0.0,-1.0,1.3438769071360948,1.1978322321832218,-1.0
2017-03-25,2016-17,True,20170325_Furman@Campbell,1.0,10.5,128.0,0.7775721488128013,0.769677963120336,0.7311269225984495,1.3055188784563905,1.0,20170325_St.Peter's@TexasState,1.0,14.5,102.0,0.8510749035822455,0.8454900810665881,0.8134265429298616,1.1734310962634797,0.0,0.6617721415790944,0.6507550834337793,0.5947180450922053,0.013792864445577369,0.0,-1.0,1.1978322321832218,1.1135355656840693,-1.0
2017-03-26,2016-17,True,20170326_SouthCarolina@Florida,1.0,10.0,125.5,0.7930216422530594,0.7821050388563626,0.72080118453154,1.3242209092932395,1.0,20170326_Liberty@MDBaltimoreCo,1.0,15.0,128.5,0.8432002273097807,0.8371402867612524,0.8134265429298616,1.1734310962634797,1.0,0.6686760290093553,0.6547316365056358,0.5863188156732397,0.039043640820284775,1.0,0.5538819932869881,1.2877265344900157,1.1222830902775085,0.4451937145598015
2017-03-28,2016-17,True,20170328_CSBakersfield@GeorgiaTech,1.0,4.0,116.5,0.775978926052195,0.7507865186022072,0.5827430396186636,1.6379432015603437,1.0,20170328_TCU@CentralFlorida,1.0,14.5,116.0,0.8797297438027157,0.8696380209675586,0.8052664076902518,1.1853220137889464,1.0,0.682651741812204,0.6529125022063467,0.46926339412021933,0.32536162178558126,1.0,0.9414901341454207,1.3862381934209866,1.1411869552697125,0.5819569432286824
2017-03-29,2016-17,True,20170329_Furman@St.Peter's,1.0,14.0,111.5,0.8534032748668435,0.8453387849508218,0.7968561659593066,1.1978322321832218,1.0,20170329_CoastalCarolina@Wyoming,1.0,9.0,146.5,0.7829398143038434,0.7715674559654762,0.7102585027925757,1.3438769071360948,0.0,0.6681634015505383,0.6522358957334523,0.5659738673752894,0.07556873626437222,0.0,-1.0,1.2248350705527253,1.3055188784563905,-1.0
2017-03-31,2016-17,True,20170331_CoastalCarolina@Wyoming,1.0,10.5,143.0,0.8128363795161002,0.8006599120559695,0.7311269225984495,1.3055188784563905,0.0,20170331_St.Peter's@TexasA&MCorpus,1.0,15.0,114.5,0.822170773727928,0.8171307472419442,0.8134265429298616,1.1734310962634797,1.0,0.6682903150609598,0.6542438322249637,0.5947180450922053,0.02377829198165604,0.0,-1.0,1.3055188784563905,1.1978322321832218,-1.0
2017-04-01,2016-17,True,20170401_Oregon@NorthCarolina,1.0,9.0,139.5,0.7869918176491303,0.7762087124578108,0.7102585027925757,1.3438769071360948,1.0,20170401_SouthCarolina@Gonzaga,1.0,14.5,124.0,0.8457815447784799,0.8385895707117312,0.8052664076902518,1.1853220137889464,1.0,0.6656231552593052,0.6509205309627012,0.5719473130752342,0.060289017195040095,1.0,0.5929268818510167,1.2109925144065508,1.1734310962634797,0.4210162737469467
2017-11-19,2017-18,True,20171119_Mercer@Colorado,-1.0,10.0,153.5,0.7935398600180374,0.7808586744211413,0.7133576678658062,1.33803846653199,1.0,20171119_Vermont@NorthernKentucky,-1.0,14.5,164.0,0.8421062963645175,0.8342447602967283,0.7959717353111166,1.1991631833847973,1.0,0.6682449125374071,0.6514272576680861,0.567812540788637,0.07221664861627386,1.0,0.6045264670178137,1.2535927995061582,1.1092287431456753,0.39052116541268433
2017-11-20,2017-18,True,20171120_Troy@Kentucky,-1.0,13.0,159.5,0.7988607311708539,0.7945488817791599,0.77038588240854,1.2389894750093866,1.0,20171120_NebraskaOmaha@TCU,-1.0,15.0,179.5,0.828124646358366,0.8237360789297845,0.8118966777664716,1.1756422044068837,1.0,0.661556260490449,0.6544985803948101,0.6254737385256852,-0.036371648384806665,1.0,0.45660831763696286,1.1871180022491026,1.2849808550564477,0.5254239055829537
2017-11-21,2017-18,True,20171121_Montana@CalSantaBarb,-1.0,8.5,152.0,0.786746027960924,0.7741934566982254,0.6927528822656138,1.3778362016746222,0.0,20171121_OralRoberts@Pepperdine,-1.0,14.0,163.5,0.8492616675950637,0.8402496686991827,0.7876682484266144,1.2118045914718993,1.0,0.6681532436798869,0.6505157954997589,0.5456594493666447,0.11559424740891622,0.0,-1.0,1.421563945342105,1.1542970631199783,-1.0
2017-11-22,2017-18,True,20171122_Belmont@Providence,-1.0,9.0,160.5,0.7967324132252364,0.783029966337334,0.7031474255063916,1.3574678159599172,1.0,20171122_CalPolySLO@CollCharleston,-1.0,13.0,147.5,0.8411016323446656,0.8314746806291964,0.77038588240854,1.2389894750093866,1.0,0.6701329333056509,0.6510695911834252,0.5416948498620346,0.1270887645239971,1.0,0.6818883366383164,1.3195069273515736,1.1542970631199783,0.5231029710083879
2017-11-23,2017-18,True,20171123_Vanderbilt@Virginia,-1.0,10.5,136.0,0.7947607975745196,0.7848851147130401,0.7233762704950771,1.3195069273515736,1.0,20171123_Florida@Stanford,-1.0,14.0,165.5,0.8370839467736724,0.8298707528879866,0.7959717353111166,1.1991631833847973,0.0,0.6652815051746706,0.6513532010774844,0.5757870653088503,0.05267767158809589,0.0,-1.0,1.2535927995061582,1.1991631833847973,-1.0
2017-11-24,2017-18,True,20171124_BYU@Alabama,-1.0,7.0,160.5,0.7667328596642682,0.7482294871039139,0.6495016081920147,1.4695883550727367,1.0,20171124_Pepperdine@TexasA&M,-1.0,14.5,163.0,0.8790988216655429,0.8700719855600357,0.8040481217466279,1.1871180022491026,1.0,0.6740339534631102,0.6510135154990695,0.5222305481382037,0.17590264430032976,1.0,0.7445747922024919,1.3018336814967515,1.1542970631199783,0.5027027952223695
2017-11-25,2017-18,True,20171125_NewMexico@Maryland,1.0,8.0,139.5,0.7843142446156589,0.7696177670376979,0.6813060259887447,1.400985700390339,1.0,20171125_CentralMichigan@CSBakersfield,1.0,12.0,127.5,0.8548813415006868,0.8461034342445339,0.7733018800933296,1.2343174439001774,1.0,0.6704956135951323,0.6511762357462059,0.5268552308160112,0.15946197469822354,1.0,0.729261088646503,1.1934987166058542,1.2817928526240852,0.5298181245614024
2017-11-26,2017-18,True,20171126_CalIrvine@UCLA,-1.0,12.0,164.5,0.8255701107280189,0.8169219664088151,0.7522191331122366,1.2689121533652636,1.0,20171126_Temple@LaSalle,1.0,10.5,129.0,0.8069044856385985,0.7977306836578655,0.7346426153445511,1.2992712103317539,1.0,0.666156225555593,0.6516837187584319,0.5526122312617846,0.0982658085041217,1.0,0.6486610293075581,1.2250702626779801,1.2817928526240852,0.5702863066629456
2017-11-27,2017-18,True,20171127_Wisconsin@Virginia,-1.0,8.5,127.0,0.7839474100943696,0.7744923734522858,0.6927528822656138,1.3778362016746222,1.0,20171127_Maryland@Syracuse,1.0,14.0,121.5,0.8458130554476814,0.8402477141027592,0.7997494984447628,1.1934987166058542,1.0,0.6630729542422152,0.6507654463833037,0.5540287701380885,0.0903874938464364,1.0,0.6444457383917463,1.5505626562712578,1.2343174439001774,0.9138865344958083
2017-11-28,2017-18,True,20171128_Iowa@VirginiaTech,-1.0,9.5,173.0,0.7890709820138415,0.7761907439885694,0.7031474255063916,1.3574678159599172,1.0,20171128_CSNorthridge@California,-1.0,15.0,161.5,0.8490562190728289,0.8438759758057504,0.8040481217466279,1.1871180022491026,1.0,0.6699656245687564,0.6550087214947453,0.5653643667893912,0.07963250767560903,1.0,0.6114744817997892,1.3991866273560096,1.1647100911856574,0.6296467843335705
2017-11-29,2017-18,True,20171129_Evansville@NewMexico,1.0,11.5,126.0,0.8438103892359475,0.8337319952686177,0.7639942540602025,1.2493549459663682,1.0,20171129_EasternKentucky@WesternKentucky,-1.0,9.0,158.5,0.7923240309915099,0.7797902572823988,0.7031474255063916,1.3574678159599172,1.0,0.668571248991941,0.6501360870950832,0.5372005928441075,0.13386951368957578,1.0,0.6959591298596861,1.2651673855333394,1.2535927995061582,0.5860047246746258
2017-11-30,2017-18,True,20171130_WeberState@FresnoState,-1.0,9.5,150.0,0.7777713439290679,0.767606319185448,0.7031474255063916,1.3574678159599172,0.0,20171130_SouthFlorida@Elon,1.0,13.5,120.0,0.8554609994716112,0.8483536167681249,0.7997494984447628,1.1934987166058542,1.0,0.6653530512379388,0.6512015971350426,0.5623418008814629,0.07796249501535835,0.0,-1.0,1.3574678159599172,1.1934987166058542,-1.0
2017-12-01,2017-18,True,20171201_Illinois@Northwestern,-1.0,11.5,158.0,0.80856980240765,0.801257421147778,0.7522191331122366,1.2689121533652636,1.0,20171201_EasternIllinois@Bradley,1.0,12.0,119.5,0.8238921722216535,0.8167771004140187,0.7733018800933296,1.2343174439001774,1.0,0.6661743308984719,0.6544487131302964,0.5816924698778672,0.043389154277148734,1.0,0.566240405675682,1.1756422044068837,1.1478929036617025,0.3495113436838626
2017-12-02,2017-18,True,20171202_SaintMarysCA@California,-1.0,8.0,154.5,0.7815899906462518,0.7714385102881134,0.6821820487261823,1.3991866273560096,1.0,20171202_WrightState@WesternKentucky,-1.0,12.0,150.5,0.8493657361333373,0.8432961606679468,0.7614115208511224,1.2535927995061582,1.0,0.6638557577597018,0.6505511339173664,0.5194212712179369,0.16440982435681417,1.0,0.7540102812187999,1.4695883550727367,1.1647100911856574,0.7116443870421474
2017-12-03,2017-18,True,20171203_PortlandU@BoiseState,1.0,10.0,129.5,0.7911960645660977,0.7832187044214541,0.7243989083873043,1.3176441722212962,1.0,20171203_CSNorthridge@Montana,-1.0,13.5,155.0,0.8375310652264538,0.8311103951546766,0.7791389841701661,1.2250702626779801,1.0,0.662651282759022,0.6509412069242486,0.5644074296148615,0.06965613521077985,1.0,0.614206692179253,1.206423314103068,1.2250702626779801,0.47795332630908494
2017-12-04,2017-18,True,20171204_SacramentoState@SaintMarysCA,-1.0,9.0,147.5,0.790921621256076,0.7794931145049614,0.7031474255063916,1.3574678159599172,1.0,20171204_NoIllinois@IowaState,-1.0,13.0,162.5,0.843105691973374,0.835862279429566,0.77038588240854,1.2389894750093866,0.0,0.6668305207858068,0.6515488914897688,0.5416948498620346,0.121534475424103,0.0,-1.0,1.3018336814967515,1.1991631833847973,-1.0
2017-12-05,2017-18,True,20171205_ColoradoState@Arkansas,-1.0,12.0,167.5,0.8294017287275272,0.8201767322059702,0.7614115208511224,1.2535927995061582,1.0,20171205_WakeForest@CharlotteU,-1.0,11.0,169.5,0.80256025476614,0.7925821672016904,0.7331965776938472,1.3018336814967515,1.0,0.6656448627110412,0.6500574519002084,0.5582643213047103,0.08631200013649742,1.0,0.631969329278921,1.1991631833847973,1.1542970631199783,0.38419054078267556
2017-12-06,2017-18,True,20171206_RhodeIsland@Alabama,-1.0,9.5,155.0,0.795380775204674,0.7838955881513742,0.7031474255063916,1.3574678159599172,1.0,20171206_MiddleTennSt@Vanderbilt,-1.0,13.0,152.5,0.8394045708353173,0.831397361343832,0.7791389841701661,1.2250702626779801,1.0,0.6676462582613414,0.6517287235581237,0.5478495708309176,0.11029135699269466,1.0,0.6629934538749198,1.33803846653199,1.1991631833847973,0.6045264670178137
2017-12-07,2017-18,True,20171207_Ohio@Maryland,1.0,14.0,132.5,0.8447131839193286,0.8393496661236769,0.7997494984447628,1.1934987166058542,1.0,20171207_Drexel@LaSalle,1.0,10.0,127.5,0.7818808640556936,0.77541374596926,0.7346426153445511,1.2992712103317539,1.0,0.6604650741220807,0.650843268787008,0.5875300631579535,0.024169005007836475,1.0,0.550678522053883,1.1695358276275034,1.3369553828544205,0.5636172201876903
2017-12-08,2017-18,False,,,,,,,,,,,,,,,,,,,,,,,,,,,
2017-12-09,2017-18,True,20171209_SEMissouriSt@SoIllinois,-1.0,8.5,154.0,0.7793344138062057,0.7668764873321346,0.6821820487261823,1.3991866273560096,1.0,20171209_WiscMilwaukee@WesternIllinois,1.0,13.0,114.5,0.8579189551934289,0.8498178691066401,0.7823651931455532,1.2200184879932694,1.0,0.6686057660389033,0.6517053423325799,0.5337154903120888,0.1413324767102191,1.0,0.7070335535272809,1.3991866273560096,1.206423314103068,0.6880113680235316
2017-12-10,2017-18,True,20171210_WesternKentucky@Ohio,-1.0,12.5,162.0,0.8251188903624556,0.8198965499331229,0.7614115208511224,1.2535927995061582,0.0,20171210_LaSalle@Villanova,1.0,11.0,128.5,0.8007033825401082,0.793455959803422,0.7446601048257903,1.2817928526240852,1.0,0.6606754865109589,0.6505518039667003,0.5669927829325612,0.06160395472971003,0.0,-1.0,1.2118045914718993,1.1934987166058542,-1.0
2017-12-11,2017-18,True,20171211_FloridaIntl@SouthFlorida,1.0,8.0,113.5,0.7782646718166423,0.7660388619944167,0.6813060259887447,1.400985700390339,1.0,20171211_AlabamaA&M@Depaul,-1.0,14.0,154.5,0.8565381986291807,0.8507527881225875,0.7959717353111166,1.1991631833847973,1.0,0.6666134200545573,0.651709697652004,0.5423003397841818,0.11991752670514444,1.0,0.6800104723566587,1.1934987166058542,1.2389894750093866,0.47873234831186395
2017-12-12,2017-18,True,20171212_Fordham@Rutgers,1.0,9.0,112.5,0.7827039715422038,0.7743167165871833,0.7032600090467948,1.3572505015516783,1.0,20171212_Michigan@Texas,1.0,13.0,113.5,0.8454628979316058,0.8394643111822881,0.7823651931455532,1.2200184879932694,0.0,0.6617471680026488,0.6500112491267909,0.5502061528094391,0.09576774943441202,0.0,-1.0,1.206423314103068,1.1478929036617025,-1.0
2017-12-13,2017-18,True,20171213_NCWilmington@NCGreensboro,-1.0,9.0,165.5,0.7727954052872312,0.7622565799860749,0.6927528822656138,1.3778362016746222,1.0,20171213_WesternKentucky@Wisconsin,-1.0,14.5,149.0,0.8604598657288116,0.8543837620037756,0.7959717353111166,1.1991631833847973,0.0,0.6649594306692935,0.6512596444206346,0.5514117138387383,0.09867951575092193,0.0,-1.0,1.33803846653199,1.125942068786628,-1.0
2017-12-14,2017-18,True,20171214_Valparaiso@Northwestern,-1.0,13.0,152.5,0.8065280787014415,0.8001724174467749,0.7791389841701661,1.2250702626779801,1.0,20171214_SantaClara@USC,-1.0,14.5,155.0,0.8167381991231187,0.8123286222631215,0.7959717353111166,1.1991631833847973,1.0,0.6587222905408443,0.65000295743749,0.6201726092784677,-0.03229798777819637,1.0,0.46905915606297643,1.2250702626779801,1.2118045914718993,0.48454576918886216
2017-12-15,2017-18,True,20171215_DenverU@Stanford,-1.0,11.0,155.5,0.7740930102631031,0.7663852531938248,0.7331965776938472,1.3018336814967515,1.0,20171215_UCDavis@SanFrancisco,1.0,15.0,113.5,0.8547893677129991,0.848759720371243,0.8239540852750892,1.158438336623243,1.0,0.66168647479385,0.650476933197435,0.6041203155005597,-0.0021145680019875046,1.0,0.5080940445532094,1.2849808550564477,1.110722402657237,0.4272570226968484
2017-12-16,2017-18,True,20171216_MiamiFlorida@GeoWashington,1.0,13.5,118.0,0.8721236048984988,0.8645929028518685,0.7911816597390909,1.206423314103068,0.0,20171216_Davidson@Virginia,1.0,7.5,114.0,0.7667348892845866,0.7519368880677442,0.6700465115975797,1.4245279745195645,1.0,0.668687595644325,0.6501192968158914,0.5301285111481612,0.14919564242283867,0.0,-1.0,1.206423314103068,1.2200184879932694,-1.0
2017-12-17,2017-18,True,20171217_Furman@NCWilmington,-1.0,14.0,177.5,0.852926744258131,0.8469415571830416,0.7876682484266144,1.2118045914718993,1.0,20171217_OldDominion@Fairfield,1.0,9.0,126.5,0.7780052780406267,0.7680454820750179,0.7139355675146972,1.3369553828544205,1.0,0.6635815088148337,0.6504896365760156,0.5623443779537625,0.07508742833206927,1.0,0.6201286715360579,1.1871180022491026,1.3785772895090809,0.6365339178680027
2017-12-18,2017-18,True,20171218_CharlotteU@EastCarolina,-1.0,13.0,160.5,0.839240392236024,0.8325028897693447,0.7791389841701661,1.2250702626779801,1.0,20171218_NebraskaOmaha@Kansas,1.0,10.0,146.5,0.7901382961492927,0.7809515077830942,0.7346426153445511,1.2992712103317539,1.0,0.663115973581036,0.6501443869991528,0.5723887010476677,0.05548071568092605,1.0,0.591698522931059,1.1014698386445847,1.1478929036617025,0.26436941137751924
2017-12-19,2017-18,True,20171219_Elon@Canisius,1.0,6.5,134.0,0.7766818766332163,0.7581642334066467,0.6586125553436295,1.449258736803145,0.0,20171219_Dartmouth@NotreDame,-1.0,14.5,155.0,0.8678396248129837,0.8612523335658445,0.7959717353111166,1.1991631833847973,0.0,0.6740353084164146,0.6529707152476342,0.5242369785745576,0.17140442594785932,0.0,-1.0,1.2817928526240852,1.2118045914718993,-1.0
2017-12-20,2017-18,True,20171220_ArkansasLR@MississippiSt,1.0,9.5,119.0,0.7860772789214308,0.7767409185046413,0.7139355675146972,1.3369553828544205,0.0,20171220_Wofford@NorthCarolina,-1.0,13.5,166.0,0.8429197070039288,0.8373579415711392,0.7876682484266144,1.2118045914718993,1.0,0.662600029630898,0.6504101766531224,0.5623443779537625,0.07349730576565938,0.0,-1.0,1.3369553828544205,1.2389894750093866,-1.0
2017-12-21,2017-18,True,20171221_MiamiOhio@Depaul,1.0,7.5,123.0,0.7687936020672683,0.7534587869724926,0.6700465115975797,1.4245279745195645,1.0,20171221_TennesseeState@Purdue,1.0,15.0,117.5,0.8736922742026053,0.8670497526529785,0.8161357501430968,1.1695358276275034,1.0,0.6716890305825645,0.6532862548787128,0.5468489123734559,0.1190584440573883,1.0,0.6660365036582698,1.1695358276275034,1.1025652147672964,0.2894895209661661
2017-12-22,2017-18,True,20171222_FlaGulfCoast@WichitaState,-1.0,7.5,167.0,0.7710519631000301,0.7575178630108367,0.6605468082288837,1.4450149302201452,1.0,20171222_William&Mary@TCU,-1.0,14.5,182.0,0.8657820200746331,0.8594419193698645,0.7959717353111166,1.1991631833847973,1.0,0.6675629261952556,0.6510426061429916,0.5257765892001639,0.1567588488195346,1.0,0.73280870376135,1.4450149302201452,1.2389894750093866,0.790358289774183
2017-12-23,2017-18,True,20171223_SouthernMiss@MississippiSt,1.0,9.5,122.0,0.784821200286173,0.7742644877430561,0.7139355675146972,1.3369553828544205,1.0,20171223_Niagara@Cornell,-1.0,14.0,177.5,0.8493250739299039,0.842462293754869,0.7959717353111166,1.1991631833847973,1.0,0.6665683239548097,0.6522886363169538,0.5682725325750004,0.06866078287434974,1.0,0.6032276729471473,1.2651673855333394,1.144379575861301,0.4478317160501939
2017-12-25,2017-18,True,20171225_USC@NewMexicoState,-1.0,13.0,161.5,0.8221185791955967,0.8177578086049228,0.7791389841701661,1.2250702626779801,1.0,20171225_MiddleTennSt@MiamiFlorida,-1.0,13.5,147.0,0.7993054306607644,0.7949120600960614,0.7791389841701661,1.2250702626779801,0.0,0.6571238449981522,0.6500455442977798,0.6070575566537184,-0.013790407216800138,0.0,-1.0,1.1647100911856574,1.2535927995061582,-1.0
2017-12-27,2017-18,True,20171227_FlaGulfCoast@RhodeIsland,-1.0,6.5,160.0,0.7751645246420891,0.7602900759153868,0.6495016081920147,1.4695883550727367,1.0,20171227_Villanova@Depaul,1.0,14.5,128.0,0.8632824925200225,0.8565287913590528,0.8161357501430968,1.1695358276275034,1.0,0.6691859629461211,0.6512103398060888,0.5300814822209376,0.1501541612119568,1.0,0.7187362331217344,1.5223080862415126,1.119311380874699,0.7039367661277078
2017-12-28,2017-18,True,20171228_TennesseeState@TennMartin,1.0,9.0,118.5,0.8153074597143174,0.8020133493260363,0.7139355675146972,1.3369553828544205,1.0,20171228_St.Peter's@Fairfield,1.0,11.5,119.0,0.8231963709496465,0.8108824311023426,0.754445625862877,1.2651673855333394,1.0,0.6711581420450011,0.6503385344780287,0.538625566059394,0.13524543726364446,1.0,0.691472346300652,1.2200184879932694,1.119311380874699,0.36558057848840875
2017-12-29,2017-18,True,20171229_Kansas@Texas,1.0,6.0,127.5,0.7694145326301207,0.7519618997651698,0.6470155170262896,1.475235098513436,1.0,20171229_ULMonroe@ArkansasState,1.0,14.5,129.0,0.8754632559860691,0.8687683193419724,0.8161357501430968,1.1695358276275034,1.0,0.6735941519393651,0.6532806758681833,0.5280524943424745,0.1621791374550703,1.0,0.7253403018850528,1.2343174439001774,1.1695358276275034,0.4435784733068584
2017-12-30,2017-18,True,20171230_Drexel@Elon,1.0,5.5,130.0,0.75978134579987,0.7380714018294313,0.623381080327933,1.5311661359659487,1.0,20171230_Jacksonville@Michigan,1.0,15.0,119.5,0.8931978989134165,0.8859171486669696,0.8161357501430968,1.1695358276275034,1.0,0.6786351017020519,0.6538701118213629,0.5087635856184517,0.21526828814778298,1.0,0.7907536540621423,1.400985700390339,1.110722402657237,0.5561062032259894
2017-12-31,2017-18,True,20171231_NorthernIowa@Bradley,1.0,7.0,108.5,0.7599055414611536,0.7457419998292636,0.6700465115975797,1.4245279745195645,1.0,20171231_CentralFlorida@EastCarolina,1.0,14.5,110.0,0.88103756455202,0.8756502190617785,0.8161357501430968,1.1695358276275034,0.0,0.6695053275385189,0.6530091455140635,0.5468489123734559,0.11542031507285877,0.0,-1.0,1.2651673855333394,1.110722402657237,-1.0
2018-01-01,2017-18,True,20180101_Texas@IowaState,1.0,11.5,126.0,0.8169113146588574,0.8089017772920123,0.7639942540602025,1.2493549459663682,1.0,20180101_YoungstownState@ClevelandState,-1.0,15.0,168.5,0.8157445737179424,0.811351532595987,0.8040481217466279,1.1871180022491026,1.0,0.6663909721417535,0.6563036967254919,0.6142881450023219,-0.011654392932105684,1.0,0.4831317475556305,1.2343174439001774,1.144379575861301,0.41252767292868997
2018-01-02,2017-18,True,20180102_Ohio@CentralMichigan,1.0,8.0,141.5,0.7832824572101161,0.7665772997285794,0.6813060259887447,1.400985700390339,0.0,20180102_Towson@Elon,1.0,14.5,123.0,0.8581999770151182,0.8493743987257169,0.8080676509712759,1.1812129824188808,1.0,0.6722129867740669,0.6511111330337457,0.5505413600132999,0.11242006213429767,0.0,-1.0,1.3785772895090809,1.0948189681177432,-1.0
2018-01-03,2017-18,True,20180103_SouthDakotaState@NDakotaSt,1.0,8.5,135.0,0.7682884188503657,0.7554725885856475,0.6923804760630453,1.3785772895090809,1.0,20180103_MemphisU@CentralFlorida,1.0,15.0,107.5,0.8684987381186748,0.8604595071854794,0.8161357501430968,1.1695358276275034,1.0,0.6672575222827345,0.6500535712665446,0.565076459216148,0.07581632135904637,1.0,0.6122955312344833,1.206423314103068,1.087463775091012,0.31194165151233233
2018-01-04,2017-18,True,20180104_TennMartin@AustinPeay,1.0,8.0,125.5,0.7783885572222488,0.7644024590109352,0.6923804760630453,1.3785772895090809,1.0,20180104_NorthernIowa@MissouriSt,1.0,14.0,105.5,0.8607601408354826,0.8523419050235663,0.7997494984447628,1.1934987166058542,1.0,0.6700058441393509,0.6515322481180791,0.5537309384643666,0.10238086680573133,1.0,0.6453302257710651,1.3176441722212962,1.087463775091012,0.4328903057504425
2018-01-05,2017-18,True,20180105_William&Mary@Delaware,-1.0,15.0,169.5,0.8629252524470047,0.8558508238854059,0.8040481217466279,1.1871180022491026,1.0,20180105_St.Peter's@Iona,1.0,9.0,129.5,0.7719217522164364,0.7609240314453769,0.7139355675146972,1.3369553828544205,1.0,0.6661107729007026,0.6512374592267304,0.5740385521083051,0.05720026323220928,1.0,0.5871238031903239,1.1173798615754005,1.2817928526240852,0.432249520233438
2018-01-06,2017-18,True,20180106_Texas@Baylor,1.0,8.5,117.0,0.78856748742781,0.7759801120371158,0.7032600090467948,1.3572505015516783,1.0,20180106_WesternIllinois@OralRoberts,1.0,12.5,125.0,0.8493770867206543,0.8395538138812293,0.7823651931455532,1.2200184879932694,1.0,0.6697911551540594,0.6514770625567442,0.5502061528094391,0.10908755210766685,1.0,0.6558707047311851,1.1378731767521786,1.1478929036617025,0.3061565448608239
2018-01-07,2017-18,True,20180107_FloridaState@MiamiFlorida,1.0,10.0,134.5,0.7890935969549653,0.7793828879879267,0.7243989083873043,1.3176441722212962,1.0,20180107_NCWilmington@Delaware,-1.0,13.5,169.0,0.842761880963516,0.8360939657932756,0.7876682484266144,1.2118045914718993,0.0,0.6650180040260332,0.6516373296892418,0.5705860193315795,0.0618523739720489,0.0,-1.0,1.2992712103317539,1.1173798615754005,-1.0
2018-01-09,2017-18,True,20180109_Syracuse@Virginia,1.0,14.0,95.5,0.8692924839391617,0.8616545265315972,0.8080676509712759,1.1812129824188808,1.0,20180109_CentralMichigan@EasternMichigan,1.0,8.5,127.0,0.7693058423659215,0.756394918908579,0.6923804760630453,1.3785772895090809,1.0,0.6687517866191811,0.6517511057230776,0.5594902648706387,0.0889909899754151,1.0,0.6283933916359583,1.1025652147672964,1.2343174439001774,0.36091547762481935
2018-01-10,2017-18,True,20180110_GeoWashington@Davidson,1.0,14.5,118.0,0.8686511588403449,0.8617494211063018,0.8161357501430968,1.1695358276275034,0.0,20180110_WiscGreenBay@IllinoisChicago,1.0,8.0,132.5,0.768995585683379,0.7547117815479323,0.6923804760630453,1.3785772895090809,1.0,0.667988906646977,0.6503724408510364,0.565076459216148,0.0769955291011295,0.0,-1.0,1.087463775091012,1.1695358276275034,-1.0
2018-01-11,2017-18,True,20180111_TennesseeState@EasternIllinois,1.0,7.0,112.5,0.7825013286432375,0.7658571086266701,0.6700465115975797,1.4245279745195645,1.0,20180111_NebraskaOmaha@WesternIllinois,1.0,14.0,138.5,0.8618053799285939,0.8517550961189574,0.7997494984447628,1.1934987166058542,1.0,0.6743638548260148,0.6523226951716962,0.5358693615848273,0.14653475240726843,1.0,0.700172309358237,1.2200184879932694,1.2200184879932694,0.48844511104538313
2018-01-12,2017-18,True,20180112_Columbia@Princeton,-1.0,14.5,160.0,0.8503376193348684,0.8456014362705604,0.8040481217466279,1.1871180022491026,1.0,20180112_Brown@Yale,-1.0,11.0,163.5,0.7750569214799892,0.7692431770557281,0.7331965776938472,1.3018336814967515,1.0,0.659060057460306,0.6504731353596527,0.5895253311657933,0.01853131591135959,1.0,0.545430199239018,1.2389894750093866,1.3778362016746222,0.7071245521617675
2018-01-13,2017-18,True,20180113_Cincinnati@SouthFlorida,1.0,8.0,112.5,0.7936576020136208,0.7780718139539421,0.6813060259887447,1.400985700390339,1.0,20180113_Michigan@MichiganState,1.0,12.0,116.5,0.847385340308947,0.8366759700903843,0.7639942540602025,1.2493549459663682,1.0,0.6725338171710948,0.6509939897398995,0.5205138891119919,0.17715504957772965,1.0,0.7503284140108264,1.206423314103068,1.0738515563436442,0.2955195534588366
2018-01-14,2017-18,True,20180114_Davidson@Fordham,1.0,9.5,122.0,0.7946463119470404,0.7834808364803263,0.7139355675146972,1.3369553828544205,0.0,20180114_St.Josephs@Massachusetts,1.0,13.0,133.5,0.8405040012767178,0.8323291142986295,0.7911816597390909,1.206423314103068,1.0,0.6679034047912743,0.6521139106976194,0.5648527272530479,0.07728420634221855,0.0,-1.0,1.158438336623243,1.2200184879932694,-1.0
2018-01-15,2017-18,True,20180115_FloridaState@BostonCollege,1.0,9.5,145.0,0.777693027304347,0.7672974034928868,0.7139355675146972,1.3369553828544205,1.0,20180115_Maryland@Michigan,1.0,15.0,119.5,0.8574955586660744,0.851596879063826,0.8161357501430968,1.1695358276275034,1.0,0.6668683169190517,0.6534280741283196,0.5826683399474449,0.04272678393221141,1.0,0.5636172201876903,1.3176441722212962,1.110722402657237,0.4635369008169443
2018-01-16,2017-18,True,20180116_Drake@NorthernIowa,1.0,10.5,118.0,0.8102712237963267,0.7997616554206379,0.7346426153445511,1.2992712103317539,1.0,20180116_Cincinnati@CentralFlorida,1.0,11.5,106.0,0.8219250070435916,0.8128167884709605,0.754445625862877,1.2651673855333394,0.0,0.6659821813260154,0.6500597003012218,0.5542479077191607,0.09473855288540634,0.0,-1.0,1.1695358276275034,1.1378731767521786,-1.0
2018-01-17,2017-18,True,20180117_GeorgeMason@GeoWashington,1.0,9.0,122.5,0.7926322175423987,0.7809691847799198,0.7032600090467948,1.3572505015516783,1.0,20180117_SouthFlorida@EastCarolina,1.0,12.5,114.0,0.8448122889115949,0.8351270178807859,0.7733018800933296,1.2343174439001774,1.0,0.669625437967067,0.6522084663420429,0.5438322871903384,0.12180874424892685,1.0,0.6752779698075013,1.2343174439001774,1.158438336623243,0.4298806465767744
2018-01-18,2017-18,True,20180118_TennMartin@EasternIllinois,1.0,9.5,121.0,0.8144969951777645,0.7997623114265022,0.7139355675146972,1.3369553828544205,1.0,20180118_WrightState@WiscGreenBay,1.0,10.5,129.0,0.8265576343828304,0.8131407881325368,0.7446601048257903,1.2817928526240852,1.0,0.6732287095460566,0.6503193562320453,0.5316393345443545,0.15371194127121335,1.0,0.7136998540200936,1.2493549459663682,1.1695358276275034,0.46116537073129127
2018-01-19,2017-18,True,20180119_IndianaU@MichiganState,1.0,11.0,129.5,0.797987388505316,0.7898339121991799,0.7446601048257903,1.2817928526240852,1.0,20180119_St.Bonaventure@Davidson,1.0,13.5,132.0,0.8297078197603516,0.8229592749030203,0.7911816597390909,1.206423314103068,1.0,0.6620963763130024,0.6500011436772529,0.5891614176775541,0.02385576005542034,1.0,0.5463847812563742,1.1378731767521786,1.1695358276275034,0.3307834475079956
2018-01-20,2017-18,True,20180120_CentralFlorida@SouthFlorida,1.0,7.0,107.5,0.7875469494253589,0.7714342415637618,0.6700465115975797,1.4245279745195645,1.0,20180120_EastCarolina@Cincinnati,1.0,12.5,113.0,0.8520741656437101,0.8429169607058317,0.7733018800933296,1.2343174439001774,1.0,0.6710484098368618,0.6502550062833344,0.5181482271683853,0.1799176576425714,1.0,0.7583197282732859,1.2493549459663682,1.158438336623243,0.44730066545730107
2018-01-21,2017-18,True,20180121_BostonCollege@Louisville,1.0,8.0,135.5,0.7730607586140029,0.7592830283979219,0.6813060259887447,1.400985700390339,1.0,20180121_Rutgers@Michigan,1.0,14.0,109.5,0.8650619860111437,0.8568468871555688,0.7997494984447628,1.1934987166058542,0.0,0.6687454751539107,0.6505892993528127,0.5448741525718931,0.1181923465427217,0.0,-1.0,1.2817928526240852,1.1695358276275034,-1.0
2018-01-22,2017-18,True,20180122_IowaState@Texas,1.0,8.0,127.5,0.7886214222586064,0.7752284485009066,0.6923804760630453,1.3785772895090809,1.0,20180122_Maryland@IndianaU,1.0,14.5,127.0,0.8463186514889509,0.8400716786155277,0.8080676509712759,1.1812129824188808,1.0,0.6674250186212023,0.6512474640426678,0.5594902648706387,0.0868304897352723,1.0,0.6283933916359583,1.2343174439001774,1.1812129824188808,0.45799178916097816
2018-01-23,2017-18,True,20180123_MiamiOhio@CentralMichigan,1.0,8.0,127.5,0.7774783547830884,0.7623304038144294,0.6813060259887447,1.400985700390339,1.0,20180123_Clemson@Virginia,1.0,13.5,103.0,0.8620683895676944,0.854552044988938,0.7997494984447628,1.1934987166058542,0.0,0.6702395132315975,0.6514510055368635,0.5448741525718931,0.12069048971674223,0.0,-1.0,1.1812129824188808,1.1283540037936637,-1.0
2018-01-24,2017-18,True,20180124_Temple@Cincinnati,1.0,8.5,115.0,0.8062737296900956,0.7921300644283114,0.6923804760630453,1.3785772895090809,1.0,20180124_BostonCollege@Syracuse,1.0,11.0,119.5,0.8343070130704368,0.8221956889771598,0.754445625862877,1.2651673855333394,1.0,0.6726798271349044,0.6512859240821575,0.5223634215986209,0.1732417564809292,1.0,0.7441310251238413,1.1934987166058542,1.1934987166058542,0.42443918653982093
2018-01-25,2017-18,True,20180125_EasternIllinois@Belmont,1.0,12.0,120.5,0.8516059815565836,0.8399575701504888,0.7639942540602025,1.2493549459663682,1.0,20180125_Elon@Drexel,1.0,8.0,133.5,0.7911599959900164,0.7760486214707137,0.6923804760630453,1.3785772895090809,1.0,0.6737565849533806,0.6518479144091771,0.5289747053356342,0.16043276568988651,1.0,0.72233235504508,1.1478929036617025,1.2200184879932694,0.4004505647035539
2018-01-26,2017-18,True,20180126_CSBakersfield@SeattleU,1.0,10.5,126.0,0.7898932870809076,0.7805112801422718,0.7346426153445511,1.2992712103317539,0.0,20180126_DetroitU@WrightState,1.0,13.5,138.0,0.8413625072629584,0.8337132856538916,0.7997494984447628,1.1934987166058542,1.0,0.6645865964885721,0.6507226238573385,0.5875300631579535,0.030560161219719273,0.0,-1.0,1.2493549459663682,1.158438336623243,-1.0
2018-01-27,2017-18,True,20180127_Massachusetts@Fordham,1.0,11.5,113.0,0.8504088231020671,0.8384130253476609,0.754445625862877,1.2651673855333394,1.0,20180127_FlaAtlantic@Rice,1.0,8.5,126.0,0.7906657239223165,0.7761143827658015,0.6923804760630453,1.3785772895090809,0.0,0.672389107747921,0.6507044076705081,0.5223634215986209,0.17273470377848654,0.0,-1.0,1.110722402657237,1.2343174439001774,-1.0
2018-01-28,2017-18,True,20180128_Connecticut@Temple,1.0,6.5,121.0,0.7635960411727587,0.7470486417354625,0.6470155170262896,1.475235098513436,1.0,20180128_NorthernIowa@LoyolaChicago,1.0,15.0,106.5,0.8785453397899256,0.8715450488441229,0.8161357501430968,1.1695358276275034,1.0,0.6708537434543633,0.6510865449502693,0.5280524943424745,0.15745100025226888,1.0,0.7253403018850528,1.3572505015516783,1.0948189681177432,0.48594359358609784
2018-01-29,2017-18,True,20180129_NCGreensboro@TennesseeChat,1.0,10.5,115.0,0.7998738397647095,0.7907348428275637,0.7446601048257903,1.2817928526240852,1.0,20180129_IllinoisChicago@WiscMilwaukee,1.0,13.0,123.5,0.8304880317727644,0.8228025720922907,0.7823651931455532,1.2200184879932694,1.0,0.6642856508527172,0.6506186625215126,0.5825961467398173,0.038817193317414844,1.0,0.5638109779790159,1.158438336623243,1.1478929036617025,0.32976314593948697
2018-01-30,2017-18,True,20180130_NorthCarolina@Clemson,1.0,13.5,133.0,0.8455428576262926,0.8374982084105609,0.7911816597390909,1.206423314103068,1.0,20180130_Akron@MiamiOhio,1.0,10.0,123.5,0.7873936959032662,0.7774107112473352,0.7243989083873043,1.3176441722212962,1.0,0.6657751157109757,0.651080077868823,0.573131130651053,0.058340523966202484,1.0,0.5896366490598097,1.2343174439001774,1.206423314103068,0.48910934132527983
2018-01-31,2017-18,True,20180131_Louisville@Virginia,1.0,11.0,110.5,0.8444789232786651,0.8329441898555429,0.7446601048257903,1.2817928526240852,1.0,20180131_Connecticut@CentralFlorida,1.0,8.0,110.5,0.796667778421092,0.7823802762402747,0.6923804760630453,1.3785772895090809,1.0,0.67276914773185,0.6516791053519114,0.5155881178844379,0.1888170699731404,1.0,0.767050516482624,1.158438336623243,1.1812129824188808,0.3683624025511083
2018-02-01,2017-18,True,20180201_GardnerWebb@Radford,1.0,8.5,119.0,0.792419550779523,0.7781727920267026,0.6923804760630453,1.3785772895090809,1.0,20180201_WrightState@ClevelandState,1.0,11.5,118.0,0.8465706023999644,0.8355678017189097,0.7639942540602025,1.2493549459663682,1.0,0.67083909645693,0.6502161291912182,0.5289747053356342,0.15540788085697788,1.0,0.72233235504508,1.2493549459663682,1.1478929036617025,0.4341256766294439
2018-02-02,2017-18,True,20180202_WiscGreenBay@WiscMilwaukee,1.0,8.0,131.5,0.7858981051109529,0.7721847722146697,0.6923804760630453,1.3785772895090809,1.0,20180202_Harvard@Columbia,1.0,13.5,122.0,0.8513387575414134,0.8420373125724318,0.7997494984447628,1.1934987166058542,1.0,0.6690655163593098,0.6502083904049959,0.5537309384643666,0.10083371708709743,1.0,0.6453302257710651,1.2651673855333394,1.110722402657237,0.4052497582231658
2018-02-03,2017-18,True,20180203_Virginia@Syracuse,1.0,11.5,98.0,0.8623150919743341,0.8504602266976895,0.754445625862877,1.2651673855333394,1.0,20180203_Rice@NorthTexas,1.0,7.0,127.5,0.7845314609262948,0.7660457881305803,0.6586125553436295,1.449258736803145,1.0,0.6765133188854165,0.6514914746343435,0.4968873615173733,0.2404243019646939,1.0,0.8335548870025851,1.1378731767521786,1.2817928526240852,0.4585177051536049
2018-02-04,2017-18,True,20180204_Tulsa@SouthFlorida,1.0,11.5,124.0,0.8210239408147332,0.8116967792595862,0.754445625862877,1.2651673855333394,0.0,20180204_GeorgiaTech@BostonCollege,1.0,10.5,125.0,0.8106826820933726,0.8008559614629379,0.7446601048257903,1.2817928526240852,1.0,0.6655898904025582,0.650052204570306,0.561805558840409,0.07937548552948726,0.0,-1.0,1.2343174439001774,1.1934987166058542,-1.0
2018-02-05,2017-18,True,20180205_Syracuse@Louisville,1.0,8.5,122.0,0.781871235417623,0.7692206600559158,0.6923804760630453,1.3785772895090809,1.0,20180205_IndianaU@Rutgers,1.0,15.0,113.5,0.8571918953243965,0.8512510439416553,0.8161357501430968,1.1695358276275034,0.0,0.6702136861872597,0.6547998898940874,0.565076459216148,0.08058253121190906,0.0,-1.0,1.3176441722212962,1.1478929036617025,-1.0
2018-02-06,2017-18,True,20180206_CentralFlorida@Cincinnati,1.0,8.5,109.0,0.7924845313627159,0.7809063879368306,0.7032600090467948,1.3572505015516783,1.0,20180206_BostonCollege@NotreDame,1.0,12.5,127.0,0.8438423854259044,0.8353354163680624,0.7823651931455532,1.2200184879932694,1.0,0.6687320373582442,0.6523187627116921,0.5502061528094391,0.10733378997671683,1.0,0.6558707047311851,1.1934987166058542,1.1478929036617025,0.3700087073212093
2018-02-07,2017-18,True,20180207_EastCarolina@Temple,1.0,8.5,127.0,0.7945906669571514,0.7817058257078565,0.6923804760630453,1.3785772895090809,1.0,20180207_Virginia@FloridaState,1.0,11.5,118.0,0.8419545727377588,0.8327932207952786,0.7639942540602025,1.2493549459663682,0.0,0.6690092454993192,0.6509993123056785,0.5289747053356342,0.15225626934777448,0.0,-1.0,1.2493549459663682,1.1934987166058542,-1.0
2018-02-08,2017-18,True,20180208_WiscGreenBay@WrightState,1.0,6.0,131.5,0.7656045871189922,0.7459703103112566,0.6352674548862387,1.5025167630709624,1.0,20180208_WiscMilwaukee@NorthernKentucky,1.0,15.0,122.5,0.8790778090279944,0.8716123107868169,0.8161357501430968,1.1695358276275034,0.0,0.6730260030263459,0.6501969059487532,0.5184644808350763,0.1826730499379463,0.0,-1.0,1.2817928526240852,1.158438336623243,-1.0
2018-02-09,2017-18,True,20180209_KentState@BallState,1.0,8.5,137.0,0.7709523789420862,0.75949580970282,0.6923804760630453,1.3785772895090809,1.0,20180209_Princeton@Harvard,1.0,14.5,115.0,0.8638812896773602,0.8570806304402364,0.8161357501430968,1.1695358276275034,1.0,0.6660113354003184,0.6509491473968109,0.565076459216148,0.07380709981744404,1.0,0.6122955312344833,1.3572505015516783,1.1283540037936637,0.5314590375767942
2018-02-10,2017-18,True,20180210_WiscMilwaukee@WrightState,1.0,8.0,119.5,0.7883646905422649,0.7736377398810963,0.6813060259887447,1.400985700390339,1.0,20180210_WiscGreenBay@NorthernKentucky,1.0,12.0,132.5,0.8520226710529866,0.8404830032581819,0.7639942540602025,1.2493549459663682,1.0,0.6717045893996817,0.6502293710491359,0.5205138891119919,0.17570362864773825,1.0,0.7503284140108264,1.3572505015516783,1.1812129824188808,0.6032019128273798
2018-02-11,2017-18,True,20180211_CentralFlorida@MemphisU,1.0,9.5,118.0,0.7923697951642892,0.7804857676703177,0.7139355675146972,1.3369553828544205,1.0,20180211_Louisville@Pittsburgh,1.0,13.0,123.5,0.8436150892762712,0.8349699878906486,0.7823651931455532,1.2200184879932694,1.0,0.6684551154873425,0.6516821919805088,0.5585583381721162,0.09032401373474719,1.0,0.6311102847045127,1.3369553828544205,1.2651673855333394,0.691472346300652
2018-02-12,2017-18,True,20180212_Baylor@Texas,1.0,13.0,119.5,0.8511635931979035,0.8434001262997267,0.7911816597390909,1.206423314103068,1.0,20180212_ETennesseeSt@NCGreensboro,1.0,9.5,121.0,0.7828799589769416,0.7719319759359059,0.7139355675146972,1.3369553828544205,1.0,0.6663589189254409,0.6510475259991406,0.5648527272530479,0.07479305235461298,1.0,0.6129341437911662,1.206423314103068,1.1934987166058542,0.4398646770653929
2018-02-13,2017-18,True,20180213_MiamiOhio@EasternMichigan,1.0,8.5,117.0,0.7952979980962213,0.782662320247958,0.7032600090467948,1.3572505015516783,0.0,20180213_Virginia@MiamiFlorida,1.0,12.0,105.5,0.8407156903468379,0.8324048095488588,0.7639942540602025,1.2493549459663682,1.0,0.6686195055009229,0.6514918796270693,0.5372866060220772,0.13376982266811188,0.0,-1.0,1.3176441722212962,1.1695358276275034,-1.0
2018-02-14,2017-18,True,20180214_St.Josephs@Fordham,1.0,8.5,126.0,0.780683091980549,0.7673924242984286,0.6923804760630453,1.3785772895090809,0.0,20180214_Georgia@Florida,1.0,13.5,117.0,0.8575510091614013,0.8489642105492047,0.7911816597390909,1.206423314103068,1.0,0.6694755733631628,0.6514887036759557,0.5477987342225021,0.11343681518097126,0.0,-1.0,1.2651673855333394,1.1378731767521786,-1.0
2018-02-15,2017-18,True,20180215_Marshall@Rice,1.0,7.0,150.5,0.7729369957456362,0.7567726565036205,0.6700465115975797,1.4245279745195645,1.0,20180215_Cincinnati@HoustonU,1.0,14.5,117.0,0.8672186773936449,0.8589593752071268,0.8080676509712759,1.1812129824188808,1.0,0.670305399159148,0.6500369682041874,0.541442910668154,0.12790341429470686,1.0,0.6826709373213822,1.449258736803145,1.1378731767521786,0.6490726427820441
2018-02-16,2017-18,True,20180216_IllinoisChicago@WiscGreenBay,1.0,8.0,138.5,0.7952620699042996,0.7780969280986116,0.6813060259887447,1.400985700390339,1.0,20180216_NorthernKentucky@WrightState,1.0,11.5,125.0,0.8470642424881543,0.835681062863694,0.754445625862877,1.2651673855333394,1.0,0.6736380628230472,0.6502408678844231,0.514008351181228,0.1940109472838527,1.0,0.7724814157324396,1.1695358276275034,1.1934987166058542,0.3958395092979907
2018-02-17,2017-18,True,20180217_MiamiOhio@Ohio,1.0,10.5,125.0,0.8373125447059598,0.8240920742607245,0.7446601048257903,1.2817928526240852,1.0,20180217_EasternMichigan@CentralMichigan,1.0,9.0,126.5,0.8040406417740414,0.7888664997093078,0.7032600090467948,1.3572505015516783,1.0,0.6732333158108357,0.6500986300602407,0.5236896720565724,0.17123341947031467,1.0,0.739713992109396,1.2200184879932694,1.2493549459663682,0.5242361321448012
2018-02-18,2017-18,True,20180218_Connecticut@EastCarolina,1.0,10.0,126.5,0.799502333486803,0.7891434374509172,0.7243989083873043,1.3176441722212962,1.0,20180218_Drake@MissouriSt,1.0,11.5,129.0,0.8338241765328409,0.8247417499263111,0.7639942540602025,1.2493549459663682,1.0,0.6666443748557183,0.6508395395461338,0.5534366036553835,0.09743347882910669,1.0,0.6462052635884374,1.4245279745195645,1.2493549459663682,0.7797410706334704
2018-02-19,2017-18,True,20180219_ClevelandState@WrightState,1.0,8.5,128.0,0.769994997324339,0.759290650265592,0.6923804760630453,1.3785772895090809,1.0,20180219_MiamiFlorida@NotreDame,1.0,15.0,122.5,0.8633489222678445,0.8574545304259268,0.8161357501430968,1.1695358276275034,1.0,0.6647743510915999,0.6510572079802798,0.565076459216148,0.0718127155442898,1.0,0.6122955312344833,1.3785772895090809,1.119311380874699,0.5430572495629091
2018-02-20,2017-18,True,20180220_MississippiSt@TexasA&M,1.0,13.0,125.5,0.8516578367513304,0.8430802515876958,0.7911816597390909,1.206423314103068,1.0,20180220_VMI@Furman,1.0,9.0,130.5,0.7845067393475812,0.7735896011183885,0.7139355675146972,1.3369553828544205,0.0,0.6681313125496009,0.6521981155365162,0.5648527272530479,0.07765180654725845,0.0,-1.0,1.206423314103068,1.2343174439001774,-1.0
2018-02-21,2017-18,True,20180221_GeorgiaTech@Virginia,1.0,12.0,100.5,0.8590929740671364,0.8510103361063518,0.7733018800933296,1.2343174439001774,1.0,20180221_CentralFlorida@Tulsa,1.0,8.0,118.5,0.7771460765194964,0.7647413362906107,0.6923804760630453,1.3785772895090809,1.0,0.6676407341617405,0.6508027816310932,0.5354191238794676,0.1360588059978458,1.0,0.7016019962056836,1.2343174439001774,1.2200184879932694,0.5058901016108115
2018-02-22,2017-18,True,20180222_Rice@FlaAtlantic,1.0,8.5,129.0,0.8031015627754421,0.788384205837095,0.6923804760630453,1.3785772895090809,1.0,20180222_GeorgiaState@TexasState,1.0,11.0,114.5,0.8373719248748969,0.8262273177742864,0.754445625862877,1.2651673855333394,1.0,0.6724947014913097,0.6513845677643939,0.5223634215986209,0.17291887310238985,1.0,0.7441310251238413,1.3369553828544205,1.2343174439001774,0.6502273507734513
2018-02-23,2017-18,True,20180223_Harvard@Princeton,1.0,8.0,120.5,0.7889804470562279,0.7744837274850411,0.6813060259887447,1.400985700390339,1.0,20180223_NorthernKentucky@IllinoisChicago,1.0,12.5,133.0,0.8493856541957768,0.8402890611293735,0.7823651931455532,1.2200184879932694,1.0,0.6701486731705306,0.6507902042283827,0.5330301206139135,0.1454371818602751,1.0,0.709228455890413,1.3369553828544205,1.206423314103068,0.6129341437911662
2018-02-24,2017-18,True,20180224_Harvard@Pennsylvania,1.0,6.5,119.0,0.7725197850391883,0.7561603080966757,0.6586125553436295,1.449258736803145,1.0,20180224_Virginia@Pittsburgh,1.0,13.5,100.0,0.8700467089012952,0.8618274433533628,0.7911816597390909,1.206423314103068,1.0,0.6721282965344818,0.6516797050922492,0.5210821746617766,0.1751622391481953,1.0,0.7484195282468764,1.2817928526240852,1.119311380874699,0.4347253278659844
2018-02-25,2017-18,True,20180225_CentralFlorida@Temple,1.0,8.5,119.0,0.7914010031291626,0.778314081046278,0.6923804760630453,1.3785772895090809,1.0,20180225_Tulsa@Cincinnati,1.0,12.5,120.0,0.8458133721453446,0.8368943072160917,0.7823651931455532,1.2200184879932694,1.0,0.6693775511758854,0.6513666236537539,0.5416943848852745,0.12581926250419206,1.0,0.6818897803287285,1.2817928526240852,1.206423314103068,0.5463847812563742
2018-02-26,2017-18,True,20180226_Texas@Kansas,1.0,9.5,129.0,0.795170443823929,0.7843139269919311,0.7139355675146972,1.3369553828544205,1.0,20180226_JamesMadison@Elon,1.0,13.0,128.5,0.8389779811058945,0.8309020343549788,0.7823651931455532,1.2200184879932694,1.0,0.6671304935944781,0.6516880375105379,0.5585583381721162,0.08816340934195122,1.0,0.6311102847045127,1.206423314103068,1.1695358276275034,0.4109552891286472
2018-02-27,2017-18,True,20180227_BallState@CentralMichigan,1.0,9.5,140.0,0.7995495418753302,0.7865253845312566,0.7139355675146972,1.3369553828544205,0.0,20180227_MiamiOhio@KentState,1.0,12.0,126.5,0.8379211663891188,0.8277858493157081,0.7639942540602025,1.2493549459663682,1.0,0.6699594847140623,0.6510745834425702,0.5454426713504384,0.11905464549940259,0.0,-1.0,1.2817928526240852,1.2343174439001774,-1.0
2018-02-28,2017-18,True,20180228_Syracuse@BostonCollege,1.0,9.0,128.5,0.7801764222309561,0.7689337484067365,0.7032600090467948,1.3572505015516783,1.0,20180228_GeorgeMason@VaCommonwealth,1.0,13.5,137.0,0.85393428563345,0.8454181286262532,0.7911816597390909,1.206423314103068,1.0,0.6662193957858523,0.6500705306155934,0.5564064211857712,0.09088006241899804,1.0,0.637418648150027,1.4245279745195645,1.1695358276275034,0.6660365036582698
2018-03-01,2017-18,True,20180301_NorthFlorida@FlaGulfCoast,-1.0,11.0,182.5,0.848839116136481,0.8372693710098178,0.7331965776938472,1.3018336814967515,1.0,20180301_Virginia@Louisville,1.0,7.5,115.0,0.7932702015882597,0.7779100133032911,0.6700465115975797,1.4245279745195645,1.0,0.6733587767735865,0.6513202275406855,0.49127580919904607,0.24874283978075606,1.0,0.8544984974639152,1.1647100911856574,1.3572505015516783,0.5808033554240344
2018-03-02,2017-18,True,20180302_Ohio@MiamiOhio,1.0,8.0,132.5,0.7968122541960895,0.7807041640572338,0.6813060259887447,1.400985700390339,1.0,20180302_Cornell@Harvard,1.0,11.5,127.0,0.8452383134477236,0.8330738118188824,0.754445625862877,1.2651673855333394,1.0,0.6734962458711815,0.6503841938540339,0.514008351181228,0.19375957937223487,1.0,0.7724814157324396,1.3369553828544205,1.1812129824188808,0.5792290551424466
2018-03-03,2017-18,True,20180303_NotreDame@Virginia,1.0,12.0,106.5,0.8614328541864485,0.8516741323795205,0.7639942540602025,1.2493549459663682,1.0,20180303_Clemson@Syracuse,1.0,7.5,116.0,0.7803373371373256,0.766299097253724,0.6813060259887447,1.400985700390339,0.0,0.6722082195584593,0.6526371187967752,0.5205138891119919,0.17658514682479964,0.0,-1.0,1.1934987166058542,1.3572505015516783,-1.0
2018-03-04,2017-18,True,20180304_Temple@Tulsa,1.0,8.0,133.5,0.7814674835806179,0.7677531248913069,0.6813060259887447,1.400985700390339,1.0,20180304_Lipscomb@FlaGulfCoast,-1.0,14.5,173.0,0.8528924013260838,0.8471995304817536,0.7959717353111166,1.1991631833847973,0.0,0.6665076786293251,0.6504400869338143,0.5423003397841818,0.11973988000339264,0.0,-1.0,1.3369553828544205,1.125942068786628,-1.0
2018-03-05,2017-18,True,20180305_Ohio@MiamiOhio,1.0,7.0,131.5,0.778779370055953,0.7630448655222202,0.6700465115975797,1.4245279745195645,0.0,20180305_WiscMilwaukee@WrightState,1.0,14.5,116.0,0.8621677149418084,0.8552243167695429,0.8080676509712759,1.1812129824188808,0.0,0.671438429924962,0.6525745237807485,0.541442910668154,0.12980993223543313,0.0,-1.0,1.3369553828544205,1.1812129824188808,-1.0
2018-03-06,2017-18,True,20180306_Hartford@MDBaltimoreCo,1.0,9.5,130.0,0.7757835993697467,0.7666193834566065,0.7139355675146972,1.3369553828544205,1.0,20180306_AlabamaState@TexasSouthern,-1.0,14.5,170.0,0.8547147183149802,0.8497434409377768,0.8040481217466279,1.1871180022491026,1.0,0.6630736606086945,0.6514297927880137,0.5740385521083051,0.05237999002060123,1.0,0.5871238031903239,1.592831828746894,1.1542970631199783,0.838601101966564
2018-03-07,2017-18,True,20180307_FloridaA&M@Hampton,-1.0,7.5,159.0,0.7663299770482677,0.7492822713151127,0.6605468082288837,1.4450149302201452,1.0,20180307_Fordham@GeoWashington,1.0,14.0,113.5,0.8759103747443965,0.8677187673883565,0.7997494984447628,1.1934987166058542,1.0,0.6712363773742129,0.6501662888914977,0.5282719785803387,0.1576300067757921,1.0,0.724623464694041,1.2689121533652636,1.119311380874699,0.4203078145919612
2018-03-08,2017-18,True,20180308_EastCarolina@CentralFlorida,1.0,9.5,120.0,0.8176308865689315,0.8061721483807565,0.7243989083873043,1.3176441722212962,0.0,20180308_NorfolkSt@N.CarolinaA&T,-1.0,12.0,158.5,0.8164351983838873,0.8068815966930296,0.7522191331122366,1.2689121533652636,1.0,0.6675426350806992,0.6504854702949148,0.5449067188945486,0.11611439965805848,0.0,-1.0,1.3785772895090809,1.1647100911856574,-1.0
2018-03-09,2017-18,True,20180309_N.CarolinaA&T@Hampton,-1.0,14.0,161.5,0.8593205630251572,0.8493613303126797,0.7876682484266144,1.2118045914718993,0.0,20180309_TexasSouthern@PrairieViewA&M,-1.0,9.0,171.5,0.779975292235305,0.7668781673326199,0.7031474255063916,1.3574678159599172,1.0,0.6702488072693539,0.6513566603933838,0.5538469010343029,0.10254972495236814,0.0,-1.0,1.2118045914718993,1.2849808550564477,-1.0
2018-03-10,2017-18,True,20180310_Yale@Pennsylvania,1.0,9.5,134.0,0.7899819575786928,0.7791674951685892,0.7139355675146972,1.3369553828544205,1.0,20180310_NCCentral@Hampton,-1.0,13.5,159.0,0.8449872207137443,0.8367077967593062,0.7791389841701661,1.2250702626779801,1.0,0.6675246587484227,0.6519355181889775,0.5562550328363522,0.0933147959598033,1.0,0.6378642820622045,1.3176441722212962,1.094085096226696,0.4416148509572819
2018-03-11,2017-18,True,20180311_Davidson@RhodeIsland,-1.0,11.5,154.0,0.7948604633595842,0.7883831625385014,0.7428126234285958,1.2849808550564477,1.0,20180311_Pennsylvania@Harvard,1.0,14.0,121.5,0.8317815973135758,0.8260274646599838,0.7997494984447628,1.1934987166058542,1.0,0.661150305854644,0.6512261449322982,0.5940640230254579,0.013955316423451825,1.0,0.5336230013729635,1.1542970631199783,1.2817928526240852,0.4795697253121607
2018-03-12,2017-18,True,20180312_CentralMichigan@IPFW,1.0,10.5,149.0,0.7821974121602704,0.7743243885894625,0.7346426153445511,1.2992712103317539,1.0,20180312_Hartford@SanDiego,-1.0,15.0,150.5,0.8463645051607785,0.8408183228169652,0.8118966777664716,1.1756422044068837,0.0,0.6620241256810688,0.651066133730064,0.596453898743913,0.011227333680729368,0.0,-1.0,1.1695358276275034,1.2389894750093866,-1.0
2018-03-13,2017-18,True,20180313_E.Washington@UtahValley,-1.0,9.0,155.5,0.7855283285726151,0.776051870369812,0.7031474255063916,1.3574678159599172,1.0,20180313_NCAsheville@USC,-1.0,13.0,162.5,0.8459516344128333,0.8386806111070605,0.77038588240854,1.2389894750093866,0.0,0.6645189734335849,0.6508596568925312,0.5416948498620346,0.11764671089281364,0.0,-1.0,1.421563945342105,1.2849808550564477,-1.0
2018-03-14,2017-18,True,20180314_CentralArkansas@SeattleU,-1.0,9.5,169.0,0.7910605324537412,0.7803230228898337,0.7031474255063916,1.3574678159599172,0.0,20180314_JacksonvilleSt@Canisius,1.0,12.5,128.0,0.8432597886165741,0.8346485405192865,0.7823651931455532,1.2200184879932694,1.0,0.6670695373798564,0.6512954721885975,0.5501180713661066,0.10475776350853794,0.0,-1.0,1.33803846653199,1.1378731767521786,-1.0
2018-03-15,2017-18,True,20180315_StephenF.Austin@TexasTech,-1.0,9.0,148.5,0.779968976843309,0.7682289052493774,0.7031474255063916,1.3574678159599172,1.0,20180315_NCGreensboro@Gonzaga,1.0,13.5,122.0,0.8549137271264701,0.8464874493128797,0.7997494984447628,1.1934987166058542,1.0,0.6668061850361328,0.6502961264929714,0.5623418008814629,0.08031676953439448,1.0,0.6201360961819129,1.2689121533652636,1.206423314103068,0.5308452053685819
2018-03-16,2017-18,True,20180316_MDBaltimoreCo@Virginia,-1.0,14.5,135.0,0.8600141064100216,0.8542146518264876,0.8040481217466279,1.1871180022491026,1.0,20180316_TexasSouthern@Xavier,-1.0,9.5,173.0,0.7743089235730624,0.7632598201428433,0.7133576678658062,1.33803846653199,0.0,0.6659165969919929,0.6519877215164664,0.5735738929810563,0.05774828304586377,0.0,-1.0,1.1647100911856574,1.2535927995061582,-1.0
2018-03-17,2017-18,True,20180317_PennState@NotreDame,1.0,10.0,129.5,0.7880871163171784,0.7803295136745405,0.7243989083873043,1.3176441722212962,1.0,20180317_RhodeIsland@Duke,-1.0,14.5,164.0,0.84032606760252,0.8350594913070112,0.7959717353111166,1.1991631833847973,1.0,0.6622501473830243,0.6516215667409092,0.5766010561665211,0.04640184211619047,1.0,0.5800703801293157,1.2817928526240852,1.1647100911856574,0.492917070260922
2018-03-18,2017-18,True,20180318_Drake@No.Colorado,1.0,9.0,142.5,0.7912320884189517,0.7791950754161217,0.7032600090467948,1.3572505015516783,1.0,20180318_MississippiSt@Baylor,1.0,12.5,123.0,0.8456012812795846,0.8372939717515986,0.7823651931455532,1.2200184879932694,1.0,0.6690668677565871,0.6524153394644508,0.5502061528094391,0.10788822582438651,1.0,0.6558707047311851,1.2343174439001774,1.2651673855333394,0.5616181734173817
2018-03-19,2017-18,True,20180319_NewOrleansU@Campbell,-1.0,7.5,152.0,0.771668816422907,0.756671753595571,0.671443590791335,1.421563945342105,1.0,20180319_WashingtonU@SaintMarysCA,-1.0,15.0,159.5,0.8703211222008365,0.8651123485384006,0.8118966777664716,1.1756422044068837,0.0,0.6715996702765756,0.6546060778257344,0.5451428206710751,0.1224113320351079,0.0,-1.0,1.5505626562712578,1.144379575861301,-1.0
2018-03-20,2017-18,True,20180320_PennState@Marquette,-1.0,11.0,163.5,0.78767559340503,0.7815744274430231,0.7331965776938472,1.3018336814967515,0.0,20180320_MississippiSt@Louisville,1.0,13.5,130.0,0.8411102107271754,0.8359306946470594,0.7997494984447628,1.1934987166058542,1.0,0.6625219843535577,0.653342054050824,0.5863735952720709,0.029384806516443263,0.0,-1.0,1.2250702626779801,1.1812129824188808,-1.0
2018-03-21,2017-18,True,20180321_UtahU@SaintMarysCA,-1.0,11.5,151.0,0.8258141483738605,0.8191384672369562,0.7522191331122366,1.2689121533652636,1.0,20180321_JacksonvilleSt@NorthTexas,1.0,11.5,126.0,0.8029064363713192,0.7956515551849368,0.754445625862877,1.2651673855333394,1.0,0.6630514949758721,0.6517487953688895,0.5675084346668922,0.06445376736139541,1.0,0.6053862715446103,1.3195069273515736,1.1695358276275034,0.5432106263403467
2018-03-22,2017-18,True,20180322_Campbell@SanFrancisco,-1.0,8.5,152.0,0.7758393885030254,0.7633165908640317,0.6821820487261823,1.3991866273560096,1.0,20180322_TexasA&M@Michigan,1.0,14.0,120.5,0.8593471581885225,0.8521322997666604,0.7997494984447628,1.1934987166058542,1.0,0.6667153737207959,0.6504467220230143,0.545574751316785,0.11336629994072278,1.0,0.6699274440414711,1.5223080862415126,1.1478929036617025,0.7474466493834593
2018-03-23,2017-18,True,20180323_Syracuse@Duke,1.0,11.5,122.0,0.7960242240148366,0.7899919467942407,0.754445625862877,1.2651673855333394,1.0,20180323_TexasTech@Purdue,-1.0,14.5,153.0,0.8287102059304562,0.8240294076877743,0.8040481217466279,1.1871180022491026,1.0,0.6596733986089669,0.6509765959949698,0.6066105884350054,-0.009234557313673397,1.0,0.501902979225058,1.3176441722212962,1.1647100911856574,0.5346734639781159
2018-03-24,2017-18,True,20180324_LoyolaChicago@KansasState,-1.0,12.0,138.5,0.7993410725660619,0.794060034366825,0.7522191331122366,1.2689121533652636,0.0,20180324_FloridaState@Michigan,-1.0,15.0,157.5,0.826273818304094,0.8216316007328869,0.8040481217466279,1.1871180022491026,1.0,0.6604746001564499,0.6524248171148256,0.6048203811207705,-0.0050951028334612625,0.0,-1.0,1.2389894750093866,1.2250702626779801,-1.0
2018-03-25,2017-18,True,20180325_Duke@Kansas,-1.0,13.0,168.5,0.8196144669311083,0.8145139169387758,0.7791389841701661,1.2250702626779801,1.0,20180325_TexasTech@Villanova,-1.0,13.0,157.5,0.8030150344203356,0.7981110090893567,0.7791389841701661,1.2250702626779801,1.0,0.658162739374089,0.6500725241653309,0.6070575566537184,-0.012231237499803815,1.0,0.5007971484978953,1.2535927995061582,1.2689121533652636,0.5906991386645484
2018-03-27,2017-18,True,20180327_MississippiSt@PennState,1.0,11.5,126.0,0.7947605224121714,0.7883055442321991,0.754445625862877,1.2651673855333394,1.0,20180327_WesternKentucky@UtahU,-1.0,14.5,156.0,0.8294711056150015,0.8248570597381841,0.7959717353111166,1.1991631833847973,1.0,0.65923088922438,0.6502393933906808,0.6005173940159557,0.0001469683281483114,1.0,0.5171421495507804,1.2992712103317539,1.1542970631199783,0.49974494228228306
2018-03-28,2017-18,True,20180328_SanFrancisco@NorthTexas,1.0,10.5,131.0,0.801949635518685,0.7928730426839404,0.7346426153445511,1.2992712103317539,0.0,20180328_IllinoisChicago@Liberty,1.0,14.5,128.0,0.8254868550733876,0.820451437451623,0.8161357501430968,1.1695358276275034,0.0,0.6619988825515688,0.650513827586681,0.5995681019613117,0.005936582438297089,0.0,-1.0,1.2200184879932694,1.1478929036617025,-1.0
2018-03-30,2017-18,True,20180330_SanFrancisco@NorthTexas,1.0,9.0,131.5,0.781438257470585,0.7712290919359097,0.7032600090467948,1.3572505015516783,1.0,20180330_IllinoisChicago@No.Colorado,1.0,15.0,142.5,0.848092822048864,0.842848069462974,0.8161357501430968,1.1695358276275034,1.0,0.6627321770351753,0.650028951251864,0.5739556350290469,0.051989968151326504,1.0,0.5873530886300862,1.3572505015516783,1.1478929036617025,0.557978219222458
2018-03-31,2017-18,True,20180331_LoyolaChicago@Michigan,1.0,13.0,116.5,0.835530334448965,0.8298480025396032,0.7911816597390909,1.206423314103068,1.0,20180331_Kansas@Villanova,1.0,11.5,143.0,0.7902404139737194,0.7833433407571232,0.754445625862877,1.2651673855333394,1.0,0.6602698373825503,0.6500559066299985,0.5969035424530883,0.007787964097828448,1.0,0.5263274301502452,1.2343174439001774,1.2493549459663682,0.5421006034292519
2018-11-16,2018-19,True,20181116_TennesseeTech@NorthCarolina,1.0,6.0,150.5,0.7807118685315483,0.7648364621326648,0.6498556060876877,1.468787821569097,1.0,20181116_Hofstra@Maryland,1.0,15.0,136.5,0.8597967324806143,0.8538752261937644,0.8187066570942677,1.1658632450695912,1.0,0.6712535135722602,0.6530749071047677,0.5320411108540201,0.1494583669333316,1.0,0.7124057359732432,1.3950698563599118,1.1549023827983316,0.6111695012801883
2018-11-17,2018-19,True,20181117_OldDominion@KennesawSt,-1.0,12.0,140.5,0.8700023883782148,0.8617831125777479,0.748058804940593,1.2759692068269974,1.0,20181117_Southern@GeorgeMason,-1.0,7.0,153.5,0.7699081752515523,0.7566226280955993,0.6568824946115135,1.4530757141952768,1.0,0.6698219513007636,0.6520446034869813,0.49138673390548426,0.2419033940473736,1.0,0.8540798665013203,1.1816686203437121,1.3856325828592218,0.637358542490551
2018-11-18,2018-19,True,20181118_IncarnateWord@FlaAtlantic,-1.0,10.5,155.0,0.7846977170226122,0.7786178049039806,0.7193130263884291,1.3269605373232458,1.0,20181118_Pennsylvania@KansasState,-1.0,14.0,157.5,0.8408167719815093,0.8358548525494279,0.7834797765039034,1.2182828818622922,1.0,0.6597870014082126,0.6508114705103759,0.5635672091511528,0.06662044661031352,1.0,0.6166133075276996,1.3456134176163683,1.1312147368150733,0.5221777280637314
2018-11-19,2018-19,True,20181119_UtahState@SaintMarysCA,-1.0,6.0,149.5,0.7761271585972673,0.7609203870707095,0.6236423465541608,1.530524675359109,1.0,20181119_Missouri@KansasState,-1.0,15.0,144.5,0.8629037215953803,0.8584248698256189,0.7998854928417264,1.1932958011389603,0.0,0.66972301358483,0.6531929842188334,0.49884246573044566,0.22316112868224192,0.0,-1.0,1.4530757141952768,1.1705848928962739,-1.0
2018-11-20,2018-19,True,20181120_MDEasternShore@Mercer,1.0,10.0,123.5,0.811330853546773,0.8023871663996046,0.7272815369074145,1.312421602312051,0.0,20181120_SantaClara@MinnesotaU,-1.0,11.5,154.0,0.8187661600807594,0.8112091316159463,0.748058804940593,1.2759692068269974,1.0,0.6642902475135364,0.6509037964748031,0.5440493573543183,0.11242679307231751,0.0,-1.0,1.2942169527654537,1.2759692068269974,-1.0
2018-11-21,2018-19,True,20181121_SaintMarysCA@MississippiSt,-1.0,15.0,152.5,0.8620413221670061,0.8570877094557187,0.7998854928417264,1.1932958011389603,1.0,20181121_JacksonvilleSt@NorthFlorida,-1.0,9.5,161.0,0.7690247835303333,0.760739510071441,0.6991868127788095,1.3651573264182257,0.0,0.6629311411736842,0.652020484179597,0.5592693883280139,0.07993902961064414,0.0,-1.0,1.1312147368150733,1.3269605373232458,-1.0
2018-11-22,2018-19,True,20181122_Dayton@Virginia,-1.0,9.5,136.0,0.7948823336800183,0.7873353690152105,0.7093419161134777,1.3456134176163683,1.0,20181122_CalRiverside@Pacific,-1.0,14.5,152.0,0.8313280787610297,0.8262083652551264,0.7917930604092158,1.20549174743549,1.0,0.6608080032992932,0.6505030681415988,0.5616520066360278,0.07191375737046868,1.0,0.6221258701749977,1.2759692068269974,1.20549174743549,0.5381703488117533
2018-11-23,2018-19,True,20181123_Wisconsin@Virginia,-1.0,10.5,132.0,0.8508673269205915,0.8414857605796359,0.7290934570575702,1.3091600133844452,1.0,20181123_ULMonroe@TennesseeTech,1.0,8.0,131.5,0.7863872124719439,0.774337695058141,0.6841951287590219,1.3950698563599118,1.0,0.6691111854005382,0.6515941442714819,0.4988421917288647,0.22204437609400163,1.0,0.826369671824378,1.2457622317201122,1.6186714701287082,1.0164797830492143
2018-11-24,2018-19,True,20181124_Colgate@Siena,1.0,9.0,122.5,0.8038565931577117,0.7943927092085533,0.7168271902206729,1.3315622133504177,1.0,20181124_AbileneChristian@CalRiverside,-1.0,12.0,143.5,0.8279111607671462,0.8199903513163013,0.748058804940593,1.2759692068269974,1.0,0.6655218451315247,0.6513943567070299,0.5362288912653996,0.13074316528077667,1.0,0.6990323812095336,1.3315622133504177,1.2759692068269974,0.6990323812095336
2018-11-25,2018-19,True,20181125_Furman@NCAsheville,1.0,9.5,127.0,0.7982082360609484,0.7883084928996104,0.7168271902206729,1.3315622133504177,0.0,20181125_Depaul@NotreDame,1.0,12.0,125.5,0.8335881168890386,0.8250555761741697,0.7667961978182771,1.2447896882063136,1.0,0.6653769003833672,0.6503983178122794,0.5496603639539709,0.10287213474112478,0.0,-1.0,1.312421602312051,1.2769043843629904,-1.0
2018-11-26,2018-19,True,20181126_TexasA&MCorpus@UTRioGrandeValley,1.0,8.5,130.0,0.7723732185221808,0.7627934835958745,0.7061558003004232,1.3516847126284632,0.0,20181126_EasternMichigan@TCU,1.0,15.0,119.5,0.862496572322081,0.8579160766029161,0.8264767777924606,1.1549023827983316,1.0,0.6661692535287546,0.6544127927048435,0.5836213704517501,0.0399327699137646,0.0,-1.0,1.2447896882063136,1.1774002037790885,-1.0
2018-11-27,2018-19,True,20181127_Temple@Missouri,1.0,13.0,121.5,0.8508026985037835,0.8443832093959786,0.7851028944237586,1.2157642097353032,1.0,20181127_VirginiaTech@PennState,1.0,9.5,130.0,0.7805374257144547,0.772407621124958,0.7168271902206729,1.3315622133504177,0.0,0.6640833480810545,0.652208026087405,0.5627831018439005,0.0750617422142501,0.0,-1.0,1.3315622133504177,1.260441977027726,-1.0
2018-11-28,2018-19,True,20181128_VaCommonwealth@OldDominion,1.0,8.0,117.5,0.797821208913214,0.7850694368000674,0.6841951287590219,1.3950698563599118,0.0,20181128_Siena@Hofstra,1.0,10.5,126.0,0.838066487969897,0.8288720056891472,0.747510942627213,1.2769043843629904,1.0,0.6686272185817947,0.6507220786857211,0.5114433456396038,0.1910730140174286,0.0,-1.0,1.2447896882063136,1.229909273382756,-1.0
2018-11-29,2018-19,True,20181129_NorthernArizona@UCDavis,1.0,9.5,130.0,0.7826404494508826,0.7746251843871037,0.7272815369074145,1.312421602312051,0.0,20181129_Belmont@Samford,-1.0,15.0,172.5,0.8436141399977931,0.8391680930958859,0.7998854928417264,1.1932958011389603,0.0,0.6602465496909926,0.6500407388461749,0.5817419505838755,0.034016866902709886,0.0,-1.0,1.2769043843629904,1.1142068015742692,-1.0
2018-11-30,2018-19,True,20181130_Niagara@St.FrancisPA,1.0,7.0,142.5,0.7699814106336634,0.7575248061160401,0.6614742617699555,1.4429888737408678,1.0,20181130_Radford@Texas,1.0,14.5,122.0,0.8653213418172296,0.8581381276699046,0.8106844188886259,1.1774002037790885,0.0,0.6662813474238449,0.6500609187839261,0.5362468775127591,0.13199561474991706,0.0,-1.0,1.312421602312051,1.1774002037790885,-1.0
2018-12-01,2018-19,True,20181201_KansasState@Marquette,1.0,14.5,123.0,0.8725280906964955,0.8659990867168815,0.8106844188886259,1.1774002037790885,1.0,20181201_Marshall@Ohio,1.0,7.5,152.0,0.7651007991102773,0.7515913307911429,0.6729245423147776,1.4184354113711435,1.0,0.6675719394380532,0.6508774060494554,0.5455294415423501,0.11488929366903178,1.0,0.6700661423958596,1.1658632450695912,1.229909273382756,0.43390601660720285
2018-12-02,2018-19,True,20181202_TexasA&MCorpus@Tennessee,1.0,9.0,126.5,0.7819004891276706,0.772401137942839,0.7061558003004232,1.3516847126284632,1.0,20181202_Delaware@Columbia,-1.0,15.0,166.5,0.8470701818862906,0.8427611008372363,0.8077560693135478,1.1816686203437121,0.0,0.6623245895423555,0.650949633300641,0.5704016335736325,0.057893585603846054,0.0,-1.0,1.468787821569097,1.0847799625500754,-1.0
2018-12-03,2018-19,True,20181203_Niagara@Pittsburgh,1.0,9.5,136.0,0.7837379377939836,0.7756695166642105,0.7272815369074145,1.312421602312051,1.0,20181203_MorganState@Virginia,-1.0,15.0,148.5,0.8441055047837986,0.839675697138257,0.7998854928417264,1.1932958011389603,1.0,0.6615575075998039,0.6513108421539158,0.5817419505838755,0.03606996750602964,1.0,0.5661071873630368,1.229909273382756,1.1600203734172432,0.4267198145787947
2018-12-04,2018-19,True,20181204_Furman@Elon,1.0,13.5,125.0,0.8646785904596974,0.8578089936605768,0.8024095210832457,1.1895422161883542,1.0,20181204_Lamar@HoustonU,1.0,8.5,127.0,0.7699826419428054,0.7590565419706135,0.6952754673114089,1.3728371629319784,1.0,0.6657875055135388,0.6511255283992893,0.5578956547462774,0.08726279535365689,1.0,0.6330477612598384,1.1252063129953516,1.2447896882063136,0.4006452155212594
2018-12-05,2018-19,True,20181205_VaCommonwealth@Texas,1.0,6.5,127.0,0.7699047056647818,0.7557736377852221,0.6614742617699555,1.4429888737408678,0.0,20181205_UCDavis@NoIllinois,1.0,14.0,120.5,0.8688696684682813,0.8615928135328655,0.8024095210832457,1.1895422161883542,1.0,0.6689468463631286,0.6511691349733383,0.5307732455957235,0.14824470828165204,0.0,-1.0,1.260441977027726,1.144489983214975,-1.0
2018-12-06,2018-19,True,20181206_Pepperdine@CalRiverside,-1.0,11.0,157.5,0.783156510496697,0.7766551691672725,0.7290934570575702,1.3091600133844452,1.0,20181206_NebraskaOmaha@SeattleU,1.0,15.0,135.5,0.8427657341351988,0.8371670983015642,0.8187066570942677,1.1658632450695912,1.0,0.6600174715115094,0.650190154352676,0.5969136669369064,0.007385684197976916,1.0,0.5263015415197387,1.3269605373232458,1.144489983214975,0.5186930430880159
2018-12-07,2018-19,True,20181207_NewMexico@SaintMarysCA,-1.0,8.5,168.0,0.790892716683857,0.7787333374384533,0.6888550484504418,1.3856325828592218,1.0,20181207_IdahoState@SantaClara,-1.0,14.5,163.0,0.8403744496147607,0.8350176879952217,0.7917930604092158,1.20549174743549,1.0,0.6646460314875192,0.6502561109926601,0.5454306469909139,0.11020389009957743,1.0,0.6703686436145146,1.3091600133844452,1.20549174743549,0.5781815922074844
2018-12-08,2018-19,True,20181208_Rutgers@Fordham,1.0,14.5,109.0,0.8750309772327051,0.8680766591774521,0.8106844188886259,1.1774002037790885,1.0,20181208_WesternMichigan@YoungstownState,1.0,7.5,142.0,0.7628310593936183,0.7508994413646607,0.6729245423147776,1.4184354113711435,1.0,0.6675008073646574,0.6518382784380498,0.5455294415423501,0.11477049840161513,1.0,0.6700661423958596,1.059412647875965,1.260441977027726,0.3353281723769592
2018-12-09,2018-19,True,20181209_NewHampshire@Niagara,1.0,8.0,136.5,0.7780708792173007,0.7669242906997541,0.6952754673114089,1.3728371629319784,1.0,20181209_Samford@AlabamaA&M,1.0,14.0,125.5,0.8554886740458557,0.8488645501210772,0.8024095210832457,1.1895422161883542,1.0,0.6656308247753017,0.651014843001773,0.5578956547462774,0.08700692822484624,1.0,0.6330477612598384,1.312421602312051,1.2942169527654537,0.6985582868878566
2018-12-10,2018-19,True,20181210_SacredHeart@Dartmouth,-1.0,13.0,169.5,0.8019480868722205,0.797623333091432,0.7661975742209283,1.2457622317201122,1.0,20181210_CSFullerton@SaintMarysCA,-1.0,14.0,157.5,0.8203413418711848,0.816173760669692,0.7917930604092158,1.20549174743549,1.0,0.6578711696957869,0.6509992353671284,0.6066699221705061,-0.012037964733515483,1.0,0.5017560896054141,1.2605092613407685,1.231696782862017,0.5525652019612017
2018-12-11,2018-19,True,20181211_Villanova@Pennsylvania,1.0,10.0,127.5,0.7879062831951074,0.7799585350692556,0.7272815369074145,1.312421602312051,1.0,20181211_SoCarolinaSt@Liberty,-1.0,15.0,154.5,0.8411525473830368,0.8362802156101233,0.7998854928417264,1.1932958011389603,1.0,0.662749377208665,0.652263891874673,0.5817419505838755,0.03793656306686666,1.0,0.5661071873630368,1.1774002037790885,1.1705848928962739,0.37824689143679535
2018-12-12,2018-19,True,20181212_LSU@HoustonU,1.0,8.5,128.0,0.773729835373593,0.7642959191656465,0.6952754673114089,1.3728371629319784,1.0,20181212_AlabamaState@BoiseState,1.0,14.5,126.0,0.859224275204339,0.8538408844615073,0.8187066570942677,1.1658632450695912,0.0,0.6648074570028479,0.6525871036107164,0.5692266536021784,0.06405118632542384,0.0,-1.0,1.2157642097353032,1.1549023827983316,-1.0
2018-12-13,2018-19,True,20181213_NCCentral@McNeeseState,-1.0,14.5,157.0,0.8515656287046315,0.8471810003544725,0.7998854928417264,1.1932958011389603,1.0,20181213_E.Washington@SanFrancisco,1.0,9.5,130.0,0.7763110191250939,0.7684712227321671,0.7272815369074145,1.312421602312051,1.0,0.6610797810715938,0.651034219217862,0.5817419505838755,0.035321796556605944,1.0,0.5661071873630368,1.1499518411836827,1.1895422161883542,0.36791626167151614
2018-12-14,2018-19,True,20181214_Howard@GeoWashington,-1.0,11.5,165.0,0.8089771013752519,0.8025824616243253,0.7386771751629689,1.292174757923738,1.0,20181214_IllinoisChicago@Depaul,1.0,15.0,138.5,0.813750657949233,0.8099026373340199,0.8264767777924606,1.1549023827983316,1.0,0.6583056485099745,0.6500136523475709,0.6104995315575276,-0.017586974662766486,1.0,0.4923357069179821,1.2605092613407685,1.1252063129953516,0.41833297844974004
2018-12-15,2018-19,True,20181215_YoungstownState@Binghamton,1.0,6.5,141.0,0.7818220844436118,0.7661254116905247,0.6498556060876877,1.468787821569097,0.0,20181215_CollCharleston@VaCommonwealth,1.0,12.5,115.0,0.8581414574084146,0.8491072408177174,0.7760735044908904,1.229909273382756,1.0,0.6709139429785256,0.6505226344408792,0.5043357176295233,0.2119897766331611,0.0,-1.0,1.3516847126284632,1.0780128280948744,-1.0
2018-12-16,2018-19,True,20181216_Cornell@Niagara,1.0,7.0,138.5,0.7862836679794665,0.7720058642249044,0.6614742617699555,1.4429888737408678,1.0,20181216_Dayton@Tulsa,-1.0,14.5,153.0,0.8520869333632297,0.8459137276078239,0.7917930604092158,1.20549174743549,1.0,0.6699820394022155,0.6530503583415884,0.5237507301087598,0.16544124722639175,1.0,0.7395111789358484,1.3516847126284632,1.1705848928962739,0.5822617045617204
2018-12-17,2018-19,True,20181217_Longwood@Cornell,1.0,10.0,120.5,0.8054704729945898,0.797644404380558,0.7375115879609256,1.2942169527654537,1.0,20181217_NorthDakotaState@Montana,-1.0,13.0,158.5,0.8218719324358235,0.8154264401406911,0.7661975742209283,1.2457622317201122,1.0,0.6619935741600603,0.6504203371621803,0.565079589655486,0.06732336851187193,1.0,0.6122865994070947,1.1774002037790885,1.1932958011389603,0.4049867194297425
2018-12-18,2018-19,True,20181218_Mercer@Florida,1.0,7.5,119.0,0.7784202409023712,0.7665102219487417,0.6729245423147776,1.4184354113711435,1.0,20181218_Binghamton@NotreDame,1.0,13.5,123.0,0.8550449662537759,0.8488917653361129,0.8024095210832457,1.1895422161883542,1.0,0.665584308613624,0.6506842154582431,0.539961059723963,0.12303295121816804,1.0,0.68728880276247,1.1774002037790885,1.107815513489777,0.30434221133249895
2018-12-19,2018-19,True,20181219_Cornell@Toledo,1.0,9.0,134.5,0.7714859149333019,0.7631408584043443,0.7061558003004232,1.3516847126284632,1.0,20181219_SouthernMiss@KansasState,1.0,14.0,113.5,0.8583551300113509,0.8530129220498878,0.8106844188886259,1.1774002037790885,0.0,0.6622088928145003,0.6509690135631494,0.5724695046113811,0.053888140187119404,0.0,-1.0,1.202319622822539,1.1658632450695912,-1.0
2018-12-20,2018-19,True,20181220_SavannahState@TennesseeTech,1.0,9.0,158.5,0.7719530535139622,0.7608924896665794,0.7061558003004232,1.3516847126284632,1.0,20181220_JamesMadison@Fordham,1.0,15.0,112.5,0.8631841259468387,0.8573791041661482,0.8264767777924606,1.1549023827983316,1.0,0.6663376217694426,0.652373321157082,0.5836213704517501,0.04019560349543583,1.0,0.5610638954066902,1.2769043843629904,1.1162858879710467,0.42539034455276337
2018-12-21,2018-19,True,20181221_Buffalo@Marquette,1.0,11.5,142.0,0.8343113814355861,0.8257539879074386,0.7667961978182771,1.2447896882063136,1.0,20181221_UTArlington@CalPolySLO,1.0,9.5,123.0,0.7980624069217309,0.7881459385607312,0.7272815369074145,1.312421602312051,1.0,0.6658325491906782,0.6508146518195749,0.5576767172440384,0.08776322964875094,1.0,0.6336888771372484,1.1252063129953516,1.2447896882063136,0.4006452155212594
2018-12-22,2018-19,True,20181222_UCDavis@Arizona,1.0,7.5,121.0,0.7855171318153604,0.7736371976308966,0.6841951287590219,1.3950698563599118,1.0,20181222_Columbia@Rutgers,1.0,12.0,125.5,0.8491092072165137,0.8408355686720166,0.7760735044908904,1.229909273382756,1.0,0.6669898290507305,0.6505016730158002,0.5309857113316101,0.14442738727709847,1.0,0.7158093533538048,1.1658632450695912,1.1658632450695912,0.35923710620419746
2018-12-23,2018-19,True,20181223_CoppinState@HoustonU,1.0,10.0,120.5,0.7945825665596947,0.7864637352351599,0.7375115879609256,1.2942169527654537,0.0,20181223_SIUEdwardsville@No.Colorado,-1.0,14.5,168.0,0.8341501703080992,0.8285982251756123,0.7998854928417264,1.1932958011389603,1.0,0.662801183219616,0.6516624551808362,0.5899248200126093,0.023619314209027964,0.0,-1.0,1.229909273382756,1.1816686203437121,-1.0
2018-12-25,2018-19,True,20181225_IndianaState@TCU,1.0,14.5,130.0,0.8322636143925684,0.8272399874064934,0.8106844188886259,1.1774002037790885,1.0,20181225_Hawaii@RhodeIsland,1.0,12.0,123.5,0.7911919270294278,0.7857586068974166,0.7667961978182771,1.2447896882063136,1.0,0.6584802528677327,0.6500109400743627,0.6216297300343178,-0.03492104766747717,1.0,0.46561563255622174,1.0997733586416651,1.2447896882063136,0.3689865362011686
2018-12-28,2018-19,True,20181228_DetroitU@YoungstownState,1.0,12.5,136.0,0.8528405533124596,0.8436129049695997,0.7760735044908904,1.229909273382756,1.0,20181228_UTArlington@Texas,1.0,8.5,126.0,0.7838800051520205,0.7721670997695929,0.6952754673114089,1.3728371629319784,1.0,0.6685246573244228,0.651410130158577,0.5395848685029067,0.12878059084498816,1.0,0.6884651575345138,1.2769043843629904,1.260441977027726,0.6094638867018589
2018-12-29,2018-19,True,20181229_Maine@Rutgers,1.0,8.0,113.5,0.790376273485026,0.7783934887075366,0.6841951287590219,1.3950698563599118,1.0,20181229_CalPolySLO@Siena,1.0,12.0,117.5,0.8464636282851171,0.8378071763003513,0.7667961978182771,1.2447896882063136,1.0,0.6690247681646051,0.6521436508246405,0.5246382232982045,0.16180738596597188,1.0,0.7365685715242813,1.3516847126284632,1.1774002037790885,0.5914738560938313
2018-12-30,2018-19,True,20181230_Binghamton@Michigan,1.0,12.5,115.0,0.8487305043758886,0.8416270985473683,0.7760735044908904,1.229909273382756,1.0,20181230_Rider@VaCommonwealth,1.0,9.5,132.0,0.7824304972329529,0.7723342654901182,0.7168271902206729,1.3315622133504177,1.0,0.6640726305556014,0.650017446973161,0.5563105896289158,0.08755222139852292,1.0,0.6377007142857465,1.1895422161883542,1.260441977027726,0.4993489427303919
2018-12-31,2018-19,True,20181231_Marshall@Virginia,1.0,10.0,126.5,0.8003483926041018,0.792454421130715,0.7375115879609256,1.2942169527654537,1.0,20181231_Monmouth@Pennsylvania,1.0,13.0,121.5,0.827155734817937,0.8209145843590573,0.7851028944237586,1.2157642097353032,1.0,0.6620127627948006,0.6505373917460182,0.5790224823791852,0.04165235661379829,1.0,0.5734626508049241,1.312421602312051,1.1549023827983316,0.5157188357461919
2019-01-01,2018-19,True,20190101_NotreDame@VirginiaTech,1.0,15.0,125.5,0.8555839601904669,0.8511936864034293,0.8264767777924606,1.1549023827983316,1.0,20190101_CSNorthridge@SanDiegoState,-1.0,11.5,169.0,0.770777454478335,0.7654457106319859,0.7386771751629689,1.292174757923738,1.0,0.6594648269281012,0.6515425561745326,0.6104995315575276,-0.015857091318707273,1.0,0.4923357069179821,1.1345996787470392,1.1932958011389603,0.3539130326224551
2019-01-02,2018-19,True,20190102_NichollsState@NorthwesternSt,1.0,7.0,127.5,0.7766608644630923,0.7631078842726168,0.6729245423147776,1.4184354113711435,1.0,20190102_Texas@KansasState,1.0,12.5,111.0,0.8610011357800874,0.8527136566466493,0.7851028944237586,1.2157642097353032,1.0,0.668705886418667,0.6507125144139911,0.5283150059001149,0.15317193778726645,1.0,0.724483006966208,1.2447896882063136,1.1658632450695912,0.45125454532137743
2019-01-03,2018-19,True,20190103_Mercer@Furman,1.0,11.0,124.5,0.8385616229462518,0.8293957293075541,0.7572740494178288,1.260441977027726,1.0,20190103_Marshall@OldDominion,1.0,9.0,133.5,0.7950336613149024,0.7837572667210656,0.7061558003004232,1.3516847126284632,1.0,0.6666847173291253,0.6500449298322134,0.5347534624133892,0.1358441876130947,1.0,0.7037201515035738,1.2157642097353032,1.202319622822539,0.46173716609009197
2019-01-04,2018-19,True,20190104_Buffalo@EasternMichigan,1.0,10.0,135.5,0.7828640380282331,0.7760670291708659,0.7272815369074145,1.312421602312051,0.0,20190104_BallState@Toledo,1.0,15.0,136.5,0.8440272324601524,0.8388558740683083,0.8187066570942677,1.1658632450695912,1.0,0.6607585674095491,0.651008386090722,0.5954302358478506,0.011029398502509391,0.0,-1.0,1.3315622133504177,1.0921386052582858,-1.0
2019-01-05,2018-19,True,20190105_VaCommonwealth@Fordham,1.0,6.0,114.5,0.7733384427890195,0.7587729354705415,0.6498556060876877,1.468787821569097,1.0,20190105_Baylor@TCU,1.0,13.5,121.0,0.8657501052473658,0.8571407086566936,0.7938820775121651,1.202319622822539,1.0,0.6695178382364276,0.6503751716187396,0.5159087186438207,0.18233664642261171,1.0,0.7659524196352956,1.202319622822539,1.1162858879710467,0.34213242778747177
2019-01-06,2018-19,True,20190106_RhodeIsland@SaintLouis,1.0,10.5,121.0,0.7899218410388623,0.7823806097592074,0.7375115879609256,1.2942169527654537,0.0,20190106_Richmond@Dayton,-1.0,14.5,159.0,0.8364037979649966,0.8320622938686106,0.7917930604092158,1.20549174743549,1.0,0.6606936279404068,0.6509894048345685,0.5839565573188419,0.03079296094352002,0.0,-1.0,1.260441977027726,1.1705848928962739,-1.0
2019-01-07,2018-19,True,20190107_CoppinState@DelawareState,1.0,9.5,129.0,0.7851375620194299,0.775619690603804,0.7272815369074145,1.312421602312051,0.0,20190107_JacksonState@AlabamaState,1.0,14.5,117.0,0.8432811244434396,0.8380533923021435,0.8187066570942677,1.1658632450695912,0.0,0.6620916861425257,0.6500107128468569,0.5954302358478506,0.01306920895251662,0.0,-1.0,1.312421602312051,1.1549023827983316,-1.0
2019-01-08,2018-19,True,20190108_Toledo@Buffalo,1.0,12.0,141.5,0.8357540993153916,0.8273143728695287,0.7667961978182771,1.2447896882063136,1.0,20190108_Oklahoma@TexasTech,1.0,9.5,121.0,0.79568605071928,0.7859360314671527,0.7272815369074145,1.312421602312051,1.0,0.6649978786567128,0.6502161749888137,0.5576767172440384,0.0863996376813374,1.0,0.6336888771372484,1.144489983214975,1.2447896882063136,0.42464932936141797
2019-01-09,2018-19,True,20190109_Cornell@Towson,1.0,8.5,123.0,0.7957020131820544,0.7848480472994575,0.6952754673114089,1.3728371629319784,1.0,20190109_HoustonU@Temple,1.0,12.0,122.5,0.8393419188015281,0.8306465973029791,0.7667961978182771,1.2447896882063136,1.0,0.6678660545384643,0.6519313598891819,0.5331345847707142,0.14131198886029694,1.0,0.7088935440041377,1.260441977027726,1.229909273382756,0.5502292761072947
2019-01-10,2018-19,True,20190110_OldDominion@FlaAtlantic,1.0,9.0,114.5,0.8073142394665049,0.7962598141602822,0.7061558003004232,1.3516847126284632,1.0,20190110_UCDavis@CalIrvine,1.0,10.5,114.0,0.8266628229964431,0.8171375737659895,0.7375115879609256,1.2942169527654537,1.0,0.6673766682426074,0.6506538126302908,0.5207980856273834,0.1674909043636268,1.0,0.7493732698776576,1.2447896882063136,1.144489983214975,0.42464932936141797
2019-01-11,2018-19,True,20190111_IndianaU@Maryland,-1.0,12.0,154.5,0.7942885008143251,0.7898719451990637,0.748058804940593,1.2759692068269974,1.0,20190111_Purdue@Wisconsin,-1.0,14.0,149.5,0.8279443275489863,0.8238745920055207,0.7834797765039034,1.2182828818622922,0.0,0.6576266586866089,0.6507554265874856,0.5860889453066329,0.022275013262381682,0.0,-1.0,1.292174757923738,1.1312147368150733,-1.0
2019-01-12,2018-19,True,20190112_Princeton@Pennsylvania,1.0,7.0,128.5,0.7959060362184904,0.7822002761105764,0.6729245423147776,1.4184354113711435,0.0,20190112_Towson@JamesMadison,1.0,11.0,117.5,0.8423448974575138,0.8326503494437282,0.747510942627213,1.2769043843629904,1.0,0.6704273884642806,0.6512993332384521,0.5030184589427052,0.21428237384936843,0.0,-1.0,1.2157642097353032,1.229909273382756,-1.0
2019-01-13,2018-19,True,20190113_GeorgeMason@RhodeIsland,1.0,11.0,126.5,0.7923868353632807,0.785663431984994,0.747510942627213,1.2769043843629904,1.0,20190113_Fairfield@Quinnipiac,1.0,14.0,128.5,0.8337645926211463,0.8277405813617306,0.8024095210832457,1.1895422161883542,1.0,0.6606640869850251,0.6503255059459114,0.5998098974779875,0.0035036057696233858,1.0,0.5189316712357777,1.1549023827983316,1.1345996787470392,0.310351872507177
2019-01-14,2018-19,True,20190114_Texas@Kansas,1.0,9.0,127.5,0.7814318913012677,0.7728436875066018,0.7168271902206729,1.3315622133504177,1.0,20190114_Wisconsin@Maryland,-1.0,14.5,151.0,0.8462511969168334,0.8423183595712251,0.7998854928417264,1.1932958011389603,1.0,0.6612876733226826,0.6509804270655374,0.5733796703320129,0.050751460209867094,1.0,0.5889475981463539,1.2942169527654537,1.0916063142886308,0.41277539769815985
2019-01-15,2018-19,True,20190115_EasternMichigan@Akron,1.0,15.0,111.5,0.8693891109535002,0.8634252379476164,0.8187066570942677,1.1658632450695912,0.0,20190115_Marquette@Georgetown,1.0,8.5,148.0,0.7645369021134616,0.7540662254970667,0.6952754673114089,1.3728371629319784,0.0,0.6646800576195656,0.6510798101780658,0.5692266536021784,0.06384727846685401,0.0,-1.0,1.084891403300664,1.229909273382756,-1.0
2019-01-16,2018-19,True,20190116_KansasState@Oklahoma,1.0,8.5,119.0,0.7953040627163868,0.7833010480648644,0.6952754673114089,1.3728371629319784,1.0,20190116_Binghamton@MDBaltimoreCo,1.0,11.5,112.0,0.8403290106129906,0.8307330818910011,0.7572740494178288,1.260441977027726,1.0,0.6683170761589531,0.6507140937073761,0.5265140685917838,0.15644356338649978,1.0,0.7303815877831172,1.2157642097353032,1.1549023827983316,0.4040889827442322
2019-01-17,2018-19,True,20190117_LouisianaTech@OldDominion,1.0,9.5,117.0,0.8066354260798535,0.7978883863582424,0.7272815369074145,1.312421602312051,1.0,20190117_SouthernMiss@CharlotteU,1.0,11.0,110.5,0.8237020627372453,0.8157675205831248,0.7572740494178288,1.260441977027726,1.0,0.6644272643389121,0.6508914306415338,0.5507514345206999,0.09911636336431018,1.0,0.6542312791120974,1.202319622822539,1.1895422161883542,0.43020994869906914
2019-01-18,2018-19,True,20190118_Ohio@Toledo,1.0,8.0,129.5,0.7756487033943339,0.7648009067520325,0.6841951287590219,1.3950698563599118,0.0,20190118_EasternMichigan@Buffalo,1.0,15.0,128.5,0.8595616822784455,0.8540170124776584,0.8187066570942677,1.1658632450695912,1.0,0.6667179043467286,0.653152985524575,0.5601551066664808,0.08439044929445783,0.0,-1.0,1.1658632450695912,1.0997733586416651,-1.0
2019-01-19,2018-19,True,20190119_Columbia@Cornell,1.0,10.5,131.0,0.8366354504375498,0.82548467448578,0.7375115879609256,1.2942169527654537,0.0,20190119_Yale@Brown,1.0,8.0,138.5,0.8012830302788101,0.7877007569333805,0.6952754673114089,1.3728371629319784,0.0,0.6703817889652771,0.6502349029293542,0.5127737139671118,0.1911002600792744,0.0,-1.0,1.1895422161883542,1.1252063129953516,-1.0
2019-01-20,2018-19,True,20190120_Providence@Marquette,1.0,8.0,130.5,0.7785256309893837,0.7678788325076509,0.6952754673114089,1.3728371629319784,1.0,20190120_Duquesne@GeoWashington,1.0,14.0,120.5,0.8539782933307327,0.8473833764305351,0.8106844188886259,1.1774002037790885,1.0,0.6648439896665457,0.6506877577798705,0.5636489881848673,0.07463970054680824,1.0,0.6163787553916171,1.144489983214975,1.107815513489777,0.26788375843920376
2019-01-21,2018-19,True,20190121_MDEasternShore@BethuneCookman,1.0,8.0,115.5,0.7735354442462582,0.7639015574576121,0.6952754673114089,1.3728371629319784,1.0,20190121_OldDominion@CharlotteU,1.0,14.5,104.0,0.8593676176574949,0.8533449002183511,0.8106844188886259,1.1774002037790885,1.0,0.6647513118955389,0.651871498325309,0.5636489881848673,0.07448989816665597,1.0,0.6163787553916171,1.260441977027726,1.1658632450695912,0.4695029735594758
2019-01-22,2018-19,True,20190122_CentralMichigan@Akron,1.0,8.5,133.0,0.7866298045225664,0.7753815378239232,0.6952754673114089,1.3728371629319784,1.0,20190122_WesternMichigan@Ohio,1.0,12.0,122.5,0.8474726084843316,0.8385009970075423,0.7760735044908904,1.229909273382756,1.0,0.6666472123502591,0.650158192526601,0.5395848685029067,0.1256105904209246,1.0,0.6884651575345138,1.1774002037790885,1.1345996787470392,0.33587789296445214
2019-01-23,2018-19,True,20190123_VaCommonwealth@RhodeIsland,1.0,7.5,122.0,0.7741819174357578,0.761400147148323,0.6729245423147776,1.4184354113711435,1.0,20190123_NichollsState@TexasA&MCorpus,1.0,14.0,119.5,0.8644754474573497,0.8566877045725741,0.8024095210832457,1.1895422161883542,1.0,0.6692612594886657,0.652282144321717,0.539961059723963,0.12923702925793346,1.0,0.68728880276247,1.1774002037790885,1.144489983214975,0.3475227394604372
2019-01-24,2018-19,True,20190124_Chattanooga@Furman,1.0,11.5,128.0,0.8338092867586242,0.8260823217560581,0.7667961978182771,1.2447896882063136,1.0,20190124_HighPoint@Longwood,1.0,9.5,116.0,0.7969715581543022,0.7876258254890469,0.7272815369074145,1.312421602312051,0.0,0.6645222864715481,0.6506437705950238,0.5576767172440384,0.08562266801838025,0.0,-1.0,1.1345996787470392,1.229909273382756,-1.0
2019-01-25,2018-19,True,20190125_Brown@Yale,1.0,8.0,138.5,0.7828713219321591,0.7702790117305948,0.6841951287590219,1.3950698563599118,1.0,20190125_Michigan@IndianaU,1.0,15.0,115.5,0.8522887052321644,0.8479233819554984,0.8187066570942677,1.1658632450695912,0.0,0.6672323853329528,0.653137584675945,0.5601551066664808,0.08522723238392915,0.0,-1.0,1.1549023827983316,1.1162858879710467,-1.0
2019-01-26,2018-19,True,20190126_Cornell@Columbia,1.0,11.5,125.0,0.8621160904508263,0.8520470219206712,0.7667961978182771,1.2447896882063136,1.0,20190126_VaCommonwealth@Duquesne,1.0,7.0,127.5,0.7777400791767223,0.7633478714232244,0.6614742617699555,1.4429888737408678,1.0,0.6705022364467519,0.6504082805356417,0.5072159488798537,0.20436796503376864,1.0,0.7962176702290746,1.1252063129953516,1.2447896882063136,0.4006452155212594
2019-01-27,2018-19,True,20190127_NorthAlabama@NJIT,1.0,10.5,123.0,0.7797417983068186,0.7727423765713155,0.7375115879609256,1.2942169527654537,1.0,20190127_IndianaState@IllinoisState,1.0,14.5,124.0,0.8476533792496076,0.8420793196340696,0.8187066570942677,1.1658632450695912,1.0,0.6609507702769407,0.6507103747155873,0.6038056467477744,-0.002704617359353123,1.0,0.5088799763752097,1.2447896882063136,1.1549023827983316,0.4376105769922638
2019-01-28,2018-19,True,20190128_Duke@NotreDame,1.0,11.5,137.0,0.8277562273513328,0.8194428323931632,0.7572740494178288,1.260441977027726,1.0,20190128_AlcornState@AlabamaA&M,1.0,10.0,107.5,0.802604450883752,0.793582709562792,0.7272815369074145,1.312421602312051,1.0,0.6643608323189226,0.6502956632623752,0.5507514345206999,0.099006469438909,1.0,0.6542312791120974,1.144489983214975,1.1549023827983316,0.32177420870379714
2019-01-29,2018-19,True,20190129_Kansas@Texas,1.0,10.0,129.5,0.8041992318392427,0.795836525217829,0.7375115879609256,1.2942169527654537,1.0,20190129_EasternMichigan@CentralMichigan,1.0,12.0,130.5,0.8248904415737617,0.8176883184994426,0.7667961978182771,1.2447896882063136,1.0,0.6633762594651529,0.6507462301058058,0.5655210814953576,0.06871767354254343,1.0,0.6110279171042343,1.229909273382756,1.1549023827983316,0.42042515045550943
2019-01-30,2018-19,True,20190130_Hampton@Longwood,1.0,7.5,133.0,0.7705977779496639,0.7571831129580777,0.6729245423147776,1.4184354113711435,1.0,20190130_AlbanyNY@NewHampshire,1.0,13.5,113.0,0.8686515905313723,0.8609031489885219,0.8024095210832457,1.1895422161883542,0.0,0.6693809854759168,0.6518613263065408,0.539961059723963,0.12943904157562192,0.0,-1.0,1.1895422161883542,1.1658632450695912,-1.0
2019-01-31,2018-19,True,20190131_Furman@TheCitadel,1.0,9.5,154.0,0.7947333487230595,0.783810741631183,0.7168271902206729,1.3315622133504177,0.0,20190131_Arizona@ArizonaState,1.0,12.0,129.5,0.8393025414958997,0.8304672101842331,0.7760735044908904,1.229909273382756,1.0,0.6670217193948109,0.6509291199148833,0.5563105896289158,0.09238194629698859,0.0,-1.0,1.1252063129953516,1.144489983214975,-1.0
2019-02-01,2018-19,True,20190201_Pennsylvania@Cornell,1.0,8.0,128.5,0.801392158325744,0.7887745903793449,0.6841951287590219,1.3950698563599118,1.0,20190201_Davidson@St.Bonaventure,1.0,11.0,114.5,0.8352744217504549,0.8256575960918324,0.747510942627213,1.2769043843629904,1.0,0.6693823716408848,0.6512577321509297,0.5114433456396038,0.19241822163856392,1.0,0.7813708160786186,1.229909273382756,1.1345996787470392,0.39545466646807914
2019-02-02,2018-19,True,20190202_Akron@Ohio,1.0,8.0,116.5,0.8166557299418347,0.8021902374356954,0.6841951287590219,1.3950698563599118,1.0,20190202_GeorgeMason@VaCommonwealth,1.0,8.5,122.0,0.8245493249074568,0.8111806325764923,0.7061558003004232,1.3516847126284632,1.0,0.6733729308053461,0.650721184249774,0.48314835871047823,0.2697756979853203,1.0,0.8856945978904789,1.1895422161883542,1.1549023827983316,0.3738051399151383
2019-02-03,2018-19,True,20190203_NewHampshire@Maine,1.0,9.0,111.5,0.7847705497193384,0.7751584285615539,0.7061558003004232,1.3516847126284632,1.0,20190203_Quinnipiac@Niagara,1.0,15.0,135.5,0.8455772766197254,0.8401155213623965,0.8187066570942677,1.1658632450695912,1.0,0.6635841442030429,0.6512226273494459,0.5781344546516868,0.04572866621371574,1.0,0.5758795253759779,1.2769043843629904,1.1658632450695912,0.48869588919702456
2019-02-04,2018-19,True,20190204_IowaState@Oklahoma,1.0,10.0,133.5,0.7811756670275694,0.7733010451318312,0.7272815369074145,1.312421602312051,1.0,20190204_PennState@Northwestern,1.0,14.5,117.0,0.84694021677659,0.8414638061703777,0.8106844188886259,1.1774002037790885,0.0,0.6616090887729269,0.6507048407521617,0.589595810116214,0.022348442048479633,0.0,-1.0,1.2157642097353032,1.1658632450695912,-1.0
2019-02-05,2018-19,True,20190205_Akron@Toledo,1.0,5.5,124.0,0.7674077013658559,0.7515152839282357,0.626162037667031,1.5243658072218784,0.0,20190205_Michigan@Rutgers,1.0,13.5,110.0,0.8729655651483921,0.8658565745447842,0.8024095210832457,1.1895422161883542,1.0,0.6699204977220728,0.650704449460153,0.5024383807649117,0.21476515072472235,0.0,-1.0,1.229909273382756,1.144489983214975,-1.0
2019-02-06,2018-19,True,20190206_VaCommonwealth@GeoWashington,1.0,6.5,123.0,0.7798827401328551,0.7643744649700417,0.6498556060876877,1.468787821569097,0.0,20190206_St.Bonaventure@Duquesne,1.0,12.5,124.0,0.8609488944667034,0.8521919641172372,0.7851028944237586,1.2157642097353032,0.0,0.671439182931045,0.6513937766238821,0.5102035172969495,0.198988724134459,0.0,-1.0,1.1895422161883542,1.1549023827983316,-1.0
2019-02-07,2018-19,True,20190207_UCDavis@CalPolySLO,1.0,12.0,116.5,0.8501424352222449,0.8410217866210098,0.7760735044908904,1.229909273382756,0.0,20190207_TennesseeTech@SEMissouriSt,1.0,8.0,123.5,0.7851711854373945,0.7733679559321075,0.6952754673114089,1.3728371629319784,1.0,0.6675073436540834,0.6504193000134594,0.5395848685029067,0.12706289215833677,0.0,-1.0,1.2447896882063136,1.2157642097353032,-1.0
2019-02-08,2018-19,True,20190208_Princeton@Yale,1.0,11.0,125.5,0.8541143137533704,0.8429109355500929,0.747510942627213,1.2769043843629904,1.0,20190208_Pennsylvania@Brown,1.0,7.0,130.5,0.7881730920044078,0.7732402485897045,0.6614742617699555,1.4429888737408678,1.0,0.6731899195962169,0.6517726613437342,0.49445924893929927,0.2403920235281065,1.0,0.8425588194667277,1.1658632450695912,1.2769043843629904,0.48869588919702456
2019-02-09,2018-19,True,20190209_Princeton@Brown,1.0,7.0,120.5,0.8129475774123786,0.7973155718582738,0.6729245423147776,1.4184354113711435,1.0,20190209_VaCommonwealth@St.Bonaventure,1.0,9.0,117.5,0.8289976007362667,0.8157790921496821,0.7061558003004232,1.3516847126284632,1.0,0.6739315911992223,0.6504333733673473,0.47518956872008783,0.29211385033254333,1.0,0.9172774614012402,1.1895422161883542,1.260441977027726,0.4993489427303919
2019-02-10,2018-19,True,20190210_GeorgiaTech@NotreDame,1.0,12.0,113.5,0.8572343908220729,0.8486007581454676,0.7667961978182771,1.2447896882063136,1.0,20190210_MDBaltimoreCo@Maine,1.0,8.5,110.0,0.7781805059326048,0.7672707184074193,0.6952754673114089,1.3728371629319784,1.0,0.667083091952749,0.6511065133433537,0.5331345847707142,0.13997398915237125,1.0,0.7088935440041377,1.107815513489777,1.2942169527654537,0.43375361809503543
2019-02-11,2018-19,True,20190211_Oklahoma@Baylor,1.0,15.0,123.5,0.8677145830362122,0.8612124953303243,0.8187066570942677,1.1658632450695912,0.0,20190211_MorganState@SavannahState,1.0,9.0,152.5,0.7671575389599321,0.7567491227417329,0.7061558003004232,1.3516847126284632,1.0,0.6656737840417042,0.6517218003354417,0.5781344546516868,0.04902168685087194,0.0,-1.0,1.1658632450695912,1.202319622822539,-1.0
2019-02-12,2018-19,True,20190212_Buffalo@Akron,1.0,6.5,135.0,0.7684414195684571,0.7547932137360542,0.6614742617699555,1.4429888737408678,1.0,20190212_Michigan@PennState,1.0,13.5,113.0,0.8713499320626694,0.8639092069178969,0.7938820775121651,1.202319622822539,1.0,0.6695813787351164,0.6520728066657252,0.525132561154758,0.16167939153894517,1.0,0.7349338384132407,1.312421602312051,1.144489983214975,0.5020533776010898
2019-02-13,2018-19,True,20190213_MDBaltimoreCo@Binghamton,1.0,6.5,117.0,0.7627325381877295,0.7495723839489624,0.6498556060876877,1.468787821569097,0.0,20190213_Clemson@MiamiFlorida,1.0,15.0,115.5,0.8766291312850321,0.8708281869644603,0.8264767777924606,1.1549023827983316,1.0,0.6686335623543368,0.6527487601129033,0.5370905673497187,0.13420749468478865,0.0,-1.0,1.3728371629319784,1.260441977027726,-1.0
2019-02-14,2018-19,True,20190214_MiddleTennSt@WesternKentucky,1.0,8.0,126.5,0.794872416069486,0.7835489465169496,0.6952754673114089,1.3728371629319784,1.0,20190214_UTEP@LouisianaTech,1.0,11.5,115.0,0.8405119985997417,0.8318141320591307,0.7667961978182771,1.2447896882063136,1.0,0.6680998030623692,0.6517670868728427,0.5331345847707142,0.1417114402037185,1.0,0.7088935440041377,1.2769043843629904,1.1345996787470392,0.44877530428893464
2019-02-15,2018-19,True,20190215_Yale@Columbia,1.0,7.5,133.0,0.801518524472081,0.78813227980692,0.6841951287590219,1.3950698563599118,1.0,20190215_Brown@Cornell,1.0,10.5,127.0,0.8375429333506671,0.8267411518315115,0.747510942627213,1.2769043843629904,1.0,0.6713061761212452,0.6515813888031682,0.5114433456396038,0.19584523079571947,1.0,0.7813708160786186,1.1774002037790885,1.144489983214975,0.3475227394604372
2019-02-16,2018-19,True,20190216_Akron@BallState,1.0,10.5,121.0,0.853141754886374,0.8414725323882346,0.747510942627213,1.2769043843629904,0.0,20190216_Brown@Columbia,1.0,7.0,128.5,0.7901096089702324,0.7747508543274819,0.6614742617699555,1.4429888737408678,0.0,0.6740754983494508,0.6519315633608944,0.49445924893929927,0.24202375447021018,0.0,-1.0,1.144489983214975,1.2942169527654537,-1.0
2019-02-17,2018-19,True,20190217_GeorgeMason@St.Bonaventure,1.0,6.5,124.0,0.7631745936070439,0.7498817175979094,0.6498556060876877,1.468787821569097,1.0,20190217_MissouriSt@LoyolaChicago,-1.0,15.0,139.5,0.8752084302585208,0.8700571756106418,0.8077560693135478,1.1816686203437121,1.0,0.6679368380840054,0.652439969255294,0.5249248099947639,0.15928485465084896,1.0,0.7356204786912013,1.2942169527654537,1.0662029374662496,0.37989791675714524
2019-02-18,2018-19,True,20190218_Illinois@Wisconsin,1.0,9.5,125.0,0.7809484303268279,0.7734080919367675,0.7168271902206729,1.3315622133504177,0.0,20190218_Virginia@VirginiaTech,1.0,14.5,106.0,0.845726987899797,0.8416439049734852,0.8106844188886259,1.1774002037790885,1.0,0.6604691636853827,0.6509342066357533,0.5811206341476126,0.035471416289933,0.0,-1.0,1.3516847126284632,1.2447896882063136,-1.0
2019-02-19,2018-19,True,20190219_WakeForest@NotreDame,1.0,12.5,125.0,0.8617064066916797,0.8538564295039707,0.7851028944237586,1.2157642097353032,1.0,20190219_Akron@BowlingGreen,1.0,7.5,125.0,0.7737047100645331,0.762132266845326,0.6841951287590219,1.3950698563599118,1.0,0.6667063055501368,0.6507515361783175,0.5371635759393443,0.13078456485427825,1.0,0.696076001442951,1.1345996787470392,1.3516847126284632,0.5336210407155384
2019-02-20,2018-19,True,20190220_LaSalle@St.Bonaventure,1.0,7.0,123.5,0.7723525844000041,0.7605125002630502,0.6729245423147776,1.4184354113711435,0.0,20190220_NorthernIowa@MissouriSt,-1.0,14.0,145.5,0.8633859438750391,0.8573935364036439,0.7917930604092158,1.20549174743549,1.0,0.6668383650865233,0.6520585020797137,0.5328169827838886,0.14023504433864464,0.0,-1.0,1.2942169527654537,1.0605968291034098,-1.0
2019-02-21,2018-19,True,20190221_CalPolySLO@CalIrvine,1.0,7.0,118.5,0.7704773491858153,0.7593038194164251,0.6729245423147776,1.4184354113711435,1.0,20190221_SaintMarysCA@Pacific,-1.0,14.0,148.5,0.8636495733755423,0.8576258154201456,0.7917930604092158,1.20549174743549,1.0,0.6654224339198481,0.6511985572786426,0.5328169827838886,0.13781392638691314,1.0,0.709912182678178,1.3516847126284632,1.1063029984068493,0.4953728504815693
2019-02-22,2018-19,True,20190222_Columbia@Pennsylvania,1.0,8.5,131.0,0.8076100333576703,0.7959996586869555,0.7061558003004232,1.3516847126284632,1.0,20190222_Cornell@Princeton,1.0,10.5,125.0,0.8277686885080667,0.8175490321321558,0.7375115879609256,1.2942169527654537,1.0,0.6685142981384348,0.6507687505370469,0.5207980856273834,0.16948104369440076,1.0,0.7493732698776576,1.2942169527654537,1.2447896882063136,0.6110279171042343
2019-02-23,2018-19,True,20190223_Columbia@Princeton,1.0,6.0,127.5,0.7690889779982591,0.7549773791654857,0.6498556060876877,1.468787821569097,1.0,20190223_Wisconsin@Northwestern,1.0,12.0,107.5,0.8692102817239467,0.8611676204263309,0.7760735044908904,1.229909273382756,1.0,0.668500047236649,0.6501620730916491,0.5043357176295233,0.2076291324825501,1.0,0.8064757623794891,1.5542736676496873,1.229909273382756,0.9116155972169779
2019-02-24,2018-19,True,20190224_MichiganState@Michigan,1.0,9.0,122.5,0.7816696675099581,0.7733948531439223,0.7061558003004232,1.3516847126284632,1.0,20190224_LoyolaChicago@SoIllinois,-1.0,14.0,137.5,0.8477123083762511,0.8435266541679712,0.7917930604092158,1.20549174743549,1.0,0.6626309982325633,0.6523791728232222,0.5591292622455911,0.07972061199744784,1.0,0.6294447662083242,1.2769043843629904,1.1403570595439654,0.45612692907097707
2019-02-25,2018-19,True,20190225_NotreDame@FloridaState,1.0,14.5,124.0,0.8605098029575334,0.8534517261141966,0.8106844188886259,1.1774002037790885,1.0,20190225_DelawareState@CoppinState,1.0,9.0,128.5,0.7720496040412019,0.7621909232617671,0.7061558003004232,1.3516847126284632,1.0,0.6643562526469364,0.6504931590863283,0.5724695046113811,0.0573056072200675,1.0,0.5914738560938313,1.1345996787470392,1.2447896882063136,0.4123379803465106
2019-02-26,2018-19,True,20190226_Toledo@BallState,1.0,6.5,134.0,0.767182388740787,0.7533608307745636,0.6498556060876877,1.468787821569097,1.0,20190226_Wisconsin@IndianaU,1.0,13.0,109.5,0.8724547789844902,0.8654128346363519,0.7938820775121651,1.202319622822539,1.0,0.6693319414096366,0.6519681320646121,0.5159087186438207,0.18200836147153754,1.0,0.7659524196352956,1.2447896882063136,1.1658632450695912,0.45125454532137743
2019-02-27,2018-19,True,20190227_HolyCross@Colgate,-1.0,10.0,161.5,0.8310829723830874,0.8218359724260079,0.7193130263884291,1.3269605373232458,1.0,20190227_Duquesne@St.Bonaventure,1.0,8.0,126.5,0.8031954787289465,0.7912797063468738,0.6952754673114089,1.3728371629319784,0.0,0.6675220858667097,0.6503021269265491,0.5001207005653988,0.21602547737689193,0.0,-1.0,1.0407576754695282,1.229909273382756,-1.0
2019-02-28,2018-19,True,20190228_Furman@Samford,1.0,5.0,134.5,0.7526633957380091,0.7356359959918453,0.6141132156239628,1.5542736676496873,1.0,20190228_CalIrvine@UCDavis,1.0,15.0,110.5,0.8907944942889059,0.8838379425460225,0.8264767777924606,1.1549023827983316,1.0,0.6704684089762105,0.6501830051602266,0.5075503116486594,0.20351383294175118,1.0,0.7950343622893259,1.4184354113711435,1.1345996787470392,0.6093563620651237
2019-03-01,2018-19,True,20190301_Columbia@Brown,1.0,6.5,131.0,0.7820499192887369,0.7675991378708251,0.6614742617699555,1.4429888737408678,1.0,20190301_Stetson@KennesawSt,1.0,12.5,128.0,0.8555676788193818,0.846998580366267,0.7760735044908904,1.229909273382756,1.0,0.6690966341667495,0.6501553800669593,0.513352648462334,0.18747617177081044,1.0,0.774745397202032,1.2769043843629904,1.1658632450695912,0.48869588919702456
2019-03-02,2018-19,True,20190302_Ohio@Akron,1.0,6.5,123.0,0.7907637258038187,0.7748235165922115,0.6498556060876877,1.468787821569097,0.0,20190302_St.Bonaventure@GeoWashington,1.0,11.0,117.5,0.8516766369206412,0.8410853322195603,0.747510942627213,1.2769043843629904,1.0,0.6734749905914323,0.6516926948644882,0.4857741766781862,0.2631034285162672,0.0,-1.0,1.3516847126284632,1.260441977027726,-1.0
2019-03-03,2018-19,True,20190303_NotreDame@Louisville,1.0,8.0,126.5,0.7924714942589979,0.7802191282054669,0.6841951287590219,1.3950698563599118,1.0,20190303_UTEP@CharlotteU,1.0,12.0,111.5,0.8448864227904295,0.8356876294522079,0.7667961978182771,1.2447896882063136,1.0,0.6695484059478711,0.6520194737032949,0.5246382232982045,0.16271671888325412,1.0,0.7365685715242813,1.2942169527654537,1.1895422161883542,0.5395257022211564
2019-03-04,2018-19,True,20190304_KansasState@TCU,1.0,10.0,120.5,0.7996932128362766,0.7912152460465333,0.7272815369074145,1.312421602312051,0.0,20190304_NJIT@FlaGulfCoast,1.0,12.5,121.0,0.8307762774428266,0.8235580672519244,0.7760735044908904,1.229909273382756,1.0,0.6643661504564159,0.6516116988143388,0.564423931099258,0.07239293275362702,0.0,-1.0,1.229909273382756,1.2157642097353032,-1.0
2019-03-05,2018-19,True,20190305_Kansas@Oklahoma,1.0,12.5,129.0,0.8457518107196943,0.837058958986113,0.7760735044908904,1.229909273382756,1.0,20190305_Buffalo@Ohio,1.0,9.0,144.5,0.7896458692031028,0.778265734622915,0.7061558003004232,1.3516847126284632,1.0,0.6678444237058511,0.6514543056380198,0.5480288066557188,0.1102576701757878,1.0,0.6624495627514524,1.1774002037790885,1.1895422161883542,0.40056724774399677
2019-03-06,2018-19,True,20190306_St.Bonaventure@Davidson,1.0,10.5,117.0,0.8310244398075736,0.8210758993329563,0.7375115879609256,1.2942169527654537,0.0,20190306_GeoWashington@Fordham,1.0,9.0,121.5,0.803435515244112,0.7924491809722289,0.7061558003004232,1.3516847126284632,1.0,0.6676745489772474,0.6506609239424376,0.5207980856273834,0.1680120089584176,0.0,-1.0,1.2157642097353032,1.3315622133504177,-1.0
2019-03-07,2018-19,True,20190307_CalIrvine@CalPolySLO,1.0,9.0,120.5,0.7896182325153284,0.7802810791174651,0.7061558003004232,1.3516847126284632,1.0,20190307_NCCentral@N.CarolinaA&T,1.0,12.5,119.0,0.8404981683186388,0.8331018792173002,0.7760735044908904,1.229909273382756,1.0,0.6636726781001345,0.6500536333304631,0.5480288066557188,0.10332235351765418,1.0,0.6624495627514524,1.3315622133504177,1.1895422161883542,0.5839494662615259
2019-03-08,2018-19,True,20190308_Brown@Princeton,1.0,6.5,128.0,0.7856126101773393,0.7697764736054767,0.6498556060876877,1.468787821569097,1.0,20190308_Yale@Pennsylvania,1.0,11.5,135.0,0.8540093460490437,0.844659317780543,0.7667961978182771,1.2447896882063136,1.0,0.6709205114654317,0.6501988710391142,0.49830680787893095,0.22666539659127038,1.0,0.8283319344522269,1.2447896882063136,1.1895422161883542,0.48072988439734887
2019-03-09,2018-19,True,20190309_Brown@Pennsylvania,1.0,7.0,131.5,0.7862900214022521,0.7717288827553417,0.6614742617699555,1.4429888737408678,0.0,20190309_TexasState@UTArlington,1.0,11.5,112.0,0.8540754480329785,0.8436858512713953,0.7572740494178288,1.260441977027726,1.0,0.6715510023129888,0.6510967393981633,0.5009172927962031,0.22141948054879168,0.0,-1.0,1.3950698563599118,1.1658632450695912,-1.0
2019-03-10,2018-19,True,20190310_Wisconsin@OhioState,1.0,8.0,112.5,0.7892416801053906,0.7786864175832698,0.6841951287590219,1.3950698563599118,1.0,20190310_Rutgers@IndianaU,1.0,11.5,118.0,0.8440101005224067,0.8355942402632917,0.7667961978182771,1.2447896882063136,1.0,0.6661279497622239,0.6506658855038366,0.5246382232982045,0.1567768621709833,1.0,0.7365685715242813,1.260441977027726,1.1658632450695912,0.4695029735594758
2019-03-11,2018-19,True,20190311_MiamiOhio@Akron,1.0,7.5,120.0,0.7802317447141369,0.7683570401318656,0.6841951287590219,1.3950698563599118,1.0,20190311_Delaware@Hofstra,-1.0,14.0,164.5,0.8540726324423401,0.8476381028151833,0.7834797765039034,1.2182828818622922,1.0,0.6663745801230828,0.6512887037820642,0.5360530465651779,0.13256338938195733,1.0,0.6995897250053673,1.2942169527654537,1.1312147368150733,0.4640372896041789
2019-03-12,2018-19,True,20190312_SaintMarysCA@Gonzaga,-1.0,12.5,158.0,0.8584988559448474,0.8512375699086036,0.7661975742209283,1.2457622317201122,1.0,20190312_Hartford@MDBaltimoreCo,1.0,8.0,125.5,0.7736238282603708,0.7639825906422643,0.6952754673114089,1.3728371629319784,1.0,0.6641551714932015,0.6503306839108005,0.5327183764693237,0.13585722749316065,1.0,0.7102286878824489,1.1142068015742692,1.5243658072218784,0.6984587504938682
2019-03-13,2018-19,True,20190313_NotreDame@Louisville,1.0,13.5,121.0,0.8520025194521614,0.8456785094691219,0.8024095210832457,1.1895422161883542,1.0,20190313_CoppinState@N.CarolinaA&T,1.0,9.5,123.0,0.7790475647971693,0.770313461571891,0.7168271902206729,1.3315622133504177,1.0,0.6637504879802593,0.6514375400061165,0.5751889624044187,0.051347231167159,1.0,0.5839494662615259,1.2157642097353032,1.2942169527654537,0.5734626508049241
2019-03-14,2018-19,True,20190314_Tulane@MemphisU,1.0,8.5,147.0,0.7707250624910222,0.7595486452683997,0.6952754673114089,1.3728371629319784,1.0,20190314_TCU@KansasState,1.0,15.0,109.5,0.8673935001152376,0.8615795966587678,0.8187066570942677,1.1658632450695912,1.0,0.6685219095806231,0.6544116154330614,0.5692266536021784,0.0699963177018823,1.0,0.6005403897280075,1.312421602312051,1.1345996787470392,0.48907312836392736
2019-03-15,2018-19,True,20190315_GeorgeMason@St.Bonaventure,1.0,10.0,118.5,0.789867519302881,0.7826449186335533,0.7272815369074145,1.312421602312051,1.0,20190315_MississippiSt@Tennessee,-1.0,14.5,161.0,0.8388357917475966,0.8334319363759254,0.7917930604092158,1.20549174743549,1.0,0.6625691459301423,0.6522812700315409,0.5758564738870398,0.048259531320772986,1.0,0.5821134107432402,1.2447896882063136,1.1816686203437121,0.4709289134808343
2019-03-16,2018-19,True,20190316_Princeton@Yale,1.0,6.5,136.0,0.7714270743600709,0.7583859640363325,0.6614742617699555,1.4429888737408678,1.0,20190316_MDBaltimoreCo@Vermont,1.0,14.5,111.0,0.8662034682540475,0.8589256751739516,0.8106844188886259,1.1774002037790885,1.0,0.6682128073157664,0.651397176202355,0.5362468775127591,0.13527711758077698,1.0,0.6989753939934551,1.6533086026725639,1.2447896882063136,1.058021500029597
2019-03-17,2018-19,True,20190317_Auburn@Tennessee,-1.0,9.5,160.0,0.7746799820403778,0.7672726408080367,0.7093419161134777,1.3456134176163683,1.0,20190317_SaintLouis@St.Bonaventure,1.0,14.5,107.0,0.853809147571928,0.8488949565663471,0.8187066570942677,1.1658632450695912,1.0,0.6614288551069315,0.6513338750932848,0.5807429488781078,0.03765039858618646,1.0,0.5688012256714021,1.1816686203437121,1.2157642097353032,0.43663041638117916
2019-03-19,2018-19,True,20190319_Cornell@RobertMorris,1.0,10.5,123.0,0.7973985406059718,0.7892447812324813,0.7375115879609256,1.2942169527654537,1.0,20190319_FairDickinson@PrairieViewA&M,-1.0,14.0,163.5,0.8297310005070134,0.8239707646158754,0.7834797765039034,1.2182828818622922,1.0,0.6616262888998253,0.6503146258612169,0.5778254141046649,0.04320096299078613,1.0,0.5767223589701309,1.229909273382756,1.1816686203437121,0.4533451942261386
2019-03-20,2018-19,True,20190320_WichitaState@Furman,1.0,11.5,126.0,0.8336830601442483,0.8255099132081778,0.7667961978182771,1.2447896882063136,1.0,20190320_GrandCanyon@WestVirginia,1.0,10.0,133.5,0.797050201287438,0.7874623154854763,0.7272815369074145,1.312421602312051,1.0,0.6644872508979004,0.6500579477111262,0.5576767172440384,0.08556543079140799,1.0,0.6336888771372484,1.107815513489777,1.0652902418506043,0.18014505629137578
2019-03-21,2018-19,True,20190321_FlaAtlantic@CharlestonSou,1.0,8.0,129.5,0.7700221430826069,0.7594084993713555,0.6841951287590219,1.3950698563599118,1.0,20190321_FairDickinson@Gonzaga,-1.0,14.5,166.0,0.863100791966633,0.8576064324061169,0.7998854928417264,1.1932958011389603,1.0,0.664606721526442,0.651273613884751,0.5472777577673187,0.10639141338941904,1.0,0.6647310018898152,1.1774002037790885,1.2182828818622922,0.43440651336523795
2019-03-22,2018-19,True,20190322_Colgate@Tennessee,-1.0,10.0,160.5,0.7924422080242417,0.7844828507570548,0.7093419161134777,1.3456134176163683,1.0,20190322_Oregon@Wisconsin,1.0,12.0,104.5,0.8363207867750597,0.8293620252198993,0.7667961978182771,1.2447896882063136,1.0,0.6627358908885994,0.650620285854151,0.543920684228946,0.11008639918113339,1.0,0.6750057065609112,1.2182828818622922,1.2157642097353032,0.4811447251013574
2019-03-23,2018-19,True,20190323_Baylor@Gonzaga,-1.0,11.0,158.5,0.7839577909334605,0.7784496213726357,0.7290934570575702,1.3091600133844452,1.0,20190323_Wofford@Kentucky,-1.0,14.5,153.0,0.8415271438397292,0.8370165609003039,0.7998854928417264,1.1932958011389603,1.0,0.6597217606951385,0.6515752249154673,0.5831912792261726,0.030627327357308554,1.0,0.5622151469906835,1.3091600133844452,1.231696782862017,0.6124881767372161
2019-03-24,2018-19,True,20190324_Liberty@VirginiaTech,-1.0,14.5,140.0,0.84504419653241,0.8401288420155967,0.7917930604092158,1.20549174743549,1.0,20190324_Iowa@Tennessee,-1.0,11.0,166.5,0.7818262027071267,0.7758846728273827,0.7290934570575702,1.3091600133844452,1.0,0.6606776952946289,0.6518430917201191,0.5772911396879487,0.04266937709604868,1.0,0.5781815922074844,1.231696782862017,1.3091600133844452,0.6124881767372161
2019-03-25,2018-19,True,20190325_Brown@LoyolaMarymount,1.0,13.5,124.0,0.8210320471017066,0.8160823315919639,0.7938820775121651,1.202319622822539,1.0,20190325_Longwood@Depaul,-1.0,13.5,169.0,0.8008564058745724,0.7966377967429452,0.7834797765039034,1.2182828818622922,0.0,0.6575287743497155,0.6501220306002677,0.6219905526596856,-0.03687459195742104,0.0,-1.0,1.1774002037790885,1.20549174743549,-1.0
2019-03-26,2018-19,True,20190326_WichitaState@IndianaU,1.0,11.0,127.5,0.8074902990907439,0.8008712662615401,0.7572740494178288,1.260441977027726,1.0,20190326_CharlestonSou@Hampton,1.0,13.5,144.0,0.8176780756693165,0.8119246672853009,0.7938820775121651,1.202319622822539,0.0,0.6602671138821603,0.6502471363977586,0.601186295597876,0.0006045196242554507,0.0,-1.0,1.2447896882063136,1.1774002037790885,-1.0
2019-03-27,2018-19,True,20190327_CoastalCarolina@Depaul,-1.0,13.5,175.0,0.8071571226920641,0.802117428648607,0.7749472218171164,1.231696782862017,0.0,20190327_Colorado@Texas,-1.0,15.0,153.5,0.8198127208166066,0.8160775656656281,0.7998854928417264,1.1932958011389603,1.0,0.6617176768806846,0.6545900385495284,0.6198690404495109,-0.027421519765013502,0.0,-1.0,1.3269605373232458,1.1705848928962739,-1.0
2019-03-28,2018-19,True,20190328_Oregon@Virginia,-1.0,15.0,132.5,0.8422369191343929,0.838392065848461,0.7998854928417264,1.1932958011389603,1.0,20190328_Purdue@Tennessee,-1.0,11.0,157.5,0.7801172257368181,0.775349931849627,0.7386771751629689,1.292174757923738,0.0,0.6570435287682473,0.6500472311188722,0.5908571563061656,0.013126109461192303,0.0,-1.0,1.2182828818622922,1.3269605373232458,-1.0
2019-03-29,2018-19,True,20190329_HoustonU@Kentucky,-1.0,14.5,150.0,0.8164951217975843,0.8127764386901039,0.7998854928417264,1.1932958011389603,1.0,20190329_VirginiaTech@Duke,1.0,14.0,130.5,0.8037211533039533,0.7998548051052486,0.8024095210832457,1.1895422161883542,1.0,0.6562344009582063,0.650103139962611,0.6418357352325657,-0.06849119343135934,1.0,0.41947573185509635,1.1816686203437121,1.2157642097353032,0.43663041638117916
2019-03-30,2018-19,True,20190330_Purdue@Virginia,-1.0,15.0,140.5,0.8398404097551269,0.835995956972981,0.8077560693135478,1.1816686203437121,0.0,20190330_TexasTech@Gonzaga,-1.0,12.5,150.0,0.7864721326979318,0.7827117073835079,0.7572336271331518,1.2605092613407685,1.0,0.6605110781860195,0.6543438228480316,0.6116600582051154,-0.016165948620913806,0.0,-1.0,1.231696782862017,1.3269605373232458,-1.0
2019-03-31,2018-19,True,20190331_Auburn@Kentucky,-1.0,12.0,153.5,0.796596306720939,0.7911398364935145,0.748058804940593,1.2759692068269974,1.0,20190331_MichiganState@Duke,1.0,15.0,132.5,0.8302800696029,0.8264099486076685,0.8264767777924606,1.1549023827983316,1.0,0.6613980369896743,0.6538058316180846,0.6182532307065801,-0.02535070585717114,1.0,0.47361987734179656,1.292174757923738,1.1252063129953516,0.45396319510903016
2019-04-02,2018-19,False,,,,,,,,,,,,,,,,,,,,,,,,,,,
2019-04-04,2018-19,True,20190404_Lipscomb@Texas,-1.0,15.0,161.5,0.8368323549092582,0.8328076050076009,0.8077560693135478,1.1816686203437121,1.0,20190404_WiscGreenBay@Marshall,1.0,13.0,158.5,0.7877649068696566,0.7831560455165775,0.7851028944237586,1.2157642097353032,1.0,0.6592271621306073,0.6522183106138846,0.6341716280064246,-0.05293420757852252,1.0,0.43663041638117916,1.1063029984068493,1.2769043843629904,0.4126431490996283
2019-04-06,2018-19,True,20190406_Auburn@Virginia,1.0,11.5,119.0,0.811202063881592,0.804554848494416,0.7572740494178288,1.260441977027726,1.0,20190406_TexasTech@MichiganState,1.0,12.0,121.5,0.813966276311623,0.8080364485228451,0.7667961978182771,1.2447896882063136,0.0,0.6602911232740027,0.6501096424192636,0.5806748618000412,0.03598698398826361,0.0,-1.0,1.202319622822539,1.229909273382756,-1.0
2019-11-15,2019-20,True,20191115_N.CarolinaA&T@UtahState,-1.0,11.5,151.0,0.8005953176421798,0.7952833644535384,0.7496720519205387,1.273223401559022,1.0,20191115_MissouriSt@Xavier,1.0,13.5,118.0,0.8239955343507422,0.8194468150168581,0.7918676669480588,1.205378170924371,0.0,0.6596869665592702,0.6516924200373433,0.5936410587304809,0.01243194133201908,0.0,-1.0,1.273223401559022,1.2992580194428667,-1.0
2019-11-16,2019-20,True,20191116_Liberty@EastCarolina,-1.0,11.5,140.0,0.8010999398133632,0.7964585235984472,0.7496720519205387,1.273223401559022,1.0,20191116_American@St.FrancisPA,-1.0,13.0,159.5,0.8255671152442652,0.8214667108544282,0.7763043337059484,1.2295435675894981,1.0,0.6613617663340727,0.6542641637123904,0.581973662764145,0.03535102762651654,1.0,0.5654836434913162,1.1915954191955818,1.2295435675894981,0.46511848284103907
2019-11-17,2019-20,True,20191117_IdahoU@ArkansasState,-1.0,9.5,146.0,0.7870517262656117,0.7777483385542704,0.701319872045326,1.361005210384672,0.0,20191117_NCCentral@Louisville,-1.0,15.0,153.5,0.8441950779592186,0.8404638440002001,0.8010269128462751,1.1915954191955818,1.0,0.6644251934127356,0.6536693582860912,0.5617760920222121,0.07754323415547715,0.0,-1.0,1.2579787095758608,1.1915954191955818,-1.0
2019-11-18,2019-20,True,20191118_SIUEdwardsville@SouthDakota,-1.0,10.5,155.0,0.8000585221590178,0.7932041509986315,0.7309007068948173,1.3059229400052563,1.0,20191118_JacksonState@TexasState,-1.0,13.0,144.5,0.8249727326767744,0.8199180558257313,0.767635466320526,1.2434287391320826,1.0,0.6600264653268666,0.6503624053596977,0.5610653049712052,0.07176557068134137,1.0,0.6238221146943983,1.2036539077511204,1.273223401559022,0.5325203227266908
2019-11-19,2019-20,True,20191119_Maine@WashingtonU,-1.0,13.0,140.5,0.8484220011438286,0.8434570467642263,0.767635466320526,1.2434287391320826,1.0,20191119_Mercer@GeorgiaSouthern,-1.0,9.0,170.5,0.7815156186272487,0.7708076819301121,0.701319872045326,1.361005210384672,0.0,0.6630550450808875,0.6501431710239514,0.5383580070173655,0.12209666766620564,0.0,-1.0,1.2434287391320826,1.2434287391320826,-1.0
2019-11-20,2019-20,True,20191120_CalSantaBarb@OregonState,-1.0,13.0,155.5,0.8313845818546551,0.8252916733383568,0.767635466320526,1.2434287391320826,1.0,20191120_StephenF.Austin@Rutgers,-1.0,11.5,157.0,0.7989001344050001,0.7918934012104407,0.740385084661744,1.2891939880664636,1.0,0.6641932541859288,0.6535430301905674,0.56834584972108,0.06471563826226268,1.0,0.603020855078144,1.1800936443520913,1.2891939880664636,0.5213696316541594
2019-11-21,2019-20,True,20191121_Duquesne@IndianaState,-1.0,10.5,150.0,0.8000270893685142,0.7942305973955665,0.7309007068948173,1.3059229400052563,1.0,20191121_TennesseeState@TexasTech,-1.0,12.5,153.0,0.8268206403826447,0.8222031279003105,0.7587568793766141,1.2579787095758608,1.0,0.6614789103551382,0.6530188814527669,0.5545759394976729,0.08669293653968957,1.0,0.6428232548733266,1.2434287391320826,1.2434287391320826,0.5461150292996009
2019-11-22,2019-20,True,20191122_IdahoState@SantaClara,-1.0,8.5,147.0,0.7908299573117561,0.7786054046241185,0.680727255347238,1.40217685203909,1.0,20191122_Valparaiso@GrandCanyon,-1.0,12.0,151.5,0.8434232801369306,0.8362402191017675,0.7587568793766141,1.2579787095758608,0.0,0.6670043966264301,0.6511011541566932,0.5165064879738778,0.17653480940644917,0.0,-1.0,1.3059229400052563,1.2891939880664636,-1.0
2019-11-23,2019-20,True,20191123_UMKC@EastCarolina,-1.0,10.5,142.0,0.8026265984800601,0.7957795270303715,0.7309007068948173,1.3059229400052563,0.0,20191123_DelawareState@EastTennState,-1.0,12.0,156.5,0.8221091342389261,0.8169101027316765,0.7587568793766141,1.2579787095758608,0.0,0.6598466579935763,0.6500803351781457,0.5545759394976729,0.08401143440229375,0.0,-1.0,1.3059229400052563,1.2579787095758608,-1.0
2019-11-24,2019-20,True,20191124_MissValleySt@SouthDakotaState,1.0,8.0,149.5,0.7745600953312446,0.7618004481405244,0.6806425929409767,1.4023512632022006,0.0,20191124_Liberty@UMKC,-1.0,13.5,135.0,0.8588715564247991,0.8533334799645127,0.7847606137642726,1.2162944766322255,1.0,0.6652476346216868,0.650069827450279,0.5341414989904669,0.13469432712530338,0.0,-1.0,1.248753448338845,1.2162944766322255,-1.0
2019-11-25,2019-20,True,20191125_LoyolaChicago@SouthFlorida,-1.0,15.0,142.5,0.8640796659429232,0.8584136050960662,0.8010269128462751,1.1915954191955818,1.0,20191125_Yale@WesternMichigan,1.0,8.0,130.5,0.7698800385474384,0.758431234464774,0.6918562415019779,1.3796218675831247,0.0,0.6652376865241953,0.6510476901943665,0.5541954692637563,0.09361822494902339,0.0,-1.0,1.1691242515096338,1.5345416055708694,-1.0
2019-11-26,2019-20,True,20191126_ColoradoState@LoyolaChicago,-1.0,11.0,144.5,0.8001091757042477,0.7932585737205649,0.7309007068948173,1.3059229400052563,1.0,20191126_IUPUI@Southern,-1.0,12.0,146.5,0.8261565831786276,0.8202314303585878,0.7587568793766141,1.2579787095758608,0.0,0.6610154627696895,0.6506556145670321,0.5545759394976729,0.08593157406889951,0.0,-1.0,1.2579787095758608,1.361005210384672,-1.0
2019-11-27,2019-20,True,20191127_PortlandState@CalSantaBarb,-1.0,10.5,161.0,0.8129566934845026,0.8037085403360725,0.7212242797113249,1.323444075374231,1.0,20191127_LoyolaChicago@OldDominion,-1.0,11.0,134.5,0.8162011846673582,0.8089541909581448,0.7309007068948173,1.3059229400052563,1.0,0.6635362163053095,0.6501633920137191,0.5271433358707128,0.14680024451945073,1.0,0.7283159778452537,1.323444075374231,1.1486902274853883,0.5202272760058146
2019-11-28,2019-20,True,20191128_Pepperdine@Arizona,-1.0,9.5,164.0,0.7970439546805302,0.786820555698779,0.7113617952845381,1.3417926100715163,0.0,20191128_WakeForest@CollCharleston,-1.0,12.0,155.5,0.8331330978895695,0.8262645798759942,0.7587568793766141,1.2579787095758608,1.0,0.6640436991171438,0.6501219558922479,0.5397506558978419,0.12087026176784654,0.0,-1.0,1.273223401559022,1.1800936443520913,-1.0
2019-11-29,2019-20,True,20191129_Mississippi@OklahomaState,-1.0,9.0,148.5,0.7878434379363861,0.7778534559996216,0.701319872045326,1.361005210384672,1.0,20191129_JacksonvilleSt@ChicagoSt,-1.0,13.0,165.5,0.844909528547992,0.8382027587221573,0.7763043337059484,1.2295435675894981,1.0,0.6656564277164612,0.6519989127004471,0.5444376559828877,0.11391958537270042,1.0,0.673415201884265,1.361005210384672,1.1691242515096338,0.5911841978916912
2019-11-30,2019-20,True,20191130_StephenF.Austin@ArkansasState,-1.0,14.0,162.5,0.8469231760717677,0.8398170689058484,0.7847606137642726,1.2162944766322255,1.0,20191130_Lipscomb@Xavier,1.0,9.5,125.0,0.7846613184446831,0.7744684300088812,0.7136831307792385,1.3374282771092325,1.0,0.6645478559578317,0.6504118068501729,0.5600704117435229,0.08102440080645401,1.0,0.626706626339713,1.2036539077511204,1.317863909129458,0.5862520441078394
2019-12-01,2019-20,True,20191201_WakeForest@Arizona,-1.0,10.5,162.0,0.8147833686512603,0.8061642789837483,0.7309007068948173,1.3059229400052563,1.0,20191201_Mercer@Canisius,-1.0,11.5,163.0,0.8151219950104522,0.8067188858439044,0.740385084661744,1.2891939880664636,1.0,0.664147844956352,0.6503479489489239,0.5411479817536479,0.11815134407505545,1.0,0.6835880031328574,1.2295435675894981,1.2295435675894981,0.5117773846007108
2019-12-02,2019-20,True,20191202_Mercer@HolyCross,-1.0,10.5,159.0,0.7999822815043768,0.7930123699837477,0.7309007068948173,1.3059229400052563,1.0,20191202_SouthDakota@WashingtonU,-1.0,12.5,154.0,0.8291002093370354,0.823303204147045,0.767635466320526,1.2434287391320826,1.0,0.663265477061198,0.6528896251358615,0.5610653049712052,0.07702514956530337,1.0,0.6238221146943983,1.40217685203909,1.2295435675894981,0.7240375290475547
2019-12-03,2019-20,True,20191203_St.Peter's@St.Johns,1.0,9.0,124.5,0.7838805579101165,0.7733063270918624,0.7028729360391662,1.3579979411055492,1.0,20191203_Valparaiso@EasternMichigan,-1.0,14.0,147.5,0.8478716166714713,0.8413158779084242,0.7847606137642726,1.2162944766322255,0.0,0.6646300759125853,0.6505948914694293,0.5515869966843925,0.09778637469524631,0.0,-1.0,1.205378170924371,1.1054012905579558,-1.0
2019-12-04,2019-20,True,20191204_Virginia@Purdue,1.0,12.0,89.5,0.8492477464395118,0.8421211903277799,0.7737809410982968,1.2335532568755085,1.0,20191204_TexasSouthern@Gonzaga,1.0,9.0,141.5,0.7832353465366364,0.7730525469184714,0.7136831307792385,1.3374282771092325,1.0,0.6651608529780085,0.651003930996905,0.552234404580338,0.09737506317342559,1.0,0.6497890070654939,1.205378170924371,1.2815658510329808,0.5447715014372692
2019-12-05,2019-20,True,20191205_NoIllinois@SaintMarysCA,-1.0,14.5,145.0,0.8336208391670481,0.8298126160870823,0.7930020364270376,1.2036539077511204,1.0,20191205_SouthDakotaState@MontanaState,1.0,11.0,126.5,0.790460049238759,0.7842618763455285,0.754697812306194,1.2647446228620347,1.0,0.6589439695744405,0.6507903993076468,0.598476902045842,0.0031201622718479705,1.0,0.522314807615105,1.273223401559022,1.1681674259978694,0.4873381037194544
2019-12-06,2019-20,True,20191206_MissValleySt@MissouriSt,1.0,8.5,130.0,0.7927839870722615,0.7821229694473186,0.7028729360391662,1.3579979411055492,1.0,20191206_Pittsburgh@Louisville,1.0,12.5,112.0,0.8406739049752732,0.8341923442569539,0.782950323848794,1.2191067184287112,0.0,0.6664728102139046,0.6524409933804687,0.5503145928964179,0.10337533777534147,0.0,-1.0,1.2815658510329808,1.1089868772493687,-1.0
2019-12-07,2019-20,True,20191207_Marist@Navy,1.0,11.0,98.5,0.8349730269334151,0.8251642872968755,0.7447920052103792,1.2815658510329808,1.0,20191207_Stetson@VMI,1.0,9.5,118.0,0.8004295019537558,0.7879798289424793,0.7136831307792385,1.3374282771092325,1.0,0.6683370440931334,0.6502128139536348,0.5315454900578904,0.14553130303085982,1.0,0.7140024081490668,1.2335532568755085,1.2191067184287112,0.5038330629965502
2019-12-08,2019-20,True,20191208_NorthCarolina@Virginia,1.0,8.0,108.5,0.785916527911273,0.7721413100143248,0.6806425929409767,1.4023512632022006,0.0,20191208_Dayton@SaintMarysCA,-1.0,13.5,150.0,0.8484796228062627,0.8427101571641404,0.7763043337059484,1.2295435675894981,1.0,0.6668341591593645,0.6506913247150969,0.5283857946049341,0.14979011604220926,0.0,-1.0,1.5345416055708694,1.1691242515096338,-1.0
2019-12-09,2019-20,True,20191209_AlabamaState@SouthDakota,-1.0,15.0,155.5,0.8423037154023024,0.8382527603028364,0.8088341163162951,1.1800936443520913,1.0,20191209_Columbia@Duquesne,1.0,11.0,123.5,0.7819293705804582,0.7765550405979397,0.754697812306194,1.2647446228620347,1.0,0.6586220140221037,0.6509494063083041,0.6104253381025216,-0.016995387452539923,1.0,0.4925170911679697,1.1132462094668412,1.2992580194428667,0.4463940652641667
2019-12-10,2019-20,True,20191210_Bryant@Fordham,1.0,10.5,116.0,0.799088505557836,0.7909109423178575,0.7447920052103792,1.2815658510329808,1.0,20191210_Louisville@TexasTech,-1.0,15.0,143.5,0.8309394361331792,0.8275040187775016,0.8010269128462751,1.1915954191955818,1.0,0.663994152228733,0.6544819832631278,0.596598440646257,0.013990780154019777,1.0,0.5271079974883872,1.1923335504672223,1.1486902274853883,0.36962189732465434
2019-12-11,2019-20,True,20191211_NCAsheville@SoCarolinaSt,-1.0,9.0,160.5,0.7840566991940691,0.7744494480416916,0.701319872045326,1.361005210384672,0.0,20191211_FairDickinson@St.Peter's,1.0,14.0,116.5,0.8467191077719178,0.8412231671855678,0.8005310255892524,1.1923335504672223,1.0,0.6638757887841972,0.6514848175067466,0.561428316434568,0.07731915749756624,0.0,-1.0,1.2295435675894981,1.1681674259978694,-1.0
2019-12-12,2019-20,True,20191212_AustinPeay@WestVirginia,-1.0,13.5,162.0,0.802476361095227,0.7991551044044343,0.7847606137642726,1.2162944766322255,1.0,20191212_NorthernIowa@GrandCanyon,-1.0,15.0,146.5,0.8173757007802303,0.8140323557535345,0.8010269128462751,1.1915954191955818,1.0,0.6559246780097803,0.6505381122508035,0.6286143717669435,-0.04934807854330181,1.0,0.44933092674784736,1.1486902274853883,1.2162944766322255,0.3971455790518923
2019-12-13,2019-20,True,20191213_UTRioGrandeValley@Creighton,1.0,11.0,129.5,0.7864066122599432,0.7801128413427205,0.7447920052103792,1.2815658510329808,1.0,20191213_Nebraska@IndianaU,-1.0,15.0,164.5,0.8391660238069365,0.8353909121451257,0.8088341163162951,1.1800936443520913,0.0,0.6599257099056598,0.651699178105421,0.6024131833737786,-0.0019496616292888902,0.0,-1.0,1.1089868772493687,1.1486902274853883,-1.0
2019-12-14,2019-20,True,20191214_TennMartin@NCAsheville,-1.0,10.0,167.5,0.7825684107404842,0.7736708037675389,0.7113617952845381,1.3417926100715163,1.0,20191214_Delaware@Villanova,-1.0,13.5,157.0,0.8450160078615357,0.8404547067600782,0.7847606137642726,1.2162944766322255,1.0,0.6612828343224706,0.6502352685092809,0.558248719075949,0.07922346545485914,1.0,0.6320149404159228,1.273223401559022,1.2891939880664636,0.6414319547554239
2019-12-15,2019-20,True,20191215_Purdue@Nebraska,1.0,10.0,124.5,0.7873375303316344,0.7786139657642136,0.7242781241581421,1.317863909129458,1.0,20191215_CalRiverside@WashingtonState,1.0,13.0,114.5,0.8426945103259335,0.8358766009702407,0.7918676669480588,1.205378170924371,1.0,0.6634850145840465,0.6508251951709503,0.5735324283986244,0.05396212694743374,1.0,0.5885243883137075,1.205378170924371,1.0597483229239313,0.2773974951262179
2019-12-16,2019-20,True,20191216_CalSantaBarb@IdahoState,-1.0,13.5,147.0,0.8387291924228432,0.8329168390591247,0.7763043337059484,1.2295435675894981,1.0,20191216_NoIllinois@Pittsburgh,1.0,9.5,112.0,0.7889504948266826,0.7804452361667521,0.7242781241581421,1.317863909129458,0.0,0.661715811387586,0.6500459791667632,0.5622602465923807,0.072225172175298,0.0,-1.0,1.2579787095758608,1.205378170924371,-1.0
2019-12-17,2019-20,True,20191217_TennesseeTech@Lipscomb,1.0,8.5,123.0,0.770191391305537,0.7590732728954758,0.6918562415019779,1.3796218675831247,1.0,20191217_NorthAlabama@UAB,1.0,14.5,108.0,0.8621594106550391,0.8564797535356866,0.8089392153073272,1.179940324239779,1.0,0.6640277560195664,0.6501308896850441,0.5596696451060866,0.080951841811987,1.0,0.6278714737643216,1.179940324239779,1.1007971847385416,0.2988749870826306
2019-12-18,2019-20,True,20191218_StonyBrook@Virginia,1.0,10.0,97.5,0.8071902469786605,0.7981241735894844,0.7242781241581421,1.317863909129458,1.0,20191218_St.Peter's@Connecticut,1.0,11.0,118.5,0.8229782059557884,0.8146886608502335,0.7447920052103792,1.2815658510329808,1.0,0.6642999813235078,0.6502227141738164,0.5394365564217547,0.1219557570848302,1.0,0.6889293822491447,1.4023512632022006,1.248753448338845,0.7511909757060831
2019-12-19,2019-20,True,20191219_PortlandState@LoyolaMarymount,-1.0,14.5,158.0,0.8371971727440886,0.8323139525545611,0.7930020364270376,1.2036539077511204,1.0,20191219_ArkansasLR@ULMonroe,1.0,11.0,113.5,0.7897635002694496,0.7828511243229649,0.7447920052103792,1.2815658510329808,1.0,0.6611877695620585,0.651577913547029,0.5906215768464076,0.019922959347791425,1.0,0.5425617446362376,1.2036539077511204,1.1681674259978694,0.4060692872099032
2019-12-20,2019-20,True,20191220_MountStMarys@Navy,1.0,9.0,107.5,0.7731852554148162,0.7639803478990427,0.7028729360391662,1.3579979411055492,0.0,20191220_Akron@Tulane,-1.0,15.0,156.5,0.8576398332857705,0.8530429622767177,0.8088341163162951,1.1800936443520913,1.0,0.6631144735529789,0.6517080590929968,0.5685076101038788,0.06268387346326043,0.0,-1.0,1.3374282771092325,1.130117946229045,-1.0
2019-12-21,2019-20,True,20191221_Nevada@SaintMarysCA,-1.0,13.5,158.0,0.8490080709954233,0.8433124268158663,0.7847606137642726,1.2162944766322255,1.0,20191221_WeberState@BYU,1.0,9.0,125.5,0.7797584829337658,0.7712543034428665,0.7136831307792385,1.3374282771092325,1.0,0.6620212454379142,0.6504083383285842,0.5600704117435229,0.07691434673152431,1.0,0.626706626339713,1.1915954191955818,1.248753448338845,0.4880088887452543
2019-12-22,2019-20,True,20191222_SouthCarolina@Virginia,1.0,12.0,100.5,0.8329692553508797,0.8267664894489962,0.7737809410982968,1.2335532568755085,1.0,20191222_Xavier@TCU,1.0,10.5,122.0,0.795019497509882,0.7862983948067797,0.73465007390087,1.2992580194428667,1.0,0.6622267988302369,0.6500851635337821,0.5684582255609485,0.061353513834018436,1.0,0.6027039614053711,1.248753448338845,1.205378170924371,0.5052201474941778
2019-12-23,2019-20,True,20191223_BallState@UTEP,1.0,10.0,113.5,0.7896420035028939,0.7814498997046564,0.73465007390087,1.2992580194428667,1.0,20191223_Houston@GeorgiaTech,-1.0,15.0,148.5,0.8393741457859369,0.8356080008131053,0.8010269128462751,1.1915954191955818,1.0,0.6628050821669375,0.6529857884278095,0.5884744807191018,0.026148136743665118,1.0,0.5481899043212439,1.2647446228620347,1.1800936443520913,0.4925170911679697
2019-12-25,2019-20,True,20191225_PortlandU@BallState,1.0,13.5,119.0,0.8110980910874135,0.8066242681937918,0.7918676669480588,1.205378170924371,0.0,20191225_GeorgiaTech@Hawaii,-1.0,15.0,152.5,0.8109775169828857,0.8076506671761626,0.8010269128462751,1.1915954191955818,1.0,0.657782315939629,0.6514706283671999,0.6343073126381858,-0.05521206032424486,0.0,-1.0,1.1681674259978694,1.1486902274853883,-1.0
2019-12-27,2019-20,True,20191227_CoppinState@MountStMarys,1.0,13.5,124.0,0.8088656111232697,0.8032575716025331,0.7918676669480588,1.205378170924371,1.0,20191227_UMassLowell@LoyolaMaryland,1.0,15.0,132.5,0.8157598248307639,0.8123418479420039,0.8170917787616353,1.1681674259978694,1.0,0.6598400692415474,0.6525197400890083,0.6470285605304156,-0.07089007577795392,1.0,0.4080835152827422,1.205378170924371,1.1569851940726572,0.3946046970178778
2019-12-28,2019-20,True,20191228_Wisconsin@Tennessee,1.0,12.0,108.5,0.8324988905658189,0.8265462589309855,0.7737809410982968,1.2335532568755085,1.0,20191228_Marist@Columbia,1.0,10.0,115.5,0.7955849343225101,0.7871161106272229,0.73465007390087,1.2992580194428667,1.0,0.6623235751743696,0.6505878765832388,0.5684582255609485,0.06150861766413018,1.0,0.6027039614053711,1.205378170924371,1.2335532568755085,0.48689816851040124
2019-12-29,2019-20,True,20191229_Navy@Virginia,1.0,8.5,89.0,0.7988422497496256,0.7874949580894663,0.6918562415019779,1.3796218675831247,1.0,20191229_NorfolkSt@StonyBrook,1.0,12.5,113.0,0.8366413551686285,0.828271941566215,0.7737809410982968,1.2335532568755085,1.0,0.6683444623964827,0.6522599779103674,0.5353451736541309,0.13741336694122364,1.0,0.701837048013835,1.2815658510329808,1.1923335504672223,0.5280539613197013
2019-12-30,2019-20,True,20191230_Yale@NorthCarolina,1.0,9.0,123.5,0.7848218176547578,0.7725045150068105,0.7028729360391662,1.3579979411055492,1.0,20191230_GeorgeMason@TCU,1.0,13.5,115.0,0.8487682990295891,0.841663387570202,0.7918676669480588,1.205378170924371,1.0,0.6661318792121391,0.650188767013908,0.5565823520222667,0.09039198875370391,1.0,0.6369010743688686,1.2815658510329808,1.136280750234304,0.4562186066864198
2019-12-31,2019-20,True,20191231_Temple@CentralFlorida,1.0,10.5,123.0,0.7927915351800496,0.783740007769249,0.73465007390087,1.2992580194428667,0.0,20191231_FloridaA&M@IowaState,-1.0,15.0,160.5,0.8370923437037201,0.833429779047324,0.8010269128462751,1.1915954191955818,1.0,0.663639724252338,0.6531922615056732,0.5884744807191018,0.027440321194003747,0.0,-1.0,1.205378170924371,1.1800936443520913,-1.0
2020-01-01,2019-20,True,20200101_FresnoState@SanDiegoState,1.0,12.0,112.5,0.8037476917255498,0.7975753795581074,0.764362253629589,1.248753448338845,1.0,20200101_SouthFlorida@SMU,1.0,13.5,113.0,0.8205342785036916,0.8155707144260665,0.7918676669480588,1.205378170924371,1.0,0.6595025323290316,0.6504791221148468,0.605273754484823,-0.0073035010149113955,1.0,0.5052201474941778,1.1681674259978694,1.205378170924371,0.4080835152827422
2020-01-02,2019-20,True,20200102_SaintMarysCA@SanFrancisco,-1.0,12.5,163.0,0.8389480766354308,0.8321333035606056,0.767635466320526,1.2434287391320826,1.0,20200102_Jacksonville@NorthAlabama,1.0,9.5,118.0,0.7920743729875571,0.7827880179805866,0.7242781241581421,1.317863909129458,1.0,0.6645092717701259,0.6513839793898443,0.5559815755838913,0.08891131459369084,1.0,0.6386698588765194,1.130117946229045,1.1569851940726572,0.30752973134280426
2020-01-03,2019-20,True,20200103_Temple@Tulsa,1.0,9.5,123.0,0.7798727409028277,0.7695018621420951,0.7136831307792385,1.3374282771092325,0.0,20200103_Fairfield@Niagara,1.0,14.5,116.0,0.8509134055739521,0.844916000240116,0.8089392153073272,1.179940324239779,1.0,0.6636041698759174,0.6501644355384202,0.5773262717906338,0.04722415467894736,0.0,-1.0,1.1463653117917154,1.1923335504672223,-1.0
2020-01-04,2019-20,True,20200104_SaintMarysCA@Pacific,-1.0,12.5,141.0,0.8354964547091099,0.8309603831555632,0.767635466320526,1.2434287391320826,0.0,20200104_VirginiaTech@Virginia,1.0,9.5,101.0,0.791151246974605,0.7841944320479182,0.7242781241581421,1.317863909129458,1.0,0.661004061985974,0.6516345057229973,0.5559815755838913,0.08316743297136187,0.0,-1.0,1.1691242515096338,1.248753448338845,-1.0
2020-01-05,2019-20,True,20200105_Purdue@Illinois,1.0,8.5,118.0,0.7801786154559289,0.7683371162358931,0.6918562415019779,1.3796218675831247,0.0,20200105_LaSalle@Fordham,1.0,14.5,106.0,0.8526795331879636,0.8462939125308182,0.8089392153073272,1.179940324239779,1.0,0.6652423376301932,0.65023902424192,0.5596696451060866,0.08292902456848505,0.0,-1.0,1.2191067184287112,1.1569851940726572,-1.0
2020-01-06,2019-20,True,20200106_SouthAlabama@UTArlington,-1.0,15.0,158.5,0.8372814229273835,0.8335226705892268,0.8088341163162951,1.1800936443520913,1.0,20200106_NorfolkSt@CoppinState,1.0,12.0,123.5,0.7940247336294672,0.7868251751407194,0.764362253629589,1.248753448338845,1.0,0.664822158812817,0.6558366212701285,0.6182422679600205,-0.020287479803465347,1.0,0.4736460077474285,1.0908065871161226,1.12670571323856,0.22901801374199038
2020-01-07,2019-20,True,20200107_Virginia@BostonCollege,1.0,9.5,100.0,0.7936320776878886,0.7857041435591611,0.7242781241581421,1.317863909129458,1.0,20200107_UtahState@AirForce,-1.0,14.0,164.5,0.8356705719892102,0.8293943666956781,0.7847606137642726,1.2162944766322255,1.0,0.6632149723104231,0.6516585905574206,0.5683849452503796,0.06307430496848943,1.0,0.6029105936271129,1.2647446228620347,1.1214790595357482,0.41838461020020934
2020-01-08,2019-20,True,20200108_Marist@Fairfield,1.0,9.5,99.0,0.7868661510240382,0.7785414461782229,0.7136831307792385,1.3374282771092325,1.0,20200108_Campbell@NCAsheville,-1.0,13.5,157.0,0.8435425240267783,0.8368804912831653,0.7763043337059484,1.2295435675894981,1.0,0.6637550591060534,0.6515461479619371,0.554035307316752,0.09149629933744152,1.0,0.6444263352319617,1.317863909129458,1.2579787095758608,0.657844739803275
2020-01-09,2019-20,True,20200109_Purdue@Michigan,1.0,9.5,116.0,0.7915114073315641,0.7822855887850771,0.7136831307792385,1.3374282771092325,1.0,20200109_SouthernUtah@IdahoState,1.0,13.0,115.5,0.8393609058972987,0.8330479899498223,0.782950323848794,1.2191067184287112,1.0,0.6643637318858675,0.6516814373041218,0.558778438369026,0.08322367102585404,1.0,0.6304677980404014,1.1681674259978694,1.1089868772493687,0.2954823458618101
2020-01-10,2019-20,True,20200110_Manhattan@Fairfield,1.0,13.5,99.0,0.8326717493089218,0.8279143425294416,0.7918676669480588,1.205378170924371,1.0,20200110_Butler@Providence,1.0,11.5,114.0,0.791665589027754,0.7861727318170485,0.754697812306194,1.2647446228620347,1.0,0.6591975708834179,0.6508836803768867,0.5976207958817098,0.00494377010103797,1.0,0.5244955601918728,1.136280750234304,1.1923335504672223,0.3548256612544267
2020-01-11,2019-20,True,20200111_JacksonState@AlcornState,-1.0,8.0,164.5,0.7887738310152708,0.7741844333894651,0.6701928265843948,1.4242169747840527,1.0,20200111_NewOrleansU@IncarnateWord,-1.0,12.0,173.5,0.8508605592845364,0.8407786749991909,0.7587568793766141,1.2579787095758608,1.0,0.6711365430066597,0.6509177621101938,0.5085134176797677,0.20243147331516553,1.0,0.7916346320948788,1.0278013649210107,0.9953892941121378,0.02306247511621673
2020-01-12,2019-20,True,20200112_MichiganState@Purdue,1.0,9.0,121.5,0.7842782801598862,0.7741831967894596,0.7136831307792385,1.3374282771092325,0.0,20200112_Michigan@Minnesota,1.0,15.0,124.5,0.8503202795458107,0.8456697271564138,0.8170917787616353,1.1681674259978694,1.0,0.666887726427262,0.6547032927980224,0.5831446188005808,0.04190546915737414,0.0,-1.0,1.179940324239779,1.1923335504672223,-1.0
2020-01-13,2019-20,True,20200113_JacksonState@Southern,-1.0,10.5,143.0,0.7915311829631297,0.7841193054028306,0.7212242797113249,1.323444075374231,1.0,20200113_Grambling@AlcornState,-1.0,15.0,155.5,0.8348726839941667,0.8306056789394473,0.8010269128462751,1.1915954191955818,0.0,0.660827763185506,0.6512939480336459,0.577720058246941,0.04213192326968618,0.0,-1.0,1.323444075374231,1.2036539077511204,-1.0
2020-01-14,2019-20,True,20200114_TCU@WestVirginia,1.0,8.0,114.5,0.7773676940176811,0.7656758603842729,0.6918562415019779,1.3796218675831247,1.0,20200114_Louisville@Pittsburgh,1.0,14.0,110.5,0.8581702924133582,0.8524359917921293,0.8089392153073272,1.179940324239779,1.0,0.6671138612878513,0.6526896614379596,0.5596696451060866,0.08597562454326169,1.0,0.6278714737643216,1.1681674259978694,1.1089868772493687,0.2954823458618101
2020-01-15,2019-20,True,20200115_Virginia@FloridaState,1.0,13.0,98.5,0.8475318479510214,0.8405941869436109,0.782950323848794,1.2191067184287112,1.0,20200115_NewOrleansU@HoustonBaptist,-1.0,10.0,187.5,0.78505068937093,0.7737089534636652,0.7113617952845381,1.3417926100715163,0.0,0.6653554614977676,0.6503752486677817,0.5569609479916887,0.08838073626426413,0.0,-1.0,1.1463653117917154,1.1486902274853883,-1.0
2020-01-16,2019-20,True,20200116_HighPoint@NCAsheville,-1.0,9.0,156.5,0.7855510469520962,0.7753171176691468,0.701319872045326,1.361005210384672,1.0,20200116_NorthTexas@SouthernMiss,-1.0,14.0,149.5,0.84642852737623,0.8404981937076783,0.7847606137642726,1.2162944766322255,1.0,0.6649128158505185,0.6516526369515614,0.5503682132313712,0.1006854516695519,1.0,0.6553831200585565,1.2434287391320826,1.0775647518852134,0.33987498076980627
2020-01-17,2019-20,True,20200117_Brown@Yale,1.0,10.0,121.5,0.7938425941510132,0.7845088484076493,0.73465007390087,1.2992580194428667,1.0,20200117_Fairfield@Iona,1.0,14.5,113.0,0.8349454825934924,0.8302601559588939,0.8089392153073272,1.179940324239779,1.0,0.6628152878766876,0.6513464388300672,0.5942872543068397,0.016126941396336525,1.0,0.5330469287325492,1.2191067184287112,1.1089868772493687,0.3519733527039819
2020-01-18,2019-20,True,20200118_Purdue@Maryland,1.0,8.0,111.5,0.7919396639647157,0.779436963034836,0.6918562415019779,1.3796218675831247,0.0,20200118_SacramentoState@SouthernUtah,1.0,11.0,106.5,0.8443442605363332,0.8354504220956261,0.754697812306194,1.2647446228620347,1.0,0.66866970995968,0.6511809397643867,0.5221423918919286,0.16674127456497478,0.0,-1.0,1.205378170924371,1.1681674259978694,-1.0
2020-01-19,2019-20,True,20200119_Minnesota@Rutgers,1.0,10.0,120.5,0.7885343730895765,0.7815673329929831,0.73465007390087,1.2992580194428667,0.0,20200119_LoyolaChicago@IllinoisState,-1.0,14.5,145.0,0.838775032341871,0.834022429934109,0.7930020364270376,1.2036539077511204,1.0,0.6614029442908865,0.6518446862199286,0.5825790046646636,0.03433961914347705,0.0,-1.0,1.3374282771092325,1.1586639049729535,-1.0
2020-01-20,2019-20,True,20200120_Yale@Howard,1.0,9.5,125.0,0.791049565406431,0.7817742600791658,0.7242781241581421,1.317863909129458,1.0,20200120_NCState@Virginia,1.0,13.0,103.5,0.8404774287414023,0.8339391361219284,0.782950323848794,1.2191067184287112,1.0,0.6648593047398009,0.6519521510927794,0.5670737918662144,0.06817409245924555,1.0,0.6066167455944467,1.1923335504672223,1.179940324239779,0.4068824361402612
2020-01-21,2019-20,True,20200121_Illinois@Purdue,1.0,7.5,115.0,0.7895969168161213,0.7763431362802562,0.6806425929409767,1.4023512632022006,1.0,20200121_Akron@MiamiOhio,-1.0,14.5,165.0,0.8467378502956967,0.8402794136847902,0.7930020364270376,1.2036539077511204,1.0,0.6685815959449927,0.6523451553717848,0.5397509622811737,0.12852934840288555,1.0,0.6879455779930486,1.2335532568755085,1.0840242671936293,0.3372016653287879
2020-01-22,2019-20,True,20200122_Cincinnati@Temple,1.0,10.5,118.0,0.8010663883896642,0.7918612879408782,0.73465007390087,1.2992580194428667,1.0,20200122_McNeeseState@SELouisiana,-1.0,13.0,161.5,0.8290160708317055,0.8217093808764518,0.767635466320526,1.2434287391320826,1.0,0.6640969097781443,0.6506798486539288,0.5639434520613033,0.07287164236819765,1.0,0.6155347609230906,1.1923335504672223,1.2162944766322255,0.4502287117365733
2020-01-23,2019-20,True,20200123_Jacksonville@Lipscomb,1.0,8.0,119.5,0.7727315932560259,0.7591141402364207,0.6806425929409767,1.4023512632022006,1.0,20200123_Montana@IdahoState,1.0,14.0,113.5,0.8651905738090572,0.8593541635563485,0.8089392153073272,1.179940324239779,1.0,0.668560090569568,0.652347897026666,0.5505984850384182,0.1062602339211638,1.0,0.6546908042008683,1.205378170924371,1.0856503420045769,0.3086192235088947
2020-01-24,2019-20,True,20200124_Wisconsin@Purdue,1.0,9.0,102.5,0.8074409355845797,0.7957266261185789,0.7028729360391662,1.3579979411055492,1.0,20200124_Yale@Brown,1.0,12.5,119.0,0.827432770996171,0.8189140555628309,0.7737809410982968,1.2335532568755085,1.0,0.6681030907464895,0.651631718514094,0.543869681920909,0.11918143287989746,1.0,0.6751627830809852,1.179940324239779,1.1463653117917154,0.35264265769275216
2020-01-25,2019-20,True,20200125_Jacksonville@KennesawSt,1.0,8.0,113.5,0.786828020642991,0.7733361221517533,0.6806425929409767,1.4023512632022006,1.0,20200125_Tennessee@Kansas,1.0,12.0,109.5,0.8513302849070571,0.8420414298485208,0.764362253629589,1.248753448338845,1.0,0.6698505229868533,0.6511810540501727,0.5202575062566519,0.17303619092657785,1.0,0.7511909757060831,1.1463653117917154,1.0930251342888946,0.25300609886527026
2020-01-26,2019-20,True,20200126_Tulsa@Connecticut,1.0,9.0,115.5,0.7855515855098911,0.7746849963262014,0.7028729360391662,1.3579979411055492,1.0,20200126_LoyolaChicago@NorthernIowa,-1.0,14.5,146.0,0.8447197229439535,0.8396542043374305,0.7930020364270376,1.2036539077511204,1.0,0.6635709176700986,0.6504675142024219,0.5573796696285097,0.08464616633283684,1.0,0.6345595285296701,1.2335532568755085,1.1586639049729535,0.4292736336034815
2020-01-27,2019-20,True,20200127_SouthernUtah@IdahoU,1.0,9.5,119.0,0.785110836319213,0.7750182110932834,0.7136831307792385,1.3374282771092325,0.0,20200127_Kansas@OklahomaState,1.0,14.0,118.5,0.8453224530487394,0.8401425032887192,0.8089392153073272,1.179940324239779,0.0,0.6636718180725044,0.6511257399622561,0.5773262717906338,0.047330909320798975,0.0,-1.0,1.1923335504672223,1.1089868772493687,-1.0
2020-01-28,2019-20,True,20200128_Purdue@Rutgers,1.0,9.0,111.5,0.8008868516717718,0.7889854758173,0.7028729360391662,1.3579979411055492,1.0,20200128_FloridaState@Virginia,1.0,12.0,101.5,0.8321393864940188,0.8244700845844547,0.764362253629589,1.248753448338845,1.0,0.6664494934012744,0.6504949219829956,0.537249541406143,0.13016812443672698,1.0,0.6958046117926062,1.3374282771092325,1.205378170924371,0.6121068504044593
2020-01-29,2019-20,True,20200129_Temple@Connecticut,1.0,7.5,120.0,0.7761540000288478,0.7615575933217463,0.6692423582130919,1.4262396698089452,1.0,20200129_Texas@TCU,1.0,15.0,111.5,0.8602909985137491,0.8550989994697193,0.8170917787616353,1.1681674259978694,1.0,0.667718299685258,0.6512071360879927,0.5468324288949667,0.11247659443523972,1.0,0.6660867239367667,1.2992580194428667,1.136280750234304,0.47632187708047646
2020-01-30,2019-20,True,20200130_FlaGulfCoast@Jacksonville,1.0,8.5,111.0,0.7973614504383099,0.7838638498127743,0.6918562415019779,1.3796218675831247,1.0,20200130_WeberState@SouthernUtah,1.0,11.5,120.0,0.8411054520799158,0.832143251633406,0.764362253629589,1.248753448338845,1.0,0.670665063242012,0.6522870128210818,0.528828795942149,0.15542684423147102,1.0,0.7228075645481042,1.2191067184287112,1.1089868772493687,0.3519733527039819
2020-01-31,2019-20,True,20200131_Columbia@Yale,1.0,9.0,119.5,0.7884197646714085,0.7763381314050467,0.7028729360391662,1.3579979411055492,1.0,20200131_Cornell@Brown,1.0,14.5,121.0,0.8435744036398047,0.8375537735581204,0.8089392153073272,1.179940324239779,1.0,0.6650907328005187,0.6502249315153569,0.5685814813402803,0.06571247937392966,1.0,0.602356530945034,1.1923335504672223,1.1681674259978694,0.3928452145801957
2020-02-01,2019-20,True,20200201_Cornell@Yale,1.0,9.5,118.0,0.8073036847884402,0.7955230059273631,0.7136831307792385,1.3374282771092325,1.0,20200201_WichitaState@Tulsa,1.0,11.0,117.5,0.827659553182995,0.8173002489495518,0.7447920052103792,1.2815658510329808,0.0,0.6681726070349858,0.6501811507895296,0.5315454900578904,0.14524945751720586,0.0,-1.0,1.2992580194428667,1.179940324239779,-1.0
2020-02-02,2019-20,True,20200202_Marist@Canisius,1.0,13.5,117.0,0.8251381645933333,0.8197116861143394,0.7918676669480588,1.205378170924371,1.0,20200202_LaSalle@Duquesne,1.0,12.0,121.5,0.8008638347554239,0.7938304502202924,0.764362253629589,1.248753448338845,1.0,0.660823314699269,0.6507120968389811,0.605273754484823,-0.0053154327807748425,1.0,0.5052201474941778,1.205378170924371,1.205378170924371,0.45293653494098196
2020-02-03,2019-20,True,20200203_IdahoU@SacramentoState,1.0,10.5,106.0,0.8068674988764412,0.7989401209182824,0.73465007390087,1.2992580194428667,1.0,20200203_Texas@Kansas,1.0,11.5,117.0,0.8202701327514382,0.8139440437030776,0.764362253629589,1.248753448338845,1.0,0.6618493104161993,0.6502925526968525,0.561538786116013,0.07381935426743125,1.0,0.6224529320611778,1.1681674259978694,1.1463653117917154,0.33914661552897307
2020-02-04,2019-20,True,20200204_Xavier@Depaul,1.0,11.0,125.5,0.7909500856355801,0.7827151680038507,0.7447920052103792,1.2815658510329808,1.0,20200204_AirForce@Nevada,-1.0,15.0,173.5,0.8392664131227803,0.8330068817631658,0.8010269128462751,1.1915954191955818,1.0,0.6638178413305292,0.6520071214076201,0.596598440646257,0.013721534371328614,1.0,0.5271079974883872,1.205378170924371,1.0908065871161226,0.3148344488102872
2020-02-05,2019-20,True,20200205_Temple@MemphisU,1.0,7.5,125.0,0.7625058023710648,0.7483253361366952,0.6692423582130919,1.4262396698089452,1.0,20200205_Clemson@Virginia,1.0,14.5,90.0,0.8757986914259174,0.8694470894847683,0.8089392153073272,1.179940324239779,1.0,0.6678015839212477,0.6506292854917606,0.5413763881033237,0.12382839256264155,1.0,0.6828776984380023,1.248753448338845,1.117615584580775,0.3956263151624768
2020-02-06,2019-20,True,20200206_Connecticut@Tulsa,1.0,9.0,117.5,0.7874752385351095,0.7764494048142517,0.7028729360391662,1.3579979411055492,1.0,20200206_SacramentoState@WeberState,1.0,12.5,108.0,0.8467549688462653,0.839408873449448,0.7737809410982968,1.2335532568755085,1.0,0.666798571073002,0.6517585201856255,0.543869681920909,0.11699615007307429,1.0,0.6751627830809852,1.3374282771092325,1.136280750234304,0.5196940060982513
2020-02-07,2019-20,True,20200207_Dartmouth@Brown,1.0,10.0,117.5,0.781439829922096,0.7739958272886942,0.73465007390087,1.2992580194428667,1.0,20200207_Maryland@Illinois,1.0,14.5,117.0,0.8472016707040949,0.842236066366837,0.8089392153073272,1.179940324239779,1.0,0.6620371294647236,0.6518872009599755,0.5942872543068397,0.014933988032807655,1.0,0.5330469287325492,1.2335532568755085,1.1923335504672223,0.4708069344607806
2020-02-08,2019-20,True,20200208_Virginia@Louisville,1.0,10.0,101.5,0.8130776400774582,0.80336198991171,0.7242781241581421,1.317863909129458,1.0,20200208_Kansas@TCU,1.0,10.5,117.0,0.8188396155291661,0.8098248652805751,0.7447920052103792,1.2815658510329808,0.0,0.6657801821963876,0.6505825152517853,0.5394365564217547,0.12445571183066795,0.0,-1.0,1.205378170924371,1.179940324239779,-1.0
2020-02-09,2019-20,True,20200209_Tulsa@CentralFlorida,1.0,9.5,116.0,0.779641602226814,0.7708234344019407,0.7136831307792385,1.3374282771092325,1.0,20200209_Iona@Fairfield,1.0,14.5,112.0,0.8491918891177731,0.8433747046777128,0.8089392153073272,1.179940324239779,1.0,0.6620653250297956,0.6500929863473971,0.5773262717906338,0.04479572585598901,1.0,0.5780855549397168,1.2647446228620347,1.117615584580775,0.4134983010253446
2020-02-10,2019-20,True,20200210_Southern@JacksonState,-1.0,15.0,145.5,0.8538049119518102,0.8493920530227177,0.8010269128462751,1.1915954191955818,1.0,20200210_AlabamaState@ArkPineBluff,1.0,9.5,107.0,0.7726833264870885,0.7652550378735473,0.7136831307792385,1.3374282771092325,0.0,0.6597208195379404,0.65000154770539,0.5716793949985579,0.051379527135401615,0.0,-1.0,1.1800936443520913,1.1681674259978694,-1.0
2020-02-11,2019-20,True,20200211_NotreDame@Virginia,1.0,13.5,107.0,0.8461055567152477,0.8402614648020419,0.7918676669480588,1.205378170924371,0.0,20200211_NoIllinois@BallState,1.0,10.0,110.5,0.7825447954250462,0.7744879596916001,0.7242781241581421,1.317863909129458,1.0,0.6621154997877283,0.6507723874820087,0.5735324283986244,0.05178661929332584,0.0,-1.0,1.2815658510329808,1.179940324239779,-1.0
2020-02-12,2019-20,True,20200212_Kansas@WestVirginia,1.0,9.5,123.0,0.7834310974707717,0.7733435739294162,0.7136831307792385,1.3374282771092325,0.0,20200212_Xavier@Butler,1.0,14.0,114.5,0.8494000659657768,0.8431438635412732,0.8005310255892524,1.1923335504672223,1.0,0.6654464258713143,0.6520398887676643,0.5713254886284523,0.06116120083425303,0.0,-1.0,1.2647446228620347,1.1569851940726572,-1.0
2020-02-13,2019-20,True,20200213_SouthernUtah@SacramentoState,1.0,8.0,109.5,0.774772006299879,0.7631238352503634,0.6806425929409767,1.4023512632022006,1.0,20200213_CalSantaBarb@UCDavis,-1.0,15.0,154.5,0.859253564051309,0.853789437155193,0.8010269128462751,1.1915954191955818,0.0,0.6657256077403543,0.6515470697781199,0.5452130349751945,0.11245101816577319,0.0,-1.0,1.205378170924371,1.1586639049729535,-1.0
2020-02-14,2019-20,True,20200214_Fairfield@Marist,1.0,13.5,100.0,0.8502386989425463,0.8445081723798055,0.8005310255892524,1.1923335504672223,1.0,20200214_Columbia@Dartmouth,1.0,10.0,117.5,0.7800841952006872,0.7719664936934483,0.7242781241581421,1.317863909129458,1.0,0.6632577711930756,0.6519320127275007,0.5798071095441774,0.042199058046004545,1.0,0.5713333538049394,1.1089868772493687,1.1681674259978694,0.2954823458618101
2020-02-15,2019-20,True,20200215_Virginia@NorthCarolina,1.0,7.5,106.0,0.7850914704624459,0.7707240372652585,0.6692423582130919,1.4262396698089452,1.0,20200215_Illinois@Rutgers,1.0,13.0,115.5,0.8541609010305796,0.8471850676752405,0.7918676669480588,1.205378170924371,1.0,0.6705944378016254,0.6529458956695026,0.5299513848210181,0.15285790281098532,1.0,0.7191581644940852,1.2647446228620347,1.205378170924371,0.5244955601918728
2020-02-16,2019-20,True,20200216_Duquesne@Fordham,1.0,10.0,109.5,0.7937436749447156,0.7849561735517359,0.73465007390087,1.2992580194428667,1.0,20200216_Fairfield@St.Peter's,1.0,13.0,103.5,0.8341222313053895,0.8282949457257535,0.782950323848794,1.2191067184287112,1.0,0.6620792452294261,0.6501752311691301,0.5751945132762266,0.0486899467020967,1.0,0.5839341804751799,1.2647446228620347,1.117615584580775,0.4134983010253446
2020-02-17,2019-20,True,20200217_Xavier@St.Johns,1.0,10.5,128.0,0.7877418920372149,0.7784949894931259,0.73465007390087,1.2992580194428667,1.0,20200217_FloridaA&M@MDEasternShore,1.0,14.0,112.5,0.8412383977831813,0.8357682415682779,0.8005310255892524,1.1923335504672223,1.0,0.6626787271240785,0.6506413884383848,0.5881101771090835,0.026588039265697416,1.0,0.5491489272953247,1.1923335504672223,1.1007971847385416,0.3125174156236281
2020-02-18,2019-20,True,20200218_Purdue@Wisconsin,1.0,9.5,112.0,0.7791686182843293,0.7721410694206717,0.7242781241581421,1.317863909129458,1.0,20200218_Illinois@PennState,1.0,14.0,123.5,0.847843797383347,0.8422611728719853,0.8089392153073272,1.179940324239779,0.0,0.6606132801281214,0.650344442752884,0.5858969774207503,0.0272541581101724,0.0,-1.0,1.317863909129458,1.0856503420045769,-1.0
2020-02-19,2019-20,True,20200219_TCU@Texas,1.0,9.5,109.0,0.7904987313691806,0.7822960860154311,0.7242781241581421,1.317863909129458,1.0,20200219_BostonCollege@Virginia,1.0,13.0,99.5,0.8372048279763156,0.8320330811912461,0.782950323848794,1.2191067184287112,1.0,0.6618093544114305,0.6508962228512712,0.5670737918662144,0.06327399118845434,1.0,0.6066167455944467,1.1681674259978694,1.2335532568755085,0.4409967329155513
2020-02-20,2019-20,True,20200220_LoyolaMarymount@SaintMarysCA,-1.0,13.5,142.0,0.8418553613242447,0.83677928965126,0.7763043337059484,1.2295435675894981,1.0,20200220_OregonState@Arizona,-1.0,10.5,152.0,0.7884537350794912,0.7812794645981183,0.7212242797113249,1.323444075374231,0.0,0.6637640040327953,0.6537584754055301,0.5598895339138527,0.08009812733561028,0.0,-1.0,1.1691242515096338,1.1691242515096338,-1.0
2020-02-21,2019-20,True,20200221_CentralConn@Wagner,-1.0,11.5,158.0,0.7840973014818409,0.7784595910002066,0.740385084661744,1.2891939880664636,1.0,20200221_Princeton@Harvard,-1.0,15.0,159.5,0.8405909091523909,0.8363689987581943,0.8088341163162951,1.1800936443520913,1.0,0.659105063516557,0.6510794686985562,0.5988487156861471,0.0027424277035756894,1.0,0.5213696316541594,1.1691242515096338,1.130117946229045,0.32124829800263677
2020-02-22,2019-20,True,20200222_UCDavis@CalSantaBarb,-1.0,10.5,156.0,0.8138684618245806,0.8039246488775618,0.7212242797113249,1.323444075374231,1.0,20200222_Kansas@Baylor,1.0,11.0,116.5,0.8169936449684664,0.8089291537328986,0.7447920052103792,1.2815658510329808,1.0,0.6649253611509433,0.6503180858815437,0.5371620774926091,0.1277670937659694,1.0,0.6960807327515326,1.1800936443520913,1.1681674259978694,0.3785469549592275
2020-02-23,2019-20,True,20200223_SouthFlorida@Connecticut,1.0,13.0,108.5,0.8420807631989253,0.8356769625755278,0.7918676669480588,1.205378170924371,1.0,20200223_Stanford@WashingtonState,1.0,10.5,122.0,0.7883158096338116,0.7800146612198695,0.73465007390087,1.2992580194428667,1.0,0.6638255786182189,0.6518402828525999,0.5817456400431009,0.039615416495922595,1.0,0.5660972550348633,1.1923335504672223,1.1923335504672223,0.4216592955697722
2020-02-24,2019-20,True,20200224_MDEasternShore@N.CarolinaA&T,1.0,9.5,120.0,0.7795826961399341,0.7692495705520483,0.7136831307792385,1.3374282771092325,1.0,20200224_WestVirginia@Texas,1.0,14.0,109.5,0.8537425134968931,0.8478789381861531,0.8089392153073272,1.179940324239779,1.0,0.665562890481192,0.652230509079825,0.5773262717906338,0.050315183372293903,1.0,0.5780855549397168,1.1463653117917154,1.1089868772493687,0.2713040873108934
2020-02-25,2019-20,True,20200225_NoIllinois@EasternMichigan,1.0,14.0,100.5,0.8454638406591336,0.8395877140619991,0.8005310255892524,1.1923335504672223,1.0,20200225_WesternMichigan@BallState,1.0,10.5,118.0,0.7826177920935207,0.7751459685072708,0.73465007390087,1.2992580194428667,1.0,0.6616750442715593,0.6508030317633938,0.5881101771090835,0.02503318505137253,1.0,0.5491489272953247,1.0720156839610748,1.248753448338845,0.33868328201971765
2020-02-26,2019-20,True,20200226_TexasA&MCorpus@NewOrleansU,-1.0,14.0,151.5,0.8471198171213108,0.841337618403462,0.7847606137642726,1.2162944766322255,0.0,20200226_Virginia@VirginiaTech,1.0,9.5,104.0,0.781100696636062,0.7733261897123974,0.7136831307792385,1.3374282771092325,1.0,0.6616858792876693,0.6506284147016522,0.5600704117435229,0.07636880439267113,0.0,-1.0,1.1586639049729535,1.2992580194428667,-1.0
2020-02-27,2019-20,True,20200227_Jacksonville@FlaGulfCoast,1.0,9.0,111.5,0.7969794689932221,0.7863874099677494,0.7136831307792385,1.3374282771092325,1.0,20200227_Temple@WichitaState,1.0,12.0,122.5,0.8361215193702566,0.8275194631561309,0.7737809410982968,1.2335532568755085,1.0,0.6663716845215132,0.6507508873292521,0.552234404580338,0.09937267974330766,1.0,0.6497890070654939,1.2647446228620347,1.1681674259978694,0.47743347063338915
2020-02-28,2019-20,True,20200228_Dartmouth@Cornell,1.0,13.0,111.5,0.8328038177072598,0.8270776065117401,0.7918676669480588,1.205378170924371,1.0,20200228_Pennsylvania@Yale,1.0,11.5,127.0,0.7930191251440737,0.7863390338786902,0.754697812306194,1.2647446228620347,1.0,0.6604293549348558,0.6503634060471412,0.5976207958817098,0.0068216194185701795,1.0,0.5244955601918728,1.1923335504672223,1.1923335504672223,0.4216592955697722
2020-02-29,2019-20,True,20200229_Duke@Virginia,1.0,8.5,115.0,0.7781711190051103,0.7679491671050455,0.6918562415019779,1.3796218675831247,0.0,20200229_Pacific@SanDiego,1.0,13.5,114.0,0.8529527470249539,0.8465647955733822,0.7918676669480588,1.205378170924371,1.0,0.6637431936108912,0.6501187296610319,0.5478585878216239,0.1037824190058354,0.0,-1.0,1.3579979411055492,1.136280750234304,-1.0
2020-03-01,2019-20,True,20200301_SouthFlorida@Temple,1.0,9.0,116.5,0.7792950464749294,0.7681212437808876,0.7028729360391662,1.3579979411055492,1.0,20200301_Minnesota@Wisconsin,1.0,14.5,114.0,0.8554671622508289,0.8500168059561322,0.8089392153073272,1.179940324239779,1.0,0.6666613219640357,0.6529159662256817,0.5685814813402803,0.06822912317752272,1.0,0.602356530945034,1.2191067184287112,1.1569851940726572,0.4104884232165227
2020-03-02,2019-20,True,20200302_ArkPineBluff@JacksonState,1.0,14.5,101.0,0.859080652722358,0.8544828436087771,0.8170917787616353,1.1681674259978694,1.0,20200302_AlabamaState@TexasSouthern,1.0,10.0,130.5,0.771758394493665,0.7632005815472286,0.7242781241581421,1.317863909129458,1.0,0.6630027052855768,0.6521418031643483,0.5918017007865168,0.02068317757860827,1.0,0.539485690543249,1.1089868772493687,1.2191067184287112,0.3519733527039819
2020-03-03,2019-20,True,20200303_Maine@Hartford,1.0,10.5,116.0,0.7932958697480579,0.7847412452420374,0.73465007390087,1.2992580194428667,1.0,20200303_Campbell@NCAsheville,-1.0,14.0,154.5,0.8346664233569544,0.8293446330133888,0.7847606137642726,1.2162944766322255,1.0,0.6621374262664559,0.6508209400457272,0.576524442896415,0.046362765561570596,1.0,0.5802803527684832,1.1923335504672223,1.2036539077511204,0.43515693736263983
2020-03-04,2019-20,True,20200304_Virginia@MiamiFlorida,1.0,13.0,105.5,0.8525329326179256,0.8454831322070966,0.782950323848794,1.2191067184287112,0.0,20200304_Tulsa@Temple,1.0,9.0,118.5,0.7807091593493857,0.7693231152403324,0.7028729360391662,1.3579979411055492,0.0,0.6655802691418071,0.6504497171527174,0.5503145928964179,0.1018976963895093,0.0,-1.0,1.205378170924371,1.2647446228620347,-1.0
2020-03-05,2019-20,True,20200305_AirForce@SanDiegoState,-1.0,8.0,152.5,0.7728454023171502,0.761164828340043,0.680727255347238,1.40217685203909,1.0,20200305_Stetson@Liberty,-1.0,14.5,138.0,0.862162821178374,0.8575325726583426,0.8010269128462751,1.1915954191955818,1.0,0.6663185723964896,0.6527236334634827,0.5452808518411161,0.11330340371056868,1.0,0.6708275137918607,1.2434287391320826,1.1132462094668412,0.3842423305809246
2020-03-06,2019-20,True,20200306_LoyolaMarymount@SanFrancisco,-1.0,12.0,141.5,0.819486508079798,0.8132123863173613,0.7496720519205387,1.273223401559022,1.0,20200306_Valparaiso@LoyolaChicago,-1.0,11.5,144.0,0.8095270290749227,0.8030291372295715,0.740385084661744,1.2891939880664636,0.0,0.6633964782528214,0.6530332409688316,0.5550460056297314,0.08892017807639285,0.0,-1.0,1.2891939880664636,1.1486902274853883,-1.0
2020-03-07,2019-20,True,20200307_Pepperdine@SaintMarysCA,-1.0,12.0,159.5,0.8263438714958324,0.8193852460685944,0.7496720519205387,1.273223401559022,0.0,20200307_Louisville@Virginia,1.0,9.5,102.0,0.8023208464284637,0.7937928019143834,0.7242781241581421,1.317863909129458,1.0,0.6629929144195099,0.650422110324096,0.542971067498793,0.1124591280174505,0.0,-1.0,1.1915954191955818,1.205378170924371,-1.0
2020-03-08,2019-20,True,20200308_Elon@William&Mary,-1.0,14.0,155.5,0.8327973022893607,0.8273812854178986,0.7847606137642726,1.2162944766322255,1.0,20200308_Nebraska@Minnesota,1.0,11.0,132.5,0.7949753841657878,0.7870941732224899,0.7447920052103792,1.2815658510329808,1.0,0.6620533553197162,0.6512269887857618,0.5844834311356205,0.03198325874273511,1.0,0.558761466051892,1.130117946229045,1.1923335504672223,0.3474775432740027
2020-03-09,2019-20,True,20200309_SaintMarysCA@BYU,-1.0,12.5,160.0,0.8281788487010561,0.8217472863007681,0.7587568793766141,1.2579787095758608,1.0,20200309_Elon@Northeastern,-1.0,11.5,150.0,0.8040598734534853,0.796900427815077,0.740385084661744,1.2891939880664636,1.0,0.6659053802834243,0.6548507640089606,0.5617722763749351,0.07995108837705067,1.0,0.6217785895008074,1.273223401559022,1.130117946229045,0.43889261566064053
2020-03-10,2019-20,True,20200310_SaintMarysCA@Gonzaga,-1.0,12.0,158.5,0.8206318786587543,0.8153724213785148,0.7587568793766141,1.2579787095758608,1.0,20200310_NorthDakota@NorthDakotaState,-1.0,12.5,155.0,0.8096650523244888,0.8041299829921126,0.7587568793766141,1.2579787095758608,1.0,0.6644369529733839,0.6556654113353428,0.5757120020013377,0.051478410646878636,1.0,0.582510433746148,1.1915954191955818,1.130117946229045,0.3466433678772487
2020-03-11,2019-20,True,20200311_UtahU@OregonState,-1.0,9.5,147.0,0.7807272128219125,0.7733897266738039,0.7113617952845381,1.3417926100715163,1.0,20200311_IdahoState@NorthernArizona,-1.0,14.0,158.5,0.8467912667306425,0.8423152477661197,0.7930020364270376,1.2036539077511204,1.0,0.6611129855165512,0.6514379592430167,0.5641113522970321,0.06773311783248714,1.0,0.6150539185041559,1.2162944766322255,1.1391817639238162,0.3855804873406934
2020-12-01,2020-21,True,20201201_WesternKentucky@Louisville,-1.0,13.0,155.5,0.797485536283674,0.7936270286480316,0.7669885619408275,1.2444774894487134,1.0,20201201_NichollsState@SaintMarysCA,1.0,15.0,125.5,0.8273885507030544,0.824189473869441,0.8195575629620887,1.1646527872309482,0.0,0.6598304020723972,0.6540990431899889,0.6285912766440216,-0.04365225590914701,0.0,-1.0,1.2303327309636574,1.2607562709042672,-1.0
2020-12-06,2020-21,True,20201206_Troy@UAB,-1.0,9.0,147.5,0.7773593431710649,0.7694387296998962,0.6892657179186855,1.3848070130083052,1.0,20201206_MissValleySt@WesternKentucky,1.0,15.0,143.5,0.8517943275222533,0.847171793847712,0.8195575629620887,1.1646527872309482,1.0,0.6621502789595377,0.6518467888957659,0.5648929320107524,0.06792878084329246,1.0,0.6128193474770867,1.557562617428066,1.114370764047278,0.735702244034792
2020-12-07,2020-21,True,20201207_MoreheadState@EasternKentucky,-1.0,15.0,159.5,0.8166164074127866,0.8135343725776327,0.8009614997932467,1.1916927346025825,1.0,20201207_Fairfield@Hartford,1.0,13.5,118.0,0.808919757190577,0.8057189697015059,0.7943032964561033,1.201682032869103,1.0,0.6605771460021926,0.6554800764900113,0.6362063596202003,-0.054029912697221016,1.0,0.4320357478725716,1.2444774894487134,1.1535268119497377,0.4355381509469878
2020-12-08,2020-21,True,20201208_CoppinState@Georgetown,1.0,9.0,138.5,0.7947851842176197,0.7851870636426282,0.7052141688826521,1.353489538521778,0.0,20201208_WiscGreenBay@Marquette,1.0,12.0,141.5,0.8369735898550303,0.8291219976801976,0.7667617746830949,1.2448455720089826,1.0,0.6652142087982127,0.6510158667600243,0.5407312676641262,0.12080974738414874,0.0,-1.0,1.2153441864632128,1.8172145075491695,-1.0
2020-12-09,2020-21,True,20201209_EasternIllinois@Evansville,1.0,9.5,122.0,0.7906635674271655,0.7820872438495815,0.7160306169593703,1.3330435562284917,1.0,20201209_CentralConnecticut@FairleighDickinson,-1.0,13.5,168.0,0.8380478483686229,0.832011881667525,0.7758063944640312,1.2303327309636574,1.0,0.6626139014657956,0.6507058793834588,0.5555011312691048,0.08674452468300986,1.0,0.6400871190281059,1.2950885759864514,1.2748367600376034,0.6510265241722812
2020-12-10,2020-21,True,20201210_NewOrleans@Jacksonville,-1.0,11.5,154.0,0.8016704954356559,0.7957421230789085,0.7392846765469119,1.2911129234523386,1.0,20201210_NCGreensboro@CoppinState,1.0,12.5,129.0,0.8224545844438766,0.8170196613359069,0.7761927116215307,1.229720384781726,1.0,0.6593375741844492,0.6501369599086453,0.5738273777491938,0.04683546278820527,1.0,0.5877078810244689,1.216838775245361,1.1234086629488504,0.3670072215227078
2020-12-11,2020-21,True,20201211_NorthTexas@WestVirginia,-1.0,13.5,153.0,0.8321564201053615,0.8281143134939959,0.7758063944640312,1.2303327309636574,1.0,20201211_SouthCarolinaState@CollOfCharleston,1.0,10.5,128.0,0.7915725708979057,0.7857524336815759,0.7370152263701116,1.2950885759864514,1.0,0.6587121968519987,0.6506928371944547,0.571781125435288,0.04958533810840238,1.0,0.5933898645332449,1.216838775245361,1.3135917111448299,0.5984293289619329
2020-12-12,2020-21,True,20201212_LaSalle@Drexel,1.0,11.5,122.0,0.7941713745535061,0.7889626835745414,0.7570852686026243,1.2607562709042672,0.0,20201212_TexasAM@TCU,-1.0,15.0,144.5,0.8299579142316178,0.8261240075655761,0.8009614997932467,1.1916927346025825,1.0,0.6591288175668848,0.6517810139742917,0.6063961522113309,-0.009702396011270098,0.0,-1.0,1.2448455720089826,1.216838775245361,-1.0
2020-12-13,2020-21,True,20201213_Oakland@MichiganState,-1.0,12.5,161.0,0.8140518514326787,0.8100276888009648,0.7669885619408275,1.2444774894487134,0.0,20201213_Jacksonville@SouthCarolinaState,-1.0,12.5,156.0,0.8116237815728007,0.8075720078931922,0.7669885619408275,1.2444774894487134,1.0,0.6607038420561304,0.6541556870940769,0.5882714541480586,0.023248043592029477,0.0,-1.0,1.2593020933211017,1.2593020933211017,-1.0
2020-12-14,2020-21,True,20201214_Rutgers@Maryland,-1.0,11.0,150.5,0.7744794955624714,0.7697541027752635,0.7296489796776385,1.3081632765685514,1.0,20201214_Longwood@Radford,-1.0,15.0,144.5,0.8485867045602953,0.8447407228718057,0.8089064758600895,1.1799880808039085,1.0,0.6572130028888774,0.6502426372119142,0.5902177847659487,0.014485212577357354,1.0,0.5436170740962776,1.1688290168885092,1.1204187564099484,0.30957795355808604
2020-12-15,2020-21,True,20201215_E.Washington@SaintMarysCA,1.0,9.0,128.5,0.7716802602420468,0.7643125568016483,0.7052141688826521,1.353489538521778,1.0,20201215_TexasA&MCorpus@TexasState,-1.0,15.0,149.5,0.8558989726762721,0.8517386277046448,0.8009614997932467,1.1916927346025825,1.0,0.6604803419757262,0.6509945282676644,0.564849398383697,0.06531757315451947,1.0,0.6129436494170051,1.3975557029969448,1.1041123704118323,0.5430585400185313
2020-12-16,2020-21,True,20201216_MemphisU@Tulane,1.0,10.0,124.5,0.7874958823936485,0.7804254947069548,0.7266336959207272,1.3135917111448299,1.0,20201216_OhioState@Purdue,-1.0,14.0,151.5,0.839494511173056,0.8345694139754016,0.7927953455959101,1.2039677141173721,1.0,0.6610984708408504,0.6513192477690462,0.5760718120791064,0.04554178224724903,1.0,0.5815220097505682,1.201682032869103,1.1120665068518931,0.33635034063942504
2020-12-17,2020-21,True,20201217_CalIrvine@LoyolaMarymount,-1.0,11.0,153.5,0.7801696117375734,0.7758174784945268,0.7392846765469119,1.2911129234523386,1.0,20201217_JacksonState@Bradley,1.0,15.0,117.5,0.8468554992893239,0.8435415306564388,0.8195575629620887,1.1646527872309482,1.0,0.6606909260783806,0.6544342633192919,0.6058863478460031,-0.006520200801826803,1.0,0.5036982649286641,1.2748367600376034,1.1329308610806934,0.4443019082867232
2020-12-18,2020-21,True,20201218_LoyolaChicago@Richmond,-1.0,8.5,152.0,0.7788755190189454,0.7699094407575042,0.6892657179186855,1.3848070130083052,1.0,20201218_IdahoU@UtahU,-1.0,13.5,153.0,0.8520132172990601,0.847077716472137,0.7758063944640312,1.2303327309636574,1.0,0.6636122368348069,0.6521731309672067,0.5347367514461574,0.13064487316620021,1.0,0.7037733941721331,1.2444774894487134,1.1480536011516536,0.4287268633137644
2020-12-19,2020-21,True,20201219_Campbell@NCState,-1.0,13.0,157.5,0.8494062151403271,0.8426602689823501,0.7669885619408275,1.2444774894487134,1.0,20201219_CoppinState@VirginiaTech,1.0,8.5,129.0,0.7814781646809166,0.772446742875837,0.6941933870565803,1.3749770853438041,1.0,0.6637924100764266,0.6509101801262931,0.5324383876473588,0.1358337997916379,1.0,0.7111280312181667,1.158191791153569,1.353489538521778,0.5676004729281556
2020-12-20,2020-21,True,20201220_ChicagoSt@Drake,-1.0,9.5,150.0,0.7922717889357436,0.7849556135294661,0.6996229905760754,1.364306223290428,0.0,20201220_Colorado@WashingtonU,1.0,12.5,119.0,0.8347155787065522,0.8300050281293843,0.7853742261915956,1.2153441864632128,1.0,0.6613216047943746,0.6515171060878425,0.5494658648495352,0.09653843551391961,0.0,-1.0,1.2911129234523386,1.1646527872309482,-1.0
2020-12-21,2020-21,True,20201221_SoIllinois@Butler,-1.0,7.5,143.0,0.7796574833214426,0.7690516567522794,0.668078564864443,1.428724180356952,0.0,20201221_ArkPineBluff@Baylor,-1.0,12.0,155.5,0.8522031593014439,0.8463527105081805,0.7579595119092826,1.2593020933211017,1.0,0.6644265704595461,0.6508889542130986,0.5063765029417071,0.1954331967194507,0.0,-1.0,1.216838775245361,1.2444774894487134,-1.0
2020-12-22,2020-21,True,20201222_IdahoState@No.Colorado,-1.0,9.0,143.5,0.7853772485205969,0.7780048654237434,0.6996229905760754,1.364306223290428,1.0,20201222_TennMartin@Mississippi,-1.0,13.0,158.5,0.8416227221235993,0.836002717726988,0.7758063944640312,1.2303327309636574,1.0,0.6609913377938473,0.650414181899069,0.5427719898029679,0.109507407687496,1.0,0.6785506015716256,1.428724180356952,1.0824644503198313,0.5465431345487395
2020-12-23,2020-21,True,20201223_IdahoState@No.Colorado,-1.0,9.5,145.0,0.7881358063741789,0.7803699608935967,0.6996229905760754,1.364306223290428,1.0,20201223_Providence@Butler,-1.0,13.0,152.5,0.8390080403563944,0.8332784981651271,0.7758063944640312,1.2303327309636574,1.0,0.6612522784407066,0.6502655090265952,0.5427719898029679,0.10994540976725609,1.0,0.6785506015716256,1.2748367600376034,1.1041123704118323,0.4075630370132586
2020-12-25,2020-21,True,20201225_Maryland@Purdue,-1.0,11.0,146.5,0.7867034061420698,0.7806801207718844,0.7296489796776385,1.3081632765685514,1.0,20201225_Wisconsin@MichiganState,-1.0,14.5,155.0,0.836969106243237,0.832652531636705,0.7927953455959101,1.2039677141173721,0.0,0.6584464467172384,0.6500352789591582,0.5784623150072367,0.037044165642460714,0.0,-1.0,1.2748367600376034,1.129187662827401,-1.0
2020-12-26,2020-21,True,20201226_IndianaU@Illinois,-1.0,12.0,157.5,0.7975274110379369,0.7929566423863175,0.748723311031481,1.2748367600376034,1.0,20201226_Kentucky@Louisville,-1.0,14.0,147.5,0.8240893773063733,0.8206485713986666,0.7844095860665982,1.216838775245361,1.0,0.6572338675470175,0.6507387357554149,0.5873057424846169,0.019547708628461224,1.0,0.5512708017219217,1.3260218155024666,1.138392559853659,0.5095333689716492
2020-12-27,2020-21,True,20201227_Drake@IndianaState,-1.0,9.0,152.5,0.771858161361029,0.7646996490100563,0.6996229905760754,1.364306223290428,1.0,20201227_WiscGreenBay@WrightState,1.0,14.0,129.5,0.8549469288692296,0.8502957283448992,0.8029777080197978,1.1887004962489771,1.0,0.6598977645782621,0.6502208450200946,0.5617816654507336,0.07019017942920525,1.0,0.6217514846608996,1.4522245815713222,1.2774906471524452,0.8552033205222374
2020-12-28,2020-21,True,20201228_IllinoisState@LoyolaChicago,-1.0,10.0,152.5,0.7880092272384533,0.7810404786128099,0.7098111447814596,1.3447238846804477,1.0,20201228_NorthernArizona@Gonzaga,-1.0,13.5,171.0,0.8385018039231906,0.8334608246152818,0.7758063944640312,1.2303327309636574,1.0,0.6607471585475626,0.6509666413625469,0.5506760249832906,0.09317829651832721,1.0,0.6544578094309534,1.2039677141173721,1.1688290168885092,0.4072323996573137
2020-12-29,2020-21,True,20201229_Wofford@Mercer,-1.0,9.5,155.0,0.777057634316585,0.7681979298225325,0.6996229905760754,1.364306223290428,1.0,20201229_DixieState@Gonzaga,-1.0,14.0,180.5,0.8535450257788091,0.8480139486522992,0.7927953455959101,1.2039677141173721,1.0,0.66325367851437,0.6514425598153276,0.5546578506006038,0.08944765506010643,1.0,0.6425806450110816,1.2911129234523386,1.1916927346025825,0.5386098904296521
2020-12-30,2020-21,True,20201230_Radford@Presbyterian,-1.0,14.5,144.0,0.8541810957693937,0.8489947062742044,0.7927953455959101,1.2039677141173721,1.0,20201230_Arkansas@Auburn,1.0,8.5,136.0,0.7750459753338486,0.7657590185153581,0.7052141688826521,1.353489538521778,1.0,0.6620296204823253,0.6501253530012695,0.5590905107384547,0.07881546950882923,1.0,0.6295577057758419,1.1480536011516536,1.2153441864632128,0.39528026990781817
2020-12-31,2020-21,True,20201231_Radford@Presbyterian,-1.0,9.5,139.0,0.7873773879250803,0.779269134607587,0.6996229905760754,1.364306223290428,1.0,20201231_Campbell@Winthrop,-1.0,14.0,166.5,0.8415323379405586,0.835576437355622,0.7844095860665982,1.216838775245361,0.0,0.6626035341021229,0.6511389272366062,0.5487909804404548,0.10001510407623271,0.0,-1.0,1.2748367600376034,1.1480536011516536,-1.0
2021-01-01,2020-21,True,20210101_TexasState@ULLafayette,-1.0,14.5,152.0,0.853382068491427,0.848888304053979,0.7927953455959101,1.2039677141173721,0.0,20210101_Troy@AppalachianSt,1.0,8.5,119.0,0.7752228320172537,0.7672479321703194,0.7052141688826521,1.353489538521778,1.0,0.661561263928666,0.6513077959289847,0.5590905107384547,0.07805225547776318,0.0,-1.0,1.1688290168885092,1.2950885759864514,-1.0
2021-01-02,2020-21,True,20210102_NewOrleansU@StephenF.Austin,-1.0,6.0,153.5,0.7558594716049365,0.7426223068131822,0.6352612879995687,1.502531348959907,1.0,20210102_UTEP@SouthernMiss,1.0,14.5,113.0,0.8801987437096134,0.8755604584450483,0.8195575629620887,1.1646527872309482,1.0,0.6653065573276773,0.6502107274048691,0.5206331930370841,0.1642381231501533,1.0,0.7499273234680321,1.3081632765685514,1.1646527872309482,0.5235560062087332
2021-01-03,2020-21,True,20210103_SoIllinois@Drake,-1.0,10.0,151.5,0.7842272622549185,0.777136816113888,0.7098111447814596,1.3447238846804477,1.0,20210103_Duquesne@GeoWashington,-1.0,14.0,156.5,0.8443368093511042,0.8389193894942218,0.7844095860665982,1.216838775245361,1.0,0.6621519444184695,0.6519551433277463,0.5567826662634828,0.08348728164939079,1.0,0.6363121648777401,1.2444774894487134,1.1799880808039085,0.46846860437825355
2021-01-04,2020-21,True,20210104_SoIllinois@Drake,-1.0,10.0,150.5,0.8013310876973493,0.7941100164440063,0.7198222448838923,1.3260218155024666,1.0,20210104_Winthrop@CharlestonSou,-1.0,12.5,164.0,0.8260112370609242,0.820238254925297,0.7669885619408275,1.2444774894487134,1.0,0.6619084830442634,0.6513594141067306,0.5520954284565148,0.09228422486703503,1.0,0.6502042999107347,1.216838775245361,1.2748367600376034,0.5512708017219217
2021-01-05,2020-21,True,20210105_NCState@Clemson,-1.0,15.0,150.5,0.8587114874478331,0.8546640445292776,0.8089064758600895,1.1799880808039085,1.0,20210105_Davidson@Duquesne,-1.0,10.0,147.5,0.7677114060847996,0.7613174052628342,0.7098111447814596,1.3447238846804477,1.0,0.6592426034497457,0.650670612752469,0.5741708316513862,0.04605857773750732,1.0,0.5867581558952579,1.2039677141173721,1.364306223290428,0.6425806450110816
2021-01-06,2020-21,True,20210106_Oklahoma@Baylor,-1.0,15.0,165.5,0.8516275704367471,0.847644200456559,0.8089064758600895,1.1799880808039085,1.0,20210106_Arkansas@Tennessee,1.0,10.0,130.5,0.776042251005862,0.7697134750698738,0.7266336959207272,1.3135917111448299,1.0,0.6608989767803864,0.6524431631562426,0.5877787022084273,0.024408325340335768,1.0,0.5500225621937098,1.1688290168885092,1.1887004962489771,0.38938763240557495
2021-01-07,2020-21,True,20210107_MontanaState@No.Colorado,-1.0,13.5,149.0,0.8375960087991401,0.8334003040440604,0.7844095860665982,1.216838775245361,1.0,20210107_WashingtonU@Stanford,1.0,10.0,123.5,0.787136069045952,0.7817818537387914,0.7370152263701116,1.2950885759864514,1.0,0.6593020298147337,0.6515372346020379,0.5781218086417594,0.039003296796627174,1.0,0.5759139966376123,1.2593020933211017,1.201682032869103,0.5132806994984183
2021-01-08,2020-21,True,20210108_Purdue@MichiganState,-1.0,11.0,154.5,0.7828539768427702,0.7771960334637541,0.7296489796776385,1.3081632765685514,1.0,20210108_Lipscomb@Bellarmine,-1.0,15.0,155.5,0.844133671300773,0.8394101456495092,0.8009614997932467,1.1916927346025825,1.0,0.6608334015646979,0.6523862356480307,0.5844207410852136,0.030192137352827775,1.0,0.5589286723606515,1.2039677141173721,1.138392559853659,0.37058788805523357
2021-01-09,2020-21,True,20210109_SantaClara@SaintMarysCA,1.0,10.0,116.5,0.8105790140970972,0.8030670337100381,0.7266336959207272,1.3135917111448299,1.0,20210109_WashingtonState@Stanford,1.0,11.0,121.5,0.8170902547125537,0.8101761433400394,0.7471678967886,1.2774906471524452,1.0,0.6623162130932478,0.6506257522147241,0.5429173703168169,0.11143358240646761,1.0,0.6781011251644966,1.2153441864632128,1.201682032869103,0.4604572726247598
2021-01-10,2020-21,True,20210110_LoyolaChicago@IndianaState,-1.0,10.0,147.5,0.8033889084360464,0.7962973510892988,0.7198222448838923,1.3260218155024666,1.0,20210110_Campbell@Longwood,-1.0,12.0,147.5,0.8221921579232319,0.816340917763374,0.7579595119092826,1.2593020933211017,1.0,0.6605400602786227,0.6500501104007819,0.5455961173936391,0.10301077787705681,1.0,0.6698620480517037,1.2911129234523386,1.1799880808039085,0.5234978606456486
2021-01-11,2020-21,True,20210111_LoyolaChicago@IndianaState,-1.0,9.5,148.0,0.7926564541599181,0.7850774440768968,0.7098111447814596,1.3447238846804477,1.0,20210111_Colorado@UtahU,-1.0,14.5,151.0,0.8332692598364124,0.829988560318393,0.8009614997932467,1.1916927346025825,1.0,0.6604962568623902,0.6516052975478273,0.5685313990941192,0.0584437215297271,1.0,0.6024976834202505,1.3081632765685514,1.2303327309636574,0.6094760966069519
2021-01-12,2020-21,True,20210112_Butler@St.Johns,-1.0,13.5,161.0,0.8353512280164389,0.8304838105939818,0.7844095860665982,1.216838775245361,1.0,20210112_Buffalo@WesternMichigan,1.0,10.5,134.0,0.7903522417415264,0.783978222487979,0.7370152263701116,1.2950885759864514,1.0,0.6602217157043294,0.6510812216345133,0.5781218086417594,0.04045264266255133,1.0,0.5759139966376123,1.1120665068518931,1.1329308610806934,0.2598944651867141
2021-01-13,2020-21,True,20210113_CentralArkansas@StephenF.Austin,-1.0,9.5,161.0,0.7769026671628361,0.7683599137084114,0.6996229905760754,1.364306223290428,0.0,20210113_St.Bonaventure@Fordham,-1.0,14.5,137.0,0.8524148748437445,0.8478870236625333,0.7927953455959101,1.2039677141173721,1.0,0.6622433897953801,0.6514824003358258,0.5546578506006038,0.08778817436442066,0.0,-1.0,1.3848070130083052,1.2593020933211017,-1.0
2021-01-14,2020-21,True,20210114_SantaClara@Pacific,1.0,8.0,121.5,0.7887970682030251,0.7779395375649372,0.6829781438787393,1.3975557029969448,1.0,20210114_Presbyterian@Campbell,-1.0,12.5,151.0,0.8439051269257434,0.8367657568748778,0.7579595119092826,1.2593020933211017,1.0,0.6656698899605281,0.650953165953417,0.517669780579037,0.17154227620828943,1.0,0.7599448223168963,1.3749770853438041,1.158191791153569,0.5924871732694543
2021-01-15,2020-21,True,20210115_Presbyterian@Campbell,-1.0,12.0,144.5,0.841430956474001,0.8349137370490801,0.7579595119092826,1.2593020933211017,1.0,20210115_TarletonSt@CaliforniaBaptist,-1.0,10.0,155.5,0.7886101562241787,0.7796005509422194,0.7098111447814596,1.3447238846804477,0.0,0.6635609980368221,0.6508992093926901,0.5380081088463242,0.12368322044071633,0.0,-1.0,1.2039677141173721,1.2444774894487134,-1.0
2021-01-16,2020-21,True,20210116_StephenF.Austin@IncarnateWord,-1.0,9.0,149.5,0.7839601910058985,0.775803436464451,0.6996229905760754,1.364306223290428,1.0,20210116_MiddleTennSt@SouthernMiss,1.0,12.0,115.5,0.8442516235275022,0.8383422340596552,0.7761927116215307,1.229720384781726,1.0,0.6618596640376605,0.6503887861167656,0.5430422661680085,0.11041200132504736,1.0,0.6777151738648084,1.2911129234523386,1.2448455720089826,0.6072362057232163
2021-01-17,2020-21,True,20210117_SantaClara@SanDiego,1.0,13.0,123.5,0.8557743903544145,0.8494830906438134,0.7853742261915956,1.2153441864632128,1.0,20210117_MemphisU@Tulsa,1.0,8.5,119.0,0.7742873247127829,0.765476367122273,0.6941933870565803,1.3749770853438041,0.0,0.6626152632652323,0.6502592301578268,0.5452015941868845,0.10727675779674661,0.0,-1.0,1.1429617380957893,1.2950885759864514,-1.0
2021-01-18,2020-21,True,20210118_SacramentoState@IdahoState,-1.0,13.5,138.0,0.8252022482121176,0.8213529642689634,0.7758063944640312,1.2303327309636574,1.0,20210118_MissValleySt@Southern,1.0,11.0,130.5,0.7967925453386181,0.791560081002651,0.7570852686026243,1.2607562709042672,1.0,0.6575149997720833,0.6501502189285082,0.5873515925364345,0.019904198495796388,1.0,0.5511497058612038,1.1916927346025825,1.229720384781726,0.4654488481370751
2021-01-19,2020-21,True,20210119_Radford@Campbell,-1.0,9.5,140.0,0.7911825907683122,0.7828544690864131,0.6996229905760754,1.364306223290428,0.0,20210119_Purdue@OhioState,-1.0,14.5,154.0,0.8349691077313428,0.8303073616882924,0.7927953455959101,1.2039677141173721,1.0,0.6606130218663898,0.6500098288130286,0.5546578506006038,0.08511016356001444,0.0,-1.0,1.2911129234523386,1.138392559853659,-1.0
2021-01-20,2020-21,True,20210120_Winthrop@Presbyterian,-1.0,11.0,156.5,0.7840795910647488,0.7785758357408961,0.7296489796776385,1.3081632765685514,1.0,20210120_HighPoint@Longwood,-1.0,15.0,146.5,0.842721560711959,0.8383951312111348,0.8009614997932467,1.1916927346025825,1.0,0.6607607767044797,0.6527541899638075,0.5844207410852136,0.030078920375907314,1.0,0.5589286723606515,1.2593020933211017,1.2039677141173721,0.5161590626790284
2021-01-21,2020-21,True,20210121_SanFrancisco@SantaClara,1.0,9.0,128.5,0.7772668342025258,0.7702290381921972,0.7160306169593703,1.3330435562284917,0.0,20210121_JacksonvilleSt@MurrayState,1.0,14.0,117.5,0.8497812398647568,0.845170285178552,0.8029777080197978,1.1887004962489771,1.0,0.6605067740743769,0.6509746958617011,0.574956623678037,0.046632123190588404,0.0,-1.0,1.229720384781726,1.114370764047278,-1.0
2021-01-22,2020-21,True,20210122_FairDickinson@Merrimack,-1.0,10.5,153.0,0.7799038375946686,0.773897343757549,0.7198222448838923,1.3260218155024666,1.0,20210122_TexasState@ULMonroe,-1.0,14.5,142.0,0.8438459893040264,0.8405577885441037,0.8009614997932467,1.1916927346025825,1.0,0.6581187253970799,0.6505054398290014,0.5765499048467442,0.039966161882517115,1.0,0.5802105634588155,1.129187662827401,1.138392559853659,0.2854588340412554
2021-01-23,2020-21,True,20210123_Colorado@WashingtonState,1.0,11.0,123.5,0.825146365772093,0.8179196861362673,0.7471678967886,1.2774906471524452,1.0,20210123_PrairieViewA&M@MissValleySt,1.0,9.5,130.0,0.8036847808251045,0.7949974086179614,0.7266336959207272,1.3135917111448299,0.0,0.6631575761241761,0.6502440309359488,0.5429173703168169,0.11284547465534023,0.0,-1.0,1.2153441864632128,1.1646527872309482,-1.0
2021-01-24,2020-21,True,20210124_Presbyterian@HighPoint,-1.0,12.0,141.5,0.8149446452729372,0.8093905620862482,0.748723311031481,1.2748367600376034,1.0,20210124_MemphisU@EastCarolina,1.0,11.5,120.0,0.8094840613849389,0.8034105046496881,0.7570852686026243,1.2607562709042672,1.0,0.6596847012594456,0.6502728799444073,0.566847389041315,0.0602838035720632,1.0,0.6072584395966869,1.2039677141173721,1.1646527872309482,0.402204353982871
2021-01-25,2020-21,True,20210125_Presbyterian@HighPoint,-1.0,11.5,141.0,0.8138581172559586,0.8076630616620012,0.7392846765469119,1.2911129234523386,1.0,20210125_SoIllinois@IndianaState,-1.0,12.0,149.5,0.8144243090746034,0.8082956318018618,0.748723311031481,1.2748367600376034,1.0,0.6628258348309416,0.6528305247091133,0.5535196708190414,0.09098362873414056,1.0,0.6459582161766575,1.2593020933211017,1.1916927346025825,0.5007011552805802
2021-01-26,2020-21,True,20210126_SoIllinois@IndianaState,-1.0,14.0,150.5,0.8442641639555453,0.8391162118226919,0.7844095860665982,1.216838775245361,1.0,20210126_Kentucky@Alabama,1.0,9.0,135.5,0.7833848753516627,0.7758163843583461,0.7160306169593703,1.3330435562284917,0.0,0.6613837768441906,0.6510001055127529,0.5616612798601106,0.07283002144185269,0.0,-1.0,1.158191791153569,1.2153441864632128,-1.0
2021-01-27,2020-21,True,20210127_KansasState@Baylor,-1.0,12.5,150.0,0.8342340697549144,0.8297521482489743,0.7669885619408275,1.2444774894487134,0.0,20210127_WashingtonState@Colorado,1.0,10.0,125.5,0.7899848304348469,0.7839460389288341,0.7266336959207272,1.3135917111448299,1.0,0.6590322601383083,0.6504809099124741,0.5573197334919872,0.0773433092709721,0.0,-1.0,1.1916927346025825,1.2774906471524452,-1.0
2021-01-28,2020-21,True,20210128_LouisianaTech@SouthernMiss,1.0,14.0,114.5,0.8542812752113623,0.8496373278627589,0.8029777080197978,1.1887004962489771,1.0,20210128_Bradley@Valparaiso,1.0,9.5,119.0,0.7732335261712494,0.7667181994776523,0.7160306169593703,1.3330435562284917,1.0,0.6605589227737533,0.6514324022279383,0.574956623678037,0.046714757473978574,1.0,0.5845895368103093,1.114370764047278,1.2153441864632128,0.354344029649428
2021-01-29,2020-21,True,20210129_Longwood@Presbyterian,-1.0,11.5,138.0,0.8036254465112537,0.7982177966359726,0.7392846765469119,1.2911129234523386,1.0,20210129_Manhattan@St.Peter's,1.0,11.5,108.0,0.8196968006912154,0.8147301247458044,0.7667617746830949,1.2448455720089826,1.0,0.6587292074593241,0.6503320850275471,0.566855230585128,0.05873343199598535,1.0,0.6072362057232163,1.2593020933211017,1.201682032869103,0.5132806994984183
2021-01-30,2020-21,True,20210130_MissValleySt@JacksonState,1.0,8.5,129.0,0.776860827699175,0.7683286938260696,0.6941933870565803,1.3749770853438041,1.0,20210130_SouthernMiss@LouisianaTech,1.0,12.5,118.0,0.8528070425178986,0.847382501742671,0.7853742261915956,1.2153441864632128,1.0,0.6625123849181402,0.6510682907350136,0.5452015941868845,0.10710484083538008,1.0,0.6710704071927251,1.4212770583801309,1.1646527872309482,0.6552942874698224
2021-01-31,2020-21,True,20210131_MichiganState@OhioState,-1.0,14.5,160.0,0.851521297765591,0.8466632159936823,0.8009614997932467,1.1916927346025825,1.0,20210131_Tulane@Temple,1.0,9.0,120.5,0.7757846959379269,0.768415221366381,0.7160306169593703,1.3330435562284917,1.0,0.660597191071748,0.6505889025405575,0.573512956857661,0.04941037656174041,1.0,0.5885783208662827,1.1204187564099484,1.2950885759864514,0.45104153174747075
2021-02-01,2020-21,True,20210201_CentralFlorida@MemphisU,1.0,9.5,122.0,0.7766235825861714,0.7700945016496752,0.7160306169593703,1.3330435562284917,1.0,20210201_AlabamaState@PrairieViewA&M,1.0,13.5,113.0,0.8494060679537273,0.8451498230998807,0.8029777080197978,1.1887004962489771,1.0,0.6596687835646566,0.6508452318394138,0.574956623678037,0.045304252196939565,1.0,0.5845895368103093,1.2153441864632128,1.0976557590453886,0.33402954549367814
2021-02-02,2020-21,True,20210202_SoCarolinaSt@NCCentral,-1.0,10.5,154.0,0.7821235501036532,0.7761548663863352,0.7198222448838923,1.3260218155024666,1.0,20210202_MississippiSt@Arkansas,1.0,14.0,131.5,0.8421219011777311,0.8375322212703336,0.8029777080197978,1.1887004962489771,0.0,0.6586433709691649,0.6500547092943263,0.5780012163785335,0.0381818647536083,0.0,-1.0,1.2911129234523386,1.2153441864632128,-1.0
2021-02-03,2020-21,True,20210203_Tulane@WichitaState,1.0,9.0,127.5,0.7672291142535759,0.7596463172661263,0.7052141688826521,1.353489538521778,1.0,20210203_Kentucky@Missouri,1.0,15.0,120.5,0.8635752160726374,0.8591035614469341,0.8195575629620887,1.1646527872309482,1.0,0.66256004811875,0.6526148566033767,0.5779636056158012,0.04442345991042873,1.0,0.5763453635273186,1.2448455720089826,1.1234086629488504,0.39847029962840796
2021-02-04,2020-21,True,20210204_Montana@PortlandState,1.0,10.0,122.5,0.7851555561932033,0.7787471251031661,0.7266336959207272,1.3135917111448299,1.0,20210204_WashingtonState@Oregon,1.0,13.5,121.0,0.8424116667547,0.8374577430024466,0.7943032964561033,1.201682032869103,1.0,0.66142420075443,0.6521678097585414,0.5771675399859154,0.04407103689873826,1.0,0.5785195578085225,1.201682032869103,1.1646527872309482,0.39954232894635267
2021-02-05,2020-21,True,20210205_WrightState@IllinoisChicago,1.0,8.5,132.0,0.7834515924947368,0.7746798730703048,0.6941933870565803,1.3749770853438041,0.0,20210205_ArkansasLR@TexasState,-1.0,14.5,145.0,0.8434789080063992,0.8400462557890911,0.8009614997932467,1.1916927346025825,1.0,0.6608248937133351,0.650766926807878,0.5560221764433924,0.08279476364181693,0.0,-1.0,1.1646527872309482,1.129187662827401,-1.0
2021-02-06,2020-21,True,20210206_WrightState@IllinoisChicago,1.0,11.5,128.0,0.8496980488894404,0.8429118586489565,0.7667617746830949,1.2448455720089826,1.0,20210206_Montana@PortlandState,1.0,8.0,122.5,0.7805357510841451,0.7717131584296394,0.6941933870565803,1.3749770853438041,0.0,0.663219704784652,0.6504861727157839,0.5322809534327722,0.13518948657890584,0.0,-1.0,1.176367605293699,1.2607562709042672,-1.0
2021-02-07,2020-21,True,20210207_Evansville@LoyolaChicago,-1.0,14.0,133.5,0.8523320670103043,0.8484179817270026,0.7844095860665982,1.216838775245361,1.0,20210207_MDBaltimoreCo@StonyBrook,1.0,9.5,121.0,0.7734145180337555,0.766798339588182,0.7160306169593703,1.3330435562284917,1.0,0.6592059948114891,0.6505654996650221,0.5616612798601106,0.0692974431920701,1.0,0.6220990883097985,1.2444774894487134,1.201682032869103,0.49546623938056755
2021-02-08,2020-21,True,20210208_MissValleySt@AlabamaState,1.0,8.0,130.5,0.7794869434844578,0.7702642827378873,0.6941933870565803,1.3749770853438041,1.0,20210208_AustinPeay@TennMartin,-1.0,14.5,159.0,0.8480684430857242,0.843961133858101,0.8009614997932467,1.1916927346025825,1.0,0.661058278566514,0.6500731174298643,0.5560221764433924,0.08317717644033529,1.0,0.6385502028492465,1.1646527872309482,1.1120665068518931,0.29517135679124173
2021-02-09,2020-21,True,20210209_Arkansas@Kentucky,1.0,9.0,131.5,0.7861995636621834,0.7787716726138354,0.7160306169593703,1.3330435562284917,1.0,20210209_St.Johns@Butler,-1.0,15.0,155.5,0.8454313972795567,0.8418879340291775,0.8089064758600895,1.1799880808039085,1.0,0.6646777956474975,0.6556384745373088,0.5792018029725299,0.045521892960570076,1.0,0.572975507542075,1.2607562709042672,1.138392559853659,0.43523555858626195
2021-02-10,2020-21,True,20210210_Bradley@Valparaiso,1.0,8.5,122.0,0.777034988932141,0.7693065481639276,0.7052141688826521,1.353489538521778,1.0,20210210_Virginia@GeorgiaTech,-1.0,14.5,143.0,0.8501796401526694,0.8465969143545091,0.8009614997932467,1.1916927346025825,1.0,0.6606193272763611,0.6512925498682997,0.564849398383697,0.0655417486125407,1.0,0.6129436494170051,1.2448455720089826,1.138392559853659,0.4171229373417982
2021-02-11,2020-21,True,20210211_UtahU@California,-1.0,13.5,147.0,0.8389358691306638,0.8342793227069788,0.7758063944640312,1.2303327309636574,0.0,20210211_PortlandU@Pacific,1.0,9.5,129.0,0.787204595971608,0.7809034191360329,0.7266336959207272,1.3135917111448299,1.0,0.660414171905094,0.6514915756163735,0.5637270677283326,0.06733158499154457,0.0,-1.0,1.1799880808039085,1.3975557029969448,-1.0
2021-02-12,2020-21,True,20210212_NorthernKentucky@WiscGreenBay,1.0,5.5,120.0,0.7573278335258264,0.7446691196190712,0.6363976435157589,1.4998484198132704,1.0,20210212_Manhattan@Iona,1.0,15.0,110.5,0.8780092889676454,0.8731367535591996,0.8274623442750025,1.1535268119497377,1.0,0.6649408726294183,0.6501979775799831,0.5265950859946372,0.15042442129410927,1.0,0.7301153661150537,1.0756664227337778,1.114370764047278,0.19869121336184214
2021-02-13,2020-21,True,20210213_EasternKentucky@TennesseeState,1.0,9.0,136.5,0.7872098575607788,0.7780302981362216,0.7052141688826521,1.353489538521778,1.0,20210213_AlabamaA&M@AlabamaState,1.0,12.0,117.5,0.8436271509406342,0.8374664887026744,0.7761927116215307,1.229720384781726,1.0,0.6641116093263822,0.6515743018844364,0.5473820980189498,0.10535644502561547,1.0,0.6644136761090416,1.2607562709042672,1.114370764047278,0.40494992888498516
2021-02-14,2020-21,True,20210214_Bradley@MissouriSt,1.0,9.5,123.0,0.7801140235955479,0.7742433112348222,0.7266336959207272,1.3135917111448299,1.0,20210214_IndianaState@Evansville,-1.0,15.0,140.5,0.8473814980118294,0.8436151449100798,0.8009614997932467,1.1916927346025825,0.0,0.661054189934431,0.6531633832030245,0.5820056148849757,0.03481270744464937,0.0,-1.0,1.2607562709042672,1.138392559853659,-1.0
2021-02-15,2020-21,True,20210215_StephenF.Austin@NewOrleansU,-1.0,10.5,164.0,0.772965199190528,0.7680502915795492,0.7198222448838923,1.3260218155024666,0.0,20210215_MurrayState@SIUEdwardsville,-1.0,15.0,152.5,0.8505014328029393,0.8471427747502571,0.8089064758600895,1.1799880808039085,1.0,0.6574080094183534,0.6506482551564433,0.5822688753547277,0.028639696957689198,0.0,-1.0,1.2748367600376034,1.2039677141173721,-1.0
2021-02-16,2020-21,True,20210216_AustinPeay@SEMissouriSt,-1.0,14.0,154.5,0.840787347638813,0.8364185555293766,0.7927953455959101,1.2039677141173721,0.0,20210216_KentState@WesternMichigan,1.0,10.5,129.0,0.7828533460395335,0.777501836480667,0.7370152263701116,1.2950885759864514,1.0,0.6582131884067492,0.650316962990597,0.5843022410995405,0.02631551264728782,0.0,-1.0,1.138392559853659,1.2607562709042672,-1.0
2021-02-17,2020-21,True,20210217_Evansville@IndianaState,-1.0,14.5,143.0,0.8548916918362794,0.8502817589116709,0.7927953455959101,1.2039677141173721,0.0,20210217_Iona@Quinnipiac,1.0,9.5,130.0,0.7730289479748866,0.7655727316238587,0.7160306169593703,1.3330435562284917,1.0,0.6608560251726701,0.6509525288199473,0.5676657404295568,0.06063519636127368,0.0,-1.0,1.1688290168885092,1.2153441864632128,-1.0
2021-02-18,2020-21,True,20210218_SanDiego@SantaClara,1.0,7.5,127.0,0.7720125928297583,0.7627862003727328,0.6829781438787393,1.3975557029969448,1.0,20210218_BYU@Pacific,1.0,14.5,121.0,0.859418153061667,0.8545099611588215,0.8113960259571189,1.176367605293699,1.0,0.6634816366700996,0.651808406452989,0.5541657517587785,0.09078985605476197,1.0,0.6440392555990682,1.2607562709042672,1.1429617380957893,0.4409961787079071
2021-02-19,2020-21,True,20210219_Marist@St.Peter's,1.0,10.0,109.5,0.7890582054930276,0.7830059159337249,0.7266336959207272,1.3135917111448299,1.0,20210219_DenverU@UMKC,-1.0,14.5,143.0,0.8353260170413375,0.8319700410812291,0.7927953455959101,1.2039677141173721,1.0,0.659120848008276,0.6514374640462265,0.5760718120791064,0.042414128210547464,1.0,0.5815220097505682,1.2607562709042672,1.158191791153569,0.4601975636067077
2021-02-20,2020-21,True,20210220_Pepperdine@SantaClara,1.0,6.5,134.0,0.753591819294391,0.742703644199763,0.660007784702701,1.4461950633354306,1.0,20210220_Kentucky@Tennessee,1.0,15.0,117.5,0.8816877867199281,0.8766647672797346,0.8195575629620887,1.1646527872309482,1.0,0.6644327032439156,0.6511021174001961,0.5409143715669527,0.11911404257759184,1.0,0.6843151113932469,1.201682032869103,1.0690804316536036,0.2846947464100804
2021-02-21,2020-21,True,20210221_PrairieViewA&M@TexasSouthern,1.0,9.0,127.5,0.7691938011001623,0.7615807395827255,0.7052141688826521,1.353489538521778,1.0,20210221_Lehigh@LoyolaMaryland,1.0,14.5,127.0,0.8597321108240129,0.8552216920269484,0.8113960259571189,1.176367605293699,1.0,0.6613006102525885,0.6513203687210734,0.5722079740800364,0.0529236564321387,1.0,0.5922012472209379,1.1646527872309482,1.1887004962489771,0.3844233461391826
2021-02-22,2020-21,True,20210222_Pepperdine@SaintMarysCA,1.0,10.5,121.0,0.8094038987393075,0.8027275196228224,0.7370152263701116,1.2950885759864514,1.0,20210222_AlabamaState@Southern,1.0,11.0,121.5,0.8155203601947879,0.8100729693944951,0.7570852686026243,1.2607562709042672,1.0,0.6600853590429457,0.6502678654355376,0.5579833706206399,0.07778146222472948,1.0,0.6327910435513961,1.1535268119497377,1.1646527872309482,0.3434582166828919
2021-02-23,2020-21,True,20210223_MissValleySt@TexasSouthern,1.0,10.0,138.5,0.7939000573515658,0.7865112174437152,0.7266336959207272,1.3135917111448299,0.0,20210223_Massachusetts@Richmond,-1.0,13.0,164.5,0.8340771711038804,0.8282231570829813,0.7758063944640312,1.2303327309636574,1.0,0.6621739139750024,0.651406803592413,0.5637270677283326,0.0701756007206944,0.0,-1.0,1.2153441864632128,1.129187662827401,-1.0
2021-02-24,2020-21,True,20210224_NCState@Virginia,-1.0,14.5,143.0,0.8589974151747739,0.8547560141646546,0.7927953455959101,1.2039677141173721,1.0,20210224_American@LoyolaMaryland,1.0,8.5,129.0,0.7687748912972557,0.7607446680186617,0.6941933870565803,1.3749770853438041,0.0,0.6603756444756105,0.6502510802326447,0.550353286201917,0.09320434453728144,0.0,-1.0,1.1480536011516536,1.3135917111448299,-1.0
2021-02-25,2020-21,True,20210225_MissValleySt@PrairieViewA&M,1.0,8.0,131.5,0.7738789617575094,0.7658178255662739,0.6941933870565803,1.3749770853438041,1.0,20210225_TennesseeState@MoreheadState,1.0,13.5,116.0,0.8541177524059722,0.8494214326434847,0.8029777080197978,1.1887004962489771,1.0,0.6609837594505912,0.6505020745364226,0.5574218148611932,0.08033561463422068,1.0,0.6344359436791522,1.2153441864632128,1.1329308610806934,0.3769009356791826
2021-02-26,2020-21,True,20210226_SoIllinois@LoyolaChicago,-1.0,15.0,140.5,0.8630676141522042,0.8596845453587436,0.8089064758600895,1.1799880808039085,1.0,20210226_NewMexicoState@TarletonSt,-1.0,10.0,139.5,0.7655351041666448,0.7600034698571422,0.7098111447814596,1.3447238846804477,1.0,0.6607085559028653,0.6533632374552049,0.5741708316513862,0.04838468974864929,1.0,0.5867581558952579,1.158191791153569,1.3447238846804477,0.5574481646050331
2021-02-27,2020-21,True,20210227_JacksonState@MissValleySt,1.0,9.0,127.5,0.8134515891147829,0.8044931805833345,0.7160306169593703,1.3330435562284917,0.0,20210227_TexasSouthern@AlabamaState,1.0,10.0,128.5,0.8156149207677309,0.8080325065716304,0.7370152263701116,1.2950885759864514,1.0,0.6634632534042384,0.6500566412265351,0.527725467246241,0.14540925094821344,0.0,-1.0,1.229720384781726,1.1429617380957893,-1.0
2021-02-28,2020-21,True,20210228_Quinnipiac@Marist,1.0,8.0,117.5,0.791767714489368,0.7817764860826014,0.6941933870565803,1.3749770853438041,1.0,20210228_Iowa@OhioState,-1.0,14.0,175.5,0.8380667843786959,0.8316059384048823,0.7844095860665982,1.216838775245361,1.0,0.663554222456974,0.6501299683315932,0.5445319473912219,0.11020944544892375,1.0,0.673125432520191,1.1535268119497377,1.1120665068518931,0.28279853232494534
2021-03-01,2020-21,True,20210301_PrairieViewA&M@AlabamaState,1.0,10.0,121.5,0.806969862315864,0.7995339722506694,0.7266336959207272,1.3135917111448299,1.0,20210301_TexasSouthern@AlabamaA&M,1.0,10.5,126.0,0.81989149199642,0.8130071312566509,0.7471678967886,1.2774906471524452,0.0,0.6616277244102994,0.6500268211217515,0.5429173703168169,0.1102782287729489,0.0,-1.0,1.1057938764444444,1.1535268119497377,-1.0
2021-03-02,2020-21,True,20210302_WesternMichigan@NoIllinois,1.0,10.5,119.0,0.8100502503184385,0.8040360871605714,0.7471678967886,1.2774906471524452,1.0,20210302_Kentucky@Mississippi,1.0,11.0,117.5,0.8140904830550203,0.8088020619072398,0.7570852686026243,1.2607562709042672,1.0,0.6594541995805777,0.6503060451432994,0.565669807831455,0.062119798789830094,1.0,0.6106043444189959,1.1887004962489771,1.176367605293699,0.398348756183841
2021-03-03,2020-21,True,20210303_SIUEdwardsville@Belmont,-1.0,10.5,158.0,0.7936603210096219,0.7882770565102194,0.7198222448838923,1.3260218155024666,1.0,20210303_Fordham@GeoWashington,-1.0,13.5,140.0,0.8286335791584599,0.8250632678002304,0.7758063944640312,1.2303327309636574,1.0,0.6576535924342553,0.6503784441762686,0.5584427004583774,0.07292766541790074,1.0,0.6314480415845367,1.2748367600376034,1.216838775245361,0.5512708017219217
2021-03-04,2020-21,True,20210304_AlabamaA&M@JacksonState,1.0,12.0,111.5,0.85611473721973,0.8498297719273822,0.7667617746830949,1.2448455720089826,0.0,20210304_St.Peter's@Quinnipiac,1.0,8.0,120.5,0.7774259257642899,0.7673517925422084,0.6829781438787393,1.3975557029969448,1.0,0.6655657921435004,0.6521183988442129,0.5236815336702283,0.1579121157659027,0.0,-1.0,1.1429617380957893,1.2448455720089826,-1.0
2021-03-05,2020-21,True,20210305_Evansville@IndianaState,-1.0,7.5,142.0,0.788368843785284,0.7779403570657146,0.668078564864443,1.428724180356952,1.0,20210305_SoIllinois@LoyolaChicago,-1.0,11.0,135.5,0.8430659354863747,0.8369614877125242,0.7392846765469119,1.2911129234523386,1.0,0.6646469167941521,0.6511061186013328,0.4939002457337348,0.22603711554302075,1.0,0.8446442533077105,1.2444774894487134,1.1916927346025825,0.4830347825524939
2021-03-06,2020-21,True,20210306_AlabamaState@JacksonState,1.0,6.5,121.0,0.7759533969945122,0.765313179686495,0.660007784702701,1.4461950633354306,1.0,20210306_IndianaState@LoyolaChicago,-1.0,12.5,137.0,0.8559362484097626,0.851001821036059,0.7669885619408275,1.2444774894487134,1.0,0.6641666395642939,0.6512829095761039,0.506218421658876,0.19533869266666049,1.0,0.7997572016727996,1.3135917111448299,1.1688290168885092,0.535364108330306
2021-03-07,2020-21,True,20210307_UMKC@NorthDakotaState,-1.0,10.0,128.5,0.798731176007312,0.7929434143206354,0.7098111447814596,1.3447238846804477,0.0,20210307_Drake@LoyolaChicago,-1.0,12.5,140.0,0.8238085478093023,0.8201969216712243,0.7579595119092826,1.2593020933211017,0.0,0.6580015701966,0.6503697474852553,0.5380081088463242,0.11426880971164888,0.0,-1.0,1.364306223290428,1.1688290168885092,-1.0
2021-03-08,2020-21,True,20210308_SaintMarysCA@Gonzaga,-1.0,12.0,152.5,0.8213930892235194,0.8172487066945554,0.748723311031481,1.2748367600376034,1.0,20210308_NorthDakotaState@SouthDakota,-1.0,12.0,152.5,0.8043828396546734,0.8000639963684842,0.748723311031481,1.2748367600376034,0.0,0.660714505582339,0.6538512663050212,0.5605865964819439,0.0737990054653701,0.0,-1.0,1.3081632765685514,1.2039677141173721,-1.0
2021-03-09,2020-21,True,20210309_McNeeseState@SELouisiana,-1.0,9.0,155.5,0.7784210322711739,0.7710787487751158,0.6996229905760754,1.364306223290428,1.0,20210309_Manhattan@Fairfield,-1.0,14.0,141.5,0.8468254735486084,0.8431793114373152,0.7927953455959101,1.2039677141173721,1.0,0.6591867592732333,0.6501576484561487,0.5546578506006038,0.08276741222979234,1.0,0.6425806450110816,1.3447238846804477,1.158191791153569,0.5574481646050331
2021-03-10,2020-21,True,20210310_KansasState@TCU,-1.0,13.0,141.5,0.8448901223472277,0.8399526223235878,0.7669885619408275,1.2444774894487134,1.0,20210310_MissValleySt@PrairieViewA&M,1.0,8.5,129.0,0.7837741866818694,0.7770797999255961,0.7052141688826521,1.353489538521778,1.0,0.6622030684782435,0.6527102157021933,0.5408912012516012,0.115406413994527,1.0,0.6843872628946799,1.1799880808039085,1.229720384781726,0.4510553967640327
2021-03-11,2020-21,True,20210311_California@Colorado,-1.0,11.5,145.0,0.8318053303857667,0.8262330970927675,0.7392846765469119,1.2911129234523386,1.0,20210311_Vanderbilt@Florida,-1.0,9.0,154.5,0.7950983808980301,0.7868020255150858,0.6996229905760754,1.364306223290428,1.0,0.6613670714120741,0.650081874340192,0.517220556292817,0.16498050157163524,1.0,0.7614733964367235,1.2593020933211017,1.3447238846804477,0.6934136029169715
2021-03-12,2020-21,True,20210312_OregonState@Oregon,-1.0,11.0,150.5,0.8108930074742938,0.804868160022975,0.7296489796776385,1.3081632765685514,1.0,20210312_TexasSouthern@JacksonState,1.0,10.5,123.0,0.8145514320319442,0.8080737355036692,0.7370152263701116,1.2950885759864514,1.0,0.6605140604628761,0.6503928206577304,0.5377624079278357,0.1190345426212498,1.0,0.6941873150089357,1.2039677141173721,1.201682032869103,0.44678637020933065
2021-03-13,2020-21,True,20210313_OhioState@Michigan,-1.0,12.0,158.5,0.8275358572063869,0.8223141042487877,0.7579595119092826,1.2593020933211017,1.0,20210313_TexasSouthern@PrairieViewA&M,1.0,9.5,131.0,0.798558525759478,0.7916439518942077,0.7266336959207272,1.3135917111448299,1.0,0.6608358141438383,0.6509799871858558,0.5507589214969124,0.09316041357008764,1.0,0.6542087916139321,1.158191791153569,1.2448455720089826,0.44176992275467275
2021-03-14,2020-21,True,20210314_OhioState@Illinois,-1.0,9.5,161.0,0.7853051314080172,0.7777827436296744,0.6996229905760754,1.364306223290428,0.0,20210314_VaCommonwealth@St.Bonaventure,-1.0,15.0,142.5,0.840982262967672,0.837857586939775,0.8009614997932467,1.1916927346025825,1.0,0.6604276865316393,0.6516711727409567,0.5603710798216498,0.07374566451003339,0.0,-1.0,1.2444774894487134,1.2039677141173721,-1.0
2021-03-17,2020-21,True,20210317_WesternKentucky@SaintMarysCA,-1.0,14.5,139.0,0.8529189563631414,0.8495627086046362,0.7927953455959101,1.2039677141173721,1.0,20210317_Toledo@Richmond,-1.0,10.0,164.5,0.7728337955369731,0.7665176941518442,0.7098111447814596,1.3447238846804477,1.0,0.6591645943315605,0.6512048484370209,0.5627349718348459,0.06719020819103139,1.0,0.6190041415577514,1.216838775245361,1.2303327309636574,0.4971165734900971
2021-03-18,2020-21,True,20210318_UCLA@MichiganState,-1.0,13.0,150.5,0.8406751783702566,0.8356889362301002,0.7669885619408275,1.2444774894487134,0.0,20210318_NCState@Davidson,-1.0,10.0,148.5,0.7859163895536067,0.7792565216913399,0.7098111447814596,1.3447238846804477,1.0,0.6607004009720864,0.6512160536626038,0.5444170291855042,0.10566798468685112,0.0,-1.0,1.1480536011516536,1.3081632765685514,-1.0
2021-03-19,2020-21,True,20210319_Liberty@OklahomaState,-1.0,9.0,155.5,0.7815507854370563,0.7745644163217467,0.6996229905760754,1.364306223290428,1.0,20210319_Drexel@Illinois,-1.0,13.5,158.0,0.8441249501525311,0.8402517012008646,0.7758063944640312,1.2303327309636574,1.0,0.6597265177987266,0.6508290685040024,0.5427719898029679,0.1073843433238062,1.0,0.6785506015716256,1.1480536011516536,1.1688290168885092,0.3418783619693999
2021-03-20,2020-21,True,20210320_Ohio@Virginia,-1.0,11.5,143.0,0.813244706605713,0.8087134746242944,0.7392846765469119,1.2911129234523386,1.0,20210320_NorfolkSt@Gonzaga,-1.0,12.0,167.5,0.8116814228121031,0.8071385720503248,0.748723311031481,1.2748367600376034,1.0,0.6600956205521364,0.6527438391061096,0.5535196708190414,0.08648981011001844,1.0,0.6459582161766575,1.2444774894487134,1.216838775245361,0.5143284640811943
2021-03-21,2020-21,True,20210321_LoyolaChicago@Illinois,-1.0,11.5,145.0,0.8201022426899327,0.8160136783736323,0.748723311031481,1.2748367600376034,1.0,20210321_NorthTexas@Villanova,-1.0,11.0,137.5,0.8057474662080383,0.8013893189762378,0.7392846765469119,1.2911129234523386,0.0,0.6607953040789429,0.6539446459871399,0.5535196708190414,0.08764145995968908,0.0,-1.0,1.2593020933211017,1.2593020933211017,-1.0
2021-03-22,2020-21,True,20210322_Bellarmine@Army,-1.0,9.0,150.5,0.7779640707357709,0.7705435152729492,0.6996229905760754,1.364306223290428,1.0,20210322_Ohio@Creighton,-1.0,15.0,164.5,0.8507482636963368,0.8463975746853191,0.8009614997932467,1.1916927346025825,1.0,0.6618515823965913,0.6521861625165243,0.5603710798216498,0.0760606825549841,1.0,0.6258338140682915,1.2748367600376034,1.2039677141173721,0.5348622998552701
2021-03-23,2020-21,True,20210323_Pepperdine@Bellarmine,-1.0,10.5,160.0,0.7895346498708508,0.7838479167654974,0.7296489796776385,1.3081632765685514,1.0,20210323_Stetson@CoastalCarolina,-1.0,14.5,162.0,0.834619813495701,0.830567498141105,0.7927953455959101,1.2039677141173721,1.0,0.6589612622236031,0.6510386031510362,0.5784623150072367,0.037854993037641504,1.0,0.5749863497825305,1.3081632765685514,1.1480536011516536,0.501841560558872
2021-03-25,2020-21,True,20210325_MississippiSt@Richmond,-1.0,11.5,151.0,0.8269440335534369,0.8205654005744457,0.7392846765469119,1.2911129234523386,1.0,20210325_NCState@ColoradoState,-1.0,10.0,157.5,0.800905567347901,0.7923883221468957,0.7098111447814596,1.3447238846804477,1.0,0.6623040803580771,0.6502064409729804,0.5247525025791546,0.14988597691696492,1.0,0.7361903859859582,1.1799880808039085,1.2593020933211017,0.4859614602503113
2021-03-27,2020-21,True,20210327_OregonState@LoyolaChicago,-1.0,8.0,134.5,0.7737000204121263,0.7666840077965037,0.6787478681382003,1.4062659270196833,1.0,20210327_MississippiSt@LouisianaTech,-1.0,15.0,148.5,0.8516252329334926,0.8482376817603217,0.8009614997932467,1.1916927346025825,1.0,0.658902460104125,0.6503302654160187,0.5436509104454418,0.10421304833430267,1.0,0.6758368881485222,1.3447238846804477,1.2039677141173721,0.6190041415577514
2021-03-28,2020-21,True,20210328_FloridaState@Michigan,-1.0,9.0,154.5,0.767051980841768,0.7613486382263291,0.6996229905760754,1.364306223290428,1.0,20210328_MississippiSt@MemphisU,-1.0,15.0,150.5,0.8583310090422843,0.8548340998509979,0.8089064758600895,1.1799880808039085,1.0,0.6583845007037976,0.6508267778309871,0.5659295677375897,0.05991021824550691,1.0,0.6098650820493008,1.2039677141173721,1.1480536011516536,0.38221946986277366
2021-03-29,2020-21,True,20210329_OregonState@HoustonU,-1.0,11.0,142.5,0.7959907096940277,0.7911466454701311,0.7296489796776385,1.3081632765685514,1.0,20210329_Arkansas@Baylor,-1.0,15.0,164.5,0.828163695334316,0.8250759620427489,0.8009614997932467,1.1916927346025825,1.0,0.6592106075919908,0.6527560796281621,0.5844207410852136,0.027662317299440575,1.0,0.5589286723606515,1.2593020933211017,1.1480536011516536,0.44574630317510655
2021-03-30,2020-21,True,20210330_UCLA@Michigan,-1.0,10.0,149.5,0.797923386519867,0.7926159646412829,0.7198222448838923,1.3260218155024666,1.0,20210330_USC@Gonzaga,-1.0,13.0,167.5,0.8253651500867691,0.8209751561581217,0.7669885619408275,1.2444774894487134,1.0,0.6585781556727132,0.6507180153447975,0.5520954284565148,0.08678850431839247,1.0,0.6502042999107347,1.2444774894487134,1.1799880808039085,0.46846860437825355
2021-04-03,2020-21,True,20210403_UCLA@Gonzaga,-1.0,12.0,158.5,0.803517224126872,0.8003468979259173,0.7579595119092826,1.2593020933211017,0.0,20210403_HoustonU@Baylor,-1.0,14.0,146.5,0.8208477816989802,0.8177631175306905,0.7844095860665982,1.216838775245361,1.0,0.6595653309814652,0.6544941743539154,0.5945507069920011,0.010696554426434579,0.0,-1.0,1.2911129234523386,1.2911129234523386,-1.0
2021-11-17,2021-22,True,L254863,-1.0,8.5,149.0,0.789083210826379,0.7797983128503247,0.6909010859783705,1.3815291644075978,1.0,L254864,-1.0,12.5,146.0,0.8401235806280508,0.8337701034135429,0.7643889910678673,1.2487097683949422,1.0,0.6629274124929366,0.6501725199469215,0.5281171840387004,0.14363527960403166,1.0,0.7251289629182693,1.2414039466056517,1.0769532382997955,0.3369340003351029
2021-11-18,2021-22,True,L255925,1.0,4.5,144.0,0.7640375716483204,0.7468490699005506,0.5994367349947459,1.5923281712262198,1.0,L254875,1.0,13.5,132.0,0.876935135395966,0.870651355695684,0.8029572936623321,1.188730717727805,1.0,0.6700113913410249,0.650245155208975,0.48132209845316576,0.2682306666859011,1.0,0.8928494098399475,1.0270563949692892,1.2778267366270666,0.3124001215155665
2021-11-19,2021-22,True,L255941,1.0,4.0,131.5,0.7615158846317743,0.7441278000644312,0.5994367349947459,1.5923281712262198,0.0,L253606,-1.0,14.5,141.0,0.8796708617204002,0.8737354152952308,0.7947375450129114,1.2010254278152834,1.0,0.6698833344478058,0.6501708124220223,0.4763948791602795,0.28110272314841867,0.0,-1.0,3.1439590944443263,1.113700718131987,-1.0
2021-11-20,2021-22,True,L257576,1.0,5.0,130.5,0.7690605368399258,0.753654571315298,0.6238559477626342,1.5300006410505038,1.0,L254907,-1.0,13.0,141.5,0.8712348684366806,0.8638529109435211,0.7777231300418386,1.2273005175359148,1.0,0.6700323556335758,0.6510466952766117,0.4851872003891736,0.2581670441131285,1.0,0.8777705785915648,1.4221563395255101,1.177143752951342,0.674082450792602
2021-11-21,2021-22,True,L255973,1.0,6.5,129.0,0.7841574582369496,0.7697511743209579,0.6418662224070821,1.4870699947732104,1.0,L257200,-1.0,12.0,154.5,0.8532030553458783,0.8457040599249146,0.7598372835638598,1.2561900036322446,1.0,0.6690455392400233,0.6509816932552047,0.48771388684519357,0.2498054764027473,1.0,0.8680424621355614,1.4601464331045222,1.150348386487771,0.6796770933576612
2021-11-22,2021-22,True,L253623,1.0,6.0,138.5,0.7958614140374679,0.781193087605956,0.6418662224070821,1.4870699947732104,1.0,L255984,1.0,9.5,128.0,0.8442996636539821,0.8343897125192419,0.7263744295438411,1.3140605742405063,0.0,0.6719455241870168,0.6518194757895526,0.4662352111444045,0.31304878326282437,0.0,-1.0,1.0510019243636182,1.6088744502894161,-1.0
2021-11-23,2021-22,True,L256000,1.0,8.0,120.5,0.8072805080503113,0.7966708056301482,0.6938396688737047,1.375678046124719,0.0,L256003,1.0,9.5,127.0,0.8258458128459166,0.8164224680627279,0.7263744295438411,1.3140605742405063,1.0,0.6666892273654739,0.6504199453660874,0.5039873936730249,0.2051903056968849,0.0,-1.0,1.447170971745709,1.188730717727805,-1.0
2021-11-24,2021-22,True,L256018,1.0,7.0,117.5,0.8055504293326399,0.7933101200173807,0.6711639033430463,1.4221563395255101,1.0,L262354,1.0,9.5,139.0,0.8303634170988724,0.820466140624269,0.7263744295438411,1.3140605742405063,1.0,0.6688996071461146,0.6508840924888359,0.487516297421223,0.25003930233939897,1.0,0.8687995761766683,1.5604101415618261,1.2017544674595262,0.8752298586910763
2021-11-25,2021-22,True,L256028,-1.0,10.0,151.5,0.7928716413051815,0.7863567830919883,0.7215812530290681,1.3227893546197065,1.0,L262190,-1.0,12.5,155.0,0.83233123346987,0.8271458187490105,0.7688875185308313,1.2414039466056517,1.0,0.6599318311908221,0.6504317251794607,0.554814819059888,0.08368456964571536,1.0,0.6421159253528466,1.3049551983351777,1.2138504003988912,0.58402039000177
2021-11-26,2021-22,True,L256040,1.0,4.5,146.0,0.7581134329252549,0.7412705747626469,0.5994367349947459,1.5923281712262198,0.0,L253657,1.0,13.0,127.5,0.8841551470382877,0.8770135914695724,0.789808531721508,1.208520751123721,1.0,0.6702898937597298,0.6501043690233032,0.47344024752613495,0.28988015757244967,0.0,-1.0,1.3046584040729787,1.245065089566816,-1.0
2021-11-27,2021-22,True,L254982,1.0,10.5,116.0,0.838055201394047,0.8307408445335093,0.7469713793275955,1.2778267366270666,0.0,L256060,1.0,8.5,131.0,0.7934212895465604,0.7835008258229827,0.6938396688737047,1.375678046124719,0.0,0.6649308386012672,0.6508861377368866,0.5182783744907934,0.16886741792451065,0.0,-1.0,1.3237009780458107,1.3541085514856968,-1.0
2021-11-28,2021-22,True,L253668,1.0,7.0,138.5,0.7895208677796894,0.7756169148378744,0.6595627045010414,1.447170971745709,1.0,L256082,1.0,11.0,129.5,0.8498864661138789,0.8399133949058579,0.7469713793275955,1.2778267366270666,0.0,0.6710031002404433,0.6514510360878868,0.4926744631341822,0.24084158614151052,0.0,-1.0,1.343719147302694,1.2154621434247768,-1.0
2021-11-29,2021-22,True,L253672,1.0,8.0,125.5,0.7685125533825543,0.7591226789443477,0.6825934288956639,1.3983433762968407,1.0,L256093,-1.0,14.0,149.5,0.862950219943644,0.8584973445092722,0.7947375450129114,1.2010254278152834,1.0,0.6631880769709266,0.6517048040304873,0.5424826259224852,0.11378853111741227,1.0,0.679445951749581,1.5761763214208133,1.1178994017607442,0.7620065667857776
2021-11-30,2021-22,True,L256098,1.0,8.5,127.0,0.8118403982336773,0.8007994076761801,0.6938396688737047,1.375678046124719,0.0,L255030,1.0,9.5,125.0,0.8221825134155378,0.8120893031696712,0.7103418909494663,1.343719147302694,1.0,0.667480979112036,0.6503206329584346,0.492863382403499,0.23385523092480054,0.0,-1.0,1.286546824292902,1.3140605742405063,-1.0
2021-12-01,2021-22,True,L257315,1.0,8.0,113.5,0.7985647936244753,0.788371319252777,0.6938396688737047,1.375678046124719,1.0,L253680,1.0,10.5,123.0,0.8331526794882633,0.8248588640642062,0.7469713793275955,1.2778267366270666,1.0,0.6653263975532236,0.6502950708596453,0.5182783744907934,0.16956276237835333,1.0,0.7578781883290486,1.3237009780458107,1.1646079324453933,0.5415926592178766
2021-12-02,2021-22,True,L253697,-1.0,7.5,141.0,0.7709918624570591,0.7609351552289931,0.6696163429177695,1.4254431064822666,1.0,L256146,-1.0,14.5,150.0,0.8596296580698136,0.8547829571815766,0.7947375450129114,1.2010254278152834,1.0,0.6627674710985705,0.6504344022100608,0.5321692484709919,0.13465354738278634,1.0,0.7119934167892108,1.2879332551220977,1.0941904830527938,0.4092443105618051
2021-12-03,2021-22,True,L262245,1.0,7.5,141.0,0.7839371507321349,0.7748939492256319,0.6825934288956639,1.3983433762968407,0.0,L257741,1.0,13.0,116.5,0.8446762754193963,0.8391910677349103,0.789808531721508,1.208520751123721,1.0,0.6621731126433136,0.6502840806319794,0.5391181138388339,0.11902421342045799,0.0,-1.0,1.3983433762968407,1.195159142573968,-1.0
2021-12-04,2021-22,True,L253704,1.0,6.5,131.0,0.7796384059738285,0.7668585011455482,0.6595627045010414,1.447170971745709,1.0,L256182,1.0,12.0,118.5,0.8552884493805177,0.8479411920939511,0.7760873572926436,1.2298873200688945,1.0,0.6668157233228543,0.6502509116287367,0.5118782763050019,0.18683678498146739,1.0,0.7798572281218279,1.3983433762968407,1.188730717727805,0.6622537253352656
2021-12-05,2021-22,True,L255124,1.0,8.0,132.5,0.7890407944313507,0.7787032856374052,0.6938396688737047,1.375678046124719,0.0,L256197,1.0,12.5,119.0,0.8418944494890653,0.8350053680243281,0.7713880095624568,1.2373798764922561,0.0,0.6642890652521968,0.650221423605415,0.5352196011279612,0.13077698103005342,0.0,-1.0,1.295488953014774,1.3983433762968407,-1.0
2021-12-06,2021-22,True,L256207,1.0,6.5,140.0,0.7622430186106908,0.7501647229007918,0.6595627045010414,1.447170971745709,1.0,L255131,1.0,15.0,115.5,0.8749007625398154,0.8707624234275309,0.8275183009270541,1.1534488106555354,1.0,0.666886998223144,0.6532152520829356,0.5458002085835545,0.11319287651004473,1.0,0.6692376361753036,1.3140605742405063,1.105588642317292,0.4528104461972424
2021-12-07,2021-22,True,L253718,1.0,12.0,111.5,0.8410689335964519,0.8352969647087344,0.7760873572926436,1.2298873200688945,0.0,L256216,1.0,9.0,113.5,0.7865112719813079,0.7792225984631744,0.715739769877829,1.333585250073397,1.0,0.6615101967869075,0.6508822713287425,0.5554765865137291,0.084982292677247,0.0,-1.0,1.2225828871851177,1.261032123490068,-1.0
2021-12-08,2021-22,True,L255156,1.0,6.5,137.0,0.7581621906008211,0.7458379691008795,0.6478021815659681,1.4734436331977676,0.0,L256235,-1.0,15.0,139.5,0.8786200896084139,0.8738774674526651,0.810861033418282,1.177143752951342,1.0,0.6661365318434048,0.6517709955679157,0.5252775463951984,0.15538381711846072,0.0,-1.0,1.5010330970838186,1.1357612140566788,-1.0
2021-12-09,2021-22,True,L257320,1.0,8.5,134.0,0.7729461021379002,0.7644257721603618,0.699390639807212,1.3647594715638593,1.0,L253726,1.0,14.5,124.0,0.8561242544232424,0.8515101115062225,0.8114021146415241,1.1763587779429145,0.0,0.6617379054021612,0.6509162744904998,0.5674870441000602,0.06238499218128535,0.0,-1.0,1.3140605742405063,1.188730717727805,-1.0
2021-12-10,2021-22,True,L256256,1.0,8.0,128.5,0.7775529669021677,0.7665352083188351,0.6769008688409699,1.4101030799891747,1.0,L256258,-1.0,14.5,143.0,0.8567820576203035,0.8514268379624614,0.7947375450129114,1.2010254278152834,1.0,0.666193430891211,0.6526486486058025,0.5379585347197792,0.1282449788561697,1.0,0.6935696549076473,1.295488953014774,1.126611995777525,0.4595133948637107
2021-12-11,2021-22,True,L255190,1.0,7.5,126.0,0.7961639133330054,0.7848369441649611,0.6825934288956639,1.3983433762968407,1.0,L255181,1.0,10.0,116.5,0.8384119105451475,0.8291709055894658,0.7367874483057169,1.295488953014774,0.0,0.6675133076846264,0.6507639597333298,0.5029262707062859,0.20922598705472328,0.0,-1.0,1.3140605742405063,1.3237009780458107,-1.0
2021-12-12,2021-22,True,L256301,1.0,8.0,138.5,0.7993399031589625,0.7888798336175269,0.6938396688737047,1.375678046124719,0.0,L255219,1.0,10.5,121.0,0.832223053856285,0.8243594219855886,0.7469713793275955,1.2778267366270666,1.0,0.6652290952761389,0.6503205236570319,0.5182783744907934,0.1693917168277912,0.0,-1.0,1.4221563395255101,1.2154621434247768,-1.0
2021-12-13,2021-22,True,L255225,1.0,8.5,131.0,0.7683963377923869,0.7606241193245986,0.7048917894748871,1.3541085514856968,1.0,L256311,1.0,15.0,117.5,0.8592373423914592,0.8547632229133288,0.8195891281590211,1.1646079324453933,1.0,0.6602348271880605,0.6501535236595063,0.5777216471821749,0.04119399367988996,1.0,0.5770055604523836,1.3541085514856968,1.1186573681007779,0.5147835083277461
2021-12-14,2021-22,True,L253748,1.0,7.5,131.0,0.7894234454793881,0.7785838578410503,0.6825934288956639,1.3983433762968407,1.0,L253752,1.0,11.5,139.0,0.8433949591419095,0.8363993589746759,0.7666265868333761,1.245065089566816,1.0,0.665795754545754,0.6512070396062847,0.5232942705891737,0.15916939786095252,1.0,0.7410285210541898,1.3140605742405063,1.2298873200688945,0.6161464380608488
2021-12-15,2021-22,True,L253757,1.0,7.5,124.0,0.7687495866505536,0.758696998064278,0.6825934288956639,1.3983433762968407,1.0,L256327,1.0,13.5,116.0,0.8638881152316551,0.8586141940733473,0.8029572936623321,1.188730717727805,1.0,0.6641136314966607,0.651428011538828,0.5480933723377538,0.10392535800125602,1.0,0.6622537253352656,1.245065089566816,1.2778267366270666,0.5909774602894509
2021-12-16,2021-22,True,L253758,1.0,9.0,130.5,0.7875420316313559,0.7802665143457093,0.715739769877829,1.333585250073397,1.0,L255261,1.0,13.5,116.0,0.8396319401376838,0.8345108667654828,0.789808531721508,1.208520751123721,1.0,0.6612454439586085,0.6511408851947199,0.5652973767418981,0.06570643474574522,1.0,0.6116654481062169,1.4221563395255101,1.1704075849571443,0.6645025667755449
2021-12-17,2021-22,True,L255265,1.0,9.0,129.5,0.7715926998885843,0.7638920834239801,0.7048917894748871,1.3541085514856968,1.0,L255264,-1.0,15.0,134.5,0.8578189029294809,0.8544890532398711,0.810861033418282,1.177143752951342,1.0,0.6618868033268216,0.6527374231423894,0.571569284861669,0.05503460621508416,1.0,0.5939804221993785,1.375678046124719,1.150348386487771,0.5825090206862198
2021-12-18,2021-22,True,L256357,1.0,8.5,120.0,0.7993492563048833,0.7898095322262049,0.7048917894748871,1.3541085514856968,1.0,L253776,1.0,11.5,128.0,0.8324473018834234,0.8244185977154843,0.7569196551141766,1.261032123490068,1.0,0.6654161316735212,0.6511336670202504,0.5335464501821463,0.1362475398924774,1.0,0.7075743821160685,1.3983433762968407,1.2225828871851177,0.7095906822691769
2021-12-19,2021-22,True,L256397,1.0,7.5,117.0,0.7938551307922033,0.7831897220311447,0.6825934288956639,1.3983433762968407,0.0,L255303,1.0,11.5,119.0,0.8379581963060176,0.8305384534423372,0.7666265868333761,1.245065089566816,1.0,0.6652174135269123,0.6504691804876809,0.5232942705891737,0.15816248965225355,0.0,-1.0,1.3983433762968407,1.2154621434247768,-1.0
2021-12-20,2021-22,True,L256408,1.0,6.0,146.5,0.7631652913604509,0.7498111958093765,0.6478021815659681,1.4734436331977676,0.0,L252297,1.0,14.5,123.0,0.8733942159922521,0.8671315206553762,0.8114021146415241,1.1763587779429145,0.0,0.6665441513202596,0.6501849224266107,0.5256280599920191,0.155319878829542,0.0,-1.0,1.333585250073397,1.1428533334550277,-1.0
2021-12-21,2021-22,True,L256428,1.0,8.0,124.5,0.7867535408404215,0.776435588499159,0.6825934288956639,1.3983433762968407,1.0,L256435,1.0,11.5,121.0,0.8462159041708855,0.8398712020543371,0.7666265868333761,1.245065089566816,1.0,0.665763358921923,0.6521058910305553,0.5232942705891737,0.15911299615590524,1.0,0.7410285210541898,1.375678046124719,1.2154621434247768,0.6720845866051597
2021-12-22,2021-22,True,L256450,1.0,12.5,119.0,0.8565617209934502,0.8504730196508491,0.7852980079745879,1.2154621434247768,1.0,L262372,1.0,8.0,146.5,0.7747708400603848,0.7659102174429124,0.6938396688737047,1.375678046124719,1.0,0.6636390441376643,0.6513859754101121,0.544870909820268,0.10966061677196981,1.0,0.6720845866051597,1.188730717727805,1.375678046124719,0.6353107511322216
2021-12-23,2021-22,True,L263067,-1.0,11.0,140.5,0.7929745973308711,0.7873486457038033,0.7314427355189834,1.3049551983351777,0.0,L252320,-1.0,15.0,147.5,0.8289494406361734,0.8257537401869811,0.8069143772773235,1.1829012183679974,1.0,0.6573358488961204,0.6501560890210698,0.5902116594453225,0.014685370245944851,0.0,-1.0,1.2204955818876135,1.2138504003988912,-1.0
2021-12-25,2021-22,True,L263079,1.0,9.5,112.0,0.7774438221324161,0.7719731325211185,0.7263744295438411,1.3140605742405063,1.0,L263077,-1.0,15.0,147.5,0.8477663765557759,0.8442789388561118,0.810861033418282,1.177143752951342,0.0,0.6590907320648716,0.6517606571503586,0.588988720588534,0.019506718965706327,0.0,-1.0,1.245065089566816,1.2138504003988912,-1.0
2021-12-28,2021-22,True,L255372,1.0,7.0,135.5,0.7736851466188093,0.7631496861018252,0.6711639033430463,1.4221563395255101,1.0,L256488,1.0,13.5,122.0,0.8588661592359487,0.8529901806861524,0.7942554205916831,1.2017544674595262,1.0,0.6644919903343985,0.6509591886385764,0.533075568335687,0.13567178786128098,1.0,0.7090827344506685,1.375678046124719,1.2154621434247768,0.6720845866051597
2021-12-29,2021-22,True,L254484,1.0,9.0,111.5,0.7951614362252886,0.7868733405521076,0.7103418909494663,1.343719147302694,1.0,L256507,1.0,11.0,124.5,0.8330626017056574,0.8265354843226557,0.7569196551141766,1.261032123490068,1.0,0.662419254837846,0.6503787376338221,0.537671739110622,0.12245154842658068,1.0,0.6944730096973797,1.3140605742405063,1.333585250073397,0.7524117995101172
2021-12-30,2021-22,True,L256503,1.0,8.5,113.0,0.7940844271096588,0.7849657357951103,0.6938396688737047,1.375678046124719,1.0,L255394,1.0,12.0,113.5,0.8367004010540675,0.8306959339642856,0.7666265868333761,1.245065089566816,1.0,0.6644107586334409,0.6520678450262819,0.5319159371582481,0.1380085342146289,1.0,0.7128087097133757,1.3140605742405063,1.261032123490068,0.657072596329084
2021-12-31,2021-22,True,L255396,1.0,15.0,122.5,0.8803607742603691,0.8761276187300618,0.8275183009270541,1.1534488106555354,1.0,L254491,1.0,7.5,141.0,0.7521700148364067,0.7432164455401976,0.6825934288956639,1.3983433762968407,1.0,0.6621809766368123,0.651152454632154,0.5648585545037117,0.06804328821717531,1.0,0.6129175042776367,1.2017544674595262,1.4221563395255101,0.7090827344506685
2022-01-01,2021-22,True,L255408,1.0,9.0,110.5,0.7929783821182,0.7841479031688704,0.699390639807212,1.3647594715638593,1.0,L256568,1.0,12.5,120.0,0.836006361655983,0.8295476997661245,0.7713880095624568,1.2373798764922561,1.0,0.6629349721064842,0.6504880893501662,0.5395015535474984,0.11951546163179394,1.0,0.688725906365325,1.4734436331977676,1.286546824292902,0.8956542270651833
2022-01-02,2021-22,True,L257413,1.0,7.5,117.0,0.7919477091209899,0.7800644526803784,0.6711639033430463,1.4221563395255101,1.0,L253844,1.0,11.0,108.5,0.8422971252664221,0.8337808878734163,0.7469713793275955,1.2778267366270666,1.0,0.6670552787539384,0.6504028319543365,0.5013402266350483,0.21221914239204231,1.0,0.8172693943093772,1.295488953014774,1.2529475930767637,0.6231797655373976
2022-01-03,2021-22,True,L262498,1.0,10.5,141.0,0.788577542142124,0.7832013999855764,0.7469713793275955,1.2778267366270666,1.0,L252404,-1.0,15.0,155.5,0.8336974609579934,0.8304381233407708,0.810861033418282,1.177143752951342,1.0,0.6574350946523838,0.6504003008018865,0.6056899845754536,-0.011095492253257566,1.0,0.5041857603747513,1.2298873200688945,1.1357612140566788,0.3968583157943628
2022-01-04,2021-22,True,L253858,1.0,14.0,127.5,0.8571853529042269,0.8519505016191223,0.8029572936623321,1.188730717727805,0.0,L252413,1.0,8.5,136.0,0.7716706198914399,0.7633150167405769,0.7048917894748871,1.3541085514856968,1.0,0.6614647526374675,0.6503066114055432,0.5659980036015537,0.06474025299892672,0.0,-1.0,1.1763587779429145,1.3140605742405063,-1.0
2022-01-05,2021-22,True,L256571,1.0,10.5,113.0,0.8339754517953145,0.8259430558263808,0.7469713793275955,1.2778267366270666,1.0,L263143,1.0,8.5,121.0,0.7964418130470461,0.7870225894387457,0.7048917894748871,1.3541085514856968,1.0,0.6642129208645897,0.6500358425254288,0.5265339922607535,0.14929831836127394,1.0,0.730316111383772,1.245065089566816,1.2529475930767637,0.5600013071966474
2022-01-06,2021-22,True,L263379,1.0,6.0,138.5,0.77836399659075,0.7645288811710708,0.6418662224070821,1.4870699947732104,1.0,L257370,1.0,12.0,113.5,0.8581353282603206,0.8503729246301867,0.7618036103617951,1.2529475930767637,1.0,0.6679416437204182,0.6501346606456879,0.4889760055990021,0.24452274418721331,1.0,0.8632207706877697,1.5153406788138335,1.1428533334550277,0.7318121461023941
2022-01-07,2021-22,True,L263391,-1.0,13.0,163.5,0.8261554428554325,0.8216912668765899,0.7777231300418386,1.2273005175359148,1.0,L253877,1.0,11.0,135.5,0.7965590582311625,0.7913229053515033,0.7569196551141766,1.261032123490068,1.0,0.6580816015134723,0.6502231206067406,0.5886739233655863,0.01849011042218951,1.0,0.5476653777887743,1.1554516462689592,1.188730717727805,0.37352086476907376
2022-01-08,2021-22,True,L256606,1.0,11.0,111.5,0.8434191413700242,0.8349930010502765,0.7469713793275955,1.2778267366270666,1.0,L252483,1.0,7.5,136.0,0.7912549847116314,0.779776272087944,0.6825934288956639,1.3983433762968407,1.0,0.6673595998102357,0.6511077295785093,0.5098777551021471,0.19246519651990845,1.0,0.786840553217466,1.2298873200688945,1.3140605742405063,0.6161464380608488
2022-01-09,2021-22,True,L253913,1.0,9.0,129.5,0.7828818867014407,0.7742874937962116,0.7048917894748871,1.3541085514856968,1.0,L252506,1.0,12.5,119.0,0.8482626377393895,0.8418735427107847,0.7852980079745879,1.2154621434247768,1.0,0.6640894542517539,0.6518521554788714,0.5535501181122714,0.09300337098798339,1.0,0.6458676824186247,1.295488953014774,1.1534488106555354,0.4942801920722757
2022-01-10,2021-22,True,L256642,1.0,13.0,122.5,0.844204913300945,0.8392166661033806,0.7942554205916831,1.2017544674595262,1.0,L255422,1.0,9.5,131.0,0.7816871264399011,0.775200301777969,0.7263744295438411,1.3140605742405063,1.0,0.6599041128046615,0.6505610128204417,0.5769268280443874,0.04210616633469311,1.0,0.5791781656059587,1.097431881006698,1.2298873200688945,0.34971755508949376
2022-01-11,2021-22,True,L253922,1.0,7.0,138.5,0.7692032670386731,0.7576551058609015,0.6711639033430463,1.4221563395255101,1.0,L252532,1.0,13.5,126.0,0.8670469668366737,0.860714306167905,0.8029572936623321,1.188730717727805,0.0,0.6669353595667415,0.6521245887556364,0.5389159514321795,0.12749485918822057,0.0,-1.0,1.2225828871851177,1.132794661443799,-1.0
2022-01-12,2021-22,True,L257392,1.0,9.5,123.0,0.7915826480314935,0.7838371334499844,0.715739769877829,1.333585250073397,0.0,L256639,1.0,12.5,126.0,0.8366463161655576,0.8302107070423635,0.7760873572926436,1.2298873200688945,1.0,0.6622747064161262,0.6507499807675711,0.5554765865137291,0.08623621047671937,0.0,-1.0,1.295488953014774,1.3868705458987356,-1.0
2022-01-13,2021-22,True,L252546,1.0,5.5,127.0,0.7551899871290925,0.7415622196733817,0.6358953722302235,1.5010330970838186,1.0,L256668,1.0,15.0,106.5,0.8830194129087925,0.877614191933222,0.8195891281590211,1.1646079324453933,0.0,0.6668474190693298,0.6508055281868613,0.5211729337265251,0.16572601048032531,0.0,-1.0,1.5300006410505038,1.1141862762242687,-1.0
2022-01-14,2021-22,True,L252560,1.0,10.0,120.5,0.7845784584981339,0.7782678141130052,0.7263744295438411,1.3140605742405063,1.0,L256669,1.0,14.0,118.5,0.8413792296950853,0.8369854833025413,0.8029572936623321,1.188730717727805,1.0,0.6601280190465173,0.651398862534186,0.583247646132043,0.031162325871706198,1.0,0.5620641695547286,1.3140605742405063,1.2298873200688945,0.6161464380608488
2022-01-15,2021-22,True,L256680,1.0,9.5,130.0,0.8094231484174089,0.7994061890930859,0.7103418909494663,1.343719147302694,0.0,L253356,1.0,10.5,120.0,0.8215983229941289,0.8134163287319589,0.7367874483057169,1.295488953014774,1.0,0.6650207013323711,0.6502500474977041,0.5233709892573151,0.15765028833147232,0.0,-1.0,1.434509979997853,1.295488953014774,-1.0
2022-01-16,2021-22,True,L252604,1.0,10.0,123.5,0.8047912983316116,0.7963077771524205,0.7263744295438411,1.3140605742405063,1.0,L257408,1.0,11.0,122.5,0.8244719403086497,0.8171678430395868,0.7569196551141766,1.261032123490068,0.0,0.6635278432789811,0.6507171086512914,0.549807082694081,0.09951380599893866,0.0,-1.0,1.1279585667353302,1.2298873200688945,-1.0
2022-01-17,2021-22,True,L263434,1.0,9.0,131.5,0.7951337046483655,0.7863808663840083,0.715739769877829,1.333585250073397,1.0,L263479,1.0,12.5,126.0,0.8335319125139801,0.8271688343441329,0.7760873572926436,1.2298873200688945,0.0,0.6627693175398783,0.6504697445973895,0.5554765865137291,0.08704745165431405,0.0,-1.0,1.3140605742405063,1.3140605742405063,-1.0
2022-01-18,2021-22,True,L263407,1.0,8.5,118.0,0.7681351766355433,0.7616953347168971,0.7048917894748871,1.3541085514856968,1.0,L252620,1.0,14.5,106.0,0.8582674128142523,0.8542053335628229,0.8114021146415241,1.1763587779429145,1.0,0.6592653907426065,0.6506442174650932,0.5719506885733714,0.050155365418644404,1.0,0.5929174808277644,1.3983433762968407,1.1589561906851364,0.6206187126627789
2022-01-19,2021-22,True,L254003,1.0,9.5,122.0,0.7968505088527977,0.7884161012409194,0.715739769877829,1.333585250073397,0.0,L263372,1.0,12.0,131.5,0.8317067662271821,0.8247694389624378,0.7666265868333761,1.245065089566816,1.0,0.662745959884445,0.6502615054894257,0.5487051368423461,0.10042368262336376,0.0,-1.0,1.2778267366270666,1.0935121159416723,-1.0
2022-01-20,2021-22,True,L255470,1.0,9.0,125.5,0.7977625415903797,0.7890601536033305,0.7048917894748871,1.3541085514856968,1.0,L253368,1.0,11.0,123.5,0.832914600966313,0.8254893572764939,0.7569196551141766,1.261032123490068,1.0,0.6644680689946229,0.6513607590505048,0.5335464501821463,0.1346286523493503,1.0,0.7075743821160685,1.245065089566816,1.2154621434247768,0.513329482468244
2022-01-21,2021-22,True,L254544,1.0,9.0,124.5,0.7684662899206216,0.7609950125543142,0.7048917894748871,1.3541085514856968,1.0,L252656,1.0,15.0,124.5,0.8598747621341022,0.8555317064775172,0.8275183009270541,1.1534488106555354,1.0,0.6607847682535705,0.651055361711472,0.5833108559636893,0.03207635834990863,1.0,0.5618948982096668,1.3647594715638593,1.0935121159416723,0.4923810175012344
2022-01-22,2021-22,True,L256765,1.0,5.5,132.0,0.7621766089294222,0.7469082692147319,0.6238559477626342,1.5300006410505038,0.0,L256751,1.0,12.5,110.0,0.8780752310746871,0.8708082536663955,0.7852980079745879,1.2154621434247768,1.0,0.6692484020054238,0.6504138855638706,0.48991283304109523,0.24457305015326258,0.0,-1.0,1.4601464331045222,1.1232471450190367,-1.0
2022-01-23,2021-22,True,L257432,1.0,7.5,130.0,0.7721193389566158,0.7631425676541196,0.6825934288956639,1.3983433762968407,1.0,L252704,1.0,13.5,117.0,0.8573541230846022,0.8521648255981764,0.8029572936623321,1.188730717727805,1.0,0.661979698767812,0.6503232530715174,0.5480933723377538,0.1003782203731125,1.0,0.6622537253352656,1.261032123490068,1.1704075849571443,0.47592156220739
2022-01-24,2021-22,True,L263483,1.0,8.0,126.5,0.7781478027132384,0.7684281615043144,0.6825934288956639,1.3983433762968407,1.0,L256776,1.0,12.5,110.0,0.854147599629995,0.8479149540539357,0.7760873572926436,1.2298873200688945,1.0,0.6646530778448675,0.651561729255681,0.5297521303369598,0.14307354537719963,1.0,0.719804787609811,1.295488953014774,1.1428533334550277,0.48055386840709824
2022-01-25,2021-22,True,L263444,1.0,13.0,113.5,0.8505807101960996,0.8456558657420796,0.7942554205916831,1.2017544674595262,1.0,L257436,1.0,9.0,124.5,0.7770397965439507,0.7701145911824525,0.715739769877829,1.333585250073397,0.0,0.6609350619949863,0.6512519213270046,0.5684801919585095,0.05924231078483433,0.0,-1.0,1.1377585272140172,1.2529475930767637,-1.0
2022-01-26,2021-22,True,L254054,1.0,9.0,120.5,0.7852112470594941,0.7771165313977608,0.7048917894748871,1.3541085514856968,1.0,L252725,1.0,12.0,115.5,0.8429055473121198,0.8365116273175719,0.7760873572926436,1.2298873200688945,1.0,0.6618589159583149,0.6500670142949279,0.5470576060708475,0.10226045910927062,1.0,0.6654009374691161,1.295488953014774,1.1534488106555354,0.4942801920722757
2022-01-27,2021-22,True,L255507,1.0,6.0,130.5,0.774333663284454,0.7614796948023628,0.6478021815659681,1.4734436331977676,0.0,L257442,1.0,13.0,115.5,0.8629004206025209,0.8569901147611813,0.7852980079745879,1.2154621434247768,1.0,0.6681728437348461,0.6525805710369862,0.5087177627453471,0.19664073945348992,0.0,-1.0,1.3140605742405063,1.2017544674595262,-1.0
2022-01-28,2021-22,True,L252754,1.0,9.5,123.0,0.7897830552437171,0.7831392479118424,0.7263744295438411,1.3140605742405063,1.0,L252775,1.0,13.0,104.5,0.8368236133704622,0.8315573226801407,0.7807241619401746,1.2225828871851177,1.0,0.6609091100678106,0.6512251762793106,0.5670980677603877,0.06178218965678739,1.0,0.6065479707910917,1.245065089566816,1.1534488106555354,0.4361188467495716
2022-01-29,2021-22,True,L257448,1.0,7.0,138.5,0.7842407954644491,0.7726513591782821,0.6711639033430463,1.4221563395255101,0.0,L255515,1.0,11.5,113.0,0.8513181022849351,0.8427773737537371,0.7569196551141766,1.261032123490068,1.0,0.6676383857292227,0.651173083315528,0.5080171502435031,0.19733255206908895,0.0,-1.0,1.333585250073397,1.2154621434247768,-1.0
2022-01-30,2021-22,True,L252802,1.0,9.0,121.5,0.7924367483088033,0.783653139437699,0.7048917894748871,1.3541085514856968,1.0,L252805,1.0,12.0,120.5,0.8362857504495137,0.8294786583863984,0.7666265868333761,1.245065089566816,0.0,0.6627035607431999,0.6500235547410718,0.5403887866520034,0.11728724517559153,0.0,-1.0,1.295488953014774,1.1704075849571443,-1.0
2022-01-31,2021-22,True,L263378,-1.0,14.5,177.0,0.8544341347924159,0.8496388324757008,0.8029114831469595,1.188798541352154,1.0,L257673,1.0,9.0,141.5,0.7743435853569729,0.7668448957180363,0.715739769877829,1.333585250073397,0.0,0.6616255913865424,0.6515412018878228,0.5746756801798711,0.04891752642510494,0.0,-1.0,1.1096039468023038,1.333585250073397,-1.0
2022-02-01,2021-22,True,L252812,1.0,8.5,118.0,0.7740128892297222,0.7658917785565555,0.6938396688737047,1.375678046124719,1.0,L256852,1.0,13.0,121.5,0.8542420087207699,0.8487312190676327,0.7942554205916831,1.2017544674595262,0.0,0.6611943252713647,0.6500362628881828,0.5510859180244785,0.09310446796211935,0.0,-1.0,1.295488953014774,1.1824652234874238,-1.0
2022-02-02,2021-22,True,L254111,1.0,9.5,121.0,0.791258302604163,0.7838157461259668,0.715739769877829,1.333585250073397,0.0,L252833,1.0,12.5,108.0,0.8348958945718851,0.8295914655325248,0.7760873572926436,1.2298873200688945,1.0,0.660618308390134,0.6502468535361102,0.5554765865137291,0.0835194533706971,0.0,-1.0,1.2154621434247768,1.2017544674595262,-1.0
2022-02-03,2021-22,True,L256864,1.0,8.0,122.5,0.7853169154417278,0.7746284968691531,0.6825934288956639,1.3983433762968407,1.0,L254122,1.0,12.0,110.5,0.8491865641377184,0.8416827674038544,0.7666265868333761,1.245065089566816,0.0,0.6668805731831919,0.6519914569547167,0.5232942705891737,0.16105809804890314,0.0,-1.0,1.2298873200688945,1.132794661443799,-1.0
2022-02-04,2021-22,True,L252856,1.0,8.0,124.5,0.7823838888618443,0.7732570361671137,0.6938396688737047,1.375678046124719,0.0,L256879,1.0,13.0,124.5,0.8473861396063306,0.8414329705035634,0.7852980079745879,1.2154621434247768,1.0,0.6629812632728266,0.6506439649048759,0.544870909820268,0.10856075152651079,0.0,-1.0,1.295488953014774,1.2778267366270666,-1.0
2022-02-05,2021-22,True,L253420,1.0,6.5,117.0,0.7821990629925555,0.7698351615669702,0.6595627045010414,1.447170971745709,1.0,L257478,1.0,11.5,120.0,0.8536710521659178,0.8455064375012056,0.7618036103617951,1.2529475930767637,1.0,0.6677406971080498,0.650900584919654,0.5024572495488832,0.21076705410381202,1.0,0.8132293858193473,1.3541085514856968,1.245065089566816,0.6859532849387306
2022-02-06,2021-22,True,L263656,1.0,10.5,120.0,0.8093476386710412,0.8019990401769104,0.7367874483057169,1.295488953014774,1.0,L252910,1.0,11.5,131.0,0.8175290219754885,0.8108511361001077,0.7666265868333761,1.245065089566816,1.0,0.6616651834809074,0.6503018328786437,0.5648408467162843,0.0672448135342456,1.0,0.6129680693181603,1.286546824292902,1.1646079324453933,0.4983226370339431
2022-02-07,2021-22,True,L263642,1.0,6.5,136.0,0.7618929812320955,0.7494976103861284,0.6478021815659681,1.4734436331977676,1.0,L256617,1.0,14.0,114.5,0.8741176357440189,0.8683425861686751,0.8072119002239322,1.1824652234874238,1.0,0.6659840914445615,0.6508206933299328,0.5229136299510738,0.16034132203666318,1.0,0.74229585502532,1.4734436331977676,1.1534488106555354,0.6995418062799359
2022-02-08,2021-22,True,L256916,1.0,9.0,116.5,0.7907967428469381,0.7825752696882461,0.7048917894748871,1.3541085514856968,0.0,L263625,1.0,12.0,130.5,0.8373852859698618,0.8307940355382268,0.7713880095624568,1.2373798764922561,1.0,0.6622015566529186,0.6501588664167142,0.5437450744399515,0.10954961457180179,0.0,-1.0,1.295488953014774,1.2298873200688945,-1.0
2022-02-09,2021-22,True,L257483,1.0,8.0,114.5,0.788874127260118,0.7779377771755582,0.6769008688409699,1.4101030799891747,1.0,L254179,1.0,11.5,128.0,0.8454167373825339,0.8371758794934057,0.7666265868333761,1.245065089566816,1.0,0.6669273908737428,0.651270742798093,0.5189302027040995,0.17090449075607128,1.0,0.755670117585165,1.2778267366270666,1.2154621434247768,0.553150024226222
2022-02-10,2021-22,True,L257489,1.0,6.5,129.0,0.768781378854876,0.7555806406485248,0.6478021815659681,1.4734436331977676,1.0,L256940,1.0,13.0,107.5,0.868766194789053,0.8628471679984222,0.7942554205916831,1.2017544674595262,1.0,0.6678912731324319,0.6519506159780132,0.5145203941798878,0.18264674455807728,1.0,0.7707174687452127,1.333585250073397,1.1534488106555354,0.5382223206049244
2022-02-11,2021-22,True,L252969,1.0,13.0,117.5,0.8305224619880964,0.8259838624749049,0.7942554205916831,1.2017544674595262,1.0,L256925,1.0,11.0,130.5,0.7933429526228932,0.7882366137697476,0.7569196551141766,1.261032123490068,1.0,0.658889142213271,0.6510707227856759,0.601187539026822,-0.0014857984410946434,1.0,0.5154509880141622,1.2017544674595262,1.261032123490068,0.5154509880141622
2022-02-12,2021-22,True,L257501,1.0,5.0,124.5,0.7567457049813981,0.742595642190777,0.6238559477626342,1.5300006410505038,0.0,L257499,1.0,14.0,108.5,0.8825832209502571,0.8762584111054249,0.8029572936623321,1.188730717727805,1.0,0.6678910617427554,0.6507056775199029,0.500929683450634,0.21473271937717775,0.0,-1.0,1.4221563395255101,1.1480823224062329,-1.0
2022-02-13,2021-22,True,L253005,1.0,9.5,121.0,0.7870615739131084,0.7808277592170241,0.7263744295438411,1.3140605742405063,1.0,L256976,-1.0,13.5,157.0,0.840292891328269,0.8353943567540247,0.7863407217943295,1.2138504003988912,1.0,0.661362245596824,0.6522991036467923,0.5711777932204484,0.05492103087401401,1.0,0.5950729541902355,1.2154621434247768,1.113700718131987,0.35366106199441805
2022-02-14,2021-22,True,L254238,1.0,9.5,116.0,0.7955195878757096,0.7890433749414689,0.7263744295438411,1.3140605742405063,0.0,L257504,1.0,11.5,109.0,0.8300501960258255,0.8250239909316137,0.7666265868333761,1.245065089566816,1.0,0.6603211898586168,0.6509797142123603,0.5568579496842356,0.08034552055137589,0.0,-1.0,1.2529475930767637,1.2154621434247768,-1.0
2022-02-15,2021-22,True,L253027,1.0,7.5,117.0,0.767286690987959,0.7581373290244507,0.6769008688409699,1.4101030799891747,1.0,L257505,1.0,14.5,115.0,0.8631445347883431,0.8580397728349787,0.8155278659057478,1.1704075849571443,1.0,0.662279313942089,0.6505119815738573,0.5520315209956227,0.09302269376721362,1.0,0.6503953403907607,1.447170971745709,1.1428533334550277,0.6539041691389353
2022-02-16,2021-22,True,L254242,1.0,5.5,138.0,0.7623232252882471,0.7480487706446395,0.6358953722302235,1.5010330970838186,1.0,L254252,1.0,14.5,113.0,0.8772072213583261,0.8718227990998216,0.8195891281590211,1.1646079324453933,1.0,0.6687154382320205,0.6521659730865901,0.5211729337265251,0.16899152289553943,1.0,0.7481150517268913,1.447170971745709,1.1232471450190367,0.6255306623677928
2022-02-17,2021-22,True,L255591,1.0,8.0,128.5,0.7797449978826769,0.7702039322343368,0.688240155379069,1.3868705458987356,1.0,L257512,1.0,12.0,117.5,0.851943496028139,0.8450270623865499,0.7760873572926436,1.2298873200688945,1.0,0.6642986795066216,0.650843166294551,0.53413448337082,0.1330906033127146,1.0,0.7056944989778806,1.343719147302694,1.2298873200688945,0.6526231410013703
2022-02-18,2021-22,True,L253052,1.0,9.0,127.5,0.782245176993645,0.7739052678576037,0.7048917894748871,1.3541085514856968,0.0,L263417,1.0,13.5,128.0,0.8469674626229743,0.8412685505417393,0.7942554205916831,1.2017544674595262,1.0,0.662536212707367,0.6510621629471828,0.5598641247210006,0.0781491549331852,0.0,-1.0,1.261032123490068,1.188730717727805,-1.0
2022-02-19,2021-22,True,L257689,1.0,7.0,112.5,0.7923276077594996,0.7810741798456258,0.6711639033430463,1.4221563395255101,1.0,L257519,1.0,11.0,129.5,0.8405116034401525,0.8327496173928997,0.7569196551141766,1.261032123490068,0.0,0.6659605480478372,0.6504392244219177,0.5080171502435031,0.19432354342615898,0.0,-1.0,1.333585250073397,1.2693235220042343,-1.0
2022-02-20,2021-22,True,L254301,1.0,9.0,124.5,0.7856184091428003,0.7775116583468328,0.715739769877829,1.333585250073397,1.0,L257526,1.0,13.0,118.5,0.8436068936146627,0.8380040796818795,0.7852980079745879,1.2154621434247768,1.0,0.6627531057034509,0.6515579416948696,0.5620690155132491,0.07427134575306704,1.0,0.620922386493878,1.2298873200688945,1.2017544674595262,0.47802258136461817
2022-02-21,2021-22,True,L263722,1.0,5.5,128.0,0.7527360227584351,0.7402847242463155,0.6358953722302235,1.5010330970838186,0.0,L257049,1.0,15.0,108.5,0.8839337390923915,0.8789158275929764,0.8195891281590211,1.1646079324453933,1.0,0.665368767146399,0.6506479610653887,0.5211729337265251,0.16314115679758534,0.0,-1.0,1.5761763214208133,1.0823565219686293,-1.0
2022-02-22,2021-22,True,L253119,1.0,10.0,109.5,0.8044147738685671,0.7967479010304468,0.7263744295438411,1.3140605742405063,1.0,L263419,1.0,11.0,120.5,0.8225857414433737,0.8161086598000099,0.7569196551141766,1.261032123490068,1.0,0.6617001231906791,0.6502328617084289,0.549807082694081,0.09648514112685325,1.0,0.657072596329084,1.2529475930767637,1.2017544674595262,0.5057353674726612
2022-02-23,2021-22,True,L263731,1.0,12.5,122.0,0.846813799867842,0.8399785205200275,0.7760873572926436,1.2298873200688945,1.0,L254315,1.0,8.5,138.0,0.7836914355338525,0.77471659952268,0.7048917894748871,1.3541085514856968,1.0,0.6636407224483055,0.6507453030893674,0.5470576060708475,0.10522788130808958,1.0,0.6654009374691161,1.1763587779429145,1.3140605742405063,0.5458066912565265
2022-02-24,2021-22,True,L255618,1.0,13.0,114.5,0.8622282068277408,0.8572730360230791,0.7942554205916831,1.2017544674595262,0.0,L257533,1.0,8.0,124.5,0.7675356978659702,0.7589175234278857,0.688240155379069,1.3868705458987356,1.0,0.6617909284472542,0.6505995294001399,0.5466384740786878,0.1029922978699449,0.0,-1.0,1.2154621434247768,1.295488953014774,-1.0
2022-02-25,2021-22,True,L253151,1.0,7.5,124.0,0.7674121582826701,0.7583613395134645,0.6825934288956639,1.3983433762968407,1.0,L253161,1.0,14.0,111.5,0.8632588658245622,0.858715761236411,0.8072119002239322,1.1824652234874238,1.0,0.6624753493790771,0.651216834952569,0.5509975388192384,0.0953979639746434,1.0,0.6534924129650024,1.447170971745709,1.1534488106555354,0.6692376361753036
2022-02-26,2021-22,True,L257544,1.0,7.5,115.0,0.7899487783957819,0.7801203107393085,0.6825934288956639,1.3983433762968407,1.0,L255634,1.0,11.0,125.5,0.8414245185581564,0.8339411382864249,0.7569196551141766,1.261032123490068,1.0,0.6646822705472746,0.6505744199382985,0.5166683827829092,0.17207141481409205,1.0,0.7633559171798763,1.3541085514856968,1.2298873200688945,0.6654009374691161
2022-02-27,2021-22,True,L253198,1.0,9.5,123.0,0.797255904448994,0.7899689189331041,0.7263744295438411,1.3140605742405063,1.0,L257109,1.0,12.0,124.5,0.8291277009040888,0.8231613787945378,0.7713880095624568,1.2373798764922561,1.0,0.6610269550880042,0.6502719045138043,0.5603165254028886,0.07482461416916486,1.0,0.6259921110570608,1.261032123490068,1.2225828871851177,0.5417162943696672
2022-02-28,2021-22,True,L263723,1.0,8.5,131.0,0.7687761615917994,0.7617572582992937,0.7048917894748871,1.3541085514856968,1.0,L257116,1.0,14.5,119.0,0.8598431150454091,0.8557112880762899,0.8195891281590211,1.1646079324453933,1.0,0.6610268895557456,0.6518442847007517,0.5777216471821749,0.04244308043795453,1.0,0.5770055604523836,1.3541085514856968,1.1428533334550277,0.5475474719253874
2022-03-01,2021-22,True,L263780,1.0,5.5,136.0,0.7656485393524126,0.7515939624814623,0.6358953722302235,1.5010330970838186,1.0,L263791,1.0,15.0,112.5,0.8699308149612346,0.8655164648585604,0.8155278659057478,1.1704075849571443,1.0,0.6660612578127232,0.6505169494159927,0.5185903958542553,0.17015008670020837,1.0,0.7568205220986148,1.3983433762968407,1.245065089566816,0.7410285210541898
2022-03-02,2021-22,True,L263784,1.0,12.5,114.0,0.8399508499706679,0.8347374742220213,0.7760873572926436,1.2298873200688945,1.0,L257131,-1.0,10.0,153.5,0.7868041387326817,0.7800921147756753,0.7165796954231259,1.3320221129575642,1.0,0.6608768050889554,0.6511721215483623,0.5561284421105013,0.0826729051055426,1.0,0.6382371067778849,1.2154621434247768,1.177143752951342,0.430773669081324
2022-03-03,2021-22,True,L257554,1.0,8.0,117.5,0.7995043337868042,0.789420635919526,0.6938396688737047,1.375678046124719,0.0,L257133,1.0,10.5,110.0,0.8307306460248256,0.8237024026861183,0.7469713793275955,1.2778267366270666,1.0,0.6641727517063597,0.650247674536917,0.5182783744907934,0.16753479350709477,0.0,-1.0,1.343719147302694,1.2154621434247768,-1.0
2022-03-04,2021-22,True,L264022,1.0,10.0,128.5,0.7814007770257143,0.7755050840587632,0.7263744295438411,1.3140605742405063,0.0,L264012,-1.0,14.5,158.0,0.8444496577360835,0.8409184265262762,0.8029114831469595,1.188798541352154,1.0,0.6598536187140741,0.6521365150498227,0.5832143705450721,0.030792503969646612,0.0,-1.0,1.2778267366270666,1.1660361074638246,-1.0
2022-03-05,2021-22,True,L253265,1.0,8.0,124.5,0.7880516237705845,0.7782131907100068,0.6938396688737047,1.375678046124719,1.0,L253269,1.0,11.5,123.0,0.8444242839272644,0.8369097828440991,0.7666265868333761,1.245065089566816,1.0,0.6654499281001938,0.6512942324435254,0.5319159371582481,0.13978843272815156,1.0,0.7128087097133757,1.286546824292902,1.1763587779429145,0.5134406499915356
2022-03-06,2021-22,True,L257567,1.0,9.0,114.5,0.7951905639457119,0.7868696106184445,0.7048917894748871,1.3541085514856968,1.0,L264007,1.0,11.5,120.0,0.8341268901208766,0.8276374070258287,0.7569196551141766,1.261032123490068,1.0,0.6632898321575027,0.6512427241996729,0.5335464501821463,0.1326167253102184,1.0,0.7075743821160685,1.3046584040729787,1.2017544674595262,0.5678790656033179
2022-03-07,2021-22,True,L264114,-1.0,8.5,165.0,0.7757712485572811,0.7668503192759388,0.6803358759465818,1.40298348763684,1.0,L264085,-1.0,13.5,154.0,0.8543386000403461,0.8491223315253463,0.7820593651996464,1.2204955818876135,1.0,0.6627713224439788,0.6511497310345414,0.5320630432653292,0.13488663058814998,1.0,0.7123351481220386,1.2414039466056517,1.1311307769928904,0.4041902106860915
2022-03-08,2021-22,True,L264210,-1.0,10.0,161.5,0.7793516391434607,0.7736978064505395,0.7165796954231259,1.3320221129575642,1.0,L264118,-1.0,14.0,142.5,0.8445480781358453,0.8408671790478452,0.7905668763708665,1.207361487723437,1.0,0.6581999290306306,0.6505770919455709,0.5665041714814476,0.05853831989224356,1.0,0.608232199980961,1.2204955818876135,1.1554516462689592,0.4102236293560344
2022-03-09,2021-22,True,L264091,-1.0,12.5,140.0,0.8320262937755303,0.8275496648888717,0.7643889910678673,1.2487097683949422,1.0,L264219,-1.0,10.5,142.0,0.7926557274962173,0.7870288753421912,0.7215812530290681,1.3227893546197065,0.0,0.6595104071886243,0.651305482047296,0.5515687659763768,0.0893660928956157,0.0,-1.0,1.1829012183679974,1.2414039466056517,-1.0
2022-03-10,2021-22,True,L264064,1.0,8.5,120.0,0.7741105453916618,0.7662160947099814,0.6938396688737047,1.375678046124719,0.0,L264245,-1.0,13.5,140.0,0.853894454439664,0.849854783358403,0.7863407217943295,1.2138504003988912,1.0,0.6610087018332038,0.6511724131754729,0.5455943860316875,0.10379684734581551,0.0,-1.0,1.3541085514856968,1.188798541352154,-1.0
2022-03-11,2021-22,True,L264404,1.0,6.5,118.0,0.7603756856286701,0.7505458783073379,0.6595627045010414,1.447170971745709,1.0,L264383,-1.0,14.5,138.0,0.8704398333921612,0.8661724242316724,0.8029114831469595,1.188798541352154,1.0,0.6618612851140699,0.6501021429105567,0.5295704692993509,0.13866267371743746,1.0,0.7203947402984783,1.375678046124719,1.150348386487771,0.5825090206862198
2022-03-12,2021-22,True,L264692,1.0,8.5,122.0,0.779603467805835,0.772286635685317,0.7048917894748871,1.3541085514856968,1.0,L264701,1.0,13.0,105.5,0.8479735161531937,0.8431613745182979,0.7942554205916831,1.2017544674595262,0.0,0.6610830938005371,0.6511622612665438,0.5598641247210006,0.07578448581568287,0.0,-1.0,1.3541085514856968,1.2154621434247768,-1.0
2022-03-13,2021-22,True,L264703,-1.0,11.5,148.0,0.7858957488571292,0.7823254841228734,0.745868566239359,1.2797160829723027,1.0,L264710,-1.0,14.5,148.0,0.8342006923271473,0.830968543434891,0.8029114831469595,1.188798541352154,1.0,0.6555947777935791,0.6500878680335801,0.59886643675194,-0.0026275285310423113,1.0,0.5213246127823654,1.2487097683949422,1.1948388727148036,0.4920069720169762
2022-03-15,2021-22,True,L264763,-1.0,8.0,125.5,0.7836116224985168,0.774758377903242,0.6696163429177695,1.4254431064822666,0.0,L264762,-1.0,15.0,154.5,0.847188118999526,0.8434601270253831,0.8029114831469595,1.188798541352154,0.0,0.6638664564906851,0.6534777998402482,0.5376426510315493,0.12496465323412509,0.0,-1.0,1.448951269301374,1.1554516462689592,-1.0
2022-03-16,2021-22,True,L264801,-1.0,8.5,161.0,0.7703698874490515,0.7626298274277392,0.6909010859783705,1.3815291644075978,1.0,L264775,-1.0,14.5,138.0,0.8573365220387787,0.8538093365959545,0.7988524827881374,1.1948388727148036,1.0,0.6604662399889752,0.6511404670243652,0.5519280478948416,0.09023475918361568,1.0,0.6507047494233986,1.3815291644075978,1.150348386487771,0.5892398451620786
2022-03-17,2021-22,True,L264730,1.0,8.5,111.0,0.7860153270465774,0.7784622148276171,0.7048917894748871,1.3541085514856968,1.0,L264719,-1.0,13.5,152.0,0.8420412349035044,0.8368832613942131,0.7733323798199967,1.2342687632220604,1.0,0.6618573166393819,0.6514819972170988,0.5451156450701905,0.10618456173153334,1.0,0.6713338871106667,1.3046584040729787,1.1606799382895896,0.5142908359284193
2022-03-18,2021-22,True,L264743,-1.0,9.0,143.5,0.7695731043585838,0.7630754881204747,0.696122904620286,1.371165915766916,1.0,L264758,-1.0,14.5,139.0,0.8560500179795018,0.8523704110447914,0.8029114831469595,1.188798541352154,0.0,0.6587930698227067,0.6504229674674538,0.5589250738012432,0.07385908229101501,0.0,-1.0,1.3137685513977735,1.1948388727148036,-1.0
2022-03-19,2021-22,True,L264924,1.0,9.0,128.5,0.7769778743114806,0.770886568293592,0.715739769877829,1.333585250073397,1.0,L264923,-1.0,15.0,144.5,0.8477251568507577,0.844243875598328,0.8029114831469595,1.188798541352154,1.0,0.6586636903702682,0.6508162640628773,0.5746756801798711,0.04422183458979423,1.0,0.5853642000560018,1.2154621434247768,1.1660361074638246,0.41727274648866364
2022-03-20,2021-22,True,L264910,-1.0,11.5,122.0,0.8544891484456967,0.8485684794765174,0.7505764807983308,1.2716891941308517,0.0,L264790,-1.0,8.0,165.5,0.7791053337717959,0.7683512434226941,0.6696163429177695,1.4254431064822666,1.0,0.6657370532041622,0.651998646335087,0.5025982781522678,0.20679526743866683,0.0,-1.0,1.2716891941308517,1.2879332551220977,-1.0
2022-03-21,2021-22,True,L264960,-1.0,8.0,164.5,0.7658055117624631,0.7569636739954667,0.6803358759465818,1.40298348763684,0.0,L264962,-1.0,15.0,154.5,0.8640336442444078,0.8592580638473761,0.8029114831469595,1.188798541352154,1.0,0.6616817271105747,0.6504271409201412,0.5462494871943558,0.10359561092745295,0.0,-1.0,1.3049551983351777,1.1554516462689592,-1.0
2022-03-22,2021-22,True,L264971,-1.0,8.0,161.5,0.7606434859523019,0.7516397534601015,0.6696163429177695,1.4254431064822666,1.0,L264966,-1.0,15.0,139.5,0.8718888217988419,0.8677849046876686,0.8029114831469595,1.188798541352154,1.0,0.6631965527759164,0.6522616318158369,0.5376426510315493,0.12382945805621404,1.0,0.6945646857666017,1.3610385004939973,1.1554516462689592,0.5726141760312249
2022-03-23,2021-22,True,L264974,-1.0,10.0,148.5,0.794712099728648,0.7885235011396471,0.7215812530290681,1.3227893546197065,0.0,L264967,-1.0,15.0,157.5,0.832795655880385,0.829427597350071,0.8029114831469595,1.188798541352154,1.0,0.6618327843295972,0.6540231530043235,0.5793658740806105,0.04075194493327494,0.0,-1.0,1.2414039466056517,1.177143752951342,-1.0
2022-03-24,2021-22,True,L264961,-1.0,10.5,146.0,0.7900097560706821,0.7854567515237846,0.7314427355189834,1.3049551983351777,1.0,L264964,-1.0,14.5,151.0,0.8325171300638335,0.829295307971868,0.8029114831469595,1.188798541352154,0.0,0.6576966548463935,0.6513755986534999,0.5872837716126162,0.020303786208341945,0.0,-1.0,1.3414714195861086,1.2010254278152834,-1.0
2022-03-25,2021-22,True,L264969,-1.0,10.0,146.5,0.8043658464863469,0.79800955215351,0.7215812530290681,1.3227893546197065,1.0,L264968,-1.0,12.0,145.5,0.8191610051535735,0.814544843927613,0.7598372835638598,1.2561900036322446,1.0,0.6589051353189609,0.6500145661116251,0.5482843391722133,0.09488603535104012,1.0,0.6616747641844236,1.2561900036322446,1.2010254278152834,0.508716136529699
2022-03-26,2021-22,True,L264979,-1.0,10.5,138.0,0.7930141212891271,0.7870105726425044,0.7165796954231259,1.3320221129575642,1.0,L264975,-1.0,15.0,170.5,0.8340240041308926,0.8305810012004247,0.810861033418282,1.177143752951342,1.0,0.6613928127698991,0.6536760293807309,0.5810465523573537,0.037051700649074704,1.0,0.5679815090610436,1.2879332551220977,1.2138504003988912,0.5633582974170055
2022-03-27,2021-22,True,L264981,-1.0,12.5,160.0,0.8099927121945769,0.8064690352449535,0.7688875185308313,1.2414039466056517,1.0,L264980,-1.0,15.0,151.5,0.8158225586314589,0.8124101393223127,0.8029114831469595,1.188798541352154,1.0,0.6608103269354146,0.6551836212824838,0.617348617876775,-0.02478986373336267,1.0,0.47577920095360593,1.1715230576943316,1.2273005175359148,0.4378108550135107
2022-03-28,2021-22,True,L264982,-1.0,15.0,150.5,0.8422768203175676,0.8389934447512035,0.810861033418282,1.177143752951342,1.0,L264973,-1.0,11.5,149.0,0.7822642101492908,0.7787649286492718,0.7505764807983308,1.2716891941308517,1.0,0.6588830115727782,0.6533786701388778,0.6086132208795918,-0.013677834328339022,1.0,0.4969609905668584,1.2879332551220977,1.3049551983351777,0.680695196380328
2022-03-29,2021-22,True,L264976,-1.0,10.0,152.5,0.7875737508601156,0.7817939258820547,0.7215812530290681,1.3227893546197065,0.0,L264977,-1.0,14.0,149.5,0.8368141497658926,0.8327109475042364,0.7863407217943295,1.2138504003988912,1.0,0.6590528587039426,0.6510083607743025,0.567408723340134,0.05822034107621388,0.0,-1.0,1.188798541352154,1.126611995777525,-1.0
2022-04-02,2021-22,True,L264983,1.0,15.0,117.5,0.8477080555390096,0.8443910195529744,0.8275183009270541,1.1534488106555354,1.0,L264984,1.0,11.0,139.5,0.7750781210489269,0.7714593302710682,0.7569196551141766,1.261032123490068,1.0,0.6570399668852149,0.651413330431242,0.6263648669383752,-0.04431171273053114,1.0,0.4545360030380432,1.0896946373076613,1.1763587779429145,0.28187185187418784
2022-11-15,2022-23,True,L274510,1.0,13.5,140.0,0.8079872762946225,0.8037515412509018,0.7963174200970117,1.1986426215361679,1.0,L274643,-1.0,15.0,169.5,0.8126587330296795,0.8093019901766889,0.8122150362780531,1.1751813957716946,1.0,0.6566179162576895,0.6504777219419359,0.64678098225294,-0.07507322334128053,1.0,0.40862250900831687,1.1794893354663125,1.3213430322491004,0.5585100150305338
2022-11-16,2022-23,True,L274514,1.0,10.0,124.5,0.7888607614065974,0.7825874180302056,0.7284528353222843,1.3103113252043384,1.0,L274652,-1.0,14.0,158.5,0.8362579131815983,0.8322835424768038,0.7960169183194811,1.1990951172433646,0.0,0.6596910541247278,0.6513346285759548,0.5798607811143333,0.03649860997526777,0.0,-1.0,1.3828211182704246,1.1159738081156,-1.0
2022-11-17,2022-23,True,L276453,1.0,8.5,137.0,0.7913627654912881,0.782682527267281,0.7069403114065042,1.3501847109283662,1.0,L271689,1.0,12.5,117.0,0.8398601722712783,0.8327301309762859,0.7781720305522296,1.2265925303465859,1.0,0.6646340685545885,0.6517633234441335,0.5501211776064249,0.10071808111659619,1.0,0.6561264810128984,1.2742574630274712,1.16176626733555,0.4803893364458929
2022-11-18,2022-23,True,L271709,1.0,8.5,140.0,0.78472983944666,0.7759977127474854,0.7069403114065042,1.3501847109283662,1.0,L271711,1.0,12.0,127.5,0.8457232577594447,0.8394038923844009,0.7781720305522296,1.2265925303465859,1.0,0.6636642762778753,0.6513755005616315,0.5501211776064249,0.09911198244604957,1.0,0.6561264810128984,1.2053632995969,1.2575540274696266,0.5158094719721598
2022-11-19,2022-23,True,L274681,-1.0,13.0,157.5,0.8446792849678572,0.8384476440265057,0.7744918715875856,1.2324209394779397,1.0,L274528,1.0,9.5,130.0,0.7839499311440354,0.77667813941468,0.7284528353222843,1.3103113252043384,1.0,0.6621862672893447,0.6512039561591284,0.5641807997920393,0.0693348804288445,1.0,0.614855114416915,1.3401391028451524,1.5559112209484633,1.0851374677485794
2022-11-20,2022-23,True,L274536,1.0,11.5,134.0,0.8357337304646265,0.8278583455817622,0.7687174595710782,1.2416785752890054,1.0,L280449,-1.0,10.0,145.5,0.7948636127730746,0.7861909296362867,0.7223710851037031,1.3213430322491004,1.0,0.6642943323134319,0.6508547223200839,0.5552992654085217,0.08989663973197404,1.0,0.6406833337511173,1.2122589823271912,1.2254319787541188,0.48554092347566424
2022-11-21,2022-23,True,L271741,-1.0,13.5,159.0,0.8298274641131418,0.8251732054107279,0.7875757376516064,1.2119469333147925,1.0,L275895,1.0,10.5,132.0,0.7942279144766576,0.7882596890551811,0.7490636921460372,1.2742574630274712,1.0,0.6590721361980341,0.6504507743137274,0.589944389889951,0.017826470060996247,1.0,0.5443324245696313,1.1640673399522177,1.3103113252043384,0.5252906188398794
2022-11-22,2022-23,True,L274190,1.0,9.0,119.5,0.7822042512713471,0.7738327188129489,0.7178052578175199,1.329747852366181,1.0,L280467,-1.0,14.5,145.0,0.8480207671484035,0.8425796906169036,0.8001522590048531,1.192897963179044,1.0,0.6633254492298702,0.6520157328066519,0.5743534985682496,0.05220231855070323,1.0,0.5862535046293254,1.3716698662340723,1.1434022701030382,0.568370438883969
2022-11-23,2022-23,True,L271764,-1.0,11.5,154.0,0.8301480162508551,0.8240169454874995,0.7515859032778324,1.2699812434443147,1.0,L274740,-1.0,10.5,144.0,0.7975505349282419,0.7908576997529272,0.7223710851037031,1.3213430322491004,0.0,0.6620849944304883,0.651680146065677,0.5429239244994546,0.1110321615558858,0.0,-1.0,1.2699812434443147,1.1751813957716946,-1.0
2022-11-24,2022-23,True,L276300,-1.0,10.5,148.0,0.7981200100745678,0.7915793820653827,0.7223710851037031,1.3213430322491004,0.0,L271773,-1.0,12.5,144.0,0.8272675005301642,0.8212123238128993,0.7700194193170226,1.2395791275583732,0.0,0.6602587458574971,0.6500547438282918,0.5562397634829609,0.08144390269125945,0.0,-1.0,1.2699812434443147,1.1159738081156,-1.0
2022-11-25,2022-23,True,L274749,-1.0,7.5,159.0,0.7634814036041009,0.7536458062890704,0.6699515251802278,1.4247299455631868,1.0,L271786,1.0,14.0,127.5,0.8712678433491142,0.8655496316322929,0.8134287930973895,1.1734278502306723,1.0,0.6651967959552996,0.6523178500147273,0.5449578605611081,0.11208784210616285,1.0,0.6718177971814729,1.4247299455631868,1.1302142991276283,0.6102501568708412
2022-11-26,2022-23,True,L274755,1.0,8.0,117.5,0.7930131657538451,0.7831123562330943,0.6958671495937907,1.3716698662340723,1.0,L274248,1.0,11.0,126.5,0.8398632892435356,0.832033422458545,0.7590131152620031,1.2575540274696266,1.0,0.6660226458034534,0.6515756539261967,0.5281722930216735,0.14885507330638048,1.0,0.7249489646413816,1.2416785752890054,1.2918291914105389,0.6040366299073858
2022-11-27,2022-23,True,L280566,-1.0,13.5,133.0,0.8362004883790111,0.8301484396428994,0.7832704106735532,1.218608525220814,1.0,L280548,-1.0,10.5,158.0,0.7915478538737057,0.78445311167133,0.7323104623430503,1.3034089352568408,1.0,0.6618927019845509,0.6512125266269717,0.5735971165799806,0.05131412282152836,1.0,0.5883452403529703,1.1640673399522177,1.2699812434443147,0.47834368784543324
2022-11-28,2022-23,True,L271806,1.0,8.0,130.5,0.7780935833185466,0.7686674604468906,0.684595788913625,1.3942533907704604,1.0,L274780,1.0,13.5,125.0,0.8530034231174178,0.8469393112227365,0.8050031296756757,1.1857096759171042,1.0,0.663716490076418,0.6510146895102196,0.5511017526382563,0.09724265192087889,1.0,0.6531797361167662,1.2575540274696266,1.1207513356426992,0.4094053559294397
2022-11-29,2022-23,True,L274274,1.0,9.5,142.0,0.7978317293703916,0.7901870989703298,0.7284528353222843,1.3103113252043384,1.0,L276267,-1.0,13.5,148.0,0.8303419745096885,0.8246893830509798,0.7789090023343671,1.2254319787541188,1.0,0.6624731734918904,0.6516589111446848,0.5673984712085215,0.06373145226494481,1.0,0.605697400029084,1.2122589823271912,1.1640673399522177,0.4111510888907959
2022-11-30,2022-23,True,L276081,1.0,5.5,133.0,0.7639428866456398,0.7504952771532363,0.6377571995539548,1.496651077663371,1.0,L274284,1.0,14.5,118.0,0.8749835707912345,0.8686252705915037,0.8175438980242856,1.1675214044245072,1.0,0.6684374748377652,0.6518991631948754,0.5213945069163924,0.1680090396645968,1.0,0.7473721681269911,1.656347690657056,1.0875219649667043,0.8013144952114244
2022-12-01,2022-23,True,L274810,1.0,9.0,121.5,0.7810257126021581,0.7736295109035075,0.7178052578175199,1.329747852366181,0.0,L271840,-1.0,15.0,154.5,0.8507524792875621,0.8470020897575259,0.8122150362780531,1.1751813957716946,1.0,0.6644595613836211,0.6552658124333636,0.5830122235188342,0.038347592527122165,0.0,-1.0,1.3607931722976025,1.1990951172433646,-1.0
2022-12-02,2022-23,True,L271849,1.0,8.5,121.0,0.7743386225278748,0.7663879994522782,0.6958671495937907,1.3716698662340723,1.0,L274307,1.0,13.0,116.5,0.8543723796547233,0.8484799607618074,0.7963174200970117,1.1986426215361679,1.0,0.6615735315877009,0.650264859703589,0.5541311332947887,0.0877208057832437,1.0,0.6441419643449731,1.3103113252043384,1.2657997694170346,0.6585917733081805
2022-12-03,2022-23,True,L276286,1.0,10.5,111.0,0.8238453822753465,0.8163176477368761,0.7490636921460372,1.2742574630274712,1.0,L274313,1.0,10.5,119.0,0.8049066262543808,0.7966244354390678,0.738874772567872,1.2918291914105389,1.0,0.6631186072024998,0.6502985852673367,0.5534642651732538,0.09157478316059642,1.0,0.6461229881116228,1.2742574630274712,1.2742574630274712,0.6237320820812071
2022-12-04,2022-23,True,L273858,1.0,8.5,118.0,0.7693351944071954,0.759483861394781,0.6902555850418665,1.3828211182704246,1.0,L273857,1.0,14.0,115.5,0.8627434837688448,0.856851412839673,0.8050031296756757,1.1857096759171042,1.0,0.6637389258088453,0.6507648196650485,0.555657906234817,0.08828252470837494,1.0,0.6396243799957528,1.329747852366181,1.1207513356426992,0.49031668160740827
2022-12-05,2022-23,True,L271877,-1.0,10.5,136.0,0.7880914527139747,0.7822965627597246,0.7223710851037031,1.3213430322491004,1.0,L274334,1.0,13.5,131.0,0.8371005838152513,0.8316985418488082,0.7963174200970117,1.1986426215361679,1.0,0.6597118151666778,0.6506349105405976,0.5752366788424597,0.044863497893302684,1.0,0.5838180761236109,1.2699812434443147,1.1734278502306723,0.4902313603281383
2022-12-06,2022-23,True,L271887,-1.0,9.5,154.0,0.7918628809879082,0.7835722958208117,0.7122394966116354,1.3401391028451524,1.0,L271883,1.0,12.5,130.0,0.8378686626822855,0.8309765080742629,0.7873730068533974,1.2122589823271912,1.0,0.6634770931210805,0.6511301702049115,0.5607981540468535,0.07788200930596068,1.0,0.6245956649919395,1.2119469333147925,1.16176626733555,0.40799906492589333
2022-12-07,2022-23,True,L271894,1.0,8.5,131.0,0.7806904789010477,0.7722357719718418,0.7069403114065042,1.3501847109283662,1.0,L274889,-1.0,14.5,152.0,0.8497180614909515,0.8443819616976757,0.7960169183194811,1.1990951172433646,0.0,0.6633668003562408,0.6520619560307027,0.5627364481216197,0.07399077962627709,0.0,-1.0,1.2575540274696266,1.1246692864824783,-1.0
2022-12-08,2022-23,True,L271905,1.0,10.5,123.0,0.7841350463978193,0.7786658166556453,0.7490636921460372,1.2742574630274712,1.0,L273865,1.0,14.0,121.5,0.8407824153914915,0.8363545316804994,0.8134287930973895,1.1734278502306723,1.0,0.6592869583034777,0.6512406844246459,0.6093099750554255,-0.014201706005796622,1.0,0.4952491954807159,1.2495152542881487,1.1734278502306723,0.46621599866977426
2022-12-09,2022-23,True,L271906,-1.0,15.0,152.5,0.8348659004106344,0.8312253749372083,0.8082514566959695,1.1809443609317776,1.0,L274357,1.0,11.5,140.0,0.7875598748206319,0.7820874799121055,0.7590131152620031,1.2575540274696266,1.0,0.6575068840194134,0.6500909587236362,0.6134734560618599,-0.02353564725401247,1.0,0.4851013373073012,1.1640673399522177,1.1561587916008496,0.34584668910117133
2022-12-10,2022-23,True,L271917,1.0,12.5,117.0,0.8497046091622951,0.8430724502924558,0.7734762258161856,1.2340392220753715,1.0,L274915,1.0,8.0,134.5,0.7822597817125951,0.7728482373037041,0.6958671495937907,1.3716698662340723,0.0,0.6646897420834829,0.6515670571278391,0.5382366965372722,0.12511661391429985,0.0,-1.0,1.1857096759171042,1.3501847109283662,-1.0
2022-12-11,2022-23,True,L271928,1.0,14.5,110.0,0.8717071180231795,0.8659673505672428,0.8175438980242856,1.1675214044245072,1.0,L271933,1.0,8.5,123.0,0.7602172926947054,0.7512344844631869,0.6902555850418665,1.3828211182704246,0.0,0.6626868252862855,0.6505445361653345,0.5643142416281612,0.06989015524989894,0.0,-1.0,1.1207513356426992,1.4179875466640959,-1.0
2022-12-12,2022-23,True,L271935,-1.0,11.0,154.5,0.7800357612873329,0.7751713334870886,0.7420507849235575,1.2863001015467264,0.0,L276411,-1.0,15.0,152.5,0.8425150654762363,0.8388021388140351,0.8122150362780531,1.1751813957716946,1.0,0.6571918804948031,0.6502153724762976,0.602704805196845,-0.006565128239159002,0.0,-1.0,1.2395791275583732,1.1640673399522177,-1.0
2022-12-14,2022-23,True,L276424,1.0,8.0,128.5,0.7725646487164217,0.7622488299655921,0.684595788913625,1.3942533907704604,0.0,L274964,-1.0,15.0,148.5,0.8602741505544157,0.854821733396193,0.8082514566959695,1.1809443609317776,1.0,0.6646173969228902,0.6515868661104074,0.553325543637364,0.09431625727679305,0.0,-1.0,1.455866157598721,1.0784355016186415,-1.0
2022-12-15,2022-23,True,L274971,-1.0,11.0,166.5,0.7877603119328651,0.7822069474622885,0.7420507849235575,1.2863001015467264,1.0,L271952,1.0,14.5,119.0,0.8361502080605371,0.8318416477386905,0.8215938324574492,1.16176626733555,1.0,0.6586859487244987,0.6506723160496813,0.609664348263404,-0.015672847386771327,1.0,0.49438006764727915,1.6158658315746381,1.3398382908260853,1.164998913981234
2022-12-18,2022-23,True,L271987,1.0,12.0,120.5,0.8399829622402797,0.8333318050461783,0.7687174595710782,1.2416785752890054,1.0,L271985,1.0,9.0,127.5,0.7888265053708208,0.7808205218184421,0.7178052578175199,1.329747852366181,1.0,0.6626008246750299,0.6506825748640612,0.5517894342562467,0.09403308854685899,1.0,0.6511194188196543,1.2265925303465859,1.3501847109283662,0.6561264810128984
2022-12-19,2022-23,True,L275052,-1.0,14.0,150.5,0.8356873329724607,0.830413871814112,0.7875757376516064,1.2119469333147925,0.0,L276015,1.0,10.5,119.0,0.7901281874966257,0.783749045956573,0.738874772567872,1.2918291914105389,1.0,0.6603001177154195,0.6508360797834142,0.5819198440373047,0.03378463457838632,0.0,-1.0,1.2395791275583732,1.2122589823271912,-1.0
2022-12-20,2022-23,True,L276441,1.0,9.0,138.5,0.798069486764801,0.7895649484545626,0.7178052578175199,1.329747852366181,1.0,L272004,-1.0,12.0,165.5,0.8323983469837375,0.824930833577979,0.76091036598085,1.2544184475258182,1.0,0.6643117215611801,0.6513364710925764,0.5461854614289074,0.1081119674208928,1.0,0.6680602365659756,1.329747852366181,1.2863001015467264,0.7104547975301598
2022-12-21,2022-23,True,L276507,1.0,11.5,120.0,0.8515500603413343,0.844006849742681,0.7638962363398921,1.2495152542881487,1.0,L275102,1.0,8.0,117.5,0.7806395321516604,0.7711219038771183,0.6958671495937907,1.3716698662340723,1.0,0.6647536407085773,0.6508321688589052,0.5315702965672654,0.13933616972169527,1.0,0.7139224217068578,1.1207513356426992,1.2829322016748885,0.4378479785661602
2022-12-22,2022-23,True,L276515,1.0,12.5,117.0,0.8552122103791061,0.847161038736189,0.7781720305522296,1.2265925303465859,1.0,L275157,1.0,8.5,127.0,0.7797695920700906,0.769261015302642,0.6902555850418665,1.3828211182704246,1.0,0.666868476420676,0.6516879607830416,0.5371375902120464,0.1311143375570787,1.0,0.6961580544760158,1.1207513356426992,1.2575540274696266,0.4094053559294397
2022-12-23,2022-23,True,L272037,-1.0,14.0,155.5,0.8312780090868455,0.8276389607964282,0.7960169183194811,1.1990951172433646,1.0,L272036,1.0,11.0,120.5,0.7903435356874491,0.7859169695883539,0.7590131152620031,1.2575540274696266,1.0,0.6569952008409209,0.6504555039823833,0.6041872809749288,-0.00929926741742193,1.0,0.5079268940085573,1.1751813957716946,1.2265925303465859,0.4414687218558355
2022-12-25,2022-23,True,L281478,1.0,12.0,122.5,0.796515447677333,0.7928981768604834,0.7781720305522296,1.2265925303465859,0.0,L275168,1.0,15.0,132.5,0.8296725541249689,0.826198461630609,0.8215938324574492,1.16176626733555,1.0,0.6608470058744459,0.6550912539518459,0.6393413408926016,-0.05828388007381846,0.0,-1.0,1.2265925303465859,1.2053632995969,-1.0
2022-12-27,2022-23,True,L272039,-1.0,10.0,159.5,0.7836388614769624,0.7759878775824461,0.7223710851037031,1.3213430322491004,1.0,L272041,-1.0,15.0,145.5,0.8433680022188137,0.8398409047790781,0.8122150362780531,1.1751813957716946,1.0,0.6608959410648515,0.6517063612064381,0.5867206570937208,0.02625094748242085,1.0,0.552817748931701,1.1434022701030382,1.1338051957496964,0.29639543467482254
2022-12-28,2022-23,True,L276464,1.0,7.5,114.0,0.7682019874336391,0.7588694973814886,0.684595788913625,1.3942533907704604,0.0,L272050,-1.0,15.0,142.5,0.8636854967079148,0.8599069931501414,0.8122150362780531,1.1751813957716946,1.0,0.66348491508863,0.6525571876866749,0.5560389935282823,0.0871204618678969,0.0,-1.0,1.2742574630274712,1.1434022701030382,-1.0
2022-12-29,2022-23,True,L272090,1.0,8.5,126.0,0.7865847623428508,0.7778913380661064,0.7069403114065042,1.3501847109283662,1.0,L276046,1.0,12.5,128.0,0.844944387228307,0.838046683403734,0.7781720305522296,1.2265925303465859,1.0,0.6646203800209035,0.6519092559147933,0.5501211776064249,0.10069541117347414,1.0,0.6561264810128984,1.2657997694170346,1.5559112209484633,0.9694720647099417
2022-12-30,2022-23,True,L276599,1.0,10.0,126.5,0.7945402360107919,0.7866232888813786,0.7284528353222843,1.3103113252043384,0.0,L273882,1.0,12.0,132.5,0.833358584994759,0.8266642805456832,0.7781720305522296,1.2265925303465859,1.0,0.6621369268033555,0.650273375163604,0.5668616220242709,0.06419844279233233,0.0,-1.0,1.3103113252043384,1.1117735854425856,-1.0
2022-12-31,2022-23,True,L277435,1.0,11.0,122.5,0.8314647333304929,0.8227688531512384,0.7490636921460372,1.2742574630274712,1.0,L272153,1.0,9.5,140.0,0.8000891717522957,0.790735748423122,0.7284528353222843,1.3103113252043384,1.0,0.6652459298316374,0.6505927448757782,0.5456575703807595,0.11074382268767247,1.0,0.669673985031044,1.2829322016748885,1.2575540274696266,0.6133565571867314
2023-01-01,2022-23,True,L276612,1.0,9.5,131.0,0.7843599369686653,0.7775845404199466,0.7284528353222843,1.3103113252043384,1.0,L275215,-1.0,15.0,146.5,0.8429117490560738,0.8389528849675245,0.8042304910661331,1.1868488083990216,1.0,0.6611462063597695,0.6523567934914609,0.5858439814697577,0.028175860070419168,1.0,0.5551414349505119,1.2742574630274712,1.1640673399522177,0.4833214954006497
2023-01-02,2022-23,True,L276629,-1.0,14.0,167.5,0.8439294291170905,0.8389869647230813,0.7960169183194811,1.1990951172433646,1.0,L276624,1.0,9.5,124.0,0.7816321615233564,0.7752908010274058,0.7284528353222843,1.3103113252043384,1.0,0.6596423838539636,0.6504588759317096,0.5798607811143333,0.03642213983416309,1.0,0.5711879121212045,1.1076988846490188,1.2742574630274712,0.41149357055121816
2023-01-03,2022-23,True,L273888,1.0,8.0,122.5,0.7788992575864404,0.7697057075276478,0.6958671495937907,1.3716698662340723,1.0,L272235,-1.0,14.5,172.0,0.8511539315841204,0.8457618460320442,0.8042304910661331,1.1868488083990216,0.0,0.6629631654026513,0.6509877200999841,0.5596375794346046,0.0792806613423016,0.0,-1.0,1.3103113252043384,1.1695567536713984,-1.0
2023-01-04,2022-23,True,L272247,-1.0,9.5,148.0,0.7767619686611529,0.7693495427994677,0.7019232248962665,1.3598353297699481,1.0,L272253,-1.0,15.0,154.5,0.8531019711469874,0.8484026182866022,0.8042304910661331,1.1868488083990216,1.0,0.6626571665768439,0.6527181664886688,0.5645080598490482,0.06947495236630652,1.0,0.6139189407563537,1.2254319787541188,1.0998254664362972,0.34776129761920327
2023-01-05,2022-23,True,L272291,1.0,8.5,148.0,0.7697144468941508,0.7597961146600279,0.6958671495937907,1.3716698662340723,1.0,L272294,1.0,14.0,123.5,0.8646797488979864,0.858582306148141,0.8134287930973895,1.1734278502306723,1.0,0.6655564946635868,0.6523475003272041,0.5660383756501978,0.07125019798481569,1.0,0.6095556223612413,1.1857096759171042,1.0875219649667043,0.28948531663340327
2023-01-06,2022-23,True,L272404,-1.0,9.5,166.0,0.7908204083650485,0.7827575257845756,0.7122394966116354,1.3401391028451524,0.0,L275251,1.0,12.0,117.5,0.8372769745881495,0.8307636897652277,0.7781720305522296,1.2265925303465859,1.0,0.6621357189584528,0.6502865303122944,0.5542448553177742,0.08842174937200831,0.0,-1.0,1.2621074049152248,1.2265925303465859,-1.0
2023-01-07,2022-23,True,L276737,1.0,9.5,119.0,0.8044423127468154,0.7958403267624765,0.7178052578175199,1.329747852366181,1.0,L272362,1.0,11.0,114.5,0.8249647460914378,0.8172326486760996,0.7490636921460372,1.2742574630274712,1.0,0.6636365482803855,0.6503866981633513,0.5376818566626296,0.1244930593414435,1.0,0.6944411248223581,1.2340392220753715,1.1986426215361679,0.47917200822687644
2023-01-08,2022-23,True,L272407,1.0,9.5,130.0,0.7806949523144158,0.772503159062278,0.7178052578175199,1.329747852366181,0.0,L275287,-1.0,15.0,153.5,0.8490767767949748,0.8448899462364665,0.8042304910661331,1.1868488083990216,1.0,0.6628699537712307,0.6526801525276286,0.5772808749844364,0.04614776042273272,0.0,-1.0,1.2575540274696266,1.1159738081156,-1.0
2023-01-09,2022-23,True,L276747,1.0,9.5,123.0,0.7806794345163517,0.7737789067459298,0.7178052578175199,1.329747852366181,1.0,L272408,-1.0,15.0,143.5,0.8498476434463313,0.8463255187175449,0.8042304910661331,1.1868488083990216,0.0,0.663458577710736,0.6548688346244438,0.5772808749844364,0.0470767324066661,0.0,-1.0,1.3103113252043384,1.1809443609317776,-1.0
2023-01-10,2022-23,True,L272411,1.0,12.5,119.0,0.841411000431422,0.8354916291433286,0.7828044232807575,1.2193339378431984,1.0,L273901,1.0,9.5,116.0,0.7872534860481988,0.7802387521726606,0.7284528353222843,1.3103113252043384,1.0,0.6624037432889395,0.6518829461734941,0.5702361016416934,0.05832714249718873,1.0,0.5977070679619456,1.1857096759171042,1.2742574630274712,0.5108994035212542
2023-01-11,2022-23,True,L272426,-1.0,9.5,149.0,0.7781920323199941,0.7713861720432448,0.7122394966116354,1.3401391028451524,1.0,L276770,-1.0,14.0,142.5,0.8487573618385185,0.8445900223199783,0.7960169183194811,1.1990951172433646,1.0,0.6604962163556733,0.6515050642633267,0.5669546891982126,0.061387205052002125,1.0,0.6069542546485254,1.2699812434443147,1.1483804663454262,0.45842165259652634
2023-01-12,2022-23,True,L272479,1.0,8.5,135.0,0.7709137706176763,0.7612900587022009,0.6958671495937907,1.3716698662340723,1.0,L272457,1.0,13.5,112.0,0.8602109406340381,0.8545755982227353,0.8050031296756757,1.1857096759171042,1.0,0.6631484597707644,0.6505799073364547,0.5601752332614931,0.07854613548834455,1.0,0.6264022325576595,1.2742574630274712,1.1675214044245072,0.48772286283224275
2023-01-13,2022-23,True,L273908,1.0,9.5,122.0,0.7848796675132174,0.7787530380273272,0.7284528353222843,1.3103113252043384,1.0,L275324,-1.0,14.5,147.0,0.8408605351521647,0.836498901391932,0.7918246657472287,1.2054436307553744,0.0,0.659974337255217,0.6514260607654886,0.5768069228416888,0.042433716770289065,0.0,-1.0,1.2193339378431984,1.2119469333147925,-1.0
2023-01-14,2022-23,True,L275350,1.0,7.0,120.5,0.7727830522825669,0.7617687240676747,0.6673410864720914,1.4303030629299005,1.0,L276985,1.0,13.5,114.0,0.8604152124477362,0.8540997168788041,0.8050031296756757,1.1857096759171042,1.0,0.6649142941057149,0.6506264515533289,0.5372116631711993,0.12764422980596235,1.0,0.6959241812098538,1.2829322016748885,1.1207513356426992,0.4378479785661602
2023-01-15,2022-23,True,L275355,1.0,12.5,110.0,0.8364761014141323,0.830976955977382,0.7873730068533974,1.2122589823271912,1.0,L273912,1.0,11.0,125.5,0.7883178885222495,0.7822449562528835,0.7490636921460372,1.2742574630274712,1.0,0.6594090740661118,0.6500275325756815,0.5897925316097329,0.018609015482092817,1.0,0.5447300553525107,1.1857096759171042,1.2918291914105389,0.5317343718876448
2023-01-16,2022-23,True,L272608,-1.0,13.5,150.0,0.8446112301318179,0.8396263685904699,0.7875757376516064,1.2119469333147925,1.0,L275361,1.0,10.0,112.5,0.7814879750370213,0.7754421839438579,0.7284528353222843,1.3103113252043384,1.0,0.660053519929242,0.6510817049566446,0.5737117791233523,0.048183334032642744,1.0,0.5880277922690398,1.153482134774121,1.329747852366181,0.5338403914586451
2023-01-17,2022-23,True,L272613,-1.0,9.0,156.5,0.7825515782429876,0.7744783572584938,0.7019232248962665,1.3598353297699481,1.0,L272627,-1.0,14.5,175.0,0.8469266159380019,0.8419374438790046,0.8042304910661331,1.1868488083990216,1.0,0.662763759958276,0.6520623284498268,0.5645080598490482,0.06964698544355885,1.0,0.6139189407563537,1.2947535987407315,1.1640673399522177,0.5071803775796844
2023-01-18,2022-23,True,L272640,-1.0,9.5,138.0,0.7813906617555896,0.7746364944910982,0.7122394966116354,1.3401391028451524,1.0,L276775,1.0,13.5,121.0,0.8448274607092124,0.8395653979606935,0.8050031296756757,1.1857096759171042,1.0,0.6601402885928659,0.6503579967722954,0.5733550238509943,0.04897341567495794,1.0,0.5890159013183645,1.3034089352568408,1.1401870737798274,0.48613001982897774
2023-01-19,2022-23,True,L273919,1.0,8.5,116.0,0.7700747071770191,0.76247447486456,0.6958671495937907,1.3716698662340723,1.0,L272694,-1.0,14.5,141.0,0.8583376116248654,0.8544607557863888,0.8042304910661331,1.1868488083990216,1.0,0.6609840849310402,0.6515045160606019,0.5596375794346046,0.07605878810451361,1.0,0.6279647462567541,1.2416785752890054,1.1868488083990216,0.47368473749635087
2023-01-20,2022-23,True,L275396,-1.0,13.5,145.0,0.8454462662959605,0.8411181801932296,0.7875757376516064,1.2119469333147925,1.0,L275395,1.0,10.5,121.0,0.7804642764225866,0.7751437585887294,0.738874772567872,1.2918291914105389,1.0,0.6598406084788544,0.6519875076122922,0.5819198440373047,0.03306521385519856,1.0,0.5656284268965308,1.2119469333147925,1.2122589823271912,0.46919355601475066
2023-01-21,2022-23,True,L273924,1.0,9.0,123.5,0.7933050589681959,0.7840518220051128,0.7069403114065042,1.3501847109283662,1.0,L275409,1.0,11.5,126.0,0.8393198594739321,0.8312814060271195,0.7638962363398921,1.2495152542881487,1.0,0.6658366906131455,0.6517677009945351,0.5400290432003798,0.12331736193492304,1.0,0.6870763924116281,1.2122589823271912,1.2416785752890054,0.5052360060573264
2023-01-22,2022-23,True,L272777,-1.0,12.0,159.5,0.803341616871011,0.7985089693984031,0.76091036598085,1.2544184475258182,0.0,L275426,1.0,12.0,111.5,0.8190589170941002,0.8142188321723671,0.7781720305522296,1.2265925303465859,1.0,0.6579841147709938,0.6501610405427282,0.5921191645635583,0.012414033891805953,0.0,-1.0,1.2254319787541188,1.1302142991276283,-1.0
2023-01-23,2022-23,True,L281707,1.0,8.0,113.5,0.7834589432162111,0.7735182353983747,0.6958671495937907,1.3716698662340723,1.0,L276871,-1.0,15.0,158.5,0.8481947705854245,0.8435141570774637,0.8042304910661331,1.1868488083990216,1.0,0.6645257786043733,0.6524735823161072,0.5596375794346046,0.0818245405467406,1.0,0.6279647462567541,1.2575540274696266,1.1751813957716946,0.4778540972600718
2023-01-24,2022-23,True,L272810,-1.0,9.5,177.0,0.7745809364603737,0.7667513616953759,0.7019232248962665,1.3598353297699481,1.0,L276797,-1.0,15.0,152.5,0.8544249803153634,0.8504591279485166,0.8042304910661331,1.1868488083990216,1.0,0.6618213013878106,0.652090694420787,0.5645080598490482,0.06812593370580666,1.0,0.6139189407563537,1.2621074049152248,1.1751813957716946,0.4832051417220651
2023-01-25,2022-23,True,L273928,1.0,9.5,121.0,0.7770185041997884,0.7687901123731151,0.7123994041187592,1.3398382908260853,1.0,L276885,-1.0,14.5,152.0,0.8517655688680205,0.8472666889740592,0.8042304910661331,1.1868488083990216,1.0,0.661837608250711,0.6513702530263642,0.5729333226096504,0.05244455403966586,1.0,0.590185478914321,1.4303030629299005,1.1990951172433646,0.7150694189374724
2023-01-26,2022-23,True,L272855,1.0,9.5,117.0,0.7706475852886476,0.7638328015790196,0.7123994041187592,1.3398382908260853,1.0,L272847,-1.0,15.0,160.5,0.856957539606289,0.8526520017311269,0.8122150362780531,1.1751813957716946,1.0,0.6604122585924872,0.6512835672542456,0.5786215078607815,0.039854124613164066,1.0,0.5745530327213606,1.2575540274696266,1.0852108949684838,0.3647113316215347
2023-01-27,2022-23,True,L272887,-1.0,11.5,157.0,0.7877897679034668,0.783544387332201,0.7515859032778324,1.2699812434443147,0.0,L272845,-1.0,14.5,140.0,0.8334346196623463,0.8300714641768276,0.8001522590048531,1.192897963179044,1.0,0.6565712655865139,0.6503978368403754,0.6013831583439606,-0.005322083298861413,0.0,-1.0,1.2119469333147925,1.2395791275583732,-1.0
2023-01-28,2022-23,True,L273936,1.0,10.0,115.5,0.824949581164197,0.8162386653939991,0.738874772567872,1.2918291914105389,1.0,L275481,1.0,9.5,129.0,0.8058415255891623,0.7965472558621709,0.7284528353222843,1.3103113252043384,1.0,0.664778629019497,0.6501726690481907,0.5382354230251744,0.12526973481476422,1.0,0.6926984197347921,1.2193339378431984,1.2122589823271912,0.4781485186068024
2023-01-29,2022-23,True,L272930,1.0,10.5,107.0,0.8109531533326455,0.8052848598679564,0.7439987855584924,1.2829322016748885,1.0,L273939,1.0,11.5,119.0,0.8128563297809466,0.8075197592655963,0.7590131152620031,1.2575540274696266,1.0,0.6591884038422594,0.6502834361808015,0.5647048359778983,0.06350593376036429,1.0,0.6133565571867314,1.2340392220753715,1.2416785752890054,0.5322800631172999
2023-01-30,2022-23,True,L276899,-1.0,14.5,153.0,0.857232112181455,0.8529620048628765,0.8042304910661331,1.1868488083990216,1.0,L276906,-1.0,9.5,160.0,0.768964348980469,0.7621411590673328,0.7122394966116354,1.3401391028451524,1.0,0.6591809330687649,0.6500774510265886,0.572804720116671,0.04845528745620098,1.0,0.590542497300703,1.153482134774121,1.2699812434443147,0.46490067581124084
2023-01-31,2022-23,True,L272988,-1.0,13.5,174.0,0.8368010953939243,0.8305989153912476,0.7789090023343671,1.2254319787541188,1.0,L273002,-1.0,11.0,157.5,0.7905064113048618,0.7833910542447964,0.7273652440210406,1.3122705653672793,1.0,0.6614966308958284,0.6506837599829339,0.5665513365531223,0.06375161790464023,1.0,0.6080983155788113,1.1809443609317776,1.2469103391041167,0.4725317335525372
2023-02-01,2022-23,True,L273945,1.0,8.5,116.0,0.7825879836983936,0.7753122010944853,0.7069403114065042,1.3501847109283662,1.0,L275515,-1.0,15.0,158.5,0.8478943116580131,0.844121678226103,0.8042304910661331,1.1868488083990216,1.0,0.6635518997497818,0.6544578363370508,0.5685429537968979,0.06331877152939103,1.0,0.6024651152839089,1.3501847109283662,1.1640673399522177,0.5717059248945373
2023-02-02,2022-23,True,L277255,1.0,9.5,127.0,0.8010116328491554,0.7938335411445336,0.7284528353222843,1.3103113252043384,1.0,L273037,1.0,11.5,117.0,0.8257556066156252,0.8194470349339645,0.7590131152620031,1.2575540274696266,1.0,0.6614398467895268,0.6505045415220174,0.552905255859406,0.08991216883590458,1.0,0.6477872842497794,1.2829322016748885,1.2122589823271912,0.5552460851971832
2023-02-03,2022-23,True,L273119,-1.0,9.5,162.0,0.7644154218190761,0.758775036930159,0.7122394966116354,1.3401391028451524,0.0,L275532,1.0,15.0,120.5,0.8620132315279962,0.858220953974061,0.829498397620913,1.1506954115132766,1.0,0.6589362079920982,0.6511966360459044,0.5908015211616773,0.016140199789915766,0.0,-1.0,1.2544184475258182,1.1506954115132766,-1.0
2023-02-04,2022-23,True,L277054,1.0,7.5,128.0,0.7753283900296047,0.7656718909368343,0.684595788913625,1.3942533907704604,1.0,L277262,1.0,12.5,115.0,0.8561785645846635,0.8495506820752151,0.7873730068533974,1.2122589823271912,1.0,0.663819548057285,0.6504770771912073,0.5390322447960947,0.12198527535623871,1.0,0.6901961966016339,1.3398382908260853,1.1857096759171042,0.5886592255967245
2023-02-05,2022-23,True,L273953,1.0,9.0,115.5,0.7761853296011824,0.7692744141324702,0.7178052578175199,1.329747852366181,0.0,L275574,1.0,14.5,123.0,0.8524581653847096,0.8478153177608562,0.8134287930973895,1.1734278502306723,1.0,0.6616655220703501,0.6522026318630167,0.5838834645454657,0.032438507362583247,0.0,-1.0,1.3103113252043384,1.1857096759171042,-1.0
2023-02-06,2022-23,True,L277067,1.0,9.0,112.5,0.7858000776272654,0.7785932110563627,0.7178052578175199,1.329747852366181,1.0,L277266,1.0,13.0,111.5,0.8419843297538827,0.8363253036740445,0.7963174200970117,1.1986426215361679,1.0,0.6616313516815421,0.6511572036752619,0.5716008310373177,0.0545692172812573,1.0,0.5938924517422883,1.2265925303465859,1.1506954115132766,0.4114343964662759
2023-02-07,2022-23,True,L273191,-1.0,13.0,160.5,0.8214217238481656,0.8160269408119727,0.7700194193170226,1.2395791275583732,1.0,L277071,1.0,11.0,128.5,0.8036862437696171,0.7974516930898738,0.7540687105983563,1.2657997694170346,1.0,0.6601653397902959,0.650742065557458,0.5806475506600823,0.03583835061448415,1.0,0.5690589738375578,1.2254319787541188,1.2122589823271912,0.48554092347566424
2023-02-08,2022-23,True,L273958,1.0,9.5,128.0,0.7848257495557045,0.7780337370237537,0.7284528353222843,1.3103113252043384,1.0,L273959,1.0,13.0,113.5,0.8420145664329868,0.8366269785477688,0.7963174200970117,1.1986426215361679,1.0,0.6608347132375904,0.6509240146144123,0.5800796824861948,0.03790369767411783,1.0,0.5705950018714583,1.3103113252043384,1.192092774197264,0.5620126627249331
2023-02-09,2022-23,True,L277087,1.0,15.0,110.5,0.8694719699611436,0.8649334767175212,0.8255786375834869,1.1561587916008496,0.0,L273230,1.0,8.5,141.0,0.7585349788427387,0.751512035924234,0.7069403114065042,1.3501847109283662,1.0,0.6595249023388304,0.6500079180270104,0.5836348191438276,0.029536789008792752,0.0,-1.0,1.1986426215361679,1.2193339378431984,-1.0
2023-02-10,2022-23,True,L273252,1.0,9.0,120.5,0.7812771813481743,0.7741852531770383,0.7123994041187592,1.3398382908260853,1.0,L275606,1.0,14.5,132.0,0.8447206262861174,0.8400038935390806,0.8092485207783904,1.1794893354663125,1.0,0.6599609499314824,0.650318626989251,0.5765081639865126,0.04295277188542945,1.0,0.5803249752787794,1.2742574630274712,1.1401870737798274,0.452891888011399
2023-02-11,2022-23,True,L277115,1.0,12.0,123.5,0.8512482117016696,0.8437219480600778,0.7781720305522296,1.2265925303465859,0.0,L275619,1.0,9.0,132.5,0.7810194222983599,0.7716775771176653,0.7014291513444285,1.3607931722976025,1.0,0.66484138653575,0.6510813086399975,0.5458325469902211,0.10971251454582864,0.0,-1.0,1.2122589823271912,1.2575540274696266,-1.0
2023-02-12,2022-23,True,L275644,1.0,9.5,124.0,0.7776200256124454,0.7724885968878177,0.7284528353222843,1.3103113252043384,1.0,L275643,1.0,13.5,116.0,0.8464598369740007,0.8421258659620783,0.8050031296756757,1.1857096759171042,1.0,0.6582241201076288,0.6505326285999843,0.5864068122555585,0.022649125367153466,1.0,0.5536488167585474,1.2416785752890054,1.1986426215361679,0.4883288625897073
2023-02-13,2022-23,True,L277119,-1.0,13.0,146.5,0.8212467628964734,0.816803839766435,0.7700194193170226,1.2395791275583732,1.0,L275646,-1.0,12.0,153.5,0.8014019089200556,0.7962066109566832,0.7515859032778324,1.2699812434443147,0.0,0.65814872347965,0.6503446170768389,0.5787357408088564,0.03608552186485192,0.0,-1.0,1.153482134774121,1.153482134774121,-1.0
2023-02-14,2022-23,True,L273969,1.0,8.0,120.5,0.7831230404591158,0.7740851942075093,0.6958671495937907,1.3716698662340723,1.0,L273378,-1.0,15.0,152.5,0.8493610018275053,0.8454655944422784,0.8042304910661331,1.1868488083990216,1.0,0.6651541701985566,0.6544623988696184,0.5596375794346046,0.08284753990891502,1.0,0.6279647462567541,1.2575540274696266,1.1990951172433646,0.5079268940085573
2023-02-15,2022-23,True,L277293,1.0,10.0,127.5,0.8060399286679145,0.7979528346431648,0.738874772567872,1.2918291914105389,1.0,L273397,1.0,11.5,117.0,0.8219310971231943,0.81502530510632,0.7638962363398921,1.2495152542881487,1.0,0.6625092828951202,0.6503517525154983,0.5644236578910912,0.0693961699795449,1.0,0.6141602806021931,1.2265925303465859,1.1675214044245072,0.4320730336868559
2023-02-16,2022-23,True,L277139,1.0,9.0,127.5,0.7802073485533767,0.7723213683539756,0.7123994041187592,1.3398382908260853,0.0,L273431,1.0,13.5,122.0,0.8495836034230972,0.8439345753319364,0.7963174200970117,1.1986426215361679,1.0,0.6628513706011582,0.6517887060215924,0.5672960555664988,0.06453087061108564,0.0,-1.0,1.2193339378431984,1.16176626733555,-1.0
2023-02-17,2022-23,True,L275672,1.0,12.5,113.0,0.8370752529870364,0.8308344781678424,0.7781720305522296,1.2265925303465859,1.0,L275679,1.0,9.5,127.0,0.7911333765213888,0.7835734401254233,0.7284528353222843,1.3103113252043384,1.0,0.6622381712981299,0.6510198302327872,0.5668616220242709,0.06436116477523157,1.0,0.6072180839241776,1.1734278502306723,1.2495152542881487,0.46621599866977426
2023-02-18,2022-23,True,L273976,1.0,11.0,112.5,0.8380169854255136,0.8301720496692416,0.7590131152620031,1.2575540274696266,1.0,L277298,1.0,9.0,125.5,0.7936394646604594,0.7846925100878156,0.7069403114065042,1.3501847109283662,1.0,0.6650833516894766,0.651429789459704,0.5365769680649413,0.129265122354699,1.0,0.6979302210558807,1.2416785752890054,1.2918291914105389,0.6040366299073858
2023-02-19,2022-23,True,L273552,-1.0,13.0,163.5,0.8228650973383184,0.8178477134439675,0.7700194193170226,1.2395791275583732,1.0,L275711,1.0,11.0,115.5,0.8013838161572051,0.7957998739427034,0.7490636921460372,1.2742574630274712,0.0,0.6594307718875516,0.6508431072630375,0.5767935892577565,0.04159922958645379,0.0,-1.0,1.2544184475258182,1.3103113252043384,-1.0
2023-02-20,2022-23,True,L277173,1.0,8.5,122.0,0.7756644400283716,0.7680522737293874,0.7069403114065042,1.3501847109283662,1.0,L273957,1.0,14.0,120.5,0.8532375181869924,0.8482855157876751,0.8050031296756757,1.1857096759171042,1.0,0.661826001755711,0.6515276191724301,0.5690891631761326,0.05953516582683105,1.0,0.600927076023102,1.2742574630274712,1.1506954115132766,0.4662822157922599
2023-02-21,2022-23,True,L273576,-1.0,10.5,159.0,0.7777037336956265,0.7719507959033474,0.7223710851037031,1.3213430322491004,1.0,L273569,-1.0,15.0,139.5,0.8476411457591327,0.8437262984499115,0.8042304910661331,1.1868488083990216,0.0,0.6592136838909163,0.6513151876129945,0.5809528525049266,0.03380157821124574,0.0,-1.0,1.3213430322491004,1.192897963179044,-1.0
2023-02-22,2022-23,True,L275733,-1.0,13.0,139.5,0.8230134076526875,0.8187268315676358,0.7700194193170226,1.2395791275583732,1.0,L273605,-1.0,11.5,155.0,0.7992031119362899,0.7943557461894837,0.7515859032778324,1.2699812434443147,1.0,0.6577548765613181,0.650360363215261,0.5787357408088564,0.03546551140922505,1.0,0.5742422417642017,1.2254319787541188,1.2699812434443147,0.5562756281345829
2023-02-23,2022-23,True,L273987,1.0,8.5,125.0,0.7813400231079201,0.7733007023584713,0.7069403114065042,1.3501847109283662,0.0,L277326,1.0,13.0,117.5,0.8501897690067561,0.8436365875188432,0.7873730068533974,1.2122589823271912,1.0,0.664287293761856,0.6523847656636254,0.5566257186580162,0.08728786779482678,0.0,-1.0,1.2918291914105389,1.2193339378431984,-1.0
2023-02-24,2022-23,True,L275745,1.0,10.5,120.0,0.7877614209214773,0.7815489176053916,0.7336924911061928,1.3009537532010098,1.0,L273658,-1.0,14.0,149.5,0.8378926875320869,0.8340910970803319,0.7918246657472287,1.2054436307553744,1.0,0.6600595341099922,0.651882994107427,0.5809558115314126,0.035122797328206445,1.0,0.5682264157034567,1.2340392220753715,1.1990951172433646,0.4797304056773781
2023-02-25,2022-23,True,L275773,1.0,8.5,135.0,0.7846535398200074,0.7758104917983593,0.7069403114065042,1.3501847109283662,1.0,L277339,1.0,12.5,139.0,0.8456609811025793,0.838608796305657,0.7873730068533974,1.2122589823271912,1.0,0.6635508823097992,0.6506015026883218,0.5566257186580162,0.0860825290128786,1.0,0.636773543623754,1.1857096759171042,1.1506954115132766,0.36439068346470593
2023-02-26,2022-23,True,L277359,1.0,7.5,124.0,0.757375556331427,0.7489748076395054,0.684595788913625,1.3942533907704604,1.0,L273993,1.0,15.0,114.5,0.8730911942366094,0.8679433859079134,0.829498397620913,1.1506954115132766,1.0,0.661257928963022,0.6500677305023604,0.5678711099218768,0.06089641844555782,1.0,0.6043609792463962,1.2416785752890054,1.1506954115132766,0.42879383915940106
2023-02-27,2022-23,True,L273752,-1.0,14.5,153.0,0.8521715001632878,0.8477293569808555,0.8042304910661331,1.1868488083990216,1.0,L275788,-1.0,10.5,151.0,0.7723269570917282,0.7667857746244768,0.7223710851037031,1.3213430322491004,0.0,0.6581550216414052,0.650026811664475,0.5809528525049266,0.03214134765007559,0.0,-1.0,1.1434022701030382,1.1868488083990216,-1.0
2023-02-28,2022-23,True,L273769,1.0,10.0,114.5,0.7922551588706681,0.7863651158848344,0.7336924911061928,1.3009537532010098,1.0,L282272,-1.0,13.0,151.5,0.8329560094362407,0.8289502599202684,0.7789090023343671,1.2254319787541188,1.0,0.6599136955881866,0.6518575672049655,0.5714796862677411,0.05205443004368626,1.0,0.5942303320527109,1.2829322016748885,1.2254319787541188,0.5721461465058368
2023-03-01,2022-23,True,L275806,-1.0,9.5,158.0,0.776079062312118,0.7700642391695732,0.7122394966116354,1.3401391028451524,1.0,L273999,-1.0,15.0,151.5,0.8528112199741453,0.8488311347795083,0.8042304910661331,1.1868488083990216,1.0,0.6618489319267881,0.6536545019874276,0.572804720116671,0.05269885302263644,1.0,0.590542497300703,1.2699812434443147,1.1385447569897231,0.4459304861988138
2023-03-02,2022-23,True,L277379,1.0,8.5,125.0,0.7864533257565377,0.778426184771453,0.7069403114065042,1.3501847109283662,1.0,L282479,-1.0,13.0,144.5,0.8407187822562512,0.8351212477554776,0.7789090023343671,1.2254319787541188,1.0,0.6611860823314152,0.6500802467118717,0.550642172667587,0.0939717283330086,1.0,0.6545595219965057,1.3942533907704604,1.192897963179044,0.6632020300055579
2023-03-03,2022-23,True,L282250,-1.0,10.5,151.0,0.7869422177948115,0.779675630200614,0.7223710851037031,1.3213430322491004,1.0,L273799,-1.0,14.0,172.5,0.8404328702354184,0.8345845164516215,0.7875757376516064,1.2119469333147925,1.0,0.6613721068107192,0.6507052088200926,0.5689219402087403,0.05911972822490852,1.0,0.6013976357911663,1.2395791275583732,1.2544184475258182,0.5549509247771827
2023-03-04,2022-23,True,L277409,1.0,8.0,127.5,0.7735371410378084,0.7648482552577618,0.6958671495937907,1.3716698662340723,1.0,L282730,-1.0,14.5,146.0,0.8567954149126121,0.8508408229806965,0.7960169183194811,1.1990951172433646,1.0,0.6627630757058047,0.6507641189588639,0.5539220239794106,0.090087945476782,1.0,0.6447626390711352,1.2575540274696266,1.1640673399522177,0.4638775716027663
2023-03-05,2022-23,True,L282872,-1.0,8.5,151.0,0.7777173692411914,0.768469114169056,0.6807700764458114,1.4020886537541242,1.0,L282796,-1.0,15.0,156.5,0.8533209100792456,0.8492914165345187,0.8122150362780531,1.1751813957716946,1.0,0.6636424933053301,0.6526542225356643,0.5529316923374478,0.09348937791996703,1.0,0.6477085011144279,1.2395791275583732,1.1338051957496964,0.40544125536855913
2023-03-06,2022-23,True,L282971,-1.0,10.0,154.5,0.7870830821859539,0.7795195441214904,0.7071039492667666,1.3498722514416324,1.0,L282972,-1.0,13.5,172.0,0.8411136188057982,0.8349481960563973,0.7875757376516064,1.2119469333147925,1.0,0.6620262995582491,0.6508584371549435,0.5568979144401377,0.08305750588323146,1.0,0.6359735355014209,1.153482134774121,1.1338051957496964,0.30782403761135013
2023-03-07,2022-23,True,L282995,-1.0,9.5,151.0,0.7726181788150659,0.7647342611951059,0.696698369138718,1.3700333491235026,0.0,L283028,-1.0,15.0,166.5,0.857748019925037,0.853215680355313,0.8122150362780531,1.1751813957716946,1.0,0.662711713036711,0.6524832629566,0.5658688911648643,0.06699084452475401,0.0,-1.0,1.2863001015467264,1.1338051957496964,-1.0
2023-03-08,2022-23,True,L283070,-1.0,10.0,136.5,0.7846665911787548,0.7782379854767605,0.7122394966116354,1.3401391028451524,1.0,L283065,-1.0,14.0,161.5,0.8400624138668592,0.8352322226292039,0.7960169183194811,1.1990951172433646,1.0,0.6591689106663048,0.6500094423442287,0.5669546891982126,0.059254285527252204,1.0,0.6069542546485254,1.2699812434443147,1.218608525220814,0.547609970131772
2023-03-09,2022-23,True,L282735,-1.0,10.5,168.0,0.7894585302973476,0.7824744853284219,0.7223710851037031,1.3213430322491004,1.0,L283104,-1.0,13.5,168.0,0.8391203509151659,0.8331927839385935,0.7875757376516064,1.2119469333147925,1.0,0.6624507189760814,0.651952094791706,0.5689219402087403,0.06084701519645508,1.0,0.6013976357911663,1.1868488083990216,1.1751813957716946,0.39476263922433463
2023-03-10,2022-23,True,L283128,-1.0,8.5,171.0,0.772425949285049,0.7634270889777935,0.6914304683620897,1.3804714192897638,1.0,L283135,-1.0,15.0,148.5,0.8619333568505828,0.8576404198759019,0.8122150362780531,1.1751813957716946,1.0,0.6657796913857603,0.6547459291355524,0.5615902229444659,0.08009727572434922,1.0,0.6223043293438768,1.3804714192897638,1.1751813957716946,0.6223043293438768
2023-03-11,2022-23,True,L283197,-1.0,10.5,157.0,0.7871808024025929,0.7806769344343102,0.7323104623430503,1.3034089352568408,1.0,L283192,-1.0,14.5,148.0,0.8384494540349549,0.8344338942035916,0.7918246657472287,1.2054436307553744,1.0,0.6600113140012517,0.6514232945149434,0.5798614870679842,0.037000535921864364,1.0,0.5711859992750028,1.1868488083990216,1.1990951172433646,0.42314461105737244
2023-03-12,2022-23,True,L283260,-1.0,12.0,147.5,0.7925462805152222,0.7890166086570296,0.76091036598085,1.2544184475258182,1.0,L283259,-1.0,14.5,139.0,0.8331523004257769,0.829706641172826,0.8042304910661331,1.1868488083990216,1.0,0.6603117568051505,0.6546523201983981,0.6119473172900901,-0.016924528708690545,1.0,0.48880503967976807,1.2544184475258182,1.1990951172433646,0.5041670354082104
2023-03-14,2022-23,True,L283324,-1.0,12.0,172.5,0.8114478580995087,0.8047324454178593,0.7468443517233067,1.2780440767845913,1.0,L283326,-1.0,12.0,149.5,0.8137461180910248,0.8078958536238674,0.7562747800090067,1.2621074049152248,1.0,0.6603125445617519,0.6501400059296837,0.564819547800513,0.06510321286629006,1.0,0.6130288931178749,1.3598353297699481,1.2324209394779397,0.6758895346503735
2023-03-15,2022-23,True,L283334,-1.0,9.0,134.5,0.7809602233579678,0.7749036856259038,0.7019232248962665,1.3598353297699481,1.0,L283333,-1.0,13.5,152.0,0.8431612071189069,0.838945650373244,0.7875757376516064,1.2119469333147925,1.0,0.6584753646383552,0.6501020765140477,0.5528177016224715,0.08519917744891803,1.0,0.6480482577277982,1.3213430322491004,1.1809443609317776,0.5604326027910711
2023-03-16,2022-23,True,L283298,-1.0,11.0,150.5,0.7840816553075358,0.7789856884261702,0.7323104623430503,1.3034089352568408,1.0,L283304,-1.0,14.5,136.0,0.8396287539543181,0.8359539999871006,0.7960169183194811,1.1990951172433646,1.0,0.6583375032443055,0.6511962021725622,0.5829315174874293,0.028923116475854993,1.0,0.5629112900378506,1.1990951172433646,1.1868488083990216,0.42314461105737244
2023-03-17,2022-23,True,L283322,-1.0,13.5,158.0,0.848114352411663,0.8425042163496687,0.7875757376516064,1.2119469333147925,1.0,L283310,-1.0,9.5,166.0,0.7802747374118204,0.7730048570252245,0.7122394966116354,1.3401391028451524,1.0,0.6617622036232065,0.6512598513025244,0.5609425469285175,0.0748192655323332,1.0,0.6241774759084198,1.1434022701030382,1.2395791275583732,0.4173375884225874
2023-03-18,2022-23,True,L283340,-1.0,11.5,176.0,0.7972508313350775,0.7910083418352517,0.7515859032778324,1.2699812434443147,1.0,L283339,-1.0,15.0,167.5,0.8325152712683332,0.8282749525551041,0.8042304910661331,1.1868488083990216,1.0,0.6637234921178262,0.6551723968042846,0.6044483000715143,0.00041430809403730784,1.0,0.5072757254709928,1.1990951172433646,1.1990951172433646,0.4378291001968784
2023-03-19,2022-23,True,L283345,-1.0,8.0,144.5,0.7709457468816107,0.761904841603116,0.6807700764458114,1.4020886537541242,1.0,L283458,-1.0,13.5,132.0,0.859201265634928,0.8534460465048724,0.7875757376516064,1.2119469333147925,1.0,0.6623975614565447,0.6502446748791004,0.5361579951279504,0.12558372233465542,1.0,0.6992570441527768,1.2395791275583732,1.1434022701030382,0.4173375884225874
2023-03-20,2022-23,True,L283657,-1.0,15.0,142.5,0.8581304783057778,0.8533163442110477,0.8042304910661331,1.1868488083990216,1.0,L283656,-1.0,10.0,171.5,0.7717990013044912,0.7647786057689892,0.7173288626660986,1.3306309695282672,1.0,0.6623042461453447,0.6525980840056159,0.5768977434778673,0.04594913385174393,1.0,0.5792577806034589,1.1483804663454262,1.1990951172433646,0.3770174099324586
2023-03-21,2022-23,True,L283688,-1.0,9.0,136.5,0.7791833661911517,0.7715826083387455,0.696698369138718,1.3700333491235026,1.0,L283660,-1.0,13.5,138.0,0.8490126379468087,0.8438822371331125,0.7875757376516064,1.2119469333147925,1.0,0.6615365251742239,0.6511248576579027,0.548702731995097,0.09842035082121114,1.0,0.6604077160092234,1.2119469333147925,1.1434022701030382,0.38574287479654923
2023-03-22,2022-23,True,L283668,-1.0,15.0,165.5,0.8353715963266795,0.832004491883123,0.8122150362780531,1.1751813957716946,1.0,L283661,-1.0,13.0,165.5,0.7849255050962127,0.7816306496640171,0.7700194193170226,1.2395791275583732,1.0,0.6557044721897484,0.6503202115139858,0.6254213505953808,-0.04481540830780173,1.0,0.4567303292935083,1.1338051957496964,1.2254319787541188,0.38940114454925157
2023-03-23,2022-23,True,L283663,-1.0,12.0,151.5,0.7968972198761567,0.7930248556619816,0.76091036598085,1.2544184475258182,0.0,L283669,-1.0,14.0,159.5,0.825164630511873,0.8213999868149446,0.7960169183194811,1.1990951172433646,1.0,0.6575713999950477,0.651390605984675,0.6056975246454248,-0.01090277670022266,0.0,-1.0,1.2621074049152248,1.218608525220814,-1.0
2023-03-24,2022-23,True,L283621,1.0,10.0,125.5,0.7818964148622517,0.7755600445196611,0.738874772567872,1.2918291914105389,1.0,L283665,1.0,15.0,125.5,0.8478627267431318,0.8431323818602681,0.8215938324574492,1.16176626733555,1.0,0.6629408263357878,0.6538997876115173,0.6070549561001641,-0.005056036005255837,1.0,0.5008035777401234,1.2265925303465859,1.1401870737798274,0.39854494789606787
2023-03-25,2022-23,True,L283787,-1.0,11.5,165.0,0.8026740097667033,0.7969358461721491,0.7515859032778324,1.2699812434443147,1.0,L283786,1.0,15.0,129.5,0.8255846960992804,0.8219481564913034,0.829498397620913,1.1506954115132766,1.0,0.6626753784200347,0.6550399496030349,0.6234393024434285,-0.03159165564354205,1.0,0.4613615895392984,1.2780440767845913,1.1734278502306723,0.4996925135213872
2023-03-26,2022-23,True,L283852,-1.0,15.0,164.5,0.8296096415986068,0.8261810753029588,0.8122150362780531,1.1751813957716946,0.0,L283819,1.0,12.0,121.5,0.7923286249161626,0.7886248727663285,0.7781720305522296,1.2265925303465859,0.0,0.6573234665450146,0.6515469453927444,0.6320430240255455,-0.05248878283351077,0.0,-1.0,1.1291809118606637,1.1734278502306723,-1.0
2023-03-28,2022-23,True,L283720,-1.0,13.5,129.0,0.8104044934846248,0.8071532727822751,0.7875757376516064,1.2119469333147925,1.0,L283753,1.0,15.0,137.5,0.8121354412844456,0.8088054357522364,0.8175438980242856,1.1675214044245072,1.0,0.6581582109350335,0.6528299545115117,0.6438777385490464,-0.0687232530707258,1.0,0.4149739856716612,1.1990951172433646,1.1734278502306723,0.40705160564897724
2023-04-01,2022-23,True,L283885,1.0,11.0,120.5,0.7879314341992938,0.7831484210928954,0.7590131152620031,1.2575540274696266,1.0,L283886,-1.0,15.0,164.5,0.8356545255486592,0.8319419507325347,0.8122150362780531,1.1751813957716946,1.0,0.6584384688106854,0.651534025157128,0.616481864948046,-0.026924011074480725,1.0,0.4778540972600718,1.2918291914105389,1.153482134774121,0.49010189347175515
2023-11-16,2023-24,True,L292900,-1.0,15.0,141.5,0.8812870635145433,0.8762801023360525,0.7993620538206049,1.1940771962315484,1.0,L294788,1.0,6.0,129.5,0.7538501661522098,0.7431325152338223,0.6535724626865603,1.460434847693022,1.0,0.6643583992582316,0.6511922364983419,0.5224410260937196,0.15855597602554572,1.0,0.7438719482121321,1.1490382392467398,1.303038618816021,0.4972412002348645
2023-11-17,2023-24,True,L292906,1.0,4.5,130.0,0.7612596356364923,0.7479324030724275,0.6171588409213388,1.5466034620439923,1.0,L292907,-1.0,14.5,155.0,0.8775662327767646,0.8726946544688972,0.795184387310589,1.2003505290492886,1.0,0.668055750610529,0.6527166100653841,0.49075507479134806,0.24022297676992377,1.0,0.8564662838939676,1.303038618816021,1.0783995726912623,0.40519628973140964
2023-11-18,2023-24,True,L294792,1.0,7.5,126.0,0.7782454104779909,0.769111044707635,0.6885857207055133,1.386174547770226,1.0,L293001,-1.0,13.0,154.5,0.850423099695435,0.8452537466738493,0.7779013227759514,1.2270193815763855,1.0,0.6618378743024391,0.650093992147367,0.5356517429814506,0.1256955764653842,1.0,0.7008630363619486,1.250867619329948,1.2133627477426152,0.5177561716524492
2023-11-19,2023-24,True,L301755,-1.0,12.0,143.5,0.844520101398372,0.838244701093915,0.7597194285689006,1.256384875924539,1.0,L293009,1.0,8.0,140.5,0.7848784583971631,0.7754844097405933,0.6885857207055133,1.386174547770226,1.0,0.6628456352709701,0.6500456972459947,0.5231319502550972,0.15439123598405646,1.0,0.7415687372100495,1.154197116088267,1.386174547770226,0.5999186654313526
2023-11-20,2023-24,True,L301781,-1.0,7.5,153.0,0.7793939889641396,0.7698989758442598,0.6678936040531428,1.429119839159371,1.0,L293065,-1.0,12.5,140.0,0.8521368186354481,0.845586165203332,0.7689210118560837,1.2413498724608276,1.0,0.6641503142194934,0.6510159225781204,0.5135574258407491,0.17822771586437214,1.0,0.7740377300717236,1.3242280662047259,1.1879544550413224,0.5731226307386592
2023-11-21,2023-24,True,L293090,1.0,7.0,131.5,0.7748154167964323,0.7631098587424361,0.6654170666547053,1.434438711947411,1.0,L294929,-1.0,14.5,158.0,0.8602255032323646,0.8545046674051868,0.8034819819475303,1.1879544550413224,1.0,0.6665159818259053,0.6520809360383244,0.5346506235374345,0.13577513138092456,1.0,0.704047858341663,1.3222757988070528,1.0719041359938453,0.4173528976658456
2023-11-22,2023-24,True,L294797,-1.0,13.0,156.5,0.8494052643713522,0.843265280237554,0.7689210118560837,1.2413498724608276,1.0,L293128,1.0,8.0,125.5,0.7807098649402914,0.7718186918481271,0.6885857207055133,1.386174547770226,1.0,0.6631390692269309,0.6508479054738933,0.529468029114534,0.14108169778586332,1.0,0.7207275980830155,1.0719041359938453,1.3425116964780097,0.4390438400748924
2023-11-23,2023-24,True,L301838,-1.0,8.5,164.0,0.7781500151135087,0.7694112061528711,0.6895645994684997,1.3842067889443663,0.0,L293138,-1.0,15.0,157.5,0.8556439192526915,0.8514932683306591,0.8115479501713995,1.1761473857440081,1.0,0.6658193286982637,0.6551484626173427,0.559614737209423,0.08397463811777728,0.0,-1.0,1.256384875924539,1.1343037257161461,-1.0
2023-11-24,2023-24,True,L293156,1.0,6.0,139.5,0.7905057351426313,0.7768365379502407,0.6415718017551921,1.4877524189634093,1.0,L293142,1.0,10.0,130.5,0.8472421981950009,0.8380131884770413,0.7429437826108002,1.2847540047320458,1.0,0.6697498167279982,0.6509992640931472,0.47665178121242885,0.28015703919480206,1.0,0.9113958783130285,1.2847540047320458,1.1454582929363635,0.4716321291035259
2023-11-25,2023-24,True,L293185,1.0,14.5,114.0,0.8812176131557097,0.8754509022031061,0.8173164929914962,1.1678462482830763,1.0,L294752,1.0,6.5,139.0,0.7531368852883019,0.743204449602249,0.6654170666547053,1.434438711947411,0.0,0.6636774884332829,0.6506390059256517,0.5438563432949125,0.11179509582073766,0.0,-1.0,1.098823583828259,1.3425116964780097,-1.0
2023-11-26,2023-24,True,L293239,1.0,10.0,123.5,0.8121865242203108,0.8050662222471574,0.732518580966761,1.303038618816021,1.0,L301911,-1.0,12.0,163.5,0.8148687299022606,0.8086136216800642,0.7503008841237779,1.272156304486688,1.0,0.6618254014351362,0.6509875136635614,0.549609338936456,0.0970873149802376,1.0,0.6576687939164274,1.3222757988070528,1.1761473857440081,0.5551912239994852
2023-11-27,2023-24,True,L294930,-1.0,8.5,153.0,0.7642577358369925,0.7571162384460992,0.6842064134413942,1.3950468473382087,1.0,L293248,1.0,14.5,123.0,0.86585785794163,0.8612030987462275,0.8173164929914962,1.1678462482830763,0.0,0.6617385660671384,0.6520308506608683,0.5592131863162101,0.07810462194738355,0.0,-1.0,1.2641764922235887,1.235183073614469,-1.0
2023-11-28,2023-24,True,L293264,1.0,8.0,114.5,0.8126822362835713,0.8020889539756356,0.6828625127470362,1.3977923552432447,1.0,L293265,1.0,9.5,130.0,0.8191758109997371,0.8109577846530585,0.7272185362174552,1.3125353005504006,1.0,0.6657296299926745,0.6504602812107704,0.49659027695767305,0.22138207003503374,1.0,0.8346518090962445,1.250867619329948,1.2061375528051161,0.5087184092617849
2023-11-29,2023-24,True,L294831,1.0,7.0,125.5,0.7769582200025831,0.7673831020684443,0.6770923307413516,1.4097043440957506,0.0,L293299,-1.0,14.0,155.5,0.855241343794011,0.8498073235249473,0.795184387310589,1.2003505290492886,1.0,0.6644867921468119,0.6521277800870561,0.5384132501732604,0.12440425202774885,0.0,-1.0,1.3222757988070528,1.0852331268715394,-1.0
2023-11-30,2023-24,True,L293325,1.0,8.5,132.0,0.7815494341379753,0.7726673241322373,0.6998854998298617,1.3637945067186472,1.0,L298082,-1.0,13.5,160.0,0.8470580497160404,0.8416522609865622,0.7866567535354015,1.2133627477426152,1.0,0.6620177394375882,0.6503172003463344,0.5505696551426609,0.0954920267401127,1.0,0.6547774500284222,1.2429246066602342,1.170456545915586,0.4547892419450261
2023-12-01,2023-24,True,L293358,1.0,7.0,140.5,0.7655852373395352,0.7541010649497216,0.6654170666547053,1.434438711947411,0.0,L294881,-1.0,15.0,138.5,0.8691265652474011,0.8650242854927274,0.8034819819475303,1.1879544550413224,0.0,0.6653904677330266,0.6523157348974378,0.5346506235374345,0.13385720150142122,0.0,-1.0,1.2847540047320458,1.181978947989229,-1.0
2023-12-02,2023-24,True,L294897,1.0,8.0,125.5,0.7797240651778571,0.769849778802311,0.6885857207055133,1.386174547770226,1.0,L293411,1.0,12.0,111.5,0.853304182236719,0.846097641302313,0.782194065767736,1.2202854020161136,1.0,0.6653418058068815,0.6513680820017428,0.5386076645082521,0.12544467020416805,1.0,0.6915285652902947,1.303038618816021,1.1253086069765703,0.46632057297653073
2023-12-03,2023-24,True,L294908,-1.0,13.0,162.5,0.8429545398536757,0.8375897387920489,0.7779013227759514,1.2270193815763855,1.0,L293419,1.0,8.5,129.0,0.7841145846112463,0.7763433630597197,0.7109807702264848,1.3425116964780097,1.0,0.6609729488635292,0.6502572346781315,0.5530728816274473,0.08881272209974855,1.0,0.6472878715715116,1.0999807778137145,1.303038618816021,0.43331743344655504
2023-12-04,2023-24,True,L293434,-1.0,11.5,176.0,0.7866488003793825,0.7815462276952747,0.7357774484659348,1.2972672674190988,1.0,L295913,-1.0,15.0,149.5,0.8355882497434953,0.8324916192321661,0.8034819819475303,1.1879544550413224,1.0,0.6573144942718284,0.6506306845988304,0.5911839225657062,0.01298370568982965,1.0,0.5410944297098008,1.3432910475749864,1.1206244691529132,0.5053248171065798
2023-12-05,2023-24,True,L293445,1.0,9.0,114.5,0.7864774710934407,0.7789874259809355,0.7054593459992039,1.3530191433612067,1.0,L293469,1.0,11.5,113.0,0.8419581542375499,0.8357420672767285,0.7727599417363153,1.235183073614469,1.0,0.6621811199112494,0.6510325617718846,0.5451507231116839,0.10665453219847687,1.0,0.6712263441561113,1.2937800478530552,1.1351173321058843,0.4685921562507833
2023-12-06,2023-24,True,L293504,1.0,7.5,113.0,0.7848107754437077,0.7753665574678588,0.6885857207055133,1.386174547770226,1.0,L293477,-1.0,13.0,148.5,0.8440984958302055,0.8383628756539756,0.7779013227759514,1.2270193815763855,1.0,0.6624575950633709,0.6500385368046776,0.5356517429814506,0.1267496366005192,1.0,0.7008630363619486,1.386174547770226,1.256384875924539,0.7415687372100495
2023-12-07,2023-24,True,L293516,1.0,10.0,120.5,0.7943339949134133,0.789007732478064,0.7429437826108002,1.2847540047320458,1.0,L293514,-1.0,14.0,171.5,0.8300327787509977,0.8259817071667906,0.795184387310589,1.2003505290492886,1.0,0.6593232530543612,0.6517059538400297,0.5907772965815806,0.016778749736705123,1.0,0.5421551492783034,1.2061375528051161,1.1162868776610169,0.3463955228505229
2023-12-08,2023-24,True,L293524,1.0,8.0,123.5,0.7691981112900034,0.7618537665627392,0.6998854998298617,1.3637945067186472,1.0,L294971,1.0,15.0,124.5,0.8583975340244154,0.8550333842935298,0.8332909245898033,1.1454582929363635,1.0,0.6602777619075768,0.6514104043609117,0.583208235260222,0.03146593144756671,1.0,0.5621697275819315,1.2061375528051161,1.1253086069765703,0.3572769693692548
2023-12-09,2023-24,True,L294977,1.0,6.5,133.0,0.7719297651450188,0.7593980309712484,0.6535724626865603,1.460434847693022,1.0,L293548,1.0,12.5,130.0,0.8664291478213301,0.8584891673107226,0.791369108589744,1.2061375528051161,0.0,0.668822448592518,0.6519349832659093,0.5172170571950669,0.1781209203527585,0.0,-1.0,1.1927040879045807,1.1799511194126884,-1.0
2023-12-10,2023-24,True,L293595,1.0,8.5,114.0,0.786098462682266,0.7780073661875346,0.7109807702264848,1.3425116964780097,1.0,L293599,1.0,12.0,126.5,0.8426096289760855,0.8358513366938766,0.782194065767736,1.2202854020161136,1.0,0.6623741339793754,0.6502984969855331,0.5561249393461306,0.08513271954258728,1.0,0.6382474252480028,1.2061375528051161,1.116006314569611,0.3460571251700473
2023-12-11,2023-24,True,L298086,1.0,9.0,132.5,0.8198568340272412,0.8118053871666946,0.7218615063976386,1.3222757988070528,0.0,L293617,1.0,10.0,135.5,0.8077756896226045,0.800721136651253,0.7429437826108002,1.2847540047320458,1.0,0.66226041949816,0.6500297323517262,0.5363025180841919,0.12504742307134475,0.0,-1.0,1.2937800478530552,1.2061375528051161,-1.0
2023-12-12,2023-24,True,L295980,1.0,6.5,145.0,0.7587034848493013,0.7470642927648319,0.6475907813990863,1.4739246255758185,0.0,L295018,1.0,15.0,127.5,0.8774584022870426,0.8714947887101401,0.8293965200105102,1.150836755365099,1.0,0.6657307476254793,0.6510626379759774,0.5371095404832893,0.12924353964385227,0.0,-1.0,1.303038618816021,1.1351173321058843,-1.0
2023-12-13,2023-24,True,L295019,1.0,7.5,121.0,0.7682285525858888,0.7593504220288887,0.6885857207055133,1.386174547770226,0.0,L293642,-1.0,15.0,156.5,0.8634720513935095,0.8588000191674858,0.8115479501713995,1.1761473857440081,1.0,0.663343884240404,0.6521301569932481,0.5588203301558551,0.08147976341934782,0.0,-1.0,1.303038618816021,1.1162868776610169,-1.0
2023-12-14,2023-24,True,L293655,-1.0,11.0,165.5,0.7779695864325432,0.7727189705980564,0.7258400411348183,1.3150280308422806,1.0,L293656,1.0,13.5,125.0,0.84701104185303,0.8426568007317478,0.8089318144594795,1.1799511194126884,1.0,0.6589488299341993,0.6511368956288877,0.5871551014825318,0.02247033826243472,1.0,0.5516687970514123,1.2270193815763855,1.0833851306142273,0.32933455297532066
2023-12-15,2023-24,True,L293665,-1.0,14.0,153.5,0.8300664526562178,0.8263470817737456,0.7866567535354015,1.2133627477426152,1.0,L295981,-1.0,11.5,167.0,0.7924402364892679,0.7879693040471192,0.7503008841237779,1.272156304486688,1.0,0.657778056044701,0.6511361349266263,0.5902292576795527,0.015337701694418504,1.0,0.5435870691700586,1.2201087005917823,1.1940771962315484,0.4569039763003533
2023-12-16,2023-24,True,L293678,1.0,12.0,128.5,0.8422394788190873,0.8354693149150949,0.7775091834459031,1.2276382328626365,1.0,L295921,1.0,8.5,124.0,0.7877785890397878,0.7792235396525536,0.7109807702264848,1.3425116964780097,1.0,0.6634982282577069,0.6510173568392342,0.5527940781045334,0.09352382855844632,1.0,0.6481186866616842,1.1678462482830763,1.303038618816021,0.5217487623522516
2023-12-17,2023-24,True,L295059,1.0,8.0,133.5,0.7757942441134248,0.7672218095744391,0.6998854998298617,1.3637945067186472,1.0,L293247,1.0,13.0,132.5,0.8543754740778529,0.8482042025924247,0.8002823245763557,1.1927040879045807,0.0,0.6628195751012769,0.6507607632016043,0.5601059947411263,0.0781444970456302,0.0,-1.0,1.303038618816021,1.1927040879045807,-1.0
2023-12-18,2023-24,True,L293760,1.0,8.5,134.0,0.7836486847982705,0.7760277209893334,0.7109807702264848,1.3425116964780097,1.0,L295067,1.0,12.5,122.0,0.8449990045585061,0.839078367332756,0.791369108589744,1.2061375528051161,1.0,0.6621823585781211,0.6511480731326893,0.5626482183585828,0.0722412820133933,1.0,0.6192537722022315,1.386174547770226,1.1351173321058843,0.5734707544980198
2023-12-19,2023-24,True,L293781,1.0,7.5,112.0,0.7989679389522154,0.7891774110888037,0.6885857207055133,1.386174547770226,0.0,L293766,1.0,11.0,134.5,0.8335118741543264,0.8257267842230119,0.7531298263343397,1.2673777702388662,1.0,0.6659492641852804,0.6516449258397998,0.5185944442512493,0.16994420078023786,0.0,-1.0,1.303038618816021,1.1454582929363635,-1.0
2023-12-20,2023-24,True,L293793,-1.0,8.0,162.5,0.7589833729748662,0.7498656807711498,0.6623808695709106,1.441013839391714,1.0,L293800,1.0,15.0,115.5,0.8775544976069045,0.8728098380820533,0.8332909245898033,1.1454582929363635,1.0,0.6660492725629525,0.6544901434171558,0.5519559672353419,0.09939508454940493,1.0,0.6506212525673079,1.3336474672362721,1.1454582929363635,0.527637551199365
2023-12-21,2023-24,True,L293849,1.0,7.0,138.5,0.7646888237141194,0.7547817421228523,0.6770923307413516,1.4097043440957506,0.0,L293818,1.0,14.5,124.0,0.8681516855114773,0.8637641049830145,0.8254360527336824,1.1563585051063412,1.0,0.6638658911992017,0.651953375942266,0.5588964208233902,0.08218346177681779,0.0,-1.0,1.3637945067186472,1.1563585051063412,-1.0
2023-12-22,2023-24,True,L295413,1.0,3.5,129.0,0.7559928209545758,0.7399169796784175,0.5922971260092502,1.6115222547696324,1.0,L293864,1.0,15.0,127.5,0.8853526122543697,0.8798262046186316,0.8332909245898033,1.1454582929363635,1.0,0.6693202188776837,0.6509983479633432,0.4935558197641313,0.2355192963469992,1.0,0.8459315309773825,1.3977923552432447,1.1454582929363635,0.601112845116426
2023-12-23,2023-24,True,L293878,1.0,9.0,119.5,0.7836354311098446,0.7772751185738612,0.7218615063976386,1.3222757988070528,1.0,L295220,-1.0,14.0,154.5,0.8435294050207975,0.8393638219162142,0.795184387310589,1.2003505290492886,0.0,0.6610195289573033,0.6524166142065347,0.5740129996879051,0.049166530774480854,0.0,-1.0,1.235183073614469,1.154197116088267,-1.0
2023-12-24,2023-24,True,L302079,-1.0,10.0,164.5,0.7766934627935447,0.7706366624249548,0.7207972888957288,1.3242280662047259,1.0,L302076,-1.0,15.0,164.5,0.8508058875586909,0.847140057820233,0.8115479501713995,1.1761473857440081,1.0,0.6608153709730948,0.6528371867650676,0.5849615622924308,0.029211599608193195,1.0,0.5574873781955316,1.3060426407929424,1.1206244691529132,0.46358334102966015
2023-12-27,2023-24,True,L293906,1.0,9.0,122.5,0.7898068391706735,0.7841549838844781,0.7218615063976386,1.3222757988070528,1.0,L295172,-1.0,15.0,146.5,0.839122271240322,0.8362791379432937,0.8115479501713995,1.1761473857440081,1.0,0.6627445087260353,0.6557724539368487,0.5858252258246421,0.03069444372458041,1.0,0.5551912239994852,1.3425116964780097,1.256384875924539,0.6867113912067666
2023-12-28,2023-24,True,L293914,1.0,8.0,119.5,0.7862666810450636,0.7771296522953121,0.6828625127470362,1.3977923552432447,1.0,L293910,1.0,12.0,126.5,0.844575950143437,0.8381985644193863,0.782194065767736,1.2202854020161136,1.0,0.6640619292097613,0.6513889589216675,0.5341310052059767,0.13269415548590158,1.0,0.7057056061530531,1.2673777702388662,1.250867619329948,0.5853218142503884
2023-12-29,2023-24,True,L293930,1.0,8.5,128.0,0.7934889902948479,0.7845604818116328,0.6998854998298617,1.3637945067186472,1.0,L293928,1.0,11.0,122.5,0.8369331274802047,0.8297347620759876,0.7630703563269924,1.250867619329948,1.0,0.6640972222685768,0.6509771047101974,0.5340618777432677,0.13290097558206582,1.0,0.7059263878744149,1.3425116964780097,1.2202854020161136,0.6382474252480028
2023-12-30,2023-24,True,L295210,1.0,10.5,115.0,0.8597319075061807,0.8515225236660156,0.7531298263343397,1.2673777702388662,1.0,L293993,1.0,7.0,119.5,0.7752890268131842,0.764120574026715,0.6654170666547053,1.434438711947411,1.0,0.6665407138907093,0.6506658795803528,0.501145439849564,0.21175484510420484,1.0,0.8179757362922209,1.250867619329948,1.3222757988070528,0.6539919805513834
2023-12-31,2023-24,True,L294027,1.0,10.0,123.5,0.800889506834074,0.7938209690344367,0.732518580966761,1.303038618816021,1.0,L294022,-1.0,12.5,152.0,0.8251839715723496,0.8200153809463729,0.7689210118560837,1.2413498724608276,1.0,0.6608811840399615,0.6509454043259925,0.5632489284803445,0.06899304218489144,1.0,0.6175268232788007,1.250867619329948,1.1594844714772679,0.4503615804868131
2024-01-01,2023-24,True,L295436,1.0,9.5,130.0,0.7819366301189745,0.7750623137780546,0.7164485468489895,1.3322659445650131,1.0,L294034,-1.0,15.0,161.5,0.8439310430389437,0.8410270406933921,0.8115479501713995,1.1761473857440081,1.0,0.6599005958466629,0.6518483641097305,0.5814323495985753,0.0340253707043503,1.0,0.5669411078159119,1.2061375528051161,1.1649032718558938,0.4050335815709407
2024-01-02,2023-24,True,L295225,1.0,10.5,125.0,0.8126221003116012,0.8057239854561468,0.7429437826108002,1.2847540047320458,0.0,L294040,1.0,11.0,130.5,0.8138596060060714,0.8072384228899847,0.7531298263343397,1.2673777702388662,1.0,0.6613603023914261,0.6504113593042529,0.5595331219738493,0.07687225720302049,0.0,-1.0,1.2590170060007893,1.2061375528051161,-1.0
2024-01-03,2023-24,True,L296017,1.0,11.5,110.0,0.8410030555239221,0.8336845403934274,0.7727599417363153,1.235183073614469,0.0,L294059,1.0,9.0,133.5,0.7905432374041714,0.7814364993962639,0.7109807702264848,1.3425116964780097,1.0,0.6648492781806815,0.6514715288458232,0.549417458575859,0.10248480209290589,0.0,-1.0,1.1454582929363635,1.250867619329948,-1.0
2024-01-04,2023-24,True,L295229,1.0,11.5,120.0,0.8591909576514482,0.8515232869668073,0.7727599417363153,1.235183073614469,1.0,L294077,1.0,7.0,142.5,0.774374170407124,0.7638298641919066,0.6770923307413516,1.4097043440957506,1.0,0.6653352850526425,0.6504189166401023,0.5232298300537928,0.15851037090987874,1.0,0.7412429446278583,1.1563585051063412,1.3222757988070528,0.5290248660468169
2024-01-05,2023-24,True,L294112,1.0,9.0,129.5,0.7878034335965632,0.7805219694206971,0.7218615063976386,1.3222757988070528,1.0,L294110,-1.0,14.5,172.0,0.8372619697686472,0.833743457995317,0.8034819819475303,1.1879544550413224,1.0,0.6595978546035622,0.6507550858261271,0.5800027138520044,0.03609856978439763,1.0,0.5708034259861616,1.1927040879045807,1.2133627477426152,0.4471827093437517
2024-01-06,2023-24,True,L294165,1.0,11.0,122.5,0.848808907370797,0.8399243058749037,0.7531298263343397,1.2673777702388662,0.0,L295495,1.0,7.0,131.5,0.7866157786918347,0.7757625425517769,0.6770923307413516,1.4097043440957506,0.0,0.6676864796320449,0.6515818150765517,0.5099384294635474,0.19290732522341036,0.0,-1.0,1.386174547770226,1.3322659445650131,-1.0
2024-01-07,2023-24,True,L294169,-1.0,14.5,161.0,0.8507929289077393,0.8463445208105627,0.8034819819475303,1.1879544550413224,0.0,L296059,1.0,9.0,138.5,0.7773947819061118,0.7704727138580278,0.7218615063976386,1.3222757988070528,0.0,0.661401983415494,0.6520853598077864,0.5800027138520044,0.03893250150310057,0.0,-1.0,1.2003505290492886,1.1678462482830763,-1.0
2024-01-08,2023-24,True,L294176,1.0,14.5,116.0,0.8646616918156834,0.8600070237909937,0.8214094026026973,1.1620271170205687,0.0,L294173,1.0,9.0,135.5,0.7627666980195762,0.7558135742076662,0.7109807702264848,1.3425116964780097,1.0,0.6595351435702692,0.6500049824951684,0.5840062897337425,0.028897905209724684,0.0,-1.0,1.2061375528051161,1.2673777702388662,-1.0
2024-01-09,2023-24,True,L296092,1.0,9.5,131.0,0.7981719471367201,0.79001568997915,0.7218615063976386,1.3222757988070528,1.0,L294184,1.0,11.0,124.5,0.8298870993820587,0.8229894857829996,0.7630703563269924,1.250867619329948,1.0,0.6623926020174226,0.6501746064564422,0.5508311169055855,0.09559205171338103,1.0,0.6539919805513834,1.303038618816021,1.1993336759131454,0.5627780965614064
2024-01-10,2023-24,True,L295538,1.0,10.0,119.5,0.814102941148012,0.8070517359781119,0.7429437826108002,1.2847540047320458,1.0,L295532,1.0,10.5,131.0,0.8126413110332698,0.8054060906313435,0.7429437826108002,1.2847540047320458,1.0,0.6615736814105613,0.6500043836113703,0.5519654641200439,0.09198879005417959,1.0,0.6505928526750295,1.235183073614469,1.1927040879045807,0.4732079012105219
2024-01-11,2023-24,True,L294197,1.0,8.0,119.5,0.7881112644981368,0.7793812401570133,0.6998854998298617,1.3637945067186472,0.0,L294202,1.0,12.5,123.0,0.8433641989256239,0.8367463612048015,0.7775091834459031,1.2276382328626365,1.0,0.6646648252477316,0.6521444166926663,0.5441674034783436,0.1128126099320037,0.0,-1.0,1.2847540047320458,1.1862446007389138,-1.0
2024-01-12,2023-24,True,L295565,1.0,7.5,134.0,0.7663623288245899,0.7576910119188496,0.6885857207055133,1.386174547770226,0.0,L295563,1.0,15.0,120.5,0.8687366634820055,0.8646109691891194,0.8332909245898033,1.1454582929363635,1.0,0.6657670525613738,0.6551079601610411,0.5737922318660332,0.05710834224132788,0.0,-1.0,1.303038618816021,1.1301480805971,-1.0
2024-01-13,2023-24,True,L294264,1.0,11.5,120.0,0.8503744027765842,0.8431178079245177,0.7727599417363153,1.235183073614469,1.0,L294285,1.0,8.0,138.5,0.7824809513731927,0.7731975075140521,0.6998854998298617,1.3637945067186472,0.0,0.6654017717080322,0.6518965876279484,0.5408434780706158,0.12089316610253542,0.0,-1.0,1.303038618816021,1.3425116964780097,-1.0
2024-01-14,2023-24,True,L296137,1.0,9.0,144.5,0.7753761890258587,0.766719142209129,0.7054593459992039,1.3530191433612067,1.0,L294308,-1.0,15.0,155.5,0.8559231987766406,0.8518004558593295,0.8115479501713995,1.1761473857440081,1.0,0.663662467966254,0.6530917148498101,0.57251408617491,0.05611922083067533,1.0,0.5913499283258805,1.173819640092949,1.1594844714772679,0.36102564500280976
2024-01-15,2023-24,True,L294314,1.0,6.5,129.0,0.7526150447166133,0.7425966414578923,0.6535724626865603,1.460434847693022,1.0,L296143,1.0,14.5,113.0,0.8811878329468278,0.8758312121744668,0.8173164929914962,1.1678462482830763,1.0,0.6631952202970124,0.6503893166447537,0.534175553118795,0.13112146676699865,1.0,0.7055633577401617,1.5466034620439923,1.1927040879045807,0.8446402715472467
2024-01-16,2023-24,True,L296144,1.0,8.0,130.5,0.7768021074431576,0.7679165769798686,0.6885857207055133,1.386174547770226,1.0,L296152,1.0,14.0,125.5,0.8538823850095244,0.848495449562282,0.804640121780483,1.1862446007389138,1.0,0.6632976361839882,0.6515737212108623,0.5540636981647858,0.09068821008162353,1.0,0.6443420729741363,1.303038618816021,1.1678462482830763,0.5217487623522516
2024-01-17,2023-24,True,L295646,1.0,8.5,120.0,0.7883018252840135,0.7804792479134951,0.7109807702264848,1.3425116964780097,1.0,L296160,1.0,12.5,129.0,0.8415125787536036,0.8349346977406562,0.782194065767736,1.2202854020161136,1.0,0.6633659018309229,0.6516492049495087,0.5561249393461306,0.08675748067182876,1.0,0.6382474252480028,1.2673777702388662,1.1927040879045807,0.5116066474832881
2024-01-18,2023-24,True,L294380,1.0,8.5,131.0,0.7817097384384024,0.774471683461149,0.7109807702264848,1.3425116964780097,1.0,L294373,1.0,12.5,127.0,0.8480455787057335,0.8420429655777714,0.791369108589744,1.2061375528051161,1.0,0.6629254875139026,0.652138433097635,0.5626482183585828,0.07344459634589007,1.0,0.6192537722022315,1.303038618816021,1.2131200015574317,0.5807422112874852
2024-01-19,2023-24,True,L294382,1.0,10.0,114.5,0.7865446634901541,0.7812209580996579,0.737760642996413,1.2937800478530552,1.0,L295670,-1.0,14.5,159.0,0.8362682674794714,0.8332829456089371,0.8034819819475303,1.1879544550413224,0.0,0.657762343032135,0.650978101136719,0.5927773836376422,0.010948998474608063,0.0,-1.0,1.3425116964780097,1.1079298073627775,-1.0
2024-01-20,2023-24,True,L294451,1.0,6.5,129.0,0.7898717672806859,0.7781594255643721,0.6654170666547053,1.434438711947411,1.0,L296186,1.0,11.0,121.5,0.8453805943617799,0.8368217227561091,0.7531298263343397,1.2673777702388662,1.0,0.6677422640933357,0.6511807110796821,0.501145439849564,0.21393923421851668,1.0,0.8179757362922209,1.434438711947411,1.2061375528051161,0.7301303976771731
2024-01-21,2023-24,True,L295760,1.0,9.0,134.5,0.7844209406248398,0.7767996027145153,0.7109807702264848,1.3425116964780097,1.0,L294456,1.0,12.5,120.0,0.8438456804202404,0.8379148451231254,0.791369108589744,1.2061375528051161,0.0,0.6619302223774529,0.6508919188002384,0.5626482183585828,0.07183300951935268,0.0,-1.0,1.3425116964780097,1.1563585051063412,-1.0
2024-01-22,2023-24,True,L295769,-1.0,15.0,165.5,0.8401131181928515,0.8364345659479426,0.8034819819475303,1.1879544550413224,0.0,L298036,1.0,10.5,134.0,0.7829273006137971,0.7777011381400806,0.7429437826108002,1.2847540047320458,0.0,0.6577474958369691,0.6504961139174192,0.5969419429277208,0.003873463020541257,0.0,-1.0,1.1079298073627775,1.2590170060007893,-1.0
2024-01-23,2023-24,True,L295778,1.0,7.5,140.0,0.7737274259681888,0.7648344359987665,0.6885857207055133,1.386174547770226,1.0,L295774,-1.0,14.5,158.0,0.8577087239227956,0.8535082434564234,0.8034819819475303,1.1879544550413224,1.0,0.6636327631912445,0.6527924960042916,0.5532662196132343,0.09281218703628835,1.0,0.6467122294885304,1.2759550269774365,1.1079298073627775,0.41366860724267873
2024-01-24,2023-24,True,L295811,1.0,7.0,138.5,0.76259096324529,0.7522406148933968,0.6654170666547053,1.434438711947411,1.0,L295804,1.0,13.5,109.0,0.8722052552125389,0.8659674979849895,0.8089318144594795,1.1799511194126884,1.0,0.665135845720134,0.6514159231619249,0.5382770351012952,0.12578735804726837,1.0,0.6925675638912423,1.460434847693022,1.107185815023715,0.6169727471320336
2024-01-25,2023-24,True,L294486,1.0,12.0,123.5,0.8508929816477225,0.8448920491905726,0.782194065767736,1.2202854020161136,0.0,L294496,1.0,8.0,123.5,0.7777183028474318,0.769988089041713,0.6998854998298617,1.3637945067186472,1.0,0.6617550455918577,0.650556814402786,0.5474462846838036,0.10130500780430718,0.0,-1.0,1.2202854020161136,1.3425116964780097,-1.0
2024-01-26,2023-24,True,L295835,1.0,9.0,133.5,0.7729501651479703,0.7659416531161455,0.7109807702264848,1.3425116964780097,1.0,L295833,-1.0,15.0,149.5,0.8569301771508534,0.8536054551948742,0.8115479501713995,1.1761473857440081,1.0,0.6623643219490316,0.6538119734609218,0.5769949866885865,0.04586771516419108,1.0,0.5789916221433644,1.2847540047320458,1.1162868776610169,0.43415403650482265
2024-01-27,2023-24,True,L294597,1.0,5.5,122.0,0.7638911476267272,0.7519758342207473,0.6415718017551921,1.4877524189634093,1.0,L295864,1.0,13.5,131.0,0.8713521996435918,0.8645443922760876,0.7958585831197189,1.1993336759131454,1.0,0.6656182317728164,0.65011649060268,0.5106004251144524,0.18767031713670446,1.0,0.7843115774840597,1.6115222547696324,1.1799511194126884,0.9015174884738872
2024-01-28,2023-24,True,L296262,1.0,9.5,136.0,0.7806070404122247,0.773871825162098,0.7218615063976386,1.3222757988070528,1.0,L294600,-1.0,14.5,174.0,0.8460608305842306,0.8425453299850683,0.8034819819475303,1.1879544550413224,1.0,0.6604410409710649,0.6520220922973469,0.5800027138520044,0.03742304981921585,1.0,0.5708034259861616,1.2673777702388662,1.1649032718558938,0.4763725112286825
2024-01-29,2023-24,True,L296298,1.0,7.5,125.0,0.7667522319109888,0.7573538097541412,0.6770923307413516,1.4097043440957506,0.0,L296277,1.0,13.5,119.0,0.8636476665540348,0.8584859543798357,0.8089318144594795,1.1799511194126884,1.0,0.6622037759150237,0.6501776081699884,0.5477215276631995,0.10149798611682415,0.0,-1.0,1.2673777702388662,1.1351173321058843,-1.0
2024-01-30,2023-24,True,L294617,1.0,10.0,127.5,0.7862786110283847,0.7802936335469394,0.732518580966761,1.303038618816021,0.0,L296288,1.0,13.0,133.5,0.8386060372173298,0.8334663495874145,0.8002823245763557,1.1927040879045807,1.0,0.65937799014326,0.6503484863586673,0.586221672771453,0.02476537157732217,0.0,-1.0,1.250867619329948,1.2061375528051161,-1.0
2024-01-31,2023-24,True,L296327,1.0,11.5,103.0,0.8589110449474524,0.852069844357681,0.7727599417363153,1.235183073614469,1.0,L296333,1.0,7.5,129.0,0.7744462577554295,0.7652829924136954,0.6885857207055133,1.386174547770226,1.0,0.6651804445043601,0.6520745602355177,0.5321114614128511,0.13890821344195592,1.0,0.7121793384809747,1.2673777702388662,1.2673777702388662,0.6062464124956404
2024-02-01,2023-24,True,L294655,1.0,14.0,117.5,0.8692390894677927,0.8643053512206859,0.8089318144594795,1.1799511194126884,1.0,L294651,1.0,8.0,132.5,0.7607288100434396,0.7526500282164462,0.6885857207055133,1.386174547770226,1.0,0.661255218174077,0.6505194469838746,0.5570188964611992,0.08156107586850281,1.0,0.6356182093428553,1.1454582929363635,1.3637945067186472,0.5621697275819315
2024-02-02,2023-24,True,L296357,1.0,7.0,140.5,0.7607487282468958,0.7509052695623689,0.6654170666547053,1.434438711947411,1.0,L294671,1.0,14.5,120.0,0.873932723459095,0.8693060055559216,0.8254360527336824,1.1563585051063412,1.0,0.6648432079448525,0.6527664604341555,0.5492592369210856,0.10279231910331066,1.0,0.6587254046141737,1.562242607344546,1.098823583828259,0.7166290206115375
2024-02-03,2023-24,True,L296430,1.0,7.0,138.5,0.7744244711527052,0.7644457445840717,0.6770923307413516,1.4097043440957506,1.0,L296414,1.0,12.5,120.0,0.8591448629695997,0.8525791087396354,0.782194065767736,1.2202854020161136,1.0,0.6653428061487956,0.6517504715972948,0.5296176030827304,0.14455039486101762,1.0,0.7202416322587448,1.303038618816021,1.235183073614469,0.6094912462275255
2024-02-04,2023-24,True,L296513,1.0,8.5,126.0,0.7793835938227992,0.7716354095120406,0.7109807702264848,1.3425116964780097,1.0,L296511,-1.0,14.5,161.0,0.8468750877882391,0.8424318077797719,0.795184387310589,1.2003505290492886,1.0,0.6600405494393963,0.650050212982113,0.565360808162158,0.0636451973788208,1.0,0.611484625122237,1.1799511194126884,1.1162868776610169,0.3171639508818116
2024-02-05,2023-24,True,L296528,1.0,9.0,124.5,0.7932945077189557,0.7860984303498003,0.7218615063976386,1.3222757988070528,1.0,L296529,1.0,11.5,117.0,0.8338391198573297,0.8275417410118325,0.7727599417363153,1.235183073614469,1.0,0.6614799941040277,0.6505292636583425,0.557825655625528,0.08036397666679052,1.0,0.6332526853365228,1.2937800478530552,1.1927040879045807,0.5430967519237231
2024-02-06,2023-24,True,L296545,1.0,12.5,117.0,0.8565125885603152,0.8510721552124112,0.791369108589744,1.2061375528051161,1.0,L296548,1.0,8.5,141.0,0.7733255186831445,0.7652977339565009,0.6998854998298617,1.3637945067186472,1.0,0.6623630418070485,0.6513235918175337,0.5538677641152451,0.08953671108460548,1.0,0.6449237688626897,1.2061375528051161,1.3425116964780097,0.6192537722022315
2024-02-07,2023-24,True,L296564,1.0,9.0,121.5,0.8006443833990734,0.7927568879633853,0.7218615063976386,1.3222757988070528,1.0,L296587,1.0,11.0,128.5,0.8276490283763416,0.8206648227272065,0.7581311415577509,1.2590170060007893,1.0,0.6626525459952182,0.6505876909262435,0.5472656878918394,0.10316256637364529,1.0,0.6647677173213575,1.3637945067186472,1.2590170060007893,0.7170404766492344
2024-02-08,2023-24,True,L296636,1.0,8.0,127.5,0.7823468746315555,0.7733218106850572,0.6885857207055133,1.386174547770226,1.0,L296627,1.0,12.0,122.5,0.8470951158207501,0.8406112068844772,0.782194065767736,1.2202854020161136,1.0,0.6627222163780194,0.6500629805900552,0.5386076645082521,0.12101355985591544,1.0,0.6915285652902947,1.3637945067186472,1.1799511194126884,0.6092108548515429
2024-02-09,2023-24,True,L296726,-1.0,11.5,153.0,0.7905315283780152,0.7868829614605096,0.7503008841237779,1.272156304486688,1.0,L296673,-1.0,15.0,149.5,0.8311260013470624,0.8281804927014901,0.8034819819475303,1.1879544550413224,1.0,0.6570313081196015,0.6516811187207725,0.6028532414327573,-0.007052401802303709,1.0,0.5112637494238659,1.2886973722583697,1.1761473857440081,0.5156980453968543
2024-02-10,2023-24,True,L296690,1.0,8.0,123.5,0.781972906522676,0.7725324754679044,0.6885857207055133,1.386174547770226,1.0,L296718,1.0,12.5,130.0,0.8495841012020202,0.8425550972368318,0.782194065767736,1.2202854020161136,0.0,0.6643517489523991,0.6509011749864705,0.5386076645082521,0.12376996075354985,0.0,-1.0,1.4097043440957506,1.1799511194126884,-1.0
2024-02-11,2023-24,True,L296822,1.0,9.0,121.5,0.7817431399433804,0.7751795989997844,0.7218615063976386,1.3222757988070528,1.0,L296820,-1.0,15.0,162.5,0.8470322465263506,0.8433558211838397,0.8075439935912446,1.181978947989229,1.0,0.6621616480328048,0.6537522272794227,0.5829349236961409,0.03489386840737896,1.0,0.5629021576255779,1.2673777702388662,1.1761473857440081,0.4906230512165126
2024-02-12,2023-24,True,L296839,1.0,9.0,125.5,0.7779117364968107,0.7701505794376572,0.7109807702264848,1.3425116964780097,1.0,L296837,-1.0,14.5,150.0,0.8470280144588598,0.8440295756996545,0.8034819819475303,1.1879544550413224,1.0,0.6589130335891372,0.6500298667876089,0.5712602383881576,0.05086267501154773,1.0,0.5948427507761351,1.2759550269774365,1.1440049356299724,0.45969884850406184
2024-02-13,2023-24,True,L296849,1.0,8.5,136.0,0.7691348481582869,0.7613374089448184,0.6998854998298617,1.3637945067186472,1.0,L296852,1.0,14.5,122.0,0.8624557222744017,0.8577844115286178,0.8173164929914962,1.1678462482830763,0.0,0.6633447509947676,0.6530633613064537,0.572027962216543,0.056510709342231014,0.0,-1.0,1.3425116964780097,1.1563585051063412,-1.0
2024-02-14,2023-24,True,L296881,1.0,12.0,113.5,0.8511090769589932,0.8449319916741223,0.782194065767736,1.2202854020161136,1.0,L296893,1.0,8.0,124.5,0.779047751681774,0.7707307758453327,0.6998854998298617,1.3637945067186472,0.0,0.6630546128408535,0.6512150894795384,0.5474462846838036,0.10346777169833632,0.0,-1.0,1.1678462482830763,1.3425116964780097,-1.0
2024-02-15,2023-24,True,L296959,1.0,9.5,124.0,0.8308590365798714,0.822306427657725,0.732518580966761,1.303038618816021,1.0,L296954,1.0,8.0,133.5,0.800893666798429,0.7908563077453247,0.6998854998298617,1.3637945067186472,1.0,0.6654297403990632,0.6503262252126363,0.5126791331745826,0.18251982714569004,1.0,0.7770769103835427,1.2061375528051161,1.235183073614469,0.4898006896756575
2024-02-16,2023-24,True,L296974,1.0,7.5,128.0,0.7628886251156641,0.7548997686367644,0.6885857207055133,1.386174547770226,1.0,L296972,1.0,14.5,110.0,0.8687890978867873,0.8646404830075073,0.8254360527336824,1.1563585051063412,1.0,0.6627893204023293,0.6527169005763475,0.5683834792679368,0.062394763151843335,1.0,0.6029147278760372,1.4739246255758185,1.098823583828259,0.6195831393679456
2024-02-17,2023-24,True,L297085,1.0,7.5,122.0,0.7972200365854456,0.7860500150303901,0.6770923307413516,1.4097043440957506,0.0,L297091,1.0,10.5,124.0,0.8357558352020811,0.8275636550355217,0.7531298263343397,1.2673777702388662,1.0,0.6662812975163027,0.6505064234792763,0.5099384294635474,0.19039678758295153,0.0,-1.0,1.303038618816021,1.2202854020161136,-1.0
2024-02-18,2023-24,True,L297128,1.0,8.5,123.0,0.7791037531756548,0.7722064748217327,0.7109807702264848,1.3425116964780097,1.0,L297126,1.0,14.0,125.5,0.8494040240317178,0.8448623065560936,0.8131572921410803,1.173819640092949,1.0,0.6617738630856155,0.6524081434554391,0.578139197881748,0.0428673251942322,1.0,0.5758665963803917,1.3425116964780097,1.1029488438662616,0.4807217235073542
2024-02-19,2023-24,True,L297148,1.0,8.0,118.5,0.7900883008488727,0.7815006927144111,0.6998854998298617,1.3637945067186472,1.0,L297153,1.0,11.5,117.0,0.8398040220390331,0.8337331195940144,0.7727599417363153,1.235183073614469,0.0,0.663519332818869,0.6515630105016692,0.5408434780706158,0.11772213023190292,0.0,-1.0,1.5782694864909925,1.150836755365099,-1.0
2024-02-20,2023-24,True,L297168,1.0,7.5,130.0,0.7743306178693018,0.7648507527323264,0.6828625127470362,1.3977923552432447,0.0,L297170,1.0,14.0,126.5,0.8592662017227118,0.8532571413633674,0.8089318144594795,1.1799511194126884,1.0,0.6653561288941556,0.6526143668460046,0.5523892114628195,0.09738959797087232,0.0,-1.0,1.3425116964780097,1.1862446007389138,-1.0
2024-02-21,2023-24,True,L297183,1.0,8.0,122.5,0.7902229625513697,0.781100658294819,0.6998854998298617,1.3637945067186472,1.0,L297202,1.0,12.0,122.5,0.8390736646475859,0.8323678324644221,0.7727599417363153,1.235183073614469,1.0,0.6630552770766498,0.6501630618813917,0.5408434780706158,0.11694041167890168,1.0,0.6845358905872674,1.3977923552432447,1.1927040879045807,0.66715265614039
2024-02-22,2023-24,True,L297272,1.0,8.5,135.0,0.7853030246004877,0.7761224418283846,0.6942605128321637,1.3748441433118763,1.0,L297258,1.0,11.5,136.0,0.8451947311667847,0.8380353249235194,0.7727599417363153,1.235183073614469,0.0,0.6637339787616722,0.6504180227180856,0.5364967134460072,0.12714256547770808,0.0,-1.0,1.4097043440957506,1.2061375528051161,-1.0
2024-02-23,2023-24,True,L297295,1.0,8.0,123.5,0.7661248494156213,0.7577459046885056,0.6885857207055133,1.386174547770226,1.0,L297291,1.0,14.5,116.0,0.8653984580703356,0.8611010155152304,0.8254360527336824,1.1563585051063412,1.0,0.6630032633736467,0.6524957680297792,0.5683834792679368,0.06273769549149355,1.0,0.6029147278760372,1.250867619329948,1.1678462482830763,0.46082105633326287
2024-02-24,2023-24,True,L297356,1.0,7.0,145.5,0.7863279169990841,0.7754973737539197,0.6770923307413516,1.4097043440957506,0.0,L297349,1.0,11.0,119.5,0.8497686851580847,0.8413136724221912,0.7630703563269924,1.250867619329948,1.0,0.6681968401314072,0.6524365434666748,0.5166690860850769,0.17826724799921156,0.0,-1.0,1.2131200015574317,1.1862446007389138,-1.0
2024-02-25,2023-24,True,L297328,1.0,8.0,115.5,0.7924019174084297,0.7835112235040345,0.6998854998298617,1.3637945067186472,0.0,L297434,1.0,11.5,131.0,0.837651653984213,0.8304810529768106,0.7727599417363153,1.235183073614469,1.0,0.6637567767374329,0.6506912259147798,0.5408434780706158,0.11812211303472564,0.0,-1.0,1.3637945067186472,1.2202854020161136,-1.0
2024-02-26,2023-24,True,L297468,1.0,8.5,127.0,0.7599048311312847,0.754380924087882,0.7109807702264848,1.3425116964780097,0.0,L297470,1.0,15.0,120.5,0.8653184682795927,0.8619466724942867,0.8332909245898033,1.1454582929363635,0.0,0.6575596845127858,0.650236127310715,0.5924538233875979,0.011189467448250445,0.0,-1.0,1.3530191433612067,1.2759550269774365,-1.0
2024-02-27,2023-24,True,L297483,1.0,9.0,125.5,0.7881867887146253,0.7806805497368448,0.7164485468489895,1.3322659445650131,1.0,L297499,1.0,12.5,123.0,0.8391973685604207,0.8331212768582259,0.7775091834459031,1.2276382328626365,1.0,0.6614442790234019,0.6504015764151418,0.5570453246415618,0.08181897952143458,1.0,0.6355406098888641,1.3425116964780097,1.2673777702388662,0.7014694804018975
2024-02-28,2023-24,True,L297540,1.0,9.0,134.5,0.8058357433825022,0.7972760929034919,0.7164485468489895,1.3322659445650131,1.0,L297528,1.0,10.5,140.0,0.8230830232877029,0.8154267576911388,0.7531298263343397,1.2673777702388662,1.0,0.6632697199365634,0.6501202594209535,0.5395787696658695,0.1199204704333241,1.0,0.6884842421879833,1.3977923552432447,1.2061375528051161,0.6859298506827867
2024-02-29,2023-24,True,L297570,1.0,9.0,133.5,0.7865621045978087,0.7784311187384177,0.7054593459992039,1.3530191433612067,1.0,L298202,1.0,12.0,126.5,0.8443979126550669,0.8377461632096537,0.782194065767736,1.2202854020161136,1.0,0.6641713992959661,0.6521276830461078,0.5518061140809654,0.09659314632139004,1.0,0.6510695092920276,1.421917438645993,1.1927040879045807,0.6959267417358865
2024-03-01,2023-24,True,L297624,1.0,8.5,125.0,0.777544792763043,0.7707679440549162,0.7109807702264848,1.3425116964780097,1.0,L297638,-1.0,15.0,153.5,0.8468105812854881,0.8436433079225781,0.8034819819475303,1.1879544550413224,1.0,0.6584331579351769,0.6502532179631741,0.5712602383881576,0.050097348803554986,1.0,0.5948427507761351,1.386174547770226,1.1490382392467398,0.5927675616585464
2024-03-02,2023-24,True,L297649,1.0,8.5,137.0,0.7918965265887267,0.7833265483728198,0.7109807702264848,1.3425116964780097,1.0,L297637,1.0,11.5,116.0,0.8383303141758189,0.8315128981620227,0.7679468206561317,1.2429246066602342,0.0,0.6638708639298669,0.6513461284447373,0.5459954220430767,0.10776202427679182,0.0,-1.0,1.06628608333125,1.235183073614469,-1.0
2024-03-03,2023-24,True,L297770,1.0,7.5,129.0,0.7680208507730876,0.7597031767621814,0.6885857207055133,1.386174547770226,0.0,L297773,1.0,15.0,117.5,0.8664569962192542,0.8624251143012779,0.8254360527336824,1.1563585051063412,1.0,0.6654570393946055,0.6551870990541682,0.5683834792679368,0.06667088921439746,0.0,-1.0,1.2202854020161136,1.116006314569611,-1.0
2024-03-04,2023-24,True,L297796,-1.0,13.5,156.0,0.8419580077252337,0.8382426493131874,0.7866567535354015,1.2133627477426152,1.0,L297787,-1.0,10.0,154.5,0.7805922405885779,0.7755495597202358,0.7207972888957288,1.3242280662047259,0.0,0.6572258877317353,0.6500987176135664,0.567020055239833,0.05601018572254568,0.0,-1.0,1.1250714242792874,1.2886973722583697,-1.0
2024-03-05,2023-24,True,L297813,1.0,8.0,130.5,0.7738833043031522,0.7655684829298007,0.6885857207055133,1.386174547770226,1.0,L303138,1.0,13.5,115.0,0.8568529919068508,0.852020747655205,0.8089318144594795,1.1799511194126884,1.0,0.6631042246789158,0.6522802312071099,0.5570188964611992,0.08458534457701083,1.0,0.6356182093428553,1.3530191433612067,1.1563585051063412,0.5645751939974273
2024-03-06,2023-24,True,L303120,1.0,8.5,132.0,0.768799768599279,0.7623086702170455,0.7054593459992039,1.3530191433612067,1.0,L303117,1.0,15.0,121.5,0.858818087362288,0.854745004198719,0.8214094026026973,1.1620271170205687,1.0,0.6602591468330025,0.6515795275253885,0.5794709399576956,0.038089099021679784,1.0,0.5722449344336624,1.3322659445650131,1.1678462482830763,0.5558817850755595
2024-03-07,2023-24,True,L303145,1.0,7.0,130.5,0.7446786280601914,0.7363991924200193,0.6654170666547053,1.434438711947411,1.0,L297879,1.0,15.0,122.5,0.887387261482329,0.8833130008654695,0.8332909245898033,1.1454582929363635,1.0,0.6608183284387511,0.6504709804914355,0.5544860027105342,0.08578380112792927,1.0,0.6430897183091173,1.5782694864909925,1.1253086069765703,0.7760402372768058
2024-03-08,2023-24,True,L297885,1.0,8.0,121.5,0.7869907142685177,0.778857378183311,0.6998854998298617,1.3637945067186472,1.0,L303170,1.0,13.0,122.5,0.8408781765052514,0.8347795431405194,0.7868141641178042,1.2131200015574317,0.0,0.6617633167406766,0.6501742063314871,0.5506798245268043,0.09485193313889195,0.0,-1.0,1.460434847693022,1.1678462482830763,-1.0
2024-03-09,2023-24,True,L303192,1.0,5.5,137.0,0.7525291929337462,0.7405676033213663,0.6355172919014347,1.5019260878711667,1.0,L297941,1.0,14.0,109.5,0.8845595037271083,0.8782853229133156,0.8089318144594795,1.1799511194126884,1.0,0.665656849441636,0.6504296566222464,0.5140901560582022,0.17967664832380859,1.0,0.7721993686587028,1.4097043440957506,1.1678462482830763,0.6463179294405772
2024-03-10,2023-24,True,L297947,-1.0,12.0,160.5,0.82046540433529,0.816116294502178,0.7597194285689006,1.256384875924539,1.0,L303226,1.0,10.0,121.5,0.8031897122234574,0.7973809997761897,0.7429437826108002,1.2847540047320458,1.0,0.6589893719973642,0.650755626843786,0.5644288259838947,0.06370472990355891,1.0,0.6141455008288261,1.2270193815763855,1.250867619329948,0.5348388127041583
2024-03-11,2023-24,True,L303231,-1.0,12.5,171.0,0.8110373312505795,0.806987189883935,0.7689210118560837,1.2413498724608276,1.0,L303232,1.0,12.0,126.5,0.8109686060476602,0.8060470088081673,0.7727599417363153,1.235183073614469,0.0,0.6577258139768969,0.6504696105524543,0.5941913563217359,0.008487275009969153,0.0,-1.0,1.1250714242792874,1.3322659445650131,-1.0
2024-03-12,2023-24,True,L303254,1.0,7.5,149.0,0.7686512115988929,0.7595741789720644,0.6885857207055133,1.386174547770226,0.0,L303324,-1.0,14.5,156.0,0.862785221146852,0.8585243048269814,0.8034819819475303,1.1879544550413224,1.0,0.6631809055841466,0.6521128939665167,0.5532662196132343,0.09206810758869266,0.0,-1.0,1.2759550269774365,1.1079298073627775,-1.0
2024-03-13,2023-24,True,L303306,1.0,8.5,129.0,0.7767347791546672,0.7685418790608115,0.6942605128321637,1.3748441433118763,0.0,L303304,1.0,13.5,115.0,0.8519841452565671,0.8472185737382358,0.8002823245763557,1.1927040879045807,1.0,0.6617657169091374,0.6511229546360044,0.5556044170708968,0.08515166298417531,0.0,-1.0,1.4097043440957506,1.2202854020161136,-1.0
2024-03-14,2023-24,True,L303245,1.0,8.0,124.5,0.7779450486305908,0.7687194808379926,0.6885857207055133,1.386174547770226,0.0,L303357,-1.0,15.0,164.5,0.8551688899082636,0.8515872037633082,0.8115479501713995,1.1761473857440081,1.0,0.6652744036470524,0.6546316731652081,0.5588203301558551,0.08462717718282797,0.0,-1.0,1.4097043440957506,1.0999807778137145,-1.0
2024-03-15,2023-24,True,L303376,-1.0,12.5,149.0,0.8259300495704031,0.821028134340486,0.7597194285689006,1.256384875924539,1.0,L303405,1.0,10.0,111.5,0.7981515094972917,0.7921349826459977,0.732518580966761,1.303038618816021,1.0,0.6592173158037902,0.6503651069476768,0.5565085977481696,0.07921654246475351,1.0,0.6371180134260492,1.2133627477426152,1.250867619329948,0.5177561716524492
2024-03-16,2023-24,True,L303334,1.0,7.0,126.5,0.7662050568530322,0.7571093469413503,0.6770923307413516,1.4097043440957506,1.0,L303428,-1.0,15.0,158.5,0.8653036733615054,0.861232140016548,0.8115479501713995,1.1761473857440081,1.0,0.6630000502430898,0.6520469030928303,0.5494928930899191,0.09926739566791687,1.0,0.6580200789801889,1.2673777702388662,1.1343037257161461,0.4375913266717677
2024-03-17,2023-24,True,L303449,-1.0,12.0,162.5,0.8151843750191373,0.8106583034490763,0.7597194285689006,1.256384875924539,0.0,L303446,1.0,11.5,123.0,0.8076469995374662,0.802460116793303,0.7630703563269924,1.250867619329948,0.0,0.6583812145540309,0.6505209568652066,0.5797193750666101,0.034692928229496545,0.0,-1.0,1.1649032718558938,1.1678462482830763,-1.0
2024-03-19,2023-24,True,L303491,1.0,14.0,134.5,0.8430767023603813,0.8388240250093822,0.8089318144594795,1.1799511194126884,1.0,L303484,1.0,10.0,127.5,0.782666018461603,0.7775440521706264,0.7429437826108002,1.2847540047320458,0.0,0.6598474858941376,0.6522226314638699,0.6009908621087436,0.0002937679053558462,0.0,-1.0,1.1563585051063412,1.1678462482830763,-1.0
2024-03-20,2023-24,True,L303511,-1.0,11.5,158.0,0.7924796013512891,0.7884398875533946,0.7357774484659348,1.2972672674190988,1.0,L303509,-1.0,13.0,157.5,0.8301546218151141,0.8265871303920616,0.7779013227759514,1.2270193815763855,1.0,0.6578806037559718,0.6517142641394001,0.5723622504303651,0.04719597716905288,1.0,0.5917720802078701,1.234098507863231,1.2067778803768934,0.48928278149547677
2024-03-21,2023-24,True,L303465,-1.0,13.0,162.5,0.8375881923402522,0.8330977358250612,0.7779013227759514,1.2270193815763855,1.0,L303512,-1.0,10.0,154.5,0.7854902574695952,0.7803097900795185,0.7207972888957288,1.3242280662047259,1.0,0.6579173648548375,0.6500743193573757,0.5607091644853069,0.06901933487720835,1.0,0.6248535028606155,1.1649032718558938,1.2886973722583697,0.5012077853758676
2024-03-22,2023-24,True,L303515,-1.0,15.0,153.5,0.8474147465360474,0.8444407764041082,0.7993620538206049,1.1940771962315484,1.0,L303518,-1.0,11.0,170.5,0.7780440371066636,0.7734720174402773,0.7308337187371546,1.3060426407929424,0.0,0.6593259904986264,0.6531513109341196,0.5842007424110822,0.02822925646402963,0.0,-1.0,1.1761473857440081,1.2201087005917823,-1.0
2024-03-23,2023-24,True,L303517,-1.0,13.0,148.5,0.8256793383123737,0.8212950419013301,0.7689210118560837,1.2413498724608276,1.0,L303513,-1.0,11.5,161.0,0.7981842320508689,0.7935114558655734,0.740670401404864,1.2886973722583697,1.0,0.6590442285711315,0.6517070243943015,0.5695170345000797,0.054289079539856955,1.0,0.5997243186935308,1.1761473857440081,1.2972672674190988,0.5257775051862461
2024-03-24,2023-24,True,L303503,-1.0,9.5,159.0,0.7917321798998627,0.7852194084777692,0.710568273140164,1.3432910475749864,0.0,L303520,-1.0,13.0,175.5,0.835353687905796,0.8301347768253975,0.7779013227759514,1.2270193815763855,1.0,0.6613763963130455,0.6518379384156635,0.5527519995983571,0.0901097764835952,0.0,-1.0,1.3432910475749864,1.2270193815763855,-1.0
2024-03-25,2023-24,True,L303545,-1.0,8.0,166.5,0.7806461741150156,0.7718830563444964,0.678807680271365,1.4061420159807596,1.0,L303543,-1.0,14.0,168.5,0.8475286872165446,0.8421676572891952,0.7866567535354015,1.2133627477426152,1.0,0.6616200271283172,0.6500549452628683,0.5339886460371688,0.12882985058608454,1.0,0.7061603402267549,1.2886973722583697,1.1649032718558938,0.5012077853758676
2024-03-26,2023-24,True,L303557,-1.0,10.0,171.5,0.7877418574938992,0.7814913766665611,0.7207972888957288,1.3242280662047259,1.0,L303558,-1.0,14.0,159.5,0.8358952498146198,0.8317579449112821,0.7866567535354015,1.2133627477426152,1.0,0.6584696767592956,0.6500116614220676,0.567020055239833,0.05800866738084842,1.0,0.6067690050480559,1.3242280662047259,1.154197116088267,0.5284202150566373
2024-03-27,2023-24,True,L303561,-1.0,11.5,162.0,0.7865665299020134,0.7823163569577817,0.740670401404864,1.2886973722583697,1.0,L303554,-1.0,15.0,155.5,0.8372643442012346,0.8344538195138909,0.8115479501713995,1.1761473857440081,0.0,0.65856410982905,0.6528068721316134,0.601089546012745,-0.0018156659635896188,0.0,-1.0,1.256384875924539,1.272156304486688,-1.0
2024-03-28,2023-24,True,L303541,-1.0,10.5,157.0,0.7862848556135391,0.78176457613173,0.7308337187371546,1.3060426407929424,1.0,L303556,-1.0,15.0,150.5,0.8413409795310223,0.838510105537268,0.8115479501713995,1.1761473857440081,1.0,0.6615336706123034,0.6555174972375145,0.593106606357279,0.01618097017976705,1.0,0.5360986376388199,1.2886973722583697,1.1879544550413224,0.5309137845743757
2024-03-29,2023-24,True,L303547,-1.0,11.5,165.0,0.7861752420478959,0.7824502210422658,0.740670401404864,1.2886973722583697,1.0,L303555,-1.0,14.5,148.0,0.8343109262171265,0.8311047283451632,0.795184387310589,1.2003505290492886,1.0,0.6559145943619537,0.6502980784029453,0.5889695393402148,0.014626790603516682,1.0,0.5468885725747621,1.3060426407929424,1.2133627477426152,0.584703487301546
2024-03-30,2023-24,True,L303564,-1.0,10.0,164.5,0.7876337326055521,0.7818966868168848,0.715706379271291,1.3336474672362721,1.0,L303565,-1.0,15.0,179.5,0.835626634937594,0.8314768729594967,0.8115479501713995,1.1761473857440081,1.0,0.6581677255405143,0.6501290121318943,0.5808300450222104,0.032379504795070124,1.0,0.5685659820940592,1.3242280662047259,1.1440049356299724,0.5149234436379402
2024-03-31,2023-24,True,L303586,-1.0,14.0,156.5,0.8290636953871563,0.8257959812190658,0.7866567535354015,1.2133627477426152,1.0,L303587,-1.0,11.5,159.0,0.7913351877850062,0.7873793327985283,0.7503008841237779,1.272156304486688,1.0,0.6560672750749266,0.6502146887199741,0.5902292576795527,0.01269696231129247,1.0,0.5435870691700586,1.1940771962315484,1.2803285055008624,0.5288110721037984
2024-04-02,2023-24,True,L303563,-1.0,11.5,177.0,0.7787602376583999,0.7747558452048232,0.7503008841237779,1.272156304486688,0.0,L303562,1.0,15.0,129.5,0.8448799065714048,0.8415166371897415,0.8332909245898033,1.1454582929363635,1.0,0.6579588768343538,0.6519699334998587,0.6252189174520497,-0.04122101607207429,0.0,-1.0,1.1761473857440081,1.1253086069765703,-1.0
2024-04-06,2023-24,True,L303589,1.0,12.0,134.5,0.7939527752165485,0.7906344853858568,0.7727599417363153,1.235183073614469,0.0,L303588,-1.0,15.0,176.5,0.8262447565059746,0.8233249145792243,0.8115479501713995,1.1761473857440081,1.0,0.6559993174360399,0.6509490701436995,0.6271317466906768,-0.0469921746266343,0.0,-1.0,1.2202854020161136,1.1490382392467398,-1.0
2024-11-13,2024-25,True,L323282,-1.0,15.0,152.5,0.8255228937125775,0.8228259445335073,0.8002289873195852,1.1927835846051449,1.0,L323286,1.0,12.5,139.0,0.8018388163870045,0.7976499613268762,0.7876194978740183,1.2118795974152923,1.0,0.661936299994868,0.6563270828359025,0.6302759531768859,-0.0431643992117392,1.0,0.4455100903148521,1.1866603491386736,1.1667434911619432,0.3845282385775064
2024-11-14,2024-25,True,L323324,1.0,11.0,133.5,0.8010676972570346,0.7947884119346479,0.7638912941511794,1.2495233383443924,1.0,L323334,-1.0,15.0,155.5,0.8214487466478811,0.8187295441755686,0.804358214793993,1.1866603491386736,1.0,0.6580360558918954,0.6507167542192783,0.6144422376601157,-0.024290588756576637,1.0,0.4827598009366776,1.198133564097389,1.2400882103175528,0.48579130722292185
2024-11-15,2024-25,True,L323355,-1.0,11.5,158.0,0.7811334449887698,0.7766751324130229,0.7413523211646988,1.2875119868788383,1.0,L323388,-1.0,15.0,151.5,0.8413453076679731,0.8385063522096633,0.8084288470964416,1.18068523089965,1.0,0.6572029586038203,0.6512470321316011,0.5993306022914484,-0.0009552966148185238,1.0,0.5201463875141084,1.2875119868788383,1.1330468692785212,0.45881142589163604
2024-11-16,2024-25,True,L317952,1.0,9.0,129.5,0.7832980621366525,0.7755001306602586,0.7226915205918253,1.3207571595946532,1.0,L323408,1.0,13.0,122.5,0.8456119069840835,0.8393994237648159,0.7966557557538005,1.198133564097389,1.0,0.6623661680603119,0.6509543628057605,0.5757363595139439,0.04815702596187177,1.0,0.5824434829322858,1.3307249260655474,1.1243510128622214,0.4962019184628028
2024-11-17,2024-25,True,L323493,-1.0,15.0,151.5,0.8477901445648153,0.8450939865958937,0.8124407537949033,1.1748548993160908,1.0,L323482,-1.0,11.0,163.5,0.777596773189251,0.7736988212371844,0.7413523211646988,1.2875119868788383,1.0,0.659238880755249,0.6538482212638759,0.6023048386346492,-0.0028090538656133646,1.0,0.5126397657127975,1.1330468692785212,1.163615614010177,0.3184310284978351
2024-11-18,2024-25,True,L323495,-1.0,13.5,163.0,0.8191359888761719,0.8158109994210433,0.7831301567011149,1.218826770789634,1.0,L323508,-1.0,12.5,167.0,0.8057526442637547,0.8023211332449252,0.7697033098601741,1.2400882103175528,1.0,0.6600209890485811,0.6545424055691664,0.6027778736641649,-0.002409488187743336,1.0,0.5114527088756395,1.2475249003653759,1.2400882103175528,0.5470409210206824
2024-11-19,2024-25,True,L323542,-1.0,11.0,157.5,0.7783148693530686,0.7735170260069801,0.7264621668387234,1.3139018706970071,1.0,L323531,-1.0,15.0,149.5,0.84508970521743,0.8423677633388985,0.8002289873195852,1.1927835846051449,1.0,0.6577458835079273,0.6515858071020565,0.5813360840953432,0.030819732197729044,1.0,0.5672005831493818,1.4166996005673105,1.0708074432892127,0.5170124771923306
2024-11-20,2024-25,True,L323584,1.0,9.0,121.5,0.7722346220153355,0.7648805111201994,0.7226915205918253,1.3207571595946532,1.0,L323581,1.0,14.0,117.5,0.8568779413819967,0.8523781311869683,0.8180889863370285,1.1667434911619432,1.0,0.661710813176405,0.6519674206499686,0.5912259735153321,0.01968631791291986,1.0,0.5409848193625975,1.3621857434020954,1.11508290141799,0.5189500310230302
2024-11-21,2024-25,True,L323632,1.0,10.0,124.5,0.7826386594983,0.7753902009669016,0.7333482757280353,1.3015643884243338,1.0,L323628,-1.0,15.0,154.5,0.8436913032906731,0.840133170077288,0.804358214793993,1.1866603491386736,1.0,0.6603054306377861,0.6514310275851884,0.5898747098868554,0.019851544208288052,1.0,0.5445148515940841,1.2495233383443924,1.0987936343384364,0.37296829013013055
2024-11-22,2024-25,True,L323696,-1.0,9.5,157.0,0.7699175972070658,0.764058228340737,0.7111243835509291,1.3422405729273392,1.0,L323706,-1.0,15.0,152.5,0.8562440116280143,0.8532031918723143,0.8124407537949033,1.1748548993160908,1.0,0.6592373320555797,0.6518969191966224,0.5777464302140528,0.03957634269187227,1.0,0.5769379131645211,1.1927835846051449,1.1748548993160908,0.40134763819716324
2024-11-23,2024-25,True,L323761,1.0,8.5,120.0,0.7762441191012984,0.7670980246937014,0.7118097519306487,1.3409481921413695,1.0,L323731,-1.0,15.0,151.5,0.8525404785568156,0.8497388030641748,0.8124407537949033,1.1748548993160908,1.0,0.6617795327755347,0.6518329573361186,0.5783032514170994,0.04258041588604167,1.0,0.5754195532663426,1.3207571595946532,1.1427353672653615,0.5092759178377517
2024-11-24,2024-25,True,L352989,-1.0,13.0,159.5,0.8138087458425391,0.8090329683890537,0.7651149886631085,1.2475249003653759,1.0,L352990,-1.0,12.0,156.5,0.8088097680527594,0.8038326141375881,0.7604711367107231,1.2551429685135886,1.0,0.6582164629642111,0.6503270859036657,0.5818478651430461,0.030649888729056718,1.0,0.5658221067392168,1.1748548993160908,1.199058337407324,0.4087195622688009
2024-11-25,2024-25,True,L323833,1.0,10.0,135.5,0.7950161323970818,0.7878713645080434,0.7437718341431688,1.2833236702215158,1.0,L353025,-1.0,14.0,146.5,0.82973628626266,0.8260993644515698,0.7874916455425135,1.2120763507813879,1.0,0.659653733214058,0.6508600334896858,0.5857141055775774,0.02608232567683011,1.0,0.5554862710734723,1.2833236702215158,1.2400882103175528,0.5914345534631529
2024-11-26,2024-25,True,L323870,1.0,12.5,115.0,0.8261356768201965,0.8224351382156416,0.7876194978740183,1.2118795974152923,1.0,L353099,-1.0,12.5,153.0,0.7944726617882457,0.7909465082606183,0.7557723148489794,1.2629465002177684,1.0,0.6563422101615755,0.6505022008425008,0.5952610111284377,0.004557413165492852,1.0,0.5305390962409615,1.204917388355916,1.18068523089965,0.4226281648860082
2024-11-27,2024-25,True,L323915,-1.0,10.0,150.5,0.7831878327860428,0.7766811686015578,0.7111243835509291,1.3422405729273392,0.0,L323906,1.0,13.0,129.5,0.8458507161272557,0.8399069849138104,0.7966557557538005,1.198133564097389,0.0,0.6624599892242277,0.6523399385594693,0.5665213332127209,0.06535721183669985,0.0,-1.0,1.2120763507813879,1.1552932869589463,-1.0
2024-11-28,2024-25,True,L353387,-1.0,8.5,157.0,0.7603375506290638,0.75242560964836,0.6846393669953608,1.3941646449414118,1.0,L323955,-1.0,15.0,142.5,0.8689911580579149,0.8653266006978674,0.8124407537949033,1.1748548993160908,1.0,0.6607266086360687,0.6510938950750359,0.5562289233993764,0.08223131014619622,1.0,0.6379411635626957,1.2875119868788383,1.1427353672653615,0.47128548318454455
2024-11-29,2024-25,True,L323977,-1.0,15.0,143.5,0.8632325643854519,0.8598747171042418,0.8002289873195852,1.1927835846051449,1.0,L323992,1.0,8.5,133.0,0.7649604489405698,0.7577798765768125,0.7118097519306487,1.3409481921413695,0.0,0.6603387699924146,0.6515957569987738,0.5696107969516682,0.056186103706754364,0.0,-1.0,1.1378308688293248,1.2833236702215158,-1.0
2024-11-30,2024-25,True,L323998,1.0,9.5,118.0,0.7750097080434832,0.7690632123018419,0.7226915205918253,1.3207571595946532,0.0,L324039,-1.0,14.5,152.0,0.8503757904905881,0.8474566265896218,0.804358214793993,1.1866603491386736,1.0,0.659049493115357,0.6517477155314971,0.5813028613499969,0.032921780327281436,0.0,-1.0,1.219024574514888,1.163615614010177,-1.0
2024-12-01,2024-25,True,L324074,1.0,9.5,120.0,0.7819024153014287,0.7757279071621715,0.7226915205918253,1.3207571595946532,1.0,L324087,-1.0,14.0,147.5,0.8415651125206816,0.8388538744642486,0.7960413352897218,1.199058337407324,1.0,0.6580217941133395,0.6507223604530306,0.5752923230544761,0.04208600817974073,1.0,0.5836648839023846,1.2495233383443924,1.1866603491386736,0.4827598009366776
2024-12-02,2024-25,True,L324094,-1.0,11.0,144.5,0.8080314767808051,0.8031516252958573,0.7413523211646988,1.2875119868788383,1.0,L317947,-1.0,13.0,170.5,0.8173769496203916,0.8126080482880951,0.7787113423576747,1.2257430296444594,1.0,0.6604663036883548,0.652647474711078,0.5772994611741407,0.042320737999814284,1.0,0.5781588435004246,1.2400882103175528,1.1477631824387622,0.4233275907788634
2024-12-03,2024-25,True,L324107,1.0,9.5,129.0,0.7773582304155515,0.7717988668178034,0.7333482757280353,1.3015643884243338,1.0,L324122,-1.0,15.0,147.5,0.8480935682381218,0.845370356438578,0.8084288470964416,1.18068523089965,1.0,0.6592725154323972,0.6524558831406571,0.592859901066979,0.013129028244506902,1.0,0.5367378504775464,1.219024574514888,1.2257430296444594,0.49421087517692674
2024-12-04,2024-25,True,L324199,1.0,11.0,110.5,0.8214714318777762,0.816238518913072,0.7638912941511794,1.2495233383443924,1.0,L324184,1.0,11.0,121.5,0.8073734446005177,0.8018870544121242,0.7539549453972699,1.2659907675213404,1.0,0.6632342195960796,0.6545311016289181,0.5759396189712023,0.04916027019521385,1.0,0.581885010146445,1.2495233383443924,1.2338808632034024,0.541762935309176
2024-12-05,2024-25,True,L324231,1.0,11.0,122.5,0.805297015847771,0.8004511361982091,0.7638912941511794,1.2495233383443924,1.0,L324218,1.0,12.0,124.5,0.8165601381939604,0.8125367101223028,0.783003082919673,1.219024574514888,1.0,0.6575734425478399,0.6503959328201521,0.5981292383358723,0.0016156413992356455,1.0,0.5231996558716954,1.219024574514888,1.160943231678612,0.41521832903295897
2024-12-06,2024-25,True,L324252,-1.0,13.0,140.5,0.8296021602395535,0.8262276911895271,0.7697033098601741,1.2400882103175528,0.0,L324247,-1.0,11.5,163.0,0.7917901538097799,0.7876581506470606,0.7462122322633704,1.2791267131937283,1.0,0.6568708220570018,0.6507849752557335,0.5743620250312652,0.04194817551978902,0.0,-1.0,1.2475249003653759,1.2400882103175528,-1.0
2024-12-07,2024-25,True,L324274,1.0,8.5,123.0,0.7668038900413089,0.759110728008769,0.7062872975703183,1.351433054627419,0.0,L324327,1.0,13.5,111.0,0.8624464389294919,0.8585878260156254,0.809714873219701,1.1788100127203842,1.0,0.6613272843234085,0.6517632296661877,0.5718913296088355,0.05354913261661065,0.0,-1.0,1.3307249260655474,1.1788100127203842,-1.0
2024-12-08,2024-25,True,L324352,1.0,10.0,125.5,0.7790826900210308,0.7725727447516239,0.7280485580839744,1.3110389264584001,1.0,L324366,1.0,13.5,128.0,0.8468553523923974,0.8425325926213673,0.809714873219701,1.1788100127203842,1.0,0.6597703460005769,0.6509177176241915,0.5895117459067515,0.019652514554668876,1.0,0.5454658135753456,1.2338808632034024,1.1788100127203842,0.45451111604824135
2024-12-09,2024-25,True,L318419,-1.0,13.0,155.5,0.8138704433101259,0.8105401926117686,0.7787113423576747,1.2257430296444594,1.0,L324385,1.0,11.5,122.0,0.8087971907418772,0.8046494530671479,0.7735754953860994,1.2338808632034024,0.0,0.658256128177076,0.6522007226740003,0.6023920124271126,-0.004439695596255233,0.0,-1.0,1.2875119868788383,1.11508290141799,-1.0
2024-12-10,2024-25,True,L324392,-1.0,13.0,157.5,0.7972817659550725,0.7943557869709396,0.7697033098601741,1.2400882103175528,1.0,L324391,-1.0,15.0,157.5,0.8283867297040272,0.8255092644214446,0.8124407537949033,1.1748548993160908,1.0,0.6604576347521741,0.655748061391298,0.6253383372612319,-0.037763612825315596,1.0,0.4569237094756997,1.2257430296444594,1.1748548993160908,0.44007020368034144
2024-12-15,2024-25,True,L324545,-1.0,12.0,156.5,0.7867734358710359,0.7833560820566479,0.751019129385221,1.2709396640553579,1.0,L324584,1.0,14.5,126.0,0.8331927032687545,0.8301999087267347,0.8180889863370285,1.1667434911619432,1.0,0.6555338858934344,0.6503421478239615,0.6144004782784731,-0.027934641298067664,1.0,0.48286058069613547,1.2054880784612958,1.1062957274402294,0.33362631068186355
2024-12-16,2024-25,True,L324600,-1.0,14.0,145.5,0.8307498731478193,0.8276218761801506,0.7874916455425135,1.2120763507813879,1.0,L324592,-1.0,12.0,156.5,0.7919842594202507,0.7884129378671478,0.751019129385221,1.2709396640553579,0.0,0.6579408230484429,0.6525077948423134,0.5914212900334735,0.013541988158768836,0.0,-1.0,1.1748548993160908,1.3048950043433725,-1.0
2024-12-17,2024-25,True,L324622,-1.0,13.5,154.0,0.828967339731368,0.8253228520714079,0.7787113423576747,1.2257430296444594,1.0,L324620,1.0,11.0,125.5,0.793982468496606,0.7886720685811385,0.7539549453972699,1.2659907675213404,1.0,0.6581855347029762,0.6509090809904422,0.5871132676075154,0.02135872706779285,1.0,0.5517793588835223,1.2054880784612958,1.2833236702215158,0.5470313852592328
2024-12-18,2024-25,True,L324678,-1.0,11.5,151.0,0.7902875076138512,0.7864006117446701,0.7413523211646988,1.2875119868788383,1.0,L324679,1.0,12.0,110.5,0.8300308074602162,0.826607258265275,0.783003082919673,1.219024574514888,1.0,0.6559629780704467,0.6500444535723968,0.5804811530016147,0.029539635061543335,1.0,0.5695087519877939,1.2400882103175528,1.204917388355916,0.4942038477067878
2024-12-19,2024-25,True,L324725,1.0,12.0,114.5,0.8191538743227854,0.8158083816319572,0.783003082919673,1.219024574514888,1.0,L324710,1.0,12.0,116.5,0.80938264856403,0.8058290427209159,0.7783216095536962,1.2263568019746074,1.0,0.6630089323808626,0.6574020872141798,0.6094282197835462,-0.008828777257790521,1.0,0.49495907873053446,1.160943231678612,1.2263568019746074,0.4237306288754483
2024-12-20,2024-25,True,L324730,-1.0,10.5,151.0,0.7844911023049905,0.7785024104999737,0.7213980905812482,1.323125209869818,1.0,L324735,-1.0,15.0,145.5,0.8450734399464316,0.842379212732506,0.804358214793993,1.1866603491386736,0.0,0.6629525944322463,0.6557942476673261,0.580262480295728,0.04090201668684723,0.0,-1.0,1.2054880784612958,1.199058337407324,-1.0
2024-12-21,2024-25,True,L324754,1.0,14.0,116.5,0.8538989151149273,0.8489281608004092,0.8054281244152699,1.1850840206169289,1.0,L324787,1.0,9.5,124.0,0.7735392111743188,0.7670358448222226,0.7226915205918253,1.3207571595946532,1.0,0.6605242932206075,0.6511583290129176,0.5820760759610932,0.03385804331837239,1.0,0.5652082049510265,1.1915238385067024,1.2833236702215158,0.52911074558885
2024-12-22,2024-25,True,L324870,-1.0,13.5,143.0,0.839856497238484,0.8367994214408716,0.7831301567011149,1.218826770789634,1.0,L324871,1.0,10.0,134.5,0.7845236318495418,0.7782971472037531,0.7333482757280353,1.3015643884243338,1.0,0.6588872694459701,0.6512786024891815,0.5743071500873886,0.045246588353661465,1.0,0.5863815205180156,1.1748548993160908,1.2495233383443924,0.4680086158637069
2024-12-23,2024-25,True,L324892,-1.0,13.0,151.5,0.8126544875581986,0.8093934119966637,0.7697033098601741,1.2400882103175528,0.0,L354577,-1.0,13.0,157.5,0.809973663241151,0.8066858914190224,0.7742355846700019,1.232828894588759,1.0,0.6582287322368745,0.6529262460652127,0.5959316921320275,0.006310997642615224,0.0,-1.0,1.2400882103175528,1.1330468692785212,-1.0
2024-12-25,2024-25,True,L354580,-1.0,12.5,146.0,0.8105198773074349,0.8077356463148875,0.7697033098601741,1.2400882103175528,1.0,L354581,-1.0,14.0,150.5,0.8081840175192094,0.8054975869317477,0.7874916455425135,1.2120763507813879,1.0,0.6550492107214995,0.6506291139853975,0.6061349260613077,-0.015407589111642528,1.0,0.5030815926087215,1.218826770789634,1.2257430296444594,0.49396841863945906
2024-12-28,2024-25,True,L324899,1.0,14.0,122.5,0.857671330821957,0.853408541724955,0.8180889863370285,1.1667434911619432,1.0,L324906,1.0,9.0,129.5,0.7688717822285144,0.7624775984051918,0.7226915205918253,1.3207571595946532,0.0,0.6594392846953798,0.6507048953529205,0.5912259735153321,0.01618592700691046,0.0,-1.0,1.1444297888074872,1.2659907675213404,-1.0
2024-12-29,2024-25,True,L324964,1.0,8.0,128.5,0.7700049984830442,0.7611883301465743,0.7007120758848281,1.3621857434020954,1.0,L324970,1.0,14.0,123.5,0.8593791787378401,0.8539594233377581,0.8054281244152699,1.1850840206169289,1.0,0.6617262632203903,0.6500239474633996,0.5643732130350474,0.06822772261221455,1.0,0.6143045576180155,1.3207571595946532,1.1497899981282462,0.5185933720582041
2024-12-30,2024-25,True,L325023,1.0,14.5,131.0,0.8649648199351597,0.8604420277559152,0.8261971317365739,1.1552932869589463,1.0,L325022,1.0,8.5,138.0,0.763833038904498,0.7559778603441996,0.7118097519306487,1.3409481921413695,1.0,0.660688706956555,0.6504751230931411,0.5880951753872241,0.023531310255604954,1.0,0.5491884445406594,1.1444297888074872,1.3621857434020954,0.55892594263823
2024-12-31,2024-25,True,L325053,1.0,9.5,127.0,0.7839403552825542,0.77714044354225,0.7226915205918253,1.3207571595946532,1.0,L318195,-1.0,14.0,146.5,0.8412588602522232,0.8379262038280373,0.7874916455425135,1.2120763507813879,1.0,0.6594967697907245,0.6511863416985947,0.5691135347704778,0.05576102169095032,1.0,0.6008585182698785,1.3015643884243338,1.2054880784612958,0.5690203535953018
2025-01-01,2024-25,True,L325062,1.0,10.0,134.5,0.784638540674391,0.7777490595652201,0.7437718341431688,1.2833236702215158,1.0,L325069,-1.0,15.0,161.5,0.8437879487209258,0.8409763164668701,0.8124407537949033,1.1748548993160908,1.0,0.662068544723025,0.6540685392487312,0.6042705495826939,-0.0017866087061447766,1.0,0.5077191013680551,1.2833236702215158,1.1283806096727713,0.44807754541205247
2025-01-02,2024-25,True,L325120,1.0,14.0,120.5,0.865999762897172,0.8607008594842782,0.8180889863370285,1.1667434911619432,1.0,L325115,1.0,8.0,130.5,0.7659870922059941,0.7564606628432191,0.7007120758848281,1.3621857434020954,0.0,0.6633446402326851,0.6510863426752055,0.5732448318747341,0.05426779904230594,0.0,-1.0,1.1788100127203842,1.4586425815351491,-1.0
2025-01-03,2024-25,True,L325140,1.0,10.0,115.5,0.7860965096774343,0.7801668252014686,0.7385896796028997,1.292327832841076,1.0,L325138,-1.0,15.0,148.5,0.8407995193508744,0.8381539794106861,0.8124407537949033,1.1748548993160908,1.0,0.6609495675001867,0.6538999291468122,0.6000603560417159,0.0035181988558570243,1.0,0.5182976859358843,1.2495233383443924,1.1748548993160908,0.4680086158637069
2025-01-04,2024-25,True,L325169,1.0,13.5,118.0,0.8516679332028535,0.8456530280233665,0.8010750344669927,1.1915238385067024,0.0,L325201,1.0,9.5,127.0,0.777623011991969,0.7695539857278466,0.7172782152823253,1.3307249260655474,1.0,0.6622765834341781,0.650775658258204,0.5745936710297117,0.05009944045715442,0.0,-1.0,1.129173076372082,1.3845202002151364,-1.0
2025-01-05,2024-25,True,L318144,-1.0,14.0,140.5,0.8371584246953712,0.834425884761252,0.7960413352897218,1.199058337407324,1.0,L325272,1.0,11.0,121.5,0.7858619432528365,0.7804967342878781,0.7488938622682895,1.2745464318654713,1.0,0.6578909464415879,0.6512666780614306,0.5961504701103262,0.005425474102787042,1.0,0.5282555255410493,1.1529171922233956,1.2338808632034024,0.42256246034264633
2025-01-06,2024-25,True,L325311,1.0,10.0,118.5,0.7877478272118342,0.7820142962338026,0.7333482757280353,1.3015643884243338,0.0,L325302,-1.0,15.0,161.5,0.8372466975754967,0.8340326033938867,0.804358214793993,1.1866603491386736,1.0,0.6595392668553812,0.6522254193791165,0.5898747098868554,0.01866819286761001,0.0,-1.0,1.2833236702215158,1.1330468692785212,-1.0
2025-01-07,2024-25,True,L325331,1.0,9.5,123.0,0.7749842807003817,0.7690019858218219,0.7333482757280353,1.3015643884243338,0.0,L318041,1.0,14.0,121.5,0.8509225321824494,0.8461741395822127,0.8180889863370285,1.1667434911619432,0.0,0.659451586535163,0.6507095936897931,0.5999441475223561,0.0014377576457635932,0.0,-1.0,1.2338808632034024,1.090071157955546,-1.0
2025-01-08,2024-25,True,L325346,-1.0,10.5,157.0,0.7834604879341727,0.7777228362029865,0.7213980905812482,1.323125209869818,1.0,L325381,-1.0,14.5,138.0,0.8409862479298886,0.8381904407297155,0.791795470278179,1.2054880784612958,0.0,0.6588794961490797,0.6518798468425456,0.5711997403895598,0.050920483379456316,0.0,-1.0,1.2120763507813879,1.163615614010177,-1.0
2025-01-09,2024-25,True,L318171,1.0,14.5,118.0,0.8532125057292127,0.848712567053033,0.8180889863370285,1.1667434911619432,1.0,L325400,1.0,9.5,137.0,0.7745304440178822,0.7663777710889734,0.7280485580839744,1.3110389264584001,1.0,0.660839060904057,0.6504344454333043,0.5956085068870538,0.010849914777654401,1.0,0.5296461341052798,1.1788100127203842,1.3207571595946532,0.5569217641023116
2025-01-10,2024-25,True,L325442,1.0,9.5,109.0,0.7898748460560554,0.7845858575768141,0.7333482757280353,1.3015643884243338,1.0,L325449,-1.0,15.0,153.5,0.8323780431718877,0.8295992610306109,0.804358214793993,1.1866603491386736,1.0,0.6574744787108354,0.6508918476607931,0.5898747098868554,0.015479096912963675,1.0,0.5445148515940841,1.2745464318654713,1.1529171922233956,0.4694464935846867
2025-01-11,2024-25,True,L325538,1.0,7.0,119.5,0.751706284633071,0.742531809380369,0.6779099278719977,1.4080041621402952,1.0,L325481,1.0,15.0,110.5,0.8812717574276713,0.8766878911728221,0.8340398068409274,1.1444297888074872,1.0,0.6624575185280117,0.6509686460944156,0.565403865297908,0.06745880964519202,1.0,0.6113619059182811,1.3845202002151364,1.1444297888074872,0.5844861603319085
2025-01-12,2024-25,True,L325583,1.0,12.5,114.0,0.8418662899667796,0.8367175019627473,0.7921704917068171,1.204917388355916,0.0,L325511,1.0,9.5,124.0,0.7838858305595101,0.7768783809271926,0.7333482757280353,1.3015643884243338,1.0,0.6599270559306624,0.6500277382182642,0.5809368641758242,0.03494879547968144,0.0,-1.0,1.1788100127203842,1.1788100127203842,-1.0
2025-01-13,2024-25,True,L318491,1.0,9.5,123.0,0.7841215598113086,0.7779723993945239,0.7333482757280353,1.3015643884243338,1.0,L318407,-1.0,14.5,151.0,0.8407105438221014,0.8374452420612007,0.7960413352897218,1.199058337407324,1.0,0.6592192629715997,0.6515092843278802,0.5837755406429602,0.028811618347123646,1.0,0.5606516316126622,1.1667434911619432,1.1529171922233956,0.34515862987534973
2025-01-14,2024-25,True,L325639,1.0,9.5,121.0,0.773320909451834,0.76803084860766,0.7333482757280353,1.3015643884243338,1.0,L317981,-1.0,15.0,142.5,0.8499018128350828,0.8472497066347986,0.8124407537949033,1.1748548993160908,1.0,0.6572468428463886,0.6507139111693153,0.5958020259266776,0.005028548690200418,1.0,0.5291492985156798,1.204917388355916,1.1927835846051449,0.4372056816362391
2025-01-15,2024-25,True,L325674,1.0,8.5,113.0,0.7875376650956982,0.7797817461776939,0.7118097519306487,1.3409481921413695,1.0,L325680,-1.0,14.5,138.0,0.838931881172912,0.8362741525317141,0.7960413352897218,1.199058337407324,1.0,0.6606904548732568,0.6521113189444512,0.5666299853991191,0.06230773768529829,1.0,0.6078751098183874,1.219024574514888,1.1866603491386736,0.44656812720246
2025-01-16,2024-25,True,L325714,1.0,9.0,115.5,0.7788299709709939,0.7706029855387045,0.7062872975703183,1.351433054627419,1.0,L325709,1.0,13.5,119.0,0.8502423702177291,0.8449885197629655,0.8054281244152699,1.1850840206169289,0.0,0.662194240514983,0.6511506760752719,0.568863653380391,0.06054494547065725,0.0,-1.0,1.3207571595946532,1.1552932869589463,-1.0
2025-01-17,2024-25,True,L325743,-1.0,14.0,155.5,0.8388794770506943,0.8355670552586757,0.7960413352897218,1.199058337407324,1.0,L325746,1.0,11.0,132.5,0.7844355207492674,0.7789228900175696,0.7539549453972699,1.2659907675213404,1.0,0.6580468594261345,0.650842305485558,0.600179301482332,-0.0010869830926149016,1.0,0.5179967848771605,1.1748548993160908,1.172697808494782,0.3777497657273372
2025-01-18,2024-25,True,L325837,1.0,14.0,118.5,0.8642949572380332,0.8591318464607567,0.809714873219701,1.1788100127203842,1.0,L325824,1.0,8.0,125.5,0.7677593966364102,0.758500882738878,0.7007120758848281,1.3621857434020954,1.0,0.6635705748849643,0.6516522639295661,0.5673769896885971,0.06553388759191403,1.0,0.6057581935073502,1.1915238385067024,1.2495233383443924,0.4888368444078195
2025-01-19,2024-25,True,L317950,1.0,10.0,126.5,0.7842368907483847,0.7778737843778939,0.7333482757280353,1.3015643884243338,1.0,L325869,-1.0,14.5,151.0,0.8413124858989038,0.8384070838991539,0.804358214793993,1.1866603491386736,0.0,0.6597882880891506,0.6521748912018692,0.5898747098868554,0.01905280986152924,0.0,-1.0,1.2338808632034024,1.1866603491386736,-1.0
2025-01-20,2024-25,True,L318310,1.0,9.5,113.0,0.8018552033466247,0.7934148944761857,0.7226915205918253,1.3207571595946532,1.0,L317965,1.0,12.5,127.0,0.8286656479059067,0.8218211625562353,0.7876194978740183,1.2118795974152923,1.0,0.6644698616079534,0.6520451509678516,0.5692059325663442,0.063549566680005,1.0,0.6005986548529332,1.2338808632034024,1.1497899981282462,0.41870387539311893
2025-01-21,2024-25,True,L325918,-1.0,12.5,146.0,0.8111365635923145,0.808259527024992,0.7697033098601741,1.2400882103175528,0.0,L325912,-1.0,12.5,156.0,0.807572879228923,0.8046697215989652,0.7697033098601741,1.2400882103175528,0.0,0.6550518901080997,0.6503819685909117,0.5924431852097072,0.007351091518607467,0.0,-1.0,1.2709396640553579,1.199058337407324,-1.0
2025-01-22,2024-25,True,L325943,-1.0,10.0,155.5,0.7723484803957645,0.766206090199416,0.7111243835509291,1.3422405729273392,0.0,L325963,-1.0,15.0,148.5,0.8538660344421314,0.8509463175509996,0.8124407537949033,1.1748548993160908,1.0,0.6594821341629378,0.6520002509403421,0.5777464302140528,0.03996238041618794,0.0,-1.0,1.2475249003653759,1.115061541974401,-1.0
2025-01-23,2024-25,True,L325983,1.0,13.5,108.0,0.8611937119652653,0.8560486277459787,0.8010750344669927,1.1915238385067024,1.0,L325997,1.0,8.5,128.0,0.7689433830410513,0.7605578530265859,0.7118097519306487,1.3409481921413695,1.0,0.6622092063322518,0.6510745064048366,0.5702130215617859,0.058059153950859255,1.0,0.5977717371389077,1.1444297888074872,1.3845202002151364,0.5844861603319085
2025-01-24,2024-25,True,L326029,1.0,9.0,119.5,0.7694607354032107,0.7634445050686792,0.7226915205918253,1.3207571595946532,1.0,L326028,1.0,14.5,105.0,0.8583675512601532,0.8552784375565212,0.8261971317365739,1.1552932869589463,1.0,0.6604801272388906,0.6529576234562516,0.5970856614433092,0.007801448772021713,1.0,0.5258618801826684,1.3621857434020954,1.160943231678612,0.5814203190917611
2025-01-25,2024-25,True,L326044,1.0,9.0,117.5,0.7889297645246828,0.7814134280615613,0.7226915205918253,1.3207571595946532,1.0,L326078,1.0,12.0,117.5,0.8409498357841455,0.8346895182532535,0.783003082919673,1.219024574514888,1.0,0.6634503559222565,0.652237597825328,0.5658696886233056,0.06817858207467298,1.0,0.6100354345123642,1.1850840206169289,1.1667434911619432,0.3826890675348278
2025-01-26,2024-25,True,L326170,1.0,9.0,119.5,0.7754292974644443,0.7692503802487264,0.7226915205918253,1.3207571595946532,1.0,L326173,-1.0,15.0,152.5,0.8485855327530569,0.8458096429689315,0.8124407537949033,1.1748548993160908,1.0,0.6580180835011942,0.65063938947189,0.5871440437508074,0.021045357132824405,1.0,0.5516980197565824,1.2833236702215158,1.1529171922233956,0.47956592258561304
2025-01-27,2024-25,True,L325996,1.0,10.0,122.5,0.7784981038035176,0.7721717877715317,0.7280485580839744,1.3110389264584001,1.0,L326185,1.0,13.5,117.0,0.8488903912119478,0.8444750094485448,0.809714873219701,1.1788100127203842,1.0,0.6608595598955276,0.652079777774264,0.5895117459067515,0.02133585739298627,1.0,0.5454658135753456,1.2495233383443924,1.1788100127203842,0.4729506223681703
2025-01-28,2024-25,True,L318405,-1.0,15.0,148.5,0.851086171807198,0.8483987896281696,0.8124407537949033,1.1748548993160908,1.0,L326215,1.0,10.0,125.5,0.7721510910422297,0.7671403270402485,0.7333482757280353,1.3015643884243338,1.0,0.6571671161318825,0.6508409249359051,0.5958020259266776,0.004906634640640561,1.0,0.5291492985156798,1.1866603491386736,1.2833236702215158,0.5228693145629879
2025-01-29,2024-25,True,L326236,1.0,8.5,114.0,0.7722057536442468,0.7657096548004756,0.7118097519306487,1.3409481921413695,0.0,L326219,1.0,14.0,116.5,0.8535800958320875,0.8489267883155175,0.8054281244152699,1.1850840206169289,1.0,0.6591394611977456,0.6500314380319513,0.5733115934380009,0.047462428061359585,0.0,-1.0,1.2833236702215158,1.2416014447425845,-1.0
2025-01-30,2024-25,True,L326285,1.0,9.0,115.5,0.7910079374214838,0.7831908323187454,0.7226915205918253,1.3207571595946532,0.0,L326273,1.0,12.0,117.5,0.8391431506312008,0.832658803395294,0.783003082919673,1.219024574514888,1.0,0.6637688927821517,0.6521307412686909,0.5658696886233056,0.06869143770630237,0.0,-1.0,1.2495233383443924,1.1243510128622214,-1.0
2025-01-31,2024-25,True,L326326,1.0,14.5,112.0,0.8536557172806377,0.849526531426897,0.8139351784285757,1.172697808494782,1.0,L326328,1.0,9.5,135.0,0.773456095260759,0.7671533298828105,0.7280485580839744,1.3110389264584001,1.0,0.6602652177849044,0.6517171074079381,0.5925843330287469,0.01512639384007386,1.0,0.5374524759091173,1.1552932869589463,1.2495233383443924,0.44356592468780875
2025-02-01,2024-25,True,L326453,1.0,8.0,124.5,0.7730910056462675,0.764136863951882,0.7007120758848281,1.3621857434020954,1.0,L326364,1.0,13.5,114.0,0.8574010301033539,0.8515122908987481,0.8010750344669927,1.1915238385067024,0.0,0.6628490246047476,0.6506719315838521,0.5613229503408766,0.07585486428475763,0.0,-1.0,1.3207571595946532,1.1915238385067024,-1.0
2025-02-02,2024-25,True,L326462,1.0,10.5,117.0,0.7885866067614364,0.7838559974778213,0.7437718341431688,1.2833236702215158,0.0,L326456,-1.0,14.5,156.0,0.834737131871236,0.8314946174841124,0.7960413352897218,1.199058337407324,1.0,0.6582625223601117,0.6517720427854483,0.5920731240022136,0.012921168855513532,0.0,-1.0,1.2659907675213404,1.199058337407324,-1.0
2025-02-03,2024-25,True,L326474,-1.0,15.0,148.5,0.8580389476585649,0.855105279589854,0.8124407537949033,1.1748548993160908,1.0,L326484,-1.0,10.0,164.5,0.7682258119895891,0.7625846860370806,0.7213980905812482,1.323125209869818,1.0,0.6591676672836936,0.6520901911646789,0.5860932084980331,0.024663044574567694,1.0,0.5544801352241866,1.115061541974401,1.2875119868788383,0.43565510139964214
2025-02-04,2024-25,True,L326503,-1.0,12.5,135.0,0.8177932233059817,0.8149128077291518,0.7697033098601741,1.2400882103175528,1.0,L326516,-1.0,12.0,152.5,0.80174560573299,0.7979969710805034,0.7557723148489794,1.2629465002177684,1.0,0.6556621231837887,0.6502979522625717,0.5817204522399451,0.026875111893421177,1.0,0.5661650651818693,1.2709396640553579,1.2551429685135886,0.595210982744105
2025-02-05,2024-25,True,L326539,-1.0,14.0,159.5,0.843883140958983,0.8399218531083134,0.7960413352897218,1.199058337407324,1.0,L326529,1.0,9.5,129.0,0.7813558237294208,0.7746906016851068,0.7333482757280353,1.3015643884243338,0.0,0.6593730067353771,0.6506795657529492,0.5837755406429602,0.029051558802913213,0.0,-1.0,1.1529171922233956,1.3015643884243338,-1.0
2025-02-06,2024-25,True,L326574,1.0,9.0,119.5,0.7757352814680992,0.7698420332236016,0.7226915205918253,1.3207571595946532,1.0,L326577,1.0,13.5,106.0,0.8489084979770155,0.8443692138465058,0.8054281244152699,1.1850840206169289,1.0,0.6585282726188615,0.650030912379008,0.5820760759610932,0.030733855495268303,1.0,0.5652082049510265,1.2495233383443924,1.1062957274402294,0.38234233054725353
2025-02-07,2024-25,True,L326624,-1.0,10.5,158.0,0.7788995929285476,0.7746731773896854,0.7314764765156777,1.3048950043433725,0.0,L326625,-1.0,15.0,154.5,0.8452426690591343,0.8424049445905332,0.8124407537949033,1.1748548993160908,1.0,0.6583591708559987,0.6525885150747303,0.5942812999636371,0.009305617421023982,0.0,-1.0,1.2400882103175528,1.1748548993160908,-1.0
2025-02-08,2024-25,True,L318177,1.0,8.5,129.0,0.769382464931036,0.7607210612502433,0.7062872975703183,1.351433054627419,1.0,L318342,1.0,14.5,121.0,0.8620981390563208,0.8567381865027408,0.8180889863370285,1.1667434911619432,1.0,0.6632831912396112,0.6517387824499739,0.5778058593320209,0.04584883158172803,1.0,0.5767757202276438,1.4080041621402952,1.1667434911619432,0.6427796917061148
2025-02-09,2024-25,True,L326751,-1.0,15.0,164.5,0.8225306338843771,0.8198219664648778,0.8002289873195852,1.1927835846051449,0.0,L326750,1.0,12.5,124.0,0.8023533765634038,0.7989680865755102,0.783003082919673,1.219024574514888,0.0,0.6599602314239668,0.6550115878790155,0.6265817641129232,-0.04039637367242355,0.0,-1.0,1.1748548993160908,1.1915238385067024,-1.0
2025-02-10,2024-25,True,L326764,-1.0,10.5,150.0,0.7765844319283085,0.7728836189938677,0.7314764765156777,1.3048950043433725,1.0,L326759,-1.0,15.0,146.5,0.8475295996291532,0.8448718088609063,0.8124407537949033,1.1748548993160908,1.0,0.6581782926704327,0.6529875812183126,0.5942812999636371,0.009028319895839854,1.0,0.5330622889459027,1.3832863392757349,1.2257430296444594,0.6955535883696327
2025-02-11,2024-25,True,L326794,-1.0,13.0,138.5,0.8083514176796762,0.8057066945326821,0.7697033098601741,1.2400882103175528,1.0,L326797,-1.0,13.5,147.0,0.8143871554944597,0.8117407502182113,0.7787113423576747,1.2257430296444594,1.0,0.6583110116840655,0.6540249566757946,0.5993766976383614,0.0006521447295719796,1.0,0.5200294799410126,1.2257430296444594,1.2709396640553579,0.5578454343145258
2025-02-12,2024-25,True,L326841,-1.0,14.0,138.5,0.8499471656623473,0.8468073267023827,0.7960413352897218,1.199058337407324,0.0,L326817,1.0,10.0,130.5,0.7751370562159625,0.7687264050545601,0.7333482757280353,1.3015643884243338,1.0,0.6588255439306129,0.650963152029785,0.5837755406429602,0.028197160083410555,0.0,-1.0,1.2257430296444594,1.2495233383443924,-1.0
2025-02-13,2024-25,True,L326852,1.0,14.5,113.0,0.8659781927800901,0.8611821387962192,0.8180889863370285,1.1667434911619432,0.0,L326876,1.0,8.5,130.0,0.7634600084950879,0.7551423947212415,0.7062872975703183,1.351433054627419,1.0,0.6611397184164485,0.6503151425817375,0.5778058593320209,0.042469055677197165,0.0,-1.0,1.1667434911619432,1.3845202002151364,-1.0
2025-02-14,2024-25,True,L326906,1.0,10.0,121.5,0.7777957969080525,0.7735179164864201,0.7437718341431688,1.2833236702215158,0.0,L326902,1.0,14.0,115.5,0.8464704122371398,0.8429971920796304,0.8180889863370285,1.1667434911619432,1.0,0.6583811288450738,0.6520734316213382,0.6084715458602175,-0.014199655295037972,0.0,-1.0,1.2495233383443924,1.1915238385067024,-1.0
2025-02-15,2024-25,True,L326986,1.0,10.0,118.5,0.799762267144774,0.7929932852485189,0.7437718341431688,1.2833236702215158,1.0,L326932,1.0,12.5,126.0,0.826895929544384,0.8208493275419962,0.7783216095536962,1.2263568019746074,1.0,0.6613201633052018,0.6509280049415651,0.578893691091016,0.04079407978516403,1.0,0.5738127121111738,1.2338808632034024,1.1497899981282462,0.41870387539311893
2025-02-16,2024-25,True,L327057,1.0,15.0,118.5,0.8710254664807372,0.8670866978513168,0.8340398068409274,1.1444297888074872,1.0,L327056,1.0,8.5,133.0,0.7573319981088381,0.7506704091977582,0.7118097519306487,1.3409481921413695,1.0,0.6596554569335396,0.6508963262859808,0.5936776680077266,0.012321154135921164,1.0,0.5346210563341294,1.065564010393767,1.2659907675213404,0.34899419936152265
2025-02-17,2024-25,True,L327075,-1.0,15.0,144.5,0.8550580851611974,0.8523983692740585,0.8124407537949033,1.1748548993160908,1.0,L318025,1.0,9.5,131.0,0.7700383148716432,0.7637238830592147,0.7333482757280353,1.3015643884243338,0.0,0.6584274870149024,0.6509969924953264,0.5958020259266776,0.006833929892279933,0.0,-1.0,1.2875119868788383,1.219024574514888,-1.0
2025-02-18,2024-25,True,L327079,-1.0,13.5,153.0,0.8370752236887433,0.8334094601746572,0.7874916455425135,1.2120763507813879,1.0,L327103,1.0,10.0,123.5,0.7870565524662484,0.7817872081830071,0.7437718341431688,1.2833236702215158,1.0,0.658825539711376,0.6515488551432523,0.5857141055775774,0.024794082053616107,1.0,0.5554862710734723,1.163615614010177,1.219024574514888,0.4184760287676361
2025-02-19,2024-25,True,L327153,1.0,10.5,128.0,0.7989961621031436,0.7941459490379897,0.7539549453972699,1.2659907675213404,1.0,L327112,1.0,12.0,116.5,0.8237491547429655,0.8194017626569414,0.783003082919673,1.219024574514888,1.0,0.658172413175338,0.6507245904485983,0.5903490466285961,0.01574027846615378,1.0,0.5432738567174784,1.2118795974152923,1.1915238385067024,0.4439834297202263
2025-02-20,2024-25,True,L327175,1.0,11.0,123.5,0.8029838816308879,0.7967951181788563,0.7539549453972699,1.2659907675213404,1.0,L327178,1.0,12.0,119.5,0.8210770308713161,0.8161028734466225,0.7783216095536962,1.2263568019746074,1.0,0.6593116213670137,0.6502667854940057,0.5868194266325722,0.023618470086635757,1.0,0.5525563889868497,1.2495233383443924,1.204917388355916,0.5055723975276911
2025-02-21,2024-25,True,L327216,-1.0,10.5,153.0,0.7681841172334751,0.7647940658834516,0.7314764765156777,1.3048950043433725,1.0,L327211,1.0,14.5,116.0,0.8543800993848346,0.8514504554190432,0.8261971317365739,1.1552932869589463,1.0,0.6563212224277879,0.6511842556982466,0.6043437668300283,-0.010571841695249606,1.0,0.5075364387041632,1.2791267131937283,1.1341247055774792,0.4506892069971258
2025-02-22,2024-25,True,L318122,1.0,9.5,126.0,0.7798403412138059,0.7725513711995938,0.7172782152823253,1.3307249260655474,0.0,L327285,-1.0,14.5,148.0,0.8473131978200691,0.844203065652419,0.8002289873195852,1.1927835846051449,0.0,0.6607690133029637,0.652190235940677,0.5739868198417746,0.0488167486287121,0.0,-1.0,1.2833236702215158,1.2120763507813879,-1.0
2025-02-23,2024-25,True,L318210,-1.0,13.5,139.0,0.8310500109465667,0.8276782532021816,0.7742355846700019,1.232828894588759,1.0,L327342,1.0,11.0,126.5,0.7963639192217438,0.7916968451183793,0.7638912941511794,1.2495233383443924,1.0,0.661818243786681,0.6552702618332583,0.5914318227514628,0.019496905012964305,1.0,0.5404484759739734,1.2120763507813879,1.219024574514888,0.4775508577908394
2025-02-24,2024-25,True,L327373,-1.0,12.0,162.5,0.7934369193537584,0.7897461660814107,0.7604711367107231,1.2551429685135886,1.0,L327371,-1.0,15.0,149.5,0.8292761343647016,0.8266133738798684,0.8002289873195852,1.1927835846051449,1.0,0.6579783013439222,0.6528147428532458,0.6085510476157958,-0.014931519962726347,1.0,0.49711392917558084,1.2551429685135886,1.1927835846051449,0.49711392917558084
2025-02-25,2024-25,True,L327409,1.0,13.0,116.5,0.8400088343796371,0.8359752536657445,0.8010750344669927,1.1915238385067024,1.0,L327401,-1.0,11.0,157.5,0.782809495131481,0.7788329148012656,0.7413523211646988,1.2875119868788383,0.0,0.6575668915467076,0.6510850435142193,0.5938788362291961,0.008774173663219642,0.0,-1.0,1.172697808494782,1.2400882103175528,-1.0
2025-02-26,2024-25,True,L327426,-1.0,13.5,160.0,0.8253171749296331,0.8212917683626615,0.7831301567011149,1.218826770789634,1.0,L327412,1.0,10.5,120.0,0.796771557497147,0.7914629069999621,0.7539549453972699,1.2659907675213404,1.0,0.657589250897829,0.6500219704834516,0.5904448545345445,0.014675627387902734,1.0,0.5430234390275257,1.2054880784612958,1.292327832841076,0.5578857959536394
2025-02-27,2024-25,True,L327474,1.0,11.0,104.5,0.8212049669255889,0.8151588586640063,0.7539549453972699,1.2659907675213404,1.0,L327472,1.0,10.5,117.0,0.8118674099087044,0.8056475825471364,0.7539549453972699,1.2659907675213404,1.0,0.6667095495020411,0.6567307638745395,0.5684480596890003,0.06855714535208901,1.0,0.6027326234492727,1.2118795974152923,1.1788100127203842,0.4285758036446947
2025-02-28,2024-25,True,L327526,-1.0,12.0,152.5,0.804565928558028,0.8009518294359883,0.7604711367107231,1.2551429685135886,1.0,L327515,1.0,12.5,118.0,0.8209842771665712,0.8168540830707093,0.783003082919673,1.219024574514888,1.0,0.6605359772900637,0.6542607722177414,0.5954512445159243,0.010653153396102732,1.0,0.5300501231476309,1.199058337407324,1.1915238385067024,0.4287065927810394
2025-03-01,2024-25,True,L327569,1.0,8.0,124.5,0.7715560468575959,0.7634732758181801,0.7007120758848281,1.3621857434020954,1.0,L327583,1.0,13.5,114.0,0.8564553017538484,0.8516196677264757,0.809714873219701,1.1788100127203842,1.0,0.6608032669314288,0.6501888574703225,0.5673769896885971,0.06109026017156638,1.0,0.6057581935073502,1.219024574514888,1.1552932869589463,0.4083309075750359
2025-03-02,2024-25,True,L318167,-1.0,13.0,132.5,0.8320117154880282,0.829334276187334,0.7787113423576747,1.2257430296444594,1.0,L327659,1.0,11.0,113.5,0.7903322092584466,0.7864544779543913,0.7539549453972699,1.2659907675213404,0.0,0.6575656572305635,0.6522336552285928,0.5871132676075154,0.020396814001065744,0.0,-1.0,1.2875119868788383,1.3015643884243338,-1.0
2025-03-03,2024-25,True,L327671,-1.0,11.0,144.5,0.7895822923316818,0.7863971547211326,0.7413523211646988,1.2875119868788383,1.0,L327679,-1.0,14.0,146.5,0.8321368950808128,0.8294031103793938,0.7960413352897218,1.199058337407324,1.0,0.6570405571516763,0.6522402461192128,0.5901470916600815,0.014340514634121337,1.0,0.5438019823789402,1.2257430296444594,1.1748548993160908,0.44007020368034144
2025-03-04,2024-25,True,L327691,-1.0,10.5,164.0,0.775243148713323,0.7708257583140279,0.7314764765156777,1.3048950043433725,0.0,L317975,-1.0,15.0,150.5,0.8514132757945562,0.8487186884846685,0.8124407537949033,1.1748548993160908,1.0,0.6600523087832966,0.6542142266464818,0.5942812999636371,0.01190130332734829,0.0,-1.0,1.2257430296444594,1.2551429685135886,-1.0
2025-03-05,2024-25,True,L356061,1.0,9.5,119.0,0.7941927475415673,0.7871540545764629,0.7333482757280353,1.3015643884243338,1.0,L327722,1.0,12.5,125.0,0.8322279639530006,0.8272922972861636,0.7921704917068171,1.204917388355916,1.0,0.660949413272758,0.6512064861286803,0.5809368641758242,0.03655213556135073,1.0,0.5682775636773134,1.2833236702215158,1.1788100127203842,0.5127947920181952
2025-03-06,2024-25,True,L317949,1.0,10.0,123.5,0.7832809709548078,0.7774593599665961,0.7385896796028997,1.292327832841076,1.0,L327758,-1.0,14.5,139.0,0.8399760109083175,0.8370929961987988,0.804358214793993,1.1866603491386736,0.0,0.6579372254030131,0.6508057850572384,0.5940906761506557,0.008982393590403204,0.0,-1.0,1.2745464318654713,1.2960999119446344,-1.0
2025-03-07,2024-25,True,L355040,-1.0,15.0,147.5,0.8623012811511019,0.8587332280505842,0.8124407537949033,1.1748548993160908,1.0,L355025,-1.0,9.5,172.0,0.7654022386137762,0.7578174613824432,0.7059167366101753,1.3521424702062257,1.0,0.6600073309525807,0.6507630348860444,0.573515525608009,0.04846864149897612,1.0,0.5885712056951455,1.1330468692785212,1.0772789155585147,0.2206075026133354
2025-03-08,2024-25,True,L356108,1.0,8.0,120.5,0.7681540513521342,0.7602324568083544,0.7007120758848281,1.3621857434020954,1.0,L356099,1.0,14.0,115.5,0.8600318902525556,0.8553336738742873,0.8139351784285757,1.172697808494782,1.0,0.6606369807895346,0.6502524202803651,0.5703342085123752,0.05532280944025936,1.0,0.5974322360504727,1.3307249260655474,1.1062957274402294,0.47217530010453035
2025-03-09,2024-25,True,L355031,-1.0,14.0,153.5,0.8364825440079172,0.8333054146983143,0.7960413352897218,1.199058337407324,1.0,L356133,1.0,10.0,112.5,0.7850849468893595,0.7802841148412787,0.7437718341431688,1.2833236702215158,1.0,0.6567098536363319,0.6502149779003189,0.5920731240022136,0.010531953360003232,1.0,0.5387799463712757,1.2257430296444594,1.2416014447425845,0.5218843164897133
2025-03-10,2024-25,True,L356150,-1.0,10.5,141.0,0.7778665024661668,0.7744606998283025,0.7314764765156777,1.3048950043433725,1.0,L356155,-1.0,15.0,153.5,0.8439625820858706,0.8412034675754776,0.8124407537949033,1.1748548993160908,1.0,0.6564902219394514,0.6514790261964991,0.5942812999636371,0.00644040231709897,1.0,0.5330622889459027,1.2875119868788383,1.16916609209943,0.505315358230304
2025-03-11,2024-25,True,L356166,1.0,10.0,124.5,0.7827961698373922,0.7778851133221178,0.7437718341431688,1.2833236702215158,0.0,L356146,-1.0,15.0,138.5,0.8441122921478275,0.8411712334409515,0.8124407537949033,1.1748548993160908,1.0,0.6607678692059812,0.6543345802485202,0.6042705495826939,-0.0037476620278735773,0.0,-1.0,1.2495233383443924,1.1927835846051449,-1.0
2025-03-12,2024-25,True,L356151,-1.0,15.0,146.5,0.8349444372708794,0.8322367662631158,0.8002289873195852,1.1927835846051449,1.0,L356177,1.0,10.5,127.0,0.7879698967664772,0.7827682952614778,0.7539549453972699,1.2659907675213404,1.0,0.6579110820420793,0.6514485547817042,0.6033366024398505,-0.006519393038805443,1.0,0.510053005761123,1.1748548993160908,1.2659907675213404,0.48735545571138483
2025-03-13,2024-25,True,L356200,-1.0,13.0,148.5,0.8292180746240251,0.8253458646134627,0.7787113423576747,1.2257430296444594,1.0,L356198,-1.0,11.0,150.5,0.7929257649693654,0.7883053244049391,0.7413523211646988,1.2875119868788383,1.0,0.6575083761476794,0.6506245395503907,0.5772994611741407,0.03765265849306387,1.0,0.5781588435004246,1.1927835846051449,1.2257430296444594,0.46204616470408855
2025-03-14,2024-25,True,L356239,-1.0,15.0,139.5,0.8437877778212832,0.8411413672097483,0.804358214793993,1.1866603491386736,1.0,L356236,1.0,10.5,125.0,0.7804676833289634,0.7746192002472114,0.7385896796028997,1.292327832841076,1.0,0.658549092177471,0.6515642531628613,0.5940906761506557,0.009920724450574125,1.0,0.5335541973208167,1.218826770789634,1.204917388355916,0.4685855695181207
2025-03-15,2024-25,True,L356276,-1.0,11.5,151.0,0.806507423809424,0.8016022455129451,0.751019129385221,1.2709396640553579,1.0,L356257,-1.0,12.5,161.0,0.8159875859945035,0.8112387508944552,0.7651149886631085,1.2475249003653759,1.0,0.6581000458408979,0.650290804364112,0.5746159926653509,0.04343662714320495,1.0,0.5855288777710645,1.2120763507813879,1.1477631824387622,0.39117660973160717
2025-03-16,2024-25,True,L356281,-1.0,15.0,142.5,0.8429887942172285,0.8403413310149348,0.8124407537949033,1.1748548993160908,1.0,L356279,-1.0,12.5,173.0,0.7798773137727868,0.7761804170138812,0.7557723148489794,1.2629465002177684,1.0,0.6574278363746927,0.652256484741172,0.6140202291732239,-0.02452245905749406,1.0,0.48377888335495545,1.1748548993160908,1.1866603491386736,0.3941537250097136
2025-03-18,2024-25,True,L356324,1.0,11.5,120.0,0.7944152018296663,0.7903335161140019,0.7638912941511794,1.2495233383443924,1.0,L355440,-1.0,14.5,157.0,0.8265717952633629,0.8237129902416552,0.804358214793993,1.1866603491386736,0.0,0.656641199560854,0.651007983846466,0.6144422376601157,-0.026358825652326834,0.0,-1.0,1.0979659646237918,1.1582003356419046,-1.0
2025-03-19,2024-25,True,L356319,-1.0,11.5,161.0,0.7866803842551858,0.7826931513624946,0.751019129385221,1.2709396640553579,0.0,L356314,-1.0,15.0,158.5,0.8360996760094375,0.8333255337744043,0.804358214793993,1.1866603491386736,1.0,0.6577432143987406,0.6522381881407214,0.6040884061884352,-0.008008979084531243,0.0,-1.0,1.4283675664819264,1.2875119868788383,-1.0
2025-03-20,2024-25,True,L356292,-1.0,11.0,164.5,0.7843569614107548,0.778921725384105,0.7314764765156777,1.3048950043433725,1.0,L356294,-1.0,14.0,157.5,0.8415521928307147,0.8372485613546817,0.7960413352897218,1.199058337407324,1.0,0.660077320837257,0.6521510939857483,0.5822855110985609,0.032786834382931396,1.0,0.5646452343990871,1.2875119868788383,1.218826770789634,0.5692540773204802
2025-03-21,2024-25,True,L356304,-1.0,11.0,157.5,0.7784413232631467,0.7745006642752715,0.7413523211646988,1.2875119868788383,1.0,L356419,1.0,15.0,126.5,0.8471368413064018,0.8438352842525495,0.8261971317365739,1.1552932869589463,1.0,0.6594463237315178,0.6535509881925121,0.6125031613525256,-0.019103957444124964,1.0,0.4874539553202968,1.323125209869818,1.1444297888074872,0.5142239044971781
2025-03-22,2024-25,True,L356455,-1.0,14.0,140.5,0.8409775093487465,0.8378929672237684,0.791795470278179,1.2054880784612958,0.0,L356451,-1.0,10.5,154.0,0.7810624440096089,0.7765908274185219,0.7314764765156777,1.3048950043433725,1.0,0.6568559488090456,0.6506999927044668,0.5791797607201564,0.03325764137776055,0.0,-1.0,1.199058337407324,1.2120763507813879,-1.0
2025-03-23,2024-25,True,L356426,1.0,10.5,127.0,0.792452111489965,0.7871782015029735,0.7539549453972699,1.2659907675213404,0.0,L356462,-1.0,14.5,166.0,0.8298403262680575,0.8270067322832916,0.804358214793993,1.1866603491386736,1.0,0.6576087187506436,0.6510016721496126,0.6064498539148505,-0.012073733835130884,0.0,-1.0,1.1444297888074872,1.16916609209943,-1.0
2025-03-24,2024-25,True,L356311,-1.0,12.5,152.0,0.8253629717800169,0.8209214746078151,0.7697033098601741,1.2400882103175528,0.0,L356468,-1.0,11.5,163.0,0.7974803845820385,0.7926652335550745,0.751019129385221,1.2709396640553579,1.0,0.6582107801549021,0.6507159124003798,0.5780619096561109,0.03739106488640509,0.0,-1.0,1.3422405729273392,1.3832863392757349,-1.0
2025-03-25,2024-25,True,L356518,-1.0,9.0,157.5,0.7777392066646793,0.7702170231625178,0.7006632897319973,1.3622805903889939,1.0,L356551,-1.0,14.5,154.0,0.8492158466241351,0.8453936174736979,0.804358214793993,1.1866603491386736,1.0,0.6604684588405288,0.6511365554511839,0.5635842729005157,0.06768977213665739,1.0,0.6165643610158418,1.323125209869818,1.1427353672653615,0.511981972638645
2025-03-26,2024-25,True,L356584,-1.0,11.0,152.5,0.7965361340139582,0.7914105225138467,0.7413523211646988,1.2875119868788383,1.0,L356485,-1.0,15.0,157.5,0.8307238860625088,0.8280823361233872,0.8124407537949033,1.1748548993160908,1.0,0.6617015926372827,0.6553530743158967,0.6023048386346492,0.0009161420586443203,1.0,0.5126397657127975,1.199058337407324,1.1748548993160908,0.4087195622688009
2025-03-27,2024-25,True,L356474,-1.0,14.0,167.5,0.8084873288192206,0.8057978125300781,0.7960413352897218,1.199058337407324,0.0,L356465,-1.0,15.0,161.5,0.8151373207520585,0.8124218749600661,0.8084288470964416,1.18068523089965,0.0,0.659028195075688,0.6546477696944059,0.6435427789293816,-0.06700688422992584,0.0,-1.0,1.2257430296444594,1.2257430296444594,-1.0
2025-03-28,2024-25,True,L356467,-1.0,12.0,144.5,0.8086444182886785,0.8052754664438678,0.7604711367107231,1.2551429685135886,1.0,L356473,-1.0,15.0,158.5,0.8122548720157504,0.8096091727535123,0.8002289873195852,1.1927835846051449,1.0,0.6568253684833215,0.6519584042263186,0.6085510476157958,-0.01665759180773585,1.0,0.49711392917558084,1.323125209869818,1.199058337407324,0.5865043143282207
2025-03-29,2024-25,True,L356620,-1.0,15.0,171.5,0.8276855641543647,0.8247636906174513,0.8124407537949033,1.1748548993160908,1.0,L356619,-1.0,13.5,187.0,0.7940254374198807,0.7905224646475235,0.7874916455425135,1.2120763507813879,1.0,0.6572033921237902,0.6519942254586951,0.6397903061117485,-0.0641332745380987,1.0,0.42401383906068224,1.2257430296444594,1.2400882103175528,0.5200294799410126
2025-03-30,2024-25,True,L356651,-1.0,15.0,138.5,0.8470230735687649,0.8443734665546606,0.8124407537949033,1.1748548993160908,1.0,L356650,-1.0,12.0,160.5,0.777457314608918,0.7738171290810173,0.7462122322633704,1.2791267131937283,1.0,0.658524284188564,0.6533906517615139,0.6062532284710301,-0.01037741977910922,1.0,0.5027882858417398,1.2629465002177684,1.218826770789634,0.5393130045404926
2025-03-31,2024-25,True,L355431,-1.0,11.5,153.0,0.791890371602578,0.7883016829400006,0.751019129385221,1.2709396640553579,1.0,L355434,-1.0,15.0,170.5,0.830342433963064,0.8273297316610249,0.8124407537949033,1.1748548993160908,1.0,0.6575401785883999,0.652185419814685,0.610158547592121,-0.01818093468381332,1.0,0.4931696910505836,1.3941646449414118,1.2551429685135886,0.749875951048457
2025-04-01,2024-25,True,L355429,-1.0,11.5,152.0,0.7917978832378662,0.7882427821532516,0.751019129385221,1.2709396640553579,1.0,L355433,1.0,13.5,126.0,0.833927665987854,0.8299670967826828,0.809714873219701,1.1788100127203842,1.0,0.660302160702677,0.6542155734636389,0.6081113591357244,-0.010737678898280367,1.0,0.49819640155193734,1.3832863392757349,1.1062957274402294,0.530323766967181
2025-04-03,2024-25,True,L356721,-1.0,10.5,161.0,0.7913575290327668,0.7853352202822113,0.7314764765156777,1.3048950043433725,1.0,L356720,1.0,15.0,131.5,0.8350873021068338,0.8319070902196362,0.8340398068409274,1.1444297888074872,1.0,0.6608526239219036,0.6533259379519714,0.610080499181818,-0.01310865353483448,1.0,0.49336071423663097,1.3422405729273392,1.160943231678612,0.5582651084244168
2025-04-05,2024-25,True,L356722,-1.0,12.5,167.0,0.7907443366450115,0.7865932640966407,0.7604711367107231,1.2551429685135886,1.0,L355441,-1.0,15.0,151.5,0.8331192178507397,0.8303597168971194,0.8124407537949033,1.1748548993160908,1.0,0.658784303265594,0.6531553600884676,0.6178377435485268,-0.02854950811997592,1.0,0.4746108659003314,1.2400882103175528,1.199058337407324,0.4869381077017889
2025-11-12,2025-26,True,L365475,-1.0,14.0,155.5,0.841705697682745,0.8378620709175811,0.7981557219578077,1.195881923465628,1.0,L367783,-1.0,12.0,170.5,0.7816890946919608,0.7758685252411155,0.7530241625705186,1.2675556077001895,1.0,0.6579521648186901,0.6500708093182906,0.6010305441281458,-0.00264529124896129,1.0,0.5158468382361454,1.0817284928976008,1.4019794464660749,0.5165611136991597
2025-11-13,2025-26,True,L371525,-1.0,7.0,164.5,0.77010140338515,0.7553332665979684,0.6585709299819535,1.449350338051143,1.0,L365494,-1.0,13.5,147.0,0.8706685695547371,0.8641438104550827,0.789594960013651,1.2088476349741366,1.0,0.6705030872974441,0.6527165671614532,0.5200042871252536,0.1747507289737258,1.0,0.7520437284020896,1.301476087572395,1.2367696644384134,0.60962614410153
2025-11-14,2025-26,True,L370333,-1.0,8.5,140.0,0.7881110989182188,0.7794148879110888,0.6917067209678904,1.3799200890579588,1.0,L365524,-1.0,12.5,147.0,0.8406323754394798,0.8348509130710978,0.7717686061077629,1.2367696644384134,0.0,0.6625117051938412,0.6506952308337799,0.5338375318767601,0.1306711664818332,0.0,-1.0,1.2675556077001895,1.2367696644384134,-1.0
2025-11-15,2025-26,True,L365541,-1.0,9.0,155.5,0.8023472721476087,0.7920734851889744,0.7024150487945026,1.358883186853884,1.0,L365545,-1.0,11.5,155.0,0.8276907424451208,0.820672870510063,0.7530241625705186,1.2675556077001895,0.0,0.6640954093826716,0.6500332207449454,0.5289355038954102,0.14387778130651063,0.0,-1.0,1.358883186853884,1.3799200890579588,-1.0
2025-11-16,2025-26,True,L366739,-1.0,9.5,153.0,0.7700815660115545,0.7639593594464625,0.7077005196141077,1.348734349552924,0.0,L365580,-1.0,14.5,142.0,0.8548429676546397,0.8519623864529788,0.8064786374283879,1.1835403390765646,1.0,0.6582988112254496,0.6508646390270972,0.5707453507657477,0.0508302200152877,0.0,-1.0,1.301476087572395,1.2675556077001895,-1.0
2025-11-17,2025-26,True,L365611,-1.0,10.0,174.5,0.791182046027649,0.7805054230270823,0.7129387041989628,1.3388247746662156,1.0,L371679,-1.0,12.5,160.0,0.8404396577040333,0.832923849595683,0.7717686061077629,1.2367696644384134,1.0,0.664940767945054,0.6501015815780244,0.5502237099799082,0.10102080426344018,1.0,0.65581786730577,1.1835403390765646,1.1661371691537634,0.3801703805900303
2025-11-18,2025-26,True,L365649,-1.0,12.5,158.0,0.8474064503080425,0.8404957182054817,0.7717686061077629,1.2367696644384134,1.0,L365623,-1.0,9.5,161.0,0.7856040699335578,0.7753331641083484,0.7024150487945026,1.358883186853884,1.0,0.6657259562499475,0.6516642046157749,0.5421018831172495,0.11883602009356187,1.0,0.68062550301628,1.1398714549579805,1.2595762114855056,0.43575496881644415
2025-11-19,2025-26,True,L366759,-1.0,14.0,156.5,0.8536718724798312,0.8492746035096859,0.7981557219578077,1.195881923465628,1.0,L365670,-1.0,10.0,172.5,0.7752657675008788,0.7665021673589523,0.7129387041989628,1.3388247746662156,1.0,0.6618225794119887,0.650970824273089,0.5690361061615871,0.05962847761597634,1.0,0.6010763467112699,1.2675556077001895,1.2367696644384134,0.5676743235923924
2025-11-20,2025-26,True,L367515,-1.0,9.5,159.0,0.7894168295431809,0.781508166642139,0.7129387041989628,1.3388247746662156,1.0,L365685,-1.0,13.0,159.5,0.8382749050647099,0.832568353151381,0.7807983525823023,1.222466718638969,0.0,0.6617483178417943,0.6506589672756007,0.5566613657307115,0.08306277835861064,0.0,-1.0,1.1398714549579805,1.195881923465628,-1.0
2025-11-21,2025-26,True,L366791,-1.0,10.0,146.5,0.8003656142921106,0.7929615846149621,0.7232690127618655,1.3197026046438225,1.0,L365725,-1.0,12.0,153.5,0.825407307821278,0.8202132743992698,0.7625091520717907,1.2517882538282417,1.0,0.6606276269655744,0.6503976177898717,0.5514992416408513,0.09134905691926476,1.0,0.6519882190396729,1.1552357218060607,1.222466718638969,0.41223722209077596
2025-11-22,2025-26,True,L365737,-1.0,10.0,153.5,0.7805458516980277,0.7725548759701466,0.7129387041989628,1.3388247746662156,1.0,L365726,-1.0,14.0,153.5,0.8469616171234065,0.8427174978983081,0.7981557219578077,1.195881923465628,1.0,0.6610923767931282,0.6510455120666997,0.5690361061615871,0.05845936747461189,1.0,0.6010763467112699,1.14998563391933,1.2088476349741366,0.3901574138176154
2025-11-23,2025-26,True,L365758,-1.0,12.5,148.0,0.8390980170787943,0.8340428510991507,0.7717686061077629,1.2367696644384134,1.0,L372566,-1.0,10.5,164.0,0.7900642900774535,0.7837529056706094,0.7333980309852645,1.301476087572395,1.0,0.6629413791687565,0.6536835080027588,0.5660135760956755,0.06708777591675608,1.0,0.60962614410153,1.1041431526065597,1.1606185267281315,0.2814889990751799
2025-11-24,2025-26,True,L365769,-1.0,12.5,151.0,0.8368498195733829,0.8322327301553012,0.7717686061077629,1.2367696644384134,1.0,L367850,-1.0,10.0,168.5,0.7879177993124837,0.7815502641536519,0.7232690127618655,1.3197026046438225,0.0,0.659368868193309,0.6504317100901905,0.5581963178201627,0.0762008641207772,0.0,-1.0,1.222466718638969,1.1835403390765646,-1.0
2025-11-25,2025-26,True,L366859,-1.0,8.0,154.5,0.7717273803819681,0.7608520725507355,0.6808231050790209,1.4019794464660749,1.0,L370724,-1.0,14.5,155.0,0.8606934168838285,0.8555814534809585,0.8023470086179131,1.1896348958092071,1.0,0.6642206759237621,0.650970922116958,0.5462563817581115,0.1078162516314527,1.0,0.6678436727233188,1.195881923465628,1.2088476349741366,0.4456390348897459
2025-11-26,2025-26,True,L372614,-1.0,12.5,161.0,0.8278130553185753,0.8206081867879588,0.7625091520717907,1.2517882538282417,1.0,L372616,-1.0,10.5,164.0,0.8024457051013284,0.7928669448626414,0.7333980309852645,1.301476087572395,0.0,0.6642750308671991,0.6506331059878406,0.5592227107376949,0.08221859881654248,0.0,-1.0,1.1398714549579805,1.2088476349741366,-1.0
2025-11-27,2025-26,True,L372622,-1.0,9.5,155.0,0.7756556559104576,0.769411003860101,0.7129387041989628,1.3388247746662156,1.0,L366882,-1.0,14.0,153.5,0.8496994865240871,0.8460644506961317,0.7981557219578077,1.195881923465628,1.0,0.6590742125466198,0.6509712983404555,0.5690361061615871,0.05522813243574909,1.0,0.6010763467112699,1.3388247746662156,1.195881923465628,0.6010763467112699
2025-11-28,2025-26,True,L365839,-1.0,10.0,158.5,0.787525615657112,0.7799747151590456,0.7232690127618655,1.3197026046438225,1.0,L365844,-1.0,13.5,157.0,0.839422731978773,0.8338075844337746,0.7807983525823023,1.222466718638969,1.0,0.6610669037981581,0.6503488331661852,0.5647272536382928,0.06649428627695131,1.0,0.6132925126782343,1.2517882538282417,1.1211055502135732,0.4033867590589988
2025-11-29,2025-26,True,L365861,-1.0,9.5,153.0,0.7901374886317324,0.7818949804964453,0.7129387041989628,1.3388247746662156,1.0,L367525,-1.0,12.5,158.0,0.839285197328571,0.833107580929084,0.7717686061077629,1.2367696644384134,1.0,0.663150698062985,0.6514026357419869,0.5502237099799082,0.09805677456898443,1.0,0.65581786730577,1.2088476349741366,1.1398714549579805,0.37793091250048283
2025-11-30,2025-26,True,L365884,-1.0,13.0,140.5,0.8515617759096913,0.8467481080418273,0.7807983525823023,1.222466718638969,1.0,L367529,-1.0,9.0,161.5,0.7771804267293195,0.7681995519916313,0.7024150487945026,1.358883186853884,1.0,0.6618171443878711,0.6504715172474931,0.5484445129277651,0.09940367161838859,1.0,0.6611894704469325,1.222466718638969,1.195881923465628,0.461925850858685
2025-12-01,2025-26,True,L365895,-1.0,9.0,159.5,0.7806215324803846,0.7723506685476678,0.7024150487945026,1.358883186853884,1.0,L365893,-1.0,13.5,163.0,0.848206571636393,0.8429501923658236,0.789594960013651,1.2088476349741366,1.0,0.6621283138107342,0.651053144626129,0.554623382365882,0.08766674391247808,1.0,0.6426827266344355,1.222466718638969,1.2088476349741366,0.47777600166131107
2025-12-02,2025-26,True,L365935,-1.0,10.0,155.5,0.7995603568240162,0.7913655997275892,0.7232690127618655,1.3197026046438225,1.0,L365907,-1.0,12.5,159.0,0.8290564893016724,0.8221794988360265,0.7625091520717907,1.2517882538282417,1.0,0.6628807024133113,0.6506445721801009,0.5514992416408513,0.09507111101553356,1.0,0.6519882190396729,1.284106235791297,1.3388247746662156,0.7191932417807654
2025-12-03,2025-26,True,L370343,-1.0,11.5,146.0,0.8178871267335115,0.8128593917524432,0.7530241625705186,1.2675556077001895,1.0,L367858,-1.0,11.0,145.5,0.8074951753317642,0.8020202894972269,0.74331856149878,1.284106235791297,1.0,0.6604399088032697,0.6519297246938343,0.5597368372957413,0.0749822286673183,1.0,0.6276760600600402,1.2088476349741366,1.284106235791297,0.5522887861918502
2025-12-04,2025-26,True,L363251,-1.0,8.5,155.0,0.7772993044032196,0.7685615260897121,0.6917067209678904,1.3799200890579588,0.0,L370862,-1.0,13.0,155.5,0.8510569443212753,0.8458894909230485,0.7807983525823023,1.222466718638969,1.0,0.6615259708284569,0.6501181180470679,0.5400834682018352,0.1159323828792711,0.0,-1.0,1.2088476349741366,1.1124094278502061,-1.0
2025-12-05,2025-26,True,L364425,-1.0,11.0,142.5,0.8260721856294861,0.820265069835716,0.74331856149878,1.284106235791297,1.0,L364429,-1.0,10.0,143.5,0.7991727217426224,0.7925627339136068,0.7232690127618655,1.3197026046438225,1.0,0.6601743569453933,0.6501115262828306,0.5376192821427925,0.11875677901388682,1.0,0.694638344013149,1.222466718638969,1.195881923465628,0.461925850858685
2025-12-06,2025-26,True,L366033,-1.0,14.0,160.5,0.8489990946250836,0.8429947076119523,0.789594960013651,1.2088476349741366,0.0,L366020,-1.0,9.5,162.0,0.7802604757909758,0.7720802647452288,0.7129387041989628,1.3388247746662156,0.0,0.6624404375182754,0.6508595770318629,0.5629328076341642,0.07211689714148517,0.0,-1.0,1.1124094278502061,1.2367696644384134,-1.0
2025-12-07,2025-26,True,L364443,-1.0,11.5,141.0,0.8291035631100124,0.8243778623288532,0.7530241625705186,1.2675556077001895,1.0,L366983,-1.0,10.0,147.5,0.7960927452043715,0.7896009358672165,0.7232690127618655,1.3197026046438225,1.0,0.6600433316149756,0.6509295316030779,0.5446390426482095,0.10411813339960463,1.0,0.6727964370128234,1.358883186853884,1.195881923465628,0.625063839259925
2025-12-08,2025-26,True,L366053,-1.0,9.5,149.0,0.7832378870310451,0.7764696946874786,0.7129387041989628,1.3388247746662156,1.0,L364448,-1.0,14.0,164.5,0.842185939619747,0.8376931429624775,0.7981557219578077,1.195881923465628,0.0,0.659631935835026,0.6504433389578693,0.5690361061615871,0.05612109000082621,0.0,-1.0,1.4747589407366608,1.14998563391933,-1.0
2025-12-09,2025-26,True,L366059,-1.0,10.5,141.0,0.7980990151510828,0.794252278023326,0.7333980309852645,1.301476087572395,0.0,L366058,-1.0,12.0,147.5,0.8235553495165245,0.8206608843580088,0.7625091520717907,1.2517882538282417,1.0,0.6572787133715441,0.6518117768859858,0.5592227107376949,0.07082039089784531,0.0,-1.0,1.358883186853884,1.222466718638969,-1.0
2025-12-10,2025-26,True,L366079,-1.0,9.0,165.5,0.7746540010129265,0.7655205342319477,0.7024150487945026,1.358883186853884,1.0,L367005,-1.0,14.0,143.5,0.8537499637266933,0.8502960740514803,0.7981557219578077,1.195881923465628,1.0,0.6613608252655239,0.6509191048632169,0.5606365903846049,0.07475356184210469,1.0,0.625063839259925,1.14998563391933,1.1717948365692474,0.34754722795548365
2025-12-11,2025-26,True,L366091,-1.0,12.0,156.5,0.8058882121360897,0.8012730337566617,0.7530241625705186,1.2675556077001895,1.0,L371322,-1.0,12.5,157.0,0.816833275565199,0.8125422125607817,0.7717686061077629,1.2367696644384134,1.0,0.6582763080585041,0.6510681637139278,0.5811604083125146,0.031962865972512855,1.0,0.5676743235923924,1.14998563391933,1.2367696644384134,0.42226734657140574
2025-12-12,2025-26,True,L366101,-1.0,11.5,143.0,0.8128602479957231,0.8087658548943104,0.7530241625705186,1.2675556077001895,0.0,L366099,-1.0,12.5,169.0,0.809111520748975,0.8049617538241371,0.7717686061077629,1.2367696644384134,0.0,0.6576945914122084,0.6510255809888017,0.5811604083125146,0.031050923722508728,0.0,-1.0,1.2367696644384134,1.2675556077001895,-1.0
2025-12-13,2025-26,True,L370865,-1.0,13.0,147.5,0.842223354884612,0.8379804690524016,0.7807983525823023,1.222466718638969,1.0,L366123,1.0,9.5,117.0,0.7847494463286215,0.7777799409684798,0.7340680775457561,1.300288119313435,1.0,0.6609343114307333,0.6517643997523159,0.5731591456309841,0.05059405042881737,1.0,0.5895589505023311,1.1717948365692474,1.1543077565587045,0.3526118689473219
2025-12-14,2025-26,True,L367547,-1.0,10.5,156.0,0.7964847972384403,0.7913068147360641,0.7333980309852645,1.301476087572395,1.0,L366165,-1.0,13.0,158.5,0.8293347098859818,0.8249644458119364,0.7807983525823023,1.222466718638969,1.0,0.6605524882463369,0.6527999878859457,0.5726359743803988,0.05094640841571274,1.0,0.5910112021617091,1.1041431526065597,1.195881923465628,0.32042483712053493
2025-12-15,2025-26,True,L366180,-1.0,12.5,154.0,0.8186497028664325,0.8159216002354658,0.7717686061077629,1.2367696644384134,1.0,L364464,-1.0,12.0,150.5,0.8044157140216702,0.8015908788088038,0.7625091520717907,1.2517882538282417,1.0,0.6585346852649294,0.6540353125718325,0.5884806254388582,0.019526105707496022,1.0,0.548173738635102,1.301476087572395,1.222466718638969,0.5910112021617091
2025-12-16,2025-26,True,L366190,-1.0,14.5,150.0,0.8522241414507866,0.8494890736614921,0.8064786374283879,1.1835403390765646,1.0,L371343,-1.0,10.0,160.5,0.7723323040413348,0.7662361821808423,0.7232690127618655,1.3197026046438225,1.0,0.6582002347263345,0.650909264606722,0.5833010079063645,0.02805694534037695,1.0,0.5619212681803751,1.2675556077001895,1.222466718638969,0.549544544437675
2025-12-17,2025-26,True,L366208,-1.0,10.5,151.0,0.8069562043520033,0.8014416310901126,0.7333980309852645,1.301476087572395,0.0,L367556,-1.0,12.0,148.5,0.8220683340319567,0.8171745471493259,0.7625091520717907,1.2517882538282417,0.0,0.6633731425484025,0.6549177019526798,0.5592227107376949,0.08074926718837228,0.0,-1.0,1.1606185267281315,1.195881923465628,-1.0
2025-12-18,2025-26,True,L370868,-1.0,8.5,155.0,0.7709861047686619,0.7619759460910791,0.6917067209678904,1.3799200890579588,1.0,L363271,-1.0,15.0,146.5,0.8623372642067618,0.8594919573280538,0.8145623877252797,1.1717948365692474,1.0,0.6648500483276357,0.6549121973427172,0.5634382782372286,0.07505138209182571,1.0,0.6169832352362923,1.2088476349741366,1.195881923465628,0.4456390348897459
2025-12-19,2025-26,True,L367065,-1.0,10.0,166.5,0.7749310571669841,0.7684448272294611,0.7232690127618655,1.3197026046438225,1.0,L367062,-1.0,14.5,152.0,0.8493400229110452,0.845932935970514,0.8064786374283879,1.1835403390765646,0.0,0.6581799618486867,0.6500527888295724,0.5833010079063645,0.0280252807016117,0.0,-1.0,1.3197026046438225,1.1835403390765646,-1.0
2025-12-20,2025-26,True,L366276,-1.0,9.5,146.0,0.781585778489239,0.7742167844190873,0.7024150487945026,1.358883186853884,1.0,L367561,-1.0,14.0,150.5,0.8452435583896127,0.8417585434380718,0.789594960013651,1.2088476349741366,1.0,0.66063034459696,0.6517035927579186,0.554623382365882,0.08520605575998097,1.0,0.6426827266344355,1.2088476349741366,1.130252319254844,0.36630284305525085
2025-12-21,2025-26,True,L366298,-1.0,10.0,157.5,0.7819854420600993,0.7750856990015818,0.7232690127618655,1.3197026046438225,1.0,L367079,-1.0,14.5,156.0,0.8439354101373298,0.8400617131018495,0.7981557219578077,1.195881923465628,0.0,0.659945204766411,0.6511198201040133,0.5772813010506576,0.041531124598255253,0.0,-1.0,1.3388247746662156,1.1606185267281315,-1.0
2025-12-22,2025-26,True,L366333,1.0,15.0,120.5,0.8811718858511335,0.876631803378217,0.834734859256086,1.1434768650378977,1.0,L370736,-1.0,8.5,175.0,0.7502783161132248,0.7420833604812929,0.6917067209678904,1.3799200890579588,0.0,0.6611241587227031,0.6505338745556832,0.5773917123736207,0.043192237887152984,0.0,-1.0,1.1054717780767023,1.1835403390765646,-1.0
2025-12-23,2025-26,True,L366342,-1.0,9.0,161.5,0.7703253896786904,0.7639391744478911,0.7024150487945026,1.358883186853884,0.0,L367571,-1.0,15.0,145.5,0.8536139546127637,0.8509230380077988,0.8064786374283879,1.1835403390765646,1.0,0.657560502222245,0.6500534431743692,0.566482731460985,0.05754999734004551,0.0,-1.0,1.222466718638969,1.3197026046438225,-1.0
2025-12-28,2025-26,True,L371162,-1.0,11.0,160.5,0.787142571568482,0.7820529914698225,0.74331856149878,1.284106235791297,1.0,L367573,-1.0,14.0,162.5,0.8365240985969332,0.8332691276677535,0.7981557219578077,1.195881923465628,1.0,0.6584637301485964,0.6516606139920161,0.5932839630976978,0.011162870660007762,1.0,0.5356394351923033,1.3197026046438225,1.130252319254844,0.49159692962533885
2025-12-29,2025-26,True,L371006,-1.0,13.0,160.5,0.8323900262655562,0.8281980967024717,0.7807983525823023,1.222466718638969,1.0,L371543,1.0,10.0,118.5,0.7966091199861803,0.7903829089983045,0.7444989989751045,1.2820702261708719,0.0,0.6630894863086783,0.6545936208985587,0.5813035918989348,0.03925231579964383,0.0,-1.0,1.222466718638969,1.1904416542345422,-1.0
2025-12-30,2025-26,True,L371716,-1.0,9.5,156.0,0.7756672834830797,0.7676684336310229,0.7024150487945026,1.358883186853884,1.0,L364538,-1.0,14.5,153.0,0.8540374858933386,0.8496165865724659,0.7981557219578077,1.195881923465628,1.0,0.6624489366756049,0.6522238342010213,0.5606365903846049,0.0765218123477136,1.0,0.625063839259925,1.1606185267281315,1.1211055502135732,0.3011758719956086
2025-12-31,2025-26,True,L364534,-1.0,11.5,151.0,0.7980810358964198,0.7935604185658458,0.74331856149878,1.284106235791297,1.0,L370874,-1.0,12.5,150.0,0.8228115231751251,0.8191150615159014,0.7717686061077629,1.2367696644384134,0.0,0.6566702727631148,0.6500172910701473,0.5736699301019408,0.0428867161776223,0.0,-1.0,1.2367696644384134,1.1606185267281315,-1.0
2026-01-01,2025-26,True,L371548,1.0,8.0,123.5,0.7752621524112822,0.7646434528598317,0.7013960454515057,1.3608574017345152,1.0,L363308,-1.0,15.0,150.5,0.8578272213886112,0.8547737975549313,0.8145623877252797,1.1717948365692474,1.0,0.6650409780507242,0.6535971879765134,0.5713308375240472,0.060504720450023974,1.0,0.5946456766595469,1.2178805960071633,1.1606185267281315,0.4134947830686124
2026-01-02,2025-26,True,L364555,-1.0,13.0,148.5,0.828632006158835,0.8253609344090092,0.7807983525823023,1.222466718638969,1.0,L371177,-1.0,11.5,154.0,0.7978690034312911,0.7939995206432495,0.7530241625705186,1.2675556077001895,1.0,0.6611397929652212,0.6553361862784178,0.5879600255897288,0.024465559299912343,1.0,0.549544544437675,1.1717948365692474,1.1398714549579805,0.335695485272437
2026-01-03,2025-26,True,L364565,-1.0,10.5,154.0,0.7949415255628867,0.7889210333767754,0.7333980309852645,1.301476087572395,1.0,L370880,-1.0,13.0,155.5,0.8299655780437012,0.8254165665235377,0.7807983525823023,1.222466718638969,1.0,0.6597741027747429,0.6511884906280593,0.5726359743803988,0.0497079884108067,1.0,0.5910112021617091,1.2367696644384134,1.1606185267281315,0.43541778584255697
2026-01-04,2025-26,True,L366382,-1.0,9.0,154.5,0.760009041377703,0.7538092323875312,0.7024150487945026,1.358883186853884,1.0,L366383,1.0,14.5,114.0,0.8666705311977159,0.8625675056346682,0.826902526277408,1.1543077565587045,1.0,0.6586774396058807,0.6502113493048968,0.5808287783434429,0.03318127810852167,1.0,0.5685694028426498,1.2295307532548811,1.1142271328448323,0.3699765259437333
2026-01-05,2025-26,True,L364591,-1.0,12.5,158.0,0.8269549844893596,0.8216125773892115,0.7717686061077629,1.2367696644384134,1.0,L371380,-1.0,11.0,159.5,0.7984276225849297,0.7922092685968798,0.74331856149878,1.284106235791297,1.0,0.6602637022505968,0.6508890990035044,0.5736699301019408,0.04859359835800037,1.0,0.5881436383428764,1.2088476349741366,1.222466718638969,0.47777600166131107
2026-01-06,2025-26,True,L370374,-1.0,11.5,143.0,0.8108232020439236,0.8070647537867511,0.7530241625705186,1.2675556077001895,1.0,L371727,-1.0,11.5,149.0,0.8096272163035468,0.8058683754613784,0.7530241625705186,1.2675556077001895,0.0,0.6564645319851502,0.6503879620262665,0.5670453894150309,0.05473973765809825,0.0,-1.0,1.2517882538282417,1.3388247746662156,-1.0
2026-01-07,2025-26,True,L370752,-1.0,11.0,157.5,0.775716854673875,0.7717859779900014,0.7333980309852645,1.301476087572395,1.0,L371017,-1.0,15.0,150.5,0.8465162822561252,0.8437443119026177,0.8064786374283879,1.1835403390765646,1.0,0.6566569479019436,0.6511900289352626,0.5914698447216586,0.011481168529898333,1.0,0.5403494499854731,1.195881923465628,1.222466718638969,0.461925850858685
2026-01-08,2025-26,True,L364607,-1.0,11.5,154.0,0.806005158243399,0.801737058907117,0.7530241625705186,1.2675556077001895,1.0,L364617,-1.0,12.5,156.0,0.8227517050520256,0.8189039874217728,0.7717686061077629,1.2367696644384134,1.0,0.6631421182254842,0.6565456744028428,0.5811604083125146,0.03959087163476238,1.0,0.5676743235923924,1.1835403390765646,1.1606185267281315,0.37363884466235553
2026-01-09,2025-26,True,L371730,-1.0,14.5,166.0,0.8571514853514122,0.8518243617148704,0.8064786374283879,1.1835403390765646,1.0,L367172,-1.0,9.5,174.0,0.7744248511081127,0.7656860681777712,0.7129387041989628,1.3388247746662156,1.0,0.663799411420365,0.6522300462994987,0.57496983473234,0.05182543357972258,1.0,0.5845531277725582,1.1835403390765646,1.1398714549579805,0.3490838483046652
2026-01-10,2025-26,True,L363434,-1.0,14.0,144.5,0.8488253728284884,0.8451455400349576,0.7981557219578077,1.195881923465628,0.0,L371567,1.0,9.0,120.5,0.777019545783417,0.7691088668047096,0.7234017024519527,1.319460538680992,1.0,0.6595539056446317,0.6500089285813405,0.5773872080860455,0.0407226438147581,0.0,-1.0,1.3197026046438225,1.2483215934164256,-1.0
2026-01-11,2025-26,True,L364654,1.0,9.5,119.0,0.7997298653027906,0.7925444596724257,0.7340680775457561,1.300288119313435,1.0,L367190,-1.0,13.5,158.0,0.8267858140044682,0.8218865750758376,0.7807983525823023,1.222466718638969,0.0,0.6612053076680514,0.6513816515555003,0.5731591456309841,0.05102481492339872,0.0,-1.0,1.203803916310432,1.2088476349741366,-1.0
2026-01-12,2025-26,True,L364660,-1.0,11.0,156.5,0.7935989796716711,0.7889141357230147,0.74331856149878,1.284106235791297,1.0,L371027,-1.0,13.0,151.5,0.8277300637234998,0.8241100418066449,0.7807983525823023,1.222466718638969,1.0,0.6568857340145368,0.6501520613725468,0.5803819082620941,0.03116420651726326,1.0,0.5697771364516251,1.222466718638969,1.284106235791297,0.5697771364516251
2026-01-13,2025-26,True,L371570,1.0,10.0,114.5,0.7982038570273879,0.792570668791493,0.7444989989751045,1.2820702261708719,1.0,L370895,-1.0,13.5,155.0,0.828174490683679,0.8245018150115483,0.7807983525823023,1.222466718638969,0.0,0.6610520727554051,0.6534759549435026,0.5813035918989348,0.0360591016148315,0.0,-1.0,1.1657254487104567,1.1835403390765646,-1.0
2026-01-14,2025-26,True,L371740,-1.0,9.5,163.0,0.776414574095945,0.7694826797413177,0.7129387041989628,1.3388247746662156,1.0,L364676,-1.0,14.5,144.0,0.8473481989360389,0.8448181633842299,0.8064786374283879,1.1835403390765646,1.0,0.6578934909878907,0.6500729442550356,0.57496983473234,0.04246718888606971,1.0,0.5845531277725582,1.1606185267281315,1.1211055502135732,0.3011758719956086
2026-01-15,2025-26,True,L363527,-1.0,10.0,159.5,0.7816881721160606,0.7748165934268721,0.7232690127618655,1.3197026046438225,1.0,L364683,-1.0,14.0,157.5,0.8439655242472482,0.8399503649278695,0.7981557219578077,1.195881923465628,1.0,0.6597178679778043,0.65080748040107,0.5772813010506576,0.041172339748558384,1.0,0.5782084892440535,1.1717948365692474,1.0962868103293746,0.28462322374293114
2026-01-16,2025-26,True,L371742,-1.0,12.0,153.5,0.7996159885030703,0.7968000695147123,0.7625091520717907,1.2517882538282417,1.0,L370902,-1.0,14.0,155.5,0.8254109335927422,0.8228760600895477,0.789594960013651,1.2088476349741366,1.0,0.6600117795860027,0.6556677018813442,0.6020733834401686,-0.001256136594982582,1.0,0.5132212701286742,1.222466718638969,1.195881923465628,0.461925850858685
2026-01-17,2025-26,True,L371743,-1.0,13.5,148.0,0.8404938282729909,0.8362074061338548,0.7807983525823023,1.222466718638969,1.0,L363534,1.0,9.5,117.0,0.7862696346097903,0.7794572487608734,0.7340680775457561,1.300288119313435,0.0,0.6608547752479884,0.6517879241785608,0.5731591456309841,0.0504676229776464,0.0,-1.0,1.2088476349741366,1.203803916310432,-1.0
2026-01-18,2025-26,True,L367225,-1.0,12.0,171.5,0.8122207192290579,0.8062411191572967,0.7625091520717907,1.2517882538282417,1.0,L370770,1.0,11.0,132.5,0.8137552033907907,0.806493287802594,0.7646266835677414,1.2483215934164256,1.0,0.6609488365744564,0.6502280509508112,0.583034844138704,0.03282132762521939,1.0,0.5626343076388356,1.1124094278502061,1.1434768650378977,0.2720144451967552
2026-01-19,2025-26,True,L364722,-1.0,10.5,150.0,0.7867895652086871,0.7821307706412609,0.7333980309852645,1.301476087572395,0.0,L364698,1.0,12.5,111.0,0.840690971476686,0.8362776395353001,0.7929032187613,1.203803916310432,1.0,0.6614468839230107,0.6540784746797988,0.5815136594014159,0.036303392284496416,0.0,-1.0,1.301476087572395,1.1657254487104567,-1.0
2026-01-20,2025-26,True,L371750,-1.0,10.5,153.0,0.7982758127043357,0.7929693157365273,0.7333980309852645,1.301476087572395,1.0,L371749,-1.0,12.0,145.5,0.8239723511716157,0.8201168057019226,0.7625091520717907,1.2517882538282417,1.0,0.6577571982774238,0.6503274622414801,0.5592227107376949,0.07159992533815096,1.0,0.6291724790614601,1.1835403390765646,1.2517882538282417,0.48154189438793793
2026-01-21,2025-26,True,L370772,1.0,10.5,127.0,0.7978369577722009,0.7919885600897993,0.7546872810894458,1.2647622716287334,1.0,L371585,1.0,12.0,118.5,0.8253292822679416,0.8208694173310798,0.7837385726723458,1.2178805960071633,0.0,0.6584782037249686,0.6501191878537944,0.5914775324950157,0.014273355670214594,0.0,-1.0,1.2327073795865982,1.1777596982931804,-1.0
2026-01-22,2025-26,True,L363609,1.0,11.5,111.0,0.8264099076250386,0.8217578723906742,0.7743119054905813,1.2327073795865982,1.0,L367240,-1.0,11.5,153.0,0.7994825798625613,0.795360475379587,0.7530241625705186,1.2675556077001895,0.0,0.6607003249720469,0.6535937320315646,0.5830755742004275,0.032360875471093786,0.0,-1.0,1.1904416542345422,1.2088476349741366,-1.0
2026-01-23,2025-26,True,L371754,-1.0,9.5,160.0,0.7725051999909073,0.765972324165361,0.7129387041989628,1.3388247746662156,1.0,L366397,-1.0,15.0,138.5,0.8575116878410445,0.8548623732036609,0.8145623877252797,1.1717948365692474,1.0,0.6624322379101865,0.6548009188443243,0.580733053194074,0.039242215130474545,1.0,0.5688279580248576,1.284106235791297,1.14998563391933,0.47670372358621904
2026-01-24,2025-26,True,L363674,-1.0,10.0,157.5,0.7777263313013266,0.7712631682669171,0.7232690127618655,1.3197026046438225,1.0,L371757,-1.0,15.0,159.5,0.8487033097304312,0.8451959545067124,0.8064786374283879,1.1835403390765646,1.0,0.6600589114399418,0.6518685096792282,0.5833010079063645,0.030960052030031715,1.0,0.5619212681803751,1.195881923465628,1.1124094278502061,0.3303103262588032
2026-01-25,2025-26,True,L364797,-1.0,13.0,143.5,0.8256267127572208,0.8231120142669752,0.7807983525823023,1.222466718638969,1.0,L370424,1.0,11.5,136.0,0.7942907775344242,0.7909212145978842,0.7743119054905813,1.2327073795865982,0.0,0.6557876836291237,0.651016754074147,0.6045814601919093,-0.011764851867513082,0.0,-1.0,1.222466718638969,1.3831813593668283,-1.0
2026-01-26,2025-26,True,L366401,-1.0,11.0,152.5,0.7822622783512312,0.7779439256899517,0.7333980309852645,1.301476087572395,0.0,L371416,-1.0,14.5,150.0,0.8386334271935543,0.8356383850963474,0.7981557219578077,1.195881923465628,1.0,0.6560312954579312,0.6500798057590641,0.5853658349034784,0.02105480149731509,0.0,-1.0,1.2675556077001895,1.2088476349741366,-1.0
2026-01-27,2025-26,True,L364798,-1.0,11.0,150.5,0.7978243586385384,0.7933702933784679,0.74331856149878,1.284106235791297,0.0,L364801,-1.0,13.5,156.0,0.8234245729285402,0.8204757103567821,0.7807983525823023,1.222466718638969,1.0,0.656948181783925,0.650941055035667,0.5803819082620941,0.031262235597871335,0.0,-1.0,1.3197026046438225,1.1835403390765646,-1.0
2026-01-28,2025-26,True,L370923,-1.0,12.5,148.0,0.8199481581985834,0.8167657776320679,0.7717686061077629,1.2367696644384134,1.0,L370787,-1.0,12.0,152.5,0.7998256784075097,0.7959819751620703,0.7530241625705186,1.2675556077001895,0.0,0.65581559189017,0.6501308369243577,0.5811604083125146,0.02810526441776684,0.0,-1.0,1.2088476349741366,1.222466718638969,-1.0
2026-01-29,2025-26,True,L363727,1.0,8.0,129.5,0.7542609006403396,0.7454105463636505,0.7013960454515057,1.3608574017345152,0.0,L366404,1.0,15.0,105.5,0.876219029591606,0.8731544681599183,0.834734859256086,1.1434768650378977,1.0,0.6608977544179692,0.6508585491709473,0.585479729282738,0.0284289143189822,0.0,-1.0,1.2647622716287334,1.1054717780767023,-1.0
2026-01-30,2025-26,True,L364828,1.0,13.5,113.0,0.8631286214866869,0.8581780846339337,0.8104369689192709,1.1777596982931804,1.0,L367275,-1.0,9.5,164.0,0.7639018588668774,0.7576835777043704,0.7129387041989628,1.3388247746662156,0.0,0.6593455583948856,0.6502274414729229,0.57779188245624,0.03966521677243162,0.0,-1.0,1.1332043528363365,1.2088476349741366,-1.0
2026-01-31,2025-26,True,L367279,1.0,9.5,128.0,0.7871631162662491,0.7790435077812792,0.7340680775457561,1.300288119313435,1.0,L371597,1.0,12.5,116.0,0.8402151869117618,0.8345811855602955,0.7929032187613,1.203803916310432,1.0,0.6613864048636914,0.6501750543271513,0.5820449414759495,0.035262802383899894,1.0,0.5652919303614392,1.1777596982931804,1.203803916310432,0.4177917372779232
2026-02-01,2025-26,True,L367292,-1.0,10.5,155.0,0.7808090526459809,0.7751868867934313,0.7232690127618655,1.3197026046438225,0.0,L363741,-1.0,14.5,164.0,0.8426168121849416,0.8387678751703982,0.8064786374283879,1.1835403390765646,1.0,0.6579228348657006,0.6502018578956824,0.5833010079063645,0.027623668598262707,0.0,-1.0,1.301476087572395,1.1211055502135732,-1.0
2026-02-02,2025-26,True,L371433,-1.0,10.5,154.0,0.7830990305692033,0.7783526082540118,0.7333980309852645,1.301476087572395,1.0,L364872,-1.0,14.0,151.5,0.8406342620571509,0.8377074290361382,0.7981557219578077,1.195881923465628,1.0,0.6582998756802124,0.6520317623440406,0.5853658349034784,0.024585646358801894,1.0,0.5564117269505957,1.301476087572395,1.284106235791297,0.6712335597849723
2026-02-03,2025-26,True,L367299,1.0,9.5,126.0,0.7848496278460049,0.7772290172045857,0.7234017024519527,1.319460538680992,0.0,L371771,1.0,13.0,120.5,0.8416028461682863,0.8374057722867051,0.8018032606677785,1.1904416542345422,1.0,0.660531680609318,0.6508560653958428,0.5800258437985978,0.03752405141901094,0.0,-1.0,1.1332043528363365,1.1054717780767023,-1.0
2026-02-04,2025-26,True,L371225,1.0,9.5,124.0,0.793258653882506,0.7847333564707453,0.7340680775457561,1.300288119313435,1.0,L363791,1.0,12.0,115.5,0.83727543216191,0.8304765920159038,0.7837385726723458,1.2178805960071633,1.0,0.6641759822456502,0.651702683523026,0.5753174673400437,0.05178620942319956,1.0,0.5835956697304796,1.1332043528363365,1.123463079513234,0.2731132519553121
2026-02-05,2025-26,True,L366408,-1.0,10.0,160.5,0.7784737687619114,0.7731802134265054,0.7232690127618655,1.3197026046438225,1.0,L370611,1.0,13.0,113.5,0.8459838666135993,0.8410488994927952,0.8018032606677785,1.1904416542345422,0.0,0.6585762489544628,0.6502823676119669,0.5799194527724288,0.0346423540554337,0.0,-1.0,1.0278058771375675,1.1904416542345422,-1.0
2026-02-06,2025-26,True,L371611,1.0,9.5,122.0,0.7805134550210363,0.7747589449904441,0.7340680775457561,1.300288119313435,0.0,L367632,-1.0,14.5,159.0,0.8435279516414346,0.8404329091504066,0.8064786374283879,1.1835403390765646,1.0,0.6583849159424737,0.6511329140286187,0.5920102229587776,0.013217148457427719,0.0,-1.0,1.203803916310432,1.1606185267281315,-1.0
2026-02-07,2025-26,True,L373613,1.0,12.0,116.5,0.8305665311974709,0.8247699318593992,0.7837385726723458,1.2178805960071633,1.0,L370450,1.0,10.5,131.0,0.7963235797884268,0.7893473469711642,0.7546872810894458,1.2647622716287334,1.0,0.6613997133756261,0.6510299575748045,0.5914775324950157,0.01877344296275152,1.0,0.5403294291785756,1.1657254487104567,1.1777596982931804,0.3729444527659098
2026-02-08,2025-26,True,L370457,-1.0,13.5,154.0,0.8319349362595502,0.8293522651870302,0.789594960013651,1.2088476349741366,1.0,L370619,1.0,11.0,125.5,0.7950910591079637,0.7911093098718136,0.7646266835677414,1.2483215934164256,1.0,0.6614640295795221,0.6561082981527369,0.6037453756370414,-0.0018305346701044112,1.0,0.5090306058885918,1.1717948365692474,1.1657254487104567,0.36599106165628226
2026-02-09,2025-26,True,L364931,-1.0,13.0,153.5,0.8316816643112898,0.8284962563022265,0.7807983525823023,1.222466718638969,1.0,L364935,-1.0,11.0,149.5,0.7939534237109456,0.7898217265266417,0.74331856149878,1.284106235791297,1.0,0.6603165048175659,0.6543643435734836,0.5803819082620941,0.03654975208426414,1.0,0.5697771364516251,1.14998563391933,1.2517882538282417,0.4395385086114416
2026-02-10,2025-26,True,L370948,1.0,8.5,123.0,0.7707644353074868,0.7627072051106638,0.7125080034197017,1.3396340748719329,1.0,L371783,-1.0,15.0,149.5,0.8582725112089026,0.8556418004525723,0.8145623877252797,1.1717948365692474,0.0,0.6615259274418684,0.6526041661990377,0.580382220538924,0.038447717327213526,0.0,-1.0,1.203803916310432,1.2517882538282417,-1.0
2026-02-11,2025-26,True,L371237,1.0,9.0,130.5,0.7757250386024683,0.7689182013914375,0.7234017024519527,1.319460538680992,1.0,L370464,-1.0,15.0,156.5,0.8492503502240614,0.8465155111400969,0.8145623877252797,1.1717948365692474,1.0,0.6587847607107198,0.6509011842757967,0.5892558180337949,0.018571524061699263,1.0,0.546137046283264,1.1904416542345422,1.1124094278502061,0.32425851947610007
2026-02-12,2025-26,True,L363909,1.0,10.0,118.5,0.7973177056018987,0.7904263662823828,0.7444989989751045,1.2820702261708719,1.0,L364943,1.0,12.0,121.5,0.8289996564743939,0.8230973995527664,0.7837385726723458,1.2178805960071633,1.0,0.660976104044926,0.6505978866249718,0.5834925828127386,0.03205367487850386,1.0,0.5614084511720201,1.1657254487104567,1.1777596982931804,0.3729444527659098
2026-02-13,2025-26,True,L370950,-1.0,11.5,161.0,0.792668817450694,0.7884843705683388,0.7530241625705186,1.2675556077001895,1.0,L371138,1.0,12.5,118.0,0.8291437852877591,0.8251813919060136,0.7929032187613,1.203803916310432,0.0,0.6572364237806401,0.6506426304017188,0.5970752823071966,0.002869438187286466,0.0,-1.0,1.2675556077001895,1.1777596982931804,-1.0
2026-02-14,2025-26,True,L363922,1.0,10.0,115.5,0.7869979643295117,0.7814908821606215,0.7444989989751045,1.2820702261708719,1.0,L371789,-1.0,14.0,153.5,0.8351822456275132,0.832047172477226,0.7981557219578077,1.195881923465628,1.0,0.6572867271530032,0.6502372788184781,0.5942261360238397,0.007755038908190626,1.0,0.5332046080912349,1.1657254487104567,1.222466718638969,0.4250605641190117
2026-02-15,2025-26,True,L367360,-1.0,13.0,159.5,0.8186393804023637,0.8149045928478168,0.7807983525823023,1.222466718638969,1.0,L364975,1.0,11.5,125.0,0.8033592002343403,0.7979259844128779,0.7646266835677414,1.2483215934164256,1.0,0.6576614779203788,0.6502335494506697,0.5970192548701619,0.0036121987968311675,1.0,0.5260316021099469,1.195881923465628,1.1904416542345422,0.4236276552396083
2026-02-16,2025-26,True,L371465,-1.0,11.0,147.5,0.7894039341377606,0.7858295100157553,0.74331856149878,1.284106235791297,1.0,L374234,-1.0,13.5,149.0,0.8305707247393822,0.8279450026950183,0.789594960013651,1.2088476349741366,1.0,0.6556557976889194,0.6506236157878194,0.5869205898440337,0.017767142354181864,1.0,0.5522887861918502,1.284106235791297,1.301476087572395,0.6712335597849723
2026-02-17,2025-26,True,L363970,-1.0,10.0,165.5,0.7745087706714069,0.76871406647235,0.7232690127618655,1.3197026046438225,0.0,L371792,-1.0,15.0,157.5,0.8533237042396808,0.8504041837118307,0.8145623877252797,1.1717948365692474,0.0,0.6609066931554464,0.6537176582062207,0.5891477340030109,0.022039789695140533,0.0,-1.0,1.1717948365692474,1.14998563391933,-1.0
2026-02-18,2025-26,True,L371637,1.0,10.5,125.0,0.7969739090022457,0.790587108210732,0.7546872810894458,1.2647622716287334,1.0,L371795,-1.0,13.5,163.0,0.8285248318895255,0.8239821379992085,0.789594960013651,1.2088476349741366,0.0,0.6603126739764237,0.6514296556980905,0.595897273534632,0.009555270138194238,0.0,-1.0,1.2327073795865982,1.1606185267281315,-1.0
2026-02-19,2025-26,True,L366421,1.0,9.5,111.0,0.7899553074812103,0.7840391644331491,0.7340680775457561,1.300288119313435,1.0,L365022,1.0,13.0,120.5,0.8355751921490931,0.8316389800875066,0.8018032606677785,1.1904416542345422,1.0,0.6600670578378083,0.652037531057845,0.5885781781283149,0.021729112202921952,1.0,0.5479171397370073,1.2820702261708719,1.1904416542345422,0.5262298008877062
2026-02-20,2025-26,True,L367376,-1.0,10.5,166.0,0.7773202756733391,0.7724711414393767,0.7333980309852645,1.301476087572395,1.0,L365027,-1.0,15.0,146.5,0.8480881424767142,0.845241119391028,0.8145623877252797,1.1717948365692474,0.0,0.6592361087052895,0.6529243722874838,0.5973984512723757,0.005376570843025563,0.0,-1.0,1.2367696644384134,1.222466718638969,-1.0
2026-02-21,2025-26,True,L370644,1.0,9.5,127.0,0.7806697959354165,0.7717746274428634,0.7234017024519527,1.319460538680992,1.0,L371640,1.0,14.0,117.5,0.8510397618390472,0.845622020166402,0.8104369689192709,1.1777596982931804,0.0,0.6643810372078144,0.6526296195714064,0.5862714830462008,0.03245307876672321,0.0,-1.0,1.203803916310432,1.1142271328448323,-1.0
2026-02-22,2025-26,True,L367393,-1.0,10.5,159.0,0.7767818037920863,0.7712372424296825,0.7232690127618655,1.3197026046438225,1.0,L365060,-1.0,15.0,145.5,0.84681949742293,0.84427925251998,0.8064786374283879,1.1835403390765646,1.0,0.6577939766944915,0.651139602554103,0.5833010079063645,0.0274224022800722,1.0,0.5619212681803751,1.2675556077001895,1.1835403390765646,0.5002031937358833
2026-02-23,2025-26,True,L365067,-1.0,11.0,151.5,0.7951710757890325,0.7914132305586237,0.74331856149878,1.284106235791297,1.0,L365068,-1.0,13.0,144.5,0.8247219105137895,0.8220172358862949,0.7807983525823023,1.222466718638969,1.0,0.6557950088100362,0.6505553162276428,0.5803819082620941,0.02945201102908679,1.0,0.5697771364516251,1.222466718638969,1.195881923465628,0.461925850858685
2026-02-24,2025-26,True,L364074,1.0,8.5,130.0,0.7622300999129098,0.7538515318115981,0.7125080034197017,1.3396340748719329,1.0,L367401,1.0,15.0,124.5,0.8694741685630714,0.864719381519855,0.834734859256086,1.1434768650378977,1.0,0.6627393823755241,0.6518700303459204,0.5947552679533795,0.015211074739137853,1.0,0.5318405722325021,1.2327073795865982,1.0971734090259133,0.35249375799242855
2026-02-25,2025-26,True,L371645,1.0,13.5,117.0,0.8501436196432126,0.8455482684433293,0.8104369689192709,1.1777596982931804,1.0,L364112,-1.0,10.5,159.0,0.7757588534732722,0.7709913905260743,0.7333980309852645,1.301476087572395,1.0,0.6595064396620363,0.6519104352440368,0.5943728772430592,0.010908673434960159,1.0,0.5328260842350527,1.1434768650378977,1.2367696644384134,0.41421749866600965
2026-02-26,2025-26,True,L364086,1.0,12.5,123.0,0.8312803756117249,0.8269274858737957,0.7929032187613,1.203803916310432,0.0,L364101,1.0,10.5,125.0,0.792747666783009,0.7874464735606432,0.7546872810894458,1.2647622716287334,0.0,0.6589955782086983,0.6511611326416891,0.5983939743340355,0.0033377539532890577,0.0,-1.0,1.203803916310432,1.319460538680992,-1.0
2026-02-27,2025-26,True,L365095,1.0,9.0,120.5,0.7729970377721905,0.7672352695366598,0.7234017024519527,1.319460538680992,1.0,L371151,-1.0,15.0,144.5,0.8510534568006469,0.8485130878994366,0.8064786374283879,1.1835403390765646,1.0,0.657861801092683,0.6510091676999077,0.5834080193068268,0.027339864644105205,1.0,0.5616347733486478,1.319460538680992,1.195881923465628,0.5779190069348181
2026-02-28,2025-26,True,L371489,-1.0,14.0,149.5,0.8429305266004018,0.8392997483692896,0.7981557219578077,1.195881923465628,1.0,L367422,1.0,9.5,128.0,0.7822250159319826,0.7745844239749732,0.7340680775457561,1.300288119313435,0.0,0.6593613445995538,0.650108512132966,0.5859006363997129,0.025300994305159863,0.0,-1.0,1.130252319254844,1.1543077565587045,-1.0
2026-03-01,2025-26,True,L365130,1.0,13.5,113.0,0.8532956986532202,0.8495887977438608,0.8104369689192709,1.1777596982931804,1.0,L365129,1.0,9.5,126.0,0.7740162225166051,0.7681214933465683,0.7340680775457561,1.300288119313435,1.0,0.6604647133612329,0.6525874160535299,0.5949159077465789,0.011453457006096013,1.0,0.5314269430967982,1.1657254487104567,1.203803916310432,0.4033048605003833
2026-03-02,2025-26,True,L371655,-1.0,9.5,147.0,0.7745813407276111,0.7687318485496262,0.7129387041989628,1.3388247746662156,1.0,L371493,-1.0,14.0,147.5,0.8503774800673094,0.8466765191125054,0.7981557219578077,1.195881923465628,0.0,0.6586865286351039,0.6508672056609192,0.5690361061615871,0.054607420895020464,0.0,-1.0,1.2367696644384134,1.195881923465628,-1.0
2026-03-03,2025-26,True,L371815,-1.0,11.0,155.5,0.788131098215903,0.7835131284749934,0.74331856149878,1.284106235791297,0.0,L376478,-1.0,14.0,160.5,0.8370676959586959,0.8331248209725353,0.7981557219578077,1.195881923465628,1.0,0.6597190824969826,0.65276423489036,0.5932839630976978,0.013090639231251089,0.0,-1.0,1.2367696644384134,1.1717948365692474,-1.0
2026-03-04,2025-26,True,L374386,-1.0,11.5,159.0,0.7841483429604058,0.7789850218986817,0.74331856149878,1.284106235791297,0.0,L376467,-1.0,14.5,153.0,0.8384517911293917,0.835940566793534,0.8064786374283879,1.1835403390765646,0.0,0.6574705826662968,0.6511851807296575,0.5994705406527654,-0.0007817774245026943,0.0,-1.0,1.2088476349741366,1.1606185267281315,-1.0
2026-03-05,2025-26,True,L371504,-1.0,13.0,140.5,0.8406456722893785,0.8369169014334246,0.7807983525823023,1.222466718638969,1.0,L376520,1.0,9.5,112.0,0.7851222663141003,0.778325031899962,0.7340680775457561,1.300288119313435,1.0,0.6600096353949773,0.6513933740057876,0.5731591456309841,0.049124223359866326,1.0,0.5895589505023311,1.14998563391933,1.1543077565587045,0.32743733716416146
2026-03-06,2025-26,True,L376539,1.0,10.0,114.5,0.7805002369897315,0.7755917850485787,0.7444989989751045,1.2820702261708719,1.0,L371157,-1.0,15.0,147.5,0.8439595176174183,0.8413133953218715,0.8145623877252797,1.1717948365692474,0.0,0.6587106035101344,0.6525157580629709,0.6064408822642416,-0.010403731395970617,0.0,-1.0,1.123463079513234,1.2675556077001895,-1.0
2026-03-07,2025-26,True,L376525,1.0,10.0,119.5,0.8047447802374337,0.796689936044972,0.7444989989751045,1.2820702261708719,0.0,L376487,1.0,11.5,126.0,0.8241885699348359,0.8167973046193661,0.7743119054905813,1.2327073795865982,1.0,0.6632614495864143,0.6507341923789082,0.5764744385322434,0.04822995487640913,0.0,-1.0,1.1332043528363365,1.123463079513234,-1.0
2026-03-08,2025-26,True,L376564,1.0,10.5,115.0,0.8010747315238795,0.795674738789528,0.7546872810894458,1.2647622716287334,1.0,L376569,1.0,12.0,113.5,0.8229656041424145,0.8180515268423519,0.7837385726723458,1.2178805960071633,1.0,0.659256950391772,0.650902934936663,0.5914775324950157,0.015472882078966688,1.0,0.5403294291785756,1.2327073795865982,1.1434768650378977,0.409572369918765
2026-03-09,2025-26,True,L376586,1.0,11.0,119.5,0.8060493161829304,0.8016616454527501,0.7646266835677414,1.2483215934164256,1.0,L376584,-1.0,13.0,152.5,0.8165418146853605,0.8135202919722908,0.7807983525823023,1.222466718638969,1.0,0.6581729713619039,0.6521680158717084,0.5970192548701619,0.004392753952870532,1.0,0.5260316021099469,1.1904416542345422,1.222466718638969,0.455275302783247
2026-03-10,2025-26,True,L376385,-1.0,10.5,159.0,0.7761647028283438,0.7721325857537124,0.7333980309852645,1.301476087572395,1.0,L376359,-1.0,15.0,154.5,0.8458283607481142,0.8429908594425081,0.8145623877252797,1.1717948365692474,1.0,0.6565021182638452,0.6509007120680881,0.5973984512723757,0.0012070632896010736,1.0,0.5250629593356781,1.1606185267281315,1.1124094278502061,0.29108299126998993
2026-03-11,2025-26,True,L376368,-1.0,11.0,166.5,0.7838093288316035,0.7774097636927597,0.7333980309852645,1.301476087572395,1.0,L376628,-1.0,15.0,150.5,0.8425929762261779,0.8398068550246786,0.8064786374283879,1.1835403390765646,1.0,0.6604322351740637,0.652874048712295,0.5914698447216586,0.01729643020304561,1.0,0.5403494499854731,1.2088476349741366,1.14998563391933,0.3901574138176154
2026-03-12,2025-26,True,L376641,-1.0,14.5,155.0,0.8509360669747875,0.8473147965549177,0.8064786374283879,1.1835403390765646,1.0,L376647,-1.0,10.5,160.0,0.7740681412530711,0.7689591058062392,0.7333980309852645,1.301476087572395,1.0,0.6586824996883726,0.651550428295265,0.5914698447216586,0.014601226110041221,1.0,0.5403494499854731,1.1835403390765646,1.1835403390765646,0.4007677342214695
2026-03-13,2025-26,True,L376750,-1.0,14.0,146.5,0.8341714124494692,0.8312771766645938,0.7981557219578077,1.195881923465628,1.0,L376737,-1.0,12.0,156.5,0.7870282270045853,0.7830393307466019,0.7530241625705186,1.2675556077001895,1.0,0.6565164477580164,0.6509227240803683,0.6010305441281458,-0.004821618415985274,1.0,0.5158468382361454,1.1717948365692474,1.2517882538282417,0.46683901231396807
2026-03-14,2025-26,True,L376806,1.0,14.0,122.5,0.8490920603261403,0.8441149473230247,0.818803433566525,1.1657254487104567,1.0,L376809,1.0,10.0,128.5,0.7794919284097247,0.7720184428514661,0.7444989989751045,1.2820702261708719,1.0,0.6618604075010094,0.6516723072199689,0.6095983366476563,-0.010821895868168951,1.0,0.49454188968135626,1.0971734090259133,1.1777596982931804,0.29220662318965984
2026-03-15,2025-26,True,L376814,-1.0,12.0,153.5,0.7870115050277899,0.7842631078985745,0.7625091520717907,1.2517882538282417,1.0,L376808,-1.0,15.0,153.5,0.8363223633308404,0.8337912600335796,0.8145623877252797,1.1717948365692474,1.0,0.6581953218534029,0.6539117249326036,0.6211112755739763,-0.03453342418288019,1.0,0.46683901231396807,1.1835403390765646,1.1717948365692474,0.3868664582013348
2026-03-17,2025-26,True,L376851,-1.0,10.0,153.5,0.7928115373590613,0.7866924921965465,0.7232690127618655,1.3197026046438225,1.0,L376853,-1.0,13.5,161.0,0.8315432965966494,0.8282428346787799,0.789594960013651,1.2088476349741366,1.0,0.6592571193554114,0.6515724197573816,0.571089567210818,0.05172565396154716,1.0,0.5953193724928929,1.2517882538282417,1.222466718638969,0.5302694790882154
2026-03-18,2025-26,True,L376848,-1.0,11.0,172.5,0.786506039340928,0.780920912582046,0.74331856149878,1.284106235791297,1.0,L376858,-1.0,15.0,157.5,0.8362040103404347,0.8336551149139529,0.8064786374283879,1.1835403390765646,1.0,0.6576795042538557,0.6510187131172945,0.5994705406527654,-0.00046426016535527914,1.0,0.5197915297187625,1.222466718638969,1.222466718638969,0.4944248781799283
2026-03-19,2025-26,True,L376833,1.0,10.5,126.0,0.7955662387783016,0.7897053673860228,0.7444989989751045,1.2820702261708719,1.0,L376837,1.0,13.0,123.5,0.8294094534164739,0.824972166515241,0.7929032187613,1.203803916310432,1.0,0.6598501592617111,0.6514849478411615,0.5903156526519262,0.018387106729119473,1.0,0.5433611592494967,1.2647622716287334,1.1657254487104567,0.4743655666064619
2026-03-20,2025-26,True,L376836,1.0,11.5,125.0,0.8144368213354883,0.8077269130373915,0.7646266835677414,1.2483215934164256,1.0,L376826,-1.0,12.5,161.0,0.8095910583503199,0.8050527640155646,0.7717686061077629,1.2367696644384134,1.0,0.6593607681444684,0.6502627839105116,0.5901148697698773,0.01797804232222222,1.0,0.5438862782008582,1.0971734090259133,1.14998563391933,0.26173365829809714
2026-03-21,2025-26,True,L376904,-1.0,10.5,158.0,0.7892903279651539,0.7841227144689402,0.7333980309852645,1.301476087572395,1.0,L376919,-1.0,14.5,163.0,0.8339790503266047,0.8300330652553699,0.7981557219578077,1.195881923465628,1.0,0.6582515981483533,0.6508477802270156,0.5853658349034784,0.02451050664206811,1.0,0.5564117269505957,1.284106235791297,1.1398714549579805,0.4637160433120411
2026-03-22,2025-26,True,L376925,-1.0,11.0,158.5,0.7834412093397395,0.7793928543730354,0.74331856149878,1.284106235791297,1.0,L376905,-1.0,14.5,161.0,0.8392318475300203,0.8364752855538217,0.8064786374283879,1.1835403390765646,0.0,0.6574888135453429,0.6519428604202929,0.5994705406527654,-0.0007540702889489159,0.0,-1.0,1.2517882538282417,1.1606185267281315,-1.0
2026-03-24,2025-26,True,L376938,1.0,11.5,138.0,0.7847866116671602,0.780703218097939,0.7646266835677414,1.2483215934164256,1.0,L376939,1.0,15.0,136.5,0.8431887601718642,0.840202622935219,0.834734859256086,1.1434768650378977,1.0,0.6617232500911111,0.6559488915798546,0.6382605470913665,-0.055438457478369174,1.0,0.42742686219892745,1.1054717780767023,1.0893095009778122,0.20420091092178727
2026-03-25,2025-26,True,L376936,-1.0,9.5,162.0,0.7700295672455615,0.764255849360173,0.7129387041989628,1.3388247746662156,1.0,L376937,-1.0,15.0,153.5,0.8543638341543432,0.8517173838366527,0.8145623877252797,1.1717948365692474,1.0,0.6578854134841275,0.6509299925989055,0.580733053194074,0.03210902985064301,1.0,0.5688279580248576,1.3799200890579588,1.222466718638969,0.6869063832546769
2026-03-26,2025-26,True,L376929,-1.0,10.5,159.0,0.7769671389615505,0.7716513592782097,0.7232690127618655,1.3197026046438225,1.0,L376932,-1.0,15.0,149.5,0.8453463996306821,0.8428180526886215,0.8145623877252797,1.1717948365692474,1.0,0.6568063735524986,0.6503616959813886,0.5891477340030109,0.0156989705930195,1.0,0.5464206979286181,1.2088476349741366,1.1124094278502061,0.34473350597965413
2026-03-27,2025-26,True,L376931,-1.0,15.0,153.5,0.8397470194049244,0.8372285349850418,0.8145623877252797,1.1717948365692474,1.0,L376930,1.0,11.0,131.5,0.7833298323946692,0.7796253617784245,0.7646266835677414,1.2483215934164256,1.0,0.6577988919643825,0.6527245994789335,0.6228361370854013,-0.03778704338483385,1.0,0.46277679754326284,1.2088476349741366,1.319460538680992,0.5950267516262173
2026-03-28,2025-26,True,L377008,-1.0,11.5,163.0,0.7805399785161748,0.7777136405921602,0.7530241625705186,1.2675556077001895,1.0,L377007,1.0,14.0,124.5,0.8390614837896135,0.8359566889595559,0.818803433566525,1.1657254487104567,1.0,0.6549210325308947,0.6501349199481042,0.6165787698712978,-0.03227438569977226,1.0,0.4776218295517589,1.301476087572395,1.1657254487104567,0.5171637961712598
2026-03-29,2025-26,True,L377042,1.0,11.5,122.0,0.7986626057131021,0.79555213257963,0.7743119054905813,1.2327073795865982,1.0,L377041,-1.0,14.5,161.0,0.821540396316271,0.818981564833468,0.8064786374283879,1.1835403390765646,1.0,0.6561335936205276,0.6515425304466679,0.6244660104846226,-0.042728047425132365,1.0,0.45895891001810596,1.1777596982931804,1.1717948365692474,0.3800927331793036
2026-04-01,2025-26,True,L376417,-1.0,14.5,162.0,0.8412125945159671,0.8379536636979498,0.8064786374283879,1.1835403390765646,1.0,L376420,-1.0,11.0,175.5,0.7814294628364755,0.775899193061079,0.74331856149878,1.284106235791297,0.0,0.65734830586389,0.650167571485814,0.5994705406527654,-0.0009676126730815415,0.0,-1.0,1.1606185267281315,1.222466718638969,-1.0
2026-04-02,2025-26,True,L376418,-1.0,13.5,149.0,0.8204907713196081,0.8179861738799706,0.789594960013651,1.2088476349741366,0.0,L377006,-1.0,13.0,162.5,0.7978208576799504,0.7952021333779085,0.7763124244539596,1.2295307532548811,1.0,0.6546046508926938,0.6504643505429855,0.6129723777448247,-0.027051063648023344,0.0,-1.0,1.2088476349741366,1.195881923465628,-1.0
2026-04-04,2025-26,True,L377132,1.0,13.5,121.0,0.8406545222090324,0.8359960514576902,0.8104369689192709,1.1777596982931804,1.0,L377130,-1.0,11.5,169.0,0.7838801370306936,0.779489540229933,0.7530241625705186,1.2675556077001895,1.0,0.6589723820646886,0.6516501777847943,0.6102786198366233,-0.016236005397837094,1.0,0.49287591009480414,1.1142271328448323,1.3388247746662156,0.49175489005796624
2026-04-05,2025-26,True,L377165,1.0,15.0,122.5,0.8435989579740403,0.8405473573553217,0.826902526277408,1.1543077565587045,1.0,L377131,-1.0,13.0,173.5,0.7803764760910108,0.7773894202328161,0.76716734929052,1.2441874655936884,0.0,0.6583247820578303,0.6534326228126792,0.6343726192058736,-0.05453024671612483,0.0,-1.0,1.0893095009778122,1.195881923465628,-1.0
