date,season,game_a,side_a,thr_a,main_a,odds_a,p_a,pc_a,game_b,side_b,thr_b,main_b,odds_b,p_b,pc_b,combined_odds,joint_model,joint_cons,ev_model,ev_cons,win_a,win_b,push_a,push_b,profit,card_win
2023-10-27,2023-24,N290567,-1,231.5,False,1.6046884082364266,0.6557073938748322,0.641637719079907,N290572,-1,222.5,False,1.5754615864982375,0.6671886330959318,0.6497357653272655,2.528124945475492,0.43748051983024505,0.41689497446922436,0.10600541534242836,0.053962584599014374,True,True,False,False,1.5281249454754922,1
2023-10-28,2023-24,N290579,-1,229.5,False,1.735375025008386,0.5979219901261102,0.5936156223405338,N290578,-1,226.5,False,1.4472886850884374,0.7146730600488312,0.6905722202366061,2.5115886380797012,0.42731873835391426,0.4099344582868371,0.07324888808824359,0.02958672779057725,True,True,False,False,1.5115886380797012,1
2023-10-29,2023-24,N290590,-1,236.5,False,1.735375025008386,0.6342874353871629,0.5978995608846939,N290585,-1,237.5,False,1.4472886850884374,0.7381704147631433,0.7094912986425441,2.5115886380797012,0.4682122192587925,0.4242045359098883,0.1759564901004651,0.06542729261314806,False,True,False,False,-1.0,0
2023-10-30,2023-24,N290591,-1,231.5,False,1.735375025008386,0.6225011876658372,0.616641678624908,N290598,-1,240.5,False,1.4472886850884374,0.745338241996804,0.7109109575224452,2.5115886380797012,0.46397394085577764,0.4383773261994813,0.1653116782184343,0.10102351167437607,False,True,False,False,-1.0,0
2023-10-31,2023-24,N290603,-1,234.5,False,1.7005181067948967,0.6381442763628432,0.6236441099364254,N290602,-1,222.5,False,1.4706931818791737,0.7076069618046881,0.682034064650875,2.500940385325335,0.45155533259016273,0.42534652719551735,0.12931296748375165,0.06376630762115054,True,True,False,False,1.5009403853253351,1
2023-11-01,2023-24,N290613,-1,234.5,False,1.8098401345385495,0.7967148607577963,0.772810248255128,N290605,-1,226.5,False,1.4249071520119512,0.7714404573886895,0.7656524678871561,2.578854151702251,0.6146180765913605,0.5917040737850245,0.585010378528882,0.5259185072596455,True,True,False,False,1.578854151702251,1
2023-11-02,2023-24,N290620,-1,228.5,False,1.6046884082364266,0.7056412336161314,0.6724052569185941,N290619,-1,224.5,False,1.5754615864982375,0.6805882310674551,0.6522565168791273,2.528124945475492,0.48025111895505973,0.4385807108089369,0.2141348339228044,0.10878683560044622,True,False,False,False,-1.0,0
2023-11-03,2023-24,N290428,-1,234.5,False,1.4472886850884374,0.7247112502823407,0.7012078086242337,N290425,1,222.5,False,1.7299922169910489,0.5911204121596652,0.5800643665384778,2.503798160942206,0.42839161296364353,0.4067456633214503,0.07260613270143579,0.01840904379546493,False,True,False,False,-1.0,0
2023-11-04,2023-24,N290628,-1,234.5,False,1.4472886850884374,0.7136126801174585,0.6903573561356997,N290626,1,226.5,False,1.7299922169910489,0.5908182961328335,0.579475614014314,2.503798160942206,0.4216154277657816,0.40004525283603304,0.055639932664825364,0.0016325683445193029,True,True,False,False,1.503798160942206,1
2023-11-05,2023-24,N290632,-1,229.5,False,1.7717934841425527,0.6272250236066295,0.6031667401367145,N290634,1,210.5,False,1.4132507350380155,0.6868733577972654,0.6797505192844386,2.503988443800029,0.43082415805915464,0.4100029048230337,0.07877871309000017,0.02664253560131935,True,True,False,False,1.5039884438000288,1
2023-11-06,2023-24,N290638,1,223.5,False,1.6599103080518642,0.6280789688316673,0.6071539764882915,N290640,1,215.5,False,1.5103804074165088,0.6695834142721476,0.6646057339159571,2.5070960073502375,0.4205512603828375,0.40351801414399274,0.054362385791921986,0.011658402154300918,True,False,False,False,-1.0,0
2023-11-08,2023-24,N290659,1,218.5,False,1.6941519600136918,0.6820557446339178,0.6737424897038651,N290654,1,215.5,False,1.5103804074165088,0.6736349495947436,0.6686342631410339,2.5588139275909567,0.45945658715727455,0.45048731314994944,0.17566391434144224,0.15271321109111957,False,False,False,False,-1.0,0
2023-11-09,2023-24,N290662,-1,233.0,True,1.9090909090909092,0.5117686877533717,0.5030645441454394,N290661,1,242.0,True,1.9090909090909092,0.49446042211765084,0.49122808606300394,3.6446280991735542,0.25304936137312845,0.24711943318672178,,,False,True,False,False,-1.0,0
2023-11-10,2023-24,N290430,1,216.5,False,1.7299922169910489,0.622827360046375,0.6148715573363568,N290434,-1,241.5,False,1.4472886850884374,0.7128299219032591,0.7076410516064116,2.503798160942206,0.4439699784210705,0.4351083554363715,0.11161121548422726,0.0894235001521746,True,False,False,False,-1.0,0
2023-11-11,2023-24,N290666,-1,228.5,False,1.6046884082364266,0.6468964625545408,0.6259576615020637,N290664,1,220.5,False,1.8908131441921936,0.5298549236231659,0.5273336497520188,3.034165934626284,0.3427612757589324,0.33008853823012196,0.03999458661679878,0.0015433981084220783,True,False,False,False,-1.0,0
2023-11-12,2023-24,N290677,1,214.5,False,1.6271987904052876,0.6485979421420363,0.6267741917964567,N290668,1,228.5,False,1.537601693435824,0.656591283290508,0.6436874932135918,2.5019836156838946,0.42586375517062225,0.40344670832843615,0.06550413795051435,0.00941705403934634,True,False,False,False,-1.0,0
2023-11-13,2023-24,N290679,1,218.5,False,1.7299922169910489,0.6459220937155612,0.6411665817646915,N290681,-1,233.5,False,1.4472886850884374,0.7120281381454476,0.6906387434062576,2.503798160942206,0.45991470577530036,0.44281448234405213,0.15153359451047277,0.10871808653161263,False,False,False,False,-1.0,0
2023-11-14,2023-24,N290439,-1,231.5,False,1.7717934841425527,0.6161911688304399,0.6105661951691559,N290440,1,223.5,False,1.4132507350380155,0.7144311727498603,0.7072470659532731,2.503988443800029,0.44022617938563835,0.43182115010363903,0.1023212658398771,0.08127516964794967,True,True,False,False,1.5039884438000288,1
2023-11-15,2023-24,N290687,-1,232.5,False,1.7005181067948967,0.6512969725606027,0.6308695577092677,N290683,-1,237.5,False,1.4706931818791737,0.691400173531797,0.6778240586563273,2.500940385325335,0.4503068398491347,0.42761856408921795,0.1261905615669292,0.06944853644555526,False,True,False,False,-1.0,0
2023-11-16,2023-24,N290691,-1,229.5,False,1.735375025008386,0.6033568862715372,0.586478270300343,N290690,-1,226.5,False,1.4472886850884374,0.7051161678497758,0.6881161873779391,2.5115886380797012,0.4254366954935593,0.4035651913390805,0.06852197062379695,0.013589749291695208,False,False,False,False,-1.0,0
2023-11-17,2023-24,N290450,-1,236.5,False,1.5754615864982375,0.6965310484285187,0.6913804310934104,N290459,-1,226.5,False,1.6046884082364266,0.6849829021626146,0.6782968098442446,2.528124945475492,0.4771118589989354,0.4689611407993988,0.20619839251739402,0.18559235851360478,True,True,False,False,1.5281249454754922,1
2023-11-18,2023-24,N290695,-1,245.5,False,1.735375025008386,0.6013406960761877,0.5933423950780993,N290694,-1,221.5,False,1.4472886850884374,0.7062862696850291,0.6915950506332746,2.5115886380797012,0.4247186770414494,0.4103526637669065,0.06671860363754645,0.030637087922702477,False,True,False,False,-1.0,0
2023-11-19,2023-24,N290699,-1,237.5,False,1.635235156875164,0.6434417411569237,0.6369288921480483,N290698,1,218.5,False,1.537601693435824,0.6545336908444089,0.6476353912071865,2.5143403463770477,0.42115429768279405,0.41249769223746113,0.0589252427139384,0.03715959038007077,False,True,False,False,-1.0,0
2023-11-20,2023-24,N290713,1,226.5,False,1.7675024625740157,0.5957493783074772,0.5896409093373269,N290710,-1,218.5,False,1.4249071520119512,0.7020417827454813,0.6926966432284378,2.518526900120451,0.4182409556164935,0.40844227860813,0.05335109745222244,0.028672865821067317,False,True,False,False,-1.0,0
2023-11-21,2023-24,N290463,1,222.5,False,1.7299922169910489,0.6289495649967103,0.6243937405985838,N290462,-1,229.5,False,1.4472886850884374,0.6997763944355941,0.6940853434204567,2.503798160942206,0.4401240588752333,0.43338254387295155,0.1019818091982283,0.0851024163335512,True,False,False,False,-1.0,0
2023-11-22,2023-24,N290723,1,222.5,False,1.6271987904052876,0.7054210689435857,0.7000934946441159,N290721,1,207.5,False,1.537601693435824,0.7137430087502893,0.7033966190412141,2.5019836156838946,0.5034893561836401,0.4924433971454194,0.2597221198427002,0.23208531130955645,True,False,False,False,-1.0,0
2023-11-24,2023-24,N290470,1,218.5,False,1.8067571100658226,0.7443644564575398,0.7379483652104983,N290471,1,238.5,False,1.4132507350380155,0.7206570997227106,0.7133988917449479,2.5534008138356845,0.5364315303273626,0.5264515459061655,0.36972470610500907,0.34424180576185726,True,True,False,False,1.5534008138356845,1
2023-11-25,2023-24,N290732,1,218.5,False,1.6599103080518642,0.6418538322966517,0.6369229219576045,N290733,1,225.5,False,1.5103804074165088,0.669647540541257,0.6630931000145448,2.5070960073502375,0.42981584018443325,0.4223391947911899,0.07758957682228029,0.05884490900850636,True,False,False,False,-1.0,0
2023-11-26,2023-24,N290736,1,228.5,False,1.6599103080518642,0.6515102464562017,0.6405387743180527,N290741,1,211.5,False,1.5103804074165088,0.6819024470755908,0.6761305236128708,2.5070960073502375,0.4442664313533052,0.4330878168740115,0.11381859624560997,0.08579273651686492,False,False,False,False,-1.0,0
2023-11-27,2023-24,N290746,1,229.0,True,1.9090909090909092,0.5154077693929529,0.51120902036471,N290743,-1,235.0,True,1.9174311926605505,0.5184437668562918,0.5120005577446486,3.6605504587155964,0.26720994543108145,0.261739303550827,,,False,True,False,False,-1.0,0
2023-11-28,2023-24,N290475,1,231.5,False,1.6599103080518642,0.630133413573054,0.6256134413894531,N290479,1,215.5,False,1.5103804074165088,0.6866920657938468,0.6729760023455659,2.5070960073502375,0.4327076154922088,0.4210228327999261,0.08483953515055864,0.055544663115981274,True,True,False,False,1.5070960073502375,1
2023-11-29,2023-24,N290751,1,223.5,False,1.8478337236702582,0.5537561236905254,0.5486550467053105,N290754,-1,234.5,False,1.6046884082364266,0.6258218766221337,0.6149397363396771,2.9651973567220153,0.346552696519003,0.33738978976239686,0.027597139683034788,0.00042731278845575815,False,False,False,False,-1.0,0
2023-11-30,2023-24,N290759,1,220.5,False,1.5661061681612276,0.7101072781181524,0.6967637830596781,N290763,-1,236.5,False,1.6046884082364266,0.6890981439366984,0.6836591484759353,2.5131124141158896,0.48933360734715975,0.47634893461545086,0.2297503632682576,0.19711842103296795,True,True,False,False,1.5131124141158896,1
2023-12-01,2023-24,N290769,1,217.5,False,1.5661061681612276,0.6567812083578323,0.6519263872790411,N290765,1,218.5,False,1.6271987904052876,0.6305425222845612,0.6215756606510454,2.5483660624782094,0.41412847970704947,0.4052215748688192,0.055350963191140634,0.032652909179671896,True,True,False,False,1.5483660624782094,1
2023-12-02,2023-24,N290781,1,215.5,False,1.6271987904052876,0.6631364677899165,0.6457342144967728,N290779,1,216.5,False,1.537601693435824,0.674301972495712,0.6683637043017017,2.5019836156838946,0.4471542282645799,0.4315853115954127,0.11877255280175514,0.07981937838155084,False,True,False,False,-1.0,0
2023-12-04,2023-24,N298641,1,235.0,True,1.9090909090909092,0.5190370524174346,0.5169212717748699,N298642,1,231.5,True,1.9090909090909092,0.5110174632418764,0.5075830414074101,3.6446280991735542,0.26523699785489824,0.2623804712956749,,,False,True,False,False,-1.0,0
2023-12-05,2023-24,N298644,1,223.0,True,1.9090909090909092,0.5120315056669641,0.5059343740512455,N298643,1,222.5,True,1.9090909090909092,0.5114729314934987,0.5082669206224485,3.6446280991735542,0.2618902552205121,0.2571497063360726,,,False,True,False,False,-1.0,0
2023-12-06,2023-24,N298298,1,207.5,False,1.5661061681612276,0.6874165589723449,0.664803944280108,N298299,1,232.5,False,1.6271987904052876,0.6540116878909221,0.6344712935609839,2.5483660624782094,0.4495784640176729,0.42179901849184437,0.14569050012371854,0.07489830391123498,True,False,False,False,-1.0,0
2023-12-07,2023-24,N298646,-1,230.5,True,1.8695652173913042,0.5167621991730585,0.5136845083299252,N298645,-1,254.5,True,1.9174311926605505,0.5064899824181984,0.5030965426663677,3.58476266453929,0.261734877173552,0.25843290016205833,,,True,True,False,False,2.58476266453929,1
2023-12-08,2023-24,N301988,1,213.5,False,1.6599103080518642,0.68160881956184,0.6653365835081029,N298308,1,234.5,False,1.5103804074165088,0.696472601848565,0.6837565764177307,2.5070960073502375,0.4747218680031638,0.45492826450497,0.19017329987257825,0.14054883557118303,True,True,False,False,1.5070960073502375,1
2023-12-11,2023-24,N290793,1,227.5,False,1.6271987904052876,0.6838480635653531,0.6659779305001806,N290789,1,220.5,False,1.537601693435824,0.6912314846857175,0.6823362175739647,2.5019836156838946,0.47269731227773193,0.45442086208522997,0.18268093049669898,0.13695355156219602,True,True,False,False,1.5019836156838946,1
2023-12-12,2023-24,N290799,1,226.5,False,1.6599103080518642,0.6470245937930341,0.6422558815454744,N290797,1,209.5,False,1.537601693435824,0.6725150969099187,0.6593982880399346,2.5522809006121268,0.43513380739782315,0.4235024287746649,0.11058370583209975,0.08089716032442484,False,True,False,False,-1.0,0
2023-12-13,2023-24,N290806,1,223.5,False,1.6271987904052876,0.6515587229574514,0.6387652166714677,N290802,1,218.5,False,1.537601693435824,0.6710767940687837,0.6595358591637759,2.5019836156838946,0.4372459389498373,0.4212885659813519,0.09398217527681352,0.05405708956030586,True,True,False,False,1.5019836156838946,1
2023-12-14,2023-24,N290814,1,234.5,False,1.537601693435824,0.6672342245518579,0.6608910960530687,N290812,1,223.5,False,1.6271987904052876,0.6371065272039212,0.6241926255517147,2.5019836156838946,0.42509927963583555,0.4125233484491155,0.0635914326878868,0.032126658906745265,True,True,False,False,1.5019836156838946,1
2023-12-15,2023-24,N290818,1,251.5,False,1.6271987904052876,0.6371820964010698,0.6311098909067973,N290822,1,205.5,False,1.537601693435824,0.6452120320354142,0.6376926538811022,2.5019836156838946,0.41111755519551946,0.4024541412229684,0.028609387219208804,0.006933667403999477,True,False,False,False,-1.0,0
2023-12-16,2023-24,N290830,1,232.5,False,1.6599103080518642,0.6158859202614649,0.6037173049090556,N290827,1,210.5,False,1.5103804074165088,0.6726402739855655,0.6621911140289547,2.5070960073502375,0.4142696741485239,0.39977623469628565,0.03861384602404838,0.0022774018405691265,True,True,False,False,1.5070960073502375,1
2023-12-17,2023-24,N290836,1,228.5,False,1.8478337236702582,0.5466683813852381,0.5437723861889225,N290837,1,242.5,False,1.8478337236702582,0.5425164891073164,0.5399291699894943,3.414489470333092,0.29657661097509885,0.29359857313819165,0.01265771532154858,0.0024892364851756277,True,False,False,False,-1.0,0
2023-12-18,2023-24,N290840,1,235.5,False,1.7299922169910489,0.6343411475922859,0.6244725010828717,N290843,-1,228.5,False,1.4472886850884374,0.716890077114751,0.7116996315153974,2.503798160942206,0.45475287421449345,0.4444368489121784,0.13860941014143102,0.11278016496126142,True,True,False,False,1.503798160942206,1
2023-12-19,2023-24,N290850,-1,235.5,False,1.735375025008386,0.5954966390739861,0.5807988150882689,N290851,1,246.5,False,1.8478337236702582,0.5477692271925209,0.5390113674108412,3.2066844944256134,0.32619473378130087,0.3130571635113241,0.04600359497978812,0.0038755521006270666,True,True,False,False,2.2066844944256134,1
2023-12-20,2023-24,N290863,1,227.5,False,1.6271987904052876,0.6610570413511053,0.6501422396768637,N290858,1,226.5,False,1.5661061681612276,0.6702457817917786,0.6639559641067504,2.5483660624782094,0.4430706934893317,0.431665817551174,0.12910631856689792,0.10004251977932244,True,False,False,False,-1.0,0
2023-12-21,2023-24,N290868,1,233.5,False,1.6271987904052876,0.630132497607814,0.6210146148227815,N290867,-1,252.5,False,1.5475000844079272,0.6619168666574177,0.6523715221806579,2.5180902655006596,0.41709532839557695,0.4051322495683729,0.05028368621870305,0.020159573878503423,False,True,False,False,-1.0,0
2023-12-22,2023-24,N290875,1,221.5,False,1.6271987904052876,0.696832626685226,0.6917135289213004,N290872,1,220.5,False,1.5661061681612276,0.6793136072056183,0.6738727752648758,2.5483660624782094,0.4733678852521069,0.46612691542245765,0.20631465384354852,0.18786201207024167,False,True,False,False,-1.0,0
2023-12-23,2023-24,N290878,-1,247.5,False,1.6046884082364266,0.6547719673523623,0.6440911093894927,N290879,1,224.5,False,1.5661061681612276,0.6692691941967701,0.6562527164828936,2.5131124141158896,0.4382187069725494,0.42268654019933516,0.10129287259052733,0.06225879145464419,True,True,False,False,1.5131124141158896,1
2023-12-25,2023-24,N290891,-1,244.5,False,1.8098401345385495,0.8477509078792622,0.8294771673141903,N290895,-1,243.5,False,1.4035057269443514,0.7732513415237783,0.767790676529299,2.5401209936785896,0.6555245267956404,0.6368648354577687,0.6651116123848295,0.6177137386819389,False,True,False,False,-1.0,0
2023-12-26,2023-24,N290898,1,228.5,False,1.5661061681612276,0.6657014131116978,0.6598980808496439,N290897,1,232.5,False,1.6271987904052876,0.6274017974489703,0.6158880568238466,2.5483660624782094,0.41766226315059873,0.4064233467162728,0.0643563369908291,0.035715463770564115,True,True,False,False,1.5483660624782094,1
2023-12-27,2023-24,N290910,-1,238.5,False,1.6046884082364266,0.6658003136270509,0.6603728999800306,N290907,1,234.5,False,1.5661061681612276,0.6577185867807244,0.6491121133137255,2.5131124141158896,0.43790924135694703,0.42865604868115115,0.1005151507102151,0.07726083732646627,True,True,False,False,1.5131124141158896,1
2023-12-28,2023-24,N290911,1,226.5,False,1.6271987904052876,0.6503384369940506,0.6289439388178709,N290913,1,221.5,False,1.537601693435824,0.6671921265214397,0.6552011455241792,2.5019836156838946,0.4339006847366899,0.4120847891839583,0.08561240404522108,0.031029390810815682,True,True,False,False,1.5019836156838946,1
2023-12-29,2023-24,N290927,-1,237.5,False,1.6671586711550168,0.7053097287022871,0.6919756202630987,N290919,1,218.5,False,1.5103804074165088,0.7132572377534537,0.6985937783938208,2.5180437929670796,0.5030672688548312,0.4834098631160058,0.26674541378480865,0.21724720527832408,False,True,False,False,-1.0,0
2023-12-30,2023-24,N290931,1,241.5,False,1.6271987904052876,0.6360120268349171,0.6312816159016857,N290930,1,224.5,False,1.5661061681612276,0.6429745273404457,0.6371965939779914,2.5483660624782094,0.4089395323370197,0.4022504954934768,0.04212762581337137,0.0250815113306202,True,True,False,False,1.5483660624782094,1
2023-12-31,2023-24,N290938,1,232.5,False,1.6941519600136918,0.659319000061109,0.6420090508822663,N290939,-1,243.5,False,1.495165275088534,0.6765066557065388,0.6651843185149926,2.5330371813356507,0.4460336917751201,0.42705435299157757,0.1298199253947847,0.08174455457890573,True,True,False,False,1.5330371813356507,1
2024-01-01,2023-24,N290946,1,224.5,False,1.6271987904052876,0.6308678263198644,0.6194643977084534,N290941,1,216.5,False,1.537601693435824,0.670612919318983,0.6554082319720304,2.5019836156838946,0.42306811471278544,0.4060020656717161,0.05850949132966354,0.0158105162444504,False,True,False,False,-1.0,0
2024-01-02,2023-24,N290950,1,226.5,False,1.6941519600136918,0.6422256275711349,0.6294378581428562,N290953,1,224.5,False,1.5103804074165088,0.6742750446317738,0.6661074739806184,2.5588139275909567,0.4330367136941959,0.4192732617153088,0.10806037415892589,0.07284226154362061,False,True,False,False,-1.0,0
2024-01-03,2023-24,N290959,1,214.5,False,1.6271987904052876,0.7064825705516926,0.6892207549121102,N290960,1,222.5,False,1.537601693435824,0.7092897975082416,0.703636234604205,2.5019836156838946,0.501100879409712,0.4849606967974249,0.2537461900878908,0.21336371763780204,False,True,False,False,-1.0,0
2024-01-04,2023-24,N290968,1,231.5,True,1.9090909090909092,0.5317173040112848,0.5237226002814658,N290967,1,249.0,True,1.9090909090909092,0.5049045048627958,0.5022410813505437,3.6446280991735542,0.26846646210879843,0.2630350050930819,,,True,False,False,False,-1.0,0
2024-01-05,2023-24,N290969,1,229.5,False,1.7675024625740157,0.7442400670186434,0.7247684929284435,N290978,1,215.5,False,1.4358719129670325,0.7363834760337461,0.7189680912483993,2.5379071421100927,0.5480460875547768,0.521085419957742,0.3908900798107613,0.3224664089601905,False,True,False,False,-1.0,0
2024-01-06,2023-24,N290984,1,238.0,True,1.9090909090909092,0.5095403327208846,0.5046744452856166,N290985,1,237.0,True,1.9090909090909092,0.5053657432672555,0.5024941417387491,3.6446280991735542,0.25750422897013453,0.2535959522412752,,,False,False,False,False,-1.0,0
2024-01-07,2023-24,N290994,1,230.5,False,1.6271987904052876,0.6816813536815154,0.6711828951427078,N290993,-1,236.5,False,1.5475000844079272,0.6721347555457657,0.6658247091302099,2.5180902655006596,0.45818173001683205,0.44689015593156556,0.1537429541856361,0.12530975139934708,True,True,False,False,1.5180902655006596,1
2024-01-08,2023-24,N291000,1,241.5,False,1.6271987904052876,0.6295387524219895,0.6168060468524689,N291001,1,220.5,False,1.537601693435824,0.6602543003069048,0.6518395103656928,2.5019836156838946,0.41565566849646246,0.40205855157091186,0.03996367234428555,0.005943908576019785,True,True,False,False,1.5019836156838946,1
2024-01-09,2023-24,N291004,1,222.5,False,1.6271987904052876,0.6519343710514037,0.6320426941692624,N291002,-1,250.5,False,1.5475000844079272,0.6510022116293926,0.6422341099139172,2.5180902655006596,0.4244107173916809,0.4059193771173904,0.0687044960381431,0.02214163209739195,False,True,False,False,-1.0,0
2024-01-10,2023-24,N291012,1,225.5,False,1.6941519600136918,0.6995520139788937,0.6858595419015538,N291013,1,208.5,False,1.5103804074165088,0.6932356552692935,0.6825343862490819,2.5588139275909567,0.48495439880561236,0.4681227214848535,0.24090806991030012,0.19783893955722576,True,True,False,False,1.5588139275909567,1
2024-01-11,2023-24,N291020,1,225.5,False,1.6271987904052876,0.6750253779338845,0.6668470162285814,N291017,1,219.5,False,1.5661061681612276,0.6563005830095011,0.6514291612798971,2.5483660624782094,0.44301954908421726,0.4344035924837868,0.1289759839006186,0.10701937250429627,True,False,False,False,-1.0,0
2024-01-12,2023-24,N291029,1,223.5,False,1.6271987904052876,0.6547896122579275,0.6460339141243134,N291022,-1,246.5,False,1.5475000844079272,0.6735163271602082,0.6685007850953582,2.5180902655006596,0.4410114947106162,0.43187417879033074,0.11050675180469804,0.08749816553302314,True,True,False,False,1.5180902655006596,1
2024-01-13,2023-24,N291032,1,225.5,False,1.7299922169910489,0.6337777009711009,0.6121321736390741,N291037,-1,240.5,False,1.4472886850884374,0.7264728852921192,0.7189158819483691,2.503798160942206,0.4604223150582816,0.4400715414807072,0.15280454569967827,0.10185031624239604,True,True,False,False,1.503798160942206,1
2024-01-14,2023-24,N291043,1,220.5,False,1.7675024625740157,0.5947127260890338,0.5900069693083562,N291042,-1,256.5,False,1.4249071520119512,0.6893184534473061,0.6809473012145472,2.518526900120451,0.4099464565931242,0.4017636534482993,0.032461178538844226,0.01185256870021223,False,False,False,False,-1.0,0
2024-01-15,2023-24,N291053,1,234.5,False,1.537601693435824,0.6868321991825811,0.6678490164955878,N291055,1,232.5,False,1.6271987904052876,0.6562581896120396,0.6362261520933414,2.5019836156838946,0.45073925560281647,0.42490300994431035,0.127742232463802,0.06310036913543549,False,False,False,False,-1.0,0
2024-01-16,2023-24,N291056,1,222.5,False,1.6271987904052876,0.6443858524391767,0.6361492474115301,N291057,-1,248.5,False,1.5475000844079272,0.6390713777536177,0.6264914906233134,2.5180902655006596,0.411808554523244,0.3985420902697485,0.03697111239487838,0.00356495790053879,True,True,False,False,1.5180902655006596,1
2024-01-17,2023-24,N291060,1,229.5,False,1.6271987904052876,0.6535560317449238,0.648488761775223,N291063,1,212.5,False,1.5661061681612276,0.6912489405335619,0.6701318376323182,2.5483660624782094,0.45176991452299753,0.43457296561233677,0.15127511821908857,0.10745099723698903,False,False,False,False,-1.0,0
2024-01-18,2023-24,N291070,1,219.5,False,1.7299922169910489,0.6081949058265331,0.600641221751729,N291069,-1,246.5,False,1.4472886850884374,0.6991948260051645,0.6939805918893918,2.503798160942206,0.42524673135661023,0.41683335058443227,0.06473198391736479,0.04366657661267914,True,True,False,False,1.503798160942206,1
2024-01-19,2023-24,N291077,1,222.5,False,1.6271987904052876,0.6769439603044566,0.6710269485194251,N291081,1,221.5,False,1.537601693435824,0.7026848068789651,0.6877574235643031,2.5019836156838946,0.4756782360144189,0.4615037652559361,0.19013915284549276,0.15467485924677837,False,True,False,False,-1.0,0
2024-01-20,2023-24,N291082,1,234.5,False,1.6271987904052876,0.6721869746491914,0.6489849325336212,N291087,1,208.5,False,1.5661061681612276,0.6738024375833596,0.6580152918033633,2.5483660624782094,0.4529212220304091,0.4270420097570968,0.1542090711984525,0.08825936491747388,True,True,False,False,1.5483660624782094,1
2024-01-21,2023-24,N291095,1,221.5,False,1.6271987904052876,0.6663655419155637,0.6456306545521796,N291090,1,220.5,False,1.537601693435824,0.6771080058813007,0.6643040761209357,2.5019836156838946,0.45120144327445966,0.42889507548764066,0.12889861844562422,0.07308845171758427,True,True,False,False,1.5019836156838946,1
2024-01-22,2023-24,N291103,1,231.5,False,1.537601693435824,0.6820588326352724,0.6742895461696291,N291100,1,217.5,False,1.6271987904052876,0.6472266766348521,0.6364704382608298,2.5019836156838946,0.4414466715159742,0.4291653629652799,0.10449233933115765,0.07376470655816214,False,True,False,False,-1.0,0
2024-01-23,2023-24,N291107,1,231.5,False,1.6599103080518642,0.6373856636727148,0.6245786929423758,N291108,1,224.5,False,1.5103804074165088,0.6890777460291895,0.6715677360793352,2.5070960073502375,0.43920827647491334,0.41944689882270153,0.10113731634543432,0.051593645333833926,False,True,False,False,-1.0,0
2024-01-24,2023-24,N291116,1,231.5,False,1.7675024625740157,0.5960435110146451,0.5809921830633294,N291115,-1,248.5,False,1.4249071520119512,0.6917281208751777,0.6862858936945162,2.518526900120451,0.41230005783400375,0.39872673958314503,0.038388786576156075,0.004204019437472617,True,True,False,False,1.518526900120451,1
2024-01-25,2023-24,N291119,1,212.5,False,1.5959517366595528,0.6623161511947134,0.6532626126065237,N291123,1,219.5,False,1.5959517366595528,0.6571228517570807,0.6357616363530367,2.5470619457466426,0.43522307803784394,0.41531930755898344,0.10854013998091361,0.05784400361733266,False,True,False,False,-1.0,0
2024-01-26,2023-24,N291131,1,226.5,False,1.6271987904052876,0.6746529831597907,0.6675053886908107,N291124,1,235.5,False,1.5661061681612276,0.6648962706723578,0.6585499645033122,2.5483660624782094,0.44857425250092586,0.43958565002810296,0.14313140157489057,0.12022515208404094,False,True,False,False,-1.0,0
2024-01-27,2023-24,N291138,1,233.5,False,1.6599103080518642,0.6741729865681192,0.6683365321226342,N291140,1,229.5,False,1.5103804074165088,0.716826490579561,0.6964478332931232,2.5070960073502375,0.48326505600516645,0.4654615297074484,0.21159189240244158,0.16695674270467786,True,True,False,False,1.5070960073502375,1
2024-01-28,2023-24,N291142,1,230.5,False,1.7675024625740157,0.6085565069217969,0.6043177730538788,N291143,-1,245.5,False,1.4249071520119512,0.7180878432663523,0.7091422172779699,2.518526900120451,0.43699702956117814,0.4285472455239126,0.10058877422255907,0.07930776582449761,False,False,False,False,-1.0,0
2024-01-29,2023-24,N291152,1,221.5,False,1.6271987904052876,0.7025026011325561,0.6716968985659736,N291154,1,218.5,False,1.537601693435824,0.6836740117804732,0.6775724381613003,2.5019836156838946,0.4802827716025122,0.45512330526673034,0.2016596254447356,0.1387110528932589,True,False,False,False,-1.0,0
2024-01-30,2023-24,N291161,1,225.5,False,1.6599103080518642,0.6817390758514508,0.6764180461085384,N291162,1,217.5,False,1.5103804074165088,0.7030475714942348,0.6886149549679863,2.5070960073502375,0.4792950016700864,0.46579158236056445,0.20163858502999887,0.1677842163935206,False,True,False,False,-1.0,0
2024-01-31,2023-24,N291166,1,232.5,False,1.6271987904052876,0.663766916015143,0.6529774653886363,N291172,-1,236.5,False,1.5475000844079272,0.6903142155154757,0.6824683791399915,2.5180902655006596,0.4582077379141201,0.4456364724187225,0.15380844441862318,0.12215286314963825,True,True,False,False,1.5180902655006596,1
2024-02-01,2023-24,N291174,1,237.5,False,1.7675024625740157,0.5906385979943877,0.572322805656465,N291175,-1,249.5,False,1.4249071520119512,0.7151939201793555,0.7028714630831114,2.518526900120451,0.42242113430884454,0.4022693677675908,0.06387898993621866,0.013126223817124139,False,True,False,False,-1.0,0
2024-02-02,2023-24,N291185,1,226.5,False,1.6599103080518642,0.6508414979764066,0.6442740615629801,N291183,1,217.5,False,1.5103804074165088,0.6906375156003893,0.6754855065205486,2.5070960073502375,0.44949555521206125,0.4351977908129207,0.12692851179383702,0.09108264375471742,True,True,False,False,1.5070960073502375,1
2024-02-03,2023-24,N291189,1,243.5,False,1.5959517366595528,0.6367213103105956,0.6310422525835702,N291192,-1,257.5,False,1.5754615864982375,0.6396034786447932,0.634887148429923,2.5143606550122763,0.40724916500192776,0.40064061628157804,0.023971277267449853,0.007355002378270692,True,True,False,False,1.5143606550122763,1
2024-02-04,2023-24,N291198,1,218.5,False,1.537601693435824,0.6963338952296309,0.6910317643348111,N291199,1,212.5,False,1.6271987904052876,0.6569805868811328,0.6343732611191881,2.5019836156838946,0.4574778511531881,0.43837207387802035,0.14460208812355213,0.09679974641617672,False,False,False,False,-1.0,0
2024-02-05,2023-24,N291204,1,225.5,False,1.6271987904052876,0.6390631013068211,0.6342364235790591,N291208,1,228.5,False,1.537601693435824,0.655604800305043,0.6457116377500612,2.5019836156838946,0.41897283691457987,0.4095338397899758,0.048263173376879465,0.024646957222632437,True,True,False,False,1.5019836156838946,1
2024-02-06,2023-24,N291213,1,208.5,False,1.537601693435824,0.6932351439142761,0.6805250930053959,N291212,1,210.5,False,1.6271987904052876,0.6528373222639232,0.6440487484993003,2.5019836156838946,0.45256977505224144,0.43829133447249513,0.13232216213445414,0.09659773774641267,True,True,False,False,1.5019836156838946,1
2024-02-07,2023-24,N291217,1,230.5,False,1.6271987904052876,0.6596802432535498,0.6540240131117493,N291216,1,219.5,False,1.5661061681612276,0.6609648583466781,0.6515179255115342,2.5483660624782094,0.4360254585361847,0.42610836825729537,0.11115248091011276,0.08588010460485873,True,True,False,False,1.5483660624782094,1
2024-02-08,2023-24,N291227,1,207.5,False,1.6271987904052876,0.6595169855185502,0.6396969368879873,N291226,-1,239.5,False,1.5475000844079272,0.6780816615721353,0.6709651005795036,2.5180902655006596,0.4472063733754644,0.42921431959944883,0.1261060154666105,0.08080039999686095,True,True,False,False,1.5180902655006596,1
2024-02-09,2023-24,N291235,-1,242.5,False,1.7717934841425527,0.6919373115286336,0.6851058855334442,N291234,1,222.5,False,1.4358719129670325,0.7248371790161202,0.707823285006108,2.544068499458291,0.5015418889444131,0.4849338984753011,0.27595692082228984,0.23370505543051845,True,False,False,False,-1.0,0
2024-02-10,2023-24,N291244,1,231.5,False,1.7299922169910489,0.6455587356104485,0.6241216764506955,N291238,-1,248.5,False,1.4472886850884374,0.7032743842029885,0.6935067941003296,2.503798160942206,0.454004922253298,0.432832622963845,0.13673668939651673,0.08372552537266609,True,False,False,False,-1.0,0
2024-02-11,2023-24,N291249,-1,229.5,False,1.735375025008386,0.6212740426140635,0.6065990345159029,N291250,-1,246.5,False,1.4472886850884374,0.7143815522309944,0.6990178978843904,2.5115886380797012,0.44382671492345965,0.4240235819660072,0.11471013447799971,0.06497281074368066,True,True,False,False,1.5115886380797012,1
2024-02-12,2023-24,N291251,1,227.5,False,1.8067571100658226,0.7348284125543589,0.7295409146722865,N291255,1,211.5,False,1.4132507350380155,0.743804620989389,0.7270039648645907,2.5534008138356845,0.5465687688922294,0.5303791374976924,0.3956091393065868,0.3542705213280761,False,False,False,False,-1.0,0
2024-02-13,2023-24,N291266,1,231.5,False,1.6271987904052876,0.6605923893082704,0.637583692264086,N291265,1,209.5,False,1.5661061681612276,0.6580358827796227,0.6483654799256153,2.5483660624782094,0.43469349605596785,0.41338725662754994,0.10775815292903368,0.05346205545061866,True,True,False,False,1.5483660624782094,1
2024-02-14,2023-24,N291279,1,224.5,False,1.6941519600136918,0.7561420776872338,0.7453577821567012,N291267,1,230.5,False,1.4843867943554194,0.7265005445969184,0.7201663301432424,2.5147767970756747,0.5493376312324207,0.5367815786194978,0.381461528783805,0.34988585900996516,True,False,False,False,-1.0,0
2024-02-15,2023-24,N291281,1,210.5,False,1.6271987904052876,0.6418371625184748,0.6334140366074826,N291280,1,219.5,False,1.537601693435824,0.6371266861776119,0.6323157195549454,2.5019836156838946,0.40893158442103716,0.4005176523336629,0.023140124157090325,0.0020886039310030746,True,True,False,False,1.5019836156838946,1
2024-02-22,2023-24,N291282,1,211.5,False,1.6271987904052876,0.671616216141385,0.6387591572353145,N291287,1,220.5,False,1.537601693435824,0.7053671827048548,0.671179227821555,2.5019836156838946,0.47373603823854354,0.42872187791714567,0.185279805831835,0.07265511423392934,True,True,False,False,1.5019836156838946,1
2024-02-23,2023-24,N291298,1,219.5,False,1.6271987904052876,0.6663424989961809,0.638203155315423,N291302,1,212.5,False,1.537601693435824,0.6621439327144293,0.6548340063192611,2.5019836156838946,0.4412146428200919,0.41791712904079215,0.10391180733569172,0.0456218095737142,False,True,False,False,-1.0,0
2024-02-24,2023-24,N291304,1,225.5,True,1.8695652173913042,0.5197319938690064,0.5174572517805971,N291305,1,216.5,True,1.9090909090909092,0.5139109459090493,0.5068767992149865,3.569169960474308,0.2670959605884173,0.26228707551313246,,,False,False,False,False,-1.0,0
2024-02-25,2023-24,N291316,-1,227.5,False,1.6046884082364266,0.6957193852817133,0.6903166590291064,N291311,1,221.5,False,1.5661061681612276,0.712955536346228,0.7000559609969554,2.5131124141158896,0.49601698747999196,0.4832602921288287,0.24654644884833332,0.21448743939823078,True,False,False,False,-1.0,0
2024-02-26,2023-24,N291318,1,222.5,False,1.8908131441921936,0.5479020343216111,0.5375276740742603,N291319,-1,254.5,False,1.4472886850884374,0.6862846183792021,0.6810720649251097,2.736552469205854,0.37601673853359535,0.36609508293614784,0.028989534296842256,0.0018384031730371841,True,True,False,False,1.7365524692058538,1
2024-02-27,2023-24,N291329,1,222.5,False,1.6271987904052876,0.6577286029849838,0.6313762527727734,N291325,1,232.5,False,1.5661061681612276,0.6739602824240958,0.6526984070422521,2.5483660624782094,0.44328295502616566,0.4120982744290955,0.12964723866373506,0.05017725696093889,False,False,False,False,-1.0,0
2024-02-28,2023-24,N291333,-1,249.5,False,1.4472886850884374,0.7376342664830057,0.7313045734040533,N291335,-1,222.5,False,1.735375025008386,0.6297373000738785,0.6185051247208216,2.5115886380797012,0.46451581141698384,0.45231562638218126,0.16667263416326983,0.13603078804738944,True,True,False,False,1.5115886380797012,1
2024-02-29,2023-24,N291345,-1,225.5,False,1.6046884082364266,0.6982771153210932,0.6901886305898195,N291341,1,220.5,False,1.5661061681612276,0.6742698256599785,0.660957682028932,2.5131124141158896,0.4708271888099062,0.4561854774373699,0.18324165310146112,0.1464453864872386,True,True,False,False,1.5131124141158896,1
2024-03-01,2023-24,N291348,1,208.5,False,1.6941519600136918,0.6786029651938905,0.6722439898011372,N291351,1,201.5,False,1.4843867943554194,0.6990109787138228,0.6922689641045502,2.5147767970756747,0.4743509228582836,0.46537365044514306,0.19288669447544482,0.17031085810985158,True,True,False,False,1.5147767970756747,1
2024-03-02,2023-24,N291360,1,224.5,False,1.6271987904052876,0.6409473185345878,0.631139118297642,N291358,1,201.5,False,1.5661061681612276,0.6614042904603549,0.6548918191116986,2.5483660624782094,0.42392530643783605,0.4133278452944963,0.08031686395185655,0.05331065362573795,True,True,False,False,1.5483660624782094,1
2024-03-03,2023-24,N291362,1,227.5,False,1.6941519600136918,0.6033170997823928,0.592493983528115,N291365,-1,232.5,False,1.520751443642121,0.6609245399028254,0.6552056272003219,2.576384038939951,0.39874707658918496,0.3882053920899558,0.02732560369834225,0.00016617601098745105,True,True,False,False,1.5763840389399508,1
2024-03-04,2023-24,N291372,1,237.5,False,1.6271987904052876,0.6639026621972567,0.6565901878392753,N291371,1,206.5,False,1.537601693435824,0.6654344938268467,0.6535960961768841,2.5019836156838946,0.4417837319695275,0.42914478355979735,0.10533565906344311,0.07371321722282409,True,True,False,False,1.5019836156838946,1
2024-03-05,2023-24,N291381,1,223.5,False,1.6271987904052876,0.6429373662195436,0.6269286372338458,N291379,1,211.5,False,1.537601693435824,0.6694889393676952,0.6538818966558477,2.5019836156838946,0.43043945539018164,0.409937286382333,0.07695246493013319,0.02565637398651366,False,True,False,False,-1.0,0
2024-03-06,2023-24,N291391,1,231.5,False,1.6271987904052876,0.6766471953992276,0.6674827842579489,N291388,1,220.5,False,1.5661061681612276,0.6902807140585323,0.679219584493189,2.5483660624782094,0.46707650920588206,0.45336737938004096,0.19028192464106075,0.1553460434467795,True,True,False,False,1.5483660624782094,1
2024-03-07,2023-24,N291393,1,224.5,False,1.6271987904052876,0.6372912161226169,0.6325933419832791,N291392,1,211.5,False,1.5661061681612276,0.6484387197205075,0.6436228632232943,2.5483660624782094,0.4132443002716749,0.4071515380232707,0.05309775032489106,0.037571161784309526,False,True,False,False,-1.0,0
2024-03-08,2023-24,N291403,1,209.5,False,1.5959517366595528,0.6491103767497284,0.634236180167011,N291400,-1,232.5,False,1.5754615864982375,0.6532689416821517,0.6423637871879476,2.5143606550122763,0.4240436488541978,0.4074103546636987,0.0661986666868366,0.02437656621100115,False,True,False,False,-1.0,0
2024-03-09,2023-24,N291408,-1,219.5,False,1.6671586711550168,0.6759692513417532,0.6617779157502179,N291407,1,214.5,False,1.5103804074165088,0.6773097934422064,0.6655074731249125,2.5180437929670796,0.4578405939995658,0.4404181484807988,0.15286266588896735,0.10899218509212916,True,False,False,False,-1.0,0
2024-03-10,2023-24,N291419,1,224.5,False,1.6941519600136918,0.6790079969459789,0.666343912422609,N291418,-1,236.5,False,1.495165275088534,0.7044949686032816,0.6948432718671943,2.5330371813356507,0.4783577174898346,0.46300458429651287,0.2116978843806061,0.17280782715192378,False,True,False,False,-1.0,0
2024-03-11,2023-24,N291428,1,213.5,False,1.6599103080518642,0.6368295521456742,0.6169111632900336,N291424,1,216.5,False,1.5103804074165088,0.6858673070141229,0.6739486772046047,2.5070960073502375,0.43678056995716347,0.41576646245207205,0.09505082302776557,0.042366438003722307,True,True,False,False,1.5070960073502375,1
2024-03-12,2023-24,N291429,-1,216.5,False,1.7717934841425527,0.6162644192121085,0.6082088405906462,N291430,1,209.5,False,1.4132507350380155,0.7060477470266865,0.7008252229779292,2.503988443800029,0.4351121047574187,0.4262480963240874,0.08951568207008398,0.06732030738727657,True,False,False,False,-1.0,0
2024-03-13,2023-24,N291441,1,210.5,False,1.6271987904052876,0.6669212231810722,0.6619325423955145,N291443,1,213.5,False,1.5661061681612276,0.6664568698896005,0.6497417250082651,2.5483660624782094,0.444474230864201,0.43008519193516814,0.13268304558043464,0.09601450710200954,True,False,False,False,-1.0,0
2024-03-14,2023-24,N291446,1,211.5,False,1.6271987904052876,0.6658846781895157,0.6605554561586618,N291450,-1,218.5,False,1.5475000844079272,0.6596657829885992,0.6545956246305679,2.5180902655006596,0.4392613376179983,0.43239671142730896,0.1060996982666802,0.08881394987960456,True,True,False,False,1.5180902655006596,1
2024-03-15,2023-24,N291454,-1,225.5,False,1.735375025008386,0.6871130000302473,0.6819234038079206,N291453,-1,230.5,False,1.4472886850884374,0.7460164281907429,0.7361274828388542,2.5115886380797012,0.5125975860459909,0.5019825587340281,0.28743427302019287,0.26077369103056136,True,True,False,False,1.5115886380797012,1
2024-03-16,2023-24,N291461,1,221.5,False,1.6599103080518642,0.6507171554081201,0.6350076034427671,N291463,1,230.5,False,1.5103804074165088,0.6684797590634668,0.6631460770215928,2.5070960073502375,0.4349912472656846,0.42110280110195425,0.0905648192520978,0.05574515132671065,True,True,False,False,1.5070960073502375,1
2024-03-17,2023-24,N291466,-1,239.5,False,1.4472886850884374,0.7426580816075358,0.7351332869640563,N291472,1,221.5,False,1.7299922169910489,0.6311580924254324,0.6244229848915317,2.503798160942206,0.46873465811174336,0.459034121339219,0.17361697495005668,0.14932878881885792,False,False,False,False,-1.0,0
2024-03-18,2023-24,N291475,-1,222.5,False,1.4472886850884374,0.7327492139273099,0.7222657880554126,N291476,1,210.5,False,1.7299922169910489,0.6030950233418022,0.5862135329204292,2.503798160942206,0.4419174042771781,0.42340197932352136,0.1064719841175521,0.06011309716952273,True,True,False,False,1.503798160942206,1
2024-03-19,2023-24,N291484,-1,238.5,False,1.735375025008386,0.6127971048104638,0.6072178701335379,N291483,-1,224.5,False,1.4472886850884374,0.6791156827937906,0.6740203793533811,2.5115886380797012,0.4161601242474162,0.4092772191775593,0.04522303968164709,0.027936013511213442,True,True,False,False,1.5115886380797012,1
2024-03-20,2023-24,N291490,1,229.5,False,1.6941519600136918,0.62800351878593,0.6159695568393649,N291486,1,195.5,False,1.5103804074165088,0.684722726576012,0.6794820870557706,2.5588139275909567,0.4300082816824317,0.4185402800440298,0.10031118014846174,0.07096669783448295,False,True,False,False,-1.0,0
2024-03-21,2023-24,N291496,1,210.5,False,1.7675024625740157,0.6121557433317817,0.5945759916707284,N291494,-1,218.5,False,1.4249071520119512,0.6968864919317124,0.6903351388934258,2.518526900120451,0.42660306848633506,0.41045669979270866,0.07441130365676196,0.03374623976260116,True,False,False,False,-1.0,0
2024-03-22,2023-24,N291508,-1,230.5,False,1.635235156875164,0.647343669995012,0.6372987755607864,N291505,-1,226.5,False,1.5475000844079272,0.6590656118287155,0.6528606089694786,2.5305265432911264,0.4266419519287087,0.4160672667081181,0.07962878383713412,0.05286926219948129,True,True,False,False,1.5305265432911264,1
2024-03-23,2023-24,N291516,-1,218.5,False,1.735375025008386,0.6220229003757606,0.6008478375144883,N291510,-1,224.5,False,1.4472886850884374,0.6962102390131805,0.6910942536719993,2.5115886380797012,0.43305871214228003,0.41524248783751,0.0876653410379784,0.04291831450063843,False,True,False,False,-1.0,0
2024-03-24,2023-24,N291521,-1,221.5,False,1.735375025008386,0.5874554624236631,0.5826815347238905,N291520,-1,239.5,False,1.4472886850884374,0.6989524541360576,0.6891540184536358,2.5115886380797012,0.4106034371566519,0.40155732113370085,0.0312669275191193,0.008546805297124926,False,True,False,False,-1.0,0
2024-03-25,2023-24,N291533,-1,242.5,False,1.5475000844079272,0.6922701671233774,0.6870095599201564,N291528,1,211.5,False,1.6271987904052876,0.6782788271861674,0.6493831867268538,2.5180902655006596,0.4695521970524165,0.44613245733276463,0.1823748165421375,0.1234017979335229,False,False,False,False,-1.0,0
2024-03-26,2023-24,N291537,-1,241.5,False,1.6046884082364266,0.6558550054000103,0.6292384545783342,N291536,-1,231.5,False,1.5754615864982375,0.6559371169360713,0.6376522263000682,2.528124945475492,0.4301996413701742,0.40123530143548913,0.08759844488254798,0.014372974564438534,True,True,False,False,1.5281249454754922,1
2024-03-27,2023-24,N291546,1,207.5,False,1.6599103080518642,0.6895288497332536,0.6663532788729984,N291545,1,210.5,False,1.5103804074165088,0.6936213420030471,0.6752637074657968,2.5070960073502375,0.47827192610179675,0.44996418557377094,0.1990736363575225,0.12810341310260243,False,True,False,False,-1.0,0
2024-03-28,2023-24,N291551,-1,227.5,False,1.7717934841425527,0.6243125918567815,0.6062761026079863,N291550,1,217.5,False,1.4132507350380155,0.6834211378009608,0.6782744330331867,2.503988443800029,0.42666842187022846,0.411221579758002,0.06837279769744753,0.029694083555228845,True,True,False,False,1.5039884438000288,1
2024-03-30,2023-24,N291564,-1,229.5,False,1.6046884082364266,0.6756744563843226,0.6603856208460847,N291566,-1,231.5,False,1.5754615864982375,0.6238663151500812,0.6193974147442298,2.528124945475492,0.42153053334552154,0.409041146286328,0.0656818566304016,0.03410712565235596,True,False,False,False,-1.0,0
2024-03-31,2023-24,N291571,1,210.5,False,1.6271987904052876,0.6569108717946538,0.6479293922726038,N291568,1,216.5,False,1.537601693435824,0.6886838281697923,0.677937485244404,2.5019836156838946,0.45240389395389785,0.439255622813224,0.13190713034424673,0.09901037137571134,True,True,False,False,1.5019836156838946,1
2024-04-01,2023-24,N291580,1,204.5,False,1.6941519600136918,0.6322281067373815,0.6059304791736807,N291582,-1,231.5,False,1.495165275088534,0.6725668797781085,0.662985633559104,2.5330371813356507,0.4252156850563816,0.4017232026277342,0.0770871403349247,0.017579808861286184,True,False,False,False,-1.0,0
2024-04-02,2023-24,N291590,1,205.5,False,1.5661061681612276,0.6849493054059793,0.6534322430911284,N291584,1,225.5,False,1.6271987904052876,0.6593178955276513,0.6280383328401938,2.5483660624782094,0.4515993345833968,0.4103804965749805,0.15084041809007043,0.04579973017463557,True,True,False,False,1.5483660624782094,1
2024-04-03,2023-24,N291592,1,206.5,False,1.5661061681612276,0.6800685072359476,0.6698505898264382,N291595,-1,234.5,False,1.6046884082364266,0.6520517794720668,0.6464328508957343,2.5131124141158896,0.44343988030611176,0.43301342645569363,0.11441426811135358,0.08821141750466155,False,False,False,False,-1.0,0
2024-04-04,2023-24,N291604,-1,225.5,False,1.735375025008386,0.666241027729087,0.6612941599044538,N291601,-1,217.5,False,1.4472886850884374,0.7003301621089505,0.6887602967861913,2.5115886380797012,0.46658868695314526,0.4554731618387667,0.17187884480804616,0.14396121822448338,True,True,False,False,1.5115886380797012,1
2024-04-05,2023-24,N291605,1,198.5,False,1.6271987904052876,0.6816224621682823,0.6630165939890357,N291611,1,202.5,False,1.5661061681612276,0.6911200044041348,0.6677341568788988,2.5483660624782094,0.47108291905570043,0.4427188263839879,0.20049172353471634,0.12820963237713734,True,False,False,False,-1.0,0
2024-04-06,2023-24,N291617,1,220.5,False,1.6271987904052876,0.6486881595645511,0.6316549849632489,N291620,1,217.5,False,1.6271987904052876,0.6108836828483072,0.5980073507173352,2.647775903496431,0.3962730119348833,0.3777343241252707,0.04924213220713769,0.00015584134240231862,False,True,False,False,-1.0,0
2024-04-07,2023-24,N291632,1,222.5,False,1.6941519600136918,0.7106925573915737,0.6930664924259117,N291630,-1,238.5,False,1.495165275088534,0.7125364431584484,0.7055055871488499,2.5330371813356507,0.5063943470229734,0.48896228267213676,0.2827157094273798,0.23855964227927506,True,False,False,False,-1.0,0
2024-04-09,2023-24,N291639,1,206.5,False,1.6271987904052876,0.6880714568908096,0.6764722129707321,N291636,1,233.5,False,1.537601693435824,0.6913508681276954,0.6710175021505084,2.5019836156838946,0.4756987990553494,0.4539246946218474,0.1901906012369896,0.13571214869817738,True,True,False,False,1.5019836156838946,1
2024-04-10,2023-24,N291652,1,207.5,False,1.5661061681612276,0.7177082813141281,0.7110546228729859,N291650,1,211.5,False,1.6271987904052876,0.6895558098780402,0.670587040980764,2.5483660624782094,0.49489991517773996,0.47682401552808873,0.261186148162297,0.215122138946364,True,False,False,False,-1.0,0
2024-04-11,2023-24,N291658,1,222.5,False,1.6599103080518642,0.6228599283646058,0.6034909288045519,N291660,-1,224.5,False,1.520751443642121,0.6696720248098993,0.6585106699696126,2.5243109972863103,0.4171118694008744,0.39740521584766925,0.05292007902727858,0.003174356743211426,True,False,False,False,-1.0,0
2024-04-12,2023-24,N291673,-1,232.5,False,1.4472886850884374,0.7873986707058004,0.763520295996328,N291666,1,212.5,False,1.7299922169910489,0.6862702439337619,0.6563574935496599,2.503798160942206,0.5403682778183895,0.5011422677544443,0.35297310023319084,0.2547590883739841,True,True,False,False,1.503798160942206,1
2024-04-14,2023-24,N291687,1,209.5,False,1.6271987904052876,0.6743477071020503,0.6426943182860342,N291683,1,213.5,False,1.537601693435824,0.6799390575433887,0.6590674792647455,2.5019836156838946,0.45851534442351316,0.4235789242905506,0.1471978792872879,0.059787528523966404,True,True,False,False,1.5019836156838946,1
2024-04-16,2023-24,N298372,1,226.5,True,1.9090909090909092,0.5204016753334535,0.5177334705746172,N298373,-1,227.5,True,1.925925925925926,0.5417858851044238,0.520689610326756,3.6767676767676774,0.2819462822803601,0.2695784390466164,,,False,True,False,False,-1.0,0
2024-04-17,2023-24,N298374,1,217.5,False,1.8908131441921936,0.5645627527339309,0.5437594731201889,N298375,-1,214.5,False,1.495165275088534,0.6558434305441769,0.6510056604377381,2.827078154877137,0.3702647725104851,0.3539904949178851,0.0467674498849453,0.0007587952164991307,True,True,False,False,1.827078154877137,1
2024-04-19,2023-24,N298377,-1,219.5,True,1.9090909090909092,0.5505295129344128,0.5371461793837132,N298376,1,208.0,True,1.9090909090909092,0.5017849480390101,0.4947481718413496,3.6446280991735542,0.27624742304173583,0.26575209026165775,,,True,False,False,False,-1.0,0
2024-04-20,2023-24,N298379,1,202.5,False,1.5959517366595528,0.667773066017904,0.6427815747251705,N298382,1,218.5,False,1.5959517366595528,0.6518901981084455,0.6316433883141116,2.5470619457466426,0.4353147162978955,0.406008731805287,0.10877354830586539,0.03412939042210117,False,False,False,False,-1.0,0
2024-04-21,2023-24,N298381,1,229.5,False,1.6599103080518642,0.6693060036505595,0.6589724814113647,N298386,1,208.5,False,1.5103804074165088,0.6681534548397657,0.6568694213941786,2.5070960073502375,0.44719911868411816,0.4328588725793692,0.12117112494349769,0.08521875118986166,False,False,False,False,-1.0,0
2024-04-22,2023-24,N298388,1,202.5,False,1.537601693435824,0.6794147786899248,0.6698081283211469,N298387,1,197.5,False,1.6271987904052876,0.6534675799636297,0.6360477291084006,2.5019836156838946,0.4439755312220302,0.42602993895701363,0.11081950488207326,0.06591992706125804,True,False,False,False,-1.0,0
2024-04-23,2023-24,N298391,-1,230.5,False,1.735375025008386,0.5901882374042566,0.5862219745000848,N298393,-1,226.5,False,1.4472886850884374,0.6933704919668648,0.6857479059562397,2.5115886380797012,0.40921910852204624,0.4020004914389653,0.02779006344907531,0.009659866800561412,False,True,False,False,-1.0,0
2024-04-24,2023-24,N298389,1,205.5,False,1.8478337236702582,0.5780745003437527,0.5552340093272303,N298392,1,206.5,False,1.4843867943554194,0.6670670085786601,0.6573499448423462,2.7428999775807323,0.3856144276799108,0.3649830454058496,0.05770180503803424,0.0011119870610523108,True,True,False,False,1.7428999775807323,1
2024-04-25,2023-24,N298395,1,201.5,False,1.6599103080518642,0.6226850153750756,0.6089034251048141,N298394,1,194.5,False,1.5103804074165088,0.6717185486097536,0.6555810064899438,2.5070960073502375,0.41826907476878783,0.3991855202853881,0.048640727350905966,0.0007964240995237404,True,True,False,False,1.5070960073502375,1
2024-04-26,2023-24,N298401,-1,219.5,False,1.4472886850884374,0.7049499976984779,0.6975028370386172,N298397,1,221.5,False,1.7299922169910489,0.5869336395655312,0.5769658931615285,2.503798160942206,0.4137588678608805,0.4024353473546858,0.03596869242360157,0.007616882604799979,True,True,False,False,1.503798160942206,1
2024-04-27,2023-24,N298396,1,200.5,False,1.6599103080518642,0.6551360849789614,0.6352965184070437,N298407,1,209.5,False,1.5103804074165088,0.6900049948084709,0.6744957419755058,2.5070960073502375,0.45204717091475016,0.4285047965574145,0.13332565733434043,0.07430266457951973,False,True,False,False,-1.0,0
2024-04-28,2023-24,N298406,-1,218.5,False,1.4706931818791737,0.6993940413305081,0.6926476237684079,N298409,-1,214.5,False,1.7005181067948967,0.5989795097166635,0.5912641678893956,2.500940385325335,0.4189226999749036,0.4095377209079949,0.04770069869676519,0.024229425532900084,False,False,False,False,-1.0,0
2024-04-29,2023-24,N298404,1,200.5,False,1.7675024625740157,0.5954332298511261,0.5760669323894605,N298408,1,198.5,False,1.5103804074165088,0.6635520886609089,0.6508759041184832,2.6696010895322244,0.3951009633258258,0.37494808545175123,0.05476196216985607,0.0009618174400167767,False,False,False,False,-1.0,0
2024-04-30,2023-24,N298413,1,215.5,False,1.8908131441921936,0.5528325374418376,0.5376499821647465,N298410,1,192.5,False,1.4132507350380155,0.7150105816530125,0.6969390672618087,2.6721930658491586,0.39528111415299905,0.37470927708322643,0.05626745230077401,0.0012955319311487301,False,True,False,False,-1.0,0
2024-05-01,2023-24,N298412,1,197.5,False,1.7299922169910489,0.6112800803395563,0.5907876153819558,N298417,-1,218.5,False,1.4472886850884374,0.6866821594737345,0.6815867437655426,2.503798160942206,0.4197551256108444,0.40267300702519704,0.05098211155049692,0.008211934450756297,True,True,False,False,1.503798160942206,1
2024-05-02,2023-24,N298421,1,214.5,False,1.8908131441921936,0.5520416861876368,0.5367417181033262,N298419,1,193.5,False,1.4843867943554194,0.6804567252299096,0.6643922439271779,2.8066980618325417,0.3756404779736368,0.35660703449999764,0.054309401474456065,0.000888272566993642,True,True,False,False,1.8066980618325417,1
2024-05-03,2023-24,N298418,1,195.5,False,1.6271987904052876,0.6408276515226115,0.622359288088415,N298425,1,202.5,False,1.6271987904052876,0.6175683764188109,0.6074616726033393,2.647775903496431,0.3957548923150987,0.37805941410241206,0.04787026756274315,0.001016606750345428,True,True,False,False,1.6477759034964312,1
2024-05-06,2023-24,N298434,1,214.5,False,1.8908131441921936,0.5642464080933081,0.5433892905606433,N298440,1,200.5,False,1.4595676342933104,0.6767407070348372,0.6683741266247012,2.7597696677592958,0.3818485131549326,0.36318734249568596,0.05381394428396957,0.0023134115337009042,True,False,False,False,-1.0,0
2024-05-07,2023-24,N298435,1,208.5,True,1.9090909090909092,0.5386550281543935,0.5191401442081899,N298437,1,214.0,True,1.9174311926605505,0.5075464360754068,0.50084433318877,3.6605504587155964,0.27339243981386036,0.2600083993574727,,,True,False,False,False,-1.0,0
2024-05-09,2023-24,N298439,1,207.5,False,1.6271987904052876,0.6390749557621863,0.623416836404069,N298441,-1,225.5,False,1.5475000844079272,0.6549347657428859,0.6494935986082235,2.5180902655006596,0.4185524064442527,0.4049052445090329,0.0539527402691482,0.019587954648360384,True,False,False,False,-1.0,0
2024-05-10,2023-24,N298442,1,218.5,False,1.6271987904052876,0.6612809583772934,0.6561967998759274,N298444,1,198.5,False,1.5661061681612276,0.6586554047458707,0.6451207778821069,2.5483660624782094,0.43555627729073343,0.4233261899797075,0.1099568353470537,0.07879009590248964,False,True,False,False,-1.0,0
2024-05-11,2023-24,N298443,1,212.5,True,1.9090909090909092,0.5210728764078983,0.5133458979704593,N298445,1,218.5,True,1.9090909090909092,0.5101821824105564,0.5032646315212148,3.6446280991735542,0.26584209728072766,0.2583488341850303,,,False,False,False,False,-1.0,0
2024-05-12,2023-24,N298446,1,217.5,False,1.8908131441921936,0.5365796446248348,0.5296448661042821,N298448,1,202.5,False,1.8478337236702582,0.5472338607614429,0.5411676454926133,3.49390829299733,0.2936345505340513,0.28662666513690477,0.025932191221465395,0.0014472823160003312,False,True,False,False,-1.0,0
2024-05-13,2023-24,N298449,-1,216.0,True,1.9090909090909092,0.5201952143027613,0.5156838003883414,N298447,1,208.5,True,1.9090909090909092,0.5213561306793755,0.5105802130304303,3.6446280991735542,0.27120696412681616,0.2632979446586213,,,True,True,False,False,2.6446280991735542,1
2024-05-14,2023-24,N298452,-1,241.5,False,1.8098401345385495,0.9626597234599871,0.954886941644068,N298451,-1,225.5,False,1.4035057269443514,0.6863864562161255,0.6812548086200201,2.5401209936785896,0.6607565961276959,0.6505213206834858,0.6784017015355654,0.6524028635036445,True,True,False,False,1.5401209936785896,1
2024-05-15,2023-24,N298450,1,202.5,False,1.7675024625740157,0.6003028535726739,0.5822410654616206,N298453,-1,222.5,False,1.4249071520119512,0.7058042854070626,0.7003715428630364,2.518526900120451,0.42369632659368167,0.40778507333557334,0.06709059600840739,0.027017676663232404,True,True,False,False,1.518526900120451,1
2024-05-19,2023-24,N298461,-1,205.5,False,1.6046884082364266,0.6494751907632977,0.6344251809929461,N298459,1,203.5,False,1.5661061681612276,0.6433342478219093,0.6318350076221696,2.5131124141158896,0.4178296333286972,0.4008520390683744,0.050052838503839236,0.007386235606399394,True,True,False,False,1.5131124141158896,1
2024-10-25,2024-25,N315498,1,215.5,False,1.6276624782564486,0.6980577319458482,0.652941830009257,N315500,1,225.5,False,1.5381332284602023,0.6615376135425607,0.648261913183989,2.5035617425241252,0.46179144610638895,0.42327731991965584,0.15612339749684678,0.05970090462899513,True,True,False,False,1.5035617425241252,1
2024-10-26,2024-25,N315513,1,215.5,False,1.5666223301806999,0.6983811137604339,0.6620663634615851,N315514,1,219.5,False,1.5964455612916995,0.6680587167591948,0.6439344683454346,2.5010272652374375,0.46655959066765273,0.42632735176503106,0.16687825711781756,0.06625633068081482,False,False,False,False,-1.0,0
2024-10-27,2024-25,N315519,1,228.5,False,1.8069186196449039,0.57029401366893,0.5591921073311961,N315521,-1,230.5,False,1.4047766483393735,0.7142037961113725,0.7047671735565703,2.5383170823267753,0.40730614946194077,0.3941002409589493,0.033872156915986995,0.00035137377519944835,False,True,False,False,-1.0,0
2024-10-28,2024-25,N315532,1,218.5,False,1.767748307449926,0.7106681623889208,0.6959679973338497,N315529,1,225.5,False,1.4364097595314311,0.738101095278995,0.7090775737459666,2.5392109212162426,0.5245449490391731,0.4934952989543255,0.3319302632690859,0.25308865267369796,False,True,False,False,-1.0,0
2024-10-29,2024-25,N315536,1,211.5,False,1.660335153457363,0.6995327984487427,0.6941978549030258,N315534,-1,231.5,False,1.5220625523330276,0.7307937543417019,0.6950964914943161,2.5271339613995627,0.5112142000635138,0.48253449334597354,0.2919067665302162,0.219429305681341,True,False,False,False,-1.0,0
2024-10-30,2024-25,N315541,1,218.5,False,1.6276624782564486,0.7334165149881894,0.709539047913939,N315544,1,218.5,False,1.5381332284602023,0.7328732389326752,0.698521130547303,2.5035617425241252,0.5375013368261092,0.4956280179163017,0.34566778343342075,0.24083534417831465,True,True,False,False,1.5035617425241252,1
2024-10-31,2024-25,N315551,1,214.5,False,1.5666223301806999,0.6600973518440599,0.6551959006941619,N315549,-1,231.5,False,1.6059423654264695,0.6687652652475594,0.6397602816982851,2.5159051706603206,0.4414501805952043,0.4191683139956587,0.11064679194840688,0.054587728558646686,True,True,False,False,1.5159051706603206,1
2024-11-01,2024-25,N315557,1,210.5,False,1.5666223301806999,0.7525851390191104,0.7098370935715285,N315555,1,223.5,False,1.5964455612916995,0.7217496972939705,0.6745716671189393,2.5010272652374375,0.5431780962749837,0.4788359915934085,0.35850322866349993,0.1975818705521193,True,True,False,False,1.5010272652374375,1
2024-11-02,2024-25,N315567,1,220.5,False,1.5964455612916995,0.6834441562497672,0.6616742539670923,N315564,1,224.5,False,1.5666223301806999,0.6812402400500946,0.6656455971413058,2.5010272652374375,0.4655896610644258,0.4404405538949532,0.16445243673478616,0.10155383400755702,False,True,False,False,-1.0,0
2024-11-03,2024-25,N315571,1,214.5,False,1.5964455612916995,0.6742184568596812,0.6489177765234145,N315572,1,222.5,False,1.5666223301806999,0.6537930527049164,0.6379401476179973,2.5010272652374375,0.44079934310028895,0.41397070214728965,0.10245117559257455,0.03535201307985769,False,True,False,False,-1.0,0
2024-11-04,2024-25,N315588,-1,228.5,False,1.7727371056631969,0.6746595318326802,0.6672257580532297,N315586,1,215.5,False,1.4137794797413026,0.8178126918124717,0.7697997885993716,2.506259342962617,0.5517451277850262,0.5136302474974317,0.3828163814453249,0.2872906066186396,True,True,False,False,1.506259342962617,1
2024-11-06,2024-25,N315599,1,229.5,False,1.6276624782564486,0.7003359563516682,0.6565236860904622,N315593,1,221.5,False,1.5666223301806999,0.6951960965404461,0.6667743875511312,2.54993238443381,0.4868708231226,0.437753178705779,0.24148767891626322,0.11624100677070692,False,True,False,False,-1.0,0
2024-11-07,2024-25,N315601,1,219.5,False,1.5666223301806999,0.6704644016501969,0.6519164736014176,N315602,1,223.5,False,1.6276624782564486,0.6294147191755978,0.6116819533099339,2.54993238443381,0.4220001630818939,0.3987655419674391,0.07607188207887039,0.016825169259072403,True,False,False,False,-1.0,0
2024-11-08,2024-25,N315607,1,220.5,False,1.5964455612916995,0.6752463211890857,0.6587040906437636,N315614,1,214.5,False,1.5666223301806999,0.6838444322258741,0.668486000887718,2.5010272652374375,0.4617634371261605,0.44033446332283044,0.1548829463422805,0.10128849859409339,False,True,False,False,-1.0,0
2024-11-09,2024-25,N315618,1,218.5,False,1.5964455612916995,0.6847315151607317,0.6651832286796125,N315619,1,232.5,False,1.5666223301806999,0.6754537143891074,0.648716826535232,2.5010272652374375,0.46250444527459766,0.43151555317349777,0.15673622792528508,0.07923216386093324,False,True,False,False,-1.0,0
2024-11-10,2024-25,N315624,1,215.5,False,1.6276624782564486,0.6871879819254963,0.6610230399960639,N315631,1,228.5,False,1.5666223301806999,0.7146828465849492,0.6735215206122673,2.54993238443381,0.49112146306148036,0.44521324305789256,0.25232652335098193,0.1352636664521214,False,False,False,False,-1.0,0
2024-11-11,2024-25,N315634,1,223.5,False,1.6276624782564486,0.6517229141340418,0.6233252710175047,N315633,1,206.5,False,1.5381332284602023,0.6679198597837378,0.654431726156688,2.5035617425241252,0.4352986774262582,0.40792383306907093,0.08979711537572999,0.021262502335523514,False,True,False,False,-1.0,0
2024-11-12,2024-25,N315425,1,224.5,False,1.6276624782564486,0.6807945884225267,0.6498510257096383,N315426,1,226.5,False,1.5381332284602023,0.6678785008896142,0.6612806193391366,2.5035617425241252,0.454688069129399,0.4297338887594428,0.13833965465452813,0.07586532336425922,False,True,False,False,-1.0,0
2024-11-13,2024-25,N315638,1,217.5,False,1.6276624782564486,0.6604752615787106,0.6398074253059504,N315641,1,221.5,False,1.5381332284602023,0.688669869519616,0.6664011048822912,2.5035617425241252,0.4548494122123449,0.4263683751357793,0.13874358702441203,0.06743955221211162,False,True,False,False,-1.0,0
2024-11-15,2024-25,N315433,1,216.5,False,1.8478964052099935,0.8382808551198087,0.819023914392204,N315437,-1,232.5,False,1.4047766483393735,0.8200137260213287,0.808840820542686,2.5958817185892715,0.6874018074591399,0.6624599749610729,0.7844137853084039,0.7196677382985557,True,True,False,False,1.5958817185892715,1
2024-11-16,2024-25,N315652,-1,234.5,False,1.4485915849023205,0.7219573237394927,0.7152343093370637,N315651,1,220.5,False,1.7303092486980394,0.5978055703706623,0.5910732549736311,2.5065114169426366,0.43159010970136436,0.42275587128867514,0.08178553740599459,0.05964241796459602,True,False,False,False,-1.0,0
2024-11-17,2024-25,N315659,1,221.5,False,1.6276624782564486,0.6895845353747928,0.6696355661118174,N315658,1,217.5,False,1.5381332284602023,0.7311912680312418,0.6998525266489839,2.5035617425241252,0.5042181908354295,0.4686461428773781,0.26234137246030964,0.17328455408929866,True,False,False,False,-1.0,0
2024-11-18,2024-25,N315665,-1,224.5,False,1.6059423654264695,0.6906395316557129,0.6832479626412439,N315666,1,225.5,False,1.5666223301806999,0.6921988778639626,0.6653886087912979,2.5159051706603206,0.47805990882057714,0.45462541132134593,0.20275339648709156,0.14379442305694945,True,True,False,False,1.5159051706603206,1
2024-11-19,2024-25,N315441,1,223.5,False,1.6276624782564486,0.6553279528328381,0.646203887852198,N315443,1,222.5,False,1.5666223301806999,0.6791593040874129,0.6606051314974107,2.54993238443381,0.44507207639497925,0.4268856043087393,0.1349037010067562,0.08852942687545173,True,True,False,False,1.5499323844338102,1
2024-11-20,2024-25,N315673,1,232.5,False,1.6276624782564486,0.6501846571028084,0.6368294565056114,N315678,1,214.5,False,1.5381332284602023,0.67728618451048,0.6638431323324951,2.5035617425241252,0.4403610856364158,0.42275486116828553,0.10247116689572078,0.05839289688701732,False,True,False,False,-1.0,0
2024-11-21,2024-25,N315682,1,219.5,False,1.767748307449926,0.6007117368670424,0.586113502820544,N315683,-1,227.5,False,1.4261962891945477,0.7041794120450371,0.6977155320068841,2.5211560763150267,0.42300883767558695,0.4089404944368542,0.06647130144076296,0.031002812400746427,True,False,False,False,-1.0,0
2024-11-22,2024-25,N315454,-1,229.5,False,1.6059423654264695,0.6766438349483442,0.6681212605352004,N315450,1,234.5,False,1.5666223301806999,0.6898886063710424,0.6730756406112107,2.5159051706603206,0.46680887230207085,0.44969614544069964,0.17444685553489347,0.13139285754027186,True,True,False,False,1.5159051706603206,1
2024-11-23,2024-25,N315686,1,239.5,False,1.767748307449926,0.6174067486882004,0.6063329230865308,N315687,-1,235.5,False,1.4261962891945477,0.7324019928822099,0.7219229412777145,2.5211560763150267,0.4521899331581637,0.4377256472281425,0.1400413976301904,0.10357467526815944,True,True,False,False,1.5211560763150267,1
2024-11-24,2024-25,N315695,1,225.5,False,1.7303092486980394,0.7199668764220757,0.7093273797867617,N315694,-1,231.5,False,1.4485915849023205,0.7275969030906682,0.7213721876083544,2.5065114169426366,0.5238456696125641,0.5116890436872784,0.3130251515998521,0.2825544299266225,True,False,False,False,-1.0,0
2024-11-25,2024-25,N315697,1,217.5,False,1.5964455612916995,0.6880560474756319,0.6743130874104739,N315704,1,216.5,False,1.5666223301806999,0.688079107144199,0.6715983094932284,2.5010272652374375,0.47343699081219937,0.4528675295740338,0.18407882239327678,0.13263403900538018,False,True,False,False,-1.0,0
2024-11-26,2024-25,N315458,1,219.5,False,1.694528274757566,0.6809148773866617,0.6714461252021859,N315455,1,234.5,False,1.5109211195439671,0.7015918883910367,0.6834506449125634,2.560298557995609,0.47772435465925916,0.45890028729347576,0.22311697635348415,0.17492174382125647,True,True,False,False,1.5602985579956088,1
2024-11-27,2024-25,N315719,1,222.5,False,1.5666223301806999,0.6645181872777207,0.6557317593532942,N315707,1,216.5,False,1.5964455612916995,0.6638691740864889,0.6413215849901577,2.5010272652374375,0.44115314015351126,0.42053493123683927,0.10333603166904437,0.05176932900808606,False,True,False,False,-1.0,0
2024-11-29,2024-25,N315465,1,217.5,False,1.6276624782564486,0.6744703875463011,0.6683683265994439,N315463,1,207.5,False,1.5666223301806999,0.6759797553162068,0.6710989611795097,2.54993238443381,0.45592832754157575,0.44854128966617407,0.16258640737900953,0.1437499602754837,True,True,False,False,1.5499323844338102,1
2024-11-30,2024-25,N315720,1,222.5,False,1.6276624782564486,0.6485640293913869,0.6431226376246002,N315721,-1,225.5,False,1.5488005067478945,0.675688617960555,0.6701998007032887,2.5209244711381213,0.438227332678395,0.4310206635637804,0.10473800687055257,0.08657053834412531,False,True,False,False,-1.0,0
2024-12-01,2024-25,N315731,1,228.5,False,1.767748307449926,0.6110243978070498,0.6038141095285277,N315734,-1,232.5,False,1.4261962891945477,0.7194420912977267,0.7137514825089698,2.5211560763150267,0.439596670592238,0.4309732158358201,0.10829181719147618,0.08655074183350542,False,False,False,False,-1.0,0
2024-12-02,2024-25,N315738,1,229.5,False,1.5964455612916995,0.6560188037817818,0.6426676957314724,N315736,-1,229.5,False,1.5767432614753472,0.6482585423844366,0.6340595052773156,2.5171847810789156,0.4252697935163596,0.4074895612132098,0.07048265209195304,0.025726521934416935,True,True,False,False,1.5171847810789156,1
2024-12-03,2024-25,N315473,-1,221.5,False,1.7364075736496463,0.6675382674689061,0.6611107525436543,N315475,-1,236.5,False,1.4485915849023205,0.720030199573942,0.7135965835983638,2.515345399149534,0.48064771194887995,0.47176637439529495,0.20899501086236572,0.1866553793086616,False,False,False,False,-1.0,0
2024-12-04,2024-25,N315740,1,221.5,False,1.5964455612916995,0.6476963053633811,0.6366865614958376,N315741,-1,224.5,False,1.5767432614753472,0.6459410000850166,0.6326730784616111,2.5171847810789156,0.4183735992377927,0.4028144468767095,0.05312365680658093,0.013958395276774338,False,False,False,False,-1.0,0
2024-12-05,2024-25,N315752,1,215.5,False,1.694528274757566,0.701865293244086,0.6811679250259727,N315750,-1,227.5,False,1.4964798504328476,0.694439453445752,0.6889898471423326,2.5358274191634336,0.4874029506329655,0.46931778454190476,0.23596976639623524,0.19010890634239885,False,False,False,False,-1.0,0
2024-12-06,2024-25,N315758,1,220.5,False,1.6276624782564486,0.6323045391394361,0.6247226951888767,N315759,-1,227.5,False,1.5488005067478945,0.6617128800257649,0.6457806829224431,2.5209244711381213,0.41840405764732025,0.403433848736222,0.054765027746614736,0.017026261764577333,True,True,False,False,1.5209244711381213,1
2024-12-07,2024-25,N315761,1,228.5,False,1.767748307449926,0.6241757783759414,0.607735622285791,N315762,-1,233.5,False,1.4261962891945477,0.7157139397821309,0.7043996956317393,2.5211560763150267,0.44673130545802325,0.4280887873626769,0.12627934523563966,0.0792786474617444,True,True,False,False,1.5211560763150267,1
2024-12-08,2024-25,N315768,1,214.5,False,1.6276624782564486,0.6478206956446647,0.6426165670147486,N315767,1,223.5,False,1.5666223301806999,0.6799140741638506,0.6633385588376439,2.54993238443381,0.4404624085034239,0.4262723474487575,0.12314935956859463,0.0869656633482081,True,False,False,False,-1.0,0
2024-12-10,2024-25,N350614,-1,228.5,True,1.9174311926605505,0.5235595782797009,0.5126003831368573,N350613,-1,213.5,True,1.9090909090909092,0.5069229865599995,0.5033419890708328,3.6605504587155964,0.2654043850636398,0.2580132964465767,,,True,False,False,False,-1.0,0
2024-12-11,2024-25,N350611,-1,236.5,True,1.8695652173913042,0.5171857607942554,0.5155208415597943,N350612,1,221.0,True,1.9174311926605505,0.4932903928257826,0.4905152690382238,3.58476266453929,0.25512276710609944,0.25287084429251405,,,True,False,False,False,-1.0,0
2024-12-12,2024-25,N353813,-1,223.5,True,1.9090909090909092,0.5225458632618771,0.5207186276822999,N353814,-1,231.0,True,1.8849557522123894,0.516275349211651,0.5085775221245442,3.598551890587289,0.2697775480346292,0.2648257893907572,,,True,True,False,False,2.598551890587289,1
2024-12-13,2024-25,N353822,1,217.5,False,1.5666223301806999,0.6644362303776131,0.6466378391460876,N353821,1,224.5,False,1.6276624782564486,0.6412642488226827,0.6234172125806596,2.54993238443381,0.42607920016367506,0.4031251592296349,0.08647315083101081,0.027941898499682427,True,True,False,False,1.5499323844338102,1
2024-12-14,2024-25,N317633,1,230.5,True,1.8928571428571428,0.5141528445674255,0.5120523194482406,N317632,1,214.5,True,1.9090909090909092,0.5128640855004423,0.5092624530238581,3.6136363636363638,0.2636905284365237,0.2607690202787672,,,False,False,False,False,-1.0,0
2024-12-15,2024-25,N353827,1,220.5,False,1.6276624782564486,0.6836942938532854,0.6742936659784101,N354407,-1,239.5,False,1.5488005067478945,0.6791558581723796,0.6622300463278079,2.5209244711381213,0.4643349848694871,0.44653752565942995,0.17055342616303948,0.1256873757163237,True,False,False,False,-1.0,0
2024-12-16,2024-25,N353833,1,218.5,False,1.6276624782564486,0.6487876277903163,0.6410188220091131,N353831,1,213.5,False,1.5666223301806999,0.6596721446403594,0.6521458198322833,2.54993238443381,0.4279871258405692,0.4180377452070575,0.09133823230161586,0.06596798441916563,True,True,False,False,1.5499323844338102,1
2024-12-19,2024-25,N315788,-1,237.5,False,1.6059423654264695,0.6838493034157032,0.6778174240516867,N315780,1,220.5,False,1.5666223301806999,0.6913486201895481,0.6714593329782029,2.5159051706603206,0.47277827233403,0.45512683543474924,0.18946529994103933,0.1450559585765543,True,True,False,False,1.5159051706603206,1
2024-12-20,2024-25,N315793,1,216.5,False,1.7303092486980394,0.5885194155393838,0.5809474594614902,N315794,-1,232.5,False,1.4485915849023205,0.6953558461723102,0.6875606815074212,2.5065114169426366,0.40923041618122163,0.3994366311473472,0.025740710318418625,0.0011924763159303353,False,True,False,False,-1.0,0
2024-12-21,2024-25,N315807,1,220.5,False,1.6276624782564486,0.678215232694938,0.6534684757176956,N315796,1,221.5,False,1.5381332284602023,0.6722964870363594,0.6669060080287572,2.5035617425241252,0.4559617183953538,0.4358020525135253,0.14152831423016643,0.09105734598635151,True,False,False,False,-1.0,0
2024-12-22,2024-25,N315810,-1,235.5,False,1.7364075736496463,0.6065721114667684,0.5996194639268516,N315809,-1,243.5,False,1.4485915849023205,0.6918672217011315,0.685948645290871,2.515345399149534,0.41966736152190204,0.41130815897066214,0.055608366977340395,0.034582085299520005,False,True,False,False,-1.0,0
2024-12-23,2024-25,N315817,1,208.5,False,1.5666223301806999,0.6754697361346202,0.6688533278124402,N315813,1,215.5,False,1.5964455612916995,0.6624297855455821,0.650357094511615,2.5010272652374375,0.4474512724501874,0.4349935069305234,0.11908783226310371,0.08793062103448923,False,True,False,False,-1.0,0
2024-12-25,2024-25,N315829,-1,234.5,False,1.7364075736496463,0.6451950715186701,0.6257203266455703,N315828,-1,242.5,False,1.4485915849023205,0.7230304349105158,0.7001211720070228,2.515345399149534,0.46649567316226537,0.4380800484397139,0.17339774521186868,0.10192263430203918,True,True,False,False,1.5153453991495338,1
2024-12-26,2024-25,N315833,-1,251.5,False,1.668326275878574,0.6558304981439399,0.650176909737231,N315835,1,214.5,False,1.5109211195439671,0.6921242296637601,0.6827768253643117,2.520709404515072,0.45391617831787445,0.4439257263555652,0.1441907795474069,0.11900775333065772,False,True,False,False,-1.0,0
2024-12-27,2024-25,N315844,-1,243.5,False,1.4720047816832267,0.6855098956429557,0.676368354658105,N315845,1,226.5,False,1.8478964052099935,0.551722945131003,0.5435959838566542,2.720112344524356,0.37821153854057804,0.367671121199879,0.02877787482577565,0.00010675550090133434,False,False,False,False,-1.0,0
2024-12-28,2024-25,N315852,1,223.5,False,1.5964455612916995,0.6766964389148357,0.6579697618092196,N315849,1,222.5,False,1.5666223301806999,0.6628494813688041,0.6555121668532,2.5010272652374375,0.4485478835788154,0.43130718428744547,0.12183048659516538,0.07871102759568904,True,True,False,False,1.5010272652374375,1
2024-12-29,2024-25,N315856,-1,214.5,False,1.6364514438072164,0.6680212820470015,0.6504591667320838,N315859,1,209.5,False,1.5381332284602023,0.6529412717576482,0.6445283008190615,2.517080342481553,0.43617866546094375,0.4192393414860126,0.09789674464157927,0.0552591052493534,True,False,False,False,-1.0,0
2024-12-30,2024-25,N315864,1,213.5,False,1.5109211195439671,0.6647165783375139,0.6574840197624233,N315862,1,225.5,False,1.8478964052099935,0.5479361673176989,0.5450083879760635,2.792025705361156,0.3642222542867923,0.35833430573074065,0.01691789643331143,0.0004785927129711265,True,False,False,False,-1.0,0
2024-12-31,2024-25,N315869,-1,233.5,False,1.7364075736496463,0.6236991012100254,0.6091312929253778,N315874,-1,236.5,False,1.4485915849023205,0.7146129314282655,0.7068025365894863,2.515345399149534,0.4457034430448707,0.43053554295569046,0.12109810484802175,0.08294559714394256,True,True,False,False,1.5153453991495338,1
2025-01-01,2024-25,N315880,1,216.5,False,1.5964455612916995,0.6437501483659831,0.6373752851790693,N315879,1,225.5,False,1.5666223301806999,0.6493017699055229,0.636342178325347,2.5010272652374375,0.4179881107109758,0.4055887773815882,0.04539966143323504,0.014388590705669335,False,False,False,False,-1.0,0
2025-01-02,2024-25,N315883,-1,226.5,False,1.6059423654264695,0.6745111237953735,0.6540102670672256,N315888,1,218.5,False,1.5666223301806999,0.6587859433499065,0.647208115754954,2.5159051706603206,0.4443584469895407,0.4232807526329733,0.11796371440757536,0.06493423419028965,False,True,False,False,-1.0,0
2025-01-03,2024-25,N315889,1,209.5,False,1.6276624782564486,0.6716599915338292,0.6522957164447959,N315894,-1,235.5,False,1.5488005067478945,0.6567918334377291,0.6507998509870994,2.5209244711381213,0.44114079728627326,0.4245139550617964,0.11208263109634764,0.07016761765491131,False,False,False,False,-1.0,0
2025-01-04,2024-25,N315906,1,227.5,False,1.890761054336703,0.5395940992966115,0.5365757166638627,N315905,-1,246.5,False,1.4261962891945477,0.6986982111715585,0.692656341614996,2.6965963994485764,0.37701343193727077,0.3716625729038358,0.016653063105795285,0.002223955902277641,True,True,False,False,1.6965963994485764,1
2025-01-05,2024-25,N315908,1,232.5,False,1.7303092486980394,0.6046963849095135,0.600025802627265,N315907,-1,231.5,False,1.4485915849023205,0.7035914923002997,0.6864674324394812,2.5065114169426366,0.425459231847081,0.4118981721269775,0.06641842206835258,0.03242747105407218,False,True,False,False,-1.0,0
2025-01-06,2024-25,N315919,1,228.5,False,1.694528274757566,0.6914768937826825,0.6865095008098483,N315916,-1,235.5,False,1.4964798504328476,0.6825942721345237,0.6776764463653542,2.5358274191634336,0.47199816700943154,0.46523131890487124,0.1969058936973982,0.1797463347325401,False,True,False,False,-1.0,0
2025-01-07,2024-25,N315926,1,231.5,False,1.7303092486980394,0.6289559748698574,0.6104840662294325,N315928,-1,244.5,False,1.4485915849023205,0.7233235705192601,0.7068203245243503,2.5065114169426366,0.45493868144228733,0.4315025458092325,0.14030899904392236,0.08156605751065404,True,True,False,False,1.5065114169426366,1
2025-01-08,2024-25,N315933,1,208.5,False,1.5964455612916995,0.6816086376047759,0.66908750974575,N315929,1,211.5,False,1.5666223301806999,0.6803021701636708,0.6563147094168226,2.5010272652374375,0.46369983536483206,0.4391319745332074,0.15972593113355593,0.09828104134510363,True,True,False,False,1.5010272652374375,1
2025-01-09,2024-25,N315943,1,216.5,False,1.5964455612916995,0.6689974829578733,0.6596740633385022,N315940,1,222.5,False,1.5666223301806999,0.6523763445097103,0.6406425251291189,2.5010272652374375,0.4364381324182546,0.42261525769936437,0.09154366876736186,0.05697228221145645,False,True,False,False,-1.0,0
2025-01-10,2024-25,N315947,1,220.5,False,1.767748307449926,0.5970577358285291,0.5877685080683603,N315949,-1,237.5,False,1.4261962891945477,0.7196850387503372,0.7086329714242694,2.5211560763150267,0.4296935197459435,0.41651214438209183,0.08332442826067665,0.0500921236679126,False,True,False,False,-1.0,0
2025-01-11,2024-25,N315954,1,230.0,True,1.9090909090909092,0.5079064678605493,0.5039031363386062,N315955,-1,229.5,True,1.9090909090909092,0.5400645481215938,0.5243301745488435,3.6446280991735542,0.2743022770531423,0.26421161943213106,,,True,False,False,False,-1.0,0
2025-01-12,2024-25,N315966,1,212.5,False,1.7303092486980394,0.6322040826848614,0.626099288410825,N315963,-1,246.5,False,1.4485915849023205,0.7128643876014245,0.703555270921251,2.5065114169426366,0.450675776242264,0.4404954544814804,0.12962397849071983,0.10410688576916605,True,True,False,False,1.5065114169426366,1
2025-01-13,2024-25,N315968,1,222.5,False,1.8069186196449039,0.5671139502749539,0.5586483349052089,N315970,-1,233.5,False,1.4720047816832267,0.6784178774361135,0.6734446188798365,2.659792848229754,0.38474024240994387,0.3762187149880937,0.02332934518815044,0.0006638474955198426,True,True,False,False,1.659792848229754,1
2025-01-14,2024-25,N315977,-1,240.5,False,1.7727371056631969,0.6589003297796084,0.6537674991710108,N315980,1,206.5,False,1.4137794797413026,0.7248985089183255,0.7167005298935101,2.506259342962617,0.47763586658303114,0.4685555130830184,0.19707935315776792,0.17432163236095755,True,True,False,False,1.506259342962617,1
2025-01-15,2024-25,N315981,1,213.5,False,1.6276624782564486,0.648419591424894,0.6405383870692524,N315988,1,214.5,False,1.5666223301806999,0.6540287044275392,0.6433887164309402,2.54993238443381,0.42408502530505776,0.41211517068123105,0.08138813977879855,0.05086581983653815,True,True,False,False,1.5499323844338102,1
2025-01-16,2024-25,N315995,1,219.5,False,1.8478964052099935,0.5538152996847705,0.5505140603876946,N315993,1,230.5,False,1.767748307449926,0.5635387476783997,0.5570626022852055,3.266615742652769,0.3120963804294932,0.30667079507416395,0.01949894953593012,0.0017756470011052183,False,True,False,False,-1.0,0
2025-01-17,2024-25,N316002,1,225.5,False,1.767748307449926,0.5874498790415204,0.5750654624635849,N315998,-1,229.5,False,1.4261962891945477,0.7007947261429369,0.6951514991360436,2.5211560763150267,0.41168177710560366,0.3997576183329232,0.037914013857961226,0.007851348513272738,True,True,False,False,1.5211560763150267,1
2025-01-18,2024-25,N316008,1,219.5,False,1.767748307449926,0.6066418401714423,0.5983560340839447,N316010,-1,235.5,False,1.4261962891945477,0.6990519040052745,0.6891940545406678,2.5211560763150267,0.42407413342111017,0.41238342118918786,0.06915707828266138,0.0396829681027,False,False,False,False,-1.0,0
2025-01-19,2024-25,N316016,-1,222.5,False,1.6059423654264695,0.6692382794666355,0.6605594362711381,N316017,1,226.5,False,1.5666223301806999,0.6603385791652508,0.6544754194852244,2.5159051706603206,0.44192385458599515,0.4323199141484764,0.1118385107910449,0.08767590738557773,True,False,False,False,-1.0,0
2025-01-20,2024-25,N316021,1,214.5,False,1.6276624782564486,0.8460689625242545,0.8394658822671945,N316023,1,218.5,False,1.5666223301806999,0.8358079393597933,0.82964066184185,2.54993238443381,0.7071511561236753,0.6964550301578079,0.8031876336895687,0.7759132357012202,False,False,False,False,-1.0,0
2025-01-21,2024-25,N316029,1,222.5,False,1.6276624782564486,0.6367827956479288,0.6291946236452153,N316026,-1,227.5,False,1.5488005067478945,0.6391865434798703,0.6320058530217547,2.5209244711381213,0.4070229940976482,0.39765468483359623,0.026074226136668432,0.0024574260597298725,True,True,False,False,1.5209244711381213,1
2025-01-22,2024-25,N316035,-1,241.5,False,1.7727371056631969,0.6184195808602589,0.612921423968056,N316036,1,212.5,False,1.4137794797413026,0.7460067847947214,0.7209609839899103,2.506259342962617,0.461345203171661,0.44189243293250663,0.15625072577996213,0.10749703862157656,False,True,False,False,-1.0,0
2025-01-23,2024-25,N316041,-1,242.5,False,1.7016248753733454,0.7506490341980021,0.7439772088151007,N316049,-1,232.5,False,1.4964798504328476,0.7634002856722316,0.7510087503490736,2.5464473389915168,0.5730456871463395,0.5587333938804205,0.4592306651543616,0.4227851640524958,False,True,False,False,-1.0,0
2025-01-24,2024-25,N316052,-1,244.5,False,1.7727371056631969,0.5902561447377294,0.5862052034380762,N316051,1,219.5,False,1.4137794797413026,0.7023074930945242,0.6972351742197967,2.506259342962617,0.41454131329439337,0.4087228871476985,0.03894803948806658,0.024365554596574857,False,True,False,False,-1.0,0
2025-01-25,2024-25,N316053,-1,243.5,False,1.6364514438072164,0.6564012261910752,0.6508430545540536,N316066,-1,228.5,False,1.5488005067478945,0.668496020040677,0.6612781488117496,2.5345368254369403,0.43880160725855394,0.4303882902824891,0.11215883265772275,0.09083497095781223,True,False,False,False,-1.0,0
2025-01-27,2024-25,N316074,1,219.5,False,1.5964455612916995,0.7048096270130453,0.6978945845369919,N316075,1,214.5,False,1.5666223301806999,0.7110386845691183,0.703539739532848,2.5010272652374375,0.5011469100630066,0.49099657422654047,0.2533820859570737,0.227995819278755,False,False,False,False,-1.0,0
2025-01-28,2024-25,N316081,-1,236.5,False,1.5767432614753472,0.6404303303285988,0.6319750781752129,N316082,1,226.5,False,1.8478964052099935,0.5564988896637993,0.5435233454974377,2.913658204819375,0.35639876773488544,0.3434932087607965,0.03842419379826367,0.0008218060056290888,False,False,False,False,-1.0,0
2025-01-29,2024-25,N316083,1,202.5,False,1.6276624782564486,0.6401386730652779,0.6317209082848285,N316089,1,234.5,False,1.5666223301806999,0.6657012885939754,0.6523420405323563,2.54993238443381,0.42614113953839305,0.41209810635747857,0.08663109204847563,0.05082230696478307,False,False,False,False,-1.0,0
2025-01-30,2024-25,N316097,-1,220.5,False,1.4261962891945477,0.716214837231718,0.7099026514172525,N316098,1,219.5,False,1.767748307449926,0.5851976433277262,0.5791299340430548,2.5211560763150267,0.4191272348643523,0.41112587569226317,0.056685174927377346,0.03651249963188552,True,True,False,False,1.5211560763150267,1
2025-01-31,2024-25,N316100,1,209.5,False,1.7303092486980394,0.6466921066052082,0.6388610522601132,N316101,-1,240.5,False,1.4485915849023205,0.7046006066746813,0.6977916464569519,2.5065114169426366,0.4556596506457573,0.4457919055138052,0.14211611658368373,0.11738250075096568,True,True,False,False,1.5065114169426366,1
2025-02-01,2024-25,N316107,1,228.5,False,1.694528274757566,0.6714333626168999,0.6665583004472277,N316111,1,207.5,False,1.4849311940869916,0.682213612279753,0.6773255575792863,2.5162578944499225,0.4580609797160165,0.45147697250951996,0.1525995563498923,0.13603249623943015,True,True,False,False,1.5162578944499225,1
2025-02-02,2024-25,N316119,1,235.5,False,1.6276624782564486,0.640684061574371,0.6329086195753543,N316117,-1,228.5,False,1.5488005067478945,0.6719985199125714,0.6605399410341811,2.5209244711381213,0.43053874110955204,0.41806142225432946,0.08535564823607,0.05390126979974652,True,True,False,False,1.5209244711381213,1
2025-02-03,2024-25,N316125,1,216.5,False,1.5666223301806999,0.6693932512388308,0.6620375182593068,N316127,1,230.5,False,1.5964455612916995,0.6590584221667588,0.6411454058943475,2.5010272652374375,0.4411692599705406,0.4244623133616498,0.10337634777094529,0.06159181878324316,True,False,False,False,-1.0,0
2025-02-04,2024-25,N316135,-1,223.5,False,1.668326275878574,0.6439244578759299,0.6394149011943928,N316131,1,217.5,False,1.5109211195439671,0.679845120576099,0.6695899074354003,2.520709404515072,0.43776890070656077,0.42814576450356906,0.10348818501525248,0.07923105508744221,True,True,False,False,1.5207094045150722,1
2025-02-05,2024-25,N316146,1,211.5,False,1.5964455612916995,0.6560495135424738,0.6471421055480739,N316137,1,229.5,False,1.5666223301806999,0.6609443932831897,0.6559025259545043,2.5010272652374375,0.433612247692062,0.4244621416804981,0.08447605401873615,0.061591389404001884,True,True,False,False,1.5010272652374375,1
2025-02-06,2024-25,N316148,-1,232.5,False,1.668326275878574,0.6121156917296903,0.605897397541021,N316149,1,208.5,False,1.5109211195439671,0.6601945037742942,0.6549573928571788,2.520709404515072,0.40411541535394174,0.3968369798324167,0.018657527992195666,0.00031070712293090885,False,True,False,False,-1.0,0
2025-02-07,2024-25,N316158,-1,244.5,False,1.6059423654264695,0.6373241576972608,0.6287061690252381,N316157,1,218.5,False,1.5666223301806999,0.6553029560796035,0.6415402741922451,2.5159051706603206,0.41764040451995843,0.4033403280628073,0.05074365320843133,0.014766016909046886,True,True,False,False,1.5159051706603206,1
2025-02-08,2024-25,N316162,1,225.5,False,1.6276624782564486,0.6589141413996219,0.6541321359598778,N316164,1,212.5,False,1.5666223301806999,0.6597687592947481,0.653407544292337,2.54993238443381,0.43473096555299273,0.4274148726002449,0.10853456757975533,0.08987902523201563,True,True,False,False,1.5499323844338102,1
2025-02-09,2024-25,N316172,-1,227.5,False,1.7364075736496463,0.5999360431273518,0.5947137044599424,N316174,-1,234.5,False,1.4485915849023205,0.6881901695967558,0.6801964826976138,2.515345399149534,0.41287008726701885,0.40452216998572105,0.038510874453562494,0.017512979127569217,True,False,False,False,-1.0,0
2025-02-10,2024-25,N316178,-1,222.5,False,1.7364075736496463,0.6991410617093139,0.6850516841541443,N316179,-1,232.5,False,1.4485915849023205,0.7594057868314504,0.7536443145037985,2.515345399149534,0.5309317680735371,0.5162853069040227,0.33547678008609916,0.29863587136953895,True,True,False,False,1.5153453991495338,1
2025-02-11,2024-25,N316184,1,216.5,False,1.5666223301806999,0.6995476160251392,0.6938897381384798,N316187,-1,245.5,False,1.6059423654264695,0.675748425492765,0.6704582712526997,2.5159051706603206,0.47271820008620513,0.46522411427231364,0.18931416386212363,0.17045975461358198,False,True,False,False,-1.0,0
2025-02-12,2024-25,N316200,1,227.5,False,1.6276624782564486,0.6403512290241073,0.6337657093425679,N316195,1,219.5,False,1.5666223301806999,0.662697067094292,0.6524299588611437,2.54993238443381,0.42435888138450123,0.4134877356739752,0.0820864542644455,0.05436576776127633,True,False,False,False,-1.0,0
2025-02-13,2024-25,N316207,-1,228.5,False,1.6059423654264695,0.6882566993120742,0.6832085944435777,N316206,1,212.5,False,1.5666223301806999,0.6926205821800648,0.6846321370971955,2.5159051706603206,0.47670075576685866,0.46774656009707777,0.19933389629152232,0.17680598910681633,True,True,False,False,1.5159051706603206,1
2025-02-20,2024-25,N316211,1,238.5,False,1.5964455612916995,0.6337500781192958,0.6288427440900409,N316215,1,223.5,False,1.5666223301806999,0.6553906656956026,0.6363749346687089,2.5010272652374375,0.41535388558324543,0.4001797601871914,0.03881139256600763,0.0008604912243448393,False,True,False,False,-1.0,0
2025-02-21,2024-25,N316223,1,230.5,False,1.6276624782564486,0.6627758225321646,0.6386555800689254,N316225,-1,241.5,False,1.5488005067478945,0.6627966945684501,0.6571628164867539,2.5209244711381213,0.43928562441420443,0.4197006997630766,0.10740588040495758,0.05803376458653342,True,True,False,False,1.5209244711381213,1
2025-02-22,2024-25,N316228,-1,247.5,False,1.6364514438072164,0.6907050971024502,0.6798715754952431,N316230,-1,227.5,False,1.5488005067478945,0.6966497331612382,0.6848409737987572,2.5345368254369403,0.4811795215895291,0.46560391182025757,0.21956721711479088,0.1800902605759367,True,False,False,False,-1.0,0
2025-02-23,2024-25,N316232,1,226.5,False,1.7303092486980394,0.6265755270060738,0.6202906532548743,N316231,-1,241.5,False,1.4485915849023205,0.7413291582571285,0.725695660232954,2.5065114169426366,0.4644987080199294,0.4501422351501263,0.16427131480705714,0.1282866516518686,True,True,False,False,1.5065114169426366,1
2025-02-24,2024-25,N316243,1,221.5,False,1.6276624782564486,0.6643692145420943,0.6502657920537723,N316247,1,225.5,False,1.5666223301806999,0.6634170713836806,0.6538216971344929,2.54993238443381,0.44075387862899235,0.4251578837491027,0.1238925886808766,0.08412385626918195,True,True,False,False,1.5499323844338102,1
2025-02-25,2024-25,N316252,1,223.5,False,1.7303092486980394,0.6015623882832847,0.5951187406475184,N316249,-1,234.5,False,1.4485915849023205,0.7078058669403999,0.6934549856243885,2.5065114169426366,0.4257893877575878,0.412688057740529,0.06724596162740903,0.0344073283625177,False,True,False,False,-1.0,0
2025-02-26,2024-25,N316263,1,231.5,False,1.6276624782564486,0.6407308117137522,0.6196212572363458,N316264,1,219.5,False,1.5666223301806999,0.6518430025786484,0.6354420395843516,2.54993238443381,0.4176558961521469,0.3937333954680837,0.06499429514808353,0.003993535937151016,False,True,False,False,-1.0,0
2025-02-27,2024-25,N316269,1,223.0,True,1.9090909090909092,0.510028398870464,0.5084587920247624,N316266,-1,241.5,True,1.9090909090909092,0.5390901426959658,0.5237773790918675,3.6446280991735542,0.2749512823260734,0.266319213462947,,,False,True,False,False,-1.0,0
2025-02-28,2024-25,N316273,1,237.5,False,1.7303092486980394,0.6171681833348778,0.6069304140846806,N316271,-1,240.5,False,1.4485915849023205,0.7113699851670728,0.6976739553827008,2.5065114169426366,0.4390349214245213,0.4234395426365196,0.10044604298707593,0.06135604800340455,True,True,False,False,1.5065114169426366,1
2025-03-01,2024-25,N316280,-1,225.5,False,1.7364075736496463,0.6017949767733969,0.5979671100018978,N316284,-1,237.5,False,1.4485915849023205,0.704524059051541,0.6972586145681913,2.515345399149534,0.42397903975322143,0.41693771867726853,0.06645372697910279,0.04874237240677015,True,False,False,False,-1.0,0
2025-03-02,2024-25,N316287,1,223.5,False,1.660335153457363,0.6551805684242309,0.6433803499154839,N316289,-1,231.5,False,1.5220625523330276,0.6848550804720741,0.6690009475759258,2.5271339613995627,0.4487037409119159,0.4304220637451894,0.13393446226553318,0.08773421502615575,True,True,False,False,1.5271339613995627,1
2025-03-03,2024-25,N316295,1,217.5,False,1.5964455612916995,0.6945944429871055,0.6821686759340297,N316297,1,214.5,False,1.5666223301806999,0.6928523172878259,0.6865149960285702,2.5010272652374375,0.4812513693988627,0.46831902584966545,0.2036227962994095,0.17127865247944962,True,False,False,False,-1.0,0
2025-03-04,2024-25,N316309,-1,231.5,False,1.668326275878574,0.6495491466528631,0.6440386557679979,N316307,1,215.5,False,1.5109211195439671,0.6735179518557438,0.6558287848766545,2.520709404515072,0.43748301088328256,0.42237908902592003,0.10276753984905995,0.06469494197814574,False,True,False,False,-1.0,0
2025-03-05,2024-25,N316313,1,226.5,False,1.6276624782564486,0.6781586461575301,0.6653059251462379,N316315,1,241.5,False,1.5666223301806999,0.6675680819308059,0.6502748589900701,2.54993238443381,0.4527170666601744,0.43263171665972794,0.15439790926265884,0.10318162484383264,True,False,False,False,-1.0,0
2025-03-06,2024-25,N316323,-1,235.5,False,1.6059423654264695,0.6757190018317153,0.6628288241650269,N316322,1,221.5,False,1.5666223301806999,0.6753827348079213,0.6692492492807277,2.5159051706603206,0.4563689474187827,0.4435976929740717,0.14818099453972322,0.1160497294464562,True,False,False,False,-1.0,0
2025-03-07,2024-25,N316327,1,224.5,False,1.767748307449926,0.7727852644840393,0.7548107970851003,N316329,1,228.5,False,1.4364097595314311,0.7052204329230572,0.6980923978367939,2.5392109212162426,0.5449839587759935,0.5269276792502394,0.3838292200116653,0.33798051784333727,False,True,False,False,-1.0,0
2025-03-08,2024-25,N316338,-1,236.5,False,1.668326275878574,0.6394145283206933,0.6330192241393061,N316332,1,206.5,False,1.5109211195439671,0.6817511968422119,0.67279528975844,2.520709404515072,0.43592161996093104,0.42589235232746736,0.0988317270669643,0.07355085782289361,True,True,False,False,1.5207094045150722,1
2025-03-09,2024-25,N316344,1,217.5,False,1.5964455612916995,0.6861323049980987,0.6585540250762014,N316345,1,222.5,False,1.5666223301806999,0.6750704003584141,0.6540960944449449,2.5010272652374375,0.46318760983390805,0.43075761578334165,0.1584448411147641,0.07733654178280958,True,True,False,False,1.5010272652374375,1
2025-03-10,2024-25,N316357,1,219.5,False,1.6276624782564486,0.6987147805209047,0.67002280026993,N316359,-1,231.5,False,1.5488005067478945,0.6716526675685688,0.6661200881660427,2.5209244711381213,0.46929364620645275,0.4463156467890646,0.18305383687148247,0.12512803584239118,True,False,False,False,-1.0,0
2025-03-11,2024-25,N316362,1,221.5,False,1.8069186196449039,0.711960808177208,0.7018970385612718,N316363,-1,231.5,False,1.4047766483393735,0.7268943526495352,0.7217283550390579,2.5383170823267753,0.5175202907718115,0.5065789950476128,0.3136305945168092,0.28585811667728667,True,False,False,False,-1.0,0
2025-03-12,2024-25,N316367,1,208.5,False,1.5666223301806999,0.7056009440452419,0.6845256776537102,N316366,1,222.5,False,1.6276624782564486,0.6625814310497457,0.6554081493211686,2.54993238443381,0.4675180832555479,0.44864370755383703,0.1921395008017439,0.14401111896398056,True,True,False,False,1.5499323844338102,1
2025-03-13,2024-25,N316570,-1,224.5,False,1.4485915849023205,0.7235099813418326,0.7176494019260078,N316376,-1,231.5,False,1.7364075736496463,0.6127559145853053,0.60484075730788,2.515345399149534,0.44333502032871186,0.4340636077424737,0.1151407036656904,0.09181989867327944,True,True,False,False,1.5153453991495338,1
2025-03-14,2024-25,N316383,1,226.5,False,1.660335153457363,0.6971618114320758,0.6870398229567589,N316382,1,201.5,False,1.5109211195439671,0.6966430193916403,0.6857124941956323,2.5086354488800033,0.48567290932058665,0.4711117906114048,0.21837627688230699,0.1818477383131034,True,True,False,False,1.5086354488800033,1
2025-03-15,2024-25,N316388,-1,220.5,False,1.7364075736496463,0.6561263881277007,0.6442446794845699,N316390,-1,245.5,False,1.4485915849023205,0.7103640102863094,0.697696175138898,2.515345399149534,0.466088572325065,0.4494870487299697,0.1723737459940271,0.13061518000023153,False,True,False,False,-1.0,0
2025-03-16,2024-25,N316401,1,228.5,False,1.7303092486980394,0.6329801092734147,0.6083484097845745,N316397,-1,239.5,False,1.4485915849023205,0.7015550114185393,0.6962186186834131,2.5065114169426366,0.4440703677890187,0.4235434895384674,0.11306744678909086,0.061616592099892564,True,True,False,False,1.5065114169426366,1
2025-03-17,2024-25,N354901,1,218.5,False,1.6276624782564486,0.7067455674646829,0.674680101862986,N316412,1,230.5,False,1.5381332284602023,0.6905344730122615,0.6855120795056162,2.5035617425241252,0.48803217798297643,0.4625013596291565,0.22181868991890452,0.15790070983294813,True,False,False,False,-1.0,0
2025-03-18,2024-25,N316417,-1,236.5,False,1.7364075736496463,0.6575574857464351,0.6416876195322553,N316433,-1,242.5,False,1.4485915849023205,0.7245760161667422,0.7125787791969024,2.515345399149534,0.4764503834227713,0.4572529805520608,0.1984372798654992,0.1501491808790374,False,True,False,False,-1.0,0
2025-03-19,2024-25,N316046,1,230.5,False,1.5964455612916995,0.6753624267144469,0.6606857548514156,N316423,1,222.5,False,1.5666223301806999,0.6927477042055481,0.6647335595794415,2.5010272652374375,0.46785577061312084,0.4391799935858117,0.17012003850208735,0.09840113830491792,True,True,False,False,1.5010272652374375,1
2025-03-20,2024-25,N316429,-1,239.5,False,1.8106786988425032,0.773131516799595,0.766599677832697,N316431,-1,239.5,False,1.4047766483393735,0.7662522176973732,0.7548651379317642,2.5435991537794695,0.5924137393194236,0.5786793715456249,0.5068630860202172,0.47192835977308656,True,True,False,False,1.5435991537794695,1
2025-03-21,2024-25,N316436,1,222.5,False,1.5964455612916995,0.6637317690534825,0.6512855906870747,N316438,1,233.5,False,1.5666223301806999,0.6851888651882061,0.66260881999957,2.5010272652374375,0.45478161762711616,0.4315475767278855,0.13742122541420443,0.07931225564358702,True,True,False,False,1.5010272652374375,1
2025-03-22,2024-25,N316447,-1,231.5,False,1.7364075736496463,0.6054267911808483,0.589283938830588,N316444,-1,228.5,False,1.4485915849023205,0.6984744495280196,0.6889209255625622,2.515345399149534,0.4228751446995583,0.40597003655832103,0.0636770496347272,0.02115486364954089,True,True,False,False,1.5153453991495338,1
2025-03-23,2024-25,N316454,1,231.5,False,1.767748307449926,0.6447098751576941,0.6243641697615284,N316453,-1,232.5,False,1.4261962891945477,0.7434594414523398,0.7314452742429643,2.5211560763150267,0.47931564368354695,0.4566882213787019,0.20842954754562282,0.15138228431041645,True,False,False,False,-1.0,0
2025-03-24,2024-25,N316464,-1,236.5,False,1.7364075736496463,0.6922535774145531,0.6803542876221516,N316463,-1,233.5,False,1.4485915849023205,0.7175061550172516,0.7011395173896383,2.515345399149534,0.4966962026276533,0.4770232768773665,0.24936250805451232,0.199878304780718,True,True,False,False,1.5153453991495338,1
2025-03-25,2024-25,N316465,1,224.5,False,1.6276624782564486,0.7378706619397742,0.7192803328007542,N316468,-1,228.5,False,1.5488005067478945,0.74077386221808,0.7300661480741764,2.5209244711381213,0.5465953000625378,0.5251222219533582,0.37792546773673585,0.3237934596606449,False,True,False,False,-1.0,0
2025-03-26,2024-25,N316473,1,221.5,False,1.6276624782564486,0.6922008516026198,0.6779829724778054,N316478,-1,231.5,False,1.5488005067478945,0.7036910040097754,0.6836021715675359,2.5209244711381213,0.48709551224066905,0.46347063227164065,0.22793099658906102,0.1683744585474365,True,False,False,False,-1.0,0
2025-03-27,2024-25,N316480,1,231.5,False,1.5964455612916995,0.6493081061322259,0.6374839369504794,N316485,1,222.5,False,1.5666223301806999,0.6635918023398193,0.641785936178575,2.5010272652374375,0.43087553642213844,0.40912822527456716,0.07763146451557468,0.023240846389896763,True,True,False,False,1.5010272652374375,1
2025-03-28,2024-25,N316489,-1,226.5,False,1.6059423654264695,0.6856620546204504,0.6781482332541038,N316488,1,206.5,False,1.5666223301806999,0.6878542558551937,0.6814185826496172,2.5159051706603206,0.47163556234909304,0.4621028079303534,0.18659034998137125,0.162606843848629,True,True,False,False,1.5159051706603206,1
2025-03-29,2024-25,N316499,1,223.5,False,1.767748307449926,0.5962340129410283,0.5915725410867164,N316494,-1,226.5,False,1.4261962891945477,0.7130551803640677,0.6990948305413168,2.5211560763150267,0.4251477516368568,0.4135653053639142,0.07186383737093327,0.042662682571311894,True,True,False,False,1.5211560763150267,1
2025-03-30,2024-25,N316506,-1,224.5,False,1.6364514438072164,0.6332012431729686,0.6282649347800304,N316508,1,217.5,False,1.5381332284602023,0.6473838493173012,0.6427998636219211,2.517080342481553,0.40992425819781686,0.4038486143950387,0.031812292216057525,0.016519408632164723,True,True,False,False,1.5170803424815529,1
2025-03-31,2024-25,N316512,1,215.5,False,1.6276624782564486,0.6719717420986329,0.6611370392958842,N316511,-1,219.5,False,1.5488005067478945,0.6775370564643248,0.6719653927384741,2.5209244711381213,0.45528575616871214,0.4442612102644108,0.14774100408633029,0.11994895653299142,True,True,False,False,1.5209244711381213,1
2025-04-01,2024-25,N316519,-1,226.5,False,1.7364075736496463,0.6286252387046278,0.6236807258649659,N316520,-1,246.5,False,1.4485915849023205,0.727065646112077,0.7119371766204706,2.515345399149534,0.45705181534113887,0.44402149508490957,0.14964318089127615,0.11686742478532475,False,False,False,False,-1.0,0
2025-04-02,2024-25,N316530,1,227.5,False,1.767748307449926,0.7172001260505855,0.6971051649779761,N316528,1,221.5,False,1.4601108806462808,0.6971663120427449,0.6844908779486686,2.581108537951684,0.5000077668752785,0.47716212639832634,0.29057431612393647,0.23160723843390074,False,True,False,False,-1.0,0
2025-04-03,2024-25,N316537,-1,234.5,False,1.6059423654264695,0.6526390199003748,0.6320718852828117,N316534,1,210.5,False,1.5666223301806999,0.6408672697861069,0.6353211024209798,2.5159051706603206,0.41825498683943385,0.401568606967183,0.052289884043795976,0.010308534643597822,False,False,False,False,-1.0,0
2025-04-04,2024-25,N316546,1,216.5,False,1.7303092486980394,0.6294177500027934,0.615383317245206,N316545,-1,242.5,False,1.4485915849023205,0.6986482745211,0.6892201133200112,2.5065114169426366,0.4397416249924047,0.42413455964698527,0.10221740354836983,0.06309811607510629,True,True,False,False,1.5065114169426366,1
2025-04-05,2024-25,N316548,-1,240.5,False,1.6364514438072164,0.6557912002589505,0.6451917606630412,N316551,-1,221.5,False,1.5488005067478945,0.6874500409434466,0.6714311019515717,2.5345368254369403,0.45082368746836754,0.4332018148320605,0.14262923766785174,0.09796595253797191,True,False,False,False,-1.0,0
2025-04-06,2024-25,N354902,1,217.5,False,1.6276624782564486,0.662047228919442,0.6565718146005868,N316569,-1,233.5,False,1.5488005067478945,0.6662487594014802,0.659087288670876,2.5209244711381213,0.441088144932766,0.4327381371028178,0.11194989848992809,0.09090015941721674,True,True,False,False,1.5209244711381213,1
2025-04-07,2024-25,N316577,-1,235.5,False,1.6364514438072164,0.6441786733028605,0.6265612528543996,N316579,1,207.5,False,1.5381332284602023,0.6394425081035239,0.6349493143237773,2.517080342481553,0.41191522652358165,0.3978346378817479,0.03682371945134344,0.001381746570414677,False,True,False,False,-1.0,0
2025-04-08,2024-25,N316583,1,224.5,False,1.6276624782564486,0.6369468513487739,0.6270638044690361,N316588,-1,228.5,False,1.5488005067478945,0.677686134504017,0.6533430287992231,2.5209244711381213,0.4316500495750554,0.4096877652621639,0.08815717294174052,0.03279191297527917,False,False,False,False,-1.0,0
2025-04-09,2024-25,N316600,-1,220.5,False,1.6059423654264695,0.6822570524168755,0.6617478552428511,N316612,1,222.5,False,1.5666223301806999,0.646290678140919,0.6362693388372603,2.5159051706603206,0.440936373072927,0.4210498703323439,0.10935410094638542,0.0593215458750016,True,True,False,False,1.5159051706603206,1
2025-04-10,2024-25,N316623,-1,229.5,False,1.7364075736496463,0.6262906403326688,0.6192964528643773,N316627,-1,241.5,False,1.4485915849023205,0.6963973612959152,0.6873728105878124,2.515345399149534,0.43614714933199966,0.4256875433924497,0.09706072542443023,0.07075120374746602,True,False,False,False,-1.0,0
2025-04-11,2024-25,N316643,1,218.5,False,1.660335153457363,0.6679637995470368,0.6557807648925464,N316645,1,231.5,False,1.5381332284602023,0.6859108125439297,0.6745046802479318,2.553816669913339,0.4581635924972386,0.44232719513659113,0.1700658200668299,0.1296225644958371,True,False,False,False,-1.0,0
2025-04-13,2024-25,N316675,1,220.5,False,1.767748307449926,0.6891325874080994,0.6814853187778782,N316661,1,206.5,False,1.4364097595314311,0.7020769803278303,0.6911189310266502,2.5392109212162426,0.48382412601298297,0.4709874050241232,0.22853150472007,0.1959363625925512,False,True,False,False,-1.0,0
2025-04-15,2024-25,N356881,1,215.5,False,1.8478964052099935,0.5687787086890448,0.5612597197504933,N356914,1,225.5,False,1.694528274757566,0.572563070076356,0.5692340269421027,3.1313127074511984,0.3256616836410648,0.3194881304339693,0.019748568315218318,0.0004172427077140384,False,True,False,False,-1.0,0
2025-04-16,2024-25,N356915,1,214.5,False,1.6276624782564486,0.6551878530353289,0.6434718688348802,N356916,1,210.5,False,1.5666223301806999,0.6395011482369197,0.6333131145327209,2.54993238443381,0.418993384326975,0.4075191733660084,0.06840479955887524,0.03914633744368112,False,True,False,False,-1.0,0
2025-04-18,2024-25,N356960,1,216.5,False,1.5964455612916995,0.6691854649522933,0.6479497856569174,N356959,1,213.5,False,1.5666223301806999,0.6624507975460849,0.6480359621897983,2.5010272652374375,0.4433024449638943,0.41989476279885407,0.10871150160111798,0.050168250290340444,True,True,False,False,1.5010272652374375,1
2025-04-19,2024-25,N356919,1,221.5,False,1.660335153457363,0.613550387478626,0.6036518859642428,N356918,1,217.5,False,1.7303092486980394,0.5858957365546789,0.577792242474671,2.8728932719657534,0.3594765561851982,0.3487853768653442,0.032737779693875035,0.002023162556487268,False,True,False,False,-1.0,0
2025-04-20,2024-25,N356924,-1,211.5,False,1.6059423654264695,0.6555763401044528,0.6413096348210666,N356922,1,209.5,False,1.5666223301806999,0.6596284359294372,0.6444295676576827,2.5159051706603206,0.432436795855445,0.41327889070244633,0.08796997067649559,0.03977049804304622,True,True,False,False,1.5159051706603206,1
2025-04-21,2024-25,N356967,1,218.5,True,1.925925925925926,0.525189323440086,0.5134988301405077,N356953,1,221.5,True,1.9090909090909092,0.5139822603373706,0.5073061634812022,3.6767676767676774,0.26993799556678977,0.26050112147066645,,,False,False,False,False,-1.0,0
2025-04-22,2024-25,N356981,1,225.5,False,1.694528274757566,0.6379563833262669,0.6205626874463945,N356973,1,209.5,False,1.4849311940869916,0.669104388119931,0.66383959671622,2.5162578944499225,0.426859415512726,0.4119540841715482,0.07408837410417624,0.03658271644754607,False,False,False,False,-1.0,0
2025-04-23,2024-25,N356947,1,202.5,False,1.767748307449926,0.619909275673333,0.6041947579070515,N356982,-1,209.5,False,1.4261962891945477,0.7125968324959833,0.7010916488909377,2.5211560763150267,0.4417453862796964,0.4235958990723156,0.11370906480318532,0.06795137484829539,True,True,False,False,1.5211560763150267,1
2025-04-24,2024-25,N356968,1,210.5,False,1.6276624782564486,0.6497961705460107,0.6330504425565664,N356954,1,209.5,False,1.5666223301806999,0.6472642633615845,0.6384847774665708,2.54993238443381,0.4205898396636421,0.4041930709408435,0.07247565272214485,0.03066500115580917,False,True,False,False,-1.0,0
2025-04-25,2024-25,N356974,1,202.5,False,1.6276624782564486,0.6273725595857462,0.6205656414586093,N356983,-1,203.5,False,1.5488005067478945,0.653650515372168,0.6420881643892855,2.5209244711381213,0.4100823969035792,0.3984578536072179,0.033786749537208394,0.004482153875606798,True,True,False,False,1.5209244711381213,1
2025-04-26,2024-25,N356976,1,208.5,False,1.5666223301806999,0.6751185431669829,0.6635096956289417,N356969,1,208.5,False,1.5964455612916995,0.6578759703074439,0.6464374376733669,2.5010272652374375,0.44414426665852685,0.42891750751380864,0.11081692061186255,0.07273438082971873,True,False,False,False,-1.0,0
2025-04-27,2024-25,N356955,1,214.5,False,1.694528274757566,0.6008754568673381,0.594111857116778,N356984,-1,203.5,False,1.4964798504328476,0.6742662303698679,0.6648932188853792,2.5358274191634336,0.40515002922371224,0.39502094505634505,0.027390552980355976,0.001704943617732102,False,False,False,False,-1.0,0
2025-04-28,2024-25,N356949,1,197.5,False,1.6276624782564486,0.6524197371543806,0.6333033381144256,N356977,1,205.5,False,1.5666223301806999,0.6564576095416198,0.6397873153276239,2.54993238443381,0.4282859010701366,0.40517944248025084,0.09210008893515642,0.03318018188722771,True,True,False,False,1.5499323844338102,1
2025-04-29,2024-25,N356964,1,219.5,False,1.5964455612916995,0.6545884410708039,0.6452337354428059,N356970,1,202.5,False,1.5666223301806999,0.6704347982517068,0.6548800156343947,2.5010272652374375,0.4388588694272037,0.42255067875462365,0.09759799802871294,0.0568107685098993,True,True,False,False,1.5010272652374375,1
2025-04-30,2024-25,N356950,1,199.5,False,1.5964455612916995,0.6577081611690259,0.641294485116712,N356989,1,205.5,False,1.5964455612916995,0.6330573681464067,0.6263602540058941,2.548638430167969,0.41636699751807615,0.40168137659028286,0.0611689309282204,0.02374059306076748,True,False,False,False,-1.0,0
2025-05-01,2024-25,N356971,1,208.5,False,1.6276624782564486,0.651653145534833,0.637228972605042,N356957,1,207.5,False,1.5666223301806999,0.6435887230962597,0.6365317158658339,2.54993238443381,0.41939661583642424,0.4056164513317098,0.06943301264324409,0.03429452490984741,True,True,False,False,1.5499323844338102,1
2025-05-04,2024-25,N358762,1,223.5,False,1.6276624782564486,0.639440140743582,0.6348506360898146,N356952,1,196.5,False,1.5666223301806999,0.6935334437312768,0.6631848685110593,2.54993238443381,0.44347312286990875,0.42102333561938604,0.13082647763197452,0.07358103809821737,True,False,False,False,-1.0,0
2025-05-05,2024-25,N358769,-1,219.5,False,1.4964798504328476,0.6912647119107383,0.6753819173885014,N358799,1,223.5,False,1.8069186196449039,0.558963455216778,0.5477708744404953,2.7040173056705332,0.38639171183905696,0.36995454346919776,0.04480987558047178,0.00036348785215234436,True,True,False,False,1.7040173056705332,1
2025-05-06,2024-25,N358795,1,207.5,True,1.9090909090909092,0.5345576087543972,0.5241860932114973,N358763,1,229.5,True,1.9174311926605505,0.5054770906992614,0.5025052404408735,3.6605504587155964,0.27020662488432673,0.2634062588050056,,,False,True,False,False,-1.0,0
2025-05-07,2024-25,N358800,1,226.5,False,1.694528274757566,0.603916885835127,0.5970683348725291,N358770,-1,217.5,False,1.4964798504328476,0.6743035514159899,0.6621439520509603,2.5358274191634336,0.40722330087871106,0.3953451868969826,0.03264801209047641,0.002527164967660811,True,True,False,False,1.5358274191634336,1
2025-05-09,2024-25,N358764,-1,229.5,True,1.925925925925926,0.5274550602308881,0.5247265315801255,N358801,-1,234.5,True,1.8928571428571428,0.5228163719755384,0.5209857968657992,3.6455026455026456,0.275762140970052,0.2733750701918986,,,False,True,False,False,-1.0,0
2025-05-10,2024-25,N358797,1,196.5,False,1.6276624782564486,0.6466327775845201,0.6326829253797526,N358771,-1,210.5,False,1.5488005067478945,0.6579979200787232,0.6442258557907439,2.5209244711381213,0.42548302270534183,0.40759069904696243,0.07261056399171317,0.027505367435781025,True,True,False,False,1.5209244711381213,1
2025-05-11,2024-25,N358802,1,220.5,False,1.767748307449926,0.6676461092453918,0.6613984646596871,N358765,-1,238.5,False,1.4485915849023205,0.6694760232758038,0.6625539425576575,2.560745322397283,0.4469730621731678,0.43821216036185723,0.14458417819752922,0.12214973986423394,False,True,False,False,-1.0,0
2025-05-12,2024-25,N358798,1,194.5,False,1.6276624782564486,0.6644404172752072,0.6454959738325267,N358772,-1,214.5,False,1.5488005067478945,0.6684536348135977,0.6547865496393209,2.5209244711381213,0.4441476120446758,0.4226620815118735,0.11966258400098373,0.06549918430545731,True,False,False,False,-1.0,0
2025-05-13,2024-25,N358834,1,214.5,False,1.694528274757566,0.6620224387850027,0.6503344400101589,N358766,1,223.5,False,1.5109211195439671,0.659379257098682,0.6534873690321924,2.560298557995609,0.4365238638687127,0.42498534219326295,0.11763141919373665,0.08808935878668134,True,False,False,False,-1.0,0
2025-05-14,2024-25,N358831,1,198.5,False,1.6276624782564486,0.6580700762576561,0.6338441475641826,N358773,-1,213.5,False,1.5488005067478945,0.6384087690719971,0.6299857242531116,2.5209244711381213,0.42011770734676546,0.39931276436681773,0.059085009208904804,0.0066373193301212385,True,False,False,False,-1.0,0
2025-10-26,2025-26,N362158,1,225.5,False,1.6253617862249081,0.6804288227659059,0.6472758980445946,N362153,1,222.5,False,1.5648838911684115,0.6895375108019811,0.6609633840886044,2.543502476584074,0.46918119672792513,0.4278256680105458,0.19336353584415722,0.088175646131059,False,True,False,False,-1.0,0
2025-10-27,2025-26,N361985,1,218.5,False,1.6915666298781178,0.7431872638200436,0.733560127078056,N362170,1,215.5,False,1.4838778147935332,0.7421742446348449,0.7260198666243343,2.5100781943212027,0.5515744461478781,0.5325792256221399,0.38449498982058317,0.3368155009826055,True,True,False,False,1.5100781943212027,1
2025-10-28,2025-26,N362172,1,231.5,False,1.6253617862249081,0.6593596622702416,0.6480930122520138,N362173,-1,234.5,False,1.5526064031378808,0.6964705058148106,0.674067404573837,2.5235471167084156,0.45922455749523783,0.43685837469115485,0.1588748079888056,0.1024326918617886,True,True,False,False,1.5235471167084156,1
2025-10-29,2025-26,N362184,1,219.5,False,1.6253617862249081,0.6801265721208528,0.6540149276089142,N362179,1,230.5,False,1.5648838911684115,0.6870902875606274,0.6663762004173232,2.543502476584074,0.46730836201614057,0.43581998247623893,0.18859997611650048,0.1085092047731413,True,False,False,False,-1.0,0
2025-10-30,2025-26,N362188,-1,233.5,False,1.778104746547597,0.5988998587249779,0.5949936505025273,N362187,-1,240.5,False,1.4075692767860537,0.7159042605348928,0.7068891511307107,2.5028056121478506,0.42875496049495704,0.42059455653189426,0.0730903213630083,0.052666416526861326,False,True,False,False,-1.0,0
2025-10-31,2025-26,N362039,1,220.5,False,1.8432592262651437,0.7801508411126766,0.7674858214163293,N362045,-1,239.5,False,1.4075692767860537,0.8010929386053406,0.777630877267152,2.594515056043249,0.6249733298623823,0.5968206725980808,0.621502713953435,0.5484602208135796,False,False,False,False,-1.0,0
2025-11-01,2025-26,N362191,1,225.5,False,1.6915666298781178,0.6934193771604332,0.6711050416144312,N362195,1,217.5,False,1.5096586347116214,0.6799035538768712,0.6745560451394524,2.5536881689855377,0.4714582988584651,0.45269796274457835,0.2039574799649102,0.15604943158468543,True,True,False,False,1.5536881689855377,1
2025-11-02,2025-26,N362198,1,234.5,False,1.6577171561446242,0.6618300400137962,0.6431132533943554,N362200,1,226.5,False,1.5096586347116214,0.7093433712925505,0.6878746184575807,2.5025870186833252,0.46946475180606984,0.44238128380365566,0.17487639359925966,0.10709765815549255,False,True,False,False,-1.0,0
2025-11-03,2025-26,N362204,1,224.5,False,1.6577171561446242,0.6661163766543119,0.6429927174272687,N362209,1,230.5,False,1.5096586347116214,0.6894814836150069,0.6740141192728962,2.5025870186833252,0.45927490763586776,0.43338617013562675,0.14937542185650576,0.08458660345830249,True,False,False,False,-1.0,0
2025-11-04,2025-26,N362218,-1,228.5,False,1.6101489345607827,0.6631960122409584,0.6439756937195362,N362216,1,233.5,False,1.5648838911684115,0.6745076325831618,0.6553753812003689,2.5196961300761496,0.4473307721552424,0.42204581575521305,0.1271376154635402,0.06342720867324192,False,False,False,False,-1.0,0
2025-11-05,2025-26,N362229,-1,236.5,False,1.6101489345607827,0.6863210688989448,0.6813410346027263,N362227,1,222.5,False,1.5648838911684115,0.6818220175642257,0.6748706868055714,2.5196961300761496,0.4679488158935145,0.4598170919711605,0.17908882048060493,0.15859934718260194,False,True,False,False,-1.0,0
2025-11-07,2025-26,N362047,1,230.5,False,1.6253617862249081,0.6480031754028387,0.6261006929164701,N362052,1,222.5,False,1.5648838911684115,0.6522754101953969,0.6417264970950833,2.543502476584074,0.42267653704380637,0.4017854044940908,0.07507881876490163,0.02194217138605392,True,False,False,False,-1.0,0
2025-11-08,2025-26,N362231,1,222.5,False,1.5096586347116214,0.6793040882518335,0.6687772749742856,N362234,1,227.5,False,1.6577171561446242,0.6176239398108606,0.6062805860403296,2.5025870186833252,0.419554467315722,0.40546667820186455,0.04997156353492316,0.0147156453766355,False,False,False,False,-1.0,0
2025-11-09,2025-26,N362240,1,229.5,False,1.6253617862249081,0.6421608481854646,0.6303082968487045,N362241,-1,233.5,False,1.5526064031378808,0.6391142587064553,0.6288030702707572,2.5235471167084156,0.4104141544583618,0.39633979227559724,0.035699456139721475,0.00018214003389571687,False,True,False,False,-1.0,0
2025-11-10,2025-26,N362252,-1,237.5,False,1.672968745157728,0.6705362825612617,0.6657066790120678,N362247,1,223.5,False,1.5096586347116214,0.6782210193140533,0.6723558753582669,2.52561171173003,0.45477180104575504,0.4475917968990037,0.14857698688571808,0.13044308432241247,True,True,False,False,1.52561171173003,1
2025-11-11,2025-26,N362259,-1,232.5,False,1.778104746547597,0.601981392779169,0.5981698169776626,N362257,-1,236.5,False,1.4075692767860537,0.7268148260455526,0.7171799323847446,2.5028056121478506,0.43752900127545113,0.4289953888946351,0.095050039869643,0.07369206691104258,False,True,False,False,-1.0,0
2025-11-12,2025-26,N362265,1,234.5,False,1.6253617862249081,0.7550322574648864,0.7494883798367902,N362271,1,220.5,False,1.5648838911684115,0.7765334834714969,0.7644158531708158,2.543502476584074,0.5863078290225564,0.5729207993145524,0.491275415159504,0.4572254719430915,True,True,False,False,1.5435024765840741,1
2025-11-13,2025-26,N362273,-1,241.5,False,1.8562024480815744,0.5556676275786044,0.5473047237717565,N362274,-1,237.5,False,1.5526064031378808,0.6386880657788069,0.6341013816626364,2.8819518064116623,0.35489828227407727,0.3470466815341584,0.022799745692172912,0.00017181075654071343,True,True,False,False,1.8819518064116623,1
2025-11-14,2025-26,N362058,1,213.5,False,1.8027494987114874,0.866447503397738,0.8591232959206901,N362065,1,223.5,False,1.4132527904951961,0.7233955908771622,0.717212707527176,2.5477407596178256,0.6267843036844487,0.6161741451669495,0.5968839179855472,0.569851984664508,True,False,False,False,-1.0,0
2025-11-15,2025-26,N362279,1,221.5,False,1.7640130586672955,0.7558288274174617,0.7504179025342059,N362277,1,222.5,False,1.4357231311076009,0.7093631621371446,0.703936128803883,2.5326343519045054,0.5361571270512607,0.5282462732950585,0.3578899579884516,0.33785465801260073,True,True,False,False,1.5326343519045054,1
2025-11-16,2025-26,N362288,1,233.5,False,1.5648838911684115,0.6635974953602717,0.6550316734041176,N362281,-1,225.5,False,1.6101489345607827,0.6405135063004619,0.624570848398086,2.5196961300761496,0.4250431585254121,0.4091136879856277,0.07097960165182426,0.030842176378567343,True,False,False,False,-1.0,0
2025-11-17,2025-26,N362294,1,222.5,False,1.5648838911684115,0.6705887565253931,0.6489622793503984,N362293,-1,243.5,False,1.6101489345607827,0.6456896333770945,0.6319450327140983,2.5196961300761496,0.43299220834768276,0.41010848885430334,0.09100879172678211,0.03334877227756561,False,True,False,False,-1.0,0
2025-11-18,2025-26,N362297,-1,229.5,False,1.6101489345607827,0.6662581326861006,0.6536030859362912,N362299,1,227.5,False,1.5648838911684115,0.6783315775659079,0.6689907327720832,2.5196961300761496,0.4519439302110786,0.43725440740261434,0.1387613719642602,0.10174823819110745,False,False,False,False,-1.0,0
2025-11-19,2025-26,N362303,1,223.5,False,1.5096586347116214,0.7293071697892463,0.7232833428314452,N362309,1,231.5,False,1.6577171561446242,0.6901602211966303,0.668880698187713,2.5025870186833252,0.5033387976220346,0.48379026734064007,0.25964914092857727,0.21072724281202126,True,False,False,False,-1.0,0
2025-11-20,2025-26,N362312,-1,224.5,False,1.6101489345607827,0.6369915293004228,0.6234464545522166,N362315,1,228.5,False,1.5648838911684115,0.6421441042077873,0.6371432272207953,2.5196961300761496,0.4090403549705685,0.3972246860527622,0.030657399464315782,0.0008855042178583794,False,True,False,False,-1.0,0
2025-11-21,2025-26,N362066,1,225.5,False,1.8027494987114874,0.7661307723090064,0.7553741919966207,N362072,1,221.5,False,1.4357231311076009,0.7673861633524841,0.7604200414913381,2.5882491548927145,0.587918153988484,0.5744016744195564,0.5216786652067784,0.4866946483853769,True,False,False,False,-1.0,0
2025-11-22,2025-26,N362321,1,220.5,False,1.6253617862249081,0.6846185326399871,0.6667632814477273,N362320,1,238.5,False,1.5648838911684115,0.6608865746102794,0.6430552631988481,2.543502476584074,0.4524551969511568,0.4287656374426959,0.15082091398860253,0.09056646070964636,False,True,False,False,-1.0,0
2025-11-23,2025-26,N362323,-1,243.5,False,1.6101489345607827,0.6360881509653924,0.6257262706559764,N362330,-1,239.5,False,1.5807452372907085,0.6322743423383255,0.6279339099511558,2.5452352596356658,0.40218221732084497,0.39291474369216245,0.02364836032346851,6.045967600210034e-05,False,True,False,False,-1.0,0
2025-11-24,2025-26,N362334,1,230.5,False,1.6577171561446242,0.6358054719463527,0.6255246987139071,N362336,1,226.5,False,1.5096586347116214,0.6852010658691094,0.6728723752608458,2.5025870186833252,0.43565458706305304,0.42089828980795163,0.09026351421384105,0.05333459625939185,False,True,False,False,-1.0,0
2025-11-25,2025-26,N362076,1,213.5,False,1.8432592262651437,0.7912673528681335,0.7837273482476946,N362077,1,211.5,False,1.4132527904951961,0.7903791586381452,0.7761683764356113,2.6049912451252304,0.6254012246177477,0.6083043834576001,0.6291647148198307,0.5846275932783493,True,True,False,False,1.6049912451252304,1
2025-11-26,2025-26,N362082,1,222.5,False,1.6577171561446242,0.6637122843479415,0.65740031934748,N362086,1,215.5,False,1.5096586347116214,0.7070753098735466,0.701812089225673,2.5025870186833252,0.4692945691222002,0.4613714915788795,0.17445049662380296,0.15462230561586687,False,False,False,False,-1.0,0
2025-11-28,2025-26,N362091,1,222.5,False,1.8027494987114874,0.7387839034755441,0.7332221757783622,N362096,1,219.5,False,1.4357231311076009,0.7546318125931469,0.7483472966002759,2.5882491548927145,0.5575098361943903,0.5487048330511096,0.4429743623745066,0.42018482043008265,True,True,False,False,1.5882491548927145,1
2025-11-29,2025-26,N362347,1,225.5,False,1.6253617862249081,0.6724787659327172,0.6676600594147482,N362344,-1,243.5,False,1.5526064031378808,0.6612322368745056,0.6557468710457572,2.5235471167084156,0.44466463864829764,0.43781599488344547,0.12213216676310101,0.10484929153694544,True,False,False,False,-1.0,0
2025-11-30,2025-26,N362349,1,226.5,False,1.726975820390858,0.7004598452290933,0.6946808710774041,N362351,-1,243.5,False,1.451692676535661,0.7290494201878285,0.7207595892983802,2.507038151015574,0.5106698440291265,0.5006978993311908,0.28026878155419266,0.2552687357566503,True,True,False,False,1.507038151015574,1
2025-12-01,2025-26,N362364,1,230.5,False,1.6915666298781178,0.6422341108191887,0.622734588527768,N362358,1,225.5,False,1.4838778147935332,0.6937376624835899,0.6791065076300795,2.5100781943212027,0.4455419908069308,0.4229031115955471,0.11834523577893474,0.061519878726568944,True,False,False,False,-1.0,0
2025-12-02,2025-26,N362366,1,232.5,False,1.6253617862249081,0.6313716564301449,0.6231839576589122,N362371,-1,229.5,False,1.5526064031378808,0.6490652210960363,0.643963491455274,2.5235471167084156,0.4098013837746027,0.4013077171929487,0.034153100447517515,0.012718932635102043,False,False,False,False,-1.0,0
2025-12-03,2025-26,N362372,1,231.5,False,1.726975820390858,0.6120572046626168,0.6027561784285624,N362378,-1,240.5,False,1.451692676535661,0.692038960632501,0.6837325431173233,2.507038151015574,0.4235674317623513,0.4121240147566401,0.06189971095590052,0.033210627944602056,True,True,False,False,1.507038151015574,1
2025-12-04,2025-26,N362384,-1,235.5,False,1.6101489345607827,0.6584566558993549,0.641595966000119,N362385,1,228.5,False,1.5648838911684115,0.6447585641880804,0.6387098131883393,2.5196961300761496,0.42454556803775295,0.40979363958632814,0.0697258248257071,0.032555447795491466,False,True,False,False,-1.0,0
2025-12-05,2025-26,N362388,1,234.5,False,1.6577171561446242,0.6420601949885739,0.62936791503687,N362397,1,220.5,False,1.5096586347116214,0.6950728539012376,0.6794604373124525,2.5025870186833252,0.4462786121070932,0.42763059878137816,0.1168510613752225,0.07018278530205424,True,True,False,False,1.5025870186833252,1
2025-12-06,2025-26,N362402,1,217.5,False,1.6253617862249081,0.6683307341864414,0.6631164711057255,N362399,1,228.5,False,1.5648838911684115,0.6757276064004085,0.6671268701595119,2.543502476584074,0.45160952729563175,0.442382815919983,0.14866995112540238,0.12520178789071346,False,True,False,False,-1.0,0
2025-12-07,2025-26,N362411,1,231.5,False,1.6253617862249081,0.6444610772467304,0.6323165884858111,N362408,1,228.5,False,1.5648838911684115,0.6483036756357238,0.641017519612991,2.543502476584074,0.41780648518321345,0.405326011161323,0.06269182979639054,0.0309477132127689,True,False,False,False,-1.0,0
2025-12-08,2025-26,N362414,-1,238.5,True,1.8695652173913042,0.5213746977351618,0.5195218131136707,N362413,1,226.5,True,1.9090909090909092,0.5138694559241127,0.5102125808465918,3.569169960474308,0.2679185322577663,0.2650665650748267,,,False,False,False,False,-1.0,0
2025-12-09,2025-26,N372668,-1,240.5,False,1.741523569136597,0.7256467779102436,0.7025240426643549,N372667,-1,246.5,False,1.451692676535661,0.7445351820359777,0.7226717611830454,2.5281570113298435,0.5402695558852239,0.5076942871856823,0.3658862657192896,0.2835308717605898,True,True,False,False,1.5281570113298435,1
2025-12-10,2025-26,N372669,-1,229.5,False,1.672968745157728,0.6312782131444689,0.6243012369440942,N372670,-1,242.5,False,1.4999179924863602,0.6757283505696265,0.6681863049747537,2.5093159217294043,0.4265725857186531,0.41714953670484256,0.07040538111709727,0.04675997419550604,True,False,False,False,-1.0,0
2025-12-11,2025-26,N372671,-1,229.5,False,1.741523569136597,0.5809897567082595,0.575007572097592,N372672,-1,224.5,False,1.672968745157728,0.6029097585354056,0.5969830198958997,2.9135145001210603,0.3502843939285208,0.34326975685382977,0.020558660876862644,0.00012141404666365929,True,False,False,False,-1.0,0
2025-12-12,2025-26,N372677,-1,232.5,False,1.672968745157728,0.6398797436510383,0.6349064887570203,N372681,-1,232.5,False,1.4999179924863602,0.6822526747075699,0.676564816255768,2.5093159217294043,0.43655966659711504,0.42955539190548825,0.09546612217702122,0.07789018417315563,True,False,False,False,-1.0,0
2025-12-13,2025-26,N362098,1,220.5,False,1.5648838911684115,0.6562965396604271,0.6418701168539437,N362099,-1,227.5,False,1.6101489345607827,0.6394886055970093,0.6224255357155225,2.5196961300761496,0.4196941590055888,0.39951635134260094,0.05750174826194643,0.006659804380094947,False,False,False,False,-1.0,0
2025-12-14,2025-26,N372684,-1,239.5,False,1.672968745157728,0.6178046400624648,0.6129987405281413,N373418,-1,235.5,False,1.4999179924863602,0.6804976135075774,0.6724124091301703,2.5093159217294043,0.42041458317641517,0.4121879599122877,0.05495300729180963,0.03430981055306481,True,True,False,False,1.5093159217294043,1
2025-12-15,2025-26,N372853,-1,242.5,False,1.6101489345607827,0.6814885757009143,0.6571985378965546,N372692,1,221.5,False,1.5648838911684115,0.6702193277648198,0.6649618415979248,2.5196961300761496,0.4567468150856713,0.43701195005515653,0.15086318239597274,0.10113731935100967,True,True,False,False,1.5196961300761496,1
2025-12-17,2025-26,N362416,-1,246.5,False,1.672968745157728,0.6566846978888217,0.649109228042778,N362418,1,228.5,False,1.5096586347116214,0.6699329585671399,0.6637737316983053,2.52561171173003,0.4399347225024267,0.43086165457776104,0.1111042875488295,0.088189240936972,True,False,False,False,-1.0,0
2025-12-18,2025-26,N362420,-1,233.5,False,1.778104746547597,0.6778157365460189,0.6712141970834006,N362419,-1,243.5,False,1.4075692767860537,0.7473330204748166,0.7419913166038701,2.5028056121478506,0.5065540817182989,0.4980351058171219,0.2678063985809591,0.2464850578857416,True,False,False,False,-1.0,0
2025-12-19,2025-26,N362431,1,235.5,False,1.6253617862249081,0.6639527714532031,0.6561812651238713,N362429,-1,235.5,False,1.5526064031378808,0.6594228476720129,0.6523071924159336,2.5235471167084156,0.4378256272713963,0.4280317587688879,0.10487359932178553,0.08015831070085921,False,True,False,False,-1.0,0
2025-12-20,2025-26,N362441,1,234.5,False,1.6253617862249081,0.688057610770107,0.6807930621935846,N362439,1,227.5,False,1.5648838911684115,0.6878321287941899,0.6807734142564894,2.543502476584074,0.47326813114904676,0.46346581735165715,0.203758663665917,0.17882645424600208,True,True,False,False,1.5435024765840741,1
2025-12-21,2025-26,N362446,-1,227.5,False,1.672968745157728,0.713626114053869,0.6929054893349307,N362449,-1,238.5,False,1.5256805974200527,0.69048093669109,0.6850845278880554,2.5524159545773184,0.4927452276791381,0.474698830032063,0.25769078067006546,0.21162886739302422,True,False,False,False,-1.0,0
2025-12-22,2025-26,N362453,1,232.5,False,1.7640130586672955,0.8203666431727273,0.8022003253475551,N362450,1,224.5,False,1.4357231311076009,0.7502961509860021,0.7449384940654064,2.5326343519045054,0.6155179347698043,0.5975899023031868,0.558881865811323,0.513476714924308,True,True,False,False,1.5326343519045054,1
2025-12-23,2025-26,N362459,1,196.5,False,1.8432592262651437,0.903037225951514,0.896270740772944,N362458,1,223.5,False,1.4132527904951961,0.7478823693867851,0.7392175705671724,2.6049912451252304,0.675365620189088,0.6625390795646157,0.7593215278511456,0.725908501819152,True,True,False,False,1.6049912451252304,1
2025-12-25,2025-26,N361989,-1,233.5,False,1.672968745157728,0.6835968138640325,0.6770831878439348,N361990,-1,243.5,False,1.4999179924863602,0.7318681839450581,0.7166691133921343,2.5093159217294043,0.5003027587132974,0.48524460792483276,0.2554176781244215,0.21763202059912512,True,False,False,False,-1.0,0
2025-12-26,2025-26,N362472,-1,237.5,False,1.672968745157728,0.7305921306544748,0.7169562038645537,N362473,-1,240.5,False,1.4999179924863602,0.7021937282617514,0.6961202623448385,2.5093159217294043,0.5130172120629622,0.4990877407239526,0.2873222583508215,0.25236881413857115,False,True,False,False,-1.0,0
2025-12-27,2025-26,N362487,-1,230.5,False,1.672968745157728,0.6592523696227451,0.6514250385613732,N362486,-1,244.5,False,1.4999179924863602,0.7053974931396689,0.6989761728720805,2.5093159217294043,0.46503496887827084,0.4553305803666761,0.16691965156718314,0.14256827496439062,True,True,False,False,1.5093159217294043,1
2025-12-28,2025-26,N362489,-1,230.5,False,1.6101489345607827,0.6772551092743329,0.6544202230146217,N362492,1,221.5,False,1.5648838911684115,0.6657694953210264,0.6603226824958642,2.5196961300761496,0.45089579230515914,0.43212851714055667,0.1361203829389288,0.08883255233460585,False,True,False,False,-1.0,0
2025-12-29,2025-26,N362498,-1,236.5,False,1.4075692767860537,0.7852787550552605,0.7794761128630356,N362495,-1,241.5,False,1.778104746547597,0.6478409970656902,0.6431035319342456,2.5028056121478506,0.5087357716495039,0.5012838412405949,0.27326674438474563,0.25461601113599297,True,True,False,False,1.5028056121478506,1
2025-12-30,2025-26,N362507,1,238.5,False,1.8027494987114874,0.5683363171471157,0.5594517851207872,N362509,1,220.5,False,1.7640130586672955,0.5654235483066532,0.5622533278744325,3.1800736572329846,0.32135073707285755,0.3145536279694545,0.021919013697797585,0.0003037060927268964,True,True,False,False,2.1800736572329846,1
2025-12-31,2025-26,N362514,1,232.5,False,1.7640130586672955,0.6254865304799231,0.6117228407083058,N362517,-1,241.5,False,1.429139704239752,0.7217227727742356,0.7133427317440842,2.5210211009388392,0.4514278731109065,0.4363680422611142,0.1380591936645359,0.10009304231563987,True,True,False,False,1.5210211009388392,1
2026-01-01,2025-26,N362519,-1,230.5,False,1.6101489345607827,0.6919858177629321,0.6842614509955236,N362521,1,223.5,False,1.5648838911684115,0.684134713584679,0.6787563135828669,2.5196961300761496,0.47341151923990343,0.46444678000458517,0.19285317296225557,0.17026475420388199,True,True,False,False,1.5196961300761496,1
2026-01-02,2025-26,N362527,1,231.5,False,1.7640130586672955,0.6924374228091309,0.656582377115537,N362528,-1,248.5,False,1.429139704239752,0.7397280260311824,0.7337067695628917,2.5210211009388392,0.5122153679247177,0.481738934865365,0.29130575076336407,0.21447401993938597,False,True,False,False,-1.0,0
2026-01-03,2025-26,N362534,-1,245.5,False,1.672968745157728,0.696072829778005,0.6869053285837454,N362540,1,232.5,False,1.5096586347116214,0.6996272344828367,0.683423287547625,2.52561171173003,0.486991508896228,0.4694470978946849,0.22995145838139242,0.18564108848049043,True,True,False,False,1.52561171173003,1
2026-01-04,2025-26,N362549,-1,248.5,False,1.6101489345607827,0.6645151431250468,0.6586991805935632,N362545,1,226.5,False,1.5648838911684115,0.6682173169724834,0.6630355480013626,2.5196961300761496,0.4440405260266046,0.4367409721729017,0.11884719502621333,0.10045453742975563,True,True,False,False,1.5196961300761496,1
2026-01-05,2025-26,N362555,1,223.5,False,1.6253617862249081,0.6864664475076205,0.660245135036042,N362552,-1,242.5,False,1.5526064031378808,0.6755152928523809,0.663839655290089,2.5235471167084156,0.46371858332144383,0.4382969028492844,0.17021569390494062,0.10606288544754006,True,True,False,False,1.5235471167084156,1
2026-01-06,2025-26,N362562,1,231.5,False,1.6577171561446242,0.6881173650560654,0.6687280525246996,N362558,1,226.5,False,1.5096586347116214,0.7113219245620587,0.6954748197647337,2.5025870186833252,0.4894729684362531,0.4650835218012368,0.2249486968049601,0.16391198426329834,False,True,False,False,-1.0,0
2026-01-07,2025-26,N362566,-1,237.5,False,1.672968745157728,0.6685091885988806,0.6608465223542336,N362573,1,231.5,False,1.5096586347116214,0.709464010100035,0.6860721694615899,2.52561171173003,0.4742832097320825,0.45338840727271607,0.19785522917625764,0.1450830713705964,True,True,False,False,1.52561171173003,1
2026-01-08,2025-26,N362579,1,240.5,False,1.8432592262651437,0.5634362690062633,0.5483574771604596,N362576,-1,237.5,False,1.741523569136597,0.571519836235685,0.5682988000119171,3.210079386569235,0.322015004191705,0.31163089624785145,0.033693727121797856,0.00035991626332365634,False,True,False,False,-1.0,0
2026-01-09,2025-26,N362583,-1,219.5,False,1.741523569136597,0.6373875552659236,0.6323250282784847,N362587,1,220.5,False,1.4357231311076009,0.7175323682589304,0.7078014899246362,2.5003456715784793,0.45734620202872805,0.4475605971321492,0.14352359665538694,0.11905620180844889,False,True,False,False,-1.0,0
2026-01-10,2025-26,N362595,-1,246.5,False,1.778104746547597,0.6426504730391767,0.6295949668543479,N362593,-1,240.5,False,1.4075692767860537,0.746640154956305,0.7410524471653646,2.5028056121478506,0.4798286487727136,0.4665628909104111,0.20091783501766725,0.16771622179050216,True,True,False,False,1.5028056121478506,1
2026-01-11,2025-26,N362598,-1,233.5,False,1.8163083283444397,0.734312029306011,0.7254339948624207,N362602,1,214.5,False,1.4132527904951961,0.7242118416943047,0.7124527381262711,2.5669028134324443,0.5317974671219885,0.5168374359696108,0.36507241453168016,0.3266714684776051,True,False,False,False,-1.0,0
2026-01-12,2025-26,N362606,1,244.5,False,1.7640130586672955,0.6553356670747431,0.6323211342582776,N362611,-1,235.5,False,1.429139704239752,0.7487397035816046,0.7408716867564549,2.5210211009388392,0.49067583311199625,0.4684688253096849,0.23700412899608692,0.18101979373774646,False,True,False,False,-1.0,0
2026-01-13,2025-26,N362616,-1,236.5,False,1.672968745157728,0.6904741165163875,0.6830711647748514,N362614,-1,234.5,False,1.4999179924863602,0.6948694338288518,0.6898488045497251,2.5093159217294043,0.4797893584172188,0.4712158264423195,0.20394307615266305,0.1824293758625919,False,True,False,False,-1.0,0
2026-01-14,2025-26,N362624,1,225.5,False,1.6253617862249081,0.6431611510028786,0.637425256027124,N362623,1,219.5,False,1.5648838911684115,0.6788243001287234,0.6557291903469575,2.543502476584074,0.4365934181995133,0.4179783470413681,0.11047644045076854,0.06312896085823749,False,True,False,False,-1.0,0
2026-01-15,2025-26,N362630,-1,231.5,False,1.778104746547597,0.6233308573838972,0.6173590624683344,N362632,1,221.5,False,1.4132527904951961,0.7208180130109175,0.7148187777782277,2.512911494851145,0.4493081100678524,0.4412998504839273,0.1290715145193495,0.10894746695715263,True,True,False,False,1.5129114948511448,1
2026-01-16,2025-26,N362637,-1,245.5,False,1.4999179924863602,0.7185067181415544,0.7101643286597631,N362636,-1,231.5,False,1.672968745157728,0.6563422046489312,0.6474149910677769,2.5093159217294043,0.47158628344009607,0.4597710324959143,0.18335896950542896,0.15371077219196527,True,True,False,False,1.5093159217294043,1
2026-01-17,2025-26,N362648,1,223.5,False,1.6915666298781178,0.7289082441147231,0.709839129466717,N362649,-1,235.5,False,1.4999179924863602,0.7136574727758447,0.7052004346783518,2.537211223643704,0.5201908153803918,0.5005788626516317,0.3198339752195001,0.2700743086385202,True,False,False,False,-1.0,0
2026-01-18,2025-26,N362650,-1,235.5,False,1.6101489345607827,0.6793898441036192,0.6744755153138354,N362652,1,223.5,False,1.5648838911684115,0.6620852124043352,0.650987592895414,2.5196961300761496,0.4498139692386929,0.4390751921810476,0.1333945175449267,0.10633606255102745,True,True,False,False,1.5196961300761496,1
2026-01-19,2025-26,N361991,-1,240.5,False,1.6101489345607827,0.7067504295460546,0.7016267525262186,N361992,1,225.5,False,1.5648838911684115,0.7302914605940528,0.7173343824728482,2.5196961300761496,0.5161338034686624,0.5033009932498249,0.3005003472014727,0.26816556495506605,True,True,False,False,1.5196961300761496,1
2026-01-20,2025-26,N362664,1,239.5,False,1.6253617862249081,0.637728525387395,0.6276585198464394,N362662,-1,232.5,False,1.5526064031378808,0.6543892488467478,0.6456654070421722,2.5235471167084156,0.41732269069640154,0.40525739370013864,0.05313347284390213,0.022686127396752243,True,False,False,False,-1.0,0
2026-01-21,2025-26,N362671,1,233.5,False,1.7640130586672955,0.5846965248188755,0.5781026127743291,N362670,-1,232.5,False,1.451692676535661,0.6822401728221039,0.676326128910784,2.560804838580584,0.39890345814091316,0.3909859022108719,0.021513905733778094,0.0012385901983960057,True,True,False,False,1.5608048385805842,1
2026-01-22,2025-26,N362680,1,229.5,False,1.726975820390858,0.7205399827358161,0.710723411846749,N362675,1,223.5,False,1.459249059526824,0.7074176227008878,0.6952820698653528,2.5200878417309247,0.5097226816479098,0.4941532448905733,0.28454593267538053,0.24530958440061812,True,False,False,False,-1.0,0
2026-01-23,2025-26,N362688,1,230.5,False,1.6253617862249081,0.6896399360594976,0.6699462834995754,N362685,1,228.5,False,1.5648838911684115,0.6658613825057962,0.6537923045862105,2.543502476584074,0.45920460125578594,0.4380057246381541,0.16798804055289374,0.11406864537514716,True,True,False,False,1.5435024765840741,1
2026-01-24,2025-26,N362691,-1,232.5,False,1.672968745157728,0.6174531077943902,0.6070653982463332,N362695,-1,239.5,False,1.4999179924863602,0.6711774325872282,0.6603685099610167,2.5093159217294043,0.4144205916324439,0.40088687248882227,0.03991218887581094,0.005951811948507135,True,True,False,False,1.5093159217294043,1
2026-01-25,2025-26,N362692,-1,243.5,False,1.6101489345607827,0.6452424909135601,0.6407335200697419,N362700,1,231.5,False,1.5648838911684115,0.6551059461324867,0.6465086072817818,2.5196961300761496,0.4227021924948103,0.4142397356990425,0.06508107860387713,0.04375825896464436,True,False,False,False,-1.0,0
2026-01-26,2025-26,N362710,1,219.5,False,1.726975820390858,0.6139904109944958,0.5970857571595134,N362709,-1,244.5,False,1.451692676535661,0.6936376066055593,0.6854865614250885,2.507038151015574,0.42588683916098574,0.40929426255117024,0.06771455379202473,0.02611633120756851,False,False,False,False,-1.0,0
2026-01-27,2025-26,N362714,1,230.5,False,1.6253617862249081,0.6450847448599294,0.6325703109732209,N362716,1,212.5,False,1.5648838911684115,0.6507098694032603,0.643576538067031,2.543502476584074,0.41976301008184014,0.40710741082013074,0.067668255721546,0.035478707656732666,False,True,False,False,-1.0,0
2026-01-28,2025-26,N362726,1,234.5,False,1.6253617862249081,0.6479719610151539,0.641109960749773,N362724,1,224.5,False,1.5648838911684115,0.6497963877053196,0.6424538484700874,2.543502476584074,0.4210498396019791,0.4118835615761983,0.0709413097929612,0.04762685893332952,True,False,False,False,-1.0,0
2026-01-29,2025-26,N362730,1,220.5,False,1.6253617862249081,0.6513982399489465,0.6438039857199793,N362729,1,221.5,False,1.5648838911684115,0.6652010213783027,0.6532499249927347,2.543502476584074,0.43331077453806793,0.42056490538160013,0.10212702816813923,0.06970787840244674,False,True,False,False,-1.0,0
2026-01-30,2025-26,N362738,1,228.5,False,1.5096586347116214,0.6897329108472219,0.676765223763372,N362742,1,223.5,False,1.6577171561446242,0.6256403029447034,0.6156802622774556,2.5025870186833252,0.431524707293388,0.4166709904668938,0.07992813071355465,0.042755411804372034,False,False,False,False,-1.0,0
2026-01-31,2025-26,N362749,1,215.5,False,1.5648838911684115,0.6458322538732789,0.6399502780033705,N362740,-1,242.5,False,1.6101489345607827,0.6304909571496604,0.6230903784306753,2.5196961300761496,0.4071913959026861,0.39874686089793593,0.025998584456303542,0.004720922284541906,True,False,False,False,-1.0,0
2026-02-01,2025-26,N362753,1,229.5,False,1.6915666298781178,0.6021840943871256,0.596291418162263,N362758,1,222.5,False,1.4838778147935332,0.6734834197512712,0.6685858148139784,2.5100781943212027,0.40556100320766364,0.39867198367859935,0.017989830618587943,0.0006978529184307192,False,True,False,False,-1.0,0
2026-02-02,2025-26,N362760,-1,237.5,False,1.741523569136597,0.5912241540491817,0.5822955539395741,N362762,1,219.5,False,1.4357231311076009,0.6938123056883516,0.6871662216036007,2.5003456715784793,0.41019859349950794,0.4001338356572328,0.0256382777440749,0.00047290403765654077,True,True,False,False,1.5003456715784793,1
2026-02-03,2025-26,N362772,1,213.5,False,1.6253617862249081,0.6970378676458507,0.674940061399796,N362770,1,213.5,False,1.5648838911684115,0.663407746774914,0.6517920439238055,2.543502476584074,0.46242032119172455,0.43992056214583186,0.17616723217395447,0.1189390393181815,False,True,False,False,-1.0,0
2026-02-04,2025-26,N362776,1,217.5,False,1.6577171561446242,0.6217169847950634,0.6164108932804658,N362780,1,215.5,False,1.5096586347116214,0.6759691536293041,0.6671854696765989,2.5025870186833252,0.42026150400888196,0.41126039134709946,0.05174098438495811,0.029214916683875325,True,False,False,False,-1.0,0
2026-02-05,2025-26,N362781,1,220.5,False,1.6253617862249081,0.6527887989491896,0.6381308071766615,N362783,1,232.5,False,1.5648838911684115,0.6718258465972781,0.6583466737308792,2.543502476584074,0.43856038750325965,0.42011129430995614,0.115479431746212,0.0685541175183142,True,True,False,False,1.5435024765840741,1
2026-02-06,2025-26,N362790,-1,234.5,False,1.6101489345607827,0.6475258731804573,0.6340445432068715,N362789,1,217.5,False,1.5648838911684115,0.6422924546935921,0.635590591228001,2.5196961300761496,0.41590098256268754,0.4029927460817433,0.04794409625807172,0.015419262750929086,True,False,False,False,-1.0,0
2026-02-07,2025-26,N362804,1,227.5,False,1.8027494987114874,0.718873093003188,0.7134702578253553,N362803,1,222.5,False,1.4132527904951961,0.729551800734646,0.7218880528247713,2.5477407596178256,0.5244551595001604,0.5150456551699333,0.3361757864504267,0.31220280874050643,True,True,False,False,1.5477407596178256,1
2026-02-08,2025-26,N362805,-1,218.5,False,1.672968745157728,0.6530280542483778,0.6344526314176294,N362807,-1,232.5,False,1.4999179924863602,0.6744265640787308,0.6671088711682912,2.5093159217294043,0.4404194668737525,0.4232489787547667,0.10515158046588313,0.06206540124504656,True,True,False,False,1.5093159217294043,1
2026-02-09,2025-26,N362813,-1,239.5,False,1.778104746547597,0.6199209424158155,0.6107404303934242,N362817,1,216.5,False,1.4132527904951961,0.7289751128795804,0.71655397412023,2.512911494851145,0.451906938973985,0.4376284825543078,0.1356021415507218,0.09972164428498376,True,True,False,False,1.5129114948511448,1
2026-02-10,2025-26,N362821,-1,232.5,False,1.672968745157728,0.6174161733363591,0.6132384232758649,N362820,-1,217.5,False,1.4999179924863602,0.6670459254840373,0.6610692978506396,2.5093159217294043,0.4118449427519645,0.4053930938900093,0.03344907213123949,0.017259345057343722,True,True,False,False,1.5093159217294043,1
2026-02-11,2025-26,N362827,1,208.5,False,1.6915666298781178,0.6538516885426001,0.6341226770420756,N362836,1,228.5,False,1.4838778147935332,0.7074123820512838,0.690810635136636,2.5100781943212027,0.46254278050017483,0.43805868928198016,0.1610185472741874,0.09956156379962544,True,True,False,False,1.5100781943212027,1
2026-02-12,2025-26,N362839,1,228.5,False,1.6253617862249081,0.6398396684660096,0.6353671405106206,N362837,1,209.5,False,1.5648838911684115,0.6630485099562496,0.6531295966296157,2.543502476584074,0.4242447387872884,0.41497708419341395,0.07906754378323178,0.055495241371586346,False,False,False,False,-1.0,0
2026-02-19,2025-26,N362841,1,221.5,False,1.6253617862249081,0.6343749426297229,0.6248527962147041,N362840,1,230.5,False,1.5648838911684115,0.6500929469971248,0.6358117668327166,2.543502476584074,0.41240267595528857,0.3972887603716344,0.04894722764217585,0.010504945924268982,False,False,False,False,-1.0,0
2026-02-20,2025-26,N362854,1,142.5,False,1.8432592262651437,0.9999764989236501,0.9998479974317884,N362853,1,224.5,False,1.4132527904951961,0.7630385351192963,0.7516828258488978,2.6049912451252304,0.7630206028924246,0.7515685681288882,0.9876619903849413,0.9578295400870591,True,True,False,False,1.6049912451252304,1
2026-02-21,2025-26,N362860,1,223.5,False,1.5648838911684115,0.661205963831464,0.6476673578569396,N362862,-1,242.5,False,1.6101489345607827,0.6323300116565352,0.6245274712658895,2.5196961300761496,0.41810037481692025,0.40448605722385444,0.0534858964095819,0.01918195305670589,True,False,False,False,-1.0,0
2026-02-22,2025-26,N362869,1,226.5,False,1.5648838911684115,0.6706097665105533,0.6568783410597223,N362867,-1,236.5,False,1.6101489345607827,0.6364221684479506,0.6317026091008018,2.5196961300761496,0.42679092178502015,0.41495176190923294,0.07538343397334812,0.045552348650973906,True,True,False,False,1.5196961300761496,1
2026-02-23,2025-26,N362877,-1,242.5,False,1.6101489345607827,0.7060197005680927,0.7007500518110121,N362876,1,218.5,False,1.5648838911684115,0.700958611875281,0.6958340837408882,2.5196961300761496,0.4948905892668118,0.48760577023329554,0.24697390258669105,0.2286183722596351,True,False,False,False,-1.0,0
2026-02-24,2025-26,N362882,1,219.5,False,1.6577171561446242,0.6351605653686605,0.6255382850921927,N362889,1,228.5,False,1.5096586347116214,0.6828712540079733,0.6779299478443456,2.5025870186833252,0.4337328917697105,0.42407113698719157,0.08545430451885738,0.06127492242242383,True,True,False,False,1.5025870186833252,1
2026-02-25,2025-26,N362890,1,212.5,False,1.5648838911684115,0.6678705031735191,0.6558676673022352,N362895,-1,233.5,False,1.6101489345607827,0.6516712962928306,0.6364693527648057,2.5196961300761496,0.43523203655883225,0.4174396697072165,0.09665247820245093,0.051821120301539514,True,True,False,False,1.5196961300761496,1
2026-02-26,2025-26,N362904,1,234.5,False,1.6253617862249081,0.6534100886059953,0.6418737829556966,N362902,1,227.5,False,1.5648838911684115,0.6763241493493641,0.6605352391060194,2.543502476584074,0.4419170223527424,0.4239802527005263,0.12401704079885989,0.07839482276653009,True,True,False,False,1.5435024765840741,1
2026-02-27,2025-26,N362908,-1,225.5,False,1.741523569136597,0.6052867914672235,0.5988103522711012,N362909,1,227.5,False,1.4357231311076009,0.7259249167725192,0.7097009598792755,2.5003456715784793,0.43939276371934943,0.4249762817924477,0.09863379488858093,0.06258760670326269,True,True,False,False,1.5003456715784793,1
2026-02-28,2025-26,N362914,-1,230.5,False,1.672968745157728,0.611146564169954,0.6070504881459234,N362911,-1,236.5,False,1.4999179924863602,0.6820748159966626,0.668598118520982,2.5093159217294043,0.416847680303214,0.40587281422160815,0.04600252112082348,0.018463114923401802,True,True,False,False,1.5093159217294043,1
2026-03-01,2025-26,N362925,1,220.5,False,1.6253617862249081,0.6494406503751446,0.6416353223385332,N362924,1,226.5,False,1.5648838911684115,0.6817698439805014,0.6606596221617018,2.543502476584074,0.4427690508808578,0.4239025496217771,0.12618417747024147,0.0781971847932934,True,False,False,False,-1.0,0
2026-03-02,2025-26,N362927,1,219.5,False,1.7640130586672955,0.6427583812240121,0.6318882395062118,N362928,-1,223.5,False,1.429139704239752,0.7165923159501221,0.7019906901182387,2.5210211009388392,0.46059571699766627,0.44357966132856447,0.16117152155317038,0.11827368615661515,True,True,False,False,1.5210211009388392,1
2026-03-03,2025-26,N362939,1,230.5,False,1.6915666298781178,0.6624770912777426,0.6509121939438346,N362938,1,220.5,False,1.4838778147935332,0.7245446012067119,0.713317596640399,2.5100781943212027,0.47999419990841447,0.46430712180794537,0.2048229745907637,0.1654471819181622,False,True,False,False,-1.0,0
2026-03-04,2025-26,N362943,1,234.5,False,1.6253617862249081,0.6758500788723099,0.667696965828102,N362942,-1,221.5,False,1.5526064031378808,0.6839459840045058,0.6617762175452379,2.5235471167084156,0.4622449472338448,0.44186597251215326,0.16649690380500282,0.11506960090460439,False,True,False,False,-1.0,0
2026-03-05,2025-26,N362950,1,210.5,False,1.6253617862249081,0.6478180995419901,0.630664750150367,N362947,1,222.5,False,1.5648838911684115,0.6642713741906643,0.6492795266038521,2.543502476584074,0.4303270192083423,0.409477710423367,0.09453783909746116,0.04150757056781029,True,True,False,False,1.5435024765840741,1
2026-03-06,2025-26,N362958,1,216.5,False,1.5648838911684115,0.6467939505665807,0.6405946399081562,N362959,-1,236.5,False,1.6101489345607827,0.6335064848193588,0.6246167084070976,2.5196961300761496,0.4097481620258607,0.4001261154026625,0.032440858162376296,0.008196224522491358,False,False,False,False,-1.0,0
2026-03-07,2025-26,N362965,1,227.5,False,1.5648838911684115,0.6483215250483845,0.6421502208594144,N362966,-1,239.5,False,1.6101489345607827,0.6326478859214832,0.6244613313214331,2.5196961300761496,0.4101592422192524,0.40099798182622226,0.033476655334816474,0.010393062975878387,True,True,False,False,1.5196961300761496,1
2026-03-08,2025-26,N362972,1,221.5,False,1.5648838911684115,0.667591430813855,0.6584376629278288,N362973,-1,247.5,False,1.6101489345607827,0.6508250989520287,0.6409013839248533,2.5196961300761496,0.4344852590189536,0.42199360939869157,0.09477082572519069,0.06329566451874946,True,False,False,False,-1.0,0
2026-03-09,2025-26,N362983,-1,224.5,False,1.672968745157728,0.6194327199083735,0.6084163853180591,N362982,-1,235.5,False,1.4999179924863602,0.6720260482656104,0.666428162616004,2.5093159217294043,0.4162749229264429,0.40546581377298485,0.04456529191600378,0.01744182221752033,False,True,False,False,-1.0,0
2026-03-10,2025-26,N362992,1,229.5,False,1.5648838911684115,0.6576536123043586,0.6443010757344315,N362989,-1,227.5,False,1.6101489345607827,0.635235598215684,0.6251959277329717,2.5196961300761496,0.41776498583086474,0.40281440878313957,0.052640818079347174,0.014969906949788836,False,False,False,False,-1.0,0
2026-03-11,2025-26,N362997,-1,233.5,False,1.778104746547597,0.584178867771631,0.5775847172419956,N362999,-1,236.5,False,1.4075692767860537,0.7119462407253246,0.7063261185630384,2.5028056121478506,0.4159039488211892,0.40796317147086875,0.040926737224124654,0.021052515106926073,False,True,False,False,-1.0,0
2026-03-12,2025-26,N363001,1,215.5,False,1.6253617862249081,0.6873461026089752,0.6611662331431603,N363008,1,224.5,False,1.5648838911684115,0.6826990480942149,0.6718627922952383,2.543502476584074,0.46925052996241595,0.44421299157088817,0.19353988509779407,0.12985684419137433,True,True,False,False,1.5435024765840741,1
2026-03-13,2025-26,N363015,1,220.5,False,1.6253617862249081,0.6678697962634349,0.6630609421510054,N363012,1,220.5,False,1.5648838911684115,0.6854144705514849,0.66714860450065,2.543502476584074,0.4577676228032303,0.4423601822549295,0.16433308230002042,0.12514421910759532,True,False,False,False,-1.0,0
2026-03-14,2025-26,N363022,-1,248.5,False,1.6101489345607827,0.6511752486945416,0.6464954221342759,N363017,1,210.5,False,1.5648838911684115,0.6731940255213196,0.6554998381399514,2.5196961300761496,0.43836728698852484,0.4237776445672374,0.10455235657696682,0.06779089102885427,False,False,False,False,-1.0,0
2026-03-15,2025-26,N363026,1,221.5,False,1.6253617862249081,0.6517610832742459,0.6469589342770318,N363028,1,222.5,False,1.5648838911684115,0.662861979400714,0.6578237362388126,2.543502476584074,0.4320276417555202,0.42558494333919744,0.09886337675794277,0.08247635738014147,True,False,False,False,-1.0,0
2026-03-16,2025-26,N363032,1,223.5,False,1.5096586347116214,0.6847255565047627,0.6736228395944582,N363033,1,216.5,False,1.6577171561446242,0.6205836009479984,0.6163096276192026,2.5025870186833252,0.4249294515168478,0.4151602414262504,0.06342292922228854,0.038974630866769555,True,False,False,False,-1.0,0
2026-03-17,2025-26,N363043,-1,231.5,False,1.640871411706096,0.6996198493548728,0.692164854087113,N363041,1,215.5,False,1.5366428349731658,0.695988336618898,0.6812845356627697,2.5214332979104763,0.4869272552180619,0.47156121121882755,0.22775459496697392,0.18901013997014693,True,True,False,False,1.5214332979104763,1
2026-03-18,2025-26,N363051,1,222.5,False,1.5096586347116214,0.7063091820315105,0.6879583854399465,N363050,1,229.5,False,1.6577171561446242,0.6361625939002166,0.6267026170061726,2.5025870186833252,0.44932748133670597,0.43114532054655563,0.12448112193091432,0.07897868236587136,True,True,False,False,1.5025870186833252,1
2026-03-19,2025-26,N363056,1,226.5,False,1.6915666298781178,0.6580312845165415,0.6300512693683232,N363060,1,218.5,False,1.4838778147935332,0.69326897705607,0.6790469053128367,2.5100781943212027,0.4561926754876745,0.42783436465298436,0.14507928715066054,0.07389770949672192,False,False,False,False,-1.0,0
2026-03-20,2025-26,N363065,1,212.5,False,1.6253617862249081,0.6881583973159031,0.6660251055008384,N363069,1,227.5,False,1.5648838911684115,0.68717288133985,0.675301537849992,2.543502476584074,0.47288378870178244,0.4497677779914193,0.2027810876994438,0.14398545720889122,True,True,False,False,1.5435024765840741,1
2026-03-21,2025-26,N363070,1,224.5,False,1.6253617862249081,0.6676795657575458,0.6477722724371415,N363073,1,227.5,False,1.5648838911684115,0.6681869170179745,0.6552532198741996,2.543502476584074,0.4461347505994345,0.42445486725966425,0.13474484303987988,0.0796020060731204,True,False,False,False,-1.0,0
2026-03-22,2025-26,N363080,-1,242.5,False,1.8163083283444397,0.5638342841176808,0.5566603472612565,N363081,1,216.5,False,1.8027494987114874,0.5526681481965549,0.5491003378214411,3.2743489284284384,0.3116132496930488,0.30566238473295665,0.020330510216537645,0.0008453019112375504,True,True,False,False,2.2743489284284384,1
2026-03-23,2025-26,N363086,1,215.5,False,1.5096586347116214,0.7134763606932726,0.6932281935050616,N363091,1,225.5,False,1.6577171561446242,0.651917449258317,0.63718806453772,2.5025870186833252,0.46512768916926517,0.44171673090247027,0.1640225169451759,0.10543455669175783,True,True,False,False,1.5025870186833252,1
2026-03-24,2025-26,N363095,1,222.5,False,1.6253617862249081,0.6498280902111978,0.6446188418174372,N363098,1,227.5,False,1.5648838911684115,0.6463138354193569,0.640629152428122,2.543502476584074,0.4199928853476351,0.41296162227270244,0.0682529440294013,0.050368908984795624,True,True,False,False,1.5435024765840741,1
2026-03-25,2025-26,N363104,1,230.5,False,1.6577171561446242,0.6901065657136085,0.6626544499471829,N363105,1,232.5,False,1.5096586347116214,0.7038125713845363,0.6896704997096434,2.5025870186833252,0.4857056765442463,0.45701322562989255,0.21552072102043285,0.14371536582796263,False,True,False,False,-1.0,0
2026-03-26,2025-26,N363111,1,219.5,False,1.5648838911684115,0.6925530081648341,0.6737895134558679,N363112,-1,228.5,False,1.6101489345607827,0.6724187272750862,0.6556809362136878,2.5196961300761496,0.46568561232073014,0.4417909389937087,0.17338623519668594,0.113178919285156,True,True,False,False,1.5196961300761496,1
2026-03-27,2025-26,N363123,1,215.5,False,1.6915666298781178,0.6517107492566921,0.6365493741677132,N363114,1,227.5,False,1.4838778147935332,0.6945783720718846,0.6855967529264195,2.5100781943212027,0.45266419128046137,0.4364161840067286,0.13622251588312806,0.09543874712415912,False,False,False,False,-1.0,0
2026-03-28,2025-26,N363126,1,230.5,False,1.6915666298781178,0.6814026588889227,0.674491445007243,N363127,1,215.5,False,1.4838778147935332,0.6915775060955396,0.6792935210260312,2.5100781943212027,0.4712427514812708,0.4581776685809058,0.18285615472506356,0.15006177502985873,True,False,False,False,-1.0,0
2026-03-29,2025-26,N363133,-1,223.5,False,1.741523569136597,0.6853902749448573,0.6785205021884001,N363135,1,217.5,False,1.459249059526824,0.711830363307677,0.6984688347351237,2.5413166304063766,0.4878816084215464,0.47392542450742275,0.23986164515108754,0.2043945628731152,True,True,False,False,1.5413166304063766,1
2026-03-30,2025-26,N363146,1,231.5,False,1.6915666298781178,0.6540886834291371,0.638710309021998,N363145,1,212.5,False,1.4838778147935332,0.7268280283573127,0.7027193563356054,2.5100781943212027,0.4754099881476302,0.4488340972408541,0.19331624461186814,0.12660868035211026,False,True,False,False,-1.0,0
2026-03-31,2025-26,N363147,1,219.5,False,1.6915666298781178,0.6339827884783451,0.6252117408959095,N363149,1,212.5,False,1.4838778147935332,0.7123383233062618,0.6931596554569748,2.5100781943212027,0.4516102365496928,0.43337155490706397,0.13357700709562415,0.08779649001129508,True,True,False,False,1.5100781943212027,1
2026-04-01,2025-26,N363161,1,222.5,False,1.6253617862249081,0.6654164146245892,0.6464559876597484,N363156,1,237.5,False,1.5648838911684115,0.6814933282972705,0.6646960117939187,2.543502476584074,0.45347684710614783,0.42969671679773347,0.15341948368802472,0.09293466335508072,True,True,False,False,1.5435024765840741,1
2026-04-02,2025-26,N363166,1,225.5,False,1.6577171561446242,0.6389047243270596,0.6338150981085575,N363162,1,217.5,False,1.5096586347116214,0.6697216681531184,0.662366312536265,2.5025870186833252,0.42788833776722657,0.41981776936397625,0.07082779954224727,0.05063049982287704,False,True,False,False,-1.0,0
2026-04-03,2025-26,N363176,1,229.5,False,1.6253617862249081,0.6507213954492879,0.6364279797258291,N363172,1,226.5,False,1.5648838911684115,0.6737766929452846,0.6519629561633598,2.543502476584074,0.43844090985456197,0.4149274670471263,0.11517554005085318,0.05536904003712273,True,False,False,False,-1.0,0
2026-04-04,2025-26,N363179,1,223.5,False,1.6915666298781178,0.6014659786430175,0.5939208702944685,N363177,1,244.5,False,1.7640130586672955,0.5675540869179667,0.5643075495120009,2.9839456247108274,0.34136447432095907,0.3351540309199064,0.018613029581737495,8.140416765223257e-05,False,True,False,False,-1.0,0
2026-04-05,2025-26,N363188,1,229.5,False,1.6915666298781178,0.6762083786260773,0.6606834062546063,N363180,1,228.5,False,1.5096586347116214,0.6905460558473858,0.6767484075536748,2.5536881689855377,0.4669530287911934,0.4471164430799424,0.19245242509603377,0.1417959708521448,True,True,False,False,1.5536881689855377,1
2026-04-06,2025-26,N363192,1,113.5,False,1.8432592262651437,0.9999972958155419,0.9999654120865386,N363195,-1,247.5,False,1.4075692767860537,0.714555257876123,0.707142086732869,2.594515056043249,0.7145533255869001,0.7071176281635682,0.8539193615809864,0.8346273326639695,True,False,False,False,-1.0,0
2026-04-07,2025-26,N363204,1,219.5,False,1.6915666298781178,0.6951214199294264,0.6697844683521328,N363201,1,234.5,False,1.5096586347116214,0.7005768486849844,0.6876821021106996,2.5536881689855377,0.4869859738275893,0.460598791157492,0.2436103198254156,0.1762256836279279,False,True,False,False,-1.0,0
2026-04-08,2025-26,N363210,1,240.5,False,1.726975820390858,0.6310235290188029,0.6159375053433667,N363209,-1,245.5,False,1.451692676535661,0.7155584454969315,0.7078104452965367,2.507038151015574,0.45153421549668243,0.43596699993192634,0.13201350473907025,0.09298590141314333,True,True,False,False,1.507038151015574,1
2026-04-09,2025-26,N363214,1,240.5,False,1.6577171561446242,0.6274313951606034,0.6144251773638988,N363216,1,217.5,False,1.5096586347116214,0.6653476036832334,0.6558317682487502,2.5025870186833252,0.4174599752457354,0.40295955052711774,0.04472991486983968,0.008441340203632297,False,False,False,False,-1.0,0
2026-04-10,2025-26,N363228,1,215.5,False,1.6915666298781178,0.6599016649100921,0.6381726021665228,N363222,1,227.5,False,1.4838778147935332,0.7104445866237127,0.6902870518989586,2.5100781943212027,0.4688235655393501,0.440522284152216,0.17678380884424016,0.10574537956304608,True,False,False,False,-1.0,0
2026-04-12,2025-26,N363248,1,228.5,False,1.6253617862249081,0.7310362435851543,0.7224120163597441,N363244,1,219.5,False,1.5648838911684115,0.7334600560605168,0.7072698489123339,2.543502476584074,0.5361858842022369,0.5109402376632106,0.3637901243778112,0.29957775988283175,True,True,False,False,1.5435024765840741,1
2026-04-14,2025-26,N377267,1,222.5,False,1.6253617862249081,0.6339387905429078,0.6267588085203305,N377272,-1,224.5,False,1.5526064031378808,0.6590215396230912,0.651229452727458,2.5235471167084156,0.4177793177703874,0.4081637958648085,0.05428579277987011,0.030020570199399854,True,True,False,False,1.5235471167084156,1
2026-04-15,2025-26,N377266,1,215.5,False,1.6253617862249081,0.6592316923314768,0.6409304334171828,N377273,1,214.5,False,1.5648838911684115,0.644984331020614,0.6390847311854636,2.543502476584074,0.4251941120660048,0.40960885374900297,0.0814822770688497,0.04184113394135269,False,True,False,False,-1.0,0
2026-04-17,2025-26,N377348,1,214.5,False,1.6253617862249081,0.6449016776238511,0.626754378391414,N377355,1,212.5,False,1.5648838911684115,0.6431151581634345,0.637678114327072,2.543502476584074,0.4147460444049272,0.39966755015887306,0.05490759109738086,0.016555403639383348,False,False,False,False,-1.0,0
2026-04-18,2025-26,N377271,1,202.5,False,1.6577171561446242,0.6957757557676734,0.6678583009715304,N377268,1,211.5,False,1.5096586347116214,0.6950590850141617,0.6768759112748981,2.5025870186833252,0.48360526017891586,0.4520571960726098,0.21026424629072715,0.13131247059369588,True,True,False,False,1.5025870186833252,1
2026-04-19,2025-26,N377477,1,214.5,False,1.6577171561446242,0.6669564396403694,0.6411963711426742,N377484,1,209.5,False,1.5096586347116214,0.667513911155393,0.6560946345825494,2.5025870186833252,0.44520270159461883,0.42068549882050954,0.11415850169343922,0.05280206829652645,False,False,False,False,-1.0,0
2026-04-20,2025-26,N377320,1,225.5,False,1.5648838911684115,0.6575743272756237,0.6427384581605868,N377314,1,220.5,False,1.6253617862249081,0.634643753559636,0.6195651668316905,2.543502476584074,0.41732543930665433,0.39821836005940753,0.061468288418011996,0.012869385032351355,True,False,False,False,-1.0,0
2026-04-21,2025-26,N377332,1,201.5,False,1.6253617862249081,0.6841797130782719,0.6525471344057482,N377308,1,214.5,False,1.5648838911684115,0.6571275008579758,0.6497209581615936,2.543502476584074,0.4495933049928517,0.4239735494117049,0.14354168470493733,0.07837777293481185,False,False,False,False,-1.0,0
2026-04-22,2025-26,N377478,1,211.5,False,1.6915666298781178,0.7000099815966757,0.6741415262288294,N377485,1,206.5,False,1.5096586347116214,0.6800465795721634,0.6654903369307016,2.5536881689855377,0.47603939365119236,0.4486346714290011,0.21565616753809902,0.14567305262495434,False,True,False,False,-1.0,0
2026-04-23,2025-26,N377315,1,215.5,False,1.6253617862249081,0.6448366115505323,0.6264757420854454,N377321,1,228.5,False,1.5648838911684115,0.6411408806919408,0.6316189771699238,2.543502476584074,0.41343111303191515,0.395693967437778,0.05156305989358634,0.006448586147366209,True,False,False,False,-1.0,0
2026-04-24,2025-26,N377333,1,201.5,False,1.6253617862249081,0.6849146454490563,0.6529312428251781,N377309,1,214.5,False,1.5648838911684115,0.6427914696839556,0.638279500220284,2.543502476584074,0.4402572915562643,0.4167526273486636,0.11979551140755507,0.060011339784245665,True,True,False,False,1.5435024765840741,1
2026-04-25,2025-26,N377479,1,210.5,False,1.6915666298781178,0.7056684472305913,0.6899926967263668,N377486,1,208.5,False,1.5096586347116214,0.6906369251083675,0.6787760789652512,2.5536881689855377,0.48736068654133186,0.46835053719858294,0.24456721924926828,0.1960212257820424,True,True,False,False,1.5536881689855377,1
2026-04-26,2025-26,N377334,1,203.5,False,1.6915666298781178,0.6608519102617937,0.630569230292622,N377316,1,213.5,False,1.4838778147935332,0.7024848016604902,0.6871169566929956,2.5100781943212027,0.4642384231072122,0.4332748105029111,0.1652747428074739,0.08755365399200832,True,False,False,False,-1.0,0
2026-04-27,2025-26,N377480,1,208.5,False,1.6577171561446242,0.6730313363346468,0.6497534515579543,N377487,1,205.5,False,1.5096586347116214,0.7133320509971282,0.6982913796108664,2.5025870186833252,0.4800948235329316,0.45371723409532616,0.20147907311057645,0.13546686019986676,False,True,False,False,-1.0,0
2026-04-28,2025-26,N377329,1,209.5,False,1.6253617862249081,0.6424457797202322,0.6287124976697541,N377311,1,209.5,False,1.5648838911684115,0.6622908653057065,0.6499465061642361,2.543502476584074,0.4254859713629119,0.4086294912422471,0.0822246219133469,0.03935012297994578,True,False,False,False,-1.0,0
2026-04-29,2025-26,N377481,1,205.5,False,1.6253617862249081,0.6911257928340218,0.6697282382256572,N377335,1,201.5,False,1.5648838911684115,0.6992266936899818,0.6724560220143322,2.543502476584074,0.48325360304720033,0.45036278690789244,0.229156736168731,0.14549886386153,True,False,False,False,-1.0,0
2026-04-30,2025-26,N377324,1,220.5,False,1.6253617862249081,0.6548882086264157,0.641066191156121,N377330,1,208.5,False,1.5648838911684115,0.6570276721341914,0.6441247573532,2.543502476584074,0.43027967522194466,0.41292660482577653,0.09441741955080718,0.05027984202181601,False,True,False,False,-1.0,0
2026-05-01,2025-26,N377482,1,205.5,False,1.5648838911684115,0.686187258997496,0.666423470924183,N377336,1,202.5,False,1.6253617862249081,0.6648124464837131,0.6394501216413601,2.543502476584074,0.45618583040007854,0.42614456954712615,0.16030978940516216,0.08389976802596966,False,False,False,False,-1.0,0
2026-05-03,2025-26,N377319,1,206.5,False,1.6253617862249081,0.6746839506159332,0.6509625648843872,N377483,1,197.5,False,1.5648838911684115,0.6868847898069511,0.6674289030551959,2.543502476584074,0.46343014360494866,0.4344712306107833,0.1787357179829001,0.1050786510630577,True,True,False,False,1.5435024765840741,1
2026-05-04,2025-26,N379301,1,212.5,False,1.6253617862249081,0.6502935754286039,0.6306212174917024,N379350,1,206.5,False,1.5648838911684115,0.6388564337820708,0.6302074795934078,2.543502476584074,0.41544423450970996,0.39742220805357203,0.056683439358022225,0.010844370433771733,False,True,False,False,-1.0,0
2026-05-05,2025-26,N379342,1,209.5,False,1.6253617862249081,0.6410130244759916,0.6240964379763596,N379383,1,208.5,False,1.5648838911684115,0.6545124642311235,0.6448906116026829,2.543502476584074,0.4195510142540268,0.4024739335856304,0.0671290438084775,0.023693446835585164,False,True,False,False,-1.0,0
2026-05-06,2025-26,N379302,1,210.5,False,1.6253617862249081,0.6698492744585725,0.655293885221004,N379351,1,208.5,False,1.5648838911684115,0.649125993769951,0.6421565060863174,2.543502476584074,0.4348165759590015,0.4208012317932482,0.10595703781152732,0.07030897521575574,True,True,False,False,1.5435024765840741,1
2026-05-07,2025-26,N379343,1,206.5,False,1.6915666298781178,0.6454940489649921,0.6290196953615433,N379384,1,209.5,False,1.5096586347116214,0.657185044552011,0.6498509157566151,2.5536881689855377,0.4242090353271163,0.408769025059646,0.08329759469162501,0.043868623142570895,True,False,False,False,-1.0,0
2026-05-08,2025-26,N379303,1,211.5,False,1.6253617862249081,0.6553313810249997,0.6418240088688132,N379352,1,207.5,False,1.5648838911684115,0.6489550863747261,0.6433791005192083,2.543502476584074,0.4252806329771472,0.4129361535176494,0.08170234322061631,0.05030412914324267,True,False,False,False,-1.0,0
2026-05-09,2025-26,N379344,1,205.5,False,1.6915666298781178,0.6629435812092294,0.6503206835171722,N379385,1,205.5,False,1.5096586347116214,0.6580031376360251,0.6504585783110065,2.5536881689855377,0.43621895651133596,0.42300666724682184,0.11396718833021557,0.08022712155021106,True,True,False,False,1.5536881689855377,1
2026-05-10,2025-26,N379304,1,215.5,True,1.9090909090909092,0.5453364499182543,0.5303223693783183,N379353,1,212.5,True,1.9090909090909092,0.49924462033625205,0.4980720617589898,3.6446280991735542,0.2722562888949584,0.2641387559131716,,,True,True,False,False,2.6446280991735542,1
2026-05-11,2025-26,N379386,1,206.5,False,1.6253617862249081,0.6654379830547266,0.6556359323680666,N379345,1,206.5,False,1.5648838911684115,0.6857153115160382,0.6710989037427936,2.543502476584074,0.45630101384497596,0.43999655546659383,0.16060275878252028,0.11913232851774347,True,True,False,False,1.5435024765840741,1
2026-05-15,2025-26,N379306,1,213.5,False,1.6253617862249081,0.6634800627568509,0.6472817611100955,N379388,1,204.5,False,1.5648838911684115,0.6738310423864848,0.6596674385459175,2.543502476584074,0.4470734622900992,0.42699070136898715,0.1371324585498841,0.08605190641038973,True,True,False,False,1.5435024765840741,1
