date,season,released,game_a,side_a,buf_a,thr_a,p_a,pc_a,pm_a,odds_a,win_a,game_b,side_b,buf_b,thr_b,p_b,pc_b,pm_b,odds_b,win_b,joint_model,joint_cons,joint_mkt,ev_double,card_2of2,profit_double,odds_close_a,odds_close_b,profit_double_close
2011-11-22,2011-12,True,20111122_UCLA@Kansas,-1,11.0,150.5,0.7947989788807716,0.7841774385743396,0.7439141376455705,1.2830781829485285,1.0,20111122_California@Missouri,-1,14.5,160.0,0.803568328863048,0.7977714225866415,0.8041880965798345,1.186911375658796,1.0,0.6386752872412785,0.6255943507317996,0.5982468943720203,-0.027361346812287524,1,0.522900091201226,1.2521814992131854,1.1547491029612054,0.44595546296104316
2011-11-23,2011-12,True,20111123_UCLA@Michigan,-1,8.0,136.5,0.7613356760869054,0.7473641539439655,0.6837450281277113,1.39598821305318,0.0,20111123_IllinoisState@Illinois,1,15.0,110.5,0.8444341111748744,0.8388968765985826,0.8129238112284703,1.1741567743692773,1.0,0.6428978149421681,0.6269614544253349,0.5558326141740968,0.05377960567163709,0,-1.0,1.2996901524926707,1.1856414412891008,-1.0
2011-11-25,2011-12,True,20111125_WiscGreenBay@Virginia,1,9.5,105.0,0.779086260939415,0.7697843708095782,0.7026535232828419,1.3584219937310147,1.0,20111125_VirginiaTech@OklahomaState,1,14.5,117.0,0.8203842552471666,0.8138098948378404,0.7969323613909619,1.1977177063484037,0.0,0.6391501019540817,0.626458137856356,0.5599673315494744,0.03990109845074463,0,-1.0,1.3015349110892467,1.1741567743692773,-1.0
2011-11-26,2011-12,True,20111126_FloridaState@Connecticut,1,10.0,115.5,0.7729593725040004,0.7617292597109551,0.7131082334415836,1.3385064920557965,1.0,20111126_NCAsheville@UtahU,-1,14.5,154.0,0.8297920384485598,0.8224259378663336,0.8041880965798345,1.186911375658796,1.0,0.6413955333480141,0.6264659008180102,0.5734731529067953,0.018977760256602805,1,0.5886885818141747,1.3195596123472906,1.1649498838145416,0.5372208170903376
2011-11-27,2011-12,True,20111127_VaCommonwealth@Alabama,1,9.5,113.0,0.7691036761599069,0.7609325191930488,0.7131082334415836,1.3385064920557965,1.0,20111127_Oklahoma@SaintLouis,-1,14.5,141.0,0.8292874807507313,0.8237329742685596,0.8118828492948039,1.1756622286442833,0.0,0.6378080500387755,0.626805207252558,0.5789603444221371,0.0036748547619893657,0,-1.0,1.2525617437900078,1.39598821305318,-1.0
2011-11-28,2011-12,True,20111128_LongBeachState@Louisville,1,10.0,124.5,0.7809532058736419,0.7714866144049444,0.7233473888323192,1.3195596123472906,1.0,20111128_Georgia@Colorado,1,15.0,119.5,0.8166000376328412,0.8109075049383974,0.8050494582596659,1.1856414412891008,1.0,0.637726417305904,0.6256042855804849,0.5823304235130025,-0.0022613571493724782,1,0.5645245606503286,1.3793548616957534,1.163235128122161,0.6045140292705853
2011-11-29,2011-12,True,20111129_EasternMichigan@Syracuse,1,13.5,116.0,0.8352901783151411,0.8279198334745996,0.779969024787995,1.2237665467028573,1.0,20111129_Manhattan@Pennsylvania,1,9.5,113.0,0.7664206208575336,0.7574462761758027,0.7026535232828419,1.3584219937310147,1.0,0.6401836170604903,0.6271047948374262,0.5480479833187669,0.06423573445021158,1,0.6623913922334144,1.1741567743692773,1.2104155741896503,0.4212176462368564
2011-11-30,2011-12,True,20111130_IndianaU@NCState,-1,8.5,158.0,0.7953579476059609,0.777271020514703,0.6942733880361105,1.374818647017412,0.0,20111130_FloridaState@MichiganState,1,11.0,112.5,0.8169468647119073,0.804707921110211,0.7431554148388463,1.284388138660046,1.0,0.6497651816203872,0.6254761470575988,0.515953027697547,0.14735585350068514,0,-1.0,1.3354344192275076,1.2525617437900078,-1.0
2011-12-01,2011-12,True,20111201_Davidson@Wofford,1,9.0,122.5,0.7570621905884265,0.7461075667587624,0.7026535232828419,1.3584219937310147,1.0,20111201_IllinoisChicago@WiscGreenBay,1,15.0,111.5,0.8498739639723496,0.8438365114431643,0.8129238112284703,1.1741567743692773,1.0,0.6434074448889765,0.6295928062950619,0.5712037801202006,0.02623512320507948,1,0.595000386391491,1.2680771373073751,1.1161637292285815,0.41538170652650397
2011-12-02,2011-12,True,20111202_Vanderbilt@Louisville,1,9.5,125.0,0.7599865714820883,0.7505128538691628,0.7026535232828419,1.3584219937310147,0.0,20111202_Columbia@LoyolaMarymount,1,15.0,117.5,0.8401475213786732,0.8338523676147666,0.8050494582596659,1.1856414412891008,1.0,0.6385008343117523,0.6258169201241167,0.5656708382630974,0.028370344364570643,0,-1.0,1.284388138660046,1.1856414412891008,-1.0
2011-12-03,2011-12,True,20111203_TheCitadel@Wofford,1,8.0,124.5,0.7756060299743832,0.7586309631436853,0.6700691458849398,1.42447985534302,1.0,20111203_MissouriSt@NewMexico,1,12.0,114.5,0.836445059922903,0.8241630652922439,0.7620382825295853,1.2525617437900078,1.0,0.6487518322184879,0.625235620010107,0.5106183411062256,0.1575347894608743,1,0.7842489716021912,1.3385064920557965,1.1977177063484037,0.6031529255975165
2011-12-04,2011-12,True,20111204_Mississippi@PennState,1,7.5,120.0,0.7511258690756301,0.7374367058155372,0.6700691458849398,1.42447985534302,1.0,20111204_Montana@OregonState,-1,13.5,148.0,0.8577276067948371,0.8489527232765806,0.7962635015148162,1.198723787017933,1.0,0.6442613940839322,0.6260488996462109,0.5335516043593843,0.10011362458209971,1,0.7075578867275423,1.501161378250497,1.2521814992131854,0.8797265051786389
2011-12-05,2011-12,True,20111205_Brown@Providence,1,15.0,126.5,0.8315473490692628,0.825877830958642,0.8129238112284703,1.1741567743692773,1.0,20111205_WiscMilwaukee@Depaul,1,11.5,125.0,0.7652820416055883,0.7593643319007626,0.7431554148388463,1.284388138660046,1.0,0.6363682529874403,0.6271421673375601,0.6041287321658698,-0.040310198022253774,1,0.5080730339272397,1.2237665467028573,1.1856414412891008,0.4509483322341614
2011-12-06,2011-12,True,20111206_Tulane@Wofford,1,6.5,116.0,0.7414710509883572,0.7261349457737024,0.6474163077777902,1.4743218367116089,0.0,20111206_GeorgeMason@Virginia,1,15.0,100.5,0.8683541795601414,0.8609380102009835,0.8129238112284703,1.1741567743692773,1.0,0.6438594861485907,0.6251571753518104,0.5263001323701856,0.11457548066445922,0,-1.0,1.3584219937310147,1.1246534934831247,-1.0
2011-12-07,2011-12,True,20111207_ColoradoState@Duke,-1,13.0,161.5,0.8553836178000381,0.8457647840812745,0.7881087918611295,1.211127207128264,1.0,20111207_OklahomaState@MissouriSt,1,8.0,122.5,0.7541881676427453,0.7401518469607478,0.6700691458849398,1.42447985534302,1.0,0.6451202033402331,0.6259943670321134,0.5280873850267989,0.11297834714875932,1,0.7252263088120652,1.186911375658796,1.501161378250497,0.7817455165451512
2011-12-08,2011-12,True,20111208_Harvard@Connecticut,1,13.5,116.0,0.8357705679725895,0.8281841983434496,0.7885721403072818,1.2104155741896503,1.0,20111208_WestVirginia@KansasState,1,10.5,124.0,0.7643500356709819,0.7558068702291577,0.7333648846969343,1.3015349110892467,1.0,0.6388212634426056,0.6259473069232067,0.5783111167516645,0.006397821745306231,1,0.5753981267339661,1.1335825640578707,1.2237665467028573,0.38724041981967106
2011-12-09,2011-12,True,20111209_IdahoU@OregonState,-1,9.0,147.5,0.7881572111674146,0.7754179057006484,0.7046102688396965,1.3546495732624004,1.0,20111209_Siena@Massachusetts,1,12.5,120.0,0.814385866004667,0.806397077368292,0.7711238888014049,1.2378036964768728,1.0,0.6418640929643981,0.6252947328960448,0.5433418105970701,0.07627145240394428,1,0.6767902492150175,1.2521814992131854,1.163235128122161,0.4565815066694492
2011-12-10,2011-12,True,20111210_ULMonroe@TexasA&M,1,12.5,111.0,0.8263672426031704,0.8188631720096267,0.7620382825295853,1.2525617437900078,1.0,20111210_Princeton@Drexel,1,9.0,104.5,0.7740114794835186,0.7639367245398945,0.7026535232828419,1.3584219937310147,1.0,0.6396177320439956,0.6255596494713824,0.5354488840958188,0.08831431784901267,1,0.7015074212704189,1.2525617437900078,1.42447985534302,0.7842489716021912
2011-12-11,2011-12,True,20111211_NCGreensboro@FloridaState,1,10.0,126.5,0.7808857266339164,0.7711348664323074,0.7131082334415836,1.3385064920557965,1.0,20111211_JacksonvilleSt@Tulane,1,12.5,108.0,0.8185295521642311,0.8109571233344942,0.7620382825295853,1.2525617437900078,1.0,0.6391780441130998,0.6253573129848735,0.543415773469531,0.07162163646190911,1,0.6765620257636549,1.3793548616957534,1.284388138660046,0.7716270233650939
2011-12-12,2011-12,True,20111212_Fordham@Siena,1,11.0,117.5,0.7782387442094835,0.7717083820192855,0.7431554148388463,1.284388138660046,1.0,20111212_PortlandState@Oregon,1,14.5,131.0,0.8166057296816932,0.8110535200676984,0.7969323613909619,1.1977177063484037,1.0,0.6355142175817499,0.6258967997024896,0.5922445996280017,-0.02236660755634179,1,0.5383344154970058,1.3385064920557965,1.1004178785523722,0.4729164744166172
2011-12-13,2011-12,True,20111213_IllinoisChicago@OregonState,-1,12.5,150.0,0.8410125394471764,0.8319654353513681,0.7711107224267564,1.2378248314277107,1.0,20111213_CalSantaBarb@SanDiego,1,9.0,123.5,0.7622544306902784,0.7530412810120708,0.7026535232828419,1.3584219937310147,1.0,0.6410655344596927,0.6265043171947594,0.541823665954338,0.0779443081686968,1,0.6814884753977879,1.211127207128264,1.1856414412891008,0.4359626074439982
2011-12-14,2011-12,True,20111214_Cincinnati@WrightState,1,9.5,102.0,0.772667346197488,0.7627779897510358,0.7026535232828419,1.3584219937310147,1.0,20111214_ULLafayette@Mississippi,1,14.0,124.5,0.8274411761697021,0.8203311784466397,0.7885721403072818,1.2104155741896503,0.0,0.639336777725572,0.6257305672256261,0.5540929927496031,0.05123278138956122,0,-1.0,1.3584219937310147,1.2525617437900078,-1.0
2011-12-15,2011-12,True,20111215_OralRoberts@Gonzaga,-1,11.0,149.5,0.8059759313552033,0.7962934731549761,0.7439141376455705,1.2830781829485285,1.0,20111215_CalIrvine@LSU,1,11.0,127.5,0.7924424124358016,0.784987266651045,0.7333648846969343,1.3015349110892467,0.0,0.6386895114083093,0.625080236943992,0.5455605057788631,0.06659299320139822,0,-1.0,1.3354344192275076,1.42447985534302,-1.0
2011-12-16,2011-12,True,20111216_Canisius@UMKC,-1,10.5,147.0,0.7692806881852476,0.7612772006318471,0.7344058106229151,1.2996901524926707,1.0,20111216_WeberState@California,1,15.0,126.5,0.8287212787617311,0.8233191892739861,0.8050494582596659,1.1856414412891008,1.0,0.6375192756395829,0.626774127636982,0.5912329999847286,-0.017604149545481618,1,0.5409665056306612,1.1649498838145416,1.14297332566624,0.33150664293800647
2011-12-17,2011-12,True,20111217_Georgia@USC,1,7.5,101.0,0.7606051078608802,0.74805239996012,0.6700691458849398,1.42447985534302,1.0,20111217_TennesseeChat@Kentucky,1,13.0,128.5,0.8440769999583306,0.8362416169315829,0.779969024787995,1.2237665467028573,1.0,0.6420092775961942,0.6255525484922019,0.5226331782564013,0.11917034236760116,1,0.7432307934209135,1.5293657318730398,1.163235128122161,0.7790119430609779
2011-12-18,2011-12,True,20111218_LoyolaMarymount@FloridaState,1,8.0,123.5,0.7780327689722535,0.7633456366289163,0.6811258720852689,1.4013562531075137,1.0,20111218_Canisius@SouthDakota,-1,11.5,157.0,0.8321706571425176,0.8198087513514389,0.753203240563482,1.2672542397533035,0.0,0.6474560406340527,0.6257974332143211,0.5130262140862523,0.14980077159430216,0,-1.0,1.3584219937310147,1.1649498838145416,-1.0
2011-12-19,2011-12,True,20111219_CalRiverside@SanDiegoState,1,14.5,106.0,0.8463960389642702,0.8405321162491614,0.7969323613909619,1.1977177063484037,1.0,20111219_LaSalle@Delaware,1,9.5,127.0,0.7571243736252734,0.7462225238730422,0.7026535232828419,1.3584219937310147,1.0,0.6408270708397356,0.6272239971837985,0.5599673315494744,0.042629537014593044,1,0.6270060745847366,1.1246534934831247,1.3195596123472906,0.4840473278856181
2011-12-20,2011-12,True,20111220_IPFW@Purdue,-1,8.5,150.0,0.7779311993053085,0.7657462139266388,0.6942733880361105,1.374818647017412,1.0,20111220_Samford@Kentucky,-1,12.0,147.5,0.8260859395541784,0.8183461600117259,0.7622696874213243,1.2521814992131854,1.0,0.6426380256866346,0.6266454737103824,0.5292235584832298,0.10631580423187459,1,0.721522474568506,1.2996901524926707,1.2521814992131854,0.6274479636608861
2011-12-21,2011-12,True,20111221_St.Peter's@UtahState,-1,9.0,127.5,0.7799399572189889,0.7684283173945166,0.7046102688396965,1.3546495732624004,1.0,20111221_OklahomaState@Alabama,1,13.0,108.5,0.8196317544704209,0.8135425856965469,0.779969024787995,1.2237665467028573,1.0,0.6392635555169849,0.6251491602555819,0.549574184242505,0.0597550322410203,1,0.6577748302638271,1.3354344192275076,1.1856414412891008,0.5833463895599753
2011-12-22,2011-12,True,20111222_SanJoseState@CalRiverside,1,8.0,116.5,0.7489513832940012,0.7371948824546424,0.6700691458849398,1.42447985534302,1.0,20111222_TheCitadel@DenverU,-1,13.5,142.0,0.8575517877771118,0.8500735238214846,0.7962635015148162,1.198723787017933,1.0,0.6422645977019117,0.626669851471383,0.5335516043593843,0.09670397917179141,1,0.7075578867275423,1.3584219937310147,1.1269809692727226,0.5309157351763634
2011-12-23,2011-12,True,20111223_Richmond@UCLA,-1,14.5,144.0,0.8594199863439859,0.8521504796423822,0.8118828492948039,1.1756622286442833,1.0,20111223_Xavier@Hawaii,1,9.0,122.5,0.7435190268873987,0.7348575331393533,0.6919901662046236,1.3793548616957534,1.0,0.6389951119340619,0.6262091993335177,0.5618149478221948,0.036229880737866926,1,0.6216554107925565,1.1547491029612054,1.1741567743692773,0.35585648193874553
2011-12-25,2011-12,True,20111225_Clemson@Hawaii,1,9.0,117.5,0.7716471802242998,0.7606528091218592,0.7026535232828419,1.3584219937310147,1.0,20111225_SoIllinois@Xavier,1,15.0,111.5,0.8275726055350183,0.8219930832414305,0.8050494582596659,1.1856414412891008,1.0,0.6385940674919737,0.6252513478463323,0.5656708382630974,0.028520505856142853,1,0.610601410526054,1.2680771373073751,1.0931221717549442,0.38616323428623045
2011-12-27,2011-12,True,20111227_Pittsburgh@NotreDame,-1,7.0,143.5,0.7589025354898623,0.7447859238599944,0.6730328840255925,1.4182070782201255,1.0,20111227_Wisconsin@Nebraska,1,14.0,90.5,0.8474850503195761,0.841386609688592,0.7969323613909619,1.1977177063484037,1.0,0.6431585534772798,0.6266529034203465,0.5363616855602849,0.09247666244855957,1,0.6986117288528799,1.2378248314277107,1.0861864367426237,0.3445085429600039
2011-12-28,2011-12,True,20111228_ColoradoState@UTEP,-1,6.5,144.0,0.7616959888694943,0.7432485332666875,0.6510915201964289,1.4659997410379961,1.0,20111228_SouthernUtah@SouthDakota,-1,14.0,158.5,0.852235100883977,0.842961600197815,0.7962635015148162,1.198723787017933,1.0,0.6491440579171142,0.6265299729471658,0.5184404136782131,0.1407595232335439,1,0.7573287613443758,1.3546495732624004,1.1547491029612054,0.5642803795515365
2011-12-29,2011-12,True,20111229_ArkPineBluff@UTEP,-1,13.5,141.0,0.8738019028775498,0.8640540616804961,0.7962635015148162,1.198723787017933,1.0,20111229_GeorgiaTech@Fordham,1,6.0,119.5,0.7424650935293428,0.7247185615088628,0.635841032036413,1.501161378250497,1.0,0.6487674115460976,0.6261960166469794,0.5062970065761085,0.1674425883462214,1,0.7994778522614954,1.1450358161369358,1.501161378250497,0.7188835438983052
2011-12-30,2011-12,True,20111230_Princeton@FloridaState,1,7.5,112.0,0.7531577187563785,0.7386960799281332,0.6588292745746972,1.4487820089903731,1.0,20111230_Towson@Virginia,-1,15.0,131.5,0.8555135558976675,0.849932802304318,0.8118828492948039,1.1756622286442833,1.0,0.6443366381250448,0.6278420292645328,0.5348921886405339,0.09748460427649408,1,0.7032782855093642,1.42447985534302,1.186911375658796,0.6907313447034265
2011-12-31,2011-12,True,20111231_USC@Stanford,1,13.5,98.0,0.8350092259200448,0.8277161537648688,0.779969024787995,1.2237665467028573,0.0,20111231_LouisianaTech@SMU,1,9.0,112.5,0.7675262978447308,0.7578431384829281,0.7026535232828419,1.3584219937310147,1.0,0.6408915398366064,0.627279007742186,0.5480479833187669,0.06541257917959298,0,-1.0,1.1856414412891008,1.3385064920557965,-1.0
2012-01-01,2011-12,True,20120101_Evansville@NorthernIowa,-1,12.0,146.5,0.8217784320351232,0.8140092909072326,0.7711107224267564,1.2378248314277107,1.0,20120101_Rutgers@SouthFlorida,1,10.5,108.0,0.7770299264251621,0.7694550287287637,0.7233473888323192,1.3195596123472906,1.0,0.6385464345820369,0.6263435423205053,0.5577809275679975,0.042991309021307655,1,0.6333836547126002,1.1756622286442833,1.2525617437900078,0.47258953121873026
2012-01-02,2011-12,True,20120102_Niagara@LoyolaMaryland,-1,10.0,155.5,0.791842075255524,0.7795258855677336,0.7246823842041943,1.3171287460618746,1.0,20120102_Virginia@LSU,1,11.5,100.0,0.8099846012707338,0.8021282161900459,0.7527144618558281,1.2680771373073751,1.0,0.641379887595236,0.625279708064412,0.5454789108426585,0.07124606088559671,1,0.6702208497713946,1.2830781829485285,1.2104155741896503,0.5530578155438564
2012-01-03,2011-12,True,20120103_SouthernUtah@IPFW,-1,11.0,156.5,0.818559837850377,0.8061737248161428,0.7439141376455705,1.2830781829485285,1.0,20120103_Alabama@GeorgiaTech,1,9.5,107.0,0.7873481902082691,0.7760307256463852,0.7131082334415836,1.3385064920557965,1.0,0.6444916069086685,0.6256155806661206,0.5304912965286518,0.10685534950613262,1,0.7174084776917604,1.2996901524926707,1.3195596123472906,0.7150186337948197
2012-01-04,2011-12,True,20120104_UTEP@Marshall,-1,12.0,142.5,0.8437793663833618,0.8340613167831613,0.7711107224267564,1.2378248314277107,1.0,20120104_EastCarolina@SouthernMiss,1,9.0,122.5,0.7627823698200105,0.7516168203378258,0.6919901662046236,1.3793548616957534,1.0,0.6436200246951276,0.6268945148873398,0.5336010369742585,0.09891663653622862,1,0.7073996991575391,1.186911375658796,1.3195596123472906,0.5662003147549102
2012-01-05,2011-12,True,20120105_BYU@LoyolaMarymount,1,8.0,137.5,0.7658341437565664,0.7490513192463804,0.6700691458849398,1.42447985534302,1.0,20120105_WesternCarolina@TennesseeChat,1,14.0,119.5,0.8461509586164797,0.8346184138336644,0.7885721403072818,1.2104155741896503,1.0,0.6480112948808496,0.6251720239494277,0.5283978605243592,0.11730924088914363,1,0.7242126020266115,1.1741567743692773,1.1246534934831247,0.32051951819128477
2012-01-06,2011-12,True,20120106_Butler@WrightState,1,9.0,107.5,0.7596269285367798,0.751372560789925,0.7026535232828419,1.3584219937310147,1.0,20120106_Valparaiso@DetroitU,-1,14.5,165.0,0.8420057767969473,0.8345340891349275,0.8041880965798345,1.186911375658796,1.0,0.6396102620384905,0.627046015619798,0.5650655994439431,0.03126058622470129,1,0.6123265173044428,1.3584219937310147,1.1269809692727226,0.5309157351763634
2012-01-07,2011-12,True,20120107_Mississippi@LSU,1,11.5,110.0,0.8324532713997959,0.8200064281404755,0.7431554148388463,1.284388138660046,1.0,20120107_FloridaState@Clemson,1,8.5,109.0,0.7805655035972755,0.7642218967153735,0.6811258720852689,1.4013562531075137,1.0,0.6497843070113811,0.6266668678323128,0.5061823800269989,0.1695372545432332,1,0.7998853495283758,1.2104155741896503,1.3195596123472906,0.597215505856818
2012-01-08,2011-12,True,20120108_Columbia@Elon,1,6.0,117.5,0.7404172295243792,0.7225643581540216,0.635841032036413,1.501161378250497,1.0,20120108_Arizona@USC,1,15.0,93.5,0.8735189397654953,0.8652080880450788,0.8129238112284703,1.1741567743692773,1.0,0.646768473318241,0.6251685268079605,0.5168903150984847,0.13999333604441078,1,0.7625988016943421,1.3195596123472906,1.14297332566624,0.5082214385394372
2012-01-09,2011-12,True,20120109_Oklahoma@OklahomaState,1,9.5,120.0,0.7679335700863517,0.7587368297908675,0.7131082334415836,1.3385064920557965,1.0,20120109_IdahoState@Wyoming,1,15.0,103.5,0.8366888135856411,0.8312222511387832,0.8050494582596659,1.1856414412891008,1.0,0.6425214276681354,0.6306789356806687,0.5740873970126542,0.01967428789080694,1,0.5869887664158528,1.284388138660046,1.1335825640578707,0.455959999467771
2012-01-10,2011-12,True,20120110_FloridaState@VirginiaTech,1,7.0,116.5,0.7491194591316765,0.7344578554912164,0.6588292745746972,1.4487820089903731,1.0,20120110_NorthernIowa@Creighton,-1,14.5,158.0,0.8602739118011394,0.8518659018158555,0.8118828492948039,1.1756622286442833,1.0,0.6444479275135612,0.6256596034137644,0.5348921886405339,0.09767416107536131,1,0.7032782855093642,1.2680771373073751,1.110614185960901,0.40834445758626003
2012-01-11,2011-12,True,20120111_LSU@Alabama,1,9.0,108.5,0.7749551308409924,0.763949001935234,0.6919901662046236,1.3793548616957534,1.0,20120111_DenverU@ColoradoState,-1,12.0,137.5,0.8304587465437387,0.8200458832418241,0.7622696874213243,1.2521814992131854,0.0,0.6435682665858496,0.6264732340436889,0.5274831276914287,0.11157280820825854,0,-1.0,1.3015349110892467,1.3171287460618746,-1.0
2012-01-12,2011-12,True,20120112_Wofford@TennesseeChat,1,6.5,117.0,0.7615255095412157,0.7402098889772047,0.635841032036413,1.501161378250497,0.0,20120112_LoyolaMarymount@Pepperdine,1,13.5,108.0,0.8577102923972376,0.8452040880281142,0.779969024787995,1.2237665467028573,1.0,0.6531682674565514,0.62562842416237,0.4959363096776333,0.1999165318436158,0,-1.0,1.284388138660046,1.1246534934831247,-1.0
2012-01-13,2011-12,True,20120113_Princeton@Cornell,1,7.5,116.0,0.7512297777011459,0.7352908158588147,0.6588292745746972,1.4487820089903731,1.0,20120113_Drake@Evansville,-1,15.0,161.5,0.8644343224919742,0.8549383727121795,0.8118828492948039,1.1756622286442833,1.0,0.6493888039228863,0.6286283335805459,0.5348921886405339,0.10608984857475057,1,0.7032782855093642,1.3195596123472906,1.1185966436446049,0.4760549534606551
2012-01-14,2011-12,True,20120114_TCU@ColoradoState,-1,10.5,161.0,0.8567691766392185,0.840886353717024,0.7439141376455705,1.2830781829485285,0.0,20120114_NorthCarolina@FloridaState,1,7.5,135.0,0.7632402344777871,0.7447342056761503,0.6588292745746972,1.4487820089903731,1.0,0.6539207072714577,0.6262368306993623,0.49011241165089264,0.21557358698018336,0,-1.0,1.2378248314277107,1.2680771373073751,-1.0
2012-01-15,2011-12,True,20120115_Nebraska@Wisconsin,1,10.0,94.5,0.8021413945440301,0.792161944784117,0.7131082334415836,1.3385064920557965,1.0,20120115_SoIllinois@Creighton,-1,10.0,160.5,0.8008823924114901,0.7893202188350791,0.7246823842041943,1.3171287460618746,0.0,0.6424209191147118,0.6252694396098211,0.516776974806088,0.13257868658465477,0,-1.0,1.1528492854113863,1.2672542397533035,-1.0
2012-01-16,2011-12,True,20120116_Louisville@Marquette,1,8.5,125.0,0.753581066863003,0.7426611230109543,0.6919901662046236,1.3793548616957534,1.0,20120116_IdahoState@PortlandState,-1,15.0,159.5,0.850411422926019,0.8428167400667196,0.8118828492948039,1.1756622286442833,1.0,0.6408539473610738,0.6259272266703816,0.5618149478221948,0.039244271265853614,1,0.6216554107925565,1.3385064920557965,1.1756622286442833,0.5736315255051594
2012-01-17,2011-12,True,20120117_BoiseState@ColoradoState,-1,7.5,159.0,0.7534349885977064,0.7388200410612701,0.6730328840255925,1.4182070782201255,1.0,20120117_Auburn@LSU,1,15.0,107.5,0.8538882402888796,0.8474516238803868,0.8050494582596659,1.1856414412891008,1.0,0.6433492765857676,0.6261142435527474,0.5418247586757438,0.08178221255313489,1,0.6814850842673141,1.2672542397533035,1.2680771373073751,0.6069761285870032
2012-01-18,2011-12,True,20120118_GeorgiaState@Northeastern,1,8.0,109.5,0.7663192684673215,0.7538062380691293,0.6811258720852689,1.4013562531075137,1.0,20120118_OldDominion@Towson,1,12.5,96.0,0.8397630131606576,0.8319057004422697,0.7711238888014049,1.2378036964768728,1.0,0.6435265779311887,0.6270957064786513,0.5252324312456408,0.11626374412362339,1,0.7346039501774606,1.3195596123472906,1.1741567743692773,0.5493698580216688
2012-01-19,2011-12,True,20120119_IPFW@OralRoberts,-1,7.0,154.5,0.7749388013538506,0.7591302079890085,0.6730328840255925,1.4182070782201255,1.0,20120119_DenverU@ULMonroe,-1,11.5,132.0,0.8362261249860939,0.8261313101607157,0.753203240563482,1.2672542397533035,1.0,0.6480240709574989,0.6271412333085362,0.5069305492538624,0.16464760942549939,1,0.797228932722599,1.39598821305318,1.1649498838145416,0.6262563066027715
2012-01-20,2011-12,True,20120120_WiscMilwaukee@YoungstownState,1,7.5,117.0,0.760780835193677,0.7445703558317578,0.6588292745746972,1.4487820089903731,1.0,20120120_WiscGreenBay@ClevelandState,1,15.0,111.5,0.8486159188483738,0.8425614389415852,0.8129238112284703,1.1741567743692773,1.0,0.6456107275001155,0.627346270402854,0.5355780048361513,0.09824660758082948,1,0.7010972104403779,1.3195596123472906,1.14297332566624,0.5082214385394372
2012-01-21,2011-12,True,20120121_TennesseeChat@Elon,1,5.0,129.5,0.7410707240495603,0.7181542989034413,0.6122501855314321,1.5590032025412874,1.0,20120121_Harvard@Dartmouth,1,15.0,97.5,0.8812085550791098,0.8718402975865805,0.8050494582596659,1.1856414412891008,0.0,0.6530378619511428,0.6261158576690584,0.49289168018145935,0.20708746377755016,0,-1.0,1.3385064920557965,1.1528492854113863,-1.0
2012-01-22,2011-12,True,20120122_WiscMilwaukee@ClevelandState,1,8.5,112.0,0.761052119466126,0.7491570756992909,0.6811258720852689,1.4013562531075137,1.0,20120122_Wisconsin@Illinois,1,13.0,95.5,0.8436468931339461,0.835549929063675,0.779969024787995,1.2237665467028573,1.0,0.6420592561006021,0.6259581414580927,0.5312570822082198,0.10108854368386777,1,0.7149329025658373,1.2104155741896503,1.1335825640578707,0.3721059901654835
2012-01-23,2011-12,True,20120123_JamesMadison@GeorgiaState,1,8.0,119.5,0.7451475561479077,0.7343501757823282,0.6700691458849398,1.42447985534302,1.0,20120123_TexasA&M@Kansas,1,15.0,109.5,0.8594904113936767,0.8531214380054318,0.8129238112284703,1.1741567743692773,1.0,0.640447179582558,0.6264898779629615,0.5447151638593912,0.07118804602380169,1,0.6725626721035751,1.3793548616957534,1.1246534934831247,0.5512962639590613
2012-01-24,2011-12,True,20120124_EasternMichigan@Buffalo,1,9.0,105.5,0.7758190116953132,0.7653740020800562,0.6919901662046236,1.3793548616957534,1.0,20120124_Tennessee@Vanderbilt,1,13.5,116.0,0.8249510805536249,0.817620002608678,0.779969024787995,1.2237665467028573,0.0,0.640012732012094,0.6257850935773098,0.5397308950975028,0.08034682663867976,0,-1.0,1.3015349110892467,1.1977177063484037,-1.0
2012-01-25,2011-12,True,20120125_SMU@Tulane,1,6.0,100.5,0.7506289128799745,0.7312422407904153,0.6241149387014235,1.5293657318730398,1.0,20120125_VaCommonwealth@Towson,1,14.5,102.0,0.8666033042383858,0.8589138301249278,0.7969323613909619,1.1977177063484037,1.0,0.6504974961586534,0.6280740737864303,0.4973773918787009,0.1915477585562877,1,0.831748416546825,1.3195596123472906,1.1528492854113863,0.5212533561522998
2012-01-26,2011-12,True,20120126_BostonCollege@Virginia,1,12.5,98.0,0.8472837170410079,0.8369107096598327,0.7620382825295853,1.2525617437900078,1.0,20120126_Butler@WiscMilwaukee,1,8.0,111.5,0.7611504438623848,0.7471666029652336,0.6700691458849398,1.42447985534302,0.0,0.6449103773031345,0.6253117319217601,0.5106183411062256,0.15068067747869884,0,-1.0,1.14297332566624,1.3584219937310147,-1.0
2012-01-27,2011-12,True,20120127_Dartmouth@Brown,1,6.5,112.0,0.7570236263245793,0.7376364294893882,0.635841032036413,1.501161378250497,1.0,20120127_LoyolaChicago@WrightState,1,14.5,91.0,0.8562557879848803,0.8490340337088572,0.7969323613909619,1.1977177063484037,0.0,0.6482058616817242,0.6262784331399743,0.5067222951300449,0.16545311333157886,0,-1.0,1.4487820089903731,1.1004178785523722,-1.0
2012-01-28,2011-12,True,20120128_VaCommonwealth@GeorgiaState,1,10.0,108.5,0.8247696851547598,0.8092433895426547,0.7233473888323192,1.3195596123472906,1.0,20120128_Columbia@Cornell,1,8.0,114.5,0.7914430865960295,0.7732771248925138,0.6811258720852689,1.4013562531075137,1.0,0.6527582653497185,0.6257694016038166,0.4926906210390155,0.20706303429843498,1,0.8491731141110024,1.1528492854113863,1.2680771373073751,0.46190182159132376
2012-01-29,2011-12,True,20120129_MiamiFlorida@BostonCollege,1,8.0,122.5,0.754506614789488,0.7430576420889099,0.6811258720852689,1.4013562531075137,1.0,20120129_Providence@SouthFlorida,1,14.0,108.5,0.8483543355640697,0.8413630728111855,0.7969323613909619,1.1977177063484037,1.0,0.6400889578684316,0.6251812610237593,0.5428112496453916,0.07434399572301209,1,0.6784291972489243,1.3584219937310147,1.1335825640578707,0.5398834867262083
2012-01-30,2011-12,True,20120130_Princeton@Pennsylvania,1,8.5,117.0,0.766921373508936,0.7547130655264482,0.6919901662046236,1.3793548616957534,1.0,20120130_WesternCarolina@Wofford,1,14.0,115.5,0.835686033312527,0.828442264606042,0.7885721403072818,1.2104155741896503,1.0,0.6409054804902776,0.6252362011324989,0.5456841664355717,0.07005105196796824,1,0.669592606930751,1.4013562531075137,1.1741567743692773,0.6454119378909349
2012-01-31,2011-12,True,20120131_YoungstownState@WiscMilwaukee,1,7.5,118.0,0.7575068990342391,0.7425549287294597,0.6588292745746972,1.4487820089903731,1.0,20120131_Clemson@Virginia,1,13.5,94.0,0.8501736321080422,0.8425073596802918,0.7885721403072818,1.2104155741896503,1.0,0.6440123916988391,0.6256079924214444,0.5195344111484629,0.12935836032714976,1,0.7536283072877177,1.3793548616957534,1.1080919561930735,0.5284520269808737
2012-02-01,2011-12,True,20120201_VaCommonwealth@William&Mary,1,8.0,113.5,0.7762942814074674,0.7631488523896582,0.6811258720852689,1.4013562531075137,1.0,20120201_EasternMichigan@MiamiOhio,1,11.5,92.0,0.8315735713530371,0.8216624191222807,0.7527144618558281,1.2680771373073751,1.0,0.6455458080109472,0.6270507322048788,0.5126932942627448,0.14715286365648694,1,0.7770278257883654,1.2680771373073751,1.14297332566624,0.4493783428295359
2012-02-02,2011-12,True,20120202_CollCharleston@Elon,1,6.5,131.0,0.7482282660749231,0.7286742931378469,0.635841032036413,1.501161378250497,1.0,20120202_WrightState@Butler,1,15.0,100.5,0.8706464540722076,0.8619746376694021,0.8050494582596659,1.1856414412891008,1.0,0.6514422866947281,0.6280987598065033,0.5118834783801811,0.15946247938624025,1,0.7798391401164522,1.284388138660046,1.14297332566624,0.4680213822905446
2012-02-03,2011-12,True,20120203_Columbia@Dartmouth,1,4.5,105.0,0.7460471617639204,0.7223922593055611,0.6002595521794782,1.5901454571348554,1.0,20120203_Cornell@Harvard,1,15.0,105.5,0.8798568207712963,0.8711981754408997,0.8129238112284703,1.1741567743692773,1.0,0.656414683895052,0.6293468182596341,0.4879652828840363,0.225578767869145,1,0.8670800607274218,1.3195596123472906,1.0861864367426237,0.4332877534049815
2012-02-04,2011-12,True,20120204_Columbia@Harvard,1,12.0,101.5,0.8396663182223215,0.8287436441884837,0.7527144618558281,1.2680771373073751,1.0,20120204_Cornell@Dartmouth,1,7.5,113.0,0.7709000214470176,0.7543499013369114,0.6700691458849398,1.42447985534302,1.0,0.647298782725926,0.6251626862271751,0.5043707365509769,0.16924837439136486,1,0.8063503371154006,1.1741567743692773,1.2525617437900078,0.4707038567868329
2012-02-05,2011-12,True,20120205_YoungstownState@LoyolaChicago,1,9.5,108.0,0.7815296373094125,0.7713287508743187,0.7131082334415836,1.3385064920557965,1.0,20120205_Siena@Fairfield,1,12.5,113.0,0.8187199610660113,0.8113114091515989,0.7711238888014049,1.2378036964768728,1.0,0.6398539142298961,0.6257878157909862,0.549894794107774,0.060115265405944474,1,0.6568082836249569,1.2680771373073751,1.1741567743692773,0.4889213611922547
2012-02-06,2011-12,True,20120206_Connecticut@Louisville,1,9.0,119.5,0.7739782092415258,0.7626825786635896,0.7026535232828419,1.3584219937310147,1.0,20120206_AppalachianSt@Elon,1,14.0,124.5,0.8300599642372813,0.8213886352272181,0.7885721403072818,1.2104155741896503,1.0,0.642448324683456,0.6264588024000612,0.5540929927496031,0.05634895846073973,1,0.6442551375337757,1.284388138660046,1.1335825640578707,0.455959999467771
2012-02-07,2011-12,True,20120207_Alabama@Auburn,1,11.5,106.0,0.7942027298714542,0.7872848012485945,0.7431554148388463,1.284388138660046,1.0,20120207_Creighton@Evansville,-1,12.0,165.5,0.8025927917410769,0.7943411725410701,0.7622696874213243,1.2521814992131854,1.0,0.6374213861759148,0.6253727321475718,0.566484845774672,0.02515657036593333,1,0.6082870650389691,1.1741567743692773,1.211127207128264,0.42205321487259395
2012-02-08,2011-12,True,20120208_Towson@VaCommonwealth,1,12.5,105.0,0.8502932133180922,0.8408948888613356,0.7620382825295853,1.2525617437900078,1.0,20120208_FloridaState@BostonCollege,1,7.5,117.0,0.7614374633260736,0.7456707308617775,0.6588292745746972,1.4487820089903731,1.0,0.6474451074323041,0.6270307063551652,0.5020531288771148,0.17491146247592715,1,0.8146889195525726,1.1335825640578707,1.5590032025412874,0.7672588477111846
2012-02-09,2011-12,True,20120209_California@USC,1,13.0,100.5,0.8594383923032888,0.8490880220681623,0.779969024787995,1.2237665467028573,1.0,20120209_Elon@TennesseeChat,1,7.0,136.5,0.7555474580879148,0.7363898934844586,0.6474163077777902,1.4743218367116089,1.0,0.649346492687914,0.6252598381297036,0.5049646662092875,0.17156765813116626,1,0.8042257428411794,1.1528492854113863,1.2237665467028573,0.41081838887674893
2012-02-10,2011-12,True,20120210_Brown@Columbia,1,8.0,116.5,0.779119458691719,0.7629423122742565,0.6700691458849398,1.42447985534302,1.0,20120210_Dartmouth@Princeton,1,11.5,106.0,0.8321353742916074,0.8208738825035241,0.7431554148388463,1.284388138660046,0.0,0.6483328623763082,0.626279418002785,0.49796551408083384,0.1861800994365952,0,-1.0,1.3584219937310147,1.2237665467028573,-1.0
2012-02-11,2011-12,True,20120211_Brown@Cornell,1,7.0,123.5,0.7761198756756394,0.7576222030663995,0.6588292745746972,1.4487820089903731,1.0,20120211_Ohio@EasternMichigan,1,11.5,100.0,0.8393701025026049,0.8261506280941509,0.7431554148388463,1.284388138660046,1.0,0.6514518196001705,0.6259100589213802,0.48961254285453526,0.21222052173287076,1,0.8607984278513072,1.2680771373073751,1.2104155741896503,0.5349003162706745
2012-02-12,2011-12,True,20120212_WiscMilwaukee@WrightState,1,7.0,105.5,0.7697537442168106,0.7536789352083043,0.6588292745746972,1.4487820089903731,1.0,20120212_BostonCollege@VirginiaTech,1,12.5,109.0,0.8402895826843451,0.8298454519930807,0.7620382825295853,1.2525617437900078,1.0,0.646816052497656,0.625437036645599,0.5020531288771148,0.17376992345623132,1,0.8146889195525726,1.3015349110892467,1.284388138660046,0.6716760018549859
2012-02-13,2011-12,True,20120213_Syracuse@Louisville,1,11.0,126.5,0.7796059538209038,0.7706820250025441,0.7333648846969343,1.3015349110892467,0.0,20120213_IowaState@Baylor,1,14.0,126.5,0.8174740128292396,0.8113930547348999,0.7885721403072818,1.2104155741896503,1.0,0.637307607495541,0.6253260424960928,0.5783111167516645,0.004013211001780981,0,-1.0,1.2525617437900078,1.1856414412891008,-1.0
2012-02-14,2011-12,True,20120214_ClevelandState@WiscMilwaukee,1,8.0,110.5,0.7555172827649126,0.7427125680029906,0.6700691458849398,1.42447985534302,1.0,20120214_LoyolaChicago@Butler,1,13.5,98.0,0.8509950651984473,0.844002798832031,0.7885721403072818,1.2104155741896503,1.0,0.6429414793050805,0.6268514861222492,0.5283978605243592,0.10856780098345165,1,0.7242126020266115,1.3015349110892467,1.1335825640578707,0.47539728172338114
2012-02-15,2011-12,True,20120215_AirForce@Wyoming,1,8.5,100.0,0.7715036436241702,0.7597588862122245,0.6811258720852689,1.4013562531075137,1.0,20120215_Northwestern@IndianaU,-1,12.0,161.5,0.8347786821658324,0.8245165810201568,0.7711107224267564,1.2378248314277107,1.0,0.6440347949107228,0.6264337992593857,0.5252234632872261,0.11716437406592428,1,0.7346335677729765,1.2378036964768728,1.1756622286442833,0.4552390524241323
2012-02-16,2011-12,True,20120216_Wisconsin@MichiganState,1,12.0,99.5,0.8349546021164597,0.8262495416848746,0.7620382825295853,1.2525617437900078,1.0,20120216_VirginiaTech@FloridaState,1,9.0,117.5,0.7699478475407191,0.7578953685112488,0.6919901662046236,1.3793548616957534,0.0,0.6428714986937857,0.6262107008775085,0.5273229977819336,0.11070652995686281,0,-1.0,1.1246534934831247,1.3015349110892467,-1.0
2012-02-17,2011-12,True,20120217_Brown@Harvard,1,12.5,111.0,0.8463043334147234,0.8369484025882941,0.7620382825295853,1.2525617437900078,0.0,20120217_Columbia@Princeton,1,7.5,112.0,0.7606631241404833,0.7474757312449365,0.6700691458849398,1.42447985534302,1.0,0.6437524982288727,0.6255986192389666,0.5106183411062256,0.14861473293120753,0,-1.0,1.1977177063484037,1.3385064920557965,-1.0
2012-02-18,2011-12,True,20120218_Brown@Dartmouth,1,13.5,109.0,0.8579700832154563,0.8469345958338791,0.7885721403072818,1.2104155741896503,1.0,20120218_ULLafayette@NorthTexas,1,7.5,132.0,0.7577209097089294,0.7400733670757367,0.6588292745746972,1.4487820089903731,0.0,0.6501018719570614,0.6267937380317071,0.5195344111484629,0.140037045284638,0,-1.0,1.1856414412891008,1.3015349110892467,-1.0
2012-02-19,2011-12,True,20120219_PennState@Wisconsin,1,13.0,97.5,0.8473697892307576,0.840583521563354,0.779969024787995,1.2237665467028573,1.0,20120219_Syracuse@Rutgers,1,8.5,121.0,0.7528102941695096,0.7441181965847308,0.6919901662046236,1.3793548616957534,1.0,0.637908700301162,0.6254934941445651,0.5397308950975028,0.07679520357189129,1,0.6880083357752096,1.1335825640578707,1.3195596123472906,0.4958297687918516
2012-02-20,2011-12,True,20120220_Connecticut@Villanova,1,10.0,127.5,0.7724441108435962,0.7634005429561105,0.7233473888323192,1.3195596123472906,1.0,20120220_Fairfield@Marist,1,15.0,117.5,0.8272084521341722,0.8217754456421632,0.8050494582596659,1.1856414412891008,0.0,0.6389722972910882,0.627343821391227,0.5823304235130025,-0.0003121473129291674,0,-1.0,1.3195596123472906,1.14297332566624,-1.0
2012-02-21,2011-12,True,20120221_Virginia@VirginiaTech,1,14.0,99.5,0.8444899532180864,0.8368248099189145,0.7885721403072818,1.2104155741896503,1.0,20120221_Wofford@NCGreensboro,1,8.5,128.0,0.7626984384737034,0.7496864051905041,0.6919901662046236,1.3793548616957534,0.0,0.6440911686261653,0.6273561835223379,0.5456841664355717,0.07536985332763324,0,-1.0,1.1528492854113863,1.3015349110892467,-1.0
2012-02-22,2011-12,True,20120222_Tulane@SMU,1,13.0,99.5,0.8457204595293922,0.8358652246735265,0.7711238888014049,1.2378036964768728,1.0,20120222_OldDominion@GeorgiaState,1,7.5,111.0,0.7622727269630409,0.7482292955785368,0.6700691458849398,1.42447985534302,1.0,0.6446696409339059,0.6254188482560682,0.5167063255406307,0.13669854983588547,1,0.7632264305004313,1.1246534934831247,1.2680771373073751,0.42614738247881956
2012-02-23,2011-12,True,20120223_USC@Arizona,1,12.0,102.5,0.8425462727415433,0.8317311557359797,0.7527144618558281,1.2680771373073751,1.0,20120223_NorthTexas@ArkansasLR,1,8.5,122.0,0.7672310849985206,0.752780026643332,0.6811258720852689,1.4013562531075137,1.0,0.6464276909969536,0.6261106015750201,0.5126932942627448,0.14871999426170968,1,0.7770278257883654,1.1741567743692773,1.3195596123472906,0.5493698580216688
2012-02-24,2011-12,True,20120224_Cornell@Brown,1,6.0,127.5,0.747279112965196,0.7281992654730346,0.635841032036413,1.501161378250497,1.0,20120224_Pennsylvania@Dartmouth,1,15.0,104.5,0.8691329990607384,0.8606159594382267,0.8129238112284703,1.1741567743692773,1.0,0.6494849365868891,0.6266999095172876,0.5168903150984847,0.14478137094657662,1,0.7625988016943421,1.4487820089903731,1.163235128122161,0.6852741258489983
2012-02-25,2011-12,True,20120225_GeorgeMason@VaCommonwealth,1,8.5,122.0,0.7757155427825051,0.761458929950415,0.6811258720852689,1.4013562531075137,1.0,20120225_WiscMilwaukee@LoyolaChicago,1,11.5,103.0,0.8317173948322549,0.8213365172563399,0.7527144618558281,1.2680771373073751,1.0,0.6451761103739537,0.6254140255592131,0.5126932942627448,0.14649590066842144,1,0.7770278257883654,1.3015349110892467,1.1741567743692773,0.5282060329335541
2012-02-26,2011-12,True,20120226_California@Colorado,1,12.0,120.5,0.8298619749545336,0.8173448073005294,0.7527144618558281,1.2680771373073751,1.0,20120226_FloridaState@MiamiFlorida,1,9.0,119.5,0.7814864893777111,0.7665550610432922,0.6919901662046236,1.3793548616957534,1.0,0.6485259214752725,0.6265397986536752,0.5208710055642384,0.13435508426872467,1,0.7491283643501614,1.1977177063484037,1.284388138660046,0.5383344154970058
2012-02-27,2011-12,True,20120227_Kansas@OklahomaState,1,10.0,127.5,0.7564972217473761,0.7495520709851063,0.7131082334415836,1.3385064920557965,1.0,20120227_TexasTech@Baylor,1,14.5,115.0,0.8402648494752852,0.8348300908046582,0.8050494582596659,1.1856414412891008,1.0,0.6356580241600305,0.625748623483316,0.5740873970126542,0.008782143624065153,1,0.5869887664158528,1.3385064920557965,1.2104155741896503,0.6201491041382916
2012-02-28,2011-12,True,20120228_WrightState@Butler,1,14.0,102.5,0.849314531746373,0.8421421401660809,0.7969323613909619,1.1977177063484037,1.0,20120228_WiscGreenBay@YoungstownState,1,8.5,127.0,0.7550659263390336,0.7440839066734432,0.6919901662046236,1.3793548616957534,1.0,0.6412884636662777,0.6266244136291118,0.5514693572127749,0.05945839650547513,1,0.6520777411907572,1.1977177063484037,1.4487820089903731,0.7352318648067822
2012-02-29,2011-12,True,20120229_AirForce@NewMexico,1,8.0,110.5,0.7827394536061135,0.7685027544646096,0.6811258720852689,1.4013562531075137,1.0,20120229_SouthFlorida@Louisville,1,11.0,103.5,0.8253620540122221,0.815017273610268,0.7431554148388463,1.284388138660046,1.0,0.6460434431847463,0.6263430197057273,0.5061823800269989,0.16280412854709225,1,0.7998853495283758,1.3015349110892467,1.1528492854113863,0.5004735921872103
2012-03-01,2011-12,True,20120301_FloridaState@Virginia,1,8.5,105.0,0.7908603464524294,0.7764708205756008,0.6919901662046236,1.3793548616957534,1.0,20120301_WashingtonU@USC,1,11.0,114.5,0.81753359757558,0.805396265389348,0.7333648846969343,1.3015349110892467,1.0,0.6465549042151242,0.6253666990753914,0.5074812884500662,0.16074612331240612,1,0.7952785072777024,1.3195596123472906,1.3584219937310147,0.7925187994517313
2012-03-02,2011-12,True,20120302_Dartmouth@Cornell,1,6.0,116.5,0.7655117334804324,0.745477024040155,0.635841032036413,1.501161378250497,1.0,20120302_Brown@Pennsylvania,1,12.5,115.0,0.8500867475667506,0.8396522070317755,0.7711238888014049,1.2378036964768728,0.0,0.650751379738566,0.6259414285267961,0.49031220928341746,0.20918918803336384,0,-1.0,1.3015349110892467,1.1741567743692773,-1.0
2012-03-03,2011-12,True,20120303_CalIrvine@CalRiverside,1,7.0,119.5,0.7684110913487082,0.7491330519772131,0.6474163077777902,1.4743218367116089,1.0,20120303_Dartmouth@Columbia,1,12.0,106.5,0.847349864419033,0.8360202788113328,0.7620382825295853,1.2525617437900078,1.0,0.6511130340724092,0.6262904229807744,0.49335601126063267,0.20239685174774213,1,0.8466791306991801,1.3195596123472906,1.1856414412891008,0.5645245606503286
2012-03-04,2011-12,True,20120304_NorthTexas@ULLafayette,1,5.5,128.0,0.7430849036585302,0.7231904306114392,0.6241149387014235,1.5293657318730398,0.0,20120304_Illinois@Wisconsin,1,14.5,100.0,0.8752790208432559,0.8673946308255243,0.8050494582596659,1.1856414412891008,1.0,0.6504066268776435,0.6272914965767612,0.5024433932933456,0.17936893202436588,0,-1.0,1.6572487785124705,1.163235128122161,-1.0
2012-03-05,2011-12,True,20120305_NoIllinois@EasternMichigan,1,8.5,98.0,0.7804304687515476,0.7689728521451328,0.6919901662046236,1.3793548616957534,1.0,20120305_VaCommonwealth@Drexel,1,12.0,106.5,0.8227314728999913,0.813468051762497,0.7527144618558281,1.2680771373073751,1.0,0.6420847090519914,0.6255348478927518,0.5208710055642384,0.12308857691835895,1,0.7491283643501614,1.3015349110892467,1.1977177063484037,0.558871408442186
2012-03-06,2011-12,True,20120306_WesternIllinois@SouthDakotaSt,-1,15.0,136.5,0.8740843447025176,0.8663624411498004,0.8118828492948039,1.1756622286442833,1.0,20120306_MorganState@Hampton,1,7.0,124.5,0.7370222514373448,0.7223569079160296,0.6588292745746972,1.4487820089903731,1.0,0.6442196116787857,0.625822894123553,0.5348921886405339,0.09728527567175038,1,0.7032782855093642,1.1269809692727226,1.501161378250497,0.6917803050955211
2012-03-07,2011-12,True,20120307_USC@UCLA,1,11.5,102.0,0.8194313786807039,0.8107199814672906,0.7431554148388463,1.284388138660046,0.0,20120307_UtahU@Colorado,1,9.5,110.0,0.782224763790533,0.7719232357194897,0.7026535232828419,1.3584219937310147,0.0,0.6409795166310644,0.6258135913566757,0.5221807705832373,0.11834330438802554,0,-1.0,1.2378036964768728,1.3385064920557965,-1.0
2012-03-08,2011-12,True,20120308_UTEP@MemphisU,1,8.5,117.0,0.7633841857516028,0.7536786895527001,0.6919901662046236,1.3793548616957534,0.0,20120308_AirForce@NewMexico,1,13.0,111.5,0.8377733942598091,0.8299625401654755,0.779969024787995,1.2237665467028573,1.0,0.6395429604213809,0.6255250796497458,0.5397308950975028,0.07955384827764589,0,-1.0,1.3195596123472906,1.2525617437900078,-1.0
2012-03-09,2011-12,True,20120309_ArkPineBluff@MissValleySt,-1,7.5,143.0,0.7798202371795804,0.7637766015518863,0.6837450281277113,1.39598821305318,1.0,20120309_Louisville@NotreDame,1,12.0,105.5,0.8298328007769343,0.8203077175232238,0.7620382825295853,1.2525617437900078,1.0,0.6471204115212644,0.6265318407166727,0.5210398869225841,0.13152979244443075,1,0.7485614304521881,1.2672542397533035,1.1856414412891008,0.5025091433008304
2012-03-10,2011-12,True,20120310_Louisville@Cincinnati,1,7.5,116.0,0.7543558794251438,0.7417629696074051,0.6700691458849398,1.42447985534302,0.0,20120310_BethuneCookman@NorfolkSt,-1,14.5,146.0,0.8520525278384485,0.8445922038978741,0.8041880965798345,1.186911375658796,1.0,0.6427508339539897,0.6264872212705501,0.5388616310060852,0.08671898180027782,0,-1.0,1.42447985534302,1.0957798349318895,-1.0
2012-03-11,2011-12,True,20120311_FloridaState@NorthCarolina,1,10.0,132.5,0.7651147963539995,0.7574041020391514,0.7233473888323192,1.3195596123472906,1.0,20120311_Vanderbilt@Kentucky,-1,14.5,151.0,0.83152110217917,0.8261356951702896,0.8118828492948039,1.1756622286442833,1.0,0.6362090987578688,0.6257185643629434,0.5872733390751398,-0.013012946287615845,1,0.5513563946812021,1.284388138660046,1.211127207128264,0.5555574192440109
2012-03-13,2011-12,True,20120313_TennesseeTech@GeorgiaState,1,13.0,120.5,0.8238545880584759,0.8159294689107448,0.7711238888014049,1.2378036964768728,0.0,20120313_Massachusetts@MississippiSt,1,10.5,140.0,0.7765600493822846,0.7663111113521761,0.7233473888323192,1.3195596123472906,1.0,0.6397725595865118,0.6252558181059836,0.5577904514307199,0.04497619905567585,0,-1.0,1.1246534934831247,1.2104155741896503,-1.0
2012-03-14,2011-12,True,20120314_SouthFlorida@California,1,12.0,103.5,0.8176963513226102,0.8097847248650257,0.7527144618558281,1.2680771373073751,1.0,20120314_Delaware@Butler,1,9.5,123.0,0.7816375504093697,0.7720741938338698,0.7131082334415836,1.3385064920557965,1.0,0.6391421730264844,0.6252138886291467,0.5367668801799419,0.08483485264510948,1,0.6973294807134514,1.3015349110892467,1.2237665467028573,0.5927748835568978
2012-03-15,2011-12,True,20120315_VaCommonwealth@WichitaState,1,8.5,126.0,0.7730732085554405,0.7609096885253785,0.6919901662046236,1.3793548616957534,0.0,20120315_Davidson@Louisville,1,13.0,122.5,0.8330434302125831,0.823904876393639,0.7711238888014049,1.2378036964768728,1.0,0.6440035574604718,0.6269172028712243,0.5336101479760399,0.09955270588809495,0,-1.0,1.2680771373073751,1.1335825640578707,-1.0
2012-03-16,2011-12,True,20120316_LongIsland@MichiganState,-1,5.5,160.0,0.7638043721162818,0.7424910156098922,0.6398811349059425,1.491683295430024,1.0,20120316_NorfolkSt@Missouri,-1,12.5,158.0,0.8562587085048295,0.8455335988890902,0.7711107224267564,1.2378248314277107,0.0,0.6540141452186298,0.6278011005714478,0.493419204204574,0.2075995942404174,0,-1.0,1.4182070782201255,1.198723787017933,-1.0
2012-03-17,2011-12,True,20120317_NewMexico@Louisville,1,12.5,115.0,0.8303667600300598,0.8196343294181943,0.7620382825295853,1.2525617437900078,0.0,20120317_Massachusetts@SetonHall,1,9.5,139.0,0.7770285601271585,0.7642670806813994,0.7026535232828419,1.3584219937310147,1.0,0.6452186879236111,0.6264195361706998,0.5354488840958188,0.09784438584438693,0,-1.0,1.2378036964768728,1.284388138660046,-1.0
2012-03-18,2011-12,True,20120318_NorfolkSt@Florida,-1,10.0,150.5,0.7989748113605578,0.7881458559655791,0.7246823842041943,1.3171287460618746,1.0,20120318_NorthernIowa@Drexel,1,11.0,108.5,0.8006675368322638,0.7937691784604504,0.7431554148388463,1.284388138660046,1.0,0.6397131942030804,0.6256058885968061,0.5385516378596722,0.08220571399090737,1,0.6917045385300515,1.441526388888348,1.1977177063484037,0.7265416801400493
2012-03-19,2011-12,True,20120319_MinnesotaU@MiamiFlorida,1,10.0,121.5,0.7758948455473438,0.7668819702615234,0.7131082334415836,1.3385064920557965,1.0,20120319_IllinoisState@Stanford,1,13.0,121.5,0.8242886095711371,0.8166393126864442,0.7711238888014049,1.2378036964768728,1.0,0.6395612834096323,0.6262659651059966,0.549894794107774,0.05963043223888742,1,0.6568082836249569,1.3584219937310147,1.1856414412891008,0.610601410526054
2012-03-20,2011-12,True,20120320_Massachusetts@Drexel,1,10.5,131.0,0.7805809764839899,0.7712349133404149,0.7233473888323192,1.3195596123472906,1.0,20120320_Oregon@WashingtonU,-1,15.0,169.5,0.819041285932587,0.8136454043758882,0.8118828492948039,1.1756622286442833,0.0,0.6393280467539616,0.627511742933665,0.5872733390751398,-0.008174346369199004,0,-1.0,1.3015349110892467,1.1450358161369358,-1.0
2012-03-21,2011-12,True,20120321_Mercer@OldDominion,1,9.5,120.0,0.7597086389721251,0.7514303294802337,0.7131082334415836,1.3385064920557965,1.0,20120321_LoyolaMarymount@UtahState,1,15.0,116.5,0.8418931992455156,0.8358856964766901,0.8129238112284703,1.1741567743692773,1.0,0.6395935365586989,0.6281098643112939,0.5797026629477339,0.005195733081280851,1,0.5716164651845708,1.3793548616957534,1.14297332566624,0.5765658135462917
2012-03-22,2011-12,True,20120322_Louisville@MichiganState,1,9.0,115.5,0.7574387178567815,0.7482454243955136,0.6919901662046236,1.3793548616957534,0.0,20120322_Wisconsin@Syracuse,1,15.0,104.5,0.8444904072895845,0.838931005367245,0.8050494582596659,1.1856414412891008,1.0,0.6396497313397741,0.627726286149569,0.5570863084240484,0.04609614674027407,0,-1.0,1.3385064920557965,1.1741567743692773,-1.0
2012-03-23,2011-12,True,20120323_IndianaU@Kentucky,-1,14.5,159.0,0.8579987758186565,0.8507514094847308,0.8118828492948039,1.1756622286442833,0.0,20120323_Ohio@NorthCarolina,1,9.0,134.5,0.74547389116943,0.7366397281403899,0.6919901662046236,1.3793548616957534,1.0,0.6396156860281412,0.6266972869978856,0.5618149478221948,0.037236238075328165,0,-1.0,1.1756622286442833,1.4013562531075137,-1.0
2012-03-24,2011-12,True,20120324_Florida@Louisville,1,10.0,121.5,0.7720849127422786,0.7627446990579078,0.7131082334415836,1.3385064920557965,1.0,20120324_OhioState@Syracuse,1,15.0,121.5,0.8288604246962172,0.8232958830457937,0.8050494582596659,1.1856414412891008,1.0,0.639950628677107,0.6279645705493784,0.5740873970126542,0.015594458771331476,1,0.5869887664158528,1.2680771373073751,1.1856414412891008,0.5034848047428733
2012-03-25,2011-12,True,20120325_Baylor@Kentucky,-1,15.0,160.5,0.8569282117993557,0.849737791796809,0.8118828492948039,1.1756622286442833,1.0,20120325_Kansas@NorthCarolina,1,9.0,135.5,0.7448900220925516,0.7355313354738533,0.6919901662046236,1.3793548616957534,1.0,0.6383172746189528,0.62500877280291,0.5618149478221948,0.03513066218818306,1,0.6216554107925565,1.211127207128264,1.5293657318730398,0.8522564475210681
2012-03-27,2011-12,True,20120327_Massachusetts@Stanford,1,10.5,138.0,0.7831891014373281,0.7734933170544976,0.7333648846969343,1.3015349110892467,0.0,20120327_MinnesotaU@WashingtonU,-1,14.5,157.0,0.8144139309193995,0.8091013686081799,0.8041880965798345,1.186911375658796,1.0,0.6378401147548067,0.6258345014380748,0.5897633107229173,-0.014660386219394805,0,-1.0,1.2680771373073751,1.2378248314277107,-1.0
2012-03-28,2011-12,True,20120328_WashingtonState@Pittsburgh,-1,12.0,144.5,0.8199888008173485,0.8132672692248487,0.7711107224267564,1.2378248314277107,1.0,20120328_Mercer@UtahState,1,12.0,117.5,0.7745077987672713,0.7691448396318579,0.7527144618558281,1.2680771373073751,1.0,0.635087721134859,0.6255203233657852,0.5804261924627148,-0.003129878734005054,1,0.5696573687248356,1.198723787017933,1.2680771373073751,0.5200742282639561
2012-03-31,2011-12,True,20120331_OhioState@Kansas,1,9.5,127.0,0.7595242720370738,0.7521661758816663,0.7131082334415836,1.3385064920557965,0.0,20120331_Louisville@Kentucky,1,15.0,123.5,0.8392794788633057,0.8336403782692102,0.8050494582596659,1.1856414412891008,1.0,0.6374531352193069,0.6270360953832976,0.5740873970126542,0.011630964709605784,0,-1.0,1.3195596123472906,1.2525617437900078,-1.0
2012-11-20,2012-13,True,20121120_Butler@NorthCarolina,1,11.0,130.5,0.7791386674992011,0.7730819770598518,0.7524153669789603,1.2685812144327067,1.0,20121120_Georgia@UCLA,1,15.0,117.5,0.8162571304603841,0.8120636757134206,0.8140954734111815,1.1724669048956906,0.0,0.6359774929636253,0.6277917919190216,0.6125379443825845,-0.05406648057896668,0,-1.0,1.302921445347581,1.1613272815549214,-1.0
2012-11-21,2012-13,True,20121121_MississippiSt@Texas,1,7.0,120.5,0.758398471127018,0.7469813855382196,0.6677719055927607,1.4293802898951247,1.0,20121121_Delaware@KansasState,1,15.0,121.5,0.847520312217274,0.8421196758566813,0.8219043978042119,1.1613272815549214,1.0,0.6427581090346736,0.6290477222604202,0.5488446659367889,0.06696453009746728,1,0.6599783263720906,1.3829261482957986,1.1406888508336304,0.5774884388873132
2012-11-23,2012-13,True,20121123_Oakland@MichiganState,-1,7.5,157.0,0.7636998435552474,0.7530903795792868,0.6801509447687389,1.4033649550020748,1.0,20121123_NorthernIowa@Stanford,1,15.0,111.5,0.8368825823779412,0.8311895864172365,0.8140954734111815,1.1724669048956906,1.0,0.6391270972361452,0.6259608811373071,0.5537078053725689,0.051619064443038765,1,0.6453989652303629,1.3031786658118627,1.1724669048956906,0.5279338568305303
2012-11-24,2012-13,True,20121124_KentState@Nebraska,-1,7.0,136.5,0.7731724470750381,0.7609557475419282,0.6691084582727896,1.4265250845339916,1.0,20121124_Northeastern@CharlotteU,-1,15.0,144.5,0.8314596603633385,0.8269276992277009,0.82013827947456,1.1638281298264994,1.0,0.6428617002473025,0.6292553855289419,0.5487614597497211,0.06729829428410894,1,0.6602300212837844,1.3813121344888009,1.174853726617481,0.6228397088261148
2012-11-25,2012-13,True,20121125_Marist@Clemson,1,14.5,110.0,0.8466476880698998,0.842335475876951,0.8140954734111815,1.1724669048956906,0.0,20121125_Pacific@California,-1,10.0,139.5,0.7472562052720428,0.7425476014766027,0.7223977343103082,1.3212942879884388,1.0,0.6326627385894615,0.6254741872510827,0.5881007255045152,-0.019895445770947262,0,-1.0,1.1965289623788649,1.3212942879884388,-1.0
2012-11-27,2012-13,True,20121127_Maryland@Northwestern,1,9.0,122.5,0.7662312490354448,0.7576724067078351,0.7118294637186348,1.3409110589685929,1.0,20121127_MinnesotaU@FloridaState,-1,15.0,150.5,0.8298397664393431,0.8251031459647505,0.8124415647453399,1.174853726617481,1.0,0.6358491607380997,0.6251578863853187,0.5783198433354038,0.0017004612791344798,1,0.5753743546918442,1.3829261482957986,1.2695230365816683,0.7556566031526728
2012-11-28,2012-13,True,20121128_Virginia@Wisconsin,-1,13.5,124.0,0.8491068066849082,0.8432490359014393,0.7879092552795571,1.2114339228840953,1.0,20121128_GeorgiaTech@Illinois,1,7.5,114.0,0.7527780344525502,0.7431385907470771,0.6790834817387319,1.4055709285640243,1.0,0.6391889529765468,0.626650900188627,0.535056160369413,0.08838301905265022,1,0.7027563038821565,1.3813121344888009,1.1965289623788649,0.65277997500122
2012-11-29,2012-13,True,20121129_Kentucky@NotreDame,-1,9.5,143.0,0.7618746976303861,0.7551175256342948,0.712140794477745,1.3403248450329142,1.0,20121129_SouthCarolina@St.Johns,-1,14.5,150.0,0.8322165197129888,0.8277545064980828,0.8045047085763067,1.1864442679137737,0.0,0.6340447093193455,0.6250519347794691,0.5729206223266178,0.008271040209535618,0,-1.0,1.3813121344888009,1.2539032013698266,-1.0
2012-11-30,2012-13,True,20121130_Georgia@SouthFlorida,1,8.0,100.5,0.7691667436601378,0.758659944646784,0.6790834817387319,1.4055709285640243,1.0,20121130_Depaul@Auburn,1,13.5,124.0,0.8313896620669947,0.824205278759688,0.7977241086603722,1.1965289623788649,1.0,0.6394772790847727,0.625291531161412,0.541721265176012,0.07547693246966558,1,0.6818063247046096,1.1965289623788649,1.0974884502411366,0.3131767165898156
2012-12-01,2012-13,True,20121201_MississippiSt@Providence,1,7.0,120.5,0.7513548163198257,0.7397991345686843,0.6677719055927607,1.4293802898951247,1.0,20121201_Baylor@Kentucky,-1,14.5,162.0,0.8536394119765762,0.8479029538909745,0.8124415647453399,1.174853726617481,1.0,0.6413860835890245,0.6272778714867739,0.5425256518727599,0.0770878344735344,1,0.6793127603368625,1.4055709285640243,1.19862785028433,0.6847564605268459
2012-12-02,2012-13,True,20121202_Maryland@GeorgeMason,1,9.5,122.0,0.7588376228327443,0.7524768242652603,0.7223194919012479,1.3214374119790397,1.0,20121202_California@Wisconsin,1,15.0,113.5,0.837284067853162,0.8329514918672913,0.8219043978042119,1.1613272815549214,1.0,0.6353626516854236,0.6267766933673102,0.5936775670133394,-0.02495893044465447,1,0.534621317398589,1.302921445347581,1.1841908680288116,0.5429076773395058
2012-12-03,2012-13,True,20121203_EasternMichigan@Syracuse,1,14.5,104.0,0.8496455007506486,0.8452534491475111,0.8060356026802065,1.1841908680288116,1.0,20121203_USC@Nebraska,1,9.0,107.5,0.7453669335392163,0.7399074714655008,0.7011213954791214,1.3613904897991718,1.0,0.6332976614899029,0.6254093423062282,0.565128806557001,0.020968409473256733,1,0.6121461858414501,1.0764423584255445,1.2095124519446219,0.3019704363163318
2012-12-04,2012-13,True,20121204_Texas@Georgetown,1,4.5,110.0,0.7304726284141432,0.7137011842430394,0.5965054520239281,1.6001530191575035,0.0,20121204_Samford@Kentucky,-1,14.0,148.5,0.8828344242648446,0.8758674543763488,0.7963272334891771,1.19862785028433,1.0,0.6448863823472278,0.6251076394283365,0.47501353637142574,0.2368843256021944,0,-1.0,1.1965289623788649,1.1638281298264994,-1.0
2012-12-05,2012-13,True,20121205_SouthFlorida@OklahomaState,1,15.0,106.5,0.8610413076620735,0.8546075863143321,0.8140954734111815,1.1724669048956906,1.0,20121205_Temple@Villanova,1,8.0,131.5,0.7439968910089106,0.733112324368744,0.6790834817387319,1.4055709285640243,1.0,0.6406120559308296,0.626523354026062,0.5528387885518063,0.05571931281956699,1,0.6479853962248234,1.113446412257064,1.3829261482957986,0.5398141582364373
2012-12-06,2012-13,True,20121206_LongBeachState@Syracuse,1,9.0,131.5,0.7558391421487394,0.7486176908402535,0.7011213954791214,1.3613904897991718,1.0,20121206_Vanderbilt@Xavier,1,14.5,115.0,0.8409320121229298,0.8366219880104221,0.8140954734111815,1.1724669048956906,1.0,0.6356093306484085,0.6263100207705444,0.5707797543712836,0.014550266265212164,1,0.5961852939292631,1.2095124519446219,1.1965289623788649,0.44721667910961505
2012-12-07,2012-13,True,20121207_VaCommonwealth@OldDominion,-1,12.5,144.0,0.7891685890529462,0.7850078232246901,0.7703554142277597,1.2390384780469617,0.0,20121207_IowaState@Iowa,-1,15.0,166.5,0.8043389240887474,0.8001551629521882,0.82013827947456,1.1638281298264994,1.0,0.6347590138434815,0.6281280627110944,0.6317979640086667,-0.08465983371829733,0,-1.0,1.2695230365816683,1.1533406734257952,-1.0
2012-12-08,2012-13,True,20121208_UCLA@Texas,1,5.5,123.0,0.7475499890519605,0.732250269293596,0.6327932806495885,1.5083914908517457,1.0,20121208_KansasState@GeoWashington,1,15.0,110.5,0.8597701774616392,0.8540619817096606,0.8219043978042119,1.1613272815549214,1.0,0.6427211867486505,0.6253871161003213,0.5200955802668517,0.1258779626447648,1,0.751736189591433,1.302921445347581,1.105261560885545,0.4400689903961177
2012-12-11,2012-13,True,20121211_NDakotaSt@MinnesotaU,-1,15.0,147.5,0.846099291934663,0.8418036928825418,0.82013827947456,1.1638281298264994,1.0,20121211_WestVirginia@Duquesne,1,9.5,129.0,0.74903963206647,0.7441665119809326,0.7223194919012479,1.3214374119790397,0.0,0.6337619023224408,0.6264421179050693,0.5924018653188278,-0.025321072413188705,0,-1.0,1.2539032013698266,1.3829261482957986,-1.0
2012-12-15,2012-13,True,20121215_NCAsheville@OhioState,-1,14.5,158.0,0.8579898787421767,0.8516697509100507,0.8045047085763067,1.1864442679137737,0.0,20121215_Louisville@MemphisU,1,8.0,126.5,0.7453601146928629,0.7362914389437333,0.6902031617351695,1.3829261482957986,1.0,0.6395114344245844,0.6270771464024121,0.555271693490198,0.049287851820506656,0,-1.0,1.2248933502744581,1.2231741436595636,-1.0
2012-12-16,2012-13,True,20121216_Delaware@Villanova,1,10.5,130.0,0.764744628979529,0.7589981613249889,0.7325844573426048,1.302921445347581,1.0,20121216_EasternKentucky@Illinois,-1,15.0,151.5,0.834861864930265,0.8305104458973968,0.8124415647453399,1.174853726617481,1.0,0.6384561271452532,0.6303559013973208,0.5951820628315415,-0.02268831724370346,1,0.5307421155564402,1.3214374119790397,1.1081207772147021,0.464312252002798
2012-12-17,2012-13,True,20121217_Cornell@Vanderbilt,1,6.5,120.0,0.7358696844790014,0.7239879793287322,0.6446152883463566,1.4807281447646026,1.0,20121217_IPFW@NotreDame,-1,14.5,149.0,0.8719730108187213,0.8667411568876761,0.8124415647453399,1.174853726617481,1.0,0.6416585043453773,0.6275101787761562,0.5237122535228824,0.11625414535584544,1,0.7396389789840823,1.4055709285640243,1.1248573007890879,0.5810667207721403
2012-12-18,2012-13,True,20121218_MichiganState@BowlingGreen,1,10.5,110.0,0.7850964408080773,0.7793660106288327,0.7325844573426048,1.302921445347581,1.0,20121218_WesternKentucky@VaCommonwealth,-1,12.0,144.5,0.8078328219121509,0.8027628038481807,0.7612230345669877,1.2539032013698266,1.0,0.634226673251175,0.6256460439163727,0.5576601636949475,0.03615981806385471,1,0.6337373714547334,1.2231741436595636,1.2539032013698266,0.5337419745675229
2012-12-19,2012-13,True,20121219_NorthCarolina@Texas,1,5.5,134.0,0.7468385809164625,0.731009261743555,0.6327932806495885,1.5083914908517457,1.0,20121219_AppalachianSt@SouthCarolina,-1,14.5,160.0,0.8661750774633646,0.8583516134803866,0.8045047085763067,1.1864442679137737,1.0,0.6468929656779462,0.6274629792866866,0.5090851738380423,0.15769416642046097,1,0.7896224380909651,1.3214374119790397,1.1533406734257952,0.5240675146219456
2012-12-20,2012-13,True,20121220_EasternMichigan@Michigan,1,7.5,107.0,0.7564877576796668,0.7476859158526644,0.6677719055927607,1.4293802898951247,1.0,20121220_Elon@Duke,1,14.5,128.0,0.8431660113556154,0.8388576830360843,0.8140954734111815,1.1724669048956906,1.0,0.637844765282118,0.6272020750108788,0.5436300856142253,0.0689647338229733,1,0.6759010844122417,1.302921445347581,1.1965289623788649,0.558983245062912
2012-12-21,2012-13,True,20121221_Niagara@NotreDame,-1,10.5,149.0,0.7976862202758846,0.7915421524988557,0.742261354224837,1.285935195961818,0.0,20121221_Stanford@Northwestern,1,12.0,118.5,0.7958229526290195,0.7906576063360125,0.7712829275681705,1.2375484609901932,1.0,0.634817003091437,0.6258388236088002,0.572493510307247,0.010252300328032149,0,-1.0,1.3813121344888009,1.2685812144327067,-1.0
2012-12-22,2012-13,True,20121222_Texas@MichiganState,1,6.5,118.0,0.7412761572701658,0.7288736673893789,0.6446152883463566,1.4807281447646026,1.0,20121222_WesternKentucky@Louisville,1,15.0,115.5,0.8667380442610563,0.8613357671341103,0.8219043978042119,1.1613272815549214,1.0,0.6424922468096947,0.627804959444683,0.5298121403837006,0.1048360868062479,1,0.719609991081338,1.3829261482957986,1.150743611896335,0.591393430875794
2012-12-23,2012-13,True,20121223_Bradley@PortlandU,1,9.0,122.5,0.7554894820099181,0.7480861370587208,0.7011213954791214,1.3613904897991718,0.0,20121223_VirginiaTech@ColoradoState,-1,14.0,151.5,0.8430662448861097,0.8376080152432116,0.8045047085763067,1.1864442679137737,1.0,0.6369276806490537,0.6266029444927164,0.5640554639465442,0.028774470476271574,0,-1.0,1.2526715209149717,1.4033649550020748,-1.0
2012-12-25,2012-13,True,20121225_Mississippi@Hawaii,1,10.5,139.0,0.7589147331709788,0.7533690932105795,0.7325844573426048,1.302921445347581,1.0,20121225_IndianaState@MiamiFlorida,-1,15.0,144.5,0.8392631861808785,0.8349557773789824,0.82013827947456,1.1638281298264994,1.0,0.6369291970006868,0.6290298768749385,0.6008205564147681,-0.034175451308756766,1,0.5163766290497147,1.2853172907554662,1.1338790847519795,0.45739439325770204
2012-12-29,2012-13,True,20121229_Auburn@Illinois,1,7.0,123.5,0.7436395223402594,0.7323975706179878,0.6562787935464843,1.454412376852754,1.0,20121229_CentralMichigan@Michigan,1,15.0,119.5,0.8630123089314423,0.8582554071147616,0.8140954734111815,1.1724669048956906,1.0,0.6417700611875422,0.6285841751406035,0.5342735951219442,0.09437863938455782,1,0.7052503779305332,1.3214374119790397,1.0901068822899773,0.4405080173138074
2012-12-31,2012-13,True,20121231_NCGreensboro@NCState,-1,8.0,173.5,0.7732614784212569,0.7620381731601592,0.6801509447687389,1.4033649550020748,1.0,20121231_Harvard@SaintMarysCA,-1,11.5,153.0,0.82871395622377,0.8210890135482255,0.7612230345669877,1.2539032013698266,1.0,0.6408125789779212,0.6257011718861669,0.5177465661404631,0.12762752032269287,1,0.7596838097673242,1.3212942879884388,1.2695230365816683,0.6774135367050962
2013-01-02,2012-13,True,20130102_UTEP@ColoradoState,1,7.0,119.5,0.7293106978574976,0.7220025958477727,0.6677719055927607,1.4293802898951247,1.0,20130102_EasternMichigan@Kentucky,1,15.0,109.5,0.8703694878407743,0.8659333932529797,0.8219043978042119,1.1613272815549214,1.0,0.6347697785710279,0.6252061577599215,0.5488446659367889,0.05370407466391747,1,0.6599783263720906,1.4055709285640243,1.1220642133072065,0.5771408382066716
2013-01-03,2012-13,True,20130103_PennState@Wisconsin,-1,15.0,138.5,0.8591507681669159,0.8544226969502862,0.8124415647453399,1.174853726617481,1.0,20130103_Stanford@USC,1,8.5,116.0,0.7439484677594126,0.7361812708324286,0.6902031617351695,1.3829261482957986,1.0,0.6391638975520995,0.6290099868689326,0.560749736712302,0.03847255523997184,1,0.6247359389620781,1.174853726617481,1.3214374119790397,0.5524956679553343
2013-01-05,2012-13,True,20130105_Texas@Baylor,1,7.0,124.5,0.7461944910660252,0.7362837813928598,0.6677719055927607,1.4293802898951247,1.0,20130105_SouthernUtah@NorthernArizona,-1,15.0,149.5,0.8578997879676937,0.8533463183238583,0.82013827947456,1.1638281298264994,0.0,0.6401600956682042,0.6283050540931654,0.5476653017342951,0.06494024097114459,0,-1.0,1.3829261482957986,1.2114339228840953,-1.0
2013-01-06,2012-13,True,20130106_NorthCarolina@Virginia,1,8.0,126.5,0.7489564258575323,0.7387516270099433,0.6790834817387319,1.4055709285640243,0.0,20130106_Florida@Yale,-1,14.5,143.0,0.8528217894908857,0.8484144042224243,0.8124415647453399,1.174853726617481,1.0,0.6387263593505186,0.6267675214979878,0.5517156464965288,0.05475454174694705,0,-1.0,1.4807281447646026,1.1638281298264994,-1.0
2013-01-07,2012-13,True,20130107_NotreDame@Cincinnati,-1,10.0,144.5,0.7671847968124972,0.7628115427555496,0.7324398603512737,1.3031786658118627,1.0,20130107_IndianaU@PennState,-1,14.5,152.0,0.8251996256205246,0.8209559332353874,0.8045047085763067,1.1864442679137737,1.0,0.6330806071114309,0.6262346619656078,0.5892513164015722,-0.021163142216742425,1,0.5461488581200038,1.2390384780469617,1.19862785028433,0.48514602736099754
2013-01-08,2012-13,True,20130108_Baylor@TexasTech,-1,8.5,159.0,0.7491006121529715,0.7416753610815628,0.6910096394347853,1.3813121344888009,1.0,20130108_Pittsburgh@Georgetown,1,14.5,101.0,0.8476032837816398,0.8429462930845263,0.8060356026802065,1.1841908680288116,1.0,0.6349401387436953,0.625192496295831,0.5569783711796493,0.038595214595272154,1,0.6357372155590235,1.3212942879884388,1.1841908680288116,0.5646646298145399
2013-01-09,2012-13,True,20130109_WestVirginia@Texas,1,6.0,118.5,0.7339418536493815,0.7223122916572329,0.6446152883463566,1.4807281447646026,0.0,20130109_Nebraska@Michigan,-1,15.0,143.5,0.8743744841257228,0.8694410715342126,0.8124415647453399,1.174853726617481,1.0,0.6417400296629547,0.6280079728407972,0.5237122535228824,0.11639596997607726,0,-1.0,1.3214374119790397,1.1338790847519795,-1.0
2013-01-10,2012-13,True,20130110_Massachusetts@SaintLouis,1,13.0,119.5,0.8318086741637285,0.8242524180531275,0.7803467764158841,1.2231741436595636,1.0,20130110_MiamiFlorida@NorthCarolina,1,9.0,131.5,0.7686825995076381,0.759579534597937,0.7118294637186348,1.3409110589685929,0.0,0.6393968539491767,0.6260852680960188,0.5554738273706842,0.04871809052480658,0,-1.0,1.1613272815549214,1.302921445347581,-1.0
2013-01-11,2012-13,True,20130111_Fairfield@LoyolaMaryland,-1,14.0,132.5,0.8290474819083452,0.8247651502897995,0.7963272334891771,1.19862785028433,1.0,20130111_WrightState@LoyolaChicago,1,10.0,103.5,0.762821334746659,0.758518236900834,0.7325844573426048,1.302921445347581,1.0,0.6324151067176805,0.62559940765507,0.5833769542128066,-0.012345987923831014,1,0.5617179311263232,1.1533406734257952,1.2231741436595636,0.41073649056534145
2013-01-12,2012-13,True,20130112_Texas@IowaState,1,9.0,124.5,0.7735973297020085,0.7636715098705785,0.7011213954791214,1.3613904897991718,1.0,20130112_GeoWashington@Xavier,1,12.0,107.5,0.8277178573171523,0.8199903639540747,0.7712829275681705,1.2375484609901932,1.0,0.6403203241672171,0.6262032793201334,0.5407629624858179,0.07880316939126031,1,0.6847867054576504,1.1841908680288116,1.1724669048956906,0.3884246018434818
2013-01-13,2012-13,True,20130113_Nebraska@MichiganState,1,14.5,106.0,0.8452896953822523,0.8409872426775725,0.8060356026802065,1.1841908680288116,1.0,20130113_Iowa@Northwestern,1,9.5,124.0,0.7511550079508502,0.7445696535996457,0.7118294637186348,1.3409110589685929,0.0,0.6349435878556274,0.6261735799621613,0.5737598907939779,0.008223514060936354,0,-1.0,1.2375484609901932,1.3214374119790397,-1.0
2013-01-14,2012-13,True,20130114_Louisville@Connecticut,1,9.5,123.0,0.7531770662144245,0.7482788995469523,0.7223194919012479,1.3214374119790397,1.0,20130114_Baylor@Kansas,-1,15.0,157.5,0.843878846543447,0.8395802643416579,0.82013827947456,1.1638281298264994,1.0,0.6355901938800059,0.628240196282915,0.5924018653188278,-0.022509295232967852,1,0.5379260318663353,1.3613904897991718,1.1533406734257952,0.5701470243004498
2013-01-15,2012-13,True,20130115_Mississippi@Vanderbilt,1,8.5,117.0,0.7626727220780515,0.7557629536680202,0.7011213954791214,1.3613904897991718,1.0,20130115_Tennessee@Kentucky,-1,15.0,149.5,0.8364894908810326,0.8320980446226962,0.8124415647453399,1.174853726617481,1.0,0.6379677169999206,0.628868875945433,0.5696201636194937,0.020387697875300148,1,0.5994346903221548,1.2853172907554662,1.1864442679137737,0.524957332067284
2013-01-16,2012-13,True,20130116_KansasState@TCU,1,8.5,102.0,0.7837294027065467,0.7742378347419726,0.6902031617351695,1.3829261482957986,1.0,20130116_Purdue@Nebraska,1,11.0,104.5,0.8156087811013965,0.8085584448038529,0.7524153669789603,1.2685812144327067,1.0,0.639216582854812,0.6260165395672718,0.5193194652270062,0.1214122538062612,1,0.7543541326758296,1.2375484609901932,1.1841908680288116,0.46549358624769677
2013-01-17,2012-13,True,20130117_GeorgiaTech@Duke,1,9.5,119.0,0.7897059338947647,0.7819596721271982,0.7223194919012479,1.3214374119790397,1.0,20130117_Oregon@USC,1,12.0,118.5,0.8066121989831051,0.799750163695521,0.7619715017571547,1.2526715209149717,1.0,0.6369864398888628,0.6253723757870226,0.5503868679924587,0.05442086064471252,1,0.6553270126577277,1.302921445347581,1.1841908680288116,0.5429076773395058
2013-01-19,2012-13,True,20130119_Kansas@Texas,1,5.0,119.5,0.7432583157680198,0.727619642440666,0.620825367607139,1.5374693912379105,1.0,20130119_Harvard@MemphisU,-1,14.5,153.0,0.8653778616752535,0.859449300657437,0.8124415647453399,1.174853726617481,1.0,0.6431992919716794,0.6253521928402448,0.5043843330923449,0.1618119384155683,1,0.806301643856169,1.3829261482957986,1.11627825068457,0.5437303816455845
2013-01-20,2012-13,True,20130120_Clemson@NCState,1,15.0,117.5,0.8355301672630887,0.8312265119668358,0.8140954734111815,1.1724669048956906,1.0,20130120_Drake@NorthernIowa,1,10.5,127.0,0.7634448001676426,0.758924526325482,0.7426181899715806,1.2853172907554662,1.0,0.6378811615802058,0.6308381868636135,0.6045621069286686,-0.03871820166900064,1,0.5069919857009759,1.1724669048956906,1.302921445347581,0.5276322743488981
2013-01-21,2012-13,True,20130121_Texas@Oklahoma,1,5.0,116.5,0.7520484746524706,0.735636678480616,0.620825367607139,1.5374693912379105,1.0,20130121_Georgetown@NotreDame,-1,14.5,137.0,0.8548701928382298,0.8503493915082149,0.8124415647453399,1.174853726617481,1.0,0.6429038245498542,0.6255482019171161,0.5043843330923449,0.16127823512581974,1,0.806301643856169,1.2095124519446219,1.1638281298264994,0.407664614948573
2013-01-22,2012-13,True,20130122_Illinois@Nebraska,1,10.0,114.5,0.7785365249364697,0.7711484399361375,0.7223194919012479,1.3214374119790397,1.0,20130122_Iowa@OhioState,1,12.5,124.0,0.8181798338513515,0.811556985689394,0.7712829275681705,1.2375484609901932,1.0,0.6369828846197294,0.6258309034336504,0.5571126923531479,0.04168539669232496,1,0.6353428354895245,1.2095124519446219,1.2095124519446219,0.46292037140909126
2013-01-23,2012-13,True,20130123_TCU@WestVirginia,1,13.0,100.5,0.8497139852353711,0.8430302514661391,0.7803467764158841,1.2231741436595636,1.0,20130123_Duke@MiamiFlorida,1,7.0,119.5,0.7534389301290273,0.7418623471247737,0.6677719055927607,1.4293802898951247,1.0,0.6402075959514101,0.6254124010498582,0.5210936539104029,0.11932680453567501,1,0.7483810120563279,1.1311372328569023,1.1965289623788649,0.3534384595383697
2013-01-24,2012-13,True,20130124_Stanford@Colorado,1,8.5,123.0,0.7521206295637839,0.745031664230133,0.7011213954791214,1.3613904897991718,1.0,20130124_Purdue@Michigan,-1,15.0,149.5,0.8463156480689444,0.8419901971551395,0.82013827947456,1.1638281298264994,1.0,0.6365314580352962,0.6273093578519513,0.5750164949910492,0.008536067498566391,1,0.5844245477065522,1.2095124519446219,1.1533406734257952,0.3949799058426948
2013-01-25,2012-13,True,20130125_WiscGreenBay@WiscMilwaukee,1,9.5,117.0,0.7678736239338227,0.761695815115834,0.7223194919012479,1.3214374119790397,1.0,20130125_LoyolaMaryland@Manhattan,1,15.0,103.5,0.827966039114746,0.8237200172739858,0.8140954734111815,1.1724669048956906,0.0,0.6357732829491732,0.6274240899847374,0.5880370287134705,-0.014969983936055642,0,-1.0,1.2526715209149717,1.1220642133072065,-1.0
2013-01-26,2012-13,True,20130126_Florida@MississippiSt,1,14.0,108.5,0.8622247176982459,0.8550322242116555,0.7977241086603722,1.1965289623788649,1.0,20130126_NewMexico@SanDiegoState,1,6.5,121.0,0.7443426532439555,0.7320984811606253,0.6562787935464843,1.454412376852754,0.0,0.6417906340640329,0.6259677926887441,0.5235294156145737,0.11687392529410356,0,-1.0,1.105261560885545,1.2375484609901932,-1.0
2013-01-27,2012-13,True,20130127_FloridaState@MiamiFlorida,1,12.5,117.0,0.8288468207309141,0.8215580299046221,0.7712829275681705,1.2375484609901932,1.0,20130127_Iowa@Purdue,1,9.5,125.0,0.7711991160670066,0.7628046263899466,0.7118294637186348,1.3409110589685929,1.0,0.6392059355026296,0.6266882660590559,0.5490219127061894,0.06072544279579062,1,0.6594424173513123,1.2231741436595636,1.2375484609901932,0.5137372790088903
2013-01-28,2012-13,True,20130128_SouthFlorida@Marquette,1,10.5,111.0,0.7894620892344048,0.783365769880816,0.7325844573426048,1.302921445347581,1.0,20130128_Pittsburgh@Louisville,1,12.0,110.5,0.804358474584386,0.7986861280514597,0.7619715017571547,1.2526715209149717,1.0,0.6350105218387883,0.6256633735941597,0.5582084791252948,0.03642136678192065,1,0.6321325885762874,1.2375484609901932,1.150743611896335,0.4241009858966056
2013-01-29,2012-13,True,20130129_Nebraska@MinnesotaU,1,13.5,109.0,0.8293763973758792,0.8251460727048658,0.7891609536267116,1.2095124519446219,1.0,20130129_Wisconsin@OhioState,1,9.5,110.0,0.762998264657619,0.7581809907685891,0.7223194919012479,1.3214374119790397,0.0,0.6328127519457837,0.6256100669321855,0.5700263390519505,0.011421460063250066,0,-1.0,1.150743611896335,1.3613904897991718,-1.0
2013-01-30,2012-13,True,20130130_Texas@KansasState,1,11.5,109.0,0.8428443141405041,0.8332359934085838,0.7619715017571547,1.2526715209149717,1.0,20130130_Depaul@St.Johns,1,7.5,135.0,0.7635222075575506,0.7514305222292096,0.6790834817387319,1.4055709285640243,1.0,0.6435303513598873,0.6261189576671864,0.5174422603989388,0.13307590617745912,1,0.7607186728381654,1.2095124519446219,1.2685812144327067,0.5343647751593892
2013-01-31,2012-13,True,20130131_PennState@Iowa,1,8.5,121.0,0.7531995130804574,0.7456601221633614,0.6902031617351695,1.3829261482957986,1.0,20130131_Drexel@GeorgeMason,1,15.0,107.5,0.8455553980740561,0.8408682411252647,0.8140954734111815,1.1724669048956906,1.0,0.6368719141119314,0.6270019154007557,0.5618912697026871,0.032646501724355126,1,0.6214351407916938,1.3214374119790397,1.1613272815549214,0.534621317398589
2013-02-01,2012-13,True,20130201_Manhattan@Siena,1,10.0,110.5,0.7679843806136193,0.7623945957657361,0.7223194919012479,1.3214374119790397,1.0,20130201_YoungstownState@DetroitU,1,15.0,138.5,0.8279677958271014,0.8236118092531994,0.8219043978042119,1.1613272815549214,1.0,0.6358663348463001,0.6279171923834795,0.5936775670133394,-0.02418596752875868,1,0.534621317398589,1.4055709285640243,1.1311372328569023,0.5898936107200172
2013-02-02,2012-13,True,20130202_Nevada@NewMexico,1,9.5,119.0,0.7881520662628626,0.7792436601498102,0.7118294637186348,1.3409110589685929,1.0,20130202_St.Johns@Georgetown,1,10.5,110.0,0.8109794372565036,0.8030956267808234,0.7426181899715806,1.2853172907554662,1.0,0.6391751191704068,0.6258071756629947,0.5286175079151735,0.10161586950277224,1,0.723496169457555,1.2095124519446219,1.2375484609901932,0.4968302734525418
2013-02-03,2012-13,True,20130203_Virginia@GeorgiaTech,1,10.0,102.5,0.7942431840243858,0.7858859099389904,0.7223194919012479,1.3214374119790397,1.0,20130203_Marquette@Louisville,1,10.5,122.0,0.8032308550178732,0.795742746205988,0.7426181899715806,1.2853172907554662,0.0,0.6379606317960254,0.625363012179444,0.5364075936568965,0.08355466845298642,0,-1.0,1.2685812144327067,1.2853172907554662,-1.0
2013-02-04,2012-13,True,20130204_Texas@WestVirginia,1,7.5,116.0,0.7504346541881892,0.7416457956685815,0.6790834817387319,1.4055709285640243,1.0,20130204_NotreDame@Syracuse,-1,15.0,149.5,0.8482618075880978,0.8438268511704108,0.82013827947456,1.1638281298264994,1.0,0.6365650562384224,0.625820636442793,0.5569423583327974,0.041320481825975364,1,0.6358429851291647,1.3214374119790397,1.1248573007890879,0.4864285204004606
2013-02-05,2012-13,True,20130205_Villanova@Depaul,1,7.5,136.0,0.7543195062339868,0.7426402410930082,0.6790834817387319,1.4055709285640243,1.0,20130205_Purdue@PennState,1,15.0,110.5,0.8495406899259981,0.8443977132808638,0.8140954734111815,1.1724669048956906,0.0,0.6408251137506593,0.6270837213692855,0.5528387885518063,0.056070428995197874,0,-1.0,1.3214374119790397,1.1724669048956906,-1.0
2013-02-06,2012-13,True,20130206_Kansas@TCU,1,9.5,106.0,0.8056410652691492,0.7970273147095932,0.7118294637186348,1.3409110589685929,1.0,20130206_Stanford@Arizona,1,10.5,125.0,0.7929822639705414,0.7849192473181251,0.7325844573426048,1.302921445347581,1.0,0.6388590758847686,0.6256020799538403,0.5214752013987934,0.11615182547480551,1,0.7471017750339144,1.2231741436595636,1.2095124519446219,0.4794443576529419
2013-02-07,2012-13,True,20130207_Colorado@Oregon,1,9.0,127.5,0.752553107063836,0.7450551909552631,0.7011213954791214,1.3613904897991718,0.0,20130207_Clemson@Virginia,1,14.5,95.0,0.845468921449486,0.8411475623556101,0.8140954734111815,1.1724669048956906,1.0,0.636260263762721,0.6267013576924131,0.5707797543712836,0.015589276129609475,0,-1.0,1.3214374119790397,1.1311372328569023,-1.0
2013-02-09,2012-13,True,20130209_NewMexico@UNLV,1,6.5,127.0,0.738754938507985,0.7256114086824377,0.6446152883463566,1.4807281447646026,0.0,20130209_MississippiSt@Florida,1,14.5,114.0,0.8680697776103813,0.8618772824439042,0.8060356026802065,1.1841908680288116,1.0,0.6412908351791975,0.6253879890255125,0.5195828724391306,0.12448087210162351,0,-1.0,1.3613904897991718,1.1724669048956906,-1.0
2013-02-10,2012-13,True,20130210_St.Johns@Syracuse,1,9.5,125.0,0.7796334878704809,0.7714661960999369,0.7118294637186348,1.3409110589685929,1.0,20130210_Drake@Evansville,1,12.5,131.0,0.8176923347405433,0.8111220754040726,0.7803467764158841,1.2231741436595636,1.0,0.6375003269387266,0.6257532620846661,0.5554738273706842,0.045607468111287464,1,0.6401677362775471,1.3214374119790397,1.2375484609901932,0.6353428354895245
2013-02-11,2012-13,True,20130211_TCU@Oklahoma,1,7.0,108.5,0.7614160125068692,0.7504658797887309,0.6562787935464843,1.454412376852754,1.0,20130211_Marquette@Georgetown,1,15.0,107.5,0.8405618590507241,0.8362409061050587,0.8140954734111815,1.1724669048956906,1.0,0.6400172589837634,0.6275702673154584,0.5342735951219442,0.09138967276412635,1,0.7052503779305332,1.1965289623788649,1.150743611896335,0.3768980599064289
2013-02-12,2012-13,True,20130212_VirginiaTech@Virginia,1,13.0,112.5,0.8140245570828213,0.809842463836208,0.7803467764158841,1.2231741436595636,1.0,20130212_Alabama@Georgia,1,11.0,99.5,0.7768275041693141,0.7724847320026885,0.7426181899715806,1.2853172907554662,0.0,0.6323566650111795,0.6255909386409101,0.5794997106521216,-0.005829797166625461,0,-1.0,1.2526715209149717,1.2526715209149717,-1.0
2013-02-13,2012-13,True,20130213_SanDiegoState@ColoradoState,1,7.5,121.0,0.7394845028760795,0.7299255631181775,0.6677719055927607,1.4293802898951247,1.0,20130213_Providence@SouthFlorida,1,15.0,104.5,0.8637276923154303,0.8578212912034915,0.8219043978042119,1.1613272815549214,1.0,0.6387132431721794,0.6261456890364706,0.5488446659367889,0.06025014043264432,1,0.6599783263720906,1.2853172907554662,1.1311372328569023,0.45387024360826844
2013-02-14,2012-13,True,20130214_St.Johns@Louisville,1,12.5,119.0,0.8366430735310189,0.8290486076104848,0.7712829275681705,1.2375484609901932,1.0,20130214_Iowa@PennState,1,8.5,122.0,0.7652053658000987,0.7554570387835016,0.6902031617351695,1.3829261482957986,1.0,0.6402037691254221,0.626310606113002,0.532341915199909,0.09566913920164732,1,0.7114381264865612,1.1841908680288116,1.2853172907554662,0.5220609982321558
2013-02-15,2012-13,True,20130215_Georgetown@Cincinnati,1,15.0,104.5,0.8444222530249865,0.8401306119122207,0.8219043978042119,1.1613272815549214,1.0,20130215_Iona@Manhattan,1,10.0,132.5,0.7527224498870798,0.7478239239120948,0.7325844573426048,1.302921445347581,1.0,0.6356155870361354,0.6282697707988663,0.6021143872528989,-0.03823847420925319,1,0.5131182202051154,1.1965289623788649,1.3409110589685929,0.6044389180300354
2013-02-16,2012-13,True,20130216_Texas@Kansas,1,12.0,117.5,0.840268445993262,0.8312818236323141,0.7619715017571547,1.2526715209149717,1.0,20130216_SanDiegoState@UNLV,1,7.5,124.0,0.7666558715296438,0.754538703105696,0.6790834817387319,1.4055709285640243,1.0,0.6441967377818237,0.6272343091188642,0.5174422603989388,0.13424922519388827,1,0.7607186728381654,1.1613272815549214,1.2685812144327067,0.4732379731887759
2013-02-17,2012-13,True,20130217_Louisville@SouthFlorida,1,11.5,107.0,0.8344694090080353,0.8274820178734331,0.7619715017571547,1.2526715209149717,0.0,20130217_WichitaState@IllinoisState,1,9.0,127.5,0.7656020699023284,0.7561310082878285,0.7011213954791214,1.3613904897991718,1.0,0.6388715068067246,0.6256848125146859,0.5342345226272981,0.08951555687902202,0,-1.0,1.2231741436595636,1.2685812144327067,-1.0
2013-02-18,2012-13,True,20130218_NotreDame@Pittsburgh,-1,11.0,134.5,0.7939426395039371,0.7895995077409093,0.7518571719423833,1.2695230365816683,1.0,20130218_WestVirginia@KansasState,-1,12.5,139.0,0.8017075500451735,0.7974502222002976,0.7703554142277597,1.2390384780469617,1.0,0.6365098083930998,0.6296663028972337,0.5791972431317867,0.0012222211634489444,1,0.5729878910917074,1.2390384780469617,1.2248933502744581,0.5176899924939085
2013-02-19,2012-13,True,20130219_Virginia@MiamiFlorida,1,12.5,104.0,0.810917023897334,0.8063294799684786,0.7712829275681705,1.2375484609901932,0.0,20130219_LSU@Tennessee,1,11.0,120.5,0.7801577436260798,0.775452137312609,0.7524153669789603,1.2685812144327067,1.0,0.6326431956317199,0.6252699186197213,0.5803251269908118,-0.006794006329290281,0,-1.0,1.150743611896335,1.2375484609901932,-1.0
2013-02-20,2012-13,True,20130220_Kansas@OklahomaState,1,8.0,127.5,0.7499681579245128,0.7411794146869363,0.6902031617351695,1.3829261482957986,1.0,20130220_ColoradoState@UNLV,1,15.0,125.5,0.8497347589547862,0.8436997835729119,0.8219043978042119,1.1613272815549214,0.0,0.6372740118977509,0.6253329117600657,0.5672810140085075,0.02348109490842165,0,-1.0,1.3214374119790397,1.1613272815549214,-1.0
2013-02-21,2012-13,True,20130221_Cincinnati@Connecticut,1,8.0,118.5,0.7427051699606714,0.7352179930700289,0.6902031617351695,1.3829261482957986,1.0,20130221_Georgia@Arkansas,1,15.0,116.5,0.8567628529630513,0.851562231828182,0.8219043978042119,1.1613272815549214,1.0,0.6363222003259127,0.6260838750589507,0.5672810140085075,0.021952457098776135,1,0.6060298643915778,1.3214374119790397,1.1841908680288116,0.5648341159372054
2013-02-22,2012-13,True,20130222_NDakotaSt@Akron,1,10.5,114.0,0.7702145264741181,0.7655874082808993,0.7325844573426048,1.302921445347581,1.0,20130222_SaintLouis@Butler,1,15.0,111.5,0.8275219286188934,0.8233041231633366,0.8140954734111815,1.1724669048956906,1.0,0.63736941039815,0.6303112698795972,0.5963936906140014,-0.026333917993058065,1,0.5276322743488981,1.302921445347581,1.2526715209149717,0.6321325885762874
2013-02-23,2012-13,True,20130223_NewMexico@ColoradoState,1,7.5,122.0,0.7408369319488748,0.7310782673755954,0.6677719055927607,1.4293802898951247,1.0,20130223_Clemson@Maryland,1,15.0,107.5,0.8610228069764571,0.8549983716258146,0.8140954734111815,1.1724669048956906,1.0,0.6378774946584467,0.625070728137156,0.5436300856142253,0.06901958502025485,1,0.6759010844122417,1.3829261482957986,1.0901068822899773,0.5075373119560198
2013-02-24,2012-13,True,20130224_Pittsburgh@St.Johns,1,11.0,112.5,0.8235521591538743,0.8152751940675399,0.7524153669789603,1.2685812144327067,0.0,20130224_UCLA@USC,1,9.5,132.0,0.7762903085216742,0.7668658072671446,0.7118294637186348,1.3409110589685929,1.0,0.639315559713252,0.6252066698434819,0.5355914271702931,0.08751066068062197,0,-1.0,1.1841908680288116,1.2375484609901932,-1.0
2013-02-25,2012-13,True,20130225_TexasTech@KansasState,-1,7.0,143.5,0.772448488728739,0.7606274612274436,0.6578918243709951,1.4508464228334035,1.0,20130225_Syracuse@Marquette,1,14.5,118.0,0.8306220468128687,0.8257976958911164,0.8060356026802065,1.1841908680288116,1.0,0.6416127447653722,0.6281244049131324,0.5302842331552556,0.10234143734277157,1,0.7180790848315843,1.360315149049429,1.2095124519446219,0.6453181113441886
2013-02-26,2012-13,True,20130226_Auburn@Alabama,1,8.5,111.0,0.7504112667220448,0.743874541188898,0.6902031617351695,1.3829261482957986,0.0,20130226_Nebraska@Wisconsin,1,14.0,101.5,0.8454791468254138,0.8411012406304962,0.7977241086603722,1.1965289623788649,1.0,0.6344570775563325,0.6256737994674232,0.5505917019897588,0.04984322534208663,0,-1.0,1.3409110589685929,1.2526715209149717,-1.0
2013-02-27,2012-13,True,20130227_OklahomaState@TCU,1,11.0,108.5,0.8339097780937113,0.8246027953072709,0.7426181899715806,1.2853172907554662,1.0,20130227_Oklahoma@Texas,1,8.0,122.5,0.7711959179016379,0.7591634859829771,0.6790834817387319,1.4055709285640243,1.0,0.6431078167641308,0.6260083326367751,0.504299746048416,0.16184155155215807,1,0.8066046178665567,1.2231741436595636,1.2375484609901932,0.5137372790088903
2013-02-28,2012-13,True,20130228_NorthCarolina@Clemson,1,8.0,124.5,0.7544814815648841,0.7443822999185871,0.6790834817387319,1.4055709285640243,1.0,20130228_OregonState@Oregon,1,14.5,127.0,0.8458376472108299,0.8398308495037242,0.8060356026802065,1.1841908680288116,1.0,0.6381688412309827,0.625155219296163,0.5473654634734517,0.06220922678056673,1,0.6644642579722946,1.3214374119790397,1.150743611896335,0.5206356603557054
2013-03-01,2012-13,True,20130301_Harvard@Princeton,-1,12.0,137.5,0.8138815040503049,0.8087156205711472,0.7612230345669877,1.2539032013698266,1.0,20130301_Fairfield@Manhattan,1,10.5,103.0,0.7786263011768237,0.7730680409088284,0.7325844573426048,1.302921445347581,0.0,0.633709545094919,0.6251922004473042,0.5576601636949475,0.03531496646914767,0,-1.0,1.174853726617481,1.2853172907554662,-1.0
2013-03-02,2012-13,True,20130302_Texas@OklahomaState,1,4.5,123.0,0.7377682254528117,0.719840719578713,0.5965054520239281,1.6001530191575035,1.0,20130302_Alabama@Florida,1,15.0,102.5,0.8780919236917996,0.8715191943303917,0.8140954734111815,1.1724669048956906,1.0,0.6478283203265447,0.6273550039734493,0.4856123883577706,0.21540785183212408,1,0.8761264577310928,1.3409110589685929,1.1220642133072065,0.5045883124965274
2013-03-03,2012-13,True,20130303_Purdue@Wisconsin,1,9.0,109.5,0.7962967557636118,0.7872033332795874,0.7011213954791214,1.3613904897991718,1.0,20130303_NCState@GeorgiaTech,1,10.5,126.0,0.8038828075822596,0.7958420805346547,0.7426181899715806,1.2853172907554662,1.0,0.6401292716918972,0.626489538561042,0.5206655016610539,0.12011019307423143,1,0.7498187360089286,1.2685812144327067,1.2095124519446219,0.5343647751593892
2013-03-04,2012-13,True,20130304_Cincinnati@Louisville,1,12.0,110.5,0.8349650861335125,0.8274643127670083,0.7619715017571547,1.2526715209149717,1.0,20130304_Baylor@Texas,1,8.5,129.0,0.7672399103415548,0.7572112271126412,0.6902031617351695,1.3829261482957986,1.0,0.6406185378234047,0.6265652676622246,0.5259151396648835,0.1097769343193058,1,0.7323522014987818,1.2375484609901932,1.302921445347581,0.612428429481017
2013-03-05,2012-13,True,20130305_St.Johns@NotreDame,1,10.0,116.5,0.7961233334470553,0.7877648999446164,0.7223194919012479,1.3214374119790397,0.0,20130305_Illinois@Iowa,1,11.5,125.0,0.8017706895343936,0.7943015131665363,0.7524153669789603,1.2685812144327067,0.0,0.6383083540122655,0.6257228520454938,0.5434842855749336,0.07002864130992825,0,-1.0,1.2375484609901932,1.2853172907554662,-1.0
2013-03-06,2012-13,True,20130306_Connecticut@SouthFlorida,1,9.0,112.5,0.7830422937988407,0.7729857150432434,0.7011213954791214,1.3613904897991718,1.0,20130306_NewMexico@Nevada,1,11.5,121.0,0.816353248550368,0.8085657607476976,0.7524153669789603,1.2685812144327067,1.0,0.6392391202950153,0.6250097827310431,0.5275345120762239,0.10398795112917547,1,0.7270344008665706,1.2685812144327067,1.2231741436595636,0.5516957406263352
2013-03-07,2012-13,True,20130307_Oregon@Colorado,1,7.5,122.0,0.7554135335748986,0.7446363598454778,0.6677719055927607,1.4293802898951247,1.0,20130307_Wisconsin@MichiganState,1,13.5,106.0,0.8490690593384452,0.8428901583304225,0.7977241086603722,1.1965289623788649,0.0,0.6413982583639701,0.6276466592487442,0.5326977481774232,0.09698017984224161,0,-1.0,1.3829261482957986,1.150743611896335,-1.0
2013-03-08,2012-13,True,20130308_KentState@Akron,1,10.5,129.0,0.7659533868029904,0.7612754735771798,0.7426181899715806,1.2853172907554662,1.0,20130308_LoyolaMarymount@SantaClara,1,15.0,117.5,0.8270844652278778,0.8228559440469366,0.8140954734111815,1.1724669048956906,1.0,0.6335081473134332,0.6264200484901291,0.6045621069286686,-0.04530829912238299,1,0.5069919857009759,1.3409110589685929,1.1311372328569023,0.5167544247489526
2013-03-09,2012-13,True,20130309_Nebraska@Iowa,1,11.5,113.0,0.8359374669128644,0.8268019846422852,0.7524153669789603,1.2685812144327067,1.0,20130309_Providence@Connecticut,1,8.0,125.5,0.7681623643249809,0.7561511813692671,0.6790834817387319,1.4055709285640243,0.0,0.6421357010116214,0.6251872974457185,0.510952847121798,0.14497988796826666,0,-1.0,1.1965289623788649,1.3214374119790397,-1.0
2013-03-10,2012-13,True,20130310_Wisconsin@PennState,1,9.0,110.5,0.7757978299834783,0.7678420786209086,0.7011213954791214,1.3613904897991718,1.0,20130310_Maryland@Virginia,1,12.0,109.5,0.8221400044824512,0.8156877091906155,0.7619715017571547,1.2526715209149717,1.0,0.6378144314200928,0.6263193461304494,0.5342345226272981,0.08771284684068292,1,0.7053750954159068,1.2853172907554662,1.2095124519446219,0.5546072678684624
2013-03-11,2012-13,True,20130311_NoIllinois@EasternMichigan,1,12.5,90.0,0.8296886874696262,0.8243479027462964,0.7712829275681705,1.2375484609901932,0.0,20130311_SaintMarysCA@Gonzaga,-1,9.0,146.5,0.7653074208357897,0.7586768572351309,0.712140794477745,1.3403248450329142,1.0,0.6349669095040112,0.6254136761239315,0.549262036805518,0.05323037497379657,0,-1.0,1.1406888508336304,1.285935195961818,-1.0
2013-03-12,2012-13,True,20130312_MountStMarys@LongIsland,-1,6.5,163.0,0.7571055407025282,0.7440315137939701,0.6578918243709951,1.4508464228334035,1.0,20130312_WrightState@Valparaiso,1,15.0,107.5,0.8460611556395394,0.8416304979624013,0.8140954734111815,1.1724669048956906,1.0,0.6405575887078794,0.6261996134541383,0.5355867562146511,0.0896329226064616,1,0.7010694148584651,1.4763854055646521,1.1613272815549214,0.7145666495717575
2013-03-13,2012-13,True,20130313_TCU@Texas,1,7.0,107.5,0.772063532339985,0.7610157118519408,0.6677719055927607,1.4293802898951247,1.0,20130313_Rutgers@NotreDame,-1,11.5,137.0,0.8288547827496543,0.8217252208745026,0.7518571719423833,1.2695230365816683,1.0,0.639928551366589,0.6253458039105029,0.5020690964415492,0.1612343189570744,1,0.8146312060576439,1.3214374119790397,1.1638281298264994,0.5379260318663353
2013-03-14,2012-13,True,20130314_TexasTech@Kansas,-1,15.0,148.5,0.8757271701536191,0.8703173713925951,0.82013827947456,1.1638281298264994,0.0,20130314_Hawaii@CalIrvine,1,7.0,131.5,0.7288348448895742,0.7184007841284915,0.6562787935464843,1.454412376852754,0.0,0.6382604762244988,0.6252366820490879,0.5382393605948536,0.08037459578635886,0,-1.0,1.1533406734257952,1.4055709285640243,-1.0
2013-03-15,2012-13,True,20130315_CalPolySLO@Pacific,-1,8.0,127.5,0.7543809401259715,0.7460615394157063,0.6801509447687389,1.4033649550020748,1.0,20130315_NotreDame@Louisville,1,14.0,107.5,0.8436516596804294,0.8389336703508734,0.8060356026802065,1.1841908680288116,1.0,0.6364347321685585,0.6258961455696413,0.5482258766801823,0.05766030975540781,1,0.661851964225121,1.3403248450329142,1.1311372328569023,0.5160913363398869
2013-03-16,2012-13,True,20130316_NewMexico@UNLV,1,7.0,119.5,0.7537781793017149,0.7412606761962192,0.6562787935464843,1.454412376852754,0.0,20130316_PrairieViewA&M@Southern,1,14.5,110.0,0.8506684148635829,0.8442572482612593,0.8060356026802065,1.1841908680288116,0.0,0.6412152889453474,0.6258146987297003,0.5289840728824793,0.10436628161590367,0,-1.0,1.3409110589685929,1.2375484609901932,-1.0
2013-03-17,2012-13,True,20130317_Wisconsin@OhioState,1,9.0,108.5,0.7608597203216189,0.7538418973492508,0.7011213954791214,1.3613904897991718,0.0,20130317_Mississippi@Florida,1,15.0,120.5,0.8403457041970189,0.8360211742403121,0.8140954734111815,1.1724669048956906,1.0,0.6393851974688177,0.6302277882134655,0.5707797543712836,0.020577249355784755,0,-1.0,1.3409110589685929,1.1841908680288116,-1.0
2013-03-19,2012-13,True,20130319_St.Johns@St.Josephs,1,8.5,121.0,0.7604818667521717,0.751653857200751,0.6902031617351695,1.3829261482957986,1.0,20130319_GeorgeMason@CollCharleston,1,13.5,120.0,0.8383843501498156,0.8317807608375497,0.7891609536267116,1.2095124519446219,1.0,0.6375760956577381,0.6252112172289196,0.5446813853110978,0.066452110407901,1,0.6726663964835831,1.3214374119790397,1.1406888508336304,0.5073489229189374
2013-03-20,2012-13,True,20130320_NorthDakota@NorthernIowa,1,12.5,118.0,0.831754083239904,0.8253190701965041,0.7712829275681705,1.2375484609901932,1.0,20130320_IndianaState@Iowa,1,9.0,124.5,0.7665545506140757,0.7590108683343675,0.7011213954791214,1.3613904897991718,0.0,0.6375848774993871,0.6264261441227613,0.5407629624858179,0.07419452521181191,0,-1.0,1.0974884502411366,1.3214374119790397,-1.0
2013-03-21,2012-13,True,20130321_Southern@Gonzaga,-1,12.5,140.0,0.8506591838407681,0.8449733145437246,0.779251515885957,1.2248933502744581,1.0,20130321_Oregon@OklahomaState,1,8.5,127.0,0.7487386104628413,0.7409763064995017,0.6902031617351695,1.3829261482957986,0.0,0.6369213752863914,0.6261052057012507,0.5378418600514112,0.0789047110558645,0,-1.0,1.2114339228840953,1.3829261482957986,-1.0
2013-03-22,2012-13,True,20130322_NorthwesternSt@Florida,-1,6.0,144.5,0.7691169800552219,0.7538780229872438,0.6349782393063179,1.5032011192111776,1.0,20130322_AlbanyNY@Duke,-1,10.5,143.0,0.8404262151732328,0.8320388717330325,0.742261354224837,1.285935195961818,1.0,0.646386072573277,0.6272558196706355,0.4713198078108101,0.2494767055753404,1,0.9330192258028498,1.6586997865572368,1.2695230365816683,1.1057575898075083
2013-03-23,2012-13,True,20130323_Oregon@SaintLouis,1,8.0,115.5,0.7587055232850884,0.7491026810304479,0.6790834817387319,1.4055709285640243,1.0,20130323_IllinoisChicago@NorthernIowa,1,12.5,117.0,0.8419502741337566,0.8352156053710996,0.7803467764158841,1.2231741436595636,0.0,0.6387923233166755,0.6256622492219592,0.5299206058920943,0.09824882299578208,0,-1.0,1.302921445347581,1.2095124519446219,-1.0
2013-03-24,2012-13,True,20130324_St.Johns@Virginia,1,9.0,115.5,0.7836391521788605,0.7759161690924916,0.7118294637186348,1.3409110589685929,1.0,20130324_NorthCarolina@Kansas,1,12.5,129.0,0.8132610124275235,0.806836009382389,0.7712829275681705,1.2375484609901932,0.0,0.6373031702788262,0.6260371054858569,0.5490219127061894,0.05756791347315038,0,-1.0,1.3829261482957986,1.1220642133072065,-1.0
2013-03-25,2012-13,True,20130325_SantaClara@Purdue,1,9.5,131.0,0.7533265192430457,0.7478656634959095,0.7118294637186348,1.3409110589685929,1.0,20130325_WesternMichigan@Wyoming,1,15.0,111.5,0.8434262046101857,0.8390883047668567,0.8140954734111815,1.1724669048956906,1.0,0.6353753269573641,0.6275253317761232,0.5794971442540494,-0.0010795329802310016,1,0.572173839049309,1.2231741436595636,1.1220642133072065,0.37247993324308415
2013-03-26,2012-13,True,20130326_Bradley@NorthernIowa,1,9.0,124.5,0.770006412119819,0.7620330992580572,0.7011213954791214,1.3613904897991718,1.0,20130326_Maryland@Alabama,1,13.0,113.5,0.829036826440758,0.8232235202410355,0.7803467764158841,1.2231741436595636,1.0,0.6383636722428492,0.6273235705114043,0.5471178208383386,0.0630144519329392,1,0.6652176465463757,1.2853172907554662,1.1613272815549214,0.4926740352085821
2013-03-27,2012-13,True,20130327_Iowa@Virginia,1,8.0,116.5,0.7469711807238694,0.7387678825201992,0.6790834817387319,1.4055709285640243,1.0,20130327_WesternMichigan@GeorgeMason,1,15.0,122.5,0.8516970999822275,0.8466311625507849,0.8219043978042119,1.1613272815549214,0.0,0.6361931883928199,0.625463911233258,0.5581417001172599,0.038475869256090256,0,-1.0,1.3613904897991718,1.113446412257064,-1.0
2013-03-28,2012-13,True,20130328_Arizona@OhioState,1,10.0,122.5,0.7565363083007716,0.7514745150237344,0.7223194919012479,1.3214374119790397,1.0,20130328_Marquette@MiamiFlorida,1,15.0,112.5,0.840648866504697,0.8363443911885661,0.8140954734111815,1.1724669048956906,1.0,0.6359813900426916,0.6284914957612481,0.5880370287134705,-0.01464755495206227,1,0.5493416324364364,1.2685812144327067,1.1613272815549214,0.4732379731887759
2013-03-29,2012-13,True,20130329_Oregon@Louisville,1,7.0,120.5,0.7570078005987095,0.7467933988950841,0.6677719055927607,1.4293802898951247,1.0,20130329_Michigan@Kansas,1,14.5,122.0,0.8437160555302052,0.838857273655545,0.8140954734111815,1.1724669048956906,1.0,0.6386996355267394,0.6264530745810881,0.5436300856142253,0.07039741179296599,1,0.6759010844122417,1.1965289623788649,1.1406888508336304,0.36486724708510354
2013-03-30,2012-13,True,20130330_WichitaState@OhioState,1,10.0,117.5,0.7696555744183321,0.7647177365436285,0.7325844573426048,1.302921445347581,1.0,20130330_WeberState@NorthernIowa,1,14.0,122.5,0.8226844315337892,0.818294854874971,0.7977241086603722,1.1965289623788649,0.0,0.6331836587171575,0.6257645892452848,0.5844002832520719,-0.012877285012318329,0,-1.0,1.2526715209149717,1.1311372328569023,-1.0
2013-03-31,2012-13,True,20130331_Duke@Louisville,1,10.5,127.0,0.7600101581194957,0.755454005031332,0.7325844573426048,1.302921445347581,1.0,20130331_Michigan@Florida,1,15.0,116.5,0.8335829626304372,0.8293230011369451,0.8140954734111815,1.1724669048956906,1.0,0.6335315192344763,0.626515382673509,0.5963936906140014,-0.0321968044001244,1,0.5276322743488981,1.2685812144327067,1.105261560885545,0.40211405317397353
2013-04-02,2012-13,True,20130402_Iowa@Maryland,1,9.5,126.0,0.7591011451936339,0.752472459601243,0.7118294637186348,1.3409110589685929,1.0,20130402_EastCarolina@WeberState,-1,15.0,161.5,0.8402200416803086,0.8359185050309369,0.82013827947456,1.1638281298264994,1.0,0.6378119958541651,0.6290056535068231,0.5837985916534998,-0.004636970997102474,1,0.5605900100230883,1.2375484609901932,1.174853726617481,0.4539384212640569
2013-04-06,2012-13,True,20130406_WichitaState@Louisville,1,9.5,120.0,0.7696559814487125,0.7642910704098503,0.7223194919012479,1.3214374119790397,1.0,20130406_Michigan@Syracuse,1,13.0,117.5,0.8224571713460773,0.8179464185916726,0.7891609536267116,1.2095124519446219,0.0,0.633009081411897,0.625149143803333,0.5700263390519505,0.0117352524681269,0,-1.0,1.2095124519446219,1.2526715209149717,-1.0
2013-11-22,2013-14,True,20131122_BostonCollege@WashingtonU,-1,5.0,162.5,0.7631623096990084,0.7449695279271453,0.610325020561426,1.5639208091484995,0.0,20131122_KansasState@Georgetown,-1,11.0,139.5,0.8506918072622941,0.8404683596867834,0.7408662246947383,1.288356748066476,0.0,0.6492159244723161,0.6261233171535652,0.4521691938200822,0.30809732882493557,0,-1.0,1.73487641646356,1.3630529975798817,-1.0
2013-11-23,2013-14,True,20131123_Oklahoma@MichiganState,-1,7.5,163.0,0.7803538954342444,0.7687104158016707,0.678765139780146,1.4062301436240014,0.0,20131123_SetonHall@VirginiaTech,-1,12.0,162.5,0.8238085536933236,0.8154444083708591,0.759861793653634,1.2561494839877256,1.0,0.642862213966636,0.6268406102219104,0.5157676965829013,0.13557448803891115,0,-1.0,1.342989874000435,1.1765629306606975,-1.0
2013-11-24,2013-14,True,20131124_CharlotteU@Michigan,-1,7.5,160.0,0.7701828929476172,0.7590422917826543,0.678765139780146,1.4062301436240014,1.0,20131124_Georgetown@VaCommonwealth,-1,11.5,159.0,0.8327205815689589,0.8245722489516639,0.759861793653634,1.2561494839877256,0.0,0.6413471465298031,0.6258852095846483,0.5157676965829013,0.13289821948314984,0,-1.0,1.4294425111697333,1.342989874000435,-1.0
2013-11-25,2013-14,True,20131125_ClevelandState@Kentucky,-1,7.0,165.5,0.7630399487233003,0.752290141910628,0.6677428385832173,1.4294425111697333,1.0,20131125_Wyoming@OhioState,-1,12.0,143.5,0.8410122489941717,0.8340648440561775,0.759861793653634,1.2561494839877256,1.0,0.6417259433481802,0.6274587598976876,0.5073922710252124,0.15227891519983472,1,0.7955934727959793,1.384117065228702,1.2411952106650634,0.7179594723616483
2013-11-26,2013-14,True,20131126_BYU@WichitaState,-1,7.5,174.0,0.7678391585828181,0.7551707461792265,0.6677428385832173,1.4294425111697333,1.0,20131126_Pittsburgh@Stanford,-1,12.0,156.5,0.8392331020761864,0.8305251260762933,0.759861793653634,1.2561494839877256,1.0,0.6443960389530273,0.6271882791796306,0.5073922710252124,0.1570733214396396,1,0.7955934727959793,1.4062301436240014,1.2269599760341772,0.7253881033194423
2013-11-27,2013-14,True,20131127_Tulsa@IndianaState,-1,6.5,164.0,0.7867091814168174,0.7703548050140828,0.6452036483003588,1.4793778716447303,1.0,20131127_WestVirginia@Wisconsin,-1,9.0,154.5,0.8235574806389995,0.8119110784083193,0.7107276223585963,1.342989874000435,1.0,0.6479002314432037,0.6254596004960146,0.458564054893606,0.2872413778113774,1,0.9867895014391879,1.4062301436240014,1.2561494839877256,0.7664352692812748
2013-11-28,2013-14,True,20131128_Missouri@Northwestern,-1,9.5,146.0,0.7706420285998072,0.7637923960835116,0.7107276223585963,1.342989874000435,1.0,20131128_UCLA@Nevada,-1,13.0,162.5,0.8256570021645371,0.8199484670927654,0.7779389863108398,1.2269599760341772,0.0,0.6362859870757143,0.6262704043457856,0.5529027260807597,0.04846875584385102,0,-1.0,1.506213372750618,1.2561494839877256,-1.0
2013-11-29,2013-14,True,20131129_Butler@OklahomaState,-1,7.5,161.0,0.7855852587278667,0.7722844649644823,0.6677428385832173,1.4294425111697333,1.0,20131129_TCU@Tulsa,-1,10.0,154.5,0.8213193077950385,0.8105249567572352,0.7209858452623735,1.323881746461539,1.0,0.6452163409123577,0.6259558325696216,0.48143313489381756,0.22101569338129878,1,0.8924128481537548,1.4793778716447303,1.288356748066476,0.9059664638737093
2013-11-30,2013-14,True,20131130_UTEP@Kansas,-1,5.5,153.0,0.7521143516963046,0.7371168454319943,0.6220780442100083,1.534373393955966,1.0,20131130_MissouriSt@Virginia,-1,12.0,139.5,0.856445495619712,0.8487370889671925,0.759861793653634,1.2561494839877256,0.0,0.64414494870124,0.6256184056206308,0.4726933384659616,0.2415264859750832,0,-1.0,1.342989874000435,1.2269599760341772,-1.0
2013-12-01,2013-14,True,20131201_OregonState@Depaul,-1,4.5,167.0,0.7478849290347145,0.7307638146211185,0.610325020561426,1.5639208091484995,0.0,20131201_MemphisU@OklahomaState,-1,14.5,176.0,0.8642568520417987,0.8565612928487258,0.803287787464883,1.1882416425280553,1.0,0.6463646744570464,0.6259439978189318,0.49026663540124715,0.20114970717269376,0,-1.0,1.4294425111697333,1.2005144070205163,-1.0
2013-12-02,2013-14,True,20131202_Vanderbilt@Texas,-1,9.0,151.5,0.7694384443290911,0.7622809387864801,0.7107276223585963,1.342989874000435,1.0,20131202_Auburn@IowaState,-1,12.5,166.0,0.8285771718363985,0.8225395007937296,0.7779389863108398,1.2269599760341772,0.0,0.6375391301043964,0.6270061828540069,0.5529027260807597,0.05053367843976608,0,-1.0,1.342989874000435,1.342989874000435,-1.0
2013-12-03,2013-14,True,20131203_PennState@Pittsburgh,-1,7.5,152.0,0.7594317241598662,0.7490127373374252,0.6677428385832173,1.4294425111697333,1.0,20131203_IndianaU@Syracuse,-1,14.5,161.0,0.8421938799830904,0.8373456059186852,0.8112613232375099,1.1765629306606975,1.0,0.6395887503524457,0.6271825243866194,0.5417139388113918,0.0756789532854758,1,0.6818290701528482,1.1882416425280553,1.1174929583559323,0.3278516683503887
2013-12-04,2013-14,True,20131204_BostonCollege@Purdue,-1,8.0,159.5,0.7486829573958668,0.7399068096737859,0.678765139780146,1.4062301436240014,1.0,20131204_Wisconsin@Virginia,-1,14.5,137.0,0.850275067716989,0.8454721471227066,0.803287787464883,1.1882416425280553,1.0,0.6365864522983262,0.6255705990456075,0.5452437473422855,0.0636985404583843,1,0.6709412156322465,1.342989874000435,1.2134103519342598,0.629597815655015
2013-12-05,2013-14,True,20131205_LongIsland@SetonHall,-1,13.0,157.5,0.8334622645036843,0.8279334632032489,0.7866258916272316,1.2134103519342598,0.0,20131205_Mississippi@KansasState,1,10.0,122.5,0.7627548946710933,0.7568177791962966,0.7231436356227973,1.3199314119358188,0.0,0.6357274217738386,0.6265947649437815,0.5688435071463408,0.01819276094566269,0,-1.0,1.2005144070205163,1.1390758863692414,-1.0
2013-12-06,2013-14,True,20131206_SouthCarolina@OklahomaState,-1,5.5,160.0,0.7601416775737815,0.7451224661649609,0.6220780442100083,1.534373393955966,1.0,20131206_ArizonaState@Depaul,-1,14.5,169.0,0.8490235177727327,0.8425694691928315,0.803287787464883,1.1882416425280553,1.0,0.6453781610993583,0.6278174408002647,0.4997076957639393,0.17665756913836939,1,0.823206361885584,1.342989874000435,1.0939873956154147,0.46921399459560975
2013-12-07,2013-14,True,20131207_TennesseeTech@Tennessee,-1,5.5,148.0,0.7548298223337979,0.7422103306840704,0.6337083558466291,1.506213372750618,1.0,20131207_NCGreensboro@NorthCarolina,-1,14.0,174.5,0.8489569719047322,0.8431654688725694,0.7950758395052631,1.2005144070205163,1.0,0.640818040271888,0.625806121473299,0.5038462030262586,0.15874695224128166,1,0.8082308540340799,1.506213372750618,1.1448191734296118,0.7243419484009903
2013-12-08,2013-14,True,20131208_Nebraska@Creighton,-1,8.0,153.5,0.7661955100522716,0.7568959523551055,0.678765139780146,1.4062301436240014,1.0,20131208_WashingtonU@SanDiegoState,-1,12.0,160.5,0.8344468023449038,0.828010278397877,0.7690168249106883,1.2411952106650634,1.0,0.6393493933341406,0.6267176282277772,0.5219818126537874,0.1159243435338444,1,0.745406119358955,1.4294425111697333,1.2005144070205163,0.71606632866685
2013-12-10,2013-14,True,20131210_Evansville@Xavier,-1,12.0,156.5,0.8477602155072502,0.8398691602656397,0.759861793653634,1.2561494839877256,1.0,20131210_BoiseState@Kentucky,-1,7.0,166.5,0.7572342519187036,0.7452545330007042,0.6565521839514956,1.4538067549410756,1.0,0.6419530725960716,0.625916298815463,0.4988889201245941,0.1723338056742274,1,0.826198605037102,1.2005144070205163,1.342989874000435,0.6122786922201899
2013-12-12,2013-14,True,20131212_FlaAtlantic@Depaul,-1,7.0,151.5,0.7648435890627919,0.7532910457768645,0.6565521839514956,1.4538067549410756,1.0,20131212_Maryland@BostonCollege,-1,15.0,158.5,0.8345735359332795,0.8303571521089542,0.8112613232375099,1.1765629306606975,0.0,0.6383182185600345,0.625500607480453,0.5326353935269673,0.09184020819976024,0,-1.0,1.506213372750618,1.1765629306606975,-1.0
2013-12-13,2013-14,True,20131213_Elon@Colorado,-1,10.5,157.0,0.7866136649077056,0.7802403291784183,0.7310340718242839,1.3056846962249795,1.0,20131213_Iowa@IowaState,1,15.0,151.5,0.8056319053163102,0.8015303678489001,0.8230494856181129,1.1597115564481124,1.0,0.6337210656074405,0.6253863180569246,0.6016772167842914,-0.0404083891376108,1,0.5142176312895519,1.3056846962249795,1.194922593829255,0.5601921439363153
2013-12-14,2013-14,True,20131214_NDakotaSt@OhioState,-1,10.0,145.5,0.8215725160442902,0.8120519371372104,0.7209858452623735,1.323881746461539,1.0,20131214_IdahoState@WashingtonU,-1,7.5,161.0,0.7828034677088149,0.7707848506737816,0.678765139780146,1.4062301436240014,1.0,0.6431298145337263,0.6259173311056597,0.4893800580390217,0.19730346850989777,1,0.861682418467804,1.2718577879449915,1.2269599760341772,0.5605186010158683
2013-12-15,2013-14,True,20131215_LaSalle@Villanova,1,8.5,133.0,0.7552975335001675,0.7489995838244077,0.7018782674116739,1.3599224314494345,0.0,20131215_WesternMichigan@Missouri,-1,14.5,158.0,0.8419891168344951,0.8375391815123279,0.803287787464883,1.1882416425280553,1.0,0.6359523031790785,0.6273164983893686,0.5638102404988091,0.02764579680716639,0,-1.0,1.2511027533399584,1.2411952106650634,-1.0
2013-12-17,2013-14,True,20131217_MissouriSt@Louisville,-1,6.5,153.0,0.7773508882316973,0.7635496026440802,0.6452036483003588,1.4793778716447303,1.0,20131217_Pittsburgh@Cincinnati,-1,10.0,140.5,0.8294179567471143,0.8193507555645907,0.7209858452623735,1.323881746461539,1.0,0.6447487853926888,0.6256149438374702,0.46518269773620136,0.26275426827681847,1,0.9585213603895801,1.4062301436240014,1.2561494839877256,0.7664352692812748
2013-12-18,2013-14,True,20131218_Towson@OregonState,-1,6.5,160.0,0.765452501927829,0.7527971441510554,0.6565521839514956,1.4538067549410756,1.0,20131218_Delaware@OhioState,-1,12.5,159.0,0.8386407632968076,0.8312698083851234,0.7690168249106883,1.2411952106650634,1.0,0.6419396704842056,0.625777537771316,0.5048996758905574,0.15835316202448135,1,0.8044579814653805,1.2561494839877256,1.165450455503488,0.46397998829396614
2013-12-19,2013-14,True,20131219_UCLA@Duke,-1,8.0,175.5,0.7538597038069718,0.7433519726023614,0.678765139780146,1.4062301436240014,1.0,20131219_TexasState@UtahU,-1,15.0,148.5,0.8499062709781504,0.8454181876527693,0.8112613232375099,1.1765629306606975,1.0,0.6407100897032764,0.6284432774655995,0.5506559054655346,0.06006654211760232,1,0.6545182589656686,1.2005144070205163,1.0939873956154147,0.3133476295351585
2013-12-21,2013-14,True,20131221_Belmont@Kentucky,-1,6.5,159.0,0.764943532832813,0.7516344497885553,0.6452036483003588,1.4793778716447303,0.0,20131221_Davidson@NorthCarolina,-1,12.0,166.5,0.8395458741673277,0.8317140315288627,0.759861793653634,1.2561494839877256,0.0,0.642205186960768,0.6251449184696178,0.49026560146937914,0.193422582539043,0,-1.0,1.4294425111697333,1.2561494839877256,-1.0
2013-12-22,2013-14,True,20131222_OregonState@Akron,-1,4.5,159.0,0.7553921403418868,0.7377879934639429,0.610325020561426,1.5639208091484995,1.0,20131222_SouthCarolina@SaintMarysCA,-1,11.5,150.0,0.8566628560844468,0.847380779835106,0.7504769865365503,1.2718577879449915,1.0,0.6471163884090241,0.625187365254454,0.45803488223879707,0.28716941138892205,1,0.9890848608447518,1.384117065228702,1.288356748066476,0.783236561101365
2013-12-23,2013-14,True,20131223_SouthCarolina@BoiseState,-1,4.0,152.5,0.7722286565373222,0.751270450577421,0.586502614829591,1.6274437246581264,1.0,20131223_GeorgeMason@OregonState,-1,11.5,161.0,0.8444478387207219,0.834197905542484,0.7504769865365503,1.2718577879449915,1.0,0.6521068200111484,0.6267082363676428,0.4401567149731185,0.34978089240452936,1,1.0698769756486426,1.4538067549410756,1.1765629306606975,0.7104951362077903
2013-12-25,2013-14,True,20131225_OregonState@Hawaii,-1,5.5,162.0,0.7838912597261419,0.767187398898775,0.6337083558466291,1.506213372750618,1.0,20131225_Akron@SouthCarolina,-1,10.0,149.5,0.826759729798264,0.8159612795511727,0.7209858452623735,1.323881746461539,1.0,0.6480897260824059,0.6259952116609804,0.45689475458991086,0.2923222751688108,1,0.9940483904608133,1.342989874000435,1.2134103519342598,0.629597815655015
2013-12-27,2013-14,True,20131227_Depaul@Northwestern,-1,9.5,144.0,0.7623020384659854,0.7575058047881822,0.7209858452623735,1.323881746461539,1.0,20131227_ULMonroe@OhioState,1,13.0,112.5,0.8292782467330923,0.825291547895622,0.7902060218530598,1.2079128399473156,0.0,0.6321604979401346,0.6251631381735577,0.5697273565971459,0.01090919407208979,0,-1.0,1.323881746461539,1.095911675672455,-1.0
2013-12-28,2013-14,True,20131228_FloridaIntl@Georgetown,-1,8.0,145.5,0.7649289045431438,0.7563613107379472,0.678765139780146,1.4062301436240014,0.0,20131228_Nebraska@Cincinnati,-1,11.5,140.0,0.8354124083192961,0.8289595144877799,0.759861793653634,1.2561494839877256,1.0,0.6390310983374287,0.6269929049266696,0.5157676965829013,0.12880707027078464,0,-1.0,1.2561494839877256,1.2134103519342598,-1.0
2013-12-29,2013-14,True,20131229_Quinnipiac@OregonState,-1,8.5,165.0,0.7737279100635186,0.7642983514766518,0.6896092996601303,1.384117065228702,1.0,20131229_Hartford@WashingtonU,-1,11.5,160.0,0.8262120541625086,0.8184365609812624,0.759861793653634,1.2561494839877256,1.0,0.6392633259364444,0.6255297143461991,0.524007759359973,0.11146025564223039,1,0.7386579372656392,1.1765629306606975,1.1765629306606975,0.38430032980488926
2013-12-30,2013-14,True,20131230_Virginia@Tennessee,-1,13.0,132.5,0.8115320482824355,0.8076063846680857,0.7866258916272316,1.2134103519342598,0.0,20131230_SaintLouis@Vanderbilt,1,12.5,118.0,0.7779406755443816,0.7741003153622895,0.7722693717467038,1.2359677010641126,0.0,0.6313237898667536,0.6251683570601636,0.6074870831266529,-0.05318098270587679,0,-1.0,1.288356748066476,1.1491283837131574,-1.0
2013-12-31,2013-14,True,20131231_EasternMichigan@Syracuse,-1,7.5,137.0,0.7791488882765124,0.768270308466235,0.6677428385832173,1.4294425111697333,1.0,20131231_Depaul@Georgetown,-1,10.5,152.0,0.8272023892512598,0.8183078960851611,0.7310340718242839,1.3056846962249795,1.0,0.6445138219647939,0.6286816597457024,0.4881427662209949,0.2029213778005281,1,0.866401210967725,1.3630529975798817,1.2561494839877256,0.7121983195578911
2014-01-01,2013-14,True,20140101_SMU@Cincinnati,-1,7.0,133.5,0.7685503307797587,0.7575968011903569,0.6565521839514956,1.4538067549410756,1.0,20140101_SanDiegoState@ColoradoState,-1,15.0,153.5,0.8361643341344105,0.8321357308557857,0.8189966338703305,1.165450455503488,1.0,0.6426343755852378,0.630423367852543,0.537714028616489,0.08884096390317353,1,0.6943397447601243,1.4062301436240014,1.1448191734296118,0.6098792306754337
2014-01-02,2013-14,True,20140102_OregonState@Colorado,-1,7.5,155.0,0.7772755361633498,0.7650713223995753,0.6677428385832173,1.4294425111697333,1.0,20140102_SaintMarysCA@Gonzaga,-1,11.5,154.0,0.8263647142791097,0.8181816949730873,0.7504769865365503,1.2718577879449915,1.0,0.6423130763577684,0.6259673513361859,0.501125633281295,0.16775574065886434,1,0.8180475902508708,1.4062301436240014,1.2005144070205163,0.6881995470071436
2014-01-04,2013-14,True,20140104_OregonState@UtahU,-1,8.0,149.5,0.7701830890161686,0.7596400202523598,0.678765139780146,1.4062301436240014,1.0,20140104_Cincinnati@MemphisU,-1,12.0,147.5,0.8309692723682139,0.823865896028898,0.759861793653634,1.2561494839877256,1.0,0.639998481070069,0.6258415059446206,0.5157676965829013,0.13051588924861401,1,0.7664352692812748,1.3056846962249795,1.2134103519342598,0.5843313267615295
2014-01-05,2013-14,True,20140105_TennMartin@MurrayState,-1,10.5,153.0,0.7842410443275939,0.7780738759586284,0.7310340718242839,1.3056846962249795,0.0,20140105_Providence@Villanova,1,11.5,124.0,0.8096244835309835,0.8042025308988523,0.7629269438116539,1.2511027533399584,1.0,0.6349407504775273,0.6257289802722087,0.5577255902390901,0.03720474440622845,0,-1.0,1.3056846962249795,1.2079128399473156,-1.0
2014-01-07,2013-14,True,20140107_JamesMadison@CollCharleston,-1,8.0,146.5,0.7627679927965562,0.7546987169678984,0.6896092996601303,1.384117065228702,1.0,20140107_Cincinnati@HoustonU,-1,13.0,142.5,0.8369608276225734,0.8315028726609685,0.7779389863108398,1.2269599760341772,1.0,0.6384069305350147,0.6275341511523547,0.5364739595281299,0.08417855419461562,1,0.6982562411815039,1.384117065228702,1.2134103519342598,0.6795019752373743
2014-01-08,2013-14,True,20140108_BoiseState@SanDiegoState,-1,11.5,147.0,0.8117707282545928,0.8055022091541851,0.7504769865365503,1.2718577879449915,1.0,20140108_Texas@OklahomaState,-1,10.5,164.0,0.7833785243772241,0.7768031958920438,0.7310340718242839,1.3056846962249795,1.0,0.6359237552327075,0.6257166903690725,0.5486242472782327,0.05604376316779125,1,0.6606452494943307,1.2718577879449915,1.2411952106650634,0.5786237950443853
2014-01-09,2013-14,True,20140109_SouthFlorida@Temple,-1,10.0,153.5,0.7760152919473424,0.7691633153191534,0.7209858452623735,1.323881746461539,0.0,20140109_California@Oregon,-1,13.0,165.5,0.8189173909460696,0.8132716484755861,0.7779389863108398,1.2269599760341772,0.0,0.6354924182157702,0.6255387173965549,0.5608829976078749,0.03226205609056865,0,-1.0,1.2269599760341772,1.1765629306606975,-1.0
2014-01-11,2013-14,True,20140111_Rutgers@Cincinnati,-1,11.5,144.0,0.8351498976129091,0.827559029016342,0.7504769865365503,1.2718577879449915,1.0,20140111_California@OregonState,-1,8.0,153.5,0.7656133775110354,0.7562558779099462,0.6896092996601303,1.384117065228702,0.0,0.6394019338394148,0.6258463800110564,0.5175359090965155,0.12560320834649774,0,-1.0,1.2005144070205163,1.3630529975798817,-1.0
2014-01-12,2013-14,True,20140112_SMU@Louisville,-1,7.5,151.0,0.7648145168007534,0.7555998332134458,0.678765139780146,1.4062301436240014,1.0,20140112_Illinois@Northwestern,1,12.5,107.0,0.8353928261096679,0.8296412964014854,0.7813631461869663,1.2215830816412796,0.0,0.6389205606398815,0.6268768251879494,0.5303620651406509,0.09755495947460902,0,-1.0,1.342989874000435,1.0626200395375751,-1.0
2014-01-13,2013-14,True,20140113_Syracuse@BostonCollege,-1,7.5,140.0,0.7613746825962049,0.7518381812076972,0.6677428385832173,1.4294425111697333,1.0,20140113_CollCharleston@Northeastern,1,14.5,111.0,0.8392799801876617,0.8352155060315594,0.8152179855584399,1.1708524798384436,0.0,0.63900652852473,0.627946906971234,0.5443559717408849,0.06948369801622611,0,-1.0,1.2718577879449915,1.1204609111218118,-1.0
2014-01-14,2013-14,True,20140114_Georgia@Florida,-1,7.0,135.5,0.7534957624424593,0.745047454769755,0.6677428385832173,1.4294425111697333,1.0,20140114_Wisconsin@IndianaU,-1,14.5,155.0,0.84370590196596,0.8391559979904765,0.8112613232375099,1.1765629306606975,1.0,0.6357288218790438,0.6252110404575781,0.5417139388113918,0.06918721337019784,1,0.6818290701528482,1.2718577879449915,1.165450455503488,0.48228723829614895
2014-01-15,2013-14,True,20140115_SouthFlorida@SMU,-1,7.5,143.0,0.7715086209750976,0.7618974262585418,0.678765139780146,1.4062301436240014,1.0,20140115_Georgetown@Xavier,-1,12.0,149.5,0.829660262522261,0.8225471896004606,0.759861793653634,1.2561494839877256,1.0,0.6400900450163871,0.6266965867327877,0.5157676965829013,0.13067763103278507,1,0.7664352692812748,1.3056846962249795,1.2411952106650634,0.6206095915931129
2014-01-16,2013-14,True,20140116_Belmont@EasternKentucky,-1,7.5,163.0,0.7476195039810243,0.7367444020165989,0.6677428385832173,1.4294425111697333,1.0,20140116_LongBeachState@CalSantaBarb,1,14.0,119.5,0.8560052730544823,0.8496201203520513,0.8071338561283079,1.1825795594532287,0.0,0.6399662376461333,0.6259528675100428,0.5389578522077344,0.08181780399980387,0,-1.0,1.323881746461539,1.1708524798384436,-1.0
2014-01-17,2013-14,True,20140117_Canisius@Iona,-1,6.0,172.5,0.7504718109487282,0.7375417870914975,0.6452036483003588,1.4793778716447303,1.0,20140117_WiscGreenBay@WrightState,-1,14.5,144.0,0.853137672019292,0.8482021826199299,0.803287787464883,1.1882416425280553,0.0,0.6402557737089002,0.6255845535844118,0.5182842111074658,0.12547898491926213,0,-1.0,1.2718577879449915,1.2269599760341772,-1.0
2014-01-18,2013-14,True,20140118_Cincinnati@SouthFlorida,-1,9.0,131.5,0.7698260697917805,0.7628132879439762,0.7002662418077119,1.3630529975798817,1.0,20140118_Pittsburgh@Syracuse,-1,12.5,137.0,0.8266556575109003,0.8207927537018559,0.7690168249106883,1.2411952106650634,1.0,0.6363810758927565,0.6261116191719029,0.538516521867107,0.07663895603180859,1,0.6918148524788075,1.4294425111697333,1.2134103519342598,0.7345003405482582
2014-01-19,2013-14,True,20140119_Oregon@OregonState,-1,8.5,171.0,0.7637744359012628,0.7541119845467719,0.6896092996601303,1.384117065228702,1.0,20140119_VirginiaTech@NotreDame,-1,15.0,153.5,0.8385390338775034,0.8345256779118669,0.8189966338703305,1.165450455503488,1.0,0.6404546775809801,0.6293258151253581,0.5647876951073227,0.03313016248786127,1,0.6131198641409417,1.2561494839877256,1.1261494110581052,0.41461200159372
2014-01-20,2013-14,True,20140120_Baylor@Kansas,-1,9.5,151.0,0.776316867646915,0.770148416865307,0.7209858452623735,1.323881746461539,1.0,20140120_Marquette@Georgetown,-1,13.0,142.5,0.8186232959623909,0.8137957072178179,0.7779389863108398,1.2269599760341772,0.0,0.6355110729043167,0.6267434755655853,0.5608829976078749,0.032292357832340635,0,-1.0,1.4294425111697333,1.1765629306606975,-1.0
2014-01-21,2013-14,True,20140121_Rutgers@SMU,-1,10.5,148.0,0.7997428592248301,0.7929750750242578,0.7310340718242839,1.3056846962249795,1.0,20140121_Butler@Providence,1,10.5,120.0,0.7954503001854976,0.7883675899810388,0.7334421412797706,1.3013978148767256,1.0,0.6361556974415993,0.6251558488119076,0.5361711949872724,0.08096543739318252,1,0.6992152105851694,1.2718577879449915,1.2079128399473156,0.5362933526457454
2014-01-22,2013-14,True,20140122_OregonState@WashingtonState,-1,9.5,142.0,0.7828524851905286,0.7748786141086491,0.7107276223585963,1.342989874000435,1.0,20140122_TCU@Oklahoma,-1,11.5,164.0,0.8134899078336739,0.8072423628328852,0.759861793653634,1.2561494839877256,1.0,0.6368425960250057,0.6255148433617373,0.5400547659245857,0.07435093583114938,1,0.686996037226387,1.2411952106650634,1.165450455503488,0.44655152363834594
2014-01-23,2013-14,True,20140123_Illinois@OhioState,1,7.5,115.0,0.7477132277140754,0.7389022839501281,0.668430725325379,1.4279714618674482,1.0,20140123_SanDiego@Gonzaga,-1,15.0,146.5,0.855840211190829,0.8513484081935232,0.8112613232375099,1.1765629306606975,1.0,0.6399230467169907,0.6290632832515003,0.5422719947200755,0.07513361528870166,1,0.6800982880746054,1.2511027533399584,1.2718577879449915,0.5912247803548478
2014-01-24,2013-14,True,20140124_Rider@Manhattan,-1,7.5,161.0,0.7628425147838009,0.7532354921533978,0.678765139780146,1.4062301436240014,1.0,20140124_Vermont@StonyBrook,1,15.0,115.5,0.8407561261756175,0.8367453225768948,0.8230494856181129,1.1597115564481124,1.0,0.6413645176116947,0.6302662748582609,0.5586572991515556,0.04595094754699769,1,0.6308213485864433,1.4538067549410756,1.194922593829255,0.737186538540682
2014-01-25,2013-14,True,20140125_NDakotaSt@SouthDakotaSt,-1,8.0,156.5,0.7687924098214056,0.7590317886335783,0.6896092996601303,1.384117065228702,0.0,20140125_Georgetown@Creighton,-1,12.5,158.0,0.8306480635267801,0.823871033146538,0.7690168249106883,1.2411952106650634,1.0,0.6385959264722373,0.6253443038926109,0.5303211540535169,0.0970819208945426,0,-1.0,1.2411952106650634,1.2005144070205163,-1.0
2014-01-26,2013-14,True,20140126_SouthFlorida@MemphisU,-1,8.0,149.5,0.7541548927408206,0.7474798045344698,0.6896092996601303,1.384117065228702,1.0,20140126_Harvard@Dartmouth,-1,14.5,142.0,0.8429461235146155,0.838751202653548,0.803287787464883,1.1882416425280553,1.0,0.6357119433654553,0.6269495850125255,0.5539547285391936,0.04553352346548856,1,0.6446655350384645,1.3056846962249795,1.1765629306606975,0.5362202127092845
2014-01-27,2013-14,True,20140127_Duke@Pittsburgh,-1,9.0,150.5,0.7684015099603267,0.7606133549004284,0.7002662418077119,1.3630529975798817,1.0,20140127_Villanova@Georgetown,-1,13.5,155.0,0.8288513010644729,0.8233724494838891,0.7866258916272316,1.2134103519342598,1.0,0.6368905912705224,0.6262680811345244,0.550847556838442,0.053380491586104695,1,0.6539426174984522,1.3056846962249795,1.165450455503488,0.5217108239593355
2014-01-28,2013-14,True,20140128_SMU@SouthFlorida,-1,8.5,139.0,0.7567128878329604,0.7496438849288036,0.6896092996601303,1.384117065228702,0.0,20140128_St.Johns@Creighton,-1,14.5,159.0,0.8391989189048824,0.8346515183266128,0.803287787464883,1.1882416425280553,1.0,0.635032637390812,0.6256914067600865,0.5539547285391936,0.04441629234124678,0,-1.0,1.2561494839877256,1.1448191734296118,-1.0
2014-01-29,2013-14,True,20140129_PennState@OhioState,1,8.5,123.0,0.7398840591701976,0.7340066429959915,0.6909267422440292,1.3814778639192968,1.0,20140129_Northwestern@Wisconsin,1,15.0,103.5,0.8616671448175657,0.8575725274080851,0.8230494856181129,1.1597115564481124,1.0,0.637533784761215,0.6294639319683965,0.5686668998037466,0.021402977501064457,1,0.6021158437644614,1.3199314119358188,1.1036744198890176,0.45677453536155666
2014-01-30,2013-14,True,20140130_SaintMarysCA@SanDiego,-1,13.0,141.5,0.8246414295813252,0.8196487332711634,0.7779389863108398,1.2269599760341772,1.0,20140130_Providence@Marquette,1,10.0,121.5,0.7704343146848123,0.7644733904598475,0.7231436356227973,1.3199314119358188,0.0,0.6353320546601922,0.6265996461099255,0.5625616268535342,0.02892217713060785,0,-1.0,1.2411952106650634,1.2215830816412796,-1.0
2014-01-31,2013-14,True,20140131_Manhattan@Iona,-1,10.5,173.0,0.7607325820116418,0.7550789415592708,0.7310340718242839,1.3056846962249795,1.0,20140131_ClevelandState@DetroitU,1,14.5,117.0,0.8332659558461218,0.8290230102316626,0.8152179855584399,1.1708524798384436,1.0,0.633892562093219,0.6259778170940044,0.5959521234071766,-0.03092776695280608,1,0.5287641644621222,1.2718577879449915,1.1491283837131574,0.46152788417421986
2014-02-01,2013-14,True,20140201_Richmond@VaCommonwealth,1,7.0,126.5,0.7409241631067566,0.7315265629737463,0.668430725325379,1.4279714618674482,1.0,20140201_Pennsylvania@Harvard,-1,14.5,157.0,0.8621240044417681,0.8566581220416329,0.8112613232375099,1.1765629306606975,1.0,0.6387685064852627,0.6266681716606598,0.5422719947200755,0.0731938742218623,1,0.6800982880746054,1.3599224314494345,1.1448191734296118,0.5568652739003295
2014-02-02,2013-14,True,20140202_SouthFlorida@Cincinnati,-1,12.0,135.5,0.8384514661568511,0.8322992593519596,0.759861793653634,1.2561494839877256,1.0,20140202_UCLA@OregonState,-1,9.0,163.5,0.7607272052374123,0.7527932590379968,0.7002662418077119,1.3630529975798817,1.0,0.6378328405767121,0.6265492719424726,0.5321055625350974,0.09209631779428262,1,0.7121983195578911,1.2411952106650634,1.342989874000435,0.6669125995810168
2014-02-03,2013-14,True,20140203_NotreDame@Syracuse,-1,8.0,138.5,0.7797105346404642,0.7712325543591215,0.6896092996601303,1.384117065228702,1.0,20140203_Xavier@Villanova,-1,12.5,160.0,0.816343001815349,0.810703774098623,0.7690168249106883,1.2411952106650634,1.0,0.6365112383954472,0.6252411425266613,0.5303211540535169,0.09350051126610182,1,0.7179594723616483,1.342989874000435,1.2269599760341772,0.6477948236177162
2014-02-04,2013-14,True,20140204_Rutgers@MemphisU,-1,9.0,159.5,0.7693780119106112,0.761849236180422,0.7002662418077119,1.3630529975798817,0.0,20140204_WakeForest@Duke,-1,12.5,160.0,0.8287106224206233,0.8230637078524249,0.7690168249106883,1.2411952106650634,1.0,0.6375917311271844,0.6270504571551959,0.538516521867107,0.078687160538645,0,-1.0,1.323881746461539,1.1448191734296118,-1.0
2014-02-05,2013-14,True,20140205_Nebraska@Michigan,-1,7.5,145.0,0.7389502297434357,0.7311999161364597,0.6677428385832173,1.4294425111697333,1.0,20140205_BostonCollege@Virginia,-1,15.0,138.5,0.8600390168704892,0.8556773155413654,0.8112613232375099,1.1765629306606975,0.0,0.6355260291047666,0.6256711813637174,0.5417139388113918,0.06884615058720156,0,-1.0,1.323881746461539,1.1765629306606975,-1.0
2014-02-06,2013-14,True,20140206_IUPUI@NDakotaSt,-1,8.0,152.5,0.7834096561844552,0.7734274930333135,0.678765139780146,1.4062301436240014,1.0,20140206_WashingtonU@UtahU,-1,12.0,154.5,0.8170682052318299,0.8107536699092812,0.759861793653634,1.2561494839877256,1.0,0.6400991217399178,0.627059178385494,0.5157676965829013,0.1306936644773593,1,0.7664352692812748,1.323881746461539,1.1448191734296118,0.5156052067026502
2014-02-07,2013-14,True,20140207_Depaul@Creighton,-1,14.5,163.0,0.8523293367911622,0.847336447854042,0.803287787464883,1.1882416425280553,1.0,20140207_Manhattan@Canisius,-1,8.5,157.0,0.7465491512468797,0.738867781100573,0.6896092996601303,1.384117065228702,0.0,0.636305742964258,0.6260696010715575,0.5539547285391936,0.04651012520035902,0,-1.0,1.1765629306606975,1.342989874000435,-1.0
2014-02-08,2013-14,True,20140208_IPFW@NDakotaSt,-1,8.0,157.5,0.7692261458670896,0.7589863334729535,0.678765139780146,1.4062301436240014,1.0,20140208_SouthCarolina@Tennessee,-1,12.0,153.5,0.8332263696164633,0.8260651331642167,0.759861793653634,1.2561494839877256,1.0,0.6409395089348991,0.626972146630156,0.5157676965829013,0.1321781540584266,1,0.7664352692812748,1.2718577879449915,1.2134103519342598,0.5432854060806613
2014-02-09,2013-14,True,20140209_Clemson@Syracuse,-1,10.0,121.5,0.7949608280173267,0.7896881247751613,0.7209858452623735,1.323881746461539,1.0,20140209_OregonState@Arizona,-1,11.0,144.5,0.7965205159076584,0.7915357542869744,0.7408662246947383,1.288356748066476,1.0,0.6332026088587404,0.6250663854953736,0.5341540612378795,0.08001062056265562,1,0.7056319816957553,1.4538067549410756,1.288356748066476,0.8730217431129603
2014-02-10,2013-14,True,20140210_Maryland@Virginia,-1,13.5,142.0,0.830649752122693,0.826308227750324,0.7866258916272316,1.2134103519342598,1.0,20140210_Kansas@KansasState,-1,9.5,144.0,0.7643188896168159,0.7589932203376785,0.7209858452623735,1.323881746461539,0.0,0.6348812962029001,0.6271623427717382,0.5671461333801279,0.01988081590995394,0,-1.0,1.2134103519342598,1.384117065228702,-1.0
2014-02-11,2013-14,True,20140211_UtahState@ColoradoState,-1,8.0,145.5,0.7522857744769791,0.744222024455305,0.678765139780146,1.4062301436240014,1.0,20140211_Florida@Tennessee,-1,14.5,141.0,0.8481104197309204,0.8432445400778403,0.803287787464883,1.1882416425280553,1.0,0.6380214039492712,0.627561158727613,0.5452437473422855,0.06609626031438776,1,0.6709412156322465,1.2269599760341772,1.2134103519342598,0.4888059363288819
2014-02-12,2013-14,True,20140212_Syracuse@Pittsburgh,-1,8.5,132.0,0.7639962268184239,0.757452520673047,0.7002662418077119,1.3630529975798817,1.0,20140212_SouthFlorida@Connecticut,-1,12.5,146.0,0.8321326060131058,0.827218337033233,0.7779389863108398,1.2269599760341772,1.0,0.6357461712065949,0.6265786145327885,0.5447644102995928,0.06322919079680611,1,0.672411473243925,1.384117065228702,1.2005144070205163,0.6616524778100124
2014-02-13,2013-14,True,20140213_Northwestern@MichiganState,1,8.5,107.0,0.7866510574577795,0.7783877730275609,0.7018782674116739,1.3599224314494345,1.0,20140213_TennesseeState@Belmont,-1,10.5,161.0,0.8117864100986388,0.8042783631485539,0.7408662246947383,1.288356748066476,1.0,0.6385926379339489,0.6260404439854548,0.5199979021725708,0.11885596434110313,1,0.7520652414048485,1.2079128399473156,1.288356748066476,0.5562226584222651
2014-02-14,2013-14,True,20140214_SMU@Rutgers,-1,11.0,154.5,0.7937815892118163,0.7885977267771895,0.7504769865365503,1.2718577879449915,1.0,20140214_Arizona@ArizonaState,1,11.5,121.0,0.7973223855310861,0.7925698691923272,0.7629269438116539,1.2511027533399584,1.0,0.632899830301022,0.6250187971571637,0.57255911373931,0.007085893457364101,1,0.5912247803548478,1.2718577879449915,1.1491283837131574,0.46152788417421986
2014-02-15,2013-14,True,20140215_Virginia@Clemson,1,15.0,88.5,0.8750927751341657,0.8703113073395274,0.8230494856181129,1.1597115564481124,1.0,20140215_VaCommonwealth@SaintLouis,1,7.0,127.5,0.7307165654367989,0.7208828337160836,0.6569066015294245,1.4530223897548176,0.0,0.6394447870845945,0.6273924814500679,0.5406666404879354,0.07752000660628533,0,-1.0,1.056943322634707,1.3599224314494345,-1.0
2014-02-16,2013-14,True,20140216_Rutgers@Louisville,-1,9.0,159.5,0.7775475507391005,0.7706201510636286,0.7107276223585963,1.342989874000435,1.0,20140216_SMU@Temple,-1,12.0,159.5,0.8171013896974276,0.8113932501304442,0.7690168249106883,1.2411952106650634,1.0,0.6353351842647502,0.6252759889875315,0.5465614995225305,0.059048223608039185,1,0.6669125995810168,1.2718577879449915,1.1765629306606975,0.49642072636819123
2014-02-17,2013-14,True,20140217_Delaware@Towson,-1,9.0,161.5,0.7612123452951975,0.7543169118071111,0.7107276223585963,1.342989874000435,1.0,20140217_OklahomaState@Baylor,-1,15.0,157.5,0.8360740168258732,0.8319650105441054,0.8189966338703305,1.165450455503488,1.0,0.6364298631883994,0.6275652774852003,0.5820835303103539,-0.003867513218648644,1,0.5651881603903788,1.323881746461539,1.1882416425280553,0.5730914209283697
2014-02-18,2013-14,True,20140218_Georgia@Tennessee,-1,9.0,139.5,0.7863860787621371,0.7783597164207718,0.7002662418077119,1.3630529975798817,1.0,20140218_SouthFlorida@Louisville,-1,10.0,149.5,0.810445039242336,0.8034692827957812,0.7310340718242839,1.3056846962249795,1.0,0.6373226964620069,0.6253881231097252,0.5119184821097802,0.13425431721724013,1,0.7797174390836357,1.4062301436240014,1.2411952106650634,0.745406119358955
2014-02-19,2013-14,True,20140219_BostonCollege@Syracuse,-1,6.5,138.0,0.7706085757858678,0.758247961486981,0.6452036483003588,1.4793778716447303,1.0,20140219_Northwestern@OhioState,1,11.5,101.0,0.8340514425351083,0.8273464332403739,0.7533388947416565,1.2670260445364738,1.0,0.6427271942641284,0.6273337464480382,0.48605700329387674,0.20473446857420252,1,0.8744102930848099,1.4062301436240014,1.1597115564481124,0.6308213485864433
2014-02-20,2013-14,True,20140220_WashingtonState@OregonState,-1,10.0,143.5,0.7831338355326797,0.7766792317878812,0.7209858452623735,1.323881746461539,1.0,20140220_MemphisU@Rutgers,-1,12.5,164.0,0.8115115139039677,0.8063852855580916,0.7779389863108398,1.2269599760341772,1.0,0.6355221244625457,0.6263027041123098,0.5608829976078749,0.032310309430020556,1,0.6243499159105346,1.3630529975798817,1.2269599760341772,0.672411473243925
2014-02-21,2013-14,True,20140221_DetroitU@WrightState,1,15.0,114.5,0.8397185204352003,0.8355337803305449,0.8152179855584399,1.1708524798384436,1.0,20140221_VaCommonwealth@Massachusetts,1,9.5,138.0,0.7567279954214056,0.7506437984693021,0.7231436356227973,1.3199314119358188,1.0,0.6354385126871578,0.6271882506167357,0.5895196979018233,-0.017964748804831343,1,0.5454449668817116,1.1708524798384436,1.2511027533399584,0.464856761280795
2014-02-22,2013-14,True,20140222_Syracuse@Duke,-1,12.5,146.0,0.8348646097512858,0.8282533820487082,0.7690168249106883,1.2411952106650634,1.0,20140222_Xavier@Georgetown,-1,8.5,145.0,0.7633767605825356,0.754942891567994,0.6896092996601303,1.384117065228702,1.0,0.6373162413169393,0.6252840031948222,0.5303211540535169,0.09488347366035788,1,0.7179594723616483,1.2269599760341772,1.288356748066476,0.5807621647311136
2014-02-23,2013-14,True,20140223_SetonHall@Creighton,-1,8.5,155.0,0.7653770147333315,0.7582582392250167,0.7002662418077119,1.3630529975798817,1.0,20140223_WashingtonState@Oregon,-1,13.0,151.5,0.832732093848372,0.8273507392511313,0.7779389863108398,1.2269599760341772,1.0,0.6373540040623035,0.6273455147660787,0.5447644102995928,0.06591814891175152,1,0.672411473243925,1.3630529975798817,1.2718577879449915,0.7336095703537382
2014-02-24,2013-14,True,20140224_OklahomaState@TCU,-1,9.5,150.0,0.7763654576794999,0.7705260699836582,0.7209858452623735,1.323881746461539,1.0,20140224_Syracuse@Maryland,-1,12.0,141.5,0.8176840734958764,0.81258311265061,0.7690168249106883,1.2411952106650634,1.0,0.634821669956864,0.6261164723257627,0.5544502455292193,0.04313622767173597,1,0.6431956831949621,1.3056846962249795,1.2718577879449915,0.6606452494943307
2014-02-25,2013-14,True,20140225_KansasState@TexasTech,-1,9.0,138.5,0.7774611552988354,0.7694841818974667,0.7002662418077119,1.3630529975798817,1.0,20140225_VirginiaTech@Duke,-1,11.5,150.0,0.8203838509426364,0.8143331563713397,0.7504769865365503,1.2718577879449915,1.0,0.6378165765423697,0.6266164826223822,0.5255336989251269,0.10572492122410959,1,0.7336095703537382,1.3056846962249795,1.2005144070205163,0.5674932888442943
2014-02-26,2013-14,True,20140226_SouthCarolina@Auburn,-1,8.0,154.5,0.7541663944600118,0.7461991475308288,0.6896092996601303,1.384117065228702,1.0,20140226_Connecticut@SouthFlorida,-1,15.0,147.5,0.8475532485149445,0.8433070998203481,0.8112613232375099,1.1765629306606975,1.0,0.639196177545386,0.6292750389926394,0.5594533529591698,0.04093150607646967,1,0.6285008306429656,1.342989874000435,1.165450455503488,0.5651881603903788
2014-02-27,2013-14,True,20140227_DenverU@SouthDakotaSt,-1,8.0,137.5,0.7637758436086606,0.7545980727698882,0.678765139780146,1.4062301436240014,0.0,20140227_Gonzaga@Pacific,-1,14.0,155.5,0.8368457593912575,0.8315237493728171,0.7950758395052631,1.2005144070205163,1.0,0.6391625758493878,0.6274662187391193,0.5396697633376067,0.07903397101285559,0,-1.0,1.4062301436240014,1.1882416425280553,-1.0
2014-02-28,2013-14,True,20140228_WashingtonState@WashingtonU,-1,10.0,142.5,0.7709630000885677,0.76565712750058,0.7209858452623735,1.323881746461539,1.0,20140228_Providence@SetonHall,-1,15.0,151.5,0.8275322648091867,0.8235679885399096,0.8112613232375099,1.1765629306606975,1.0,0.6379967575473776,0.6305707004068978,0.5849079308630677,-0.0062369909394218714,1,0.5576301874649909,1.3056846962249795,1.165450455503488,0.5217108239593355
2014-03-01,2013-14,True,20140301_SaintLouis@VaCommonwealth,1,6.0,127.5,0.7364657881965677,0.7246625082276728,0.6452132992881618,1.4793557433689941,0.0,20140301_Northwestern@Nebraska,1,15.0,104.5,0.8729764894698828,0.867517498170332,0.8230494856181129,1.1597115564481124,0.0,0.6429173183945099,0.6286574061555082,0.5310424740930871,0.10300563622400594,0,-1.0,1.3814778639192968,1.1708524798384436,-1.0
2014-03-02,2013-14,True,20140302_OhioState@IndianaU,1,8.0,119.5,0.7533371535992559,0.7458347754065497,0.6909267422440292,1.3814778639192968,1.0,20140302_Stanford@Arizona,1,14.5,119.0,0.8430248368851113,0.8388341448146384,0.8152179855584399,1.1708524798384436,1.0,0.6350819310325068,0.625631676001171,0.5632559069806329,0.027249331086311113,1,0.6175067828118248,1.2359677010641126,1.1390758863692414,0.4078610046133577
2014-03-03,2013-14,True,20140303_NCState@Pittsburgh,-1,13.5,148.0,0.8320915385253953,0.8277760004558834,0.7866258916272316,1.2134103519342598,1.0,20140303_Xavier@SetonHall,-1,10.0,147.5,0.7619211299407116,0.7565848404640697,0.7209858452623735,1.323881746461539,1.0,0.6339881252473744,0.6262827732449002,0.5671461333801279,0.018446015533384763,1,0.6064118158932388,1.2411952106650634,1.2561494839877256,0.559126723404956
2014-03-04,2013-14,True,20140304_Creighton@Georgetown,-1,9.5,152.0,0.7659585837275068,0.7591786018924666,0.7107276223585963,1.342989874000435,1.0,20140304_FloridaState@BostonCollege,-1,13.0,154.5,0.8308977787264256,0.8254515195387654,0.7866258916272316,1.2134103519342598,1.0,0.6364332858156243,0.626665130533452,0.5590767496419332,0.0371302923752852,1,0.629597815655015,1.288356748066476,1.1548776563613212,0.48789442176430486
2014-03-05,2013-14,True,20140305_Duke@WakeForest,-1,12.5,157.0,0.8093103608579851,0.8045221131957495,0.7690168249106883,1.2411952106650634,1.0,20140305_SanDiegoState@UNLV,1,10.5,118.0,0.7832968883724569,0.7781692551620778,0.7435090686003348,1.283777213096887,1.0,0.63393028738765,0.6260543735869573,0.5717709832273327,0.010116012101309746,1,0.5934181284567988,1.2269599760341772,1.2359677010641126,0.5164829008766407
2014-03-06,2013-14,True,20140306_VaCommonwealth@Richmond,1,8.0,126.5,0.7505173455409769,0.7415562047352009,0.6797743018641452,1.404142518160034,0.0,20140306_GeorgeMason@LaSalle,1,14.5,120.0,0.8522308163627886,0.8472235727589906,0.8152179855584399,1.1708524798384436,0.0,0.6396140100848199,0.6282638971773544,0.5541642370000833,0.051553415330538144,0,-1.0,1.3814778639192968,1.1708524798384436,-1.0
2014-03-07,2013-14,True,20140307_EasternKentucky@MurrayState,-1,7.5,157.0,0.7632887417398919,0.7519577522232411,0.6677428385832173,1.4294425111697333,0.0,20140307_Harvard@Yale,1,15.0,110.5,0.8364724095225922,0.8324727251620379,0.8152179855584399,1.1708524798384436,1.0,0.6384699729646349,0.625984319200002,0.5443559717408849,0.06858568305239388,0,-1.0,1.3630529975798817,1.1390758863692414,-1.0
2014-03-08,2013-14,True,20140308_EasternKentucky@Belmont,-1,9.0,161.5,0.7506784585610036,0.7431300844213026,0.7002662418077119,1.3630529975798817,1.0,20140308_SantaClara@Gonzaga,-1,15.0,149.5,0.8473991924343097,0.843160014182655,0.8112613232375099,1.1765629306606975,0.0,0.6361243195624269,0.6265775725202231,0.5680989179474825,0.020163785822237212,0,-1.0,1.2718577879449915,1.2005144070205163,-1.0
2014-03-09,2013-14,True,20140309_Northwestern@Purdue,1,9.0,114.5,0.7801197046949758,0.7718715269702315,0.7018782674116739,1.3599224314494345,1.0,20140309_William&Mary@Towson,-1,11.0,153.5,0.8187126595332204,0.8114716793168921,0.7504769865365503,1.2718577879449915,1.0,0.6386938781850942,0.6263518842074276,0.526743487042608,0.10470277390348448,1,0.7296279354400521,1.4279714618674482,1.2718577879449915,0.8161766247393083
2014-03-10,2013-14,True,20140310_DenverU@NDakotaSt,-1,4.0,133.5,0.7533023790466978,0.7361147110469961,0.5984621126137253,1.594921349041318,1.0,20140310_SaintMarysCA@Gonzaga,-1,14.5,144.0,0.8551420815951059,0.8503353245320869,0.803287787464883,1.1882416425280553,1.0,0.6441805644885387,0.6259443417109908,0.48073730632303907,0.22082006163120926,1,0.8951519634879177,1.4793778716447303,1.288356748066476,0.9059664638737093
2014-03-11,2013-14,True,20140311_IPFW@NDakotaSt,-1,8.0,150.5,0.7867823871963061,0.7767502854022189,0.6896092996601303,1.384117065228702,1.0,20140311_MountStMarys@RobertMorris,-1,11.5,157.0,0.8136423653151076,0.8057643548173093,0.7504769865365503,1.2718577879449915,0.0,0.6401594825066693,0.6258776925712798,0.5175359090965155,0.12693679707248107,0,-1.0,1.2411952106650634,1.1882416425280553,-1.0
2014-03-12,2013-14,True,20140312_Depaul@Georgetown,-1,8.0,146.5,0.7691754357947951,0.7611306187346366,0.6896092996601303,1.384117065228702,1.0,20140312_BostonCollege@GeorgiaTech,-1,12.0,145.5,0.830209260028775,0.8237631656914522,0.7690168249106883,1.2411952106650634,1.0,0.6385765693835074,0.626991367993538,0.5303211540535169,0.09704866620060182,1,0.7179594723616483,1.342989874000435,1.2411952106650634,0.6669125995810168
2014-03-13,2013-14,True,20140313_Depaul@Creighton,-1,10.5,157.0,0.8134219088128531,0.8052201472076616,0.7310340718242839,1.3056846962249795,1.0,20140313_Fordham@Dayton,-1,8.5,154.0,0.7854331007276835,0.7763988756432808,0.7002662418077119,1.3630529975798817,0.0,0.6388884920387102,0.6251720169373455,0.5119184821097802,0.13704099091113897,0,-1.0,1.3056846962249795,1.342989874000435,-1.0
2014-03-14,2013-14,True,20140314_SouthCarolina@Tennessee,-1,11.0,144.5,0.8236002208369055,0.8161262438544573,0.7408662246947383,1.288356748066476,1.0,20140314_Xavier@Creighton,-1,8.5,153.0,0.7756480562095287,0.7658226940282046,0.6896092996601303,1.384117065228702,0.0,0.6388239103858844,0.62500799873574,0.5109082383535832,0.1391741531058508,0,-1.0,1.2134103519342598,1.4062301436240014,-1.0
2014-03-15,2013-14,True,20140315_IdahoU@NewMexicoState,-1,7.0,151.5,0.772808808012253,0.7603922035549762,0.6565521839514956,1.4538067549410756,1.0,20140315_PrairieViewA&M@TexasSouthern,-1,10.5,158.0,0.8323370267480908,0.822913695588206,0.7408662246947383,1.288356748066476,1.0,0.6432373855056549,0.6257371583238849,0.4864173378392299,0.20479760903522481,1,0.8730217431129603,1.384117065228702,1.1448191734296118,0.5845637545449427
2014-03-16,2013-14,True,20140316_Duke@Virginia,-1,7.5,136.0,0.7606426692958501,0.7513775575302698,0.6677428385832173,1.4294425111697333,1.0,20140316_Kentucky@Florida,-1,13.0,142.5,0.8378709686455807,0.8324269558680711,0.7779389863108398,1.2269599760341772,1.0,0.6373204101160741,0.625466932922509,0.5194631869637507,0.11777635055989588,1,0.7538687492470499,1.342989874000435,1.2134103519342598,0.629597815655015
2014-03-18,2013-14,True,20140318_MountStMarys@AlbanyNY,-1,7.0,148.5,0.7563972090617015,0.7447900354621583,0.6677428385832173,1.4294425111697333,1.0,20140318_NCState@Xavier,-1,13.0,154.5,0.846609597354596,0.8395275589274677,0.7779389863108398,1.2269599760341772,1.0,0.6403731366038672,0.6252717603850478,0.5194631869637507,0.12313043214683472,1,0.7538687492470499,1.342989874000435,1.165450455503488,0.5651881603903788
2014-03-19,2013-14,True,20140319_CalPolySLO@TexasSouthern,-1,7.5,137.0,0.7665528849834705,0.7558956272869669,0.6677428385832173,1.4294425111697333,0.0,20140319_Vermont@Georgia,-1,12.0,145.5,0.8338745225387121,0.8270461602379943,0.7690168249106883,1.2411952106650634,1.0,0.6392089209662638,0.625160576088376,0.513505477584116,0.1340954611950922,0,-1.0,1.3630529975798817,1.323881746461539,-1.0
2014-03-20,2013-14,True,20140320_American@Wisconsin,-1,8.5,132.0,0.7831881063636792,0.7759958870916551,0.7002662418077119,1.3630529975798817,1.0,20140320_NewMexicoState@SanDiegoState,-1,11.0,140.5,0.8122471347807485,0.8060654613090615,0.7408662246947383,1.288356748066476,1.0,0.6361422953882585,0.6255034827024695,0.5188036068492522,0.11712854815089835,1,0.7560985274042786,1.2134103519342598,1.1261494110581052,0.3664813532025748
2014-03-21,2013-14,True,20140321_CalPolySLO@WichitaState,-1,11.0,136.5,0.8494038913604467,0.8421443436429191,0.7504769865365503,1.2718577879449915,1.0,20140321_ULLafayette@Creighton,-1,7.0,163.5,0.7535463466133102,0.7437602055033393,0.6677428385832173,1.4294425111697333,1.0,0.6400651991337937,0.6263534500913324,0.501125633281295,0.16366899288863723,1,0.8180475902508708,1.2718577879449915,1.3630529975798817,0.7336095703537382
2014-03-22,2013-14,True,20140322_Dayton@Syracuse,-1,9.5,137.0,0.784345484909037,0.7775654959176123,0.7107276223585963,1.342989874000435,1.0,20140322_Harvard@MichiganState,-1,11.5,149.0,0.8101773771788641,0.8041421638378209,0.7504769865365503,1.2718577879449915,0.0,0.6354589677656879,0.625273200412817,0.5333847242759667,0.08542246201915371,0,-1.0,1.4538067549410756,1.2269599760341772,-1.0
2014-03-23,2013-14,True,20140323_Baylor@Creighton,-1,7.5,152.0,0.7664825206550367,0.7568268584288571,0.678765139780146,1.4062301436240014,1.0,20140323_Illinois@Clemson,1,12.5,102.0,0.8327608874875013,0.8269299601780111,0.7722693717467038,1.2359677010641126,0.0,0.6382966641443455,0.625842803902224,0.5241895280615769,0.1093947327155338,0,-1.0,1.288356748066476,1.1491283837131574,-1.0
2014-03-24,2013-14,True,20140324_TexasA&M@IllinoisState,1,7.5,118.0,0.7478000729382549,0.7380368488472697,0.668430725325379,1.4279714618674482,0.0,20140324_Radford@OldDominion,-1,15.0,154.5,0.8560615103636797,0.8508096709854849,0.8112613232375099,1.1765629306606975,1.0,0.6401628598895923,0.6279288885429096,0.5422719947200755,0.07553652498944752,0,-1.0,1.3199314119358188,1.1882416425280553,-1.0
2014-03-25,2013-14,True,20140325_SouthernMiss@MinnesotaU,-1,14.0,148.5,0.828395051611403,0.8244169825402633,0.803287787464883,1.1882416425280553,0.0,20140325_Belmont@Clemson,1,11.0,122.5,0.7642272883016993,0.7603626465151331,0.7435090686003348,1.283777213096887,1.0,0.6330821039355288,0.6268558786763349,0.597251754676039,-0.03427279001310557,0,-1.0,1.2561494839877256,1.129528259492256,-1.0
2014-03-26,2013-14,True,20140326_IllinoisState@Siena,1,9.5,126.0,0.7541068743754737,0.7486570649821991,0.7126199310712552,1.3394236652420533,0.0,20140326_California@SMU,-1,15.0,149.5,0.8418305926843067,0.8378163814424405,0.8189966338703305,1.165450455503488,1.0,0.634830237002815,0.6272371531247041,0.583633324776265,-0.009009735769572091,0,-1.0,1.404142518160034,1.2718577879449915,-1.0
2014-03-27,2013-14,True,20140327_Baylor@Wisconsin,-1,9.0,145.5,0.7746806635242981,0.7680629063285243,0.7107276223585963,1.342989874000435,1.0,20140327_Towson@MurrayState,-1,13.0,159.5,0.8211004039776526,0.8158129723709441,0.7779389863108398,1.2269599760341772,1.0,0.6360906057734771,0.6265956825797394,0.5529027260807597,0.0481468075453928,1,0.6477948236177162,1.342989874000435,1.2411952106650634,0.6669125995810168
2014-03-28,2013-14,True,20140328_MichiganState@Virginia,-1,11.0,136.5,0.7869279650165035,0.7824010984514572,0.7408662246947383,1.288356748066476,1.0,20140328_Tennessee@Michigan,-1,12.5,143.0,0.8087610782136645,0.8044585578313302,0.7690168249106883,1.2411952106650634,0.0,0.6364367094632323,0.6294092593059079,0.5697385917983162,0.017727358383164527,0,-1.0,1.384117065228702,1.4294425111697333,-1.0
2014-03-29,2013-14,True,20140329_Dayton@Florida,-1,8.0,141.5,0.761177847238118,0.754541499838807,0.6896092996601303,1.384117065228702,1.0,20140329_Wisconsin@Arizona,-1,14.0,143.5,0.8325895601023315,0.8285159688941727,0.7950758395052631,1.2005144070205163,1.0,0.6337487289916244,0.6251496818098115,0.5482916928579146,0.05307014583787861,1,0.6616524778100124,1.4294425111697333,1.288356748066476,0.8416319052386148
2014-03-30,2013-14,True,20140330_Kentucky@Michigan,-1,9.5,147.0,0.7749722716279097,0.7693492658701309,0.7209858452623735,1.323881746461539,0.0,20140330_Connecticut@MichiganState,-1,12.5,152.0,0.817183186420307,0.8127451787802897,0.7779389863108398,1.2269599760341772,1.0,0.6332943103162789,0.6252849066341042,0.5608829976078749,0.02869155970886772,0,-1.0,1.4793778716447303,1.2134103519342598,-1.0
2014-04-01,2013-14,True,20140401_MinnesotaU@FloridaState,-1,12.5,151.0,0.8206597284961652,0.8157154879134975,0.7779389863108398,1.2269599760341772,1.0,20140401_Pacific@MurrayState,-1,10.0,160.5,0.7725762861928004,0.7671002432294342,0.7310340718242839,1.3056846962249795,0.0,0.6340222452695592,0.6257355491844605,0.568699904793669,0.015718132945481633,0,-1.0,1.2561494839877256,1.2718577879449915,-1.0
2014-04-03,2013-14,True,20140403_MinnesotaU@SMU,-1,8.5,141.0,0.7623034928865499,0.7559148981940897,0.7002662418077119,1.3630529975798817,1.0,20140403_Yale@MurrayState,-1,15.0,151.5,0.8345226214469924,0.83049028719177,0.8112613232375099,1.1765629306606975,1.0,0.6361595092218824,0.6277799808937472,0.5680989179474825,0.020220220099481212,1,0.6037176294784343,1.342989874000435,1.2134103519342598,0.629597815655015
2014-04-05,2013-14,True,20140405_Kentucky@Wisconsin,-1,9.0,147.5,0.7659047456031629,0.7591132318783794,0.7002662418077119,1.3630529975798817,1.0,20140405_FresnoState@Siena,-1,14.0,150.5,0.8283225284075432,0.8240549394160991,0.7950758395052631,1.2005144070205163,1.0,0.6344161553973481,0.6255510083054971,0.5567647700824621,0.038136240581985614,1,0.636364761127149,1.323881746461539,1.1174929583559323,0.47942852936672375
2014-11-21,2014-15,True,20141121_USC@Drexel,1,10.0,116.5,0.7878528065226736,0.779521762367108,0.7166798413502542,1.3318359816032816,1.0,20141121_California@Texas,1,15.0,123.5,0.8084355052787064,0.8047495411948129,0.8098109268477433,1.1786701912204014,1.0,0.6369281817264046,0.6273197806163021,0.580375166576943,-0.00015308859603013758,1,0.569795371110551,1.6490830738785753,1.2457444308980308,1.054336055372441
2014-11-22,2014-15,True,20141122_Stanford@Duke,-1,9.0,153.5,0.7745694242678326,0.7662551943129187,0.702234443870935,1.3592326726933226,1.0,20141122_BoiseState@Wisconsin,1,15.0,120.5,0.8263926327298531,0.8226160349043966,0.8098109268477433,1.1786701912204014,1.0,0.6400984657527408,0.6303338096705912,0.5686771258555314,0.025493452617114,1,0.6020870342364557,1.3800434944370696,1.1458328748381896,0.5812992046325687
2014-11-23,2014-15,True,20141123_LongBeachState@UCLA,-1,9.5,165.0,0.766832109275837,0.7594149771885872,0.712634268549283,1.339396717397671,1.0,20141123_CharlotteU@MiamiFlorida,-1,14.0,146.5,0.8306316980494415,0.825496733732869,0.7966505145599064,1.198141446663465,1.0,0.6369550570466234,0.626894583217,0.5677204567328089,0.022177017192368087,1,0.6047867206391417,1.2533810722311018,1.2533810722311018,0.5709641122271865
2014-11-24,2014-15,True,20141124_Missouri@Arizona,-1,9.0,138.5,0.7756484910885145,0.7692126181703142,0.712634268549283,1.339396717397671,1.0,20141124_SetonHall@IllinoisState,1,14.5,118.0,0.8179829830925286,0.81388024003915,0.8015814485740163,1.190771070984764,1.0,0.6344672665718016,0.6260469503175984,0.5712344092872188,0.011921273954183631,1,0.5949148636491022,1.4018745546984832,1.1671653854540367,0.6362194549928613
2014-11-25,2014-15,True,20141125_KansasState@Arizona,-1,6.0,141.5,0.770343184212584,0.7570026586557063,0.6475694925196378,1.4739730809215883,1.0,20141125_EasternIllinois@Creighton,1,14.5,119.0,0.8310368325065892,0.8270811435615578,0.8015814485740163,1.190771070984764,1.0,0.6401835597510658,0.6261026246001011,0.5190796918662318,0.123627460229361,1,0.7551645041717121,1.4487888626434102,1.2034974333540893,0.7436136776633344
2014-11-26,2014-15,True,20141126_Pittsburgh@KansasState,-1,6.0,133.5,0.7461674094565017,0.7353242317591613,0.6475694925196378,1.4739730809215883,1.0,20141126_Furman@Duke,-1,14.5,149.0,0.8577400881976511,0.8537104507890285,0.8048449724817054,1.1859426754656113,1.0,0.6400176995974327,0.6277539813712096,0.5211930503869598,0.11878139039600488,1,0.7480475791524384,1.5570866583923684,1.339396717397671,1.0855567589544468
2014-11-27,2014-15,True,20141127_SanDiego@Xavier,-1,6.0,147.5,0.745278275398519,0.7336541982017339,0.6475694925196378,1.4739730809215883,0.0,20141127_Illinois@IndianaState,-1,15.0,152.5,0.8633502055942844,0.8577630816255316,0.8205267611957224,1.1632771106807576,1.0,0.6434361522902651,0.6293014858970278,0.531348098346296,0.10326081518047503,0,-1.0,1.5570866583923684,1.1743301952164014,-1.0
2014-11-28,2014-15,True,20141128_NorthDakota@UtahU,-1,8.0,139.5,0.7799583370005037,0.7709589739438556,0.6808740459700369,1.4018745546984832,0.0,20141128_Tennessee@Kansas,-1,12.5,142.0,0.8196568245476302,0.8138655077401828,0.770663569209761,1.23854304022538,0.0,0.6392981737852833,0.6274569167756664,0.5247248224495595,0.1100018945093657,0,-1.0,1.4487888626434102,1.2109546221674954,-1.0
2014-11-29,2014-15,True,20141129_Virginia@Rutgers,1,10.0,111.5,0.7652393874715608,0.7603646266235728,0.7166798413502542,1.3318359816032816,0.0,20141129_AlabamaState@UtahU,-1,13.5,148.0,0.8288407405918693,0.8242873740536762,0.7882211129361184,1.2109546221674954,0.0,0.6342615806419969,0.6267589614028489,0.5649021821679782,0.022932598035298346,0,-1.0,1.3318359816032816,1.4247732062690999,-1.0
2014-11-30,2014-15,True,20141130_USC@NewMexico,1,7.0,120.5,0.7395590898312215,0.7300547923562405,0.6504366529918479,1.4674757266669025,0.0,20141130_Tennessee@Marquette,-1,14.5,146.0,0.8623123368505664,0.8561115651951333,0.8128037615724496,1.1743301952164014,1.0,0.6377309269914386,0.6250083509623091,0.5286773582163681,0.09900238029303443,0,-1.0,1.442016853445544,1.1743301952164014,-1.0
2014-12-01,2014-15,True,20141201_Rutgers@Clemson,1,14.0,111.5,0.8557206192717569,0.8506975069875211,0.8015814485740163,1.190771070984764,1.0,20141201_SouthCarolina@Marshall,1,8.5,125.0,0.7447291290436001,0.7366975257532471,0.6843864504220077,1.3946798616650495,1.0,0.6372800714949056,0.6267067485621625,0.5485914823137021,0.05835933071390986,1,0.6607444325557736,1.2612951444552014,1.2457444308980308,0.5712514019237944
2014-12-02,2014-15,True,20141202_Syracuse@Michigan,1,14.5,108.0,0.8449030272579138,0.8400126716130224,0.8098109268477433,1.1786701912204014,1.0,20141202_BYU@UtahState,1,9.5,134.0,0.753530018084134,0.7462594470513537,0.7061153241828015,1.3517621942345721,1.0,0.6366597934089954,0.6268673918340645,0.5718199051378692,0.014378464153377513,1,0.5932818039629726,1.1011139001034316,1.27764018336019,0.4068273652286023
2014-12-03,2014-15,True,20141203_Temple@St.Josephs,1,6.5,121.0,0.7522790145667663,0.739811591438352,0.6388016666994069,1.49420399125093,0.0,20141203_LoyolaMarymount@USC,1,14.5,117.0,0.8516906414696819,0.8458237619787489,0.8015814485740163,1.190771070984764,1.0,0.6407089964805494,0.625750223425872,0.5120515653444064,0.1399846130890452,0,-1.0,1.551711493782334,1.1786701912204014,-1.0
2014-12-04,2014-15,True,20141204_Baylor@Vanderbilt,1,9.5,108.0,0.7551194694777217,0.7497966704384419,0.7061153241828015,1.3517621942345721,1.0,20141204_SanDiego@SanDiegoState,-1,14.0,138.5,0.8408126874191972,0.8366173206539144,0.8048449724817054,1.1859426754656113,1.0,0.6349140304541216,0.6272928814574353,0.5683133686608174,0.01783860164580675,1,0.6031124732238138,1.27764018336019,1.1743301952164014,0.5003714459416908
2014-12-05,2014-15,True,20141205_Missouri@Oklahoma,1,9.0,122.5,0.7691768390112688,0.7617025567099791,0.6953479363830398,1.3726940860211363,1.0,20141205_Texas@Kentucky,1,12.5,109.0,0.8270705860600615,0.821889791534377,0.7662085226517298,1.2457444308980308,1.0,0.6361635390248755,0.6260355555455667,0.532781515064978,0.08785620024672136,1,0.7100260129874929,1.3517621942345721,1.190771070984764,0.6096393157454161
2014-12-06,2014-15,True,20141206_St.Josephs@Villanova,1,14.0,111.5,0.856234702342853,0.8507669058822749,0.7931051396926162,1.2034974333540893,1.0,20141206_St.Johns@Syracuse,1,7.5,119.0,0.7461686214465507,0.737266795617096,0.6732404171576116,1.41776990161977,1.0,0.6388954674818643,0.6272421905168962,0.5339504350965028,0.09013611568153856,1,0.706282437686073,1.1671653854540367,1.4674757266669025,0.7127868721596178
2014-12-07,2014-15,True,20141207_California@Nevada,1,8.0,117.5,0.7548521730108725,0.745740555322247,0.6732404171576116,1.41776990161977,1.0,20141207_UtahState@USC,1,13.5,114.0,0.8455071203206713,0.8398049638499033,0.7931051396926162,1.2034974333540893,1.0,0.638232887070224,0.6262766201038065,0.5339504350965028,0.08900556636160184,1,0.706282437686073,1.312869331207855,1.190771070984764,0.5633268195854284
2014-12-08,2014-15,True,20141208_IPFW@Purdue,-1,6.5,160.0,0.7464475910869716,0.7349233766936918,0.6475694925196378,1.4739730809215883,1.0,20141208_Yale@Florida,1,14.0,104.5,0.8560153958086888,0.8510517860014652,0.8015814485740163,1.190771070984764,1.0,0.6389706301347562,0.625457852309394,0.5190796918662318,0.12149856922075575,1,0.7551645041717121,1.2109546221674954,1.2034974333540893,0.45738077968685165
2014-12-09,2014-15,True,20141209_IUPUI@Xavier,-1,7.5,154.0,0.7599640982753568,0.7507729852035239,0.6699311832929862,1.4247732062690999,1.0,20141209_SouthDakota@Creighton,-1,13.0,154.5,0.8402266046909845,0.8348302955469633,0.7882211129361184,1.2109546221674954,0.0,0.6385420539809488,0.6267680331261337,0.5280539028858083,0.1016994014751964,0,-1.0,1.3800434944370696,1.2109546221674954,-1.0
2014-12-10,2014-15,True,20141210_WashingtonState@Gonzaga,-1,12.0,152.5,0.8074434996797099,0.8023901691555498,0.7615401422178224,1.2533810722311018,1.0,20141210_NCCentral@Maryland,1,11.0,111.5,0.7837818804411859,0.7789597494787952,0.7371691656626579,1.294818129217299,1.0,0.6328595845289751,0.6250296451496552,0.561383911257334,0.027068158402227427,1,0.6229005351426478,1.285312439305608,1.294818129217299,0.6642458481214106
2014-12-12,2014-15,True,20141212_IowaState@Iowa,1,8.0,134.5,0.7402881142766613,0.7326922130758129,0.6732404171576116,1.41776990161977,1.0,20141212_TexasSouthern@Florida,-1,15.0,140.5,0.8612460621913608,0.8571517002508531,0.8128037615724496,1.1743301952164014,1.0,0.6375702233078426,0.6280283761984934,0.5472123435083118,0.061509795297241654,1,0.6649300053410827,1.2457444308980308,1.1632771106807576,0.4491459822217059
2014-12-13,2014-15,True,20141213_ULMonroe@NewMexico,1,14.0,105.5,0.8496776037528633,0.8438011973917031,0.7931051396926162,1.2034974333540893,0.0,20141213_SamHoustonSt@LSU,1,7.5,130.0,0.7510016479362696,0.7418433212988915,0.6732404171576116,1.41776990161977,1.0,0.6381092806329409,0.6259682827890426,0.5339504350965028,0.0887946588684807,0,-1.0,1.2457444308980308,1.2168800581137835,-1.0
2014-12-14,2014-15,True,20141214_Fordham@St.Johns,1,7.0,122.5,0.752317195535821,0.7428753601273035,0.6619201417232573,1.442016853445544,1.0,20141214_Temple@Villanova,1,13.5,117.0,0.8479690339063529,0.8430074320685188,0.7931051396926162,1.2034974333540893,1.0,0.6379416854896469,0.6262494496878942,0.5249722664667803,0.10712456259106484,1,0.7354635819750521,1.49420399125093,1.1562285587946783,0.727641327349319
2014-12-16,2014-15,True,20141216_OralRoberts@Oklahoma,-1,8.0,149.5,0.7767370387566288,0.7675354444383437,0.6808740459700369,1.4018745546984832,1.0,20141216_Oakland@Arizona,-1,11.5,157.0,0.8228557181993177,0.8161224251866787,0.7521912444186349,1.2689592003131178,0.0,0.6391425138780971,0.6264028883317563,0.5121474959305529,0.13698443228063084,0,-1.0,1.4739730809215883,1.1527576953068959,-1.0
2014-12-17,2014-15,True,20141217_EasternMichigan@MichiganState,-1,11.5,143.0,0.8338018295515073,0.8271881219060087,0.7615401422178224,1.2533810722311018,1.0,20141217_SanDiegoState@Cincinnati,1,9.0,100.5,0.7649879125004513,0.7581499691697624,0.6953479363830398,1.3726940860211363,1.0,0.6378483210276646,0.6271326491206342,0.5295353663640094,0.0974236400695514,1,0.7205087853824641,1.142747343636006,1.5222616798282802,0.7395604909426516
2014-12-18,2014-15,True,20141218_CoastalCarolina@Mississippi,1,7.0,120.5,0.7402286263879856,0.7314590888774161,0.6619201417232573,1.442016853445544,1.0,20141218_ClevelandState@Virginia,1,15.0,94.5,0.8635134983732823,0.8596308856599135,0.8177932723978889,1.1671653854540367,1.0,0.6391974107683388,0.6287848243956866,0.541313838765937,0.07581536462412841,1,0.6830721565829856,1.27764018336019,1.1265635654834165,0.43934288037114166
2014-12-19,2014-15,True,20141219_TennesseeTech@Tennessee,-1,7.0,142.5,0.7650288359223045,0.755343721902722,0.6699311832929862,1.4247732062690999,1.0,20141219_Arizona@UTEP,-1,13.0,146.5,0.8345170245663714,0.8290652795980605,0.7882211129361184,1.2109546221674954,1.0,0.6384295878613564,0.62622925399192,0.5280539028858083,0.10150535966406005,1,0.7253356996719689,1.4018745546984832,1.1632771106807576,0.6307685815265252
2014-12-20,2014-15,True,20141220_NorthernIowa@Iowa,1,12.5,115.0,0.8418118274883198,0.8348397355187354,0.7754166323691138,1.2309511560046584,0.0,20141220_WashingtonU@Oklahoma,1,8.5,132.0,0.7580851840850793,0.7490149414364853,0.6843864504220077,1.3946798616650495,1.0,0.6381650742064799,0.6253074356084164,0.5306846366252848,0.09559081528320346,0,-1.0,1.1359527025928629,1.2168800581137835,-1.0
2014-12-21,2014-15,True,20141221_AppalachianSt@Alabama,-1,14.0,149.5,0.854798641584176,0.8494131216813927,0.7966505145599064,1.198141446663465,1.0,20141221_USC@BostonCollege,1,7.5,124.0,0.7463967872252804,0.7380739041246159,0.6732404171576116,1.41776990161977,1.0,0.6380189598029629,0.6269296589340629,0.5363373247511374,0.08379571286063592,1,0.6986888809626297,1.2109546221674954,1.3726940860211363,0.6622702482892806
2014-12-22,2014-15,True,20141222_WichitaState@LoyolaMarymount,-1,12.5,144.0,0.8316342839564396,0.8267353457721711,0.779558125586119,1.2244115848094703,1.0,20141222_Wisconsin@California,1,9.5,115.0,0.7620849569990931,0.7569950779891139,0.7166798413502542,1.3318359816032816,1.0,0.6337759775279148,0.6258345875491618,0.5586935937683614,0.03350824983640721,1,0.6307154049411507,1.142747343636006,1.2457444308980308,0.42357113925807277
2014-12-23,2014-15,True,20141223_CSNorthridge@Louisville,1,8.0,130.5,0.7533637909107624,0.7466398089506865,0.6843864504220077,1.3946798616650495,1.0,20141223_WichitaState@Hawaii,-1,14.5,148.0,0.8420730852513678,0.8377434094096172,0.8048449724817054,1.1859426754656113,0.0,0.6343873717288921,0.6254925791512933,0.5508249938567529,0.0492832892550108,0,-1.0,1.5222616798282802,1.1632771106807576,-1.0
2014-12-25,2014-15,True,20141225_Ohio@Nebraska,1,8.5,117.0,0.7557276719659964,0.7491078927373317,0.6953479363830398,1.3726940860211363,1.0,20141225_GeoWashington@WichitaState,-1,14.5,136.0,0.8393225758035938,0.8354306306822553,0.8048449724817054,1.1859426754656113,1.0,0.6342992962405535,0.6258276792786043,0.5596472907234183,0.03259897435347936,1,0.6279364969717283,1.2457444308980308,1.3204921600528265,0.6449957544303198
2014-12-27,2014-15,True,20141227_Kentucky@Louisville,1,8.5,119.0,0.7502552704694123,0.7426537194724484,0.6843864504220077,1.3946798616650495,0.0,20141227_TennesseeState@Tennessee,-1,15.0,141.5,0.8468105645368916,0.8429618733049163,0.8128037615724496,1.1743301952164014,1.0,0.6353240891329813,0.6260287705833589,0.5562718812722247,0.04054311606332317,0,-1.0,1.2309511560046584,1.1332225254988226,-1.0
2014-12-28,2014-15,True,20141228_CSBakersfield@California,1,6.5,110.0,0.7457773512892809,0.7356742665083809,0.6388016666994069,1.49420399125093,0.0,20141228_Harvard@ArizonaState,1,15.0,112.5,0.8546796744914263,0.8497267728436564,0.8177932723978889,1.1671653854540367,0.0,0.6374007438430007,0.6251221203442905,0.5224077054233335,0.11161617452147721,0,-1.0,1.442016853445544,1.1786701912204014,-1.0
2014-12-29,2014-15,True,20141229_MiddleTennSt@Auburn,1,8.5,111.0,0.75415091449338,0.747417045026024,0.6843864504220077,1.3946798616650495,1.0,20141229_Toledo@Duke,-1,14.5,167.0,0.8446731766492953,0.8400002225359211,0.8048449724817054,1.1859426754656113,1.0,0.6370110486180943,0.6278304841490008,0.5508249938567529,0.053622878028257714,1,0.6540103665610575,1.2612951444552014,1.142747343636006,0.441341675867174
2014-12-30,2014-15,True,20141230_Mississippi@Dayton,1,9.0,123.5,0.749661323426678,0.743268925564588,0.6953479363830398,1.3726940860211363,1.0,20141230_Davidson@Virginia,-1,14.5,150.0,0.8463068288134832,0.8418892171770181,0.8048449724817054,1.1859426754656113,0.0,0.6344434973133508,0.6257500938955743,0.5596472907234183,0.032833724542788545,0,-1.0,1.294818129217299,1.1073411859489297,-1.0
2014-12-31,2014-15,True,20141231_Tulane@EastCarolina,-1,14.5,147.0,0.8521238856736782,0.8469816905887039,0.8128037615724496,1.1743301952164014,1.0,20141231_St.Johns@SetonHall,1,8.5,118.0,0.7473364902807673,0.7408602536952411,0.6953479363830398,1.3726940860211363,1.0,0.6368232740037765,0.6274950701647714,0.5651814182937751,0.026556643004958858,1,0.6119961140096006,1.2533810722311018,1.2457444308980308,0.5613924905248975
2015-01-02,2014-15,True,20150102_WashingtonU@California,1,7.5,121.0,0.7430923178265687,0.7340084576185776,0.6619201417232573,1.442016853445544,1.0,20150102_WashingtonState@Stanford,-1,15.0,156.5,0.8625965541250462,0.8573836921389534,0.8128037615724496,1.1743301952164014,1.0,0.6409888727539919,0.6293268814542345,0.5380111810532325,0.08545307813856806,1,0.6934039330120465,1.6150523117636382,1.1241607419388768,0.8155784050623096
2015-01-03,2014-15,True,20150103_OregonState@Oregon,1,9.5,122.0,0.7793989026445335,0.7710560459229507,0.7061153241828015,1.3517621942345721,1.0,20150103_Butler@St.Johns,1,12.0,108.5,0.8175166064798112,0.810621938491495,0.7567618128049504,1.2612951444552014,1.0,0.6371715459840478,0.6250349466316495,0.5343611127779321,0.0863590665771714,1,0.7049710920461747,1.6490830738785753,1.2034974333540893,0.9846672468005375
2015-01-04,2014-15,True,20150104_Louisville@WakeForest,1,7.5,123.0,0.7403762527534524,0.7316864153001505,0.6619201417232573,1.442016853445544,1.0,20150104_USC@Colorado,1,14.5,114.0,0.8607475643449108,0.8553527559462917,0.8098109268477433,1.1786701912204014,1.0,0.6372770562563462,0.6258499918154466,0.5360301634681006,0.08315577467924617,1,0.6996622803937009,1.41776990161977,1.1562285587946783,0.6392660500522995
2015-01-05,2014-15,True,20150105_Oklahoma@Texas,1,8.0,124.5,0.7629466261671952,0.7532265836181871,0.6732404171576116,1.41776990161977,0.0,20150105_Nebraska@Iowa,1,12.5,114.0,0.8380614482301528,0.8311526444576326,0.7662085226517298,1.2457444308980308,1.0,0.6393961544479886,0.6260462668500443,0.5158425454197679,0.12928803460352167,0,-1.0,1.27764018336019,1.2457444308980308,-1.0
2015-01-06,2014-15,True,20150106_NewMexico@SanDiegoState,1,8.5,105.0,0.746089409405317,0.7402149005378019,0.6843864504220077,1.3946798616650495,0.0,20150106_EastCarolina@Cincinnati,-1,15.0,132.5,0.8532128048521741,0.8493469470300672,0.8128037615724496,1.1743301952164014,1.0,0.6365730376692126,0.6286992659179469,0.5562718812722247,0.04258866230330027,0,-1.0,1.3318359816032816,1.142747343636006,-1.0
2015-01-07,2014-15,True,20150107_Purdue@Wisconsin,-1,8.0,144.5,0.771214154747086,0.7626155298094128,0.6808740459700369,1.4018745546984832,1.0,20150107_NCState@Virginia,-1,10.5,136.0,0.8266376602077664,0.8201607093869688,0.7426209930059263,1.285312439305608,1.0,0.6375146643992414,0.6254672939180072,0.5056313601302315,0.1487037602321295,1,0.8018468034999704,1.339396717397671,1.1859426754656113,0.5884477265404513
2015-01-08,2014-15,True,20150108_Rutgers@Nebraska,1,7.5,108.0,0.7617440208324183,0.7517599259461225,0.6619201417232573,1.442016853445544,1.0,20150108_MichiganState@Iowa,1,14.5,117.0,0.839971425549841,0.8344676446495711,0.8015814485740163,1.190771070984764,1.0,0.6398432110826743,0.6273193347461968,0.5305829060428467,0.09868242576744435,1,0.71711195295543,1.3517621942345721,1.2457444308980308,0.6839502253662204
2015-01-09,2014-15,True,20150109_WiscGreenBay@WiscMilwaukee,1,11.0,116.5,0.7713838828482201,0.7675127491648832,0.7371691656626579,1.294818129217299,1.0,20150109_Akron@Toledo,-1,14.5,150.0,0.8197329724361493,0.8160126142358483,0.8128037615724496,1.1743301952164014,0.0,0.6323288031765099,0.6263000849053793,0.5991738707658326,-0.038516215575475576,0,-1.0,1.2612951444552014,1.198141446663465,-1.0
2015-01-10,2014-15,True,20150110_Texas@OklahomaState,1,9.5,116.0,0.7792857481770223,0.7709091302986403,0.7061153241828015,1.3517621942345721,1.0,20150110_Tulsa@Temple,1,11.5,113.0,0.8177818342830434,0.8110374995708111,0.7567618128049504,1.2612951444552014,1.0,0.6372857285748392,0.6252362134337178,0.5343611127779321,0.0865537445936857,1,0.7049710920461747,1.3517621942345721,1.2034974333540893,0.6268423312663995
2015-01-11,2014-15,True,20150111_California@UCLA,1,7.5,126.0,0.7419108589871378,0.733147530194761,0.6619201417232573,1.442016853445544,1.0,20150111_Wisconsin@Rutgers,1,14.5,106.0,0.8578976587081512,0.8539175514510383,0.8098109268477433,1.1786701912204014,1.0,0.6364835888952188,0.6260475438362865,0.5360301634681006,0.08180714813481438,1,0.6996622803937009,1.3318359816032816,1.2034974333540893,0.6028611855081736
2015-01-13,2014-15,True,20150113_MiamiFlorida@Duke,-1,14.5,156.0,0.8635068477071732,0.8582986001138687,0.8128037615724496,1.1743301952164014,0.0,20150113_Oklahoma@WestVirginia,1,7.5,133.0,0.7378421182134252,0.7293856053744375,0.6732404171576116,1.41776990161977,1.0,0.6371317216040582,0.6260306440360864,0.5472123435083118,0.060779720653217684,0,-1.0,1.1527576953068959,1.3946798616650495,-1.0
2015-01-14,2014-15,True,20150114_Rutgers@Maryland,1,7.5,114.0,0.7481287468044607,0.7394569985473067,0.6619201417232573,1.442016853445544,1.0,20150114_SMU@Temple,1,14.5,109.0,0.8512076217831962,0.8458061249696881,0.8098109268477433,1.1786701912204014,1.0,0.6368128913550679,0.6254372585230138,0.5360301634681006,0.08236685110466069,1,0.6996622803937009,1.3318359816032816,1.1176420923595043,0.48851595315876595
2015-01-15,2014-15,True,20150115_Richmond@GeoWashington,-1,14.0,130.5,0.8498004852357874,0.8451251724960137,0.7966505145599064,1.198141446663465,0.0,20150115_OregonState@WashingtonU,1,8.5,114.0,0.7477991672500003,0.7409918001877275,0.6843864504220077,1.3946798616650495,0.0,0.635480095187968,0.6262308229517849,0.5452168178865203,0.06190232986068689,0,-1.0,1.2109546221674954,1.3318359816032816,-1.0
2015-01-17,2014-15,True,20150117_Temple@Cincinnati,1,12.0,103.5,0.836065776287756,0.8281195947768507,0.7567618128049504,1.2612951444552014,1.0,20150117_OklahomaState@Oklahoma,1,7.5,123.0,0.7663557197833158,0.7557936226734915,0.6732404171576116,1.41776990161977,1.0,0.6407237897732,0.6258875085432998,0.5094826385417551,0.14575912733830143,1,0.7882262928677446,1.2309511560046584,1.312869331207855,0.6160780209333718
2015-01-18,2014-15,True,20150118_BoiseState@NewMexico,1,7.0,112.5,0.750884803822909,0.7416530069219758,0.6619201417232573,1.442016853445544,1.0,20150118_MissouriSt@NorthernIowa,1,14.5,102.0,0.8499149893630712,0.8460300240231436,0.8015814485740163,1.190771070984764,1.0,0.6381882500540396,0.6274607112630359,0.5305829060428467,0.09584067240350014,1,0.71711195295543,1.41776990161977,1.2034974333540893,0.706282437686073
2015-01-19,2014-15,True,20150119_Pittsburgh@Duke,-1,12.0,149.5,0.8357005735741255,0.829443883916971,0.7615401422178224,1.2533810722311018,1.0,20150119_Oklahoma@Kansas,1,9.5,130.0,0.7610580565672707,0.754211632067824,0.7061153241828015,1.3517621942345721,1.0,0.6360166543964774,0.6255762253976935,0.5377351644003544,0.07758593948627457,1,0.694273148411195,1.23854304022538,1.3946798616650495,0.727371036007743
2015-01-20,2014-15,True,20150120_SanDiegoState@AirForce,1,12.0,102.5,0.8259752450628632,0.8199369167403241,0.7567618128049504,1.2612951444552014,1.0,20150120_Michigan@Rutgers,1,9.0,109.5,0.7718222821758048,0.7640958607964213,0.6953479363830398,1.3726940860211363,0.0,0.6375060986651387,0.6265104041954616,0.5262127648674105,0.10376045482993868,0,-1.0,1.2034974333540893,1.27764018336019,-1.0
2015-01-21,2014-15,True,20150121_WashingtonState@UtahU,-1,12.5,149.0,0.8463724874268543,0.8407267452994925,0.779558125586119,1.2244115848094703,0.0,20150121_NewMexico@UNLV,1,8.5,113.0,0.7528605975762548,0.745509972012293,0.6843864504220077,1.3946798616650495,1.0,0.6372004966562828,0.6267701723582109,0.5335190184675177,0.08812318904074545,0,-1.0,1.2109546221674954,1.3318359816032816,-1.0
2015-01-22,2014-15,True,20150122_SouthFlorida@Temple,1,11.5,113.0,0.8167385597033153,0.8108202579687751,0.7567618128049504,1.2612951444552014,1.0,20150122_UCLA@OregonState,1,10.0,113.5,0.778834181110981,0.7717509979430538,0.7166798413502542,1.3318359816032816,1.0,0.6361039073282937,0.6257513432398465,0.5423559359409826,0.06855167883444802,1,0.6798382568069461,1.2457444308980308,1.294818129217299,0.6130124734982572
2015-01-23,2014-15,True,20150123_Valparaiso@WiscGreenBay,1,9.5,114.0,0.7648290394050984,0.7595337051028875,0.7166798413502542,1.3318359816032816,0.0,20150123_Manhattan@Quinnipiac,1,14.0,119.5,0.8297242616133333,0.825387518708591,0.8015814485740163,1.190771070984764,1.0,0.6345972099808302,0.626909640230415,0.5744772653933329,0.006415177023030072,0,-1.0,1.1671653854540367,1.1562285587946783,-1.0
2015-01-24,2014-15,True,20150124_USC@OregonState,1,12.0,109.5,0.8290736701132142,0.821769168868929,0.7567618128049504,1.2612951444552014,1.0,20150124_MichiganState@Nebraska,1,9.0,108.5,0.7711276157307757,0.762552588415966,0.6953479363830398,1.3726940860211363,1.0,0.6393216024995665,0.6266422068014389,0.5262127648674105,0.10690376803467405,1,0.7313723855208298,1.2168800581137835,1.2612951444552014,0.5348449086832785
2015-01-25,2014-15,True,20150125_NorthernIowa@IllinoisState,1,8.0,110.5,0.7432149411611239,0.7355699524474292,0.6732404171576116,1.41776990161977,0.0,20150125_WashingtonU@UtahU,1,14.5,110.0,0.8541622162999889,0.8498217656288013,0.8098109268477433,1.1786701912204014,1.0,0.6348261213294514,0.6251033557323676,0.5451974462097667,0.06084721615446287,0,-1.0,1.27764018336019,1.1176420923595043,-1.0
2015-01-26,2014-15,True,20150126_Army@American,1,13.5,109.0,0.8328495860147775,0.8277702278251405,0.7931051396926162,1.2034974333540893,1.0,20150126_Texas@IowaState,1,10.0,130.5,0.7637848144547741,0.7577902230258234,0.7166798413502542,1.3318359816032816,1.0,0.6361178665230323,0.6272761855577499,0.5684024656889753,0.019608637658037553,1,0.6028611855081736,1.2034974333540893,1.2457444308980308,0.49925022520093076
2015-01-27,2014-15,True,20150127_Nebraska@Michigan,1,6.5,105.0,0.7445804949178101,0.7349344504950143,0.6504366529918479,1.4674757266669025,0.0,20150127_FresnoState@SanDiegoState,1,14.0,101.5,0.8573660876378291,0.8522379808115451,0.7931051396926162,1.2034974333540893,1.0,0.6383780658591213,0.6263390521187134,0.5158646525322973,0.12744158996312072,0,-1.0,1.312869331207855,1.1176420923595043,-1.0
2015-01-28,2014-15,True,20150128_TexasTech@Oklahoma,1,12.5,115.0,0.8330398554765567,0.8274684615877622,0.7754166323691138,1.2309511560046584,1.0,20150128_Temple@CentralFlorida,1,8.5,125.0,0.7635103283519045,0.756111427894953,0.6953479363830398,1.3726940860211363,1.0,0.6360345335851288,0.625658360029163,0.5391843551549496,0.07471987267788838,1,0.6897193720284758,1.2168800581137835,1.41776990161977,0.7252559202750388
2015-01-29,2014-15,True,20150129_Kentucky@Missouri,1,15.0,105.5,0.8611422122093466,0.8568963977628071,0.8098109268477433,1.1786701912204014,1.0,20150129_Colorado@USC,1,8.0,123.5,0.7388583914735687,0.7311637706892643,0.6732404171576116,1.41776990161977,1.0,0.6362621497429883,0.6265316012783018,0.5451974462097667,0.06324693899767087,1,0.671083121048704,1.1671653854540367,1.3517621942345721,0.5777300424759888
2015-01-30,2014-15,True,20150130_Harvard@Princeton,1,8.5,112.0,0.7501617880140928,0.7441298543884556,0.6953479363830398,1.3726940860211363,1.0,20150130_OregonState@Arizona,-1,15.0,134.5,0.8457295233591304,0.8419166300568597,0.8128037615724496,1.1743301952164014,1.0,0.6344339714193917,0.6264952993314302,0.5651814182937751,0.022705096523737422,1,0.6119961140096006,1.2168800581137835,1.2109546221674954,0.4735865309963365
2015-01-31,2014-15,True,20150131_Oklahoma@OklahomaState,1,7.0,124.5,0.7466601567032878,0.7364140146632248,0.6619201417232573,1.442016853445544,0.0,20150131_UtahState@SanDiegoState,1,14.5,98.0,0.8568169090027639,0.8519271863731378,0.8015814485740163,1.190771070984764,1.0,0.6397510475420304,0.6273711195177877,0.5305829060428467,0.09852417065017782,0,-1.0,1.3946798616650495,1.1671653854540367,-1.0
2015-02-01,2014-15,True,20150201_Michigan@MichiganState,1,8.5,115.0,0.7695132750404805,0.762433876993463,0.6953479363830398,1.3726940860211363,1.0,20150201_California@WashingtonU,1,12.5,115.0,0.8266197961257014,0.8207077299763418,0.7662085226517298,1.2457444308980308,1.0,0.6360949065299828,0.6257353764443664,0.532781515064978,0.08773883689511841,1,0.7100260129874929,1.551711493782334,1.1176420923595043,0.7342580806491796
2015-02-02,2014-15,True,20150202_Virginia@NorthCarolina,1,11.0,116.5,0.7713112430926907,0.76750476753996,0.747080447555796,1.27764018336019,1.0,20150202_IowaState@Kansas,1,15.0,139.5,0.8213510066025658,0.8176223927056353,0.8177932723978889,1.1671653854540367,1.0,0.6335172659180578,0.6275290844490045,0.6109573639511338,-0.055288031710432284,1,0.49121739708316237,1.2168800581137835,1.1671653854540367,0.4203002820797048
2015-02-03,2014-15,True,20150203_IndianaU@Wisconsin,-1,8.5,154.0,0.7731093875476696,0.764937672384191,0.6916448676056749,1.3800434944370696,0.0,20150203_Northwestern@Nebraska,1,12.0,100.5,0.8228549851036625,0.8175093730014852,0.7662085226517298,1.2457444308980308,1.0,0.6361569135740393,0.6253437169360154,0.5299441922077954,0.09366919538174479,0,-1.0,1.3024773613272187,1.1176420923595043,-1.0
2015-02-04,2014-15,True,20150204_Temple@SouthFlorida,1,8.0,115.5,0.7593274144353062,0.7517178640816187,0.6843864504220077,1.3946798616650495,0.0,20150204_VaCommonwealth@GeorgeMason,1,14.0,120.5,0.8369017552228994,0.8319986270610946,0.8015814485740163,1.190771070984764,1.0,0.6354824459297738,0.6254282308532053,0.5485914823137021,0.05537393406479718,0,-1.0,1.49420399125093,1.1458328748381896,-1.0
2015-02-05,2014-15,True,20150205_USC@California,1,7.0,125.5,0.748417026054303,0.7376224335808843,0.6504366529918479,1.4674757266669025,1.0,20150205_Iowa@Michigan,1,14.0,107.5,0.8535793465133938,0.8477135971175603,0.8015814485740163,1.190771070984764,1.0,0.6388333160189297,0.6252925664854602,0.5213779545108402,0.1163149954810645,1,0.7474276426872923,1.2612951444552014,1.2034974333540893,0.5179654690538102
2015-02-06,2014-15,True,20150206_Siena@Iona,-1,9.0,171.5,0.7541873178088977,0.7471720185485192,0.702234443870935,1.3592326726933226,1.0,20150206_Dayton@GeoWashington,1,15.0,109.5,0.8411326244485847,0.8370987407621793,0.8098109268477433,1.1786701912204014,1.0,0.634371557954437,0.6254567558597011,0.5686771258555314,0.01631844788718384,1,0.6020870342364557,1.1743301952164014,1.1265635654834165,0.32295761177782567
2015-02-07,2014-15,True,20150207_Temple@MemphisU,1,6.0,118.5,0.739942664732033,0.7287752613429489,0.6388016666994069,1.49420399125093,1.0,20150207_Northwestern@Wisconsin,-1,15.0,143.5,0.8686838208270302,0.8640172212085988,0.8128037615724496,1.1743301952164014,1.0,0.6427762211923567,0.6296743761911051,0.5192203975920281,0.12787227784513178,1,0.7546888647388306,1.4674757266669025,1.1632771106807576,0.7070809233112194
2015-02-08,2014-15,True,20150208_SanDiegoState@BoiseState,1,7.0,114.5,0.744071871655325,0.7353194098655819,0.6619201417232573,1.442016853445544,0.0,20150208_WashingtonU@OregonState,1,15.0,104.5,0.8571596629756515,0.8523334615325399,0.8098109268477433,1.1786701912204014,1.0,0.6377883947377405,0.6267373379427958,0.5360301634681006,0.08402487740858589,0,-1.0,1.41776990161977,1.1011139001034316,-1.0
2015-02-09,2014-15,True,20150209_Duke@FloridaState,-1,14.0,158.5,0.8427236593016234,0.838123853348459,0.8048449724817054,1.1859426754656113,1.0,20150209_IowaState@Oklahoma,1,9.5,139.0,0.7536515808817551,0.7475319442437505,0.7061153241828015,1.3517621942345721,1.0,0.6351200180791261,0.6265243536106375,0.5683133686608174,0.01816882297678113,1,0.6031124732238138,1.1743301952164014,1.2612951444552014,0.4811769732135758
2015-02-10,2014-15,True,20150210_Cincinnati@Temple,1,7.0,106.5,0.7532773629860062,0.7428520618166674,0.6504366529918479,1.4674757266669025,1.0,20150210_Kentucky@LSU,1,14.0,117.5,0.849054711509987,0.8429968451012804,0.7931051396926162,1.2034974333540893,1.0,0.6395736941170873,0.6262219444884319,0.5158646525322973,0.12955319293988032,1,0.7661032705530444,1.3318359816032816,1.0934655515180727,0.45631676615544614
2015-02-11,2014-15,True,20150211_Wyoming@SanDiegoState,1,14.0,91.5,0.8542567075681667,0.849318349853276,0.7931051396926162,1.2034974333540893,1.0,20150211_Oregon@USC,1,8.0,137.5,0.7465912617652686,0.7374550493380836,0.6732404171576116,1.41776990161977,1.0,0.6377805931747617,0.6263341055947874,0.5339504350965028,0.0882338252311019,1,0.706282437686073,1.1786701912204014,1.294818129217299,0.5261635319601963
2015-02-12,2014-15,True,20150212_Michigan@Illinois,1,9.0,110.5,0.7676780534569834,0.7601435664996083,0.6953479363830398,1.3726940860211363,1.0,20150212_Tulsa@Connecticut,1,12.5,108.0,0.8283470495363304,0.8222786206113192,0.7754166323691138,1.2309511560046584,1.0,0.6359038505748855,0.6250498033278665,0.5391843551549496,0.07449905506388532,1,0.6897193720284758,1.2034974333540893,1.2309511560046584,0.4814465568358557
2015-02-13,2014-15,True,20150213_Columbia@Harvard,1,8.0,106.5,0.7727287969604402,0.7650652252400946,0.6843864504220077,1.3946798616650495,1.0,20150213_WiscGreenBay@Valparaiso,1,12.5,112.0,0.8260785677390484,0.8200924081295227,0.7662085226517298,1.2457444308980308,1.0,0.6383346978437984,0.6274241829433048,0.5243827311007079,0.10905206875802631,1,0.7374146705548714,1.2612951444552014,1.1671653854540367,0.47214003344935995
2015-02-14,2014-15,True,20150214_OregonState@USC,1,5.5,112.0,0.7425699583125714,0.7286627998577638,0.6151272345565885,1.551711493782334,1.0,20150214_EastCarolina@Temple,1,13.5,107.0,0.864729704786147,0.8581782351118526,0.7931051396926162,1.2034974333540893,1.0,0.6421223008346914,0.6253225555735968,0.48786057129173577,0.1991510681075357,1,0.8674808000730789,1.5222616798282802,1.27764018336019,0.9449026917379948
2015-02-15,2014-15,True,20150215_NorthernIowa@MissouriSt,1,11.5,102.0,0.816232360978181,0.8115527603557584,0.7567618128049504,1.2612951444552014,1.0,20150215_Nebraska@Purdue,1,9.5,108.0,0.7761797679708391,0.7704952007107474,0.7166798413502542,1.3318359816032816,1.0,0.6335430445543346,0.6252975069776712,0.5423559359409826,0.06424984357631902,1,0.6798382568069461,1.2168800581137835,1.294818129217299,0.5756383603287274
2015-02-16,2014-15,True,20150216_Pittsburgh@Virginia,-1,12.0,127.5,0.8415907937814414,0.8361237838132901,0.7615401422178224,1.2533810722311018,1.0,20150216_Clemson@GeorgiaTech,1,8.5,105.0,0.7541308490006314,0.748403699171544,0.6953479363830398,1.3726940860211363,1.0,0.6346695798255138,0.6257581327711746,0.5295353663640094,0.0919545879047936,1,0.7205087853824641,1.4018745546984832,1.2309511560046584,0.7256391036796137
2015-02-17,2014-15,True,20150217_SanDiegoState@NewMexico,1,8.5,101.0,0.7871235159391227,0.77825891896256,0.6953479363830398,1.3726940860211363,1.0,20150217_MichiganState@Michigan,1,10.5,110.0,0.8119801608382892,0.8046193274512423,0.7371691656626579,1.294818129217299,1.0,0.6391286790718484,0.626202167958586,0.5125890581087363,0.13598040421033786,1,0.7773891884495379,1.312869331207855,1.41776990161977,0.8613466225461739
2015-02-18,2014-15,True,20150218_EastCarolina@Tulsa,1,14.5,107.0,0.8500283338673374,0.8455102558582823,0.8098109268477433,1.1786701912204014,1.0,20150218_Colorado@Oregon,1,9.0,127.5,0.7458886311578293,0.739578921789584,0.6953479363830398,1.3726940860211363,1.0,0.6340264703936787,0.6253215633897037,0.563100356844015,0.025825410812516658,1,0.617953600857647,1.1458328748381896,1.312869331207855,0.5043288400647878
2015-02-19,2014-15,True,20150219_Temple@SMU,1,8.0,116.5,0.7686254302634928,0.7598130176230222,0.6843864504220077,1.3946798616650495,1.0,20150219_Nebraska@Maryland,1,12.5,108.0,0.8306127650148659,0.823788031798361,0.7662085226517298,1.2457444308980308,1.0,0.6384300938919008,0.6259248703224429,0.5243827311007079,0.10921781125151231,1,0.7374146705548714,1.3946798616650495,1.2034974333540893,0.6784936338645235
2015-02-20,2014-15,True,20150220_ClevelandState@WiscGreenBay,1,12.0,110.5,0.8008303012013953,0.7970636093765401,0.7662085226517298,1.2457444308980308,1.0,20150220_Iona@Marist,1,13.0,135.5,0.7881442087082647,0.7844038465977391,0.7754166323691138,1.2309511560046584,1.0,0.631169764049975,0.6252197611780358,0.5941308323271182,-0.03213237987816686,1,0.5334505473002964,1.1359527025928629,1.2612951444552014,0.43277162811114134
2015-02-21,2014-15,True,20150221_Colorado@OregonState,1,7.0,101.5,0.7515339856637826,0.7413258951481959,0.6504366529918479,1.4674757266669025,1.0,20150221_Oklahoma@TexasTech,1,13.5,109.0,0.8520174133790075,0.8460603768023716,0.7931051396926162,1.2034974333540893,1.0,0.6403200425316722,0.627206466182438,0.5158646525322973,0.13087132131585055,1,0.7661032705530444,1.294818129217299,1.2034974333540893,0.558310295173363
2015-02-22,2014-15,True,20150222_Temple@Tulsa,1,4.5,113.0,0.7367047723440172,0.7222066007309986,0.6031142380248883,1.5826189133353064,0.0,20150222_Tulane@Connecticut,1,14.5,103.0,0.8719476757237008,0.8664102605400837,0.8098109268477433,1.1786701912204014,1.0,0.6423680139399239,0.6257272091031127,0.4884085000900052,0.1982641312434159,0,-1.0,1.442016853445544,1.1359527025928629,-1.0
2015-02-23,2014-15,True,20150223_Louisville@GeorgiaTech,1,9.0,113.5,0.7701332927340768,0.7628271398415127,0.6953479363830398,1.3726940860211363,0.0,20150223_AlabamaState@Southern,1,14.5,117.0,0.8242824541358821,0.8199217345184068,0.8015814485740163,1.190771070984764,0.0,0.6348073605465925,0.6254585516365684,0.55737800610887,0.037633516816695245,0,-1.0,1.312869331207855,1.190771070984764,-1.0
2015-02-24,2014-15,True,20150224_NewMexico@BoiseState,1,7.5,114.0,0.7405651304281471,0.732777150627406,0.6619201417232573,1.442016853445544,1.0,20150224_Florida@Missouri,1,15.0,105.5,0.8579768968571906,0.8536471375808525,0.8177932723978889,1.1671653854540367,1.0,0.6353877725253823,0.6255331171177384,0.541313838765937,0.06940346857075452,1,0.6830721565829856,1.2612951444552014,1.1359527025928629,0.43277162811114134
2015-02-25,2014-15,True,20150225_Tulane@Tulsa,1,10.0,110.5,0.7884662218491167,0.7815556754607407,0.7166798413502542,1.3318359816032816,1.0,20150225_Marquette@Butler,1,11.5,113.0,0.8059704695238487,0.8002362233037087,0.747080447555796,1.27764018336019,1.0,0.6354804910274277,0.6254291620322822,0.5354174966301647,0.08133815849204162,1,0.7016071677413154,1.3517621942345721,1.1671653854540367,0.5777300424759888
2015-02-26,2014-15,True,20150226_HoustonU@Temple,1,6.0,117.5,0.7422172570856348,0.7317988519502738,0.6388016666994069,1.49420399125093,1.0,20150226_OregonState@Stanford,1,15.0,104.5,0.86024537145451,0.8552128736755527,0.8098109268477433,1.1786701912204014,1.0,0.6384889600215794,0.625843799128864,0.5173085697817298,0.12448996674179003,1,0.7611737040900206,1.6150523117636382,1.1562285587946783,0.8673696068084848
2015-02-27,2014-15,True,20150227_Harvard@Cornell,1,6.5,107.0,0.7595580847291097,0.7481609644424827,0.6388016666994069,1.49420399125093,0.0,20150227_Valparaiso@ClevelandState,1,15.0,106.5,0.8469199052831062,0.84272281739594,0.8098109268477433,1.1786701912204014,1.0,0.6432848611757952,0.6304923158206327,0.5173085697817298,0.13293638174200995,0,-1.0,1.3517621942345721,1.1176420923595043,-1.0
2015-02-28,2014-15,True,20150228_BoiseState@SanDiegoState,1,7.0,110.5,0.7518847159012537,0.7426624377937614,0.6619201417232573,1.442016853445544,0.0,20150228_Cincinnati@Tulane,1,14.0,100.5,0.8489751488623557,0.8434988142076904,0.7931051396926162,1.2034974333540893,1.0,0.6383314386095968,0.6264348856356303,0.5249722664667803,0.1078009649366991,0,-1.0,1.4674757266669025,1.1359527025928629,-1.0
2015-03-01,2014-15,True,20150301_OregonState@California,1,6.5,108.0,0.7643848208737656,0.7531314653501253,0.6504366529918479,1.4674757266669025,1.0,20150301_ArizonaState@Colorado,1,13.0,117.5,0.8379025578450048,0.8309006922148539,0.7754166323691138,1.2309511560046584,1.0,0.640479996588024,0.6257774558882063,0.5043593990323766,0.156957264464485,1,0.8063909421493998,1.3318359816032816,1.2309511560046584,0.6394250411631586
2015-03-02,2014-15,True,20150302_Virginia@Syracuse,1,12.0,102.5,0.8154746060833491,0.8105815229094065,0.7567618128049504,1.2612951444552014,1.0,20150302_Baylor@Texas,1,10.5,116.0,0.7763039800604629,0.7711054927329596,0.7270335114933708,1.312869331207855,1.0,0.633056182340742,0.6250438646232908,0.550191198127672,0.048287679395751626,1,0.6559157127566151,1.294818129217299,1.2309511560046584,0.5938578729758235
2015-03-03,2014-15,True,20150303_Michigan@Northwestern,1,8.5,107.0,0.7758259862770771,0.7677948994944953,0.6953479363830398,1.3726940860211363,1.0,20150303_Maryland@Rutgers,1,12.0,117.5,0.8212990526563646,0.8144405829696548,0.7567618128049504,1.2612951444552014,0.0,0.6371851475555531,0.6253233255454242,0.5262127648674105,0.10320476894169994,0,-1.0,1.3318359816032816,1.2034974333540893,-1.0
2015-03-04,2014-15,True,20150304_USC@UCLA,1,8.0,129.5,0.773189631757293,0.7628078366833272,0.6732404171576116,1.41776990161977,1.0,20150304_SanDiegoState@UNLV,1,11.5,110.0,0.8279006783148474,0.8201272959637421,0.747080447555796,1.27764018336019,1.0,0.64012422059787,0.625599528439049,0.5029647521627593,0.15952088328932001,1,0.8113997970680416,1.294818129217299,1.312869331207855,0.6999270113413214
2015-03-05,2014-15,True,20150305_Temple@EastCarolina,1,6.5,114.0,0.7386321214641954,0.7281847711401999,0.6388016666994069,1.49420399125093,1.0,20150305_MemphisU@Connecticut,1,15.0,112.5,0.8639941204947889,0.8583326974834328,0.8098109268477433,1.1786701912204014,0.0,0.6381738101536576,0.6250247988791239,0.5173085697817298,0.12393493308155867,0,-1.0,1.4674757266669025,1.1562285587946783,-1.0
2015-03-06,2014-15,True,20150306_TexasTech@Baylor,1,10.0,111.5,0.7644267705371592,0.7602662971841234,0.7166798413502542,1.3318359816032816,1.0,20150306_DetroitU@ClevelandState,1,14.5,118.0,0.8263974512474735,0.8225826520167775,0.8098109268477433,1.1786701912204014,1.0,0.6317203348372457,0.6253818669766917,0.580375166576943,-0.008328342536084499,1,0.569795371110551,1.3318359816032816,1.1671653854540367,0.5544728568295496
2015-03-07,2014-15,True,20150307_Rutgers@Michigan,1,10.0,109.5,0.8217084231008124,0.8119687955803389,0.7166798413502542,1.3318359816032816,1.0,20150307_Connecticut@Temple,1,8.0,112.5,0.7820192375266443,0.7708390488373996,0.6732404171576116,1.41776990161977,1.0,0.6425917945025185,0.6258972540707973,0.48249783535909607,0.2133655821059659,1,0.8882369686113545,1.2168800581137835,1.3318359816032816,0.6206846466914293
2015-03-08,2014-15,True,20150308_MemphisU@Cincinnati,1,12.0,103.5,0.8413988149032054,0.8344796669478056,0.7567618128049504,1.2612951444552014,1.0,20150308_Maryland@Nebraska,1,7.5,112.0,0.7615135681662978,0.7512360670401318,0.6619201417232573,1.442016853445544,1.0,0.6407366137878343,0.6268912230228285,0.5009158863826019,0.16537742718337367,1,0.8188088554734323,1.2168800581137835,1.27764018336019,0.5547348605758531
2015-03-09,2014-15,True,20150309_Furman@Wofford,-1,13.5,132.0,0.8531321280122917,0.8485409670812597,0.7966505145599064,1.198141446663465,1.0,20150309_Northeastern@William&Mary,-1,8.0,149.5,0.7452501313135395,0.7372031600796787,0.6808740459700369,1.4018745546984832,1.0,0.6357968304289597,0.6255470823893713,0.5424186590725153,0.06791233590413803,1,0.6796440070071414,1.2109546221674954,1.23854304022538,0.4998194193143062
2015-03-10,2014-15,True,20150310_WiscGreenBay@Valparaiso,1,9.5,113.0,0.7875273585806207,0.780815849878681,0.7166798413502542,1.3318359816032816,0.0,20150310_GeorgiaTech@BostonCollege,1,12.0,111.5,0.8071587361894759,0.8016280444537807,0.7567618128049504,1.2612951444552014,1.0,0.63565958746657,0.6259238828167638,0.5423559359409826,0.06780529333246554,0,-1.0,1.3517621942345721,1.2034974333540893,-1.0
2015-03-11,2014-15,True,20150311_Colorado@OregonState,1,8.5,106.0,0.7675367608844434,0.7592613555612583,0.6843864504220077,1.3946798616650495,1.0,20150311_PennState@Nebraska,1,12.5,106.0,0.8303846384500899,0.8236387503065944,0.7662085226517298,1.2457444308980308,1.0,0.6373507356841817,0.6253570740505656,0.5243827311007079,0.10734251846663745,1,0.7374146705548714,1.2457444308980308,1.2309511560046584,0.5334505473002964
2015-03-12,2014-15,True,20150312_UNLV@SanDiegoState,1,7.5,111.0,0.7595730820332451,0.7510445269167905,0.6732404171576116,1.41776990161977,1.0,20150312_Michigan@Illinois,1,14.0,107.5,0.8406950488037115,0.8353610421184536,0.7931051396926162,1.2034974333540893,1.0,0.6385693292699246,0.6273933386825711,0.5339504350965028,0.08957963177824757,1,0.706282437686073,1.312869331207855,1.2168800581137835,0.5976045080560186
2015-03-13,2014-15,True,20150313_Temple@MemphisU,1,8.0,117.5,0.7548038050846272,0.7462882859985971,0.6732404171576116,1.41776990161977,1.0,20150313_NotreDame@Duke,-1,14.0,165.5,0.8436060649005663,0.8375985995299495,0.7966505145599064,1.198141446663465,1.0,0.6367570677794164,0.6250900231980313,0.5363373247511374,0.08165215091126221,1,0.6986888809626297,1.3726940860211363,1.198141446663465,0.644681678051747
2015-03-14,2014-15,True,20150314_Purdue@Wisconsin,-1,14.0,141.5,0.8591788309767239,0.8538620503200209,0.7966505145599064,1.198141446663465,1.0,20150314_MiddleTennSt@UAB,1,7.5,116.0,0.7419236261070677,0.7333179970912233,0.6619201417232573,1.442016853445544,1.0,0.6374450737526824,0.626152408532883,0.5273190215013991,0.10133945301569969,1,0.7277401589003418,1.1241607419388768,1.442016853445544,0.6210587358577073
2015-03-15,2014-15,True,20150315_GeorgiaSouthern@GeorgiaState,1,9.0,117.5,0.7496982403989711,0.7443133688293544,0.6953479363830398,1.3726940860211363,0.0,20150315_MichiganState@Wisconsin,-1,14.5,140.0,0.8476262981341378,0.8434883582084969,0.8048449724817054,1.1859426754656113,0.0,0.6354639442270569,0.6278196614665076,0.5596472907234183,0.03449494731683278,0,-1.0,1.3946798616650495,1.23854304022538,-1.0
2015-03-17,2014-15,True,20150317_Rider@LoyolaChicago,1,7.0,112.5,0.7667793836899366,0.7564089838433262,0.6619201417232573,1.442016853445544,1.0,20150317_NCCentral@MiamiFlorida,1,12.0,106.5,0.8337538528528513,0.8265140522663739,0.7567618128049504,1.2612951444552014,1.0,0.6393052654396194,0.6251826544070377,0.5009158863826019,0.162774078132373,1,0.8188088554734323,1.1265635654834165,1.0606308622988376,0.1948680858931291
2015-03-18,2014-15,True,20150318_SacramentoState@PortlandU,-1,7.0,155.5,0.7615398858010239,0.7505194334288988,0.6588261579112723,1.4487888626434102,1.0,20150318_GardnerWebb@Colorado,-1,12.5,171.0,0.8412788023609038,0.8343786702309338,0.779558125586119,1.2244115848094703,1.0,0.6406673630767449,0.6262174068468784,0.5135932847484159,0.13648871972906207,1,0.773913867363528,1.5003796477267137,1.23854304022538,0.8582847703877288
2015-03-19,2014-15,True,20150319_TennMartin@NorthwesternSt,-1,1.0,179.5,0.7230476177157225,0.6993420491372325,0.5293534400670471,1.8031430944873137,0.0,20150319_Lafayette@Villanova,-1,15.0,163.5,0.9036617613412791,0.8959994130315236,0.8128037615724496,1.1743301952164014,1.0,0.6533904837586055,0.6266100655352234,0.43026046728781214,0.3835447981963278,0,-1.0,1.6193882420772179,1.0995431979949724,-1.0
2015-03-20,2014-15,True,20150320_RobertMorris@Duke,-1,9.0,152.5,0.7858205408039536,0.7778363018171477,0.702234443870935,1.3592326726933226,1.0,20150320_CoastalCarolina@Wisconsin,-1,10.5,139.0,0.811229284205936,0.8046612981986048,0.732834234467898,1.3024773613272187,0.0,0.6374806348307128,0.6258947684061879,0.5146214410911467,0.12857645440099374,0,-1.0,1.339396717397671,1.4247732062690999,-1.0
2015-03-21,2014-15,True,20150321_NorthernArizona@SacramentoState,-1,6.5,153.0,0.7479368819492418,0.7379906709911133,0.6588261579112723,1.4487888626434102,1.0,20150321_Cincinnati@Kentucky,-1,15.0,132.5,0.857049503715197,0.853193088494842,0.8128037615724496,1.1743301952164014,1.0,0.6410189334848895,0.6296485398632887,0.5354963793726069,0.09060173416867512,1,0.7013565078953841,1.4247732062690999,1.2689592003131178,0.8079790684547938
2015-03-22,2014-15,True,20150322_GeoWashington@Temple,1,8.0,120.5,0.7449863511813483,0.7376961099419131,0.6732404171576116,1.41776990161977,1.0,20150322_NorthernIowa@Louisville,1,15.0,101.5,0.8521458324799188,0.8476970619041738,0.8098109268477433,1.1786701912204014,1.0,0.6348370144136072,0.6253428249758982,0.5451974462097667,0.06086541940353185,1,0.671083121048704,1.3946798616650495,1.1176420923595043,0.55875291876299
2015-03-23,2014-15,True,20150323_ClevelandState@NJIT,-1,9.5,149.0,0.7729122877927184,0.7656276187407745,0.712634268549283,1.339396717397671,0.0,20150323_Colorado@SeattleU,-1,12.5,156.0,0.8243249578440965,0.8186376820450689,0.779558125586119,1.2244115848094703,1.0,0.6371308890519167,0.6267716191156334,0.555539834618714,0.04487736468015702,0,-1.0,1.339396717397671,1.198141446663465,-1.0
2015-03-24,2014-15,True,20150324_Vanderbilt@Stanford,-1,9.5,158.0,0.7606777781703887,0.7555959716206685,0.7228365520639025,1.3204921600528265,1.0,20150324_MiamiFlorida@Richmond,1,15.0,116.5,0.8345607525760672,0.8307824912257498,0.8177932723978889,1.1671653854540367,1.0,0.6348318190177703,0.6277359036631599,0.5911308693211458,-0.021576415515769387,1,0.5412327409770907,1.23854304022538,1.1359527025928629,0.40692631382160127
2015-03-25,2014-15,True,20150325_SeattleU@LoyolaChicago,-1,8.0,142.5,0.7654690867442226,0.7568159396451092,0.6808740459700369,1.4018745546984832,1.0,20150325_MurrayState@OldDominion,1,15.0,123.5,0.8303715204914759,0.8266113369256625,0.8177932723978889,1.1671653854540367,1.0,0.6356237294490216,0.6255926356766952,0.5568142141446271,0.040019912179607875,1,0.6362194549928613,1.4018745546984832,1.1458328748381896,0.6063139511726698
2015-03-26,2014-15,True,20150326_NorthCarolina@Wisconsin,-1,10.5,152.0,0.7698758495284896,0.7655381482015091,0.732834234467898,1.3024773613272187,1.0,20150326_Xavier@Arizona,-1,14.0,149.5,0.8215284231693201,0.8177850349183063,0.7966505145599064,1.198141446663465,1.0,0.6324748926992808,0.6260456412582667,0.583812769975966,-0.012989971709630899,1,0.5605521099470063,1.4487888626434102,1.285312439305608,0.8621463470829989
2015-03-27,2014-15,True,20150327_MichiganState@Oklahoma,1,8.5,126.0,0.7522004091424128,0.7457617423311333,0.6953479363830398,1.3726940860211363,0.0,20150327_UtahU@Duke,-1,14.5,149.0,0.8459256718727237,0.8414384694909633,0.8048449724817054,1.1859426754656113,1.0,0.6363056364867332,0.627512619072023,0.5596472907234183,0.035865168865578445,0,-1.0,1.27764018336019,1.142747343636006,-1.0
2015-03-28,2014-15,True,20150328_Arizona@Wisconsin,-1,9.0,142.5,0.7668128123153762,0.7613635706464347,0.712634268549283,1.339396717397671,0.0,20150328_NotreDame@Kentucky,-1,13.0,150.5,0.8276614987376424,0.8236317427791859,0.7882211129361184,1.2109546221674954,1.0,0.6346614414921707,0.6270832045801068,0.5617133762723325,0.02938826560059793,0,-1.0,1.285312439305608,1.23854304022538,-1.0
2015-03-29,2014-15,True,20150329_Gonzaga@Duke,-1,9.5,157.0,0.7669326917696797,0.7617514579514895,0.7228365520639025,1.3204921600528265,1.0,20150329_MichiganState@Louisville,1,13.5,115.0,0.8263480434743761,0.8223959656576508,0.7931051396926162,1.2034974333540893,1.0,0.6337533293204115,0.6264613258531386,0.5732853845995705,0.00716644745021533,1,0.5892089253877741,1.23854304022538,1.2168800581137835,0.5071583267658826
2015-03-31,2014-15,True,20150331_TennMartin@Evansville,-1,10.0,159.5,0.7623754924066403,0.7578727475944911,0.732834234467898,1.3024773613272187,1.0,20150331_Stanford@OldDominion,-1,14.5,149.0,0.8303082588289444,0.826335031628028,0.8048449724817054,1.1859426754656113,1.0,0.6330066676740166,0.6262568008535143,0.589817949273967,-0.022217713653279958,1,0.5446634866257913,1.2533810722311018,1.1241607419388768,0.4090017960914605
2015-04-02,2014-15,True,20150402_Stanford@MiamiFlorida,-1,11.5,148.0,0.7688997974139641,0.7652072442710521,0.7521912444186349,1.2689592003131178,1.0,20150402_NorthernArizona@Evansville,-1,15.0,156.5,0.8231220310036701,0.8193819983862614,0.8128037615724496,1.1743301952164014,1.0,0.6328983628856926,0.6269970409904587,0.6113838728853284,-0.05686934956655454,1,0.4901771054253523,1.285312439305608,1.1859426754656113,0.5243068730793237
2015-04-04,2014-15,True,20150404_Wisconsin@Kentucky,-1,7.5,141.0,0.7680875863056645,0.7602600594594032,0.6808740459700369,1.4018745546984832,1.0,20150404_MichiganState@Duke,1,15.0,123.5,0.8313436318071835,0.8275845156267845,0.8098109268477433,1.1786701912204014,1.0,0.6385447235453646,0.6291794530581006,0.5513792422335685,0.055097936875575515,1,0.6523477494534762,1.3204921600528265,1.1786701912204014,0.556424746794506
2015-11-22,2015-16,True,20151122_MissouriSt@MississippiSt,-1,4.5,150.0,0.7447313181019004,0.7286026736109433,0.5996095525702935,1.5918692354189972,0.0,20151122_Towson@Bradley,-1,14.5,148.0,0.8700525538273497,0.8634146531428871,0.8112839654309546,1.1765300938654308,1.0,0.6479553852297668,0.6290862247147728,0.4864536155195081,0.21354401730509087,0,-1.0,1.9388864473017995,1.1653589349292526,-1.0
2015-11-23,2015-16,True,20151123_Tulsa@SouthCarolina,-1,9.0,153.5,0.757468991936451,0.7492969574899283,0.7003306177854318,1.3629277026589188,0.0,20151123_CSNorthridge@USC,-1,15.0,172.5,0.8420733401988897,0.8370151508441157,0.8112839654309546,1.1765300938654308,1.0,0.6378444441370131,0.6271729059004693,0.5681670007096753,0.02279980437998641,0,-1.0,1.4287863724664382,1.2885180241885854,-1.0
2015-11-24,2015-16,True,20151124_St.Johns@IndianaU,-1,10.0,165.5,0.7614756123250414,0.7562602639909037,0.7309643431488102,1.3058092490370385,1.0,20151124_KansasState@NorthCarolina,-1,15.0,166.5,0.8340429030974654,0.8298527300061577,0.8190609531456903,1.1653589349292526,1.0,0.6351033303414976,0.627584644668029,0.5987043516149779,-0.03354009639440658,1,0.5217364756785703,1.3058092490370385,1.1087787036007442,0.44785348629714883
2015-11-25,2015-16,True,20151125_ClevelandState@SouthDakotaSt,-1,15.0,155.5,0.8428864327009513,0.8378888407481596,0.8112839654309546,1.1765300938654308,1.0,20151125_CalSantaBarb@SanFrancisco,1,9.5,131.0,0.7536811651459889,0.7467661134291761,0.7079075467050023,1.348339913090031,0.0,0.6352676286837992,0.625706993091181,0.574314041649333,0.007764733767811727,0,-1.0,1.144601534646243,1.348339913090031,-1.0
2015-11-26,2015-16,True,20151126_SantaClara@Arizona,1,14.0,120.5,0.8217166073769584,0.8181919434695678,0.8038325463722216,1.187436368815565,1.0,20151126_CharlotteU@Michigan,-1,12.0,159.5,0.768343286378798,0.7643990520108779,0.7597520162661299,1.2563309863802359,1.0,0.6313604385840487,0.6254251459510755,0.6107133978466327,-0.05812822405882245,1,0.4918131044978242,1.1638890397669488,1.3058092490370385,0.5198170729805194
2015-11-27,2015-16,True,20151127_California@Richmond,-1,5.5,153.0,0.7530069231562027,0.7399788121154424,0.6343748976427619,1.5046307846460714,0.0,20151127_Northeastern@MiamiFlorida,-1,14.5,158.0,0.8544784270295597,0.8485805934402699,0.803273228672558,1.1882631786165094,1.0,0.6434281712408806,0.6279316595181481,0.5095763722183249,0.15038352794409904,0,-1.0,1.4287863724664382,1.1547242160672357,-1.0
2015-11-28,2015-16,True,20151128_CentralFlorida@MiamiOhio,1,6.5,128.0,0.7472068714748673,0.7355167680635453,0.6402104602322584,1.4909159710600828,0.0,20151128_TennMartin@MississippiSt,-1,15.0,167.5,0.8585137406034355,0.8524840839622365,0.8190609531456903,1.1653589349292526,1.0,0.6414873662344789,0.6270163382615161,0.5243713897716745,0.11455366659414667,0,-1.0,1.4641557978584285,1.1653589349292526,-1.0
2015-11-29,2015-16,True,20151129_No.Colorado@Colorado,-1,15.0,170.5,0.8652699560898701,0.8598917420352883,0.8190609531456903,1.1653589349292526,1.0,20151129_CSNorthridge@UCLA,1,7.5,144.0,0.7350283196690133,0.7275461417642904,0.6748457806140962,1.4143972258838517,0.0,0.6359979218848182,0.6256109192527485,0.552739828296129,0.048302937527145096,0,-1.0,1.2271060268128227,1.3912866353092326,-1.0
2015-11-30,2015-16,True,20151130_NorthTexas@NorthernIowa,-1,12.0,150.5,0.8259763217562263,0.8202474289116339,0.7689116987014196,1.2413649078457412,0.0,20151130_WakeForest@Rutgers,-1,9.0,165.5,0.7702898296088604,0.7628773565678155,0.7107358950077209,1.342974242196718,1.0,0.6362411601465567,0.6257481902996544,0.5464931443584605,0.06069106048071049,0,-1.0,1.2413649078457412,1.3058092490370385,-1.0
2015-12-01,2015-16,True,20151201_Richmond@Florida,-1,6.5,152.0,0.751993765712414,0.7418196454536079,0.6569654222526219,1.4528922948900158,1.0,20151201_Villanova@St.Josephs,1,15.0,126.5,0.8494485121813576,0.844671560523808,0.8200953590826187,1.1638890397669488,1.0,0.6387799854540666,0.6265939575525169,0.5387742938671282,0.08018041630278394,1,0.691005417984339,1.5046307846460714,1.1234352827566316,0.6903553109931917
2015-12-02,2015-16,True,20151202_FloridaState@Iowa,-1,8.5,163.0,0.7589478440174559,0.7505359070612619,0.7003306177854318,1.3629277026589188,1.0,20151202_PennState@BostonCollege,1,14.0,115.5,0.8387997934193643,0.8338548120981355,0.8038325463722216,1.187436368815565,1.0,0.6366052947779138,0.6258379777554722,0.5629485437968947,0.03027559348993014,1,0.6183899222034466,1.3838511024501414,1.1638890397669488,0.6106491308111286
2015-12-03,2015-16,True,20151203_SouthFlorida@Delaware,1,7.0,124.5,0.7596742901304909,0.7492551047449378,0.6634606236087102,1.4386686504592567,1.0,20151203_No.Colorado@CalRiverside,-1,14.5,166.0,0.8399573458043686,0.8351958742717045,0.803273228672558,1.1882631786165094,1.0,0.638094000413825,0.6257747722599859,0.5329401572232774,0.09083253082196507,1,0.7095169835706403,1.4386686504592567,1.1882631786165094,0.7095169835706403
2015-12-04,2015-16,True,20151204_Alabama@SouthernMiss,1,9.0,118.5,0.7801786999024235,0.7726355613893346,0.7079075467050023,1.348339913090031,0.0,20151204_Arkansas@WakeForest,-1,12.0,178.5,0.8185054682316876,0.8111761300684338,0.7689116987014196,1.2413649078457412,1.0,0.6385805320680225,0.6267435246410523,0.5443183942604979,0.06884450558897437,0,-1.0,1.3094341787399355,1.2135227496149728,-1.0
2015-12-05,2015-16,True,20151205_ArkansasLR@IdahoU,1,3.5,121.0,0.7400580855154212,0.7218906307014057,0.5675639279144732,1.681748879826335,0.0,20151205_NorthernIowa@Richmond,-1,14.5,157.0,0.8728084795157428,0.865789626545299,0.8112839654309546,1.1765300938654308,1.0,0.6459289723720463,0.6250054195615204,0.4604555140740223,0.2780532589010083,0,-1.0,1.5190089841842715,1.1257998359092296,-1.0
2015-12-06,2015-16,True,20151206_Delaware@Columbia,1,8.0,126.5,0.7614271610402505,0.75211633713482,0.6748457806140962,1.4143972258838517,1.0,20151206_NDakotaSt@SouthernMiss,1,13.0,112.5,0.8373695345931257,0.8311636033488671,0.78656831932586,1.2134991666306474,1.0,0.6375959074668396,0.6251317249105283,0.5308123114617777,0.09435039518034816,1,0.7163698548947537,1.4143972258838517,1.2134991666306474,0.7163698548947537
2015-12-07,2015-16,True,20151207_CSNorthridge@SanFrancisco,1,8.5,129.0,0.7498639103680036,0.7433633299930077,0.6970794835867473,1.369284310432898,0.0,20151207_IdahoU@USC,1,14.5,132.0,0.8458725677502458,0.8410342819815492,0.812089386204197,1.1753632250526598,0.0,0.6342893113262233,0.6251940444920826,0.5660908499615003,0.020829291767587632,0,-1.0,1.348339913090031,1.1638890397669488,-1.0
2015-12-08,2015-16,True,20151208_Bradley@UTArlington,1,7.0,123.5,0.7440939526154583,0.7353625060495983,0.6634606236087102,1.4386686504592567,1.0,20151208_Montana@Gonzaga,1,14.5,120.0,0.8548602257330915,0.8503642737028422,0.812089386204197,1.1753632250526598,0.0,0.6360963242994789,0.6253260033651685,0.5387893305970513,0.07561231133031465,0,-1.0,1.4641557978584285,1.1327838965637098,-1.0
2015-12-09,2015-16,True,20151209_EasternKentucky@Kentucky,-1,5.0,166.5,0.7601679018929371,0.7451120102206671,0.6112987913436653,1.5614295554256885,1.0,20151209_TennMartin@TexasTech,-1,14.5,154.0,0.8447423056835806,0.840184559121041,0.803273228672558,1.1882631786165094,1.0,0.6421459861516896,0.6260316058030437,0.49103995380625837,0.19143075752761685,1,0.8553892467158919,1.5918692354189972,1.1765300938654308,0.8728820609690044
2015-12-10,2015-16,True,20151210_WashingtonState@IdahoU,1,8.0,130.5,0.7575951233805174,0.7484637468348992,0.6748457806140962,1.4143972258838517,1.0,20151210_ULMonroe@KentState,-1,15.0,146.5,0.8394835815668363,0.8356910753569238,0.8190609531456903,1.1653589349292526,1.0,0.635988667553046,0.6254844734581293,0.552739828296129,0.048287683793055924,1,0.6482804447228949,1.4641557978584285,1.144601534646243,0.6758749731899516
2015-12-11,2015-16,True,20151211_E.Washington@Pittsburgh,-1,13.0,161.5,0.8245744693692876,0.8199274683102774,0.7778463956200544,1.2271060268128227,1.0,20151211_NDakotaSt@NorthDakota,1,10.5,126.0,0.7678339424468669,0.7631829278052348,0.7391303241244911,1.2913825462791246,1.0,0.6331362656568533,0.6257546458529714,0.5749298585137179,0.003307807542391572,1,0.5846633054600028,1.4057886391809802,1.3094341787399355,0.8407876922278783
2015-12-12,2015-16,True,20151212_OldDominion@GeorgiaState,1,12.0,105.5,0.8257594178494956,0.8200559865678826,0.7683139325599624,1.2423307186681882,1.0,20151212_ArkansasLR@Depaul,1,9.0,121.5,0.7701955107683761,0.7631779502813327,0.7079075467050023,1.348339913090031,0.0,0.6359961966023892,0.6258486469448128,0.5438952310977956,0.06534711228861934,0,-1.0,1.1234352827566316,1.2742080909421987,-1.0
2015-12-13,2015-16,True,20151213_WrightState@MiamiOhio,1,10.0,116.5,0.785252128443695,0.778605263281297,0.7289408016816182,1.3094341787399355,1.0,20151213_Syracuse@St.Johns,1,11.5,118.0,0.8096555791423653,0.8034087985230155,0.758822226549065,1.2578703767558694,1.0,0.6357837668278549,0.6255383190965229,0.553136482154506,0.04719846561846741,1,0.6470984637486152,1.2578703767558694,1.2578703767558694,0.582237884719953
2015-12-14,2015-16,True,20151214_CalPolySLO@SaintMarysCA,-1,13.5,150.0,0.8486333219777656,0.843203177720599,0.7950292210848791,1.2005848020246486,0.0,20151214_SouthernMiss@SouthAlabama,1,8.5,126.0,0.7500833964623047,0.7428564529546634,0.6860556090857937,1.3912866353092326,0.0,0.6365457645001711,0.6263789217216249,0.5454342565123909,0.06325904886840816,0,-1.0,1.1882631786165094,1.4641557978584285,-1.0
2015-12-15,2015-16,True,20151215_AppalachianSt@Texas,-1,7.5,154.0,0.773120285189993,0.7636317188530395,0.67897831394917,1.4057886391809802,1.0,20151215_Drexel@SouthCarolina,-1,11.0,157.5,0.8272972953536245,0.8200814267548804,0.7503711204604084,1.2720372279444114,1.0,0.6396003209207041,0.6262401895122823,0.5094857182063577,0.1437431972240013,1,0.7882154836595205,1.3629277026589188,1.2135227496149728,0.6539437732570692
2015-12-16,2015-16,True,20151216_OldDominion@Richmond,-1,6.0,141.5,0.7567500363392934,0.7445869234524248,0.6343748976427619,1.5046307846460714,1.0,20151216_ClevelandState@LoyolaChicago,-1,14.5,139.0,0.8439734384516284,0.8395800020715937,0.803273228672558,1.1882631786165094,1.0,0.6386769302176682,0.6251402907346684,0.5095763722183249,0.14188879666763832,1,0.7878973588077933,1.4287863724664382,1.1882631786165094,0.6977742365109219
2015-12-17,2015-16,True,20151217_Marshall@WestVirginia,-1,9.5,173.0,0.7627461068935459,0.7565263321535731,0.7107358950077209,1.342974242196718,1.0,20151217_CalPolySLO@USC,-1,14.5,165.0,0.8319960186028741,0.8275831456772669,0.803273228672558,1.1882631786165094,0.0,0.6346017241402724,0.6260884417513389,0.5709151171163322,0.012701773221918788,0,-1.0,1.3058092490370385,1.1882631786165094,-1.0
2015-12-18,2015-16,True,20151218_SantaClara@Nevada,1,8.5,122.0,0.7610985697145662,0.7526848703514484,0.6860556090857937,1.3912866353092326,1.0,20151218_ULLafayette@Pepperdine,-1,14.0,169.5,0.8372154883698069,0.8312599538078811,0.7950292210848791,1.2005848020246486,1.0,0.6372035107411421,0.625676790560236,0.5454342565123909,0.06435772029405307,1,0.6703575896122744,1.3912866353092326,1.1349675286876761,0.5790651541731118
2015-12-19,2015-16,True,20151219_UAB@SouthFlorida,1,7.0,122.5,0.7485526407343006,0.7390492924638475,0.6634606236087102,1.4386686504592567,1.0,20151219_Rice@NewMexico,-1,14.0,165.5,0.8542094449357633,0.8474709650329926,0.7950292210848791,1.2005848020246486,0.0,0.6394207357468468,0.6263228170912872,0.527470582808121,0.1044354482683667,0,-1.0,1.369284310432898,1.144601534646243,-1.0
2015-12-20,2015-16,True,20151220_NorthernArizona@ArkansasLR,1,9.5,120.0,0.7720216705482574,0.7664183029524035,0.7079075467050023,1.348339913090031,1.0,20151220_Bradley@BoiseState,1,13.0,118.5,0.8216950100069691,0.8170039813923393,0.77756373060278,1.22755211236519,1.0,0.6343663543067474,0.6261668049240737,0.5504432329378033,0.04997623447056165,1,0.6551575084999643,1.348339913090031,1.1638890397669488,0.5693180467258074
2015-12-21,2015-16,True,20151221_EasternKentucky@WestVirginia,-1,6.5,169.0,0.7718877276403244,0.7593855817493036,0.6457368087464468,1.4781564053208422,1.0,20151221_AppalachianSt@NorthCarolina,-1,10.5,171.0,0.8343005825476938,0.8259315625028835,0.7407734948846171,1.2885180241885854,1.0,0.6439863808317383,0.6272005200763635,0.47834471259074496,0.22655653451936764,1,0.9046311708257135,1.4287863724664382,1.2135227496149728,0.7338647673278746
2015-12-22,2015-16,True,20151222_HoustonU@Wyoming,-1,7.0,148.5,0.7578466586790613,0.7463181063226745,0.6569654222526219,1.4528922948900158,0.0,20151222_SouthernUtah@Butler,-1,12.5,168.0,0.8449020080762879,0.8379950329880209,0.7778463956200544,1.2271060268128227,1.0,0.640306163731844,0.6254108661274269,0.511018185746209,0.14157169537099934,0,-1.0,1.4057886391809802,1.2271060268128227,-1.0
2015-12-23,2015-16,True,20151223_No.Colorado@MississippiSt,-1,8.0,166.5,0.7860201358010269,0.7751797848668738,0.67897831394917,1.4057886391809802,1.0,20151223_SMU@Colorado,-1,11.0,160.5,0.8157926799291093,0.8068359180188127,0.7407734948846171,1.2885180241885854,1.0,0.6412294730633622,0.6254428933526899,0.5029691385749914,0.16151280769705156,1,0.8113839997842367,1.342974242196718,1.2135227496149728,0.6297297950526455
2015-12-25,2015-16,True,20151225_Harvard@Oklahoma,-1,15.0,156.5,0.8453576094672283,0.840709470361275,0.8112839654309546,1.1765300938654308,1.0,20151225_NorthernIowa@BYU,-1,9.5,158.0,0.7505629357415621,0.744373310614097,0.7107358950077209,1.342974242196718,0.0,0.6344940891131918,0.6258016917174463,0.5766086352759825,0.002532138831387254,0,-1.0,1.1257998359092296,1.2413649078457412,-1.0
2015-12-27,2015-16,True,20151227_MiddleTennSt@SouthDakotaSt,1,11.0,126.5,0.7697622966829407,0.7654893363114964,0.7490927163193618,1.2742080909421987,0.0,20151227_Marshall@Maryland,-1,15.0,174.5,0.827414823297121,0.8236723803543219,0.8112839654309546,1.1765300938654308,1.0,0.6369127346907014,0.6305124237755403,0.607726909371017,-0.04517599027594632,0,-1.0,1.2578703767558694,1.1257998359092296,-1.0
2015-12-28,2015-16,True,20151228_IUPUI@Butler,-1,8.0,160.5,0.7543428933253448,0.7466226623433021,0.67897831394917,1.4057886391809802,1.0,20151228_Pennsylvania@Villanova,1,14.0,120.5,0.8417583442392756,0.8378254504668302,0.7953251789736041,1.200138038169264,1.0,0.6349744248742067,0.6255394684065212,0.5400085490608195,0.07129101755867628,1,0.6871404195073008,1.4057886391809802,1.2578703767558694,0.7682998852057006
2015-12-29,2015-16,True,20151229_Richmond@TexasTech,-1,7.0,151.5,0.745863885391708,0.7359437214663394,0.6569654222526219,1.4528922948900158,0.0,20151229_TexasSouthern@Baylor,-1,14.0,155.5,0.8552186875035229,0.849551097003564,0.7950292210848791,1.2005848020246486,1.0,0.6378767331209746,0.6252217959046139,0.5223067079332007,0.11266140351395748,0,-1.0,1.3629277026589188,1.2720372279444114,-1.0
2015-12-30,2015-16,True,20151230_ArkansasLR@SouthAlabama,1,6.0,118.5,0.7498203597107497,0.7385429188801851,0.6402104602322584,1.4909159710600828,1.0,20151230_Oakland@Virginia,-1,14.5,166.0,0.8555358572246826,0.8503570388971223,0.8112839654309546,1.1765300938654308,1.0,0.6414982042096561,0.6280251695973919,0.519392480887603,0.1252568159728864,1,0.7541075073767891,1.369284310432898,1.1653589349292526,0.5957077056214182
2015-12-31,2015-16,True,20151231_IdahoU@NorthDakota,1,7.5,123.0,0.7453150094476833,0.735709268730405,0.6634606236087102,1.4386686504592567,1.0,20151231_Drake@WichitaState,-1,14.5,149.0,0.8569892574172131,0.8526485060205716,0.8112839654309546,1.1765300938654308,1.0,0.6387269564884732,0.6273014088484671,0.5382549656285684,0.0811328554119819,1,0.692636962366082,1.369284310432898,1.1547242160672357,0.5811457519377936
2016-01-01,2015-16,True,20160101_DenverU@SouthDakotaSt,-1,14.5,147.0,0.8424610822456867,0.8382621121174604,0.803273228672558,1.1882631786165094,1.0,20160101_USC@WashingtonState,1,9.0,140.5,0.7545537948755799,0.7481522593071525,0.7079075467050023,1.348339913090031,1.0,0.635682206643471,0.6271476930722635,0.5686431806433969,0.01847901573695565,1,0.6021826709838685,1.2005848020246486,1.2742080909421987,0.529794868602045
2016-01-02,2015-16,True,20160102_AppalachianSt@ULLafayette,-1,6.0,169.5,0.7495492206358004,0.7377690619714163,0.6457368087464468,1.4781564053208422,1.0,20160102_NotreDame@Virginia,-1,13.0,149.5,0.8556732920201445,0.8492278956713615,0.7865530335569271,1.2135227496149728,1.0,0.641369249152569,0.6265340679894201,0.507906245798887,0.15047303907170018,1,0.7937764253459325,1.4781564053208422,1.1547242160672357,0.7068629963588728
2016-01-03,2015-16,True,20160103_Rice@TexSanAntonio,-1,8.0,170.5,0.7613533513191408,0.7521626901644614,0.6897418358882939,1.3838511024501414,1.0,20160103_FlaAtlantic@FloridaIntl,1,14.0,111.5,0.8392108551899723,0.8334017509316558,0.7953251789736041,1.200138038169264,1.0,0.6389359970622877,0.6268537029685266,0.5485690490734396,0.06115279299982346,1,0.6608123472128857,1.2271060268128227,1.22755211236519,0.506336595310136
2016-01-04,2015-16,True,20160104_Virginia@VirginiaTech,-1,12.0,144.5,0.8347557444431002,0.828162120666844,0.7597520162661299,1.2563309863802359,1.0,20160104_Rider@Quinnipiac,1,9.0,117.5,0.7634108634000288,0.756219207524119,0.7079075467050023,1.348339913090031,1.0,0.637261603593441,0.6262721025921746,0.537834185939135,0.0794964390139763,1,0.6939612129882402,1.2563309863802359,1.2913825462791246,0.6224039081610733
2016-01-05,2015-16,True,20160105_Richmond@RhodeIsland,-1,7.0,149.5,0.7574874346016597,0.7480019281274506,0.6680494847891761,1.4287863724664382,1.0,20160105_OklahomaState@Baylor,-1,14.5,150.0,0.8435925771184765,0.8388766877178028,0.803273228672558,1.1882631786165094,1.0,0.6390107770904775,0.6274813798740857,0.5366262665596404,0.0848960341970364,1,0.6977742365109219,1.5323696739816695,1.1653589349292526,0.7857606911891644
2016-01-06,2015-16,True,20160106_Evansville@WichitaState,-1,4.5,163.0,0.7523660218071986,0.7360938116413176,0.5996095525702935,1.5918692354189972,1.0,20160106_OralRoberts@DenverU,-1,15.0,152.5,0.8590970874286918,0.8540557955652128,0.8190609531456903,1.1653589349292526,0.0,0.6463554580148759,0.6286651859119554,0.49111677164348544,0.1990533875514997,0,-1.0,1.0404710497575629,1.144601534646243,-1.0
2016-01-07,2015-16,True,20160107_Cincinnati@SMU,-1,11.0,153.5,0.8062742558679166,0.7990100200234598,0.7407734948846171,1.2885180241885854,1.0,20160107_CharlotteU@SouthernMiss,1,11.0,119.5,0.7894137232582655,0.7826373911206779,0.7391303241244911,1.2913825462791246,1.0,0.6364839622919795,0.6253351175504411,0.5475281533768991,0.059090019517543,1,0.6639696870032021,1.1257998359092296,1.200138038169264,0.3511152064393821
2016-01-08,2015-16,True,20160108_IllinoisChicago@DetroitU,-1,10.0,168.5,0.7588140355862949,0.7537344680955401,0.7209495928948242,1.3239483167850923,1.0,20160108_UtahU@Colorado,-1,15.0,161.5,0.8334155094248425,0.8292374477981964,0.8112839654309546,1.1765300938654308,1.0,0.6324073860268725,0.6250248466410768,0.5848948445995453,-0.014921125379676381,1,0.5576650374201437,1.3629277026589188,1.0933777668773477,0.49019484794848234
2016-01-09,2015-16,True,20160109_No.Colorado@WeberState,-1,6.5,165.0,0.7430912385009592,0.7334353325304371,0.6569654222526219,1.4528922948900158,1.0,20160109_ULMonroe@ArkansasLR,1,15.0,104.5,0.8583223144324139,0.8531070786882595,0.812089386204197,1.1753632250526598,1.0,0.6378117916645921,0.6256988739417935,0.5335146465145129,0.08917599972393808,1,0.707676173376089,1.4781564053208422,1.152985556166702,0.7042929850902242
2016-01-10,2015-16,True,20160110_CentralFlorida@SMU,-1,15.0,158.5,0.8677939871719993,0.8629079629942108,0.8112839654309546,1.1765300938654308,0.0,20160110_Tulsa@Tulane,1,7.5,122.0,0.7320487338710665,0.7246276794133242,0.6634606236087102,1.4386686504592567,1.0,0.6352674895701866,0.6252869947717736,0.5382549656285684,0.07527723383600748,0,-1.0,1.1087787036007442,1.3284052480273607,-1.0
2016-01-11,2015-16,True,20160111_TennesseeChat@Wofford,-1,15.0,149.5,0.8436476245123813,0.8391662012570886,0.8112839654309546,1.1765300938654308,1.0,20160111_Monmouth@Fairfield,-1,10.0,170.5,0.7548964790236844,0.7488292213386062,0.7209495928948242,1.3239483167850923,1.0,0.6368666212810921,0.6283921730610218,0.5848948445995453,-0.007975130530547214,1,0.5576650374201437,1.1765300938654308,1.2885180241885854,0.5159802319458959
2016-01-12,2015-16,True,20160112_Drake@Evansville,-1,7.0,150.5,0.7659668179011172,0.7566133730237667,0.6680494847891761,1.4287863724664382,1.0,20160112_MississippiSt@Kentucky,-1,13.0,158.5,0.8339405925219181,0.8281383688141155,0.7778463956200544,1.2271060268128227,1.0,0.6387708219725858,0.6265805645588481,0.519639883839095,0.11993923208456603,1,0.7532723686815967,1.2271060268128227,1.2563309863802359,0.5416513250588857
2016-01-13,2015-16,True,20160113_LaSalle@Richmond,-1,6.5,153.0,0.7394210704327511,0.7294707970292925,0.6457368087464468,1.4781564053208422,1.0,20160113_Bradley@LoyolaChicago,1,15.0,98.5,0.8612802515401646,0.8567952536294446,0.812089386204197,1.1753632250526598,1.0,0.6368487655364177,0.6250071165559858,0.524396008664359,0.10644237263984002,1,0.7373706796901518,1.3239483167850923,1.152985556166702,0.5264932863644285
2016-01-14,2015-16,True,20160114_Wofford@TheCitadel,-1,7.0,179.5,0.7463695176306756,0.735694419097461,0.6680494847891761,1.4287863724664382,1.0,20160114_Pacific@SaintMarysCA,-1,14.5,152.0,0.8573999488598698,0.8524994265647271,0.803273228672558,1.1882631786165094,1.0,0.6399371862471069,0.6271790704074556,0.5366262665596404,0.08646886779562957,1,0.6977742365109219,1.2271060268128227,1.144601534646243,0.40454744146361077
2016-01-15,2015-16,True,20160115_Siena@Quinnipiac,1,9.5,134.0,0.7530218148557454,0.74618994640396,0.7079075467050023,1.348339913090031,0.0,20160115_Niagara@Fairfield,-1,15.0,158.5,0.846766420392735,0.8425070461355227,0.8190609531456903,1.1653589349292526,1.0,0.6376335866430404,0.6286702876008243,0.5798194299432264,0.001913632401304044,0,-1.0,1.2742080909421987,1.1765300938654308,-1.0
2016-01-16,2015-16,True,20160116_MontanaState@No.Colorado,-1,8.0,175.5,0.7551129297489935,0.7451569563795747,0.67897831394917,1.4057886391809802,1.0,20160116_BostonCollege@Pittsburgh,-1,14.5,154.0,0.8449746109285602,0.8405707794919656,0.803273228672558,1.1882631786165094,1.0,0.638051254021781,0.6263571636678397,0.5454051024445995,0.06583072455484595,1,0.6704468768561689,1.2271060268128227,1.1170770542165303,0.3707719856434186
2016-01-17,2015-16,True,20160117_OregonState@UtahU,-1,8.0,147.5,0.7534096474881081,0.7455787539543972,0.67897831394917,1.4057886391809802,1.0,20160117_Virginia@FloridaState,-1,15.0,154.5,0.8462788037580093,0.8416401624033291,0.8112839654309546,1.1765300938654308,1.0,0.6375946152159797,0.6275090235626506,0.5508442189823063,0.054551296837945795,1,0.6539526396105548,1.3239483167850923,1.1170770542165303,0.47895228564922454
2016-01-18,2015-16,True,20160118_IllinoisChicago@ClevelandState,-1,15.0,145.5,0.8456680260581234,0.8417338932300498,0.8112839654309546,1.1765300938654308,1.0,20160118_ArkansasLR@ArkansasState,1,9.5,124.0,0.7504215860696024,0.7451117606171819,0.7079075467050023,1.348339913090031,1.0,0.6346075414028868,0.6271858231557974,0.574314041649333,0.006717596068869902,1,0.5863624845103212,1.2005848020246486,1.2913825462791246,0.5504142586626095
2016-01-19,2015-16,True,20160119_Clemson@Virginia,-1,8.5,131.0,0.7841235885787833,0.7768038687776493,0.7003306177854318,1.3629277026589188,0.0,20160119_HoustonU@SMU,-1,11.5,153.0,0.8106710273477061,0.804809108913312,0.7503711204604084,1.2720372279444114,1.0,0.6356662751207323,0.6251788294313533,0.5255078703603845,0.10205130095131043,0,-1.0,1.4528922948900158,1.2005848020246486,-1.0
2016-01-20,2015-16,True,20160120_IllinoisState@Bradley,1,7.0,109.5,0.7515998545245771,0.7428823902429644,0.6634606236087102,1.4386686504592567,0.0,20160120_VirginiaTech@NotreDame,-1,13.5,168.0,0.8488073874990467,0.8428635341808602,0.7950292210848791,1.2005848020246486,1.0,0.6379635089636698,0.62614847692091,0.527470582808121,0.10191846246303937,0,-1.0,1.2742080909421987,1.1653589349292526,-1.0
2016-01-21,2015-16,True,20160121_No.Colorado@SouthernUtah,-1,8.0,168.5,0.7500484806084747,0.7421366437746754,0.6897418358882939,1.3838511024501414,0.0,20160121_ArkansasLR@TexasState,1,15.0,98.5,0.8494158786895867,0.844932870369739,0.812089386204197,1.1753632250526598,1.0,0.637103089215837,0.627055644631101,0.5601320241458806,0.03626581903211079,0,-1.0,1.3629277026589188,1.0981189226508383,-1.0
2016-01-22,2015-16,True,20160122_Valparaiso@WrightState,1,9.5,114.0,0.7497012616357362,0.745083199689549,0.7079075467050023,1.348339913090031,1.0,20160122_RhodeIsland@GeoWashington,-1,14.5,152.0,0.8437137308227565,0.8395286666656349,0.8112839654309546,1.1765300938654308,1.0,0.6325332484572145,0.625518705190332,0.574314041649333,0.0034270155579709805,1,0.5863624845103212,1.2578703767558694,1.1257998359092296,0.41611026374683857
2016-01-23,2015-16,True,20160123_TennesseeTech@EasternKentucky,-1,5.5,177.0,0.7455905980570081,0.73224077778041,0.6343748976427619,1.5046307846460714,1.0,20160123_Bradley@WichitaState,1,15.0,103.5,0.8598599341401149,0.8559454796234126,0.812089386204197,1.1753632250526598,1.0,0.6411034825407879,0.6267581837370737,0.5151691212500609,0.1337836178865064,1,0.7684876915551204,1.342974242196718,1.1145563969123966,0.4968205325289301
2016-01-24,2015-16,True,20160124_Quinnipiac@Rider,1,8.0,117.5,0.7510505622609541,0.7437406995977327,0.6860556090857937,1.3912866353092326,1.0,20160124_Providence@Villanova,1,14.0,118.5,0.848315785043288,0.8435361345347372,0.8038325463722216,1.187436368815565,1.0,0.6371280473316041,0.6273721548348327,0.551473827204379,0.052576533517504354,1,0.6520643502132202,1.2913825462791246,1.0981189226508383,0.41809161045012866
2016-01-25,2015-16,True,20160125_Davidson@Richmond,-1,7.5,181.0,0.7552988944768552,0.7447602083530973,0.6680494847891761,1.4287863724664382,1.0,20160125_Duke@MiamiFlorida,-1,15.0,169.5,0.8476412267008875,0.8430888651754433,0.8190609531456903,1.1653589349292526,1.0,0.6402224814401857,0.6278990388882395,0.5471732477599099,0.0660017802574786,1,0.6650489652589189,1.2885180241885854,1.1087787036007442,0.428681344426012
2016-01-26,2015-16,True,20160126_Virginia@WakeForest,-1,8.0,149.5,0.7506347373808464,0.7428994847361163,0.67897831394917,1.4057886391809802,1.0,20160126_KansasState@WestVirginia,-1,15.0,152.5,0.8478086486568176,0.8436111833534801,0.8112839654309546,1.1765300938654308,1.0,0.6363946223337206,0.6267183134309257,0.5508442189823063,0.052566565442819346,1,0.6539526396105548,1.342974242196718,1.3239483167850923,0.7780284874420795
2016-01-27,2015-16,True,20160127_NorthernIowa@Bradley,1,9.0,106.5,0.7576809308187837,0.7521160882821599,0.6970794835867473,1.369284310432898,1.0,20160127_Missouri@Kentucky,-1,13.0,152.5,0.8375615074806346,0.8328748136058918,0.7865530335569271,1.2135227496149728,1.0,0.6346043826059109,0.6264185468379964,0.5482899824454522,0.054495234315872665,1,0.6616576614011722,1.22755211236519,1.2271060268128227,0.506336595310136
2016-01-28,2015-16,True,20160128_Richmond@GeoWashington,-1,8.0,161.5,0.7796414380491968,0.7699668886645584,0.6897418358882939,1.3838511024501414,0.0,20160128_TennesseeState@TennesseeTech,-1,12.0,161.5,0.8203082001709263,0.812985078202116,0.7597520162661299,1.2563309863802359,1.0,0.6395462648248094,0.6259715911939959,0.5240327505192333,0.11189916050699145,0,-1.0,1.2005848020246486,1.2271060268128227,-1.0
2016-01-29,2015-16,True,20160129_Canisius@Fairfield,-1,8.5,175.0,0.7535303170088536,0.7448873312710064,0.6897418358882939,1.3838511024501414,1.0,20160129_KentState@Ohio,-1,14.5,168.0,0.8474267643749668,0.8420994719470034,0.8112839654309546,1.1765300938654308,1.0,0.6385617584012558,0.6272692283233271,0.5595764917430818,0.0396695169499397,1,0.6281424674614449,1.2413649078457412,1.1257998359092296,0.39752840955621127
2016-01-30,2015-16,True,20160130_GeorgiaState@ArkansasLR,1,7.5,108.0,0.741773142782468,0.7337051967602467,0.6634606236087102,1.4386686504592567,1.0,20160130_Virginia@Louisville,-1,14.5,144.0,0.8588016906139669,0.8532998559875152,0.803273228672558,1.1882631786165094,1.0,0.637036029073619,0.62607053873281,0.5329401572232774,0.08902391084775196,1,0.7095169835706403,1.2134991666306474,1.1765300938654308,0.4277182884215778
2016-01-31,2015-16,True,20160131_Richmond@St.Bonaventure,-1,6.0,169.5,0.7404635364912538,0.7293277838826042,0.6457368087464468,1.4781564053208422,1.0,20160131_VirginiaTech@Pittsburgh,-1,15.0,166.5,0.8673750591686492,0.8619539796663525,0.8190609531456903,1.1653589349292526,1.0,0.6422596037763285,0.6286469857988521,0.528897806053121,0.10634533000621005,1,0.7225827741635493,1.2413649078457412,1.1087787036007442,0.37639897321665816
2016-02-01,2015-16,True,20160201_SMU@HoustonU,-1,6.5,155.0,0.7447759164730283,0.735505233385211,0.6569654222526219,1.4528922948900158,1.0,20160201_Texas@Baylor,-1,14.5,154.0,0.856590788893304,0.8516164729394075,0.8112839654309546,1.1765300938654308,1.0,0.6379681898403649,0.6263683726839891,0.5329855129161286,0.09052464677660477,1,0.7093715080833116,1.2135227496149728,1.1882631786165094,0.44198439978093407
2016-02-02,2015-16,True,20160202_Bradley@MissouriSt,1,10.5,110.0,0.7900583219421969,0.7845591231044804,0.7289408016816182,1.3094341787399355,1.0,20160202_UtahState@BoiseState,-1,11.5,165.0,0.8033617646770776,0.797668719624853,0.7597520162661299,1.2563309863802359,1.0,0.6347026477132941,0.6258182711967483,0.5538142438162585,0.04413836658138437,1,0.6450827333763374,1.200138038169264,1.2005848020246486,0.4408674889576958
2016-02-03,2015-16,True,20160203_GeorgeMason@Richmond,-1,12.5,164.0,0.8320062281056729,0.8257601598735582,0.7689116987014196,1.2413649078457412,1.0,20160203_NotreDame@MiamiFlorida,-1,8.5,161.0,0.7649688101632419,0.7576486026077554,0.7003306177854318,1.3629277026589188,1.0,0.6364588143624035,0.625636031217358,0.538492404974011,0.0768186993163702,1,0.6918906220115966,1.1653589349292526,1.2135227496149728,0.41418957900372266
2016-02-04,2015-16,True,20160204_MurrayState@SEMissouriSt,1,8.0,124.5,0.741162412446784,0.7339224036671985,0.6748457806140962,1.4143972258838517,1.0,20160204_SouthFlorida@Cincinnati,-1,14.5,143.0,0.8564990526893451,0.8525389809299742,0.8112839654309546,1.1765300938654308,0.0,0.6348049041496202,0.6256974581041106,0.547491560950952,0.056366716813436524,0,-1.0,1.22755211236519,1.2271060268128227,-1.0
2016-02-05,2015-16,True,20160205_CentralMichigan@Akron,-1,10.5,157.0,0.7728513536241121,0.768018112814597,0.7407734948846171,1.2885180241885854,0.0,20160205_Rider@Niagara,1,14.0,113.5,0.8177048712040635,0.8140305374569191,0.7953251789736041,1.200138038169264,1.0,0.6319643165750907,0.6251901971511151,0.5891558123980103,-0.02273070081470452,0,-1.0,1.2885180241885854,1.200138038169264,-1.0
2016-02-06,2015-16,True,20160206_IndianaState@Bradley,1,8.5,117.0,0.773904896709545,0.764965191972312,0.6860556090857937,1.3912866353092326,1.0,20160206_SouthAlabama@ArkansasLR,1,12.0,115.5,0.8242400973802965,0.8176325418968841,0.758822226549065,1.2578703767558694,1.0,0.6378834474269637,0.6254604343749594,0.5205942448229569,0.1163331859647907,1,0.7500582441318302,1.2578703767558694,1.152985556166702,0.45030637592948497
2016-02-07,2015-16,True,20160207_SMU@SouthFlorida,-1,12.5,150.0,0.8438131966728984,0.8384586860584738,0.7778463956200544,1.2271060268128227,0.0,20160207_Hofstra@JamesMadison,1,9.5,134.0,0.7541950850150625,0.7481694786518219,0.7079075467050023,1.348339913090031,1.0,0.6363997656015483,0.6273091980194601,0.5506433336367214,0.05295907192270022,0,-1.0,1.2005848020246486,1.2423307186681882,-1.0
2016-02-08,2015-16,True,20160208_Quinnipiac@St.Peter's,1,8.0,111.5,0.7607870415075741,0.7531887817958405,0.6860556090857937,1.3912866353092326,1.0,20160208_NotreDame@Clemson,-1,13.5,154.0,0.8363127308541153,0.8307641594711752,0.7865530335569271,1.2135227496149728,0.0,0.6362558882816225,0.6257222452317398,0.5396191205151764,0.07422770832748338,0,-1.0,1.2423307186681882,1.1653589349292526,-1.0
2016-02-09,2015-16,True,20160209_VirginiaTech@Virginia,-1,8.5,143.0,0.7687071966834493,0.7614829565469874,0.6897418358882939,1.3838511024501414,1.0,20160209_Pittsburgh@MiamiFlorida,-1,12.5,156.0,0.8287916419038202,0.82298588939549,0.7689116987014196,1.2413649078457412,1.0,0.6370980996825588,0.6266897282533297,0.5303505666983038,0.09444801495329513,1,0.7178641962652472,1.2885180241885854,1.2005848020246486,0.5469751569756442
2016-02-10,2015-16,True,20160210_Tulsa@SMU,-1,10.5,155.0,0.7974431431357599,0.7914103028440119,0.7407734948846171,1.2885180241885854,0.0,20160210_Nebraska@Wisconsin,-1,10.5,147.0,0.7952497047967454,0.7897889324578228,0.7407734948846171,1.2885180241885854,1.0,0.6341664241709019,0.6250470982192944,0.5487453707235698,0.052893005455604936,0,-1.0,1.2271060268128227,1.2135227496149728,-1.0
2016-02-11,2015-16,True,20160211_Pepperdine@SaintMarysCA,-1,14.5,150.0,0.8558699592112924,0.8509258600466021,0.803273228672558,1.1882631786165094,1.0,20160211_CalSantaBarb@UCDavis,1,8.0,116.5,0.7419063859012783,0.7345589400330912,0.6748457806140962,1.4143972258838517,1.0,0.6349753882399244,0.6250551978025786,0.5420855490499378,0.06718798669599302,1,0.6806761434551187,1.1547242160672357,1.3094341787399355,0.5120353555371167
2016-02-12,2015-16,True,20160212_Niagara@St.Peter's,1,10.5,112.0,0.772785228093984,0.7682123693087739,0.7289408016816182,1.3094341787399355,1.0,20160212_Princeton@Cornell,-1,14.5,167.0,0.8188789590350243,0.8147248310349327,0.803273228672558,1.1882631786165094,1.0,0.6328175631392454,0.625881692784036,0.5855386312779562,-0.015365981582899368,1,0.5559524194186143,1.22755211236519,1.1653589349292526,0.430538822236052
2016-02-13,2015-16,True,20160213_No.Colorado@E.Washington,-1,7.5,173.0,0.7592476009170512,0.7500790629403838,0.67897831394917,1.4057886391809802,0.0,20160213_Rice@OldDominion,-1,13.0,155.5,0.8419619348340177,0.8356669037635974,0.7778463956200544,1.2271060268128227,1.0,0.6392575790862066,0.6268162481052911,0.5281408342095436,0.1027523809329054,0,-1.0,1.2885180241885854,1.1653589349292526,-1.0
2016-02-14,2015-16,True,20160214_Syracuse@BostonCollege,1,6.5,113.0,0.7497620929257178,0.7403298750208389,0.6519114983501859,1.4641557978584285,1.0,20160214_Bradley@IllinoisState,1,14.0,108.5,0.8517960429415303,0.8471326700347352,0.7953251789736041,1.200138038169264,1.0,0.6386443839016864,0.6271576237328851,0.518481629100312,0.12221892897546294,1,0.7571890668159678,1.2742080909421987,1.1753632250526598,0.49765733115801547
2016-02-15,2015-16,True,20160215_NCState@Virginia,-1,8.5,141.0,0.7787674838702219,0.7710109018686069,0.6897418358882939,1.3838511024501414,1.0,20160215_Wofford@NCGreensboro,-1,12.5,158.0,0.8178295564286394,0.8116033687991304,0.7689116987014196,1.2413649078457412,1.0,0.6368990658946312,0.6257550453374171,0.5303505666983038,0.09410610193516722,1,0.7178641962652472,1.2413649078457412,1.2135227496149728,0.5064245562445011
2016-02-16,2015-16,True,20160216_Rutgers@Illinois,1,8.0,135.5,0.7435264368172615,0.7360465077206699,0.6748457806140962,1.4143972258838517,1.0,20160216_WakeForest@Pittsburgh,-1,14.5,166.0,0.8550999817803742,0.8501249313379947,0.8112839654309546,1.1765300938654308,0.0,0.6357894425756668,0.6257314868376053,0.547491560950952,0.05800506840445441,0,-1.0,1.3912866353092326,1.1882631786165094,-1.0
2016-02-17,2015-16,True,20160217_Evansville@Drake,-1,10.5,154.0,0.7789792728205649,0.7737061598770902,0.7309643431488102,1.3058092490370385,0.0,20160217_VirginiaTech@MiamiFlorida,-1,12.5,157.0,0.8138337851432124,0.8089311178899844,0.7689116987014196,1.2413649078457412,1.0,0.6339596501476674,0.6258749888277416,0.562047034780719,0.027639576775437824,0,-1.0,1.3058092490370385,1.2005848020246486,-1.0
2016-02-18,2015-16,True,20160218_ArkansasLR@GeorgiaState,1,12.0,104.5,0.831063941627018,0.8250369413155386,0.7683139325599624,1.2423307186681882,1.0,20160218_St.Peter's@Quinnipiac,1,9.0,112.5,0.7663936420967496,0.7582498883948466,0.6970794835867473,1.369284310432898,0.0,0.6369221210388109,0.6255841686741328,0.5355758793414016,0.08347074322863768,0,-1.0,1.152985556166702,1.2742080909421987,-1.0
2016-02-19,2015-16,True,20160219_DenverU@OralRoberts,-1,9.5,144.0,0.778040109737101,0.7724993577707921,0.7209495928948242,1.3239483167850923,1.0,20160219_Richmond@VaCommonwealth,-1,13.5,163.0,0.8153781922306492,0.811104048651059,0.7865530335569271,1.2135227496149728,1.0,0.6343969381603733,0.6265773566682324,0.5670650893330555,0.01924838598120715,1,0.6066414017331601,1.342974242196718,1.2271060268128227,0.647971786453976
2016-02-20,2015-16,True,20160220_UCDavis@CalSantaBarb,1,14.5,108.0,0.8559756204135911,0.8506720071439232,0.8038325463722216,1.187436368815565,1.0,20160220_St.Josephs@Davidson,1,8.0,133.5,0.7468790832723337,0.7378708754829871,0.6748457806140962,1.4143972258838517,1.0,0.63931028667797,0.6276860986601565,0.5424630022395786,0.0737259136689068,1,0.6795067059663293,1.1638890397669488,1.0171853243781646,0.18389085045553433
2016-02-21,2015-16,True,20160221_LaSalle@GeoWashington,-1,14.0,151.5,0.8629952415220142,0.8578118420729938,0.803273228672558,1.1882631786165094,1.0,20160221_Manhattan@Quinnipiac,1,7.5,127.0,0.7370108929666528,0.7296357463614175,0.6748457806140962,1.4143972258838517,0.0,0.636036893580112,0.6258901836285912,0.5420855490499378,0.06897203339739644,0,-1.0,1.1882631786165094,1.348339913090031,-1.0
2016-02-22,2015-16,True,20160222_Virginia@MiamiFlorida,-1,9.5,135.0,0.7821641681080811,0.775665124820974,0.7107358950077209,1.342974242196718,1.0,20160222_IowaState@WestVirginia,-1,13.0,172.5,0.812987055123089,0.8080749472741305,0.7778463956200544,1.2271060268128227,0.0,0.6358893436529895,0.6267955548420905,0.5528433541695492,0.04792769764686344,0,-1.0,1.4528922948900158,1.144601534646243,-1.0
2016-02-23,2015-16,True,20160223_Rutgers@MinnesotaU,1,8.5,134.0,0.7527956584904266,0.7465274964821038,0.6970794835867473,1.369284310432898,1.0,20160223_Evansville@Bradley,1,15.0,113.5,0.8468368495638353,0.8429593788552888,0.812089386204197,1.1753632250526598,1.0,0.6374951038013658,0.6292923547329481,0.5660908499615003,0.025988714768286014,1,0.6094064231244183,1.4143972258838517,1.1234352827566316,0.5889837473910204
2016-02-24,2015-16,True,20160224_GeoWashington@Richmond,-1,13.0,162.5,0.8278631704552286,0.8215904967571152,0.7778463956200544,1.2271060268128227,1.0,20160224_Georgia@Auburn,1,10.0,125.5,0.7678719378738726,0.7615762950570776,0.7185307355698888,1.3284052480273607,1.0,0.6356928969918646,0.6257038465743877,0.5589065428052644,0.03623923183771893,1,0.6300940859041568,1.144601534646243,1.2423307186681882,0.42197364712577823
2016-02-25,2015-16,True,20160225_UTArlington@ArkansasLR,1,7.5,128.0,0.747746316953162,0.7383871092324257,0.6634606236087102,1.4386686504592567,1.0,20160225_CollCharleston@Northeastern,1,14.5,104.0,0.8548326204354049,0.84991588017478,0.812089386204197,1.1753632250526598,1.0,0.6391979435419942,0.6275669298529886,0.5387893305970513,0.08085701989860028,1,0.6909582247859496,1.2742080909421987,1.1061247635485727,0.4094331233051176
2016-02-26,2015-16,True,20160226_Quinnipiac@Marist,1,8.0,129.5,0.7484982716703575,0.7410128838778821,0.6860556090857937,1.3912866353092326,1.0,20160226_Harvard@Yale,-1,15.0,144.5,0.8482132129051403,0.8445526926613018,0.8190609531456903,1.1653589349292526,1.0,0.6348861238674585,0.625824426375782,0.5619213610887572,0.02937154493062999,1,0.6213483115052707,1.2913825462791246,1.2413649078457412,0.6030769755553842
2016-02-27,2015-16,True,20160227_Bradley@IndianaState,1,6.0,119.5,0.7377093255641551,0.7277650300408387,0.6402104602322584,1.4909159710600828,1.0,20160227_CalIrvine@UCDavis,1,15.0,107.5,0.864525432992173,0.8590423743954285,0.812089386204197,1.1753632250526598,1.0,0.6377684741057151,0.6251809994082425,0.5199081196915212,0.11760494044672698,1,0.7523678040276969,1.2913825462791246,1.1145563969123966,0.4393186778164173
2016-02-28,2015-16,True,20160228_Quinnipiac@Siena,1,8.5,131.0,0.7600926086933153,0.7532970478609087,0.6970794835867473,1.369284310432898,1.0,20160228_SaintLouis@St.Josephs,1,13.5,127.0,0.8359254978141619,0.8303747457920536,0.78656831932586,1.2134991666306474,1.0,0.6353807923068245,0.6255188446234065,0.5483006378413663,0.055764843847686096,1,0.6616253695907424,1.3094341787399355,1.2742080909421987,0.668491625106679
2016-02-29,2015-16,True,20160229_OklahomaState@IowaState,-1,9.5,158.0,0.7636022210023165,0.7590951072240086,0.7209495928948242,1.3239483167850923,1.0,20160229_Kansas@Texas,-1,14.0,155.5,0.8292501449750085,0.8254040306661237,0.803273228672558,1.1882631786165094,1.0,0.6332172524694094,0.62656016116163,0.5791195071947918,-0.003823229326013755,1,0.5731990352270311,1.2413649078457412,1.2135227496149728,0.5064245562445011
2016-03-01,2015-16,True,20160301_ArkansasState@ArkansasLR,1,13.0,124.5,0.8317607387649194,0.8261718233288974,0.77756373060278,1.22755211236519,1.0,20160301_TexasState@UTArlington,1,9.0,128.5,0.7640989871537666,0.757665855068246,0.7079075467050023,1.348339913090031,1.0,0.6355475380445436,0.6259621809557809,0.5504432329378033,0.05193127960309307,1,0.6551575084999643,1.1753632250526598,1.3094341787399355,0.5390607793179516
2016-03-02,2015-16,True,20160302_BostonCollege@NCState,1,13.0,122.5,0.8367711967088359,0.8317649708042496,0.78656831932586,1.2134991666306474,1.0,20160302_Tulane@CentralFlorida,1,9.0,126.5,0.7591616877807692,0.7523090188624032,0.6970794835867473,1.369284310432898,1.0,0.6352446339798139,0.6257442891098605,0.5483006378413663,0.055538599717244175,1,0.6616253695907424,1.2134991666306474,1.3094341787399355,0.588997284658598
2016-03-03,2015-16,True,20160303_SouthAlabama@UTArlington,1,7.0,139.5,0.744561740947523,0.7343217018623047,0.6519114983501859,1.4641557978584285,1.0,20160303_Bradley@LoyolaChicago,1,14.0,99.5,0.8576426800526158,0.8521258197380606,0.7953251789736041,1.200138038169264,1.0,0.638567926970875,0.6257344821508641,0.518481629100312,0.12208457969255893,1,0.7571890668159678,1.3284052480273607,1.1061247635485727,0.4693819408709474
2016-03-04,2015-16,True,20160304_BallState@NoIllinois,1,8.5,122.0,0.7615548611209362,0.7538672483520917,0.6970794835867473,1.369284310432898,1.0,20160304_IndianaState@IllinoisState,1,14.0,122.5,0.835490697246333,0.8300462920537482,0.7953251789736041,1.200138038169264,0.0,0.6362720019092653,0.6257447141954159,0.5544048650424573,0.04560498725616524,0,-1.0,1.200138038169264,1.1753632250526598,-1.0
2016-03-05,2015-16,True,20160305_UNLV@SanDiegoState,1,12.0,120.5,0.8412745339125752,0.833231652882653,0.7683139325599624,1.2423307186681882,1.0,20160305_Providence@St.Johns,1,7.0,134.5,0.7616045652635689,0.7505970237292952,0.6634606236087102,1.4386686504592567,1.0,0.6407185256677984,0.6254211987307605,0.5097460408234932,0.14515766795709295,1,0.787302258450441,1.22755211236519,1.3094341787399355,0.6073986921153856
2016-03-06,2015-16,True,20160306_Temple@Tulane,1,6.5,124.0,0.7428406369772484,0.7324728441714485,0.6402104602322584,1.4909159710600828,0.0,20160306_CentralFlorida@Connecticut,1,15.0,118.5,0.85904768453638,0.8549614687498592,0.8200953590826187,1.1638890397669488,0.0,0.638135529174835,0.6262360586722084,0.5250336272726225,0.10733154201819484,0,-1.0,1.348339913090031,1.1753632250526598,-1.0
2016-03-07,2015-16,True,20160307_MiamiOhio@BallState,1,8.5,115.0,0.7640965054399275,0.7574093695507746,0.6970794835867473,1.369284310432898,0.0,20160307_DenverU@SouthDakotaSt,-1,13.0,143.5,0.8338971866732733,0.8284374558569719,0.7778463956200544,1.2271060268128227,1.0,0.637177926233235,0.6274662911528768,0.5422207637686403,0.07062268975648056,0,-1.0,1.2742080909421987,1.1765300938654308,-1.0
2016-03-08,2015-16,True,20160308_No.Colorado@PortlandState,-1,7.5,173.0,0.7483375698121759,0.7385809603739878,0.6680494847891761,1.4287863724664382,1.0,20160308_NorthernArizona@E.Washington,-1,15.0,174.5,0.8551717640849262,0.8500436721044786,0.8190609531456903,1.1653589349292526,1.0,0.6399571597073052,0.627826071702757,0.5471732477599099,0.06556000658068517,1,0.6650489652589189,1.2720372279444114,1.0933777668773477,0.3908172236747123
2016-03-09,2015-16,True,20160309_SaintLouis@GeorgeMason,1,7.0,125.5,0.7578815959604855,0.7476421989129574,0.6634606236087102,1.4386686504592567,1.0,20160309_AirForce@UNLV,1,13.5,130.0,0.8434677122538746,0.8370928591428388,0.7953251789736041,1.200138038169264,1.0,0.6392486559041061,0.6258459459038865,0.5276669392135364,0.1037273504661087,1,0.7266009717377948,1.3284052480273607,1.187436368815565,0.5773967040331491
2016-03-10,2015-16,True,20160310_Tulane@CentralFlorida,1,7.5,126.0,0.7556923837805386,0.7458378376257361,0.6634606236087102,1.4386686504592567,1.0,20160310_UCDavis@CalSantaBarb,1,13.0,107.5,0.8451904484142194,0.8384907881862371,0.77756373060278,1.22755211236519,1.0,0.6387039847106838,0.6253781563299222,0.5158829176012355,0.12797725835177998,1,0.7660407408648378,1.3912866353092326,1.152985556166702,0.6041333949993148
2016-03-11,2015-16,True,20160311_MiamiFlorida@Virginia,-1,12.0,138.5,0.8306203442254888,0.8243183713763723,0.7597520162661299,1.2563309863802359,0.0,20160311_Nevada@SanDiegoState,1,9.5,114.0,0.7656446027075993,0.7591137742499967,0.7079075467050023,1.348339913090031,1.0,0.6359599834553737,0.6257514300791285,0.537834185939135,0.07729154498604607,0,-1.0,1.2135227496149728,1.1753632250526598,-1.0
2016-03-12,2015-16,True,20160312_Connecticut@Temple,1,10.0,117.5,0.7838968453434333,0.7778951859915869,0.7289408016816182,1.3094341787399355,1.0,20160312_Tulane@MemphisU,1,12.5,131.0,0.8088600023750396,0.8036903943395282,0.7683139325599624,1.2423307186681882,0.0,0.6340628041862755,0.6251868887843991,0.5600553739434158,0.031461859669710934,0,-1.0,1.3094341787399355,1.2742080909421987,-1.0
2016-03-13,2015-16,True,20160313_MemphisU@Connecticut,1,14.0,125.5,0.8292596031585887,0.8248818695135613,0.7953251789736041,1.200138038169264,1.0,20160313_St.Josephs@VaCommonwealth,1,10.5,136.0,0.7636643484875407,0.758577470203696,0.7289408016816182,1.3094341787399355,1.0,0.6332759945731402,0.6257368017924927,0.5797449735585954,-0.004805655919265073,1,0.5715017663847275,1.2423307186681882,1.2578703767558694,0.562691009146544
2016-03-15,2015-16,True,20160315_NewMexicoState@SaintMarysCA,-1,14.0,139.5,0.8652057109443528,0.8606591509659669,0.803273228672558,1.1882631786165094,1.0,20160315_Mercer@CoastalCarolina,1,7.5,129.0,0.736664306578426,0.7291101284351681,0.6748457806140962,1.4143972258838517,0.0,0.6373661651005157,0.6275153040996988,0.5420855490499378,0.07120610832991314,0,-1.0,1.342974242196718,1.2134991666306474,-1.0
2016-03-16,2015-16,True,20160316_UTArlington@SavannahState,1,6.5,129.0,0.7495173914255184,0.7387340279263405,0.6519114983501859,1.4641557978584285,1.0,20160316_Montana@Nevada,1,14.5,121.0,0.8559421233717723,0.8503025006159335,0.812089386204197,1.1753632250526598,1.0,0.6415435075208301,0.6281473912358482,0.5294104085546609,0.10404176861311498,1,0.7209148805504328,1.348339913090031,1.1145563969123966,0.502800875346799
2016-03-17,2015-16,True,20160317_Hampton@Virginia,-1,12.0,145.5,0.8432479693897534,0.8376595072510223,0.7689116987014196,1.2413649078457412,1.0,20160317_StonyBrook@Kentucky,-1,8.5,152.0,0.7541003661271569,0.7471305749303231,0.6897418358882939,1.3838511024501414,1.0,0.6358936024527947,0.6258410292483074,0.5303505666983038,0.09237885228778286,1,0.7178641962652472,1.1547242160672357,1.3629277026589188,0.5738056230091386
2016-03-18,2015-16,True,20160318_Cincinnati@St.Josephs,1,8.5,128.0,0.7534826543765479,0.7457127310595827,0.6860556090857937,1.3912866353092326,1.0,20160318_Temple@Iowa,1,14.0,124.5,0.8439880313074097,0.838904563915129,0.8038325463722216,1.187436368815565,1.0,0.6359303420915441,0.6255818134554991,0.551473827204379,0.050597847388337724,1,0.6520643502132202,1.369284310432898,1.1638890397669488,0.5936950012376943
2016-03-19,2015-16,True,20160319_Butler@Virginia,-1,14.5,146.0,0.8663477289107134,0.8609520791765932,0.803273228672558,1.1882631786165094,0.0,20160319_NewHampshire@CoastalCarolina,1,7.5,131.0,0.7343657937248285,0.7261709957513324,0.6634606236087102,1.4386686504592567,1.0,0.6362161375832186,0.6251984286298466,0.5329401572232774,0.08762229242022745,0,-1.0,1.144601534646243,1.5190089841842715,-1.0
2016-03-20,2015-16,True,20160320_TennMartin@BallState,1,8.5,128.0,0.7678245650960174,0.7590457706676491,0.6860556090857937,1.3912866353092326,1.0,20160320_Florida@OhioState,1,12.5,127.0,0.8326832912776237,0.8261179314552072,0.77756373060278,1.22755211236519,1.0,0.6393546859879619,0.6270613219437818,0.5334519588017121,0.0919390659098549,1,0.7078768480793063,1.4143972258838517,1.2134991666306474,0.7163698548947537
2016-03-21,2015-16,True,20160321_WashingtonU@SanDiegoState,1,8.0,140.5,0.7511003317186072,0.7422690527217326,0.6748457806140962,1.4143972258838517,1.0,20160321_GeorgiaTech@SouthCarolina,1,15.0,129.5,0.8493552271336834,0.8451936013350055,0.8200953590826187,1.1638890397669488,1.0,0.6379509928470426,0.6273610538294043,0.5534378927781073,0.05019583610971545,1,0.6462014290829925,1.348339913090031,1.1234352827566316,0.5147726315143513
2016-03-22,2015-16,True,20160322_SaintMarysCA@Valparaiso,1,15.0,113.5,0.8422317616820416,0.838602387549528,0.812089386204197,1.1753632250526598,0.0,20160322_Creighton@BYU,1,10.0,151.5,0.7541228508722873,0.7495166213024281,0.7289408016816182,1.3094341787399355,1.0,0.6351462172148501,0.6285464281322717,0.5919650882168207,-0.02247136795246396,0,-1.0,1.0637913312556475,1.1753632250526598,-1.0
2016-03-23,2015-16,True,20160323_BallState@Columbia,1,8.0,127.5,0.7431307570771208,0.7359585062325903,0.6748457806140962,1.4143972258838517,1.0,20160323_GeorgiaTech@SanDiegoState,1,15.0,116.5,0.8541702323294983,0.8497512288621852,0.812089386204197,1.1753632250526598,1.0,0.6347601714237603,0.6253816450627219,0.5480350957613935,0.05524465958814484,1,0.6624304849203793,1.2742080909421987,1.0981189226508383,0.3992320160584286
2016-03-24,2015-16,True,20160324_MiamiFlorida@Villanova,-1,14.5,157.0,0.8430249314717249,0.8388430150600628,0.8112839654309546,1.1765300938654308,0.0,20160324_TexasA&M@Oklahoma,1,10.0,135.5,0.7517163396040156,0.746414602243273,0.7185307355698888,1.3284052480273607,1.0,0.6337156156808511,0.6261246754306047,0.5829324644371601,-0.009560318510110744,0,-1.0,1.1170770542165303,1.3284052480273607,-1.0
2016-03-25,2015-16,True,20160325_IowaState@Virginia,-1,10.5,151.0,0.7855480152503376,0.7802896181307792,0.7309643431488102,1.3058092490370385,0.0,20160325_Gonzaga@Syracuse,1,12.5,123.0,0.80524497438307,0.8013165880630104,0.77756373060278,1.22755211236519,0.0,0.6325585914169295,0.6252590145015453,0.5683713615963994,0.013959099563331412,0,-1.0,1.2885180241885854,1.22755211236519,-1.0
2016-03-26,2015-16,True,20160326_Villanova@Kansas,-1,15.0,159.5,0.8204224744157914,0.8169097136849346,0.8112839654309546,1.1765300938654308,1.0,20160326_Oklahoma@Oregon,1,12.5,139.0,0.7703669150739445,0.7669288244932249,0.7683139325599624,1.2423307186681882,1.0,0.6320263306730254,0.6265116064334838,0.6233207739030973,-0.07620536455540294,1,0.4616394770465917,1.1882631786165094,1.200138038169264,0.4260798400135912
2016-03-27,2015-16,True,20160327_CalIrvine@CoastalCarolina,1,8.5,128.0,0.7488861173153871,0.7415239170039755,0.6860556090857937,1.3912866353092326,0.0,20160327_NotreDame@NorthCarolina,-1,14.5,170.0,0.8485007183202296,0.8439160832586283,0.803273228672558,1.1882631786165094,1.0,0.6354304084821537,0.6257839596805912,0.5510901041592638,0.05050287919184049,0,-1.0,1.611923005537021,1.144601534646243,-1.0
2016-03-28,2015-16,True,20160328_Nevada@MoreheadState,1,10.5,131.0,0.7805671338799332,0.7746297003146161,0.7289408016816182,1.3094341787399355,1.0,20160328_NoIllinois@CalSantaBarb,1,12.0,124.5,0.8124458340212695,0.8071213173491059,0.7683139325599624,1.2423307186681882,1.0,0.6341685160946742,0.6252201441756761,0.5600553739434158,0.03163382654886915,1,0.626750304322673,1.200138038169264,1.2423307186681882,0.49096835145985107
2016-03-29,2015-16,True,20160329_BYU@Valparaiso,1,9.5,138.0,0.7562333587127036,0.7497605480506483,0.7079075467050023,1.348339913090031,1.0,20160329_CalIrvine@Columbia,1,15.0,124.5,0.8413868666459605,0.837408354172957,0.8200953590826187,1.1638890397669488,1.0,0.6362848161404323,0.6278557465669077,0.5805516937123345,-0.001466755173207157,1,0.5693180467258074,1.2742080909421987,1.152985556166702,0.4691435244071025
2016-03-30,2015-16,True,20160330_OldDominion@Oakland,-1,11.5,158.0,0.7733398203517047,0.7694384157894828,0.7503711204604084,1.2720372279444114,1.0,20160330_MoreheadState@Nevada,1,15.0,133.5,0.8209510594804836,0.8174372886974475,0.812089386204197,1.1753632250526598,1.0,0.6348741448561789,0.6289676524226141,0.6093684226400486,-0.05079599732669071,1,0.4951057786237887,1.2271060268128227,1.2134991666306474,0.48909214090480524
2016-04-02,2015-16,True,20160402_Syracuse@NorthCarolina,-1,10.5,158.0,0.7676273876243365,0.7639626229849894,0.7407734948846171,1.2885180241885854,1.0,20160402_Villanova@Oklahoma,-1,15.0,164.5,0.8243850619772422,0.8208275116234399,0.8190609531456903,1.1653589349292526,1.0,0.6328205515221171,0.627081538798085,0.6067386447852586,-0.04976552419131319,1,0.5015859923055548,1.144601534646243,1.0729966427063462,0.22815360391195028
2016-11-20,2016-17,True,20161120_RhodeIsland@Duke,-1,14.0,166.5,0.8154433803716985,0.8120555180134824,0.7988893283665276,1.1947837655456561,1.0,20161120_LongBeachState@UCLA,1,12.0,158.5,0.7736944980763524,0.7700229240304808,0.7607375173870663,1.2547034662868435,1.0,0.6309040568863654,0.6253013644558285,0.607745084328573,-0.05421214970664445,1,0.4990993320933821,1.182944008089669,1.1734310962634797,0.38810328423097484
2016-11-21,2016-17,True,20161121_Creighton@Mississippi,-1,10.0,177.5,0.770546015673179,0.764617654608589,0.7269211240705739,1.3130723105899609,1.0,20161121_NCState@St.Josephs,-1,15.0,170.5,0.8239663404029488,0.8197673526152554,0.8068851893856057,1.182944008089669,1.0,0.6349039806463026,0.6268085904813687,0.5865418888640824,-0.01380934702949621,1,0.5532910220008509,1.3130723105899609,1.1716639607130919,0.5384795041285246
2016-11-22,2016-17,True,20161122_NorthernArizona@UNLV,1,5.5,138.0,0.7573836851429767,0.7440947165068267,0.6192039347062813,1.5414953725266072,1.0,20161122_Tennessee@Oregon,-1,14.5,167.0,0.8480493247164181,0.8436621777876183,0.8068851893856057,1.182944008089669,1.0,0.6422987227367336,0.6277645690084098,0.49962648412379,0.171233464384265,1,0.823502714428302,1.9749677303854192,1.23393078184056,1.4369734756643568
2016-11-23,2016-17,True,20161123_St.Bonaventure@Pepperdine,-1,7.0,168.5,0.7385894917736038,0.7294931187488676,0.6535116920005868,1.4605706549457464,1.0,20161123_CollCharleston@Villanova,1,15.0,111.5,0.864323847502704,0.8601155210146615,0.8134265429298616,1.1734310962634797,0.0,0.638380511254828,0.6274483539092925,0.5315837563882818,0.09410696808282837,0,-1.0,1.1143972884640119,1.1411869552697125,-1.0
2016-11-24,2016-17,True,20161124_LSU@OldDominion,1,13.5,119.0,0.8217457681107067,0.8169789910522749,0.7881964493131113,1.2109925144065508,1.0,20161124_Vanderbilt@Butler,1,10.0,131.5,0.77086123897457,0.7652969626471334,0.7311269225984495,1.3055188784563905,1.0,0.6334519609279291,0.6252315403988256,0.5762716443893198,0.0014708202711881668,1,0.5809735892271244,1.1978322321832218,1.2877265344900157,0.5424803492497401
2016-11-25,2016-17,True,20161125_SMU@USC,1,8.5,132.0,0.7589582929672621,0.7506861691698307,0.6885541060187251,1.3862381934209866,1.0,20161125_TexasState@TexSanAntonio,1,13.5,123.0,0.8380418079620376,0.8326314723684474,0.7968561659593066,1.1978322321832218,0.0,0.6360387800060662,0.6250449303225055,0.5486785849776192,0.05613017561722189,0,-1.0,1.4581637464612365,1.1978322321832218,-1.0
2016-11-26,2016-17,True,20161126_WesternKentucky@UNLV,1,6.0,137.5,0.7508772393709333,0.7401867050736731,0.6429368148382311,1.4845937858452873,0.0,20161126_Virginia@Providence,1,14.5,102.0,0.8513036839222886,0.8477589065061389,0.8052664076902518,1.1853220137889464,1.0,0.6392245600498737,0.6274998717036391,0.5177354192565949,0.12485732686978057,0,-1.0,1.604221448580403,1.1621301024522852,-1.0
2016-11-27,2016-17,True,20161127_Stanford@SetonHall,-1,7.5,154.0,0.7611279172281638,0.7530301151661294,0.6753334258041102,1.4133759170345968,1.0,20161127_Wofford@Colorado,1,12.0,124.5,0.8360422859208585,0.8308466589975123,0.7701346717443924,1.2393936216869852,1.0,0.636335123797616,0.6256525553102905,0.5200976861996643,0.11468675155672936,1,0.7517290966186727,1.23393078184056,1.2109925144065508,0.4942809401047408
2016-11-28,2016-17,True,20161128_Tulsa@OralRoberts,1,8.0,133.5,0.7606594797356692,0.7527044367700196,0.6885541060187251,1.3862381934209866,1.0,20161128_BoiseState@Oregon,1,14.5,126.0,0.8349211328047444,0.8315093539934948,0.8052664076902518,1.1853220137889464,1.0,0.6350906744995725,0.6258807799666763,0.5544694914540715,0.04354203163028725,1,0.6431386470169149,1.3862381934209866,1.2547034662868435,0.7393178663845237
2016-11-29,2016-17,True,20161129_Davidson@Mercer,1,7.5,127.0,0.7688143645461621,0.758883330862029,0.6660854595063395,1.432999304184504,1.0,20161129_No.Colorado@Oklahoma,1,11.5,133.0,0.8326853542718755,0.8253311558459089,0.7511007524852459,1.270801549381685,1.0,0.6401804615114278,0.6263300566125517,0.5002972898546924,0.16580558188458783,1,0.8210577360205442,1.2393936216869852,1.2109925144065508,0.5008963982661636
2016-11-30,2016-17,True,20161130_WiscGreenBay@KansasState,1,5.5,140.0,0.7327964606396828,0.7215121164300388,0.6192039347062813,1.5414953725266072,1.0,20161130_OhioState@Virginia,1,14.5,106.0,0.8756972346945332,0.8708128509812711,0.8134265429298616,1.1734310962634797,1.0,0.6417078341761117,0.6283020231259729,0.5036769159766982,0.16074590350461104,1,0.8088386048689777,1.4581637464612365,1.1621301024522852,0.6945759840672048
2016-12-01,2016-17,True,20161201_Columbia@SetonHall,-1,11.0,161.5,0.8113855485388113,0.8051432067454485,0.7366665694264193,1.2957015284991003,0.0,20161201_OralRoberts@Oakland,1,10.0,144.5,0.7835441682636279,0.7772225699365085,0.72080118453154,1.3242209092932395,1.0,0.6357564147709704,0.6257754723136191,0.5309901358473489,0.0908277134379909,0,-1.0,1.2072095926335984,1.3645331884240828,-1.0
2016-12-02,2016-17,True,20161202_Duquesne@Pittsburgh,1,8.5,141.0,0.7508514305546596,0.7443075238422897,0.6885541060187251,1.3862381934209866,0.0,20161202_Alabama@Texas,1,14.5,112.0,0.8458582699576799,0.8413328008038569,0.8052664076902518,1.1853220137889464,1.0,0.6351138920442134,0.6262103336936171,0.5544694914540715,0.04358018127517571,0,-1.0,1.4845937858452873,1.131492458028748,-1.0
2016-12-03,2016-17,True,20161203_MoreheadState@Purdue,-1,13.0,155.5,0.8535994483544359,0.8474564320173366,0.7735442004098848,1.23393078184056,1.0,20161203_Mercer@GeorgeMason,1,6.5,122.0,0.7487635923601287,0.7392923358414513,0.6545904068157233,1.4581637464612365,1.0,0.6391441893864915,0.6265180451499588,0.5063546128362499,0.14999496725965455,1,0.7992731317224737,1.150683121496786,1.4845937858452873,0.7082970116511864
2016-12-04,2016-17,True,20161204_FloridaIntl@SouthCarolina,1,6.0,120.5,0.7771612136001402,0.7647640411965283,0.6311370056553789,1.512349919981063,1.0,20161204_Davidson@CollCharleston,1,10.0,118.5,0.8280998836897979,0.8189113190520613,0.72080118453154,1.3242209092932395,1.0,0.6435671105904983,0.6262739297398339,0.45492430127808636,0.28886244742297884,1,1.0026853862068812,1.4581637464612365,1.2393936216869852,0.8072388467392546
2016-12-05,2016-17,True,20161205_Connecticut@Syracuse,1,9.0,121.5,0.7827836147155977,0.77625353648863,0.7102585027925757,1.3438769071360948,0.0,20161205_CSNorthridge@St.Johns,-1,11.5,180.0,0.8123837381007694,0.8059011629339463,0.746206313895308,1.279136858300445,1.0,0.6359206790466896,0.6255836277877754,0.5299993792816483,0.09314922750381882,0,-1.0,1.409042577195702,1.0780235694763878,-1.0
2016-12-06,2016-17,True,20161206_EastCarolina@Virginia,1,8.0,107.5,0.7815813485543744,0.7745373847959384,0.6885541060187251,1.3862381934209866,1.0,20161206_CalIrvine@Arizona,1,11.0,116.5,0.8133344189830446,0.8081167705836422,0.7511007524852459,1.270801549381685,1.0,0.6356870120144567,0.6259166500975935,0.5171735071574702,0.1198476274257827,1,0.7616336440114579,1.432999304184504,1.512349919981063,1.1671963830163534
2016-12-07,2016-17,True,20161207_Butler@IndianaState,1,6.5,128.0,0.7403909438057543,0.7304958131511475,0.6429368148382311,1.4845937858452873,1.0,20161207_SoIllinois@Louisville,1,14.5,122.0,0.8612753729425973,0.8567722727260734,0.8052664076902518,1.1853220137889464,1.0,0.6376804862496226,0.6258685580503897,0.5177354192565949,0.12214018670341287,1,0.7597216958966919,1.3645331884240828,1.1734310962634797,0.6011856751803728
2016-12-08,2016-17,True,20161208_UTArlington@SaintMarysCA,1,11.0,124.5,0.7935718561764342,0.789430175592776,0.7511007524852459,1.270801549381685,0.0,20161208_Vanderbilt@MiddleTennSt,1,12.5,119.0,0.7962489997573655,0.7923860103485808,0.7701346717443924,1.2393936216869852,0.0,0.6318807967160817,0.6255334272867393,0.578448731462191,-0.004773000402113814,0,-1.0,1.1734310962634797,1.2109925144065508,-1.0
2016-12-10,2016-17,True,20161210_Cincinnati@Butler,1,9.0,117.5,0.7787107164381271,0.7709437748650517,0.699506621090224,1.3645331884240828,1.0,20161210_OklahomaState@Tulsa,-1,12.0,172.5,0.8190079778902,0.8121204127328786,0.7555353015461477,1.2633426896753674,1.0,0.6377702892314193,0.6260991766372492,0.5285019458989293,0.09943499993046823,1,0.7238730284149857,1.2393936216869852,1.182944008089669,0.4661332584391731
2016-12-11,2016-17,True,20161211_Delaware@Yale,1,7.5,117.0,0.7828317848305353,0.7731695263903101,0.6660854595063395,1.432999304184504,1.0,20161211_Alabama@Oregon,1,10.5,118.0,0.816804956639174,0.8089163414428564,0.7311269225984495,1.3055188784563905,1.0,0.6394208820642725,0.6254294646027556,0.4869930121964441,0.19623347417257042,1,0.8708076444277415,1.2109925144065508,1.1978322321832218,0.4505658666887711
2016-12-12,2016-17,True,20161212_Pennsylvania@CentralFlorida,1,8.5,121.0,0.7483729736305111,0.7423267938940356,0.6885541060187251,1.3862381934209866,0.0,20161212_JacksonvilleState@Maryland,-1,15.0,149.5,0.8472262736947616,0.8439184772838653,0.8146533750334672,1.1716639607130919,0.0,0.634041245782846,0.6264632975500681,0.5609329263613062,0.02981317223230917,0,-1.0,1.3438769071360948,1.1316520118277615,-1.0
2016-12-13,2016-17,True,20161213_CalRiverside@SantaClara,1,6.5,122.0,0.7470760607006295,0.7379063756153138,0.6429368148382311,1.4845937858452873,1.0,20161213_Montana@Oregon,1,14.0,120.5,0.8535964012526003,0.8489565014622356,0.8052664076902518,1.1853220137889464,1.0,0.6377014368760265,0.6264504150490551,0.5177354192565949,0.12217705397523848,1,0.7597216958966919,1.3645331884240828,1.0695737116453141,0.45946882700596103
2016-12-14,2016-17,True,20161214_SaintLouis@SoIllinois,1,7.0,127.5,0.7482277631596764,0.7392454094947997,0.6545904068157233,1.4581637464612365,0.0,20161214_CalSantaBarb@UCLA,-1,15.0,178.5,0.8525496587353467,0.8484543334541481,0.8068851893856057,1.182944008089669,1.0,0.637901324138094,0.627215971171949,0.5281793043735056,0.10033262198180326,0,-1.0,1.8782601450396954,1.182944008089669,-1.0
2016-12-15,2016-17,True,20161215_CollCharleston@EastCarolina,1,8.5,110.0,0.802806141222386,0.7931671446532331,0.6885541060187251,1.3862381934209866,0.0,20161215_GeorgiaSouthern@FloridaIntl,1,9.0,128.5,0.797216248070573,0.7883896958984052,0.7102585027925757,1.3438769071360948,1.0,0.6400100998333251,0.6253248039697689,0.4890514084325402,0.1922962527120593,0,-1.0,1.270801549381685,1.1513909820988062,-1.0
2016-12-16,2016-17,True,20161216_FlaAtlantic@MiamiFlorida,1,14.5,121.0,0.8580099234510478,0.8540934510521071,0.8134265429298616,1.1734310962634797,1.0,20161216_SouthDakota@PortlandU,1,8.5,139.0,0.7389698802618542,0.732894264111956,0.6885541060187251,1.3862381934209866,1.0,0.6340434903961034,0.6259601912916749,0.560088186078973,0.031370015764981884,1,0.626655002988294,1.2547034662868435,1.2547034662868435,0.5742807883122201
2016-12-17,2016-17,True,20161217_UNLV@Oregon,1,7.5,135.0,0.7769300205967009,0.7675855208506518,0.67741033198561,1.409042577195702,1.0,20161217_IowaState@Drake,1,10.5,124.0,0.8220081128574862,0.8150931545603833,0.7412288047461996,1.2877265344900157,1.0,0.638642780053022,0.6256537035850327,0.5021160507004199,0.15879274616288463,1,0.8144615148811019,1.3438769071360948,1.1135355656840693,0.49645473199754875
2016-12-18,2016-17,True,20161218_Elon@St.Peter's,1,8.5,128.0,0.7654435079337676,0.7583344471020996,0.699506621090224,1.3645331884240828,0.0,20161218_Fordham@Rutgers,1,13.0,115.5,0.8316136126081615,0.8260743784637794,0.7792885939894483,1.2248350705527253,1.0,0.6365532408802643,0.6264406570575407,0.5451175312357104,0.06388932124863711,0,-1.0,1.3862381934209866,1.1411869552697125,-1.0
2016-12-19,2016-17,True,20161219_CollCharleston@LSU,1,9.5,121.0,0.7726600942093389,0.7665772736652353,0.7102585027925757,1.3438769071360948,1.0,20161219_Samford@FloridaState,-1,12.0,167.5,0.8207367226568039,0.8158733694813123,0.7646491616313195,1.2482848970417342,1.0,0.6341505134490701,0.6254299832330535,0.5430985687018592,0.06381364290215785,1,0.6775412466611441,1.2248350705527253,1.3312863594595314,0.6306062220144961
2016-12-20,2016-17,True,20161220_NorthDakota@Iowa,-1,7.5,170.0,0.7487153100988929,0.7412647496495133,0.6753334258041102,1.4133759170345968,1.0,20161220_E.Washington@Xavier,-1,14.0,162.5,0.8510377097202385,0.8468884463582278,0.7906663481009146,1.2072095926335984,1.0,0.63718496273904,0.627768552170797,0.5339634135310157,0.08719108573377543,1,0.706240965041474,1.5401387337204484,1.1947837655456561,0.840132755737236
2016-12-21,2016-17,True,20161221_SIUEdwardsville@Marquette,-1,7.5,169.0,0.7830460694198175,0.7732216046865413,0.6644982453985726,1.436422152518223,1.0,20161221_WesternMichigan@UCLA,-1,10.5,186.0,0.8170783690688057,0.8094990758566838,0.7269211240705739,1.3130723105899609,1.0,0.6398100053072833,0.6259221744261773,0.4830378114880544,0.20676238510620903,1,0.8861261547897084,1.1947837655456561,1.23393078184056,0.4742804659501598
2016-12-22,2016-17,True,20161222_CollCharleston@WesternCarolina,1,7.0,106.5,0.7830782158408751,0.7718957923163455,0.6545904068157233,1.4581637464612365,1.0,20161222_SanDiego@NorthTexas,1,10.5,123.0,0.8186397796186916,0.8109239210183746,0.7412288047461996,1.2877265344900157,1.0,0.6410589780401722,0.6259487625227559,0.48520126484234716,0.2037267948540391,1,0.8777161479495059,1.2393936216869852,1.1853220137889464,0.4690805435351928
2016-12-23,2016-17,True,20161223_VMI@Dayton,-1,12.5,161.0,0.8354053521168423,0.8297519738438751,0.7646491616313195,1.2482848970417342,1.0,20161223_NorthernKentucky@WestVirginia,-1,8.0,162.5,0.7606210836243845,0.7538036336134359,0.6860075308810044,1.3913841423492603,1.0,0.6354269241927231,0.6254700528814338,0.5245550833609315,0.10363732054934216,1,0.736843810877948,1.1228128499284658,1.279136858300445,0.4362313013168666
2016-12-25,2016-17,True,20161225_StephenF.Austin@UtahU,-1,8.5,152.0,0.7797019262972106,0.7718128295615524,0.6860075308810044,1.3913841423492603,1.0,20161225_SouthernMiss@Hawaii,1,11.5,114.0,0.8166575364395775,0.8111548399733173,0.7607375173870663,1.2547034662868435,0.0,0.636749454287073,0.6260597122523542,0.5218716659512466,0.11162096422165702,0,-1.0,1.279136858300445,1.270801549381685,-1.0
2016-12-27,2016-17,True,20161227_Rutgers@Wisconsin,1,15.0,113.5,0.856964156860921,0.8532632690693106,0.8134265429298616,1.1734310962634797,1.0,20161227_Northwestern@PennState,1,8.0,134.5,0.7408359988428976,0.735015941376178,0.6885541060187251,1.3862381934209866,1.0,0.634869897120622,0.6271621049566943,0.560088186078973,0.03271429439792328,1,0.626655002988294,1.1734310962634797,1.5720962075930158,0.8447465763075317
2016-12-28,2016-17,True,20161228_UNLV@ColoradoState,1,6.0,131.5,0.7469129298153078,0.7368077398653472,0.6429368148382311,1.4845937858452873,1.0,20161228_SouthFlorida@EastCarolina,1,13.5,116.0,0.8554999771236972,0.8495553581740074,0.7968561659593066,1.1978322321832218,0.0,0.6389839943703894,0.6259589633466859,0.5123281652260815,0.13630158755791344,0,-1.0,1.3645331884240828,1.1734310962634797,-1.0
2016-12-29,2016-17,True,20161229_PortlandU@Pacific,1,5.0,130.5,0.7286463276223976,0.7165232039166154,0.60715113705503,1.5720962075930158,1.0,20161229_SaintMarysCA@LoyolaMarymount,1,14.5,110.0,0.8775529984761155,0.8723078980696917,0.8134265429298616,1.1734310962634797,1.0,0.639425769633645,0.6250288499266639,0.49387285045060764,0.1795784993344749,1,0.8447465763075317,1.3242209092932395,1.0827345163892357,0.4337796858161296
2016-12-30,2016-17,True,20161230_WestVirginia@OklahomaState,-1,10.0,181.5,0.8256406921708873,0.8159624617927883,0.7269211240705739,1.3130723105899609,1.0,20161230_Duquesne@Fordham,1,7.0,124.5,0.778059410469149,0.7670774510607051,0.6660854595063395,1.432999304184504,1.0,0.6423975102098206,0.62590640535323,0.484191590951413,0.20875552397804586,1,0.8816317074193527,1.1947837655456561,1.3862381934209866,0.656254888678734
2016-12-31,2016-17,True,20161231_CollCharleston@Elon,1,7.0,120.5,0.7737015956355804,0.7634794023680495,0.6660854595063395,1.432999304184504,0.0,20161231_SMU@EastCarolina,1,10.5,111.0,0.8271085487445672,0.8195290666277316,0.7412288047461996,1.2877265344900157,1.0,0.6399352039275008,0.625693562012186,0.4937217290087071,0.18087961693852694,0,-1.0,1.2547034662868435,1.2109925144065508,-1.0
2017-01-01,2016-17,True,20170101_UTEP@TexSanAntonio,1,6.0,129.5,0.7391975151112248,0.728380358832932,0.6311370056553789,1.512349919981063,0.0,20170101_LouisianaTech@SouthernMiss,1,14.5,123.0,0.864479152166474,0.8590207131033543,0.8134265429298616,1.1734310962634797,1.0,0.6390208411469159,0.6256938152551422,0.5133835926253594,0.13403093877950445,0,-1.0,1.5414953725266072,1.2393936216869852,-1.0
2017-01-02,2016-17,True,20170102_CollCharleston@Delaware,1,7.5,106.0,0.7756182583937036,0.7664620740383473,0.6660854595063395,1.432999304184504,1.0,20170102_NorthTexas@OldDominion,1,10.0,106.5,0.8235400039611943,0.8161148623823661,0.7311269225984495,1.3055188784563905,0.0,0.6387526635899253,0.6255210900751087,0.4869930121964441,0.1949833659426139,0,-1.0,1.1411869552697125,1.2109925144065508,-1.0
2017-01-03,2016-17,True,20170103_EastCarolina@CentralFlorida,1,5.5,114.0,0.7510732699988478,0.7403879326993814,0.6311370056553789,1.512349919981063,0.0,20170103_NoIllinois@MiamiOhio,1,13.5,119.0,0.8511231776541381,0.8450358930917413,0.7968561659593066,1.1978322321832218,1.0,0.6392558682125038,0.6256543779429699,0.5029254145215825,0.1580385219155387,0,-1.0,1.3438769071360948,1.131492458028748,-1.0
2017-01-04,2016-17,True,20170104_IowaState@Baylor,1,12.0,121.5,0.842717795259335,0.8354935062865524,0.7607375173870663,1.2547034662868435,1.0,20170104_VaCommonwealth@Duquesne,1,7.0,132.5,0.7593965751077826,0.7490055343128558,0.6545904068157233,1.4581637464612365,1.0,0.6399570075023205,0.6257892600910805,0.4979714809863831,0.17084173105554656,1,0.8295631070987235,1.1411869552697125,1.3438769071360948,0.5336147959119182
2017-01-05,2016-17,True,20170105_PortlandU@SantaClara,1,10.5,122.0,0.8186704103201784,0.8103695029794458,0.7311269225984495,1.3055188784563905,0.0,20170105_TexSanAntonio@SouthernMiss,1,8.5,118.0,0.7812722066205937,0.7718115963468947,0.6885541060187251,1.3862381934209866,1.0,0.6396044379658327,0.6254525797254057,0.503420444575997,0.15753061179197259,0,-1.0,1.1734310962634797,1.3438769071360948,-1.0
2017-01-06,2016-17,True,20170106_WiscMilwaukee@WiscGreenBay,1,5.0,134.5,0.7560261443035967,0.7432513007319631,0.6192039347062813,1.5414953725266072,1.0,20170106_WesternMichigan@Akron,-1,15.0,165.5,0.851019338300916,0.8469081420985672,0.8068851893856057,1.182944008089669,1.0,0.6433928690634397,0.6294655782152503,0.49962648412379,0.1732286431809955,1,0.823502714428302,1.3645331884240828,1.1716639607130919,0.5987743600734245
2017-01-07,2016-17,True,20170107_Texas@IowaState,1,8.5,124.0,0.8059103886735026,0.7963581365454214,0.699506621090224,1.3645331884240828,1.0,20170107_WesternCarolina@NCGreensboro,1,8.0,117.5,0.7953356971435469,0.7854764954924537,0.6885541060187251,1.3862381934209866,1.0,0.640969300810867,0.6255205982505986,0.4816481561389583,0.21243703248726598,1,0.8915680219839792,1.1853220137889464,1.3055188784563905,0.5474602660514156
2017-01-08,2016-17,True,20170108_CentralFlorida@Connecticut,1,5.5,108.0,0.7662360506180076,0.7528711171139219,0.6192039347062813,1.5414953725266072,1.0,20170108_Davidson@SaintLouis,1,11.5,125.0,0.8385376484141299,0.8313845838567371,0.7607375173870663,1.2547034662868435,1.0,0.6425177760153543,0.6259254403995147,0.47105166404475957,0.24270621569894257,1,0.9341195871742631,1.3055188784563905,1.2248350705527253,0.5990453076020479
2017-01-09,2016-17,True,20170109_ArkansasLR@CoastalCarolina,1,14.5,121.0,0.8265135083640466,0.8227880770576257,0.8052664076902518,1.1853220137889464,1.0,20170109_SouthAlabama@GeorgiaSouthern,1,10.5,136.0,0.7656525420865258,0.7613785373520099,0.7412288047461996,1.2877265344900157,1.0,0.6328221687477853,0.6264531826608079,0.5968866568745111,-0.03407884085470647,1,0.5263706090711666,1.1513909820988062,1.1734310962634797,0.35107798235208665
2017-01-10,2016-17,True,20170110_NoIllinois@KentState,1,15.0,124.5,0.8472784451654977,0.8427870940087189,0.8134265429298616,1.1734310962634797,1.0,20170110_Auburn@Missouri,1,8.5,140.0,0.7509418548007138,0.7436539373542184,0.699506621090224,1.3645331884240828,1.0,0.6362568471452438,0.6267419408109036,0.5689972525499695,0.01876534938439245,1,0.6011856751803728,1.1513909820988062,1.2393936216869852,0.4270266392811741
2017-01-11,2016-17,True,20170111_SaintLouis@Duquesne,1,6.5,128.0,0.7523340247638701,0.7417966421628704,0.6429368148382311,1.4845937858452873,1.0,20170111_Temple@Connecticut,1,13.0,113.5,0.849887187481401,0.8430421019490385,0.7792885939894483,1.2248350705527253,1.0,0.6393990483531283,0.625365800427725,0.5010333264593393,0.16267206205518092,1,0.8183825344279501,1.409042577195702,1.1621301024522852,0.6374907945960733
2017-01-12,2016-17,True,20170112_CollCharleston@JamesMadison,1,6.5,107.0,0.7486436933149485,0.7401890925079613,0.6545904068157233,1.4581637464612365,0.0,20170112_SouthernMiss@OldDominion,1,13.0,105.5,0.84964102781455,0.8445429291884459,0.7881964493131113,1.2109925144065508,0.0,0.6360783970549936,0.6251214643400111,0.5159458344065782,0.12320337829847139,0,-1.0,1.270801549381685,1.1978322321832218,-1.0
2017-01-13,2016-17,True,20170113_DetroitU@Oakland,1,7.5,146.0,0.7421401147743963,0.7348618270917822,0.6660854595063395,1.432999304184504,1.0,20170113_Yale@Pennsylvania,1,14.5,120.0,0.8554892098141598,0.8508300453442027,0.8134265429298616,1.1734310962634797,1.0,0.6348928603597381,0.6252425216662246,0.54181159262209,0.06758881664352678,1,0.681525944454026,1.3862381934209866,1.1222830902775085,0.5557516835732155
2017-01-14,2016-17,True,20170114_OklahomaState@Kansas,-1,3.5,178.0,0.7324643522018277,0.7180814244551186,0.5850256964918203,1.6315522646676521,1.0,20170114_OregonState@Oregon,1,15.0,113.5,0.8805091198824297,0.8753801722143705,0.8134265429298616,1.1734310962634797,1.0,0.6449415421024853,0.6285942410034622,0.4758754298224759,0.2347497163656771,1,0.9145141625401261,1.3704009742800045,1.09733818305245,0.5037933151697274
2017-01-15,2016-17,True,20170115_Cincinnati@EastCarolina,1,5.5,116.0,0.7519640881869829,0.7417573113605603,0.6311370056553789,1.512349919981063,0.0,20170115_GeoWashington@LaSalle,-1,15.0,164.5,0.8478340038048607,0.843613244517482,0.8068851893856057,1.182944008089669,1.0,0.6375407236050411,0.6257562920814465,0.5092551023365045,0.1405764689937592,0,-1.0,1.3645331884240828,1.1143972884640119,-1.0
2017-01-16,2016-17,True,20170116_GeorgiaSouthern@ULMonroe,1,7.5,135.0,0.7427771877682301,0.7353953679641916,0.67741033198561,1.409042577195702,0.0,20170116_ClevelandState@Oakland,1,14.5,124.0,0.8556003402028128,0.8512766130343807,0.8134265429298616,1.1734310962634797,1.0,0.6355204145493862,0.6260248780817291,0.5510235444920245,0.050778589683282416,0,-1.0,1.3645331884240828,1.105227663622961,-1.0
2017-01-17,2016-17,True,20170117_SouthFlorida@CentralFlorida,1,8.0,118.5,0.7484864844724626,0.7421766116582038,0.67741033198561,1.409042577195702,1.0,20170117_Michigan@Wisconsin,-1,14.5,145.0,0.8474945991059237,0.8439274370153161,0.7988893283665276,1.1947837655456561,1.0,0.6343382530941919,0.6263432056894196,0.5411758851485304,0.0679092078769763,1,0.6835011961960367,1.3645331884240828,1.2072095926335984,0.647277554532462
2017-01-18,2016-17,True,20170118_KansasState@OklahomaState,-1,8.0,164.5,0.7642009133758048,0.7555673252532092,0.6753334258041102,1.4133759170345968,0.0,20170118_Temple@Cincinnati,1,12.5,121.0,0.8327197942075877,0.8272995438603674,0.7701346717443924,1.2393936216869852,1.0,0.6363652273195507,0.6250805035377779,0.5200976861996643,0.1147394847720129,0,-1.0,1.3130723105899609,1.2877265344900157,-1.0
2017-01-19,2016-17,True,20170119_California@Oregon,1,8.5,121.0,0.7915222074462499,0.7824935668205433,0.6885541060187251,1.3862381934209866,1.0,20170119_Connecticut@SMU,1,9.0,109.5,0.8069980762177255,0.7989515709376158,0.7102585027925757,1.3438769071360948,1.0,0.6387568986927311,0.6251744644598513,0.4890514084325402,0.18996162233011105,1,0.8629334959285231,1.2547034662868435,1.1853220137889464,0.4872276393670927
2017-01-20,2016-17,True,20170120_YoungstownState@WiscGreenBay,1,6.5,157.0,0.7552004735854465,0.74481760360925,0.6545904068157233,1.4581637464612365,1.0,20170120_ClevelandState@WiscMilwaukee,1,14.5,112.0,0.8455032422873626,0.8409294312208291,0.8052664076902518,1.1853220137889464,1.0,0.6385244489934467,0.6263390437663875,0.5271196654049981,0.10362156367019093,1,0.7283935883894674,1.3645331884240828,1.1513909820988062,0.5711112079260201
2017-01-21,2016-17,True,20170121_Ohio@NoIllinois,1,5.0,124.5,0.746452508424196,0.7338665751916257,0.6192039347062813,1.5414953725266072,1.0,20170121_JamesMadison@CollCharleston,1,13.0,97.5,0.860326939381797,0.8536412936456993,0.7792885939894483,1.2248350705527253,1.0,0.6421932019664536,0.6264588126099182,0.4825385636699921,0.21251059524439464,1,0.8880775933653264,1.3242209092932395,1.131492458028748,0.4983459716292713
2017-01-22,2016-17,True,20170122_EastCarolina@Connecticut,1,4.0,109.5,0.736719527147859,0.7227895226517888,0.5827430396186636,1.6379432015603437,1.0,20170122_SaintLouis@Dayton,1,15.0,109.5,0.8740088833823115,0.8691248805780805,0.8134265429298616,1.1734310962634797,1.0,0.6438994112884449,0.6281943575578237,0.4740186561334489,0.2375833525258173,1,0.9220134866242677,1.3438769071360948,1.0898468982575127,0.4646200788821724
2017-01-23,2016-17,True,20170123_TCU@OklahomaState,-1,6.0,166.5,0.7497551821704953,0.738524989719102,0.6311261605919395,1.5123759077024552,1.0,20170123_ULMonroe@TexasState,1,13.0,108.5,0.8539515147413238,0.8480306991750358,0.7881964493131113,1.2109925144065508,1.0,0.6402545734996516,0.6262918633897262,0.49745139884718315,0.17261082327595534,1,0.8314759031964858,1.2482848970417342,1.1621301024522852,0.4506694552887509
2017-01-24,2016-17,True,20170124_Rutgers@Maryland,1,10.0,121.5,0.7999632367249426,0.7935442464469047,0.7311269225984495,1.3055188784563905,1.0,20170124_KentState@NoIllinois,1,10.5,127.0,0.7943996546550346,0.7878319286352491,0.7311269225984495,1.3055188784563905,1.0,0.6354905189910182,0.6251794941356703,0.5345465769482791,0.08311703970708684,1,0.7043795420060317,1.3862381934209866,1.2547034662868435,0.7393178663845237
2017-01-25,2016-17,True,20170125_Belmont@EasternIllinois,1,6.5,138.0,0.732884448453911,0.7233903058737126,0.6429368148382311,1.4845937858452873,1.0,20170125_VMI@TennesseeChat,-1,15.0,163.5,0.8714971042780603,0.8670826319870717,0.8146533750334672,1.1716639607130919,1.0,0.6387066745980068,0.6272391703709115,0.5237706461412324,0.11099515406170024,1,0.7394450351735331,1.3438769071360948,1.1409350417513906,0.53327625515205
2017-01-26,2016-17,True,20170126_Pacific@LoyolaMarymount,1,7.5,124.0,0.745144776893629,0.7387488918184417,0.67741033198561,1.409042577195702,1.0,20170126_SouthernMiss@MiddleTennSt,1,13.5,111.0,0.8512017026779679,0.8469664963726895,0.7968561659593066,1.1978322321832218,1.0,0.6342685028334515,0.6256955606026726,0.5397985999272742,0.0705162323901034,1,0.6877966154835273,1.3438769071360948,1.1411869552697125,0.5336147959119182
2017-01-27,2016-17,True,20170127_WiscGreenBay@Oakland,1,6.5,150.0,0.7506048287039636,0.7408924222611242,0.6545904068157233,1.4581637464612365,1.0,20170127_Brown@Yale,-1,15.0,170.5,0.8508785687651004,0.8468036317441692,0.8146533750334672,1.1716639607130919,1.0,0.6386735623558019,0.6273903939024544,0.5332642841769594,0.09115967333525776,1,0.7084779105470129,1.2877265344900157,1.1228128499284658,0.4458759001192414
2017-01-28,2016-17,True,20170128_Arkansas@OklahomaState,-1,7.5,180.0,0.7677353107620198,0.7574053784381438,0.6644982453985726,1.436422152518223,1.0,20170128_EastCarolina@MemphisU,1,11.5,118.0,0.8326809114411832,0.8257756498419816,0.7511007524852459,1.270801549381685,0.0,0.6392785383108986,0.6254469185735702,0.49910513214399344,0.1669438364951792,0,-1.0,1.23393078184056,1.1411869552697125,-1.0
2017-01-29,2016-17,True,20170129_Stanford@California,1,12.0,113.5,0.8406383027188149,0.8347621019860305,0.7701346717443924,1.2393936216869852,1.0,20170129_WiscMilwaukee@Oakland,1,7.5,131.0,0.7569468998694099,0.7495056102531887,0.67741033198561,1.409042577195702,1.0,0.6363185571544895,0.6256588786652744,0.5216971836599976,0.11124024645723285,1,0.7463583828617446,1.1411869552697125,1.3055188784563905,0.4898411139527781
2017-01-30,2016-17,True,20170130_WesternCarolina@Mercer,1,13.0,112.5,0.8388302816610073,0.8342614520824484,0.7881964493131113,1.2109925144065508,0.0,20170130_ArkansasLR@ULMonroe,1,8.5,118.0,0.7561108538280129,0.7502326489518243,0.699506621090224,1.3645331884240828,1.0,0.6342486804834968,0.6258901791142106,0.5513486350143265,0.0480575577651603,0,-1.0,1.2109925144065508,1.3242209092932395,-1.0
2017-01-31,2016-17,True,20170131_Davidson@St.Josephs,1,8.5,134.0,0.749803034379322,0.742856361281531,0.6885541060187251,1.3862381934209866,1.0,20170131_DenverU@OralRoberts,-1,14.5,171.0,0.8482046629619036,0.8434502154734789,0.8068851893856057,1.182944008089669,1.0,0.6359864300635254,0.6265623579887518,0.5555841102371555,0.042917364190365515,1,0.6398421646924037,1.6379432015603437,1.182944008089669,0.9375950958770174
2017-02-01,2016-17,True,20170201_EastCarolina@SMU,1,11.5,112.0,0.8412118411475523,0.8348538088299833,0.7511007524852459,1.270801549381685,1.0,20170201_NorthernIowa@IllinoisState,1,7.0,110.5,0.758034667013218,0.7496358929948849,0.6660854595063395,1.432999304184504,0.0,0.6376677378918608,0.6258363805024454,0.5002972898546924,0.16122976709869374,0,-1.0,1.1978322321832218,1.2547034662868435,-1.0
2017-02-02,2016-17,True,20170202_Oakland@YoungstownState,1,6.0,151.5,0.7335558023137352,0.7229333947244218,0.6311370056553789,1.512349919981063,1.0,20170202_FloridaIntl@OldDominion,1,14.5,105.0,0.8733929691496738,0.868403307505954,0.8052664076902518,1.1853220137889464,1.0,0.6406824802197644,0.6277977510851952,0.5082334293044891,0.14850128655101646,1,0.7926216527055057,1.2248350705527253,1.1513909820988062,0.41026405479276296
2017-02-03,2016-17,True,20170203_WesternMichigan@CentralMichigan,-1,7.0,188.5,0.7455086510803144,0.7369425046357408,0.6644982453985726,1.436422152518223,1.0,20170203_St.Peter's@Monmouth,1,14.5,121.0,0.8539555641771567,0.8488181713899784,0.8052664076902518,1.1853220137889464,1.0,0.636631260732241,0.6255301892044602,0.535098114988584,0.08394289874392902,1,0.7026227984739533,1.3312863594595314,1.1513909820988062,0.5328311088728543
2017-02-04,2016-17,True,20170204_Connecticut@Cincinnati,1,11.0,109.5,0.8354607844283166,0.8278993620078451,0.7412288047461996,1.2877265344900157,1.0,20170204_OklahomaState@WestVirginia,-1,6.5,179.0,0.7659273182188941,0.7549999857347073,0.6535116920005868,1.4605706549457464,1.0,0.6399022380942342,0.6250640065056963,0.48440169034926145,0.20353810412123896,1,0.8808155878710986,1.1621301024522852,1.22024901687449,0.4180881149976512
2017-02-05,2016-17,True,20170205_Colorado@California,1,8.0,125.5,0.7502208832849774,0.74455971426196,0.6885541060187251,1.3862381934209866,1.0,20170205_IndianaU@Wisconsin,1,14.5,124.0,0.8427869986589529,0.8394561278476633,0.8134265429298616,1.1734310962634797,1.0,0.6322764065550147,0.6250252146857076,0.560088186078973,0.02849557999417529,1,0.626655002988294,1.270801549381685,1.2109925144065508,0.5389311635974674
2017-02-06,2016-17,True,20170206_Monmouth@Rider,1,8.5,145.0,0.7486829186423405,0.7426826158109501,0.699506621090224,1.3645331884240828,0.0,20170206_Louisville@Virginia,1,15.0,105.5,0.8490227912105058,0.8453741838203306,0.8134265429298616,1.1734310962634797,1.0,0.635648861317348,0.6278447101787301,0.5689972525499695,0.017791851186053087,0,-1.0,1.3242209092932395,1.1411869552697125,-1.0
2017-02-07,2016-17,True,20170207_IowaState@Texas,1,6.5,134.0,0.7482155465755962,0.7388895258645231,0.6545904068157233,1.4581637464612365,0.0,20170207_LSU@Kentucky,-1,15.0,188.5,0.8570264989826989,0.8522924938335446,0.8068851893856057,1.182944008089669,1.0,0.6412405503661097,0.6297499966665596,0.5281793043735056,0.10609254034508231,0,-1.0,1.3055188784563905,1.1409350417513906,-1.0
2017-02-08,2016-17,True,20170208_CentralFlorida@Cincinnati,1,10.0,116.5,0.804269564503779,0.7971832338594547,0.72080118453154,1.3242209092932395,0.0,20170208_UNLV@Nevada,1,9.5,137.0,0.7914812572047379,0.7842994610342167,0.72080118453154,1.3242209092932395,1.0,0.6365642860449581,0.6252303806614842,0.5195543476220711,0.11625431657424268,0,-1.0,1.2393936216869852,1.3055188784563905,-1.0
2017-02-09,2016-17,True,20170209_SouthernMiss@TexSanAntonio,1,6.0,119.5,0.7451421859967873,0.734236367502866,0.6311370056553789,1.512349919981063,0.0,20170209_Elon@Delaware,1,14.0,119.5,0.8580216635404707,0.8518372997209658,0.7968561659593066,1.1978322321832218,1.0,0.6393481380031463,0.625449924650572,0.5029254145215825,0.158205672468684,0,-1.0,1.409042577195702,1.1513909820988062,-1.0
2017-02-10,2016-17,True,20170210_Oakland@DetroitU,1,7.5,151.0,0.7431203805254674,0.7357933790128217,0.67741033198561,1.409042577195702,1.0,20170210_Dartmouth@Yale,1,15.0,126.5,0.8582921945306174,0.8541915053161697,0.8213366110953054,1.1621301024522852,1.0,0.6378144222016309,0.6285084540206332,0.5563819063940066,0.044415245015783755,1,0.6374907945960733,1.2109925144065508,1.2248350705527253,0.48326610182196994
2017-02-11,2016-17,True,20170211_MinnesotaU@Rutgers,1,6.0,121.5,0.7753613715608118,0.7633283991516095,0.6429368148382311,1.4845937858452873,1.0,20170211_Oklahoma@IowaState,1,10.0,133.5,0.8284550282336763,0.8192927185351747,0.7311269225984495,1.3055188784563905,1.0,0.6423520269677143,0.6253893992760251,0.470068414857925,0.2449843539782679,1,0.9381652142600663,1.3055188784563905,1.2109925144065508,0.5809735892271244
2017-02-12,2016-17,True,20170212_Cincinnati@SMU,1,9.5,114.0,0.803175287301839,0.7953669419147993,0.7102585027925757,1.3438769071360948,0.0,20170212_NorthernIowa@MissouriSt,1,9.5,114.0,0.7938846416056814,0.7861484758899457,0.7102585027925757,1.3438769071360948,0.0,0.6376285251061606,0.6252765091595665,0.5044671407891513,0.15156039473026062,0,-1.0,1.2248350705527253,1.3242209092932395,-1.0
2017-02-13,2016-17,True,20170213_Rider@Fairfield,1,9.0,139.5,0.7579100634608176,0.7523344585582817,0.7102585027925757,1.3438769071360948,0.0,20170213_Villanova@Depaul,-1,14.5,152.0,0.8356568320550714,0.8324586507412234,0.8068851893856057,1.182944008089669,1.0,0.6333527226143248,0.6262873282775561,0.5730970665385242,0.006860542517931556,0,-1.0,1.3242209092932395,1.182944008089669,-1.0
2017-02-14,2016-17,True,20170214_Tulsa@CentralFlorida,1,12.0,117.5,0.8330340005552445,0.826795262773092,0.7701346717443924,1.2393936216869852,1.0,20170214_Texas@Oklahoma,1,8.5,129.0,0.7664983728390832,0.7585789305866965,0.6885541060187251,1.3862381934209866,1.0,0.6385192059452268,0.6271894662485589,0.5302793904169845,0.09703651151305759,1,0.7180947750648601,1.2109925144065508,1.3242209092932395,0.6036216085747492
2017-02-15,2016-17,True,20170215_Bradley@NorthernIowa,1,8.0,111.5,0.7584706189388967,0.7512699024356155,0.67741033198561,1.409042577195702,1.0,20170215_Tulane@SMU,1,13.0,123.5,0.8386197115289858,0.8336172306783162,0.7792885939894483,1.2248350705527253,1.0,0.6360684116577489,0.6262715355603466,0.5278981451669914,0.0977553380923748,1,0.7258447644512915,1.409042577195702,1.2109925144065508,0.7063400134641096
2017-02-16,2016-17,True,20170216_MemphisU@Connecticut,1,8.0,121.5,0.7736401978023891,0.7657177416705399,0.6885541060187251,1.3862381934209866,1.0,20170216_EasternKentucky@Belmont,1,11.0,130.5,0.823741057162921,0.8168987590673941,0.7511007524852459,1.270801549381685,1.0,0.6372791944014713,0.6255138729665515,0.5171735071574702,0.12265246948615016,1,0.7616336440114579,1.3055188784563905,1.131492458028748,0.47718476478755556
2017-02-17,2016-17,True,20170217_California@Stanford,1,13.0,111.5,0.8521941185476252,0.8458973923578987,0.7792885939894483,1.2248350705527253,1.0,20170217_Valparaiso@Oakland,1,6.5,136.0,0.7496400476715778,0.7400793941381248,0.6545904068157233,1.4581637464612365,1.0,0.6388388396534799,0.6260312296392534,0.510114837766406,0.14097261687441875,1,0.7860100952742748,1.105227663622961,1.2547034662868435,0.38673298058383865
2017-02-18,2016-17,True,20170218_CentralFlorida@EastCarolina,1,5.5,114.0,0.7583836134729822,0.745600082300584,0.6192039347062813,1.5414953725266072,1.0,20170218_FlaAtlantic@SouthernMiss,1,13.0,116.5,0.8472132702458823,0.8401224946993308,0.7792885939894483,1.2248350705527253,1.0,0.6425126612713344,0.626395401190393,0.4825385636699921,0.21311375919993236,1,0.8880775933653264,1.2877265344900157,1.1978322321832218,0.5424803492497401
2017-02-19,2016-17,True,20170219_Fairfield@St.Peter's,1,9.0,115.5,0.7925685790828442,0.7845691099832615,0.699506621090224,1.3645331884240828,1.0,20170219_UNLV@SanDiegoState,1,9.5,124.0,0.8045182022626781,0.7973184211819159,0.72080118453154,1.3242209092932395,1.0,0.637635848413615,0.6255514040799549,0.5042052010694885,0.15217187484563777,1,0.8069433795357424,1.2109925144065508,1.2547034662868435,0.5194365054733194
2017-02-20,2016-17,True,20170220_MiamiFlorida@Virginia,1,14.5,100.0,0.8545027821076899,0.8508577384631875,0.8052664076902518,1.1853220137889464,1.0,20170220_CoastalCarolina@SouthAlabama,1,7.5,133.0,0.7439963580734028,0.7366404162186124,0.67741033198561,1.409042577195702,1.0,0.6357469578517118,0.6267761986043496,0.545495784570313,0.06180497853515465,1,0.6701691851159766,1.1135355656840693,1.270801549381685,0.4150827221629265
2017-02-21,2016-17,True,20170221_EastCarolina@Tulane,1,9.0,127.5,0.7836311034828208,0.7761839806082678,0.7102585027925757,1.3438769071360948,1.0,20170221_YoungstownState@Oakland,1,12.0,150.5,0.8115354040943203,0.8054493722715452,0.7607375173870663,1.2547034662868435,1.0,0.6359443842258091,0.6251768999481585,0.5403202901174787,0.07230844319529539,1,0.6861670136465006,1.2109925144065508,1.1978322321832218,0.4505658666887711
2017-02-22,2016-17,True,20170222_Oregon@California,1,8.0,120.5,0.7821918436541929,0.7726227229006266,0.67741033198561,1.409042577195702,1.0,20170222_NorthernIowa@IndianaState,1,10.0,113.5,0.8181954711048406,0.8098734190845965,0.7311269225984495,1.3055188784563905,1.0,0.6399858240130062,0.6257266062579813,0.495272931361033,0.1772742012725721,1,0.8395316850778349,1.2248350705527253,1.3242209092932395,0.6219522108615791
2017-02-23,2016-17,True,20170223_Pacific@SantaClara,1,10.5,113.0,0.8286690420349175,0.8214600141766972,0.7412288047461996,1.2877265344900157,1.0,20170223_TexSanAntonio@FloridaIntl,1,8.0,125.5,0.7720279378924448,0.7630100159351942,0.67741033198561,1.409042577195702,1.0,0.6397556517175251,0.6267822185070866,0.5021160507004199,0.16081200896912717,1,0.8144615148811019,1.2393936216869852,1.3242209092932395,0.6412309486825809
2017-02-24,2016-17,True,20170224_OregonState@California,1,12.5,108.0,0.8481485332588938,0.8433054766875757,0.7792885939894483,1.2248350705527253,1.0,20170224_St.Peter's@Niagara,1,7.5,122.0,0.7486921692782884,0.7411460849429597,0.6660854595063395,1.432999304184504,0.0,0.6350021652357998,0.6250125524579532,0.5190728012155109,0.1145480558356673,0,-1.0,1.1411869552697125,1.2877265344900157,-1.0
2017-02-25,2016-17,True,20170225_IllinoisState@NorthernIowa,1,11.0,102.5,0.8393723273942024,0.8315962487445024,0.7511007524852459,1.270801549381685,1.0,20170225_PennState@MinnesotaU,1,7.0,134.5,0.7630841242240708,0.7526519955532228,0.6545904068157233,1.4581637464612365,1.0,0.640511697347525,0.6259025761121241,0.491663347128913,0.18689171287223938,1,0.853036748255142,1.1513909820988062,1.3438769071360948,0.5473277519273343
2017-02-26,2016-17,True,20170226_Cincinnati@CentralFlorida,1,8.5,114.0,0.7891925986118152,0.7804242385708253,0.6885541060187251,1.3862381934209866,0.0,20170226_EastCarolina@Tulsa,1,10.0,118.5,0.8092867798423058,0.8021260736956644,0.7311269225984495,1.3055188784563905,1.0,0.6386831368059374,0.6259986303017445,0.503420444575997,0.15586327768364483,0,-1.0,1.270801549381685,1.1978322321832218,-1.0
2017-02-27,2016-17,True,20170227_ULMonroe@CoastalCarolina,1,6.5,127.0,0.7417419854497087,0.7321067260940871,0.6429368148382311,1.4845937858452873,1.0,20170227_SouthAlabama@TexasState,1,15.0,111.5,0.8645720681431347,0.8598974848290635,0.8213366110953054,1.1621301024522852,1.0,0.6412894023888496,0.6295367323947456,0.5280675446476426,0.1064109167068994,1,0.7252911284444097,1.3645331884240828,1.1411869552697125,0.5571874746621519
2017-02-28,2016-17,True,20170228_MississippiSt@SouthCarolina,1,14.0,122.5,0.8620178946068735,0.8562318936463831,0.8052664076902518,1.1853220137889464,0.0,20170228_Wyoming@ColoradoState,1,7.0,140.5,0.7391490475397814,0.73032409288165,0.6545904068157233,1.4581637464612365,1.0,0.6371597057609182,0.6253267810236322,0.5271196654049981,0.1012627502172907,0,-1.0,1.1853220137889464,1.409042577195702,-1.0
2017-03-01,2016-17,True,20170301_Connecticut@EastCarolina,1,7.5,119.0,0.7680579093302241,0.7587942365622342,0.6660854595063395,1.432999304184504,1.0,20170301_CalIrvine@CalRiverside,1,11.5,117.0,0.8335776033336975,0.8266192547502909,0.7511007524852459,1.270801549381685,1.0,0.6402358712809785,0.6272339263358899,0.5002972898546924,0.16590648627407933,1,0.8210577360205442,1.3438769071360948,1.1734310962634797,0.5769469523838822
2017-03-02,2016-17,True,20170302_HolyCross@Navy,1,4.5,112.0,0.7525488259596028,0.7373105202837232,0.5949926681535457,1.604221448580403,0.0,20170302_Nebraska@MinnesotaU,1,11.5,127.0,0.8561573763411489,0.8480305002478346,0.7607375173870663,1.2547034662868435,1.0,0.6443002284021854,0.625261809354197,0.45263324523463494,0.29686181106990284,0,-1.0,1.432999304184504,1.2248350705527253,-1.0
2017-03-03,2016-17,True,20170303_YoungstownState@ClevelandState,1,7.5,134.0,0.7676772070833945,0.7586836693353196,0.67741033198561,1.409042577195702,1.0,20170303_MissouriSt@NorthernIowa,1,12.0,111.5,0.8322272181798738,0.8253850476900596,0.7607375173870663,1.2547034662868435,1.0,0.6388818665111082,0.6262061565960022,0.5153314542070813,0.1294988052657151,1,0.7679306057531945,1.2877265344900157,1.1978322321832218,0.5424803492497401
2017-03-04,2016-17,True,20170304_Oregon@OregonState,1,11.5,120.0,0.8442125685213828,0.836768478245738,0.7511007524852459,1.270801549381685,1.0,20170304_UNLV@FresnoState,1,6.5,134.0,0.7582207145253435,0.7472407008943927,0.6429368148382311,1.4845937858452873,0.0,0.6400994569155584,0.6252674641706796,0.4829103254254625,0.20762705109509083,0,-1.0,1.1978322321832218,1.3438769071360948,-1.0
2017-03-05,2016-17,True,20170305_Cincinnati@Connecticut,1,9.0,113.5,0.8138951876532085,0.8054291774845942,0.7102585027925757,1.3438769071360948,1.0,20170305_MinnesotaU@Wisconsin,1,7.5,124.0,0.7861363667848449,0.7768011184016379,0.67741033198561,1.409042577195702,0.0,0.6398326057653628,0.625658285863344,0.481136448172321,0.21157408528738375,0,-1.0,1.2248350705527253,1.3055188784563905,-1.0
2017-03-06,2016-17,True,20170306_NewHampshire@Vermont,1,7.0,123.5,0.7517324065652287,0.7432119470669833,0.6545904068157233,1.4581637464612365,0.0,20170306_BowlingGreen@Toledo,1,14.0,133.5,0.8464342635824398,0.8414240579900997,0.7968561659593066,1.1978322321832218,1.0,0.6362920659620945,0.6253564124478243,0.52161440184892,0.11137033324668022,0,-1.0,1.4845937858452873,1.2109925144065508,-1.0
2017-03-07,2016-17,True,20170307_AlabamaState@TexasSouthern,1,10.5,133.0,0.8014569659843318,0.7952768372486763,0.7311269225984495,1.3055188784563905,1.0,20170307_Pittsburgh@GeorgiaTech,1,10.5,119.0,0.7917512753953554,0.7859091350363396,0.7311269225984495,1.3055188784563905,1.0,0.6345545749925867,0.625015331276543,0.5345465769482791,0.0815218359036971,1,0.7043795420060317,1.2393936216869852,1.2248350705527253,0.5180527740615763
2017-03-08,2016-17,True,20170308_UNLV@SanDiegoState,1,7.5,121.0,0.7665320947090755,0.7574698480020519,0.6660854595063395,1.432999304184504,0.0,20170308_OregonState@California,1,11.0,107.5,0.8328046719635204,0.8266854296121597,0.7511007524852459,1.270801549381685,1.0,0.6383715096837017,0.6261892867138336,0.5002972898546924,0.16251137616461886,0,-1.0,1.3862381934209866,1.1621301024522852,-1.0
2017-03-09,2016-17,True,20170309_CalRiverside@CalIrvine,1,10.5,116.0,0.8166071889315093,0.8101209205546165,0.7412288047461996,1.2877265344900157,1.0,20170309_TexasA&M@Vanderbilt,1,9.0,121.5,0.7802377523002849,0.7726338799934827,0.699506621090224,1.3645331884240828,0.0,0.637147757604175,0.6259268701120052,0.5184944566627594,0.119561374953979,0,-1.0,1.2393936216869852,1.3055188784563905,-1.0
2017-03-10,2016-17,True,20170310_California@Oregon,1,12.0,115.5,0.8295405319853696,0.8233182871518555,0.7607375173870663,1.2547034662868435,1.0,20170310_MemphisU@CentralFlorida,1,8.0,122.5,0.7686678557798519,0.7606879341697462,0.6885541060187251,1.3862381934209866,1.0,0.6376411420036716,0.6262882870177189,0.5238089411993558,0.10906063062881732,1,0.7393178663845237,1.2109925144065508,1.409042577195702,0.7063400134641096
2017-03-11,2016-17,True,20170311_Connecticut@Cincinnati,1,8.5,112.0,0.775226803906651,0.7681263359301436,0.6885541060187251,1.3862381934209866,1.0,20170311_Pennsylvania@Princeton,1,12.0,114.5,0.8204104357479859,0.8145462468347276,0.7607375173870663,1.2547034662868435,1.0,0.636004159996574,0.6256744240268096,0.5238089411993558,0.10621339857692225,1,0.7393178663845237,1.2393936216869852,1.2109925144065508,0.5008963982661636
2017-03-12,2016-17,True,20170312_Arkansas@Kentucky,-1,10.0,172.5,0.7677880061907534,0.7631869355044065,0.7269211240705739,1.3130723105899609,1.0,20170312_Cincinnati@SMU,1,13.0,113.5,0.8226866433707634,0.8190793205202077,0.7881964493131113,1.2109925144065508,1.0,0.6316489376334018,0.6251106365628489,0.5729566489231219,0.0043980754975303515,1,0.590120738998956,1.1409350417513906,1.1978322321832218,0.3666487678371255
2017-03-14,2016-17,True,20170314_CSBakersfield@California,1,5.5,115.0,0.7643474383685878,0.7512201130392507,0.6192039347062813,1.5414953725266072,1.0,20170314_IndianaU@GeorgiaTech,1,12.5,127.0,0.8408953621083458,0.834072906502272,0.7701346717443924,1.2393936216869852,1.0,0.6427362159635401,0.6265723431056132,0.47687041899785815,0.22796009488813906,1,0.9105195325694802,1.3242209092932395,1.1411869552697125,0.5111836275808421
2017-03-15,2016-17,True,20170315_Hampton@CoastalCarolina,1,5.5,135.0,0.7406048440654397,0.7305071539008339,0.6311370056553789,1.512349919981063,1.0,20170315_CalIrvine@IllinoisState,1,13.5,111.0,0.8627001577352906,0.8571083372780852,0.7881964493131113,1.2109925144065508,1.0,0.6389199157947751,0.62612377204969,0.4974599468876787,0.17014632244263317,1,0.8314444322604133,1.2877265344900157,1.0898468982575127,0.40342476941783967
2017-03-16,2016-17,True,20170316_MountStMarys@Villanova,-1,11.5,145.0,0.8313077468632127,0.8255994185291089,0.746206313895308,1.279136858300445,1.0,20170316_ETennesseeSt@Florida,1,9.0,133.5,0.7642795049422586,0.7577212553125549,0.699506621090224,1.3645331884240828,1.0,0.6353514732272807,0.6255742277931917,0.5219762572690979,0.10895815181231239,1,0.7454246956874704,1.22024901687449,1.1734310962634797,0.4318781415854662
2017-03-17,2016-17,True,20170317_NewMexicoState@Baylor,-1,6.5,141.0,0.772728989449219,0.7630252737206795,0.6535116920005868,1.4605706549457464,0.0,20170317_OklahomaState@Michigan,-1,11.5,167.0,0.8263924962281652,0.8198252099075821,0.7555353015461477,1.2633426896753674,0.0,0.6385774384988077,0.6255473551928464,0.4937511532795965,0.17830389392127377,0,-1.0,1.4858712590859258,1.2482848970417342,-1.0
2017-03-18,2016-17,True,20170318_MiddleTennSt@Butler,-1,8.5,150.0,0.7636436672320631,0.7578203111999491,0.6965114721269701,1.3704009742800045,1.0,20170318_SaintMarysCA@Arizona,-1,13.0,144.5,0.8299730415854502,0.8257476953477361,0.7735442004098848,1.23393078184056,1.0,0.6338036571800628,0.6257683754610621,0.5387824097827688,0.07174927375741813,1,0.6909799456283912,1.2957015284991003,1.4133759170345968,0.8313133360455445
2017-03-19,2016-17,True,20170319_Belmont@GeorgiaTech,1,5.0,128.5,0.7519517842184219,0.7396348079858891,0.6192039347062813,1.5414953725266072,0.0,20170319_USC@Baylor,-1,15.0,157.5,0.8518526692962161,0.847869292106825,0.8068851893856057,1.182944008089669,0.0,0.640552134568515,0.6271136410645632,0.49962648412379,0.1680485561185301,0,-1.0,1.3055188784563905,1.1609183854947178,-1.0
2017-03-20,2016-17,True,20170320_CSBakersfield@ColoradoState,1,2.5,123.0,0.7259751361710789,0.7082796187936572,0.5455976888894147,1.7494575571662003,1.0,20170320_CentralFlorida@IllinoisState,1,15.0,107.5,0.8918661579597651,0.8855474650230728,0.8134265429298616,1.1734310962634797,1.0,0.6474726554712175,0.6272152209502315,0.4438036419038388,0.3291758300084908,1,1.0528678991719636,1.2393936216869852,1.0759826367336596,0.3335660170136421
2017-03-21,2016-17,True,20170321_GeorgiaTech@Mississippi,1,8.0,133.5,0.7716489440302912,0.7627155751254903,0.67741033198561,1.409042577195702,1.0,20170321_Richmond@TCU,1,14.5,135.0,0.8240174253966426,0.8207665401439308,0.8052664076902518,1.1853220137889464,1.0,0.6358521761698784,0.626011423709637,0.545495784570313,0.06198071092786628,1,0.6701691851159766,1.2877265344900157,1.1734310962634797,0.5110583590541908
2017-03-22,2016-17,True,20170322_CSBakersfield@UTArlington,1,4.0,133.5,0.7403021330943027,0.7259929992178225,0.5949926681535457,1.604221448580403,1.0,20170322_Illinois@CentralFlorida,1,14.5,114.0,0.8687489952928668,0.8631276813816438,0.8052664076902518,1.1853220137889464,1.0,0.6431367343388416,0.6266246541141846,0.4791276084860438,0.22293671865360576,1,0.901518997994744,1.2877265344900157,1.1411869552697125,0.4695367231146794
2017-03-23,2016-17,True,20170323_WestVirginia@Gonzaga,1,10.0,137.5,0.7617460818316542,0.7568805704401681,0.72080118453154,1.3242209092932395,0.0,20170323_Michigan@Oregon,-1,15.0,160.5,0.8310842539962928,0.8277448176464979,0.8068851893856057,1.182944008089669,1.0,0.6330751741536593,0.6265039697591742,0.5816038002901005,-0.008300913960198497,0,-1.0,1.2109925144065508,1.2633426896753674,-1.0
2017-03-24,2016-17,True,20170324_Wisconsin@Florida,1,9.0,122.5,0.7677996397671125,0.7623557621197505,0.7102585027925757,1.3438769071360948,1.0,20170324_SouthCarolina@Baylor,1,15.0,120.5,0.8285157087540302,0.8253180754421209,0.8134265429298616,1.1734310962634797,0.0,0.6361340627227383,0.6291859903948839,0.5777431185131043,0.0031496715181995594,0,-1.0,1.3862381934209866,1.1853220137889464,-1.0
2017-03-25,2016-17,True,20170325_St.Peter's@TexasState,1,14.0,102.5,0.8435069166663216,0.8400660038462872,0.8052664076902518,1.1853220137889464,0.0,20170325_Furman@Campbell,1,9.5,129.0,0.7497454757561364,0.7451894687544419,0.7102585027925757,1.3438769071360948,1.0,0.632415494539583,0.6260083391248817,0.5719473130752342,0.007391641751206546,0,-1.0,1.1222830902775085,1.2248350705527253,-1.0
2017-03-26,2016-17,True,20170326_SouthCarolina@Florida,1,8.0,127.5,0.7588384884864195,0.7509170554888429,0.67741033198561,1.409042577195702,1.0,20170326_Liberty@MDBaltimoreCo,1,15.0,128.5,0.8372762291564879,0.8330712123061935,0.8134265429298616,1.1734310962634797,1.0,0.6353574281787183,0.6255673817574876,0.5510235444920245,0.05050910567492117,1,0.6534143760406714,1.3645331884240828,1.1222830902775085,0.5313925234908015
2017-03-28,2016-17,True,20170328_CSBakersfield@GeorgiaTech,1,3.5,117.0,0.7428712674773924,0.7264453984436536,0.5704171506252144,1.6733367833589958,1.0,20170328_TCU@CentralFlorida,1,14.5,116.0,0.8665185342308099,0.860865548856735,0.8052664076902518,1.1853220137889464,1.0,0.643711721816694,0.6253718166456455,0.45933776976887564,0.2767654608907024,1,0.9834429257982029,1.409042577195702,1.1411869552697125,0.6079810085153521
2017-03-29,2016-17,True,20170329_CoastalCarolina@Wyoming,1,7.5,148.0,0.7503142049964984,0.7425274532818752,0.67741033198561,1.409042577195702,0.0,20170329_Furman@St.Peter's,1,14.0,111.5,0.8465875313309525,0.8420853763808264,0.7968561659593066,1.1978322321832218,1.0,0.6352066505305318,0.6252715099699644,0.5397985999272742,0.07209963489805937,0,-1.0,1.3645331884240828,1.2248350705527253,-1.0
2017-03-31,2016-17,True,20170331_CoastalCarolina@Wyoming,1,9.0,144.5,0.7818805667531458,0.7735540536872899,0.699506621090224,1.3645331884240828,0.0,20170331_St.Peter's@TexasA&MCorpus,1,14.5,115.0,0.8114685285689592,0.8083058094921225,0.8052664076902518,1.1853220137889464,1.0,0.6344714730198391,0.6252682355516177,0.5632891839208708,0.02620128353690454,0,-1.0,1.3645331884240828,1.2109925144065508,-1.0
2017-04-01,2016-17,True,20170401_SouthCarolina@Gonzaga,1,9.0,129.5,0.7626293179184896,0.7565883284723387,0.699506621090224,1.3645331884240828,1.0,20170401_Oregon@NorthCarolina,1,13.0,135.5,0.8322317453766016,0.827367245809081,0.7881964493131113,1.2109925144065508,1.0,0.6346843283266719,0.6259764015394552,0.5513486350143265,0.048777439459223304,1,0.6524394768408677,1.3438769071360948,1.1222830902775085,0.5082103282932768
2017-11-19,2017-18,True,20171119_Mercer@Colorado,-1,7.5,151.0,0.7453802385967474,0.7375635197152306,0.6605468082288837,1.4450149302201452,1.0,20171119_OldDominion@Dayton,1,15.0,111.5,0.8554859617066066,0.8512104745833292,0.8239540852750892,1.158438336623243,1.0,0.6376623302530383,0.6278217936521522,0.5442602411556096,0.06742167571471946,1,0.6739606921599763,1.33803846653199,1.158438336623243,0.5500350555072331
2017-11-20,2017-18,True,20171120_NebraskaOmaha@TCU,1,11.5,153.0,0.7783059378633266,0.7749205465912568,0.7639942540602025,1.2493549459663682,1.0,20171120_Troy@Kentucky,-1,15.0,161.5,0.8173987511036533,0.8144262865036389,0.8040481217466279,1.1871180022491026,1.0,0.6361863015860407,0.6311156630956873,0.6142881450023219,-0.056451898757741925,1,0.4831317475556305,1.1478929036617025,1.144379575861301,0.3136251942265762
2017-11-21,2017-18,True,20171121_Montana@CalSantaBarb,-1,8.0,151.5,0.7778948090691774,0.7700437925045727,0.6821820487261823,1.3991866273560096,0.0,20171121_OralRoberts@Pepperdine,-1,12.5,162.0,0.8189466398083196,0.8134525239756248,0.7614115208511224,1.2535927995061582,1.0,0.6370543400115372,0.626394066584607,0.5194212712179369,0.11739986207529318,0,-1.0,1.4450149302201452,1.1871180022491026,-1.0
2017-11-22,2017-18,True,20171122_Belmont@Providence,-1,7.0,158.5,0.7537410506252508,0.745606278144426,0.6605468082288837,1.4450149302201452,1.0,20171122_CalPolySLO@CollCharleston,-1,13.5,148.0,0.8439051507836443,0.8388395546478431,0.7791389841701661,1.2250702626779801,1.0,0.6360859549797246,0.6254440383013061,0.5146577691602979,0.12602786696564272,1,0.7702448201383965,1.3991866273560096,1.144379575861301,0.6012005991644744
2017-11-23,2017-18,True,20171123_Vanderbilt@Virginia,-1,7.5,133.0,0.7477902903387581,0.7409523227731822,0.6605468082288837,1.4450149302201452,1.0,20171123_Florida@Stanford,-1,15.0,166.5,0.8478839311154907,0.8439678120465341,0.8118966777664716,1.1756422044068837,0.0,0.6340393710224204,0.6253399106816799,0.5362957591102773,0.07711910537121636,0,-1.0,1.3574678159599172,1.1756422044068837,-1.0
2017-11-24,2017-18,True,20171124_Pepperdine@TexasA&M,-1,9.5,158.0,0.8314068624163652,0.8237235797957257,0.7133576678658062,1.33803846653199,1.0,20171124_BYU@Alabama,-1,7.5,161.0,0.769209374792456,0.759246976014559,0.6605468082288837,1.4450149302201452,1.0,0.6395259528374497,0.6254096370317921,0.4712061306343584,0.23651419591827105,1,0.9334855613475936,1.2849808550564477,1.2849808550564477,0.6511757978615993
2017-11-25,2017-18,True,20171125_MoreheadState@VirginiaTech,-1,15.0,172.5,0.8788292752761298,0.8733198737919832,0.8118966777664716,1.1756422044068837,1.0,20171125_BallState@IndianaState,1,5.0,144.5,0.7274274874225224,0.7164946474618519,0.623381080327933,1.5311661359659487,1.0,0.6392845715874713,0.6257290150940159,0.5061210281007228,0.15077841488425725,1,0.8001035314001783,1.1756422044068837,1.625987520137474,0.9115795525125023
2017-11-26,2017-18,True,20171126_Temple@LaSalle,1,7.5,132.0,0.7449093144951708,0.7376031693317565,0.6700465115975797,1.4245279745195645,1.0,20171126_CalIrvine@UCLA,-1,15.0,167.5,0.8522397649542827,0.8482251394992081,0.8040481217466279,1.1871180022491026,1.0,0.6348413390976202,0.6256535512014871,0.5387496391329141,0.07356927134629831,1,0.6910828032596259,1.400985700390339,1.1542970631199783,0.6171536794336541
2017-11-27,2017-18,True,20171127_Wisconsin@Virginia,-1,14.0,132.5,0.8581950175791231,0.8545516300253583,0.7959717353111166,1.1991631833847973,1.0,20171127_SouthCarolina@FloridaIntl,1,7.5,127.0,0.738915903506874,0.732385619432049,0.6700465115975797,1.4245279745195645,1.0,0.6341339467995754,0.6258613248927892,0.5333380845754857,0.08325392495462336,1,0.7082415007455785,1.3018336814967515,1.475235098513436,0.9205107393709691
2017-11-28,2017-18,True,20171128_Iowa@VirginiaTech,-1,13.0,176.5,0.8244538739161648,0.8190152533647892,0.77038588240854,1.2389894750093866,1.0,20171128_Iona@Ohio,1,9.0,142.5,0.7709904652111716,0.7642780701268994,0.7139355675146972,1.3369553828544205,1.0,0.6356460757957765,0.6259553972461347,0.5500058821626518,0.052930973955503946,1,0.6564736479137718,1.2689121533652636,1.206423314103068,0.5308452053685819
2017-11-29,2017-18,True,20171129_OralRoberts@KansasState,-1,14.5,154.0,0.8650878413409232,0.8607531244870512,0.7959717353111166,1.1991631833847973,1.0,20171129_Evansville@NewMexico,1,6.0,131.5,0.7345599006205851,0.7263418110897594,0.6470155170262896,1.475235098513436,1.0,0.635458838763465,0.6252009833410939,0.5150060638606351,0.12415694439979985,1,0.769047616974357,1.1542970631199783,1.5025167630709624,0.7343506869013481
2017-11-30,2017-18,True,20171130_SouthFlorida@Elon,1,7.5,126.0,0.7562864620665367,0.7495396811243756,0.6813060259887447,1.400985700390339,1.0,20171130_WeberState@FresnoState,-1,14.0,154.5,0.8403183313661519,0.8360851999116322,0.7876682484266144,1.2118045914718993,1.0,0.6355213778385627,0.6266790341345747,0.5366431241330519,0.07893792829845125,1,0.6977209043194874,1.400985700390339,1.2118045914718993,0.6977209043194874
2017-12-01,2017-18,True,20171201_EasternIllinois@Bradley,1,8.0,123.5,0.7504689534534621,0.74503247879556,0.6923804760630453,1.3785772895090809,0.0,20171201_Illinois@Northwestern,-1,15.0,161.5,0.8444950491963901,0.8410416223903096,0.8118966777664716,1.1756422044068837,1.0,0.6337673157670448,0.6266033246996917,0.5621414082659545,0.027155335521082735,0,-1.0,1.2493549459663682,1.1092287431456753,-1.0
2017-12-02,2017-18,True,20171202_SouthAlabama@FloridaIntl,1,5.5,123.0,0.7372754841112673,0.726424625480181,0.623381080327933,1.5311661359659487,1.0,20171202_SaintMarysCA@California,-1,13.5,160.0,0.8659987387710408,0.8609106722247308,0.7876682484266144,1.2118045914718993,1.0,0.638479639367166,0.625386712642741,0.4910174836441937,0.18468246861790205,1,0.8554741538698232,1.5311661359659487,1.2535927995061582,0.9194588428945805
2017-12-03,2017-18,True,20171203_PortlandU@BoiseState,1,7.5,132.0,0.7484824950065205,0.7416403196996928,0.6700465115975797,1.4245279745195645,0.0,20171203_Temple@GeoWashington,1,14.5,124.0,0.8477973184615554,0.8445908586089188,0.8161357501430968,1.1695358276275034,1.0,0.6345614521819426,0.6263826343941565,0.5468489123734559,0.057202543149518004,0,-1.0,1.2817928526240852,1.3369553828544205,-1.0
2017-12-04,2017-18,True,20171204_SacramentoState@SaintMarysCA,-1,5.5,144.0,0.7477824736608991,0.7387751005093497,0.6270084279435205,1.5223080862415126,1.0,20171204_NoIllinois@IowaState,-1,15.0,164.5,0.852270972313566,0.8487433025918844,0.8040481217466279,1.1871180022491026,0.0,0.637313295906018,0.6270304186789568,0.5041449488072935,0.15172667147234487,0,-1.0,1.4450149302201452,1.1542970631199783,-1.0
2017-12-05,2017-18,True,20171205_MiamiOhio@Missouri,1,7.0,125.5,0.7423096145201364,0.7354842944354869,0.6700465115975797,1.4245279745195645,0.0,20171205_ColoradoState@Arkansas,-1,15.0,170.5,0.8557680079743053,0.8516426688851125,0.8118966777664716,1.1756422044068837,1.0,0.6352448201180716,0.626369807436122,0.5440085367150885,0.06386686608060432,0,-1.0,1.3572505015516783,1.1349350977202013,-1.0
2017-12-06,2017-18,True,20171206_RhodeIsland@Alabama,-1,10.5,156.0,0.7760575720022416,0.7712902075536742,0.7233762704950771,1.3195069273515736,1.0,20171206_MiddleTennSt@Vanderbilt,-1,12.5,152.0,0.8158469321048393,0.8115744666942091,0.77038588240854,1.2389894750093866,1.0,0.6331441892547592,0.6259594388618389,0.5572788664587487,0.0350990671078677,1,0.634855195190575,1.3018336814967515,1.2118045914718993,0.5775680325705297
2017-12-07,2017-18,True,20171207_Drexel@LaSalle,1,8.0,129.5,0.7590863048326411,0.7530134299270896,0.6923804760630453,1.3785772895090809,1.0,20171207_Ohio@Maryland,1,14.0,132.5,0.8367218003931716,0.8329606576685727,0.7997494984447628,1.1934987166058542,1.0,0.6351440596333673,0.6272305618253363,0.5537309384643666,0.04502171903371899,1,0.6453302257710651,1.4245279745195645,1.1695358276275034,0.6660365036582698
2017-12-08,2017-18,True,20171208_AirForce@CalRiverside,1,11.5,122.0,0.7788787457589794,0.7748622167953414,0.754445625862877,1.2651673855333394,0.0,20171208_St.Johns@ArizonaState,-1,14.0,173.5,0.8121584650398402,0.8085454366915265,0.7959717353111166,1.1991631833847973,1.0,0.6325729666077687,0.6265113094545536,0.6005173940159557,-0.040296889692975735,0,-1.0,1.2343174439001774,1.1647100911856574,-1.0
2017-12-09,2017-18,True,20171209_SEMissouriSt@SoIllinois,-1,14.5,160.0,0.8609922219403098,0.8560862714660472,0.7959717353111166,1.1991631833847973,1.0,20171209_IPFW@MiamiOhio,1,6.0,136.5,0.7401617033185988,0.7302014658095688,0.6470155170262896,1.475235098513436,1.0,0.6372734695354048,0.6251154502839561,0.5150060638606351,0.12736711264258815,1,0.769047616974357,1.1991631833847973,1.3572505015516783,0.6275648320913234
2017-12-10,2017-18,True,20171210_IUPUI@Purdue,-1,12.0,157.5,0.8037053872139213,0.800106490099829,0.7522191331122366,1.2689121533652636,1.0,20171210_LaSalle@Villanova,1,10.5,129.0,0.7860585502183576,0.7821221596370952,0.7346426153445511,1.2992712103317539,1.0,0.6317594914760587,0.6257810159765345,0.5526122312617846,0.04155725349173833,1,0.6486610293075581,1.3574678159599172,1.206423314103068,0.6376808213186169
2017-12-11,2017-18,True,20171211_FloridaIntl@SouthFlorida,1,5.0,116.5,0.7375570604398336,0.7265968549826474,0.6113697065620377,1.561248438964229,1.0,20171211_AlabamaA&M@Depaul,-1,15.0,155.5,0.8645958995833338,0.8612473341258532,0.8118966777664716,1.1756422044068837,1.0,0.6376888101650172,0.6257796043380341,0.496369033644781,0.17045839752165892,1,0.8354695564107122,1.2817928526240852,1.2118045914718993,0.5532824641257299
2017-12-12,2017-18,True,20171212_Fordham@Rutgers,1,13.5,108.0,0.8528460091476481,0.8487322257448785,0.7911816597390909,1.206423314103068,1.0,20171212_WiscGreenBay@IndianaState,1,7.0,137.5,0.7448403848457937,0.7372412895980393,0.6700465115975797,1.4245279745195645,1.0,0.6352341496677335,0.6257204406315684,0.5301285111481612,0.09170309344967764,1,0.7185837600524239,1.110722402657237,1.3369553828544205,0.48498629508958824
2017-12-13,2017-18,True,20171213_ArkansasLR@Bradley,1,6.0,117.5,0.7368018098528837,0.727595419204691,0.6352674548862387,1.5025167630709624,1.0,20171213_WesternKentucky@Wisconsin,-1,14.5,149.0,0.8649613707221765,0.8606265730945335,0.7959717353111166,1.1991631833847973,0.0,0.6373051034009307,0.6261879522294137,0.5056549384524759,0.14827261780284662,0,-1.0,1.4245279745195645,1.125942068786628,-1.0
2017-12-14,2017-18,True,20171214_SantaClara@USC,-1,14.5,155.0,0.8313688126424038,0.8283283470918049,0.7959717353111166,1.1991631833847973,1.0,20171214_Valparaiso@Northwestern,-1,10.0,149.5,0.758331978255235,0.7548193338147624,0.7233762704950771,1.3195069273515736,1.0,0.6304535563508199,0.6252382511317195,0.5757870653088503,-0.0024307355882838833,1,0.5823041275012055,1.2118045914718993,1.3195069273515736,0.5989845530436149
2017-12-15,2017-18,True,20171215_UCDavis@SanFrancisco,1,7.0,121.5,0.7455397274244278,0.7383954906439159,0.6700465115975797,1.4245279745195645,1.0,20171215_DenverU@Stanford,-1,15.0,159.5,0.8512862833370664,0.8472874341887499,0.8040481217466279,1.1871180022491026,1.0,0.6346677436392706,0.6256332206842266,0.5387496391329141,0.0732757070519594,1,0.6910828032596259,1.3176441722212962,1.1756422044068837,0.5490780992541282
2017-12-16,2017-18,True,20171216_Davidson@Virginia,1,13.0,108.5,0.8572314938877543,0.8513607826366348,0.7823651931455532,1.2200184879932694,1.0,20171216_EasternIllinois@SouthAlabama,1,6.5,124.0,0.7454865774229182,0.7357257050842296,0.6470155170262896,1.475235098513436,0.0,0.6390545724375172,0.6263680120863997,0.506202419946443,0.15017942651457905,0,-1.0,1.1025652147672964,1.3785772895090809,-1.0
2017-12-17,2017-18,True,20171217_OldDominion@Fairfield,1,9.5,126.0,0.7723000284349966,0.7674576074527781,0.7243989083873043,1.3176441722212962,1.0,20171217_Furman@NCWilmington,-1,13.5,177.0,0.8183188379620816,0.8145583847055013,0.7791389841701661,1.2250702626779801,1.0,0.6319876618270089,0.6251390290566837,0.5644074296148615,0.020158713095876468,1,0.614206692179253,1.3572505015516783,1.1991631833847973,0.6275648320913234
2017-12-18,2017-18,True,20171218_TennesseeState@Texas,1,8.5,115.0,0.7700474024016322,0.7635070484006447,0.6923804760630453,1.3785772895090809,0.0,20171218_NebraskaOmaha@Kansas,1,12.0,144.5,0.8249046522969101,0.8199776578931053,0.7733018800933296,1.2343174439001774,1.0,0.6352156847302572,0.6260587213324383,0.5354191238794676,0.08088427715816593,0,-1.0,1.2200184879932694,1.110722402657237,-1.0
2017-12-19,2017-18,True,20171219_Elon@Canisius,1,4.5,136.0,0.7376226814548172,0.7253786290561329,0.6113697065620377,1.561248438964229,0.0,20171219_Dartmouth@NotreDame,-1,15.0,155.5,0.8715620591754178,0.8675988651260546,0.8040481217466279,1.1871180022491026,0.0,0.6428839431432538,0.6293376753557942,0.49157066425399343,0.191512182057052,0,-1.0,1.3572505015516783,1.1991631833847973,-1.0
2017-12-20,2017-18,True,20171220_ArkansasLR@MississippiSt,1,8.0,120.5,0.7601671354521675,0.7536718444447842,0.6813060259887447,1.400985700390339,0.0,20171220_Evansville@Duke,-1,13.5,160.0,0.8340626211808437,0.8305719464013552,0.7791389841701661,1.2250702626779801,1.0,0.6340269935307683,0.6259786907884038,0.5308320849978834,0.08818428242733067,0,-1.0,1.400985700390339,1.2118045914718993,-1.0
2017-12-21,2017-18,True,20171221_MiamiOhio@Depaul,1,6.5,124.0,0.752328165434641,0.7427690653299484,0.6470155170262896,1.475235098513436,1.0,20171221_TennesseeState@Purdue,1,13.0,119.5,0.8487881298252209,0.8437679103601818,0.7823651931455532,1.2200184879932694,1.0,0.6385672165541083,0.626724702133636,0.506202419946443,0.14930227652666828,1,0.7998140943229639,1.1934987166058542,1.1378731767521786,0.3580501761139514
2017-12-22,2017-18,True,20171222_FlaGulfCoast@WichitaState,-1,13.0,172.5,0.8613733254650916,0.8551974739016618,0.77038588240854,1.2389894750093866,1.0,20171222_Elon@IndianaState,1,6.0,131.5,0.7420902630553922,0.7313761178861831,0.6352674548862387,1.5025167630709624,1.0,0.6392167576832878,0.6254710084882678,0.48940107879796235,0.1899674856808411,1,0.8616024554700945,1.2389894750093866,1.2817928526240852,0.5881278535434993
2017-12-23,2017-18,True,20171223_Princeton@Akron,-1,10.5,153.0,0.7932816546042083,0.7870709333984165,0.7233762704950771,1.3195069273515736,1.0,20171223_WiscGreenBay@Wisconsin,1,10.5,124.0,0.7999800065509793,0.7940935236940656,0.7346426153445511,1.2992712103317539,1.0,0.6346094632470463,0.6250079308995258,0.5314230352346909,0.0879727900344307,1,0.7143973625412126,1.2389894750093866,1.206423314103068,0.49474578857964446
2017-12-25,2017-18,True,20171225_MiddleTennSt@MiamiFlorida,-1,15.0,148.5,0.8362458305147685,0.8331456777092794,0.8040481217466279,1.1871180022491026,0.0,20171225_Princeton@Hawaii,-1,10.5,144.0,0.7538707249890177,0.7501885670211097,0.7233762704950771,1.3195069273515736,1.0,0.6304212505192118,0.6250163620805556,0.5816293316076474,-0.01250157943668051,0,-1.0,1.2118045914718993,1.4450149302201452,-1.0
2017-12-27,2017-18,True,20171227_FlaGulfCoast@RhodeIsland,-1,6.0,159.5,0.7514872694914435,0.7428131554332974,0.6383184738018055,1.4953350704625967,1.0,20171227_ColoradoState@BoiseState,1,14.5,124.0,0.8483277651944281,0.8436848754996854,0.8080676509712759,1.1812129824188808,1.0,0.6375075158997392,0.62670022456127,0.5158045096965949,0.12603538931697078,1,0.7663091982966712,1.5505626562712578,1.1478929036617025,0.7798798698166165
2017-12-28,2017-18,True,20171228_TennesseeState@TennMartin,1,4.5,123.0,0.7322521375235287,0.7209616815666763,0.6113697065620377,1.561248438964229,0.0,20171228_LoyolaMarymount@SaintMarysCA,-1,14.0,162.5,0.8731731098649937,0.8677000794807851,0.7876682484266144,1.2118045914718993,1.0,0.6393828761267086,0.6255785083980054,0.4815565059088135,0.20966638317785447,0,-1.0,1.3785772895090809,1.1542970631199783,-1.0
2017-12-29,2017-18,True,20171229_Kansas@Texas,1,7.0,126.5,0.776495778895115,0.766991981742271,0.6700465115975797,1.4245279745195645,1.0,20171229_GeorgiaState@SouthAlabama,1,10.5,118.0,0.8231281031227164,0.815666390261387,0.7446601048257903,1.2817928526240852,1.0,0.6391554975647322,0.6256095811071458,0.49895690556440875,0.16706583767284022,1,0.8259497761022427,1.206423314103068,1.158438336623243,0.3975670172530583
2017-12-30,2017-18,True,20171230_Drexel@Elon,1,3.5,132.0,0.7300906680027484,0.7152696864244732,0.5747265153230763,1.6607899140749374,1.0,20171230_Jacksonville@Michigan,1,14.5,120.0,0.8828589758600932,0.8782484392572834,0.8080676509712759,1.1812129824188808,1.0,0.6445670994379178,0.62818448575034,0.4644179051880252,0.2644773206772144,1,0.9617466075756536,1.5025167630709624,1.119311380874699,0.6817841128603419
2017-12-31,2017-18,True,20171231_NorthernIowa@Bradley,1,8.5,107.0,0.79112523244359,0.7831729345516877,0.7032600090467948,1.3572505015516783,1.0,20171231_ULMonroe@ArkansasLR,1,10.0,111.5,0.8054210187728572,0.7987219569615142,0.7346426153445511,1.2992712103317539,1.0,0.6371888906916298,0.6255374189244158,0.51664477231337,0.12364214843449539,1,0.7634365018744289,1.2200184879932694,1.1478929036617025,0.4004505647035539
2018-01-01,2017-18,True,20180101_Texas@IowaState,1,9.5,128.0,0.7767202037327824,0.7715864990674574,0.7243989083873043,1.3176441722212962,1.0,20180101_YoungstownState@ClevelandState,-1,15.0,168.5,0.8194715800967137,0.8164907510734064,0.8040481217466279,1.1871180022491026,1.0,0.6365001326459446,0.6299932401416884,0.5824515816841196,-0.004387054288628067,1,0.5641991174025176,1.2992712103317539,1.144379575861301,0.4868594366082515
2018-01-02,2017-18,True,20180102_Ohio@CentralMichigan,1,6.0,143.5,0.747943445847024,0.7367789249239988,0.6352674548862387,1.5025167630709624,0.0,20180102_Towson@Elon,1,14.5,123.0,0.8554207765871119,0.8500589084005569,0.8080676509712759,1.1812129824188808,1.0,0.6398063632897018,0.6263054886534303,0.5133390800084239,0.1355234114347459,0,-1.0,1.475235098513436,1.0948189681177432,-1.0
2018-01-03,2017-18,True,20180103_SouthDakotaState@NDakotaSt,1,7.5,136.0,0.7483185885307803,0.7402575749364917,0.6700465115975797,1.4245279745195645,1.0,20180103_MemphisU@CentralFlorida,1,14.0,108.5,0.8526268278208582,0.848073346713347,0.7997494984447628,1.1934987166058542,1.0,0.6380365043383812,0.6277927190062967,0.5358693615848273,0.08477199703584248,1,0.700172309358237,1.2343174439001774,1.1025652147672964,0.36091547762481935
2018-01-04,2017-18,True,20180104_Pacific@SaintMarysCA,-1,14.0,158.5,0.8686923910661091,0.8637479573258066,0.7876682484266144,1.2118045914718993,1.0,20180104_JacksonvilleSt@TennesseeState,1,5.5,118.0,0.7344491729074728,0.7248740363791305,0.6352674548862387,1.5025167630709624,1.0,0.6380104081295187,0.6261084682409863,0.500380003472677,0.16166173308902576,1,0.820756712252888,1.1871180022491026,1.3369553828544205,0.5871238031903239
2018-01-05,2017-18,True,20180105_William&Mary@Delaware,-1,12.0,166.5,0.8229902143071739,0.8173507282911933,0.7522191331122366,1.2689121533652636,1.0,20180105_St.Peter's@Iona,1,8.5,130.0,0.7721772212289006,0.7651734340897,0.7032600090467948,1.3572505015516783,1.0,0.635494296782291,0.6254150636222896,0.5290056343576837,0.09446839549452246,1,0.7222316565800242,1.1756422044068837,1.2992712103317539,0.5274780698368229
2018-01-06,2017-18,True,20180106_CentralMichigan@KentState,1,13.5,128.0,0.8510106765313976,0.844040143362723,0.7911816597390909,1.206423314103068,1.0,20180106_BoiseState@Wyoming,1,6.5,143.0,0.7507634859389457,0.7408222276884978,0.6586125553436295,1.449258736803145,1.0,0.6389077420839726,0.6252836992644916,0.5210821746617766,0.11707877300773628,1,0.7484195282468764,1.110722402657237,1.3785772895090809,0.5312166792522279
2018-01-07,2017-18,True,20180107_SouthFlorida@WichitaState,1,12.5,121.0,0.8490351045597025,0.8443037828671099,0.7823651931455532,1.2200184879932694,1.0,20180107_Davidson@GeorgeMason,1,7.0,132.5,0.7485270826832906,0.7406535277609324,0.6700465115975797,1.4245279745195645,1.0,0.6355257699117768,0.6253365752824253,0.5242210684625446,0.1045123077046548,1,0.7379504655774736,1.110722402657237,1.1812129824188808,0.31199972188222014
2018-01-09,2017-18,True,20180109_Syracuse@Virginia,1,13.0,96.5,0.8592281269399867,0.8545882731669456,0.7911816597390909,1.206423314103068,1.0,20180109_CentralMichigan@EasternMichigan,1,7.0,128.5,0.7409962917724784,0.7328823760703449,0.6586125553436295,1.449258736803145,1.0,0.6366848558491425,0.6263126842004441,0.5210821746617766,0.113192235305688,1,0.7484195282468764,1.119311380874699,1.2817928526240852,0.4347253278659844
2018-01-10,2017-18,True,20180110_WiscGreenBay@IllinoisChicago,1,5.5,135.0,0.7481278359871677,0.7370946967351351,0.6352674548862387,1.5025167630709624,1.0,20180110_NorthernIowa@IndianaState,1,13.5,110.0,0.8569865053104907,0.850579856416471,0.7911816597390909,1.206423314103068,1.0,0.6411354596881428,0.6269579013143134,0.5026119593351224,0.16216781692707927,1,0.8126712527994846,1.2343174439001774,1.1934987166058542,0.47315628517908004
2018-01-11,2017-18,True,20180111_TennesseeState@EasternIllinois,1,5.0,114.5,0.7453394801895198,0.7342474108804773,0.623381080327933,1.5311661359659487,1.0,20180111_SaintMarysCA@SantaClara,-1,14.5,149.0,0.8565041668957609,0.8525434712061835,0.7959717353111166,1.1991631833847973,1.0,0.6383863705342442,0.625977836396195,0.4961937202687435,0.17215274285256577,1,0.8361180578959264,1.2817928526240852,1.2849808550564477,0.6470792757701402
2018-01-12,2017-18,True,20180112_St.Peter's@Canisius,1,9.0,120.5,0.7648030952508784,0.7591646849704109,0.7139355675146972,1.3369553828544205,1.0,20180112_WiscMilwaukee@IllinoisChicago,1,13.0,119.5,0.8279009000871624,0.8233857222529546,0.7911816597390909,1.206423314103068,1.0,0.63318117094765,0.6250853624432985,0.5648527272530479,0.02127952982713599,1,0.6129341437911662,1.1934987166058542,1.1378731767521786,0.3580501761139514
2018-01-13,2017-18,True,20180113_Cincinnati@SouthFlorida,1,12.5,108.0,0.8696780652672504,0.8631387096128744,0.7733018800933296,1.2343174439001774,1.0,20180113_NorthTexas@Rice,1,4.5,128.0,0.7377808305923791,0.7255254033057816,0.6113697065620377,1.561248438964229,1.0,0.6416318053408453,0.6262290604007127,0.47277334351653094,0.23647336999107949,1,0.9270761824754692,1.110722402657237,1.2992712103317539,0.443129640443062
2018-01-14,2017-18,True,20180114_Davidson@Fordham,1,11.5,120.0,0.8230827101295398,0.8173592721833935,0.754445625862877,1.2651673855333394,0.0,20180114_IndianaState@MissouriSt,1,9.0,125.5,0.7724734877692228,0.7659752174815811,0.7032600090467948,1.3572505015516783,1.0,0.6358095718163098,0.6260769462712618,0.5305714376696417,0.09177981402714885,0,-1.0,1.119311380874699,1.3176441722212962,-1.0
2018-01-15,2017-18,True,20180115_WiscMilwaukee@WiscGreenBay,1,8.0,132.5,0.7516797116525153,0.7442653744886205,0.6813060259887447,1.400985700390339,1.0,20180115_Maryland@Michigan,1,14.5,120.0,0.8442677245034352,0.8406437234319233,0.8080676509712759,1.1812129824188808,1.0,0.6346189197122675,0.6256620156315688,0.5505413600132999,0.050207050425816746,1,0.6548624974842769,1.3176441722212962,1.119311380874699,0.4748541179105188
2018-01-16,2017-18,True,20180116_Drake@NorthernIowa,1,9.5,119.0,0.7933665099540183,0.7865269444889597,0.7139355675146972,1.3369553828544205,1.0,20180116_Pittsburgh@Syracuse,1,10.0,113.5,0.8008257536095499,0.7947993974763351,0.7243989083873043,1.3176441722212962,0.0,0.6353483332225052,0.625131141578728,0.5171741457665172,0.11924961741501394,0,-1.0,1.1934987166058542,1.1812129824188808,-1.0
2018-01-17,2017-18,True,20180117_TexasTech@Texas,1,7.0,120.5,0.7571769190791309,0.748932962508367,0.6700465115975797,1.4245279745195645,1.0,20180117_Fordham@LaSalle,1,12.0,118.5,0.8407747556387564,0.835271278917817,0.7733018800933296,1.2343174439001774,1.0,0.6366152391140627,0.6255621934180733,0.5181482271683853,0.11937313425367146,1,0.7583197282732859,1.3572505015516783,1.2817928526240852,0.739713992109396
2018-01-18,2017-18,True,20180118_WrightState@WiscGreenBay,1,7.5,132.0,0.7889629989821788,0.778860396134681,0.6813060259887447,1.400985700390339,1.0,20180118_TennMartin@EasternIllinois,1,9.5,121.0,0.8116072750485988,0.8030115853150906,0.7139355675146972,1.3369553828544205,1.0,0.6403281097180965,0.6254339214392497,0.48640860431545746,0.19937000667147609,1,0.8730553734389341,1.2493549459663682,1.2493549459663682,0.5608877810106268
2018-01-19,2017-18,True,20180119_IndianaU@MichiganState,1,12.5,128.0,0.8243040983868775,0.8199134620252394,0.7733018800933296,1.2343174439001774,1.0,20180119_Canisius@Manhattan,1,9.5,125.0,0.7674464376978706,0.76264894097885,0.7243989083873043,1.3176441722212962,1.0,0.6326092438867641,0.6253061335078515,0.560179037793458,0.028870098835669156,1,0.6263911866261553,1.110722402657237,1.2200184879932694,0.35510186627013374
2018-01-20,2017-18,True,20180120_CentralFlorida@SouthFlorida,1,9.0,105.5,0.8241760405806676,0.8159560222409253,0.7139355675146972,1.3369553828544205,1.0,20180120_Texas@WestVirginia,1,8.0,127.5,0.7755701164821741,0.766610467292951,0.6813060259887447,1.400985700390339,1.0,0.6392063077949655,0.6255204275006133,0.48640860431545746,0.19726880955142123,1,0.8730553734389341,1.1934987166058542,1.3572505015516783,0.6198767317145799
2018-01-21,2017-18,True,20180121_BostonCollege@Louisville,1,6.5,137.0,0.745564051027171,0.7364008749631623,0.6470155170262896,1.475235098513436,1.0,20180121_Rutgers@Michigan,1,13.0,110.5,0.8545136017635322,0.8492196656785594,0.7823651931455532,1.2200184879932694,0.0,0.6370946225886378,0.6253661048416154,0.506202419946443,0.14665188115239958,0,-1.0,1.3369553828544205,1.1934987166058542,-1.0
2018-01-22,2017-18,True,20180122_IowaState@Texas,1,6.0,129.5,0.7491629642867141,0.7400150768779755,0.6470155170262896,1.475235098513436,1.0,20180122_MichiganState@Illinois,1,14.5,129.0,0.8499997581988067,0.8461052443247826,0.8161357501430968,1.1695358276275034,1.0,0.6367883384952082,0.6261306374258623,0.5280524943424745,0.09867658417620384,1,0.7253403018850528,1.2992712103317539,1.1025652147672964,0.4325312410603954
2018-01-23,2017-18,True,20180123_MiamiOhio@CentralMichigan,1,5.0,130.5,0.7285760646131617,0.717483218205163,0.6113697065620377,1.561248438964229,1.0,20180123_Clemson@Virginia,1,14.5,102.0,0.8768063125927921,0.8723173500082151,0.8161357501430968,1.1695358276275034,0.0,0.6388200926568341,0.6258730595800938,0.4989606740797736,0.16644459524846966,0,-1.0,1.2651673855333394,1.110722402657237,-1.0
2018-01-24,2017-18,True,20180124_BostonCollege@Syracuse,1,5.5,125.0,0.7509612498706709,0.7404172416229046,0.6352674548862387,1.5025167630709624,1.0,20180124_Temple@Cincinnati,1,12.0,111.5,0.8522234835242626,0.8462202933105148,0.7639942540602025,1.2493549459663682,1.0,0.6399868123565173,0.6265560953782966,0.4853406853245353,0.20136836403992997,1,0.8771767493400846,1.3785772895090809,1.119311380874699,0.5430572495629091
2018-01-25,2017-18,True,20180125_EasternIllinois@Belmont,1,12.0,120.5,0.8496815531583038,0.8428751331272359,0.7639942540602025,1.2493549459663682,1.0,20180125_Elon@Drexel,1,6.0,135.5,0.7526460941943848,0.7424055318999906,0.6470155170262896,1.475235098513436,1.0,0.6395095022936159,0.625755161534601,0.49431613729587637,0.17867501821668874,1,0.8430922667909435,1.1478929036617025,1.2817928526240852,0.47136091949147785
2018-01-26,2017-18,True,20180126_CSBakersfield@SeattleU,1,7.5,129.0,0.741788375393987,0.7344245294705635,0.6700465115975797,1.4245279745195645,0.0,20180126_DetroitU@WrightState,1,14.5,137.0,0.8567630390037368,0.8521447043762129,0.8161357501430968,1.1695358276275034,1.0,0.635536862800197,0.6258359735523326,0.5468489123734559,0.05882761284558602,0,-1.0,1.3572505015516783,1.1378731767521786,-1.0
2018-01-27,2017-18,True,20180127_Syracuse@Pittsburgh,1,10.0,108.5,0.817823252899006,0.810222361364976,0.7243989083873043,1.3176441722212962,1.0,20180127_Drake@Evansville,1,7.5,122.0,0.7818616892534913,0.7728088459144712,0.6813060259887447,1.400985700390339,1.0,0.6394246700224021,0.6261470080205648,0.49353734150393896,0.1803783523213469,1,0.8460006434847009,1.1812129824188808,1.206423314103068,0.42504288091135534
2018-01-28,2017-18,True,20180128_Connecticut@Temple,1,5.5,122.0,0.7387856708885753,0.7285393203621179,0.623381080327933,1.5311661359659487,1.0,20180128_NorthernIowa@LoyolaChicago,1,14.0,107.5,0.86472301133942,0.8599816559463705,0.7997494984447628,1.1934987166058542,1.0,0.6388449700651825,0.6265304511470575,0.49854870633221887,0.1674539301696194,1,0.8274448181857046,1.400985700390339,1.110722402657237,0.5561062032259894
2018-01-29,2017-18,True,20180129_NCGreensboro@TennesseeChat,1,9.0,116.5,0.7827288483484339,0.7764239583543393,0.7139355675146972,1.3369553828544205,1.0,20180129_IllinoisChicago@WiscMilwaukee,1,11.5,125.0,0.8121580040059557,0.8065159043300549,0.754445625862877,1.2651673855333394,1.0,0.6356994991525445,0.6261982709156709,0.538625566059394,0.07526812337370381,1,0.691472346300652,1.1934987166058542,1.1812129824188808,0.40977617855510773
2018-01-30,2017-18,True,20180130_Akron@MiamiOhio,1,7.5,126.0,0.7410662855308059,0.7341498724456927,0.6700465115975797,1.4245279745195645,1.0,20180130_Rutgers@Illinois,1,14.5,117.0,0.8579787326488687,0.8536389318113827,0.8161357501430968,1.1695358276275034,1.0,0.6358191124685255,0.626698912904004,0.5468489123734559,0.05929785109616659,1,0.6660365036582698,1.2817928526240852,1.1378731767521786,0.4585177051536049
2018-01-31,2017-18,True,20180131_Louisville@Virginia,1,11.0,110.5,0.8384046797131133,0.8316268907442166,0.7446601048257903,1.2817928526240852,1.0,20180131_Connecticut@CentralFlorida,1,6.5,112.0,0.7623985717518577,0.7536021902811237,0.6586125553436295,1.449258736803145,1.0,0.6391985303633513,0.6267158463615224,0.49044249450176874,0.1874068242177387,1,0.8576494904372816,1.158438336623243,1.2200184879932694,0.41331618788052693
2018-02-01,2017-18,True,20180201_GardnerWebb@Radford,1,6.0,121.5,0.7596521985282877,0.7486991433428444,0.6352674548862387,1.5025167630709624,1.0,20180201_VMI@NCGreensboro,1,12.0,117.5,0.8424049457772069,0.8357929425024271,0.7639942540602025,1.2493549459663682,1.0,0.6399347691107582,0.6257574600635624,0.4853406853245353,0.20127066966903073,1,0.8771767493400846,1.3369553828544205,1.1812129824188808,0.5792290551424466
2018-02-02,2017-18,True,20180202_WiscGreenBay@WiscMilwaukee,1,6.0,133.5,0.7516709380866108,0.7420442833193015,0.6470155170262896,1.475235098513436,1.0,20180202_Harvard@Columbia,1,13.5,122.0,0.8482964255157487,0.8426773564939556,0.7997494984447628,1.1934987166058542,1.0,0.6376397699429416,0.6253039150689608,0.517450335227754,0.1226867296475167,1,0.7606911967676966,1.3369553828544205,1.110722402657237,0.48498629508958824
2018-02-03,2017-18,True,20180203_Rice@NorthTexas,1,4.5,130.0,0.737732367884211,0.7250593202143938,0.5992471915575169,1.592831828746894,1.0,20180203_Virginia@Syracuse,1,12.5,97.0,0.8696318267736941,0.8631569840792056,0.7733018800933296,1.2343174439001774,1.0,0.6415555467532293,0.6258400161147751,0.46339897987207546,0.26133676973287123,1,0.9660601114217113,1.3785772895090809,1.119311380874699,0.5430572495629091
2018-02-04,2017-18,True,20180204_GeorgiaTech@BostonCollege,1,9.0,126.5,0.7842028579914008,0.7775526970409907,0.7139355675146972,1.3369553828544205,1.0,20180204_Tulsa@SouthFlorida,1,11.0,124.5,0.8100268907114533,0.8044475335040795,0.7446601048257903,1.2817928526240852,0.0,0.6352254027458097,0.6255003493040697,0.5316393345443545,0.08858567995534927,0,-1.0,1.2343174439001774,1.2493549459663682,-1.0
2018-02-05,2017-18,True,20180205_Syracuse@Louisville,1,6.0,124.5,0.7454723903758704,0.7358199154189545,0.6352674548862387,1.5025167630709624,1.0,20180205_IndianaU@Rutgers,1,15.0,113.5,0.8536924131395746,0.8498657681060219,0.8161357501430968,1.1695358276275034,0.0,0.6364041238689038,0.6253481576052379,0.5184644808350763,0.11831935584167907,0,-1.0,1.4245279745195645,1.1478929036617025,-1.0
2018-02-06,2017-18,True,20180206_CentralFlorida@Cincinnati,1,12.0,105.5,0.8486480257481703,0.8437250506086675,0.7733018800933296,1.2343174439001774,1.0,20180206_BostonCollege@NotreDame,1,7.5,132.0,0.7479598058337658,0.7415029611979002,0.6813060259887447,1.400985700390339,1.0,0.6347546125598101,0.6256246234631752,0.5268552308160112,0.09765645233856635,1,0.729261088646503,1.119311380874699,1.2817928526240852,0.4347253278659844
2018-02-07,2017-18,True,20180207_EastCarolina@Temple,1,12.0,123.5,0.8380645922292446,0.8324979034761955,0.7639942540602025,1.2493549459663682,1.0,20180207_GeorgeMason@Fordham,1,8.0,129.5,0.7609214294162365,0.7533283271175305,0.6813060259887447,1.400985700390339,1.0,0.6377013074622122,0.6271442529545737,0.5205138891119919,0.11618671810296433,1,0.7503284140108264,1.158438336623243,1.4245279745195645,0.6502278172757217
2018-02-08,2017-18,True,20180208_WiscGreenBay@WrightState,1,4.0,133.5,0.7339962277480164,0.720461993581286,0.5870278757854789,1.625987520137474,0.0,20180208_SaintMarysCA@LoyolaMarymount,-1,15.0,161.5,0.8759538175274606,0.8712484022590155,0.8040481217466279,1.1871180022491026,1.0,0.6429467977466304,0.6277013607960406,0.47199866093822707,0.24104102031845542,0,-1.0,1.3572505015516783,1.144379575861301,-1.0
2018-02-09,2017-18,True,20180209_KentState@BallState,1,8.0,137.5,0.7548746371159832,0.7477507282375148,0.6813060259887447,1.400985700390339,1.0,20180209_Princeton@Harvard,1,13.0,116.5,0.8405690372105136,0.8359373283203139,0.7911816597390909,1.206423314103068,1.0,0.6345242469352178,0.6250727460124371,0.5390368324320193,0.07246134123726566,1,0.6901818116759206,1.3785772895090809,1.158438336623243,0.5969967821654785
2018-02-10,2017-18,True,20180210_Pennsylvania@Harvard,1,7.0,118.5,0.7718420812135041,0.7614437360216854,0.6586125553436295,1.449258736803145,1.0,20180210_WiscMilwaukee@WrightState,1,10.5,117.0,0.8289600610282916,0.8212637786507475,0.7346426153445511,1.2992712103317539,1.0,0.6398262587469499,0.6253461598751117,0.4838448501564019,0.2047801466207988,1,0.8829801530500911,1.3785772895090809,1.2651673855333394,0.7441310251238413
2018-02-11,2017-18,True,20180211_CentralFlorida@MemphisU,1,8.5,119.0,0.7741133733203793,0.7669608892972276,0.6923804760630453,1.3785772895090809,1.0,20180211_WakeForest@Syracuse,1,11.5,124.0,0.8214825973696503,0.8156404488386125,0.754445625862877,1.2651673855333394,1.0,0.635920664573807,0.6255643239880522,0.5223634215986209,0.10912896060054855,1,0.7441310251238413,1.3785772895090809,1.3176441722212962,0.816474331478271
2018-02-12,2017-18,True,20180212_ETennesseeSt@NCGreensboro,1,6.5,124.0,0.7321918859762998,0.7241009816496866,0.6470155170262896,1.475235098513436,1.0,20180212_Baylor@Texas,1,15.0,117.5,0.867413274001468,0.8632561075041575,0.8239540852750892,1.158438336623243,1.0,0.6351129610120118,0.6250845948588478,0.5331110784901854,0.08538829432355621,1,0.7089688936501306,1.2817928526240852,1.158438336623243,0.48487798008940675
2018-02-13,2017-18,True,20180213_MiamiOhio@EasternMichigan,1,6.0,119.5,0.7411652195778363,0.7327529940260914,0.6470155170262896,1.475235098513436,0.0,20180213_Virginia@MiamiFlorida,1,14.0,103.5,0.859444920556538,0.855179535227561,0.7997494984447628,1.1934987166058542,1.0,0.6369906832593426,0.6266353648678366,0.517450335227754,0.12154388843776465,0,-1.0,1.4245279745195645,1.1283540037936637,-1.0
2018-02-14,2017-18,True,20180214_St.Josephs@Fordham,1,6.5,128.0,0.7413143886090802,0.7322057044816659,0.6470155170262896,1.475235098513436,0.0,20180214_SouthFlorida@CentralFlorida,1,13.5,109.0,0.8595006956095108,0.854602130519908,0.7911816597390909,1.206423314103068,1.0,0.6371602326748437,0.6257445550288618,0.5119068106378059,0.13399103198072693,0,-1.0,1.3369553828544205,1.1025652147672964,-1.0
2018-02-15,2017-18,True,20180215_Marshall@Rice,1,5.5,152.0,0.7401262364286778,0.7295843959251122,0.6352674548862387,1.5025167630709624,1.0,20180215_MoreheadState@TennesseeState,1,14.5,115.0,0.8629982122376849,0.8575507850996368,0.8080676509712759,1.1812129824188808,1.0,0.6387276188681551,0.6256556715220242,0.5133390800084239,0.1336088641343367,1,0.7747923068414144,1.5311661359659487,1.1283540037936637,0.7276974399904514
2018-02-16,2017-18,True,20180216_IllinoisChicago@WiscGreenBay,1,4.5,142.0,0.7377873926084015,0.7246988111453592,0.5992471915575169,1.592831828746894,1.0,20180216_NorthernKentucky@WrightState,1,14.5,122.0,0.8742926726668411,0.868583525622203,0.8080676509712759,1.1812129824188808,1.0,0.6450421113434993,0.6294614483988551,0.48423227043301686,0.21362972590969154,1,0.8814736349258387,1.2651673855333394,1.1283540037936637,0.4275566849357053
2018-02-17,2017-18,True,20180217_SanJoseState@Wyoming,1,6.5,137.0,0.764118824667751,0.7531004124459358,0.6470155170262896,1.475235098513436,1.0,20180217_MiamiOhio@Ohio,1,11.0,124.5,0.8389607118606985,0.8311373907359328,0.754445625862877,1.2651673855333394,1.0,0.6410656730894168,0.6259299117624699,0.48813802668589196,0.19649736574164223,1,0.8664193326332621,1.3785772895090809,1.206423314103068,0.66314778235677
2018-02-18,2017-18,True,20180218_Drake@MissouriSt,1,7.5,133.0,0.7585826078167625,0.7516443107129454,0.6813060259887447,1.400985700390339,0.0,20180218_SouthFlorida@Tulsa,1,12.5,122.0,0.83723446138567,0.832133893154339,0.7733018800933296,1.2343174439001774,1.0,0.6351115010720041,0.6254687065408729,0.5268552308160112,0.09827360575568855,0,-1.0,1.400985700390339,1.206423314103068,-1.0
2018-02-19,2017-18,True,20180219_ClevelandState@WrightState,1,8.0,128.5,0.7584061360780325,0.7518786722818788,0.6813060259887447,1.400985700390339,1.0,20180219_DetroitU@IllinoisChicago,1,14.0,144.5,0.8361766188359074,0.8315849613684084,0.7997494984447628,1.1934987166058542,1.0,0.6341614785701344,0.6252509966432563,0.5448741525718931,0.06036532306426312,1,0.6720746353990232,1.400985700390339,1.1695358276275034,0.6385029706003127
2018-02-20,2017-18,True,20180220_VMI@Furman,1,11.5,128.0,0.8272619663588487,0.8217414440935368,0.7639942540602025,1.2493549459663682,1.0,20180220_KentState@Ohio,1,8.5,139.0,0.7675729785481986,0.7607257765060828,0.7032600090467948,1.3572505015516783,1.0,0.6349839315577012,0.6251198981452856,0.5372866060220772,0.07673439610457433,1,0.6956876270289232,1.1695358276275034,1.3572505015516783,0.5873530886300862
2018-02-21,2017-18,True,20180221_GeorgiaTech@Virginia,1,14.5,98.0,0.8839177042384818,0.8802234258054366,0.8161357501430968,1.1695358276275034,1.0,20180221_GeorgeMason@St.Josephs,1,6.0,142.5,0.7222556712825757,0.7135138856346164,0.6352674548862387,1.5025167630709624,1.0,0.6384145748333179,0.6280516367730505,0.5184644808350763,0.121852215141532,1,0.7572471860223955,1.1695358276275034,1.5311661359659487,0.7907536540621423
2018-02-22,2017-18,True,20180222_Rice@FlaAtlantic,1,8.0,129.5,0.778870813415052,0.7703070822322703,0.6813060259887447,1.400985700390339,1.0,20180222_GeorgiaState@TexasState,1,10.5,115.0,0.8186866655575579,0.8123774136539789,0.7446601048257903,1.2817928526240852,1.0,0.6376511491348718,0.6257800751831946,0.5073414167312212,0.1450770086899238,1,0.7957734573888844,1.3572505015516783,1.2493549459663682,0.6956876270289232
2018-02-23,2017-18,True,20180223_Harvard@Princeton,1,6.0,122.5,0.7429737418291315,0.7334225074792308,0.6352674548862387,1.5025167630709624,1.0,20180223_TennesseeChat@NCGreensboro,1,13.5,118.0,0.8580397798958721,0.8527819378409707,0.7911816597390909,1.206423314103068,1.0,0.6375010259074805,0.6254494671843223,0.5026119593351224,0.1555797832926693,1,0.8126712527994846,1.4245279745195645,1.1378731767521786,0.6209321717389233
2018-02-24,2017-18,True,20180224_Harvard@Pennsylvania,1,4.0,121.5,0.7250129999228684,0.713342314959443,0.5992471915575169,1.592831828746894,1.0,20180224_Virginia@Pittsburgh,1,15.0,98.5,0.8832509515392716,0.8791958239242659,0.8161357501430968,1.1695358276275034,1.0,0.6403684220602154,0.6271675843408107,0.4890670562029381,0.19292561414403653,1,0.8628738911049285,1.3785772895090809,1.0948189681177432,0.5092925655708871
2018-02-25,2017-18,True,20180225_CentralFlorida@Temple,1,11.5,116.0,0.8317053659123471,0.8255958367832285,0.754445625862877,1.2651673855333394,1.0,20180225_WrightState@IllinoisChicago,1,8.0,131.5,0.7668558019383326,0.7584700671031256,0.6813060259887447,1.400985700390339,1.0,0.6377980853531273,0.6261897297250364,0.514008351181228,0.13048525327815041,1,0.7724814157324396,1.1934987166058542,1.2493549459663682,0.4911035245960367
2018-02-26,2017-18,True,20180226_Texas@Kansas,1,9.5,129.0,0.7862884924537463,0.7800442173785932,0.7139355675146972,1.3369553828544205,1.0,20180226_JamesMadison@Elon,1,11.5,130.0,0.8075418906414554,0.802144801486997,0.754445625862877,1.2651673855333394,1.0,0.634960895785718,0.6257084139002316,0.538625566059394,0.07401879620383234,1,0.691472346300652,1.206423314103068,1.206423314103068,0.45545721281143003
2018-02-27,2017-18,True,20180227_BallState@CentralMichigan,1,7.5,142.0,0.757773308922705,0.7489629054888852,0.6700465115975797,1.4245279745195645,0.0,20180227_MiamiOhio@KentState,1,13.0,125.5,0.8414373874369363,0.8356229318789351,0.7823651931455532,1.2200184879932694,1.0,0.6376187933293633,0.6258505789531881,0.5242210684625446,0.10814987872771398,0,-1.0,1.3572505015516783,1.206423314103068,-1.0
2018-02-28,2017-18,True,20180228_Syracuse@BostonCollege,1,8.0,129.5,0.7557356036470808,0.7485339505910259,0.6813060259887447,1.400985700390339,1.0,20180228_FairDickinson@St.FrancisPA,-1,14.0,169.5,0.8412915780610059,0.8366961145617141,0.7876682484266144,1.2118045914718993,1.0,0.6357939985891394,0.6262954480770414,0.5366431241330519,0.07940076224565673,1,0.6977209043194874,1.475235098513436,1.1542970631199783,0.702859541625571
2018-03-01,2017-18,True,20180301_NorthFlorida@FlaGulfCoast,-1,10.0,181.5,0.8253867812591399,0.8173004417162376,0.7133576678658062,1.33803846653199,1.0,20180301_Virginia@Louisville,1,7.0,115.5,0.7743120642076314,0.764948274689865,0.6586125553436295,1.449258736803145,1.0,0.6391069423664574,0.6251925627941005,0.4698263165070708,0.23933313503476517,1,0.939163937800169,1.1871180022491026,1.3785772895090809,0.6365339178680027
2018-03-02,2017-18,True,20180302_Ohio@MiamiOhio,1,6.5,134.0,0.771288179561723,0.7601590652642451,0.6470155170262896,1.475235098513436,1.0,20180302_Cornell@Harvard,1,10.5,128.0,0.8308345664715145,0.8229357957935813,0.7346426153445511,1.2992712103317539,1.0,0.6408128802907678,0.6255621053029365,0.4753251715967003,0.2282655873000745,1,0.9167304919694361,1.400985700390339,1.206423314103068,0.6901818116759206
2018-03-03,2017-18,True,20180303_Wyoming@BoiseState,1,4.5,146.0,0.7244126989494531,0.7122023678230879,0.5992471915575169,1.592831828746894,1.0,20180303_NotreDame@Virginia,1,14.5,104.0,0.8826719353618279,0.8778719862556258,0.8080676509712759,1.1812129824188808,1.0,0.639418758982399,0.6252225072568139,0.48423227043301686,0.20304953670238302,1,0.8814736349258387,1.592831828746894,1.1378731767521786,0.8124406130082105
2018-03-04,2017-18,True,20180304_Temple@Tulsa,1,7.0,134.5,0.7475687888433493,0.7393705170835942,0.6586125553436295,1.449258736803145,0.0,20180304_Tulane@CentralFlorida,1,13.5,118.0,0.8533000685553925,0.8488911567455202,0.7997494984447628,1.1934987166058542,0.0,0.6379004987699017,0.6276450935106257,0.5267250608054913,0.10336912012628541,0,-1.0,1.3785772895090809,1.119311380874699,-1.0
2018-03-05,2017-18,True,20180305_Ohio@MiamiOhio,1,4.5,134.0,0.7404813624239208,0.7285487593465808,0.6113697065620377,1.561248438964229,0.0,20180305_WiscMilwaukee@WrightState,1,14.5,116.0,0.8664726405493857,0.8615682768782215,0.8080676509712759,1.1812129824188808,0.0,0.6416068413770614,0.6276944992119997,0.49402808265658404,0.1832301156480003,0,-1.0,1.449258736803145,1.1812129824188808,-1.0
2018-03-06,2017-18,True,20180306_Hartford@MDBaltimoreCo,1,8.0,131.5,0.7575901354111514,0.7499677985097084,0.6813060259887447,1.400985700390339,1.0,20180306_JacksonState@Southern,1,13.0,116.5,0.8388802909857584,0.8335894050837275,0.7911816597390909,1.206423314103068,1.0,0.6355274332416468,0.6251652109916607,0.5390368324320193,0.07415690848611445,1,0.6901818116759206,1.6973167304954224,1.3176441722212962,1.2364594983509978
2018-03-07,2017-18,True,20180307_FloridaA&M@Hampton,-1,6.0,157.5,0.744014769554144,0.7336495124227075,0.6270084279435205,1.5223080862415126,1.0,20180307_Fordham@GeoWashington,1,13.5,114.0,0.8599568564487817,0.8548003810506762,0.7911816597390909,1.206423314103068,1.0,0.6398206023772465,0.6271238827765732,0.49607756869075276,0.17506122621394526,1,0.8365479664893847,1.3195069273515736,1.1283540037936637,0.4888709245106231
2018-03-08,2017-18,True,20180308_EastCarolina@CentralFlorida,1,12.0,117.5,0.8493109256527358,0.8437443822200305,0.7733018800933296,1.2343174439001774,1.0,20180308_CalRiverside@UCDavis,1,7.0,122.5,0.7503670800291804,0.7416783566526448,0.6586125553436295,1.449258736803145,1.0,0.6372949593189237,0.6257869468398533,0.5093063273003008,0.140022117903283,1,0.7888453395608579,1.2817928526240852,1.5025167630709624,0.9259152478522354
2018-03-09,2017-18,True,20180309_TexasSouthern@PrairieViewA&M,-1,7.5,170.0,0.7504901859720481,0.7425456952237529,0.671443590791335,1.421563945342105,1.0,20180309_N.CarolinaA&T@Hampton,-1,14.5,162.0,0.8471746433115979,0.8422754224757506,0.7959717353111166,1.1991631833847973,0.0,0.6357962556097246,0.6254279891521364,0.5344501201257063,0.08383370446463934,0,-1.0,1.33803846653199,1.1991631833847973,-1.0
2018-03-10,2017-18,True,20180310_Yale@Pennsylvania,1,8.5,135.0,0.7729013113393283,0.7656918091437769,0.6923804760630453,1.3785772895090809,1.0,20180310_Cornell@Harvard,1,11.5,130.0,0.8243917194759024,0.8184318317120228,0.7639942540602025,1.2493549459663682,0.0,0.6371734410402086,0.6266665498844339,0.5289747053356342,0.09742443327896,0,-1.0,1.3572505015516783,1.3572505015516783,-1.0
2018-03-11,2017-18,True,20180311_Davidson@RhodeIsland,-1,13.5,156.0,0.8248833799696322,0.8212588177218193,0.7791389841701661,1.2250702626779801,1.0,20180311_Pennsylvania@Harvard,1,10.0,125.5,0.766033942089035,0.7617579016648364,0.7243989083873043,1.3176441722212962,1.0,0.6318886673218647,0.6256003937115174,0.5644074296148615,0.019998915503183667,1,0.614206692179253,1.1173798615754005,1.449258736803145,0.6193725267160379
2018-03-12,2017-18,True,20180312_CentralMichigan@IPFW,1,9.5,150.0,0.7646275028434047,0.7590351589992899,0.7139355675146972,1.3369553828544205,1.0,20180312_N.CarolinaA&T@Liberty,-1,15.0,152.5,0.8317971933451924,0.8287758109767565,0.8118966777664716,1.1756422044068837,1.0,0.6360150108196873,0.6290699794595077,0.5796419154045032,-0.00032357993491050063,1,0.5717811734926201,1.1934987166058542,1.2389894750093866,0.47873234831186395
2018-03-13,2017-18,True,20180313_NorthernKentucky@Louisville,1,9.5,137.0,0.7713697783557453,0.7662910959523318,0.7139355675146972,1.3369553828544205,0.0,20180313_NCAsheville@USC,-1,13.0,162.5,0.8192605668802816,0.8156281839184845,0.77038588240854,1.2389894750093866,0.0,0.6319528418900451,0.6250086149445055,0.5500058821626518,0.04681322931507803,0,-1.0,1.2651673855333394,1.2849808550564477,-1.0
2018-03-14,2017-18,True,20180314_CentralArkansas@SeattleU,-1,9.0,168.5,0.7743925216285071,0.7677205966682759,0.6927528822656138,1.3778362016746222,0.0,20180314_JacksonvilleSt@Canisius,1,11.5,129.0,0.8204099743475514,0.8151543715359417,0.7639942540602025,1.2493549459663682,1.0,0.6353193488041792,0.6258108004923266,0.5292592215345729,0.09364283964025444,0,-1.0,1.3574678159599172,1.158438336623243,-1.0
2018-03-15,2017-18,True,20180315_StephenF.Austin@TexasTech,-1,9.5,149.0,0.7955135959906511,0.789075748649546,0.7133576678658062,1.33803846653199,1.0,20180315_NCGreensboro@Gonzaga,1,10.0,125.5,0.7978307898386352,0.7923661175298041,0.7346426153445511,1.2992712103317539,1.0,0.634685240616594,0.6252368873943643,0.5240629427970256,0.10338433348039522,1,0.7384748578814626,1.2535927995061582,1.3176441722212962,0.6517892466078692
2018-03-16,2017-18,True,20180316_TexasSouthern@Xavier,-1,6.0,169.5,0.7421053252104792,0.7331235822171198,0.6383184738018055,1.4953350704625967,0.0,20180316_MDBaltimoreCo@Virginia,-1,14.5,135.0,0.8601227450587255,0.8568597342041913,0.8040481217466279,1.1871180022491026,1.0,0.6383016694427356,0.6281840777973858,0.5132387699365158,0.13307430307056278,0,-1.0,1.3778362016746222,1.1647100911856574,-1.0
2018-03-17,2017-18,True,20180317_PennState@NotreDame,1,9.0,130.5,0.7620653569315284,0.7569103561647051,0.7032600090467948,1.3572505015516783,1.0,20180317_RhodeIsland@Duke,-1,13.5,163.0,0.8306653635715274,0.8268902455411812,0.7791389841701661,1.2250702626779801,1.0,0.6330212967807939,0.625881790261696,0.5479372890562215,0.05254174634978459,1,0.6627272284557348,1.3176441722212962,1.1871180022491026,0.5641991174025176
2018-03-18,2017-18,True,20180318_Drake@No.Colorado,1,7.0,144.5,0.7561625664748133,0.7473323048280054,0.6586125553436295,1.449258736803145,1.0,20180318_MississippiSt@Baylor,1,12.5,123.0,0.8426877096805754,0.8375726010401949,0.7823651931455532,1.2200184879932694,1.0,0.6372089012888462,0.6259450623961563,0.5152755390695051,0.12666336548365753,1,0.7681224527856088,1.2992712103317539,1.2651673855333394,0.6437955602741625
2018-03-19,2017-18,True,20180319_NewOrleansU@Campbell,-1,6.5,151.0,0.7398506147151119,0.73212432588475,0.6495016081920147,1.4695883550727367,1.0,20180319_WashingtonU@SaintMarysCA,-1,14.5,159.0,0.857160242874538,0.8537876930425473,0.8040481217466279,1.1871180022491026,0.0,0.6341705326000816,0.6250787392174708,0.5222305481382037,0.10635792513173103,0,-1.0,1.6111492240110383,1.1542970631199783,-1.0
2018-03-20,2017-18,True,20180320_MississippiSt@Louisville,1,9.5,134.0,0.7660797413222512,0.7621873577487114,0.7243989083873043,1.3176441722212962,1.0,20180320_PennState@Marquette,-1,14.5,167.0,0.8249952284928764,0.8219442413072044,0.7959717353111166,1.1991631833847973,1.0,0.6320121312359143,0.6264755094987073,0.5766010561665211,-0.001376351551730104,1,0.5800703801293157,1.2992712103317539,1.144379575861301,0.4868594366082515
2018-03-21,2017-18,True,20180321_UtahU@SaintMarysCA,-1,14.0,153.5,0.8536466340058338,0.8500178678200493,0.7959717353111166,1.1991631833847973,1.0,20180321_JacksonvilleSt@NorthTexas,1,8.0,129.5,0.7443744317499328,0.7383649001723998,0.6813060259887447,1.400985700390339,1.0,0.6354327281033354,0.6276233581177068,0.5423003397841818,0.06753363769176479,1,0.6800104723566587,1.2389894750093866,1.2651673855333394,0.5675290748009505
2018-03-22,2017-18,True,20180322_TexasA&M@Michigan,1,8.5,126.0,0.7689444266235292,0.7624608349783103,0.6923804760630453,1.3785772895090809,1.0,20180322_Campbell@SanFrancisco,-1,12.5,156.0,0.8280274835703219,0.8228827478790587,0.7614115208511224,1.2535927995061582,1.0,0.636707118582505,0.6274158670371135,0.5271864712867875,0.1003410468554653,1,0.7281745636913002,1.2992712103317539,1.33803846653199,0.7384748578814626
2018-03-23,2017-18,True,20180323_Syracuse@Duke,1,11.0,122.5,0.7785480056627608,0.7754677994724891,0.7446601048257903,1.2817928526240852,1.0,20180323_TexasTech@Purdue,-1,13.5,152.0,0.8095861078338761,0.8066963562874284,0.7876682484266144,1.2118045914718993,1.0,0.6303016496663411,0.6255670482526872,0.5865451204413094,-0.02096350046375317,1,0.5532824641257299,1.3369553828544205,1.1871180022491026,0.5871238031903239
2018-03-24,2017-18,True,20180324_LoyolaChicago@KansasState,-1,15.0,141.5,0.8429989064295575,0.8399424730475036,0.8040481217466279,1.1871180022491026,1.0,20180324_CentralMichigan@Liberty,1,10.5,130.0,0.7521211477237814,0.7485001203538835,0.7346426153445511,1.2992712103317539,1.0,0.6340373050336914,0.628697042166395,0.5906880150228168,-0.02206831471930515,1,0.5423882435888052,1.1647100911856574,1.206423314103068,0.40513340817748733
2018-03-25,2017-18,True,20180325_Duke@Kansas,-1,10.5,166.0,0.7683602919409457,0.765021483167541,0.7331965776938472,1.3018336814967515,0.0,20180325_TexasTech@Villanova,-1,15.0,159.5,0.8267061816683534,0.8237808663837216,0.8118966777664716,1.1756422044068837,1.0,0.6352082030960805,0.6302100602059166,0.5952798655793812,-0.027819803994993175,0,-1.0,1.33803846653199,1.2118045914718993,-1.0
2018-03-27,2017-18,True,20180327_WesternKentucky@UtahU,-1,13.5,155.0,0.8117776853508236,0.8087518605274396,0.7791389841701661,1.2250702626779801,1.0,20180327_MississippiSt@PennState,1,11.0,126.5,0.7779110268035541,0.7743352204892133,0.7446601048257903,1.2817928526240852,1.0,0.6314908127474717,0.6262450502425765,0.5801937176260157,-0.008378623959190978,1,0.5702863066629456,1.1756422044068837,1.3176441722212962,0.5490780992541282
2018-03-28,2017-18,True,20180328_SanFrancisco@NorthTexas,1,7.5,134.0,0.7514169456507697,0.7440050888941608,0.6700465115975797,1.4245279745195645,0.0,20180328_IllinoisChicago@Liberty,1,15.0,127.5,0.8436897572172106,0.8401209906381619,0.8239540852750892,1.158438336623243,0.0,0.6339627804449958,0.6250542923215961,0.5520875605551482,0.046183015407792904,0,-1.0,1.3176441722212962,1.1378731767521786,-1.0
2018-03-30,2017-18,True,20180330_SanFrancisco@NorthTexas,1,7.0,133.5,0.7463119433255017,0.7385456752603167,0.6586125553436295,1.449258736803145,1.0,20180330_IllinoisChicago@No.Colorado,1,15.0,142.5,0.853932951583778,0.8498806128738,0.8161357501430968,1.1695358276275034,1.0,0.6373003605661709,0.6276756511255324,0.5375172519090349,0.08019862946533252,1,0.6949600161934564,1.449258736803145,1.1478929036617025,0.6635938195460533
2018-03-31,2017-18,True,20180331_LoyolaChicago@Michigan,1,12.5,117.0,0.82794934192614,0.8243711846004329,0.7823651931455532,1.2200184879932694,1.0,20180331_Kansas@Villanova,1,10.0,144.5,0.7645532372418679,0.7598476002219713,0.7243989083873043,1.3176441722212962,1.0,0.6330113496419045,0.6263964663107826,0.5667444918748612,0.017597553816947054,1,0.6075502507065689,1.2493549459663682,1.2992712103317539,0.6232509127796861
2018-11-16,2018-19,True,20181116_TennesseeTech@NorthCarolina,1,6.5,150.0,0.7758595312861256,0.7669505628054674,0.6614742617699555,1.4429888737408678,1.0,20181116_Connecticut@Iowa,-1,15.0,170.5,0.8253053753481551,0.8213433381130628,0.7998854928417264,1.1932958011389603,1.0,0.6403210416855396,0.6299297354223348,0.529103665877978,0.10257684675207623,1,0.7219125641252149,1.3728371629319784,1.1932958011389603,0.6382008221742526
2018-11-17,2018-19,True,20181117_Southern@GeorgeMason,-1,5.5,152.0,0.7405672927356117,0.731659799235819,0.6236423465541608,1.530524675359109,1.0,20181117_OldDominion@KennesawSt,-1,13.0,141.5,0.8594165250120854,0.854618957601159,0.7661975742209283,1.2457622317201122,1.0,0.6364557692604472,0.6252903349415889,0.4778332531112455,0.21351101673759043,1,0.906669835278064,1.4530757141952768,1.1600203734172432,0.6855974325843324
2018-11-18,2018-19,True,20181118_SoCarolinaSt@OhioState,-1,14.5,158.0,0.852299500490207,0.8489715359764137,0.7917930604092158,1.20549174743549,1.0,20181118_Montana@GeorgiaSouthern,-1,8.5,163.0,0.7450387339355262,0.7387067228199281,0.6783545880604759,1.40708121799407,1.0,0.6349961407791053,0.6271409811085373,0.5371164553230371,0.07709619952103797,1,0.696224796263329,1.2457622317201122,1.3456134176163683,0.6763143741622943
2018-11-19,2018-19,True,20181119_UtahState@SaintMarysCA,-1,6.0,149.5,0.7527989749983403,0.7434350052783751,0.6236423465541608,1.530524675359109,1.0,20181119_JacksonState@SamHoustonSt,1,13.0,115.5,0.8486501261069361,0.8436189711814843,0.7938820775121651,1.202319622822539,1.0,0.6388629450655137,0.6271758742932442,0.49509848170697884,0.17562271867570822,1,0.8401798503983531,1.4530757141952768,1.1895422161883542,0.7284949053533252
2018-11-20,2018-19,True,20181120_SantaClara@MinnesotaU,-1,11.5,154.0,0.8242820268078344,0.819134407319783,0.748058804940593,1.2759692068269974,1.0,20181120_MDEasternShore@Mercer,1,8.5,125.0,0.7716773128557227,0.7654579217368049,0.6952754673114089,1.3728371629319784,0.0,0.6360797394823384,0.6270129210501106,0.5201069351814849,0.11421957307278552,0,-1.0,1.2759692068269974,1.3516847126284632,-1.0
2018-11-21,2018-19,True,20181121_SaintMarysCA@MississippiSt,-1,15.0,152.5,0.8525259080751605,0.8489882891090681,0.7998854928417264,1.1932958011389603,1.0,20181121_LoyolaChicago@BostonCollege,-1,8.0,148.5,0.744857347729558,0.7391573860306485,0.6783545880604759,1.40708121799407,1.0,0.6350101867595971,0.6275359645484913,0.5426059939922,0.06622281362400373,1,0.6790641092938177,1.1312147368150733,1.4295470420711596,0.6171246809612934
2018-11-22,2018-19,True,20181122_Dayton@Virginia,-1,8.0,134.5,0.7713743872933054,0.7657368643816237,0.6783545880604759,1.40708121799407,1.0,20181122_CalRiverside@Pacific,-1,13.5,151.0,0.8232642063905615,0.8196798596115562,0.7749472218171164,1.231696782862017,1.0,0.6350449227850288,0.6276590854957226,0.5256890034243602,0.1005947105496865,1,0.7330974094288643,1.3269605373232458,1.231696782862017,0.6344130248058952
2018-11-23,2018-19,True,20181123_Wisconsin@Virginia,-1,6.5,128.0,0.7687049375718343,0.760642835615621,0.6459297766127003,1.4777148144577927,1.0,20181123_GeorgeMason@Cincinnati,-1,12.5,149.0,0.8292670750865813,0.8243799163420917,0.7572336271331518,1.2605092613407685,1.0,0.6374616951848081,0.627058677191017,0.4891197476177416,0.1873828215403277,1,0.8626732092445031,1.3856325828592218,1.1499518411836827,0.5934107398630637
2018-11-24,2018-19,True,20181124_American@MDBaltimoreCo,1,6.5,123.0,0.7536235297616076,0.7445610008559247,0.6498556060876877,1.468787821569097,1.0,20181124_AbileneChristian@CalRiverside,-1,13.5,145.0,0.8449010425164979,0.840163491432591,0.7749472218171164,1.231696782862017,1.0,0.6367373059605452,0.6255529700636581,0.5036037965199319,0.15192224628679973,1,0.8091012345335669,1.468787821569097,1.231696782862017,0.8091012345335669
2018-11-25,2018-19,True,20181125_Furman@NCAsheville,1,8.0,128.5,0.7720168653810322,0.7647498724604093,0.6841951287590219,1.3950698563599118,0.0,20181125_Depaul@NotreDame,1,12.0,125.5,0.8249609062292182,0.8193239433794232,0.7667961978182771,1.2447896882063136,1.0,0.6368837328889767,0.6265778812031735,0.5246382232982045,0.1059922742500623,0,-1.0,1.3728371629319784,1.2769043843629904,-1.0
2018-11-26,2018-19,True,20181126_TexasA&MCorpus@UTRioGrandeValley,1,6.5,132.0,0.7305442989686853,0.7238068641317694,0.6614742617699555,1.4429888737408678,0.0,20181126_AlcornState@MississippiSt,1,15.0,116.5,0.8686527542746553,0.86575886502565,0.8264767777924606,1.1549023827983316,1.0,0.6345893174187958,0.6266422091884956,0.5466931164602794,0.05755026112548123,0,-1.0,1.312421602312051,1.1162858879710467,-1.0
2018-11-27,2018-19,True,20181127_E.Washington@WashingtonU,1,8.0,128.5,0.7678927543543318,0.7615524283267964,0.6952754673114089,1.3728371629319784,1.0,20181127_Temple@Missouri,1,12.0,122.5,0.8267678444664356,0.8219072883070401,0.7667961978182771,1.2447896882063136,1.0,0.634869037298925,0.6259254912697187,0.5331345847707142,0.08492359912825487,1,0.7088935440041377,1.3516847126284632,1.3728371629319784,0.855643006063386
2018-11-28,2018-19,True,20181128_VaCommonwealth@OldDominion,1,6.5,119.0,0.7654868156874209,0.7559017933472171,0.6498556060876877,1.468787821569097,0.0,20181128_YoungstownState@RobertMorris,1,12.5,134.0,0.8326249977655242,0.8269897659384144,0.7760735044908904,1.229909273382756,0.0,0.6373634582012772,0.6251230471526428,0.5043357176295233,0.15138163906697977,0,-1.0,1.2942169527654537,1.1658632450695912,-1.0
2018-11-29,2018-19,True,20181129_NorthernArizona@UCDavis,1,7.5,132.0,0.7533283804281471,0.7469455309354845,0.6841951287590219,1.3950698563599118,0.0,20181129_Belmont@Samford,-1,15.0,172.5,0.8410839915863855,0.8379197091242793,0.7998854928417264,1.1932958011389603,0.0,0.6336124411858131,0.6258803820131416,0.5472777577673187,0.05479427402511017,0,-1.0,1.3516847126284632,1.1142068015742692,-1.0
2018-11-30,2018-19,True,20181130_Niagara@St.FrancisPA,1,6.5,143.0,0.7486214456329845,0.7401971503458977,0.6498556060876877,1.468787821569097,1.0,20181130_Radford@Texas,1,13.5,123.0,0.8509947029333321,0.8460603836611085,0.7938820775121651,1.202319622822539,0.0,0.6370728847359632,0.6262514850065094,0.5159087186438207,0.12504040228351188,0,-1.0,1.3315622133504177,1.202319622822539,-1.0
2018-12-01,2018-19,True,20181201_Marshall@Ohio,1,5.5,154.0,0.7276680988531513,0.7176853506515729,0.626162037667031,1.5243658072218784,1.0,20181201_Fordham@Manhattan,1,15.0,102.5,0.8785504965945213,0.8738100921249355,0.8264767777924606,1.1549023827983316,1.0,0.6392931696034273,0.6271207023695676,0.5175083832670092,0.1254715994685165,1,0.7604937030168495,1.2942169527654537,1.1162858879710467,0.44471612034496655
2018-12-02,2018-19,True,20181202_TexasA&MCorpus@Tennessee,1,7.5,128.0,0.7590721410471765,0.7526590357672577,0.6729245423147776,1.4184354113711435,1.0,20181202_Delaware@Columbia,-1,14.5,166.0,0.8356416971356423,0.8324388978207122,0.7998854928417264,1.1932958011389603,0.0,0.6343123321930482,0.626542658168896,0.5382625791747491,0.0736453125818819,0,-1.0,1.5542736676496873,1.0916063142886308,-1.0
2018-12-03,2018-19,True,20181203_MorganState@Virginia,-1,14.0,147.5,0.8544678590677979,0.851089414148765,0.7834797765039034,1.2182828818622922,1.0,20181203_MDBaltimoreCo@CoppinState,1,7.5,131.0,0.7412501197937417,0.7350263087860046,0.6841951287590219,1.3950698563599118,0.0,0.6333744028939071,0.62557311052861,0.5360530465651779,0.07647662723989423,0,-1.0,1.1816686203437121,1.3516847126284632,-1.0
2018-12-04,2018-19,True,20181204_NCAsheville@Auburn,1,11.0,127.5,0.8186016707980578,0.8131398718938505,0.747510942627213,1.2769043843629904,0.0,20181204_Lamar@HoustonU,1,9.0,126.5,0.7766055452997729,0.7700852137695845,0.7061558003004232,1.3516847126284632,1.0,0.6357305969334308,0.6261869920719484,0.5278591879242434,0.09725329620276368,0,-1.0,1.1345996787470392,1.229909273382756,-1.0
2018-12-05,2018-19,True,20181205_VaCommonwealth@Texas,1,4.5,129.0,0.7337873439333688,0.7232160117089161,0.6141132156239628,1.5542736676496873,0.0,20181205_UCDavis@NoIllinois,1,15.0,119.5,0.87303379084194,0.8683717943542095,0.8187066570942677,1.1658632450695912,1.0,0.6406211465459873,0.6280203857933665,0.5027785778409058,0.16085070816924074,0,-1.0,1.3315622133504177,1.1252063129953516,-1.0
2018-12-06,2018-19,True,20181206_Pepperdine@CalRiverside,-1,9.5,156.0,0.7579507699187825,0.7533804182275698,0.6991868127788095,1.3651573264182257,1.0,20181206_NebraskaOmaha@SeattleU,1,14.5,136.0,0.8335935868839086,0.8297950198385756,0.8106844188886259,1.1774002037790885,1.0,0.6318229009780181,0.6251513190891407,0.5668198550121796,0.015552019322610411,1,0.6073365143153346,1.3856325828592218,1.1549023827983316,0.6002703716271218
2018-12-07,2018-19,True,20181207_NewMexico@SaintMarysCA,-1,6.0,165.5,0.7549936373012135,0.7455671826544077,0.634846134901285,1.5035139186102462,1.0,20181207_IdahoState@SantaClara,-1,14.5,163.0,0.8459268392916388,0.8420145440345328,0.7917930604092158,1.20549174743549,1.0,0.6386693812875135,0.6277784113498623,0.5026667640424504,0.15757140614894727,1,0.8124736210390469,1.40708121799407,1.20549174743549,0.696224796263329
2018-12-08,2018-19,True,20181208_Rutgers@Fordham,1,14.0,109.5,0.8614488347271506,0.8565377786589353,0.8024095210832457,1.1895422161883542,1.0,20181208_WesternMichigan@YoungstownState,1,7.0,142.5,0.7389917627261704,0.7312749541086161,0.6614742617699555,1.4429888737408678,1.0,0.6366035928734225,0.6263646247811089,0.5307732455957235,0.09272763712708199,1,0.7164961828048491,1.0652902418506043,1.2769043843629904,0.36027378043814706
2018-12-09,2018-19,True,20181209_NewHampshire@Niagara,1,6.0,138.5,0.7412021380840687,0.732889818680557,0.6498556060876877,1.468787821569097,0.0,20181209_Longwood@Duquesne,1,13.5,117.0,0.8583076635968729,0.8535079292251192,0.8024095210832457,1.1895422161883542,1.0,0.6361794753919437,0.6255272714922153,0.5214503256540838,0.11152331329581133,0,-1.0,1.3950698563599118,1.1658632450695912,-1.0
2018-12-10,2018-19,True,20181210_SacredHeart@Dartmouth,-1,10.0,166.5,0.7565888987432782,0.7529169712249482,0.7093419161134777,1.3456134176163683,1.0,20181210_CSFullerton@SaintMarysCA,-1,14.5,158.0,0.8341675164305865,0.8313434939558196,0.7998854928417264,1.1932958011389603,1.0,0.6311218826236329,0.6259326255167817,0.5673923081637237,0.013401773533500139,1,0.6057148411978586,1.3651573264182257,1.2182828818622922,0.6631478018242178
2018-12-11,2018-19,True,20181211_SoCarolinaSt@Liberty,-1,14.0,153.5,0.8405364278904945,0.8370116214865285,0.7834797765039034,1.2182828818622922,1.0,20181211_Villanova@Pennsylvania,1,8.5,129.0,0.755296373080531,0.7496627966877534,0.6952754673114089,1.3728371629319784,1.0,0.6348541154277558,0.6274764730237422,0.5447342677377897,0.06179605710927727,1,0.6725040151844239,1.1932958011389603,1.2157642097353032,0.45076632665216354
2018-12-12,2018-19,True,20181212_NorthwesternSt@TexasTech,1,14.0,119.5,0.8645784495114409,0.8607689894658249,0.8106844188886259,1.1774002037790885,1.0,20181212_LSU@HoustonU,1,7.0,129.5,0.7325579697041917,0.7262443947816531,0.6614742617699555,1.4429888737408678,1.0,0.6333538336240992,0.6251286538014232,0.5362468775127591,0.07605257901876938,1,0.6989753939934551,1.1774002037790885,1.260441977027726,0.48404464060416186
2018-12-13,2018-19,True,20181213_E.Washington@SanFrancisco,1,7.5,132.0,0.7475800370818951,0.7418145829692374,0.6841951287590219,1.3950698563599118,1.0,20181213_NCCentral@McNeeseState,-1,15.0,157.5,0.8486293765621774,0.8456202020328738,0.8077560693135478,1.1816686203437121,1.0,0.6344183807991381,0.6272933975213786,0.5526627678498642,0.045845217777154,1,0.6485102724479175,1.2447896882063136,1.1403570595439654,0.4195047085936012
2018-12-14,2018-19,True,20181214_Howard@GeoWashington,-1,10.5,164.0,0.7822870497655595,0.7779528065318309,0.7193130263884291,1.3269605373232458,1.0,20181214_WiscGreenBay@Creighton,-1,15.0,183.5,0.8122147306055839,0.8095483368546987,0.7998854928417264,1.1932958011389603,1.0,0.6353850653815709,0.6297904006792889,0.5753680546201824,0.006104572047522572,1,0.5834564374649278,1.292174757923738,1.2605092613407685,0.6287982496336373
2018-12-15,2018-19,True,20181215_YoungstownState@Binghamton,1,5.5,142.0,0.7431838956677222,0.732851148084133,0.626162037667031,1.5243658072218784,0.0,20181215_CollCharleston@VaCommonwealth,1,13.0,114.5,0.8607549724594337,0.8547561305117093,0.7851028944237586,1.2157642097353032,1.0,0.6396992336477649,0.6264090115774572,0.4916016281506646,0.18553500914293042,0,-1.0,1.3950698563599118,1.071484839344367,-1.0
2018-12-16,2018-19,True,20181216_Cornell@Niagara,1,5.5,140.0,0.7414557289882394,0.7313939940000511,0.626162037667031,1.5243658072218784,1.0,20181216_IndianaState@TCU,1,15.0,127.5,0.8653012075457771,0.8607643761904282,0.8187066570942677,1.1658632450695912,1.0,0.641582537635258,0.6295578949948798,0.5126430286577099,0.14022181183170934,1,0.7772020666808259,1.4184354113711435,1.0780128280948744,0.529091569282123
2018-12-17,2018-19,True,20181217_NorthDakotaState@Montana,-1,8.5,154.0,0.7522838312539144,0.7467592792583789,0.6783545880604759,1.40708121799407,1.0,20181217_FloridaA&M@UtahU,-1,13.5,148.0,0.8428462798768497,0.8394299286580812,0.7834797765039034,1.2182828818622922,0.0,0.6340596285838654,0.6268520885126212,0.5314771010440191,0.0869195741341342,0,-1.0,1.3269605373232458,1.20549174743549,-1.0
2018-12-18,2018-19,True,20181218_Mercer@Florida,1,7.5,119.0,0.7811304848693802,0.7730605670209768,0.6729245423147776,1.4184354113711435,1.0,20181218_NorthDakota@Marquette,1,10.5,134.0,0.8160863882092515,0.8102692604330219,0.747510942627213,1.2769043843629904,1.0,0.6374699561171938,0.6263872139100195,0.5030184589427052,0.15458966159596277,1,0.8112063957155349,1.1774002037790885,1.3516847126284632,0.5914738560938313
2018-12-19,2018-19,True,20181219_AlabamaA&M@SouthAlabama,1,7.5,124.0,0.7397378713767203,0.7338344897639851,0.6729245423147776,1.4184354113711435,1.0,20181219_SouthernMiss@KansasState,1,14.0,113.5,0.8574896733810337,0.8537400820476928,0.8106844188886259,1.1774002037790885,0.0,0.634317585714405,0.6265039175005315,0.5455294415423501,0.05935232342791119,0,-1.0,1.4184354113711435,1.1658632450695912,-1.0
2018-12-20,2018-19,True,20181220_SavannahState@TennesseeTech,1,7.5,160.0,0.7456633967790417,0.7376818331374193,0.6729245423147776,1.4184354113711435,1.0,20181220_SoCarolinaSt@MiamiOhio,-1,15.0,160.5,0.8544586410732342,0.8511581235033155,0.8077560693135478,1.1816686203437121,1.0,0.6371385327098719,0.6278838848357318,0.543558883244803,0.06792102966917368,1,0.6761206156016049,1.3315622133504177,1.1816686203437121,0.5734652835516076
2018-12-21,2018-19,True,20181221_Oakland@MichiganState,-1,15.0,173.5,0.8664935988315988,0.8626368020672129,0.8077560693135478,1.1816686203437121,1.0,20181221_UTArlington@CalPolySLO,1,6.0,126.5,0.7330925523288102,0.7250580926391663,0.6498556060876877,1.468787821569097,1.0,0.6352200039440329,0.6254617943472035,0.5249248099947639,0.10250084731956899,1,0.7356204786912013,1.1705848928962739,1.3728371629319784,0.6070224433347544
2018-12-22,2018-19,True,20181222_UCDavis@Arizona,1,4.5,124.0,0.73105811515865,0.7213378417342418,0.6141132156239628,1.5542736676496873,1.0,20181222_SoCarolinaSt@Cincinnati,-1,15.0,149.5,0.8749708964507757,0.8711530413676272,0.7998854928417264,1.1932958011389603,1.0,0.6396545743779785,0.6283956546803449,0.4912202521399909,0.18637261076545975,1,0.8547082414272238,1.2447896882063136,1.1816686203437121,0.4709289134808343
2018-12-23,2018-19,True,20181223_CoppinState@HoustonU,1,6.5,124.0,0.7493600389532924,0.7427602158172096,0.6614742617699555,1.4429888737408678,0.0,20181223_SIUEdwardsville@No.Colorado,-1,15.0,168.5,0.8462983428037671,0.842635653366797,0.8077560693135478,1.1816686203437121,1.0,0.6341821591295378,0.6258762397499976,0.53430984963938,0.08136598764490288,0,-1.0,1.3516847126284632,1.1705848928962739,-1.0
2018-12-25,2018-19,True,20181225_Hawaii@RhodeIsland,1,10.0,125.5,0.7643156611987509,0.7602083794245758,0.7272815369074145,1.312421602312051,1.0,20181225_IndianaState@TCU,1,14.0,130.5,0.8281502765947747,0.8248570360919559,0.8024095210832457,1.1895422161883542,1.0,0.6329682262274637,0.6270632306644246,0.5835776297225653,-0.011822094028404173,1,0.561180901387748,1.312421602312051,1.107815513489777,0.45392101128040063
2018-12-28,2018-19,True,20181228_UTArlington@Texas,1,8.0,126.5,0.7917617839457608,0.7832051872895818,0.6841951287590219,1.3950698563599118,1.0,20181228_UCDavis@LoyolaMarymount,1,9.5,112.0,0.8058128788213478,0.7987438573972574,0.7168271902206729,1.3315622133504177,1.0,0.6380118424620594,0.625580332429222,0.4904496717110011,0.18518502986660423,1,0.8576223057130534,1.2769043843629904,1.1549023827983316,0.47469991610645423
2018-12-29,2018-19,True,20181229_Maine@Rutgers,1,7.0,114.5,0.7857426850585122,0.7765958953219252,0.6614742617699555,1.4429888737408678,1.0,20181229_NJIT@HoustonU,1,9.5,120.0,0.8124453722151181,0.8058599362114374,0.7272815369074145,1.312421602312051,1.0,0.6383730082276693,0.6258275186661907,0.4810780177247506,0.2089570397539955,1,0.8938097697934515,1.3950698563599118,1.260441977027726,0.758404607842073
2018-12-30,2018-19,True,20181230_Binghamton@Michigan,1,12.5,115.0,0.8546359427741927,0.8501812343242796,0.7760735044908904,1.229909273382756,1.0,20181230_Rider@VaCommonwealth,1,6.5,135.0,0.7439945821093911,0.7354538626565083,0.6498556060876877,1.468787821569097,1.0,0.635844511099951,0.6252690727418694,0.5043357176295233,0.14863769794409754,1,0.8064757623794891,1.1895422161883542,1.3728371629319784,0.6330477612598384
2018-12-31,2018-19,True,20181231_Marshall@Virginia,1,8.0,128.5,0.7684418390779351,0.7627671092995353,0.6952754673114089,1.3728371629319784,1.0,20181231_Monmouth@Pennsylvania,1,12.5,122.0,0.8259082347634218,0.8216464561584396,0.7760735044908904,1.229909273382756,1.0,0.6346624428312148,0.6267248922301802,0.5395848685029067,0.07160542151624627,1,0.6884651575345138,1.3950698563599118,1.1658632450695912,0.6264606698345352
2019-01-01,2018-19,True,20190101_CSNorthridge@SanDiegoState,-1,13.0,170.5,0.8165025978556715,0.8126540993884157,0.7661975742209283,1.2457622317201122,1.0,20190101_CSFullerton@WashingtonU,1,10.0,126.5,0.775759427901444,0.7711993748259597,0.7272815369074145,1.312421602312051,1.0,0.6334095881925585,0.6267183333980995,0.5572413493541295,0.0356026747402296,1,0.6349652642539463,1.1600203734172432,1.260441977027726,0.46213837286247084
2019-01-02,2018-19,True,20190102_NichollsState@NorthwesternSt,1,4.5,130.0,0.7396222041012274,0.7286161157098616,0.6141132156239628,1.5542736676496873,1.0,20190102_Maine@Brown,1,12.5,115.0,0.8653501461379253,0.8590281724335392,0.7851028944237586,1.2157642097353032,1.0,0.6400321824058515,0.6259017702838666,0.482142063090255,0.20942420309714427,1,0.8896302972625134,1.3315622133504177,1.1162858879710467,0.48640410771856324
2019-01-03,2018-19,True,20190103_Marshall@OldDominion,1,7.5,135.0,0.7637712897168287,0.7556968849171191,0.6729245423147776,1.4184354113711435,1.0,20190103_Mercer@Furman,1,11.5,124.0,0.835152000023699,0.8293366471674911,0.7667961978182771,1.2447896882063136,1.0,0.6378651201676896,0.6267271208120809,0.5159959804655758,0.1262489563835414,1,0.7656537734614799,1.2447896882063136,1.202319622822539,0.49663506841760086
2019-01-04,2018-19,True,20190104_Buffalo@EasternMichigan,1,8.5,137.0,0.7511544270531708,0.7463013737336213,0.6952754673114089,1.3728371629319784,0.0,20190104_BallState@Toledo,1,15.0,136.5,0.8425575631716311,0.8391517228992303,0.8187066570942677,1.1658632450695912,1.0,0.6328908436235023,0.6262600835706307,0.5692266536021784,0.012967357508447908,0,-1.0,1.3950698563599118,1.0921386052582858,-1.0
2019-01-05,2018-19,True,20190105_VaCommonwealth@Fordham,1,6.0,114.5,0.7787844726172292,0.7686384545260752,0.6498556060876877,1.468787821569097,1.0,20190105_Maine@MDBaltimoreCo,1,10.0,112.5,0.8232898705069281,0.8151459355811441,0.7272815369074145,1.312421602312051,1.0,0.6411653676138449,0.6265525121383022,0.4726279839633528,0.23595451726062366,1,0.9276688662401411,1.202319622822539,1.2447896882063136,0.49663506841760086
2019-01-06,2018-19,True,20190106_RhodeIsland@SaintLouis,1,8.5,123.0,0.7614378690566498,0.7555325817316785,0.6952754673114089,1.3728371629319784,0.0,20190106_St.Bonaventure@GeorgeMason,1,13.0,121.5,0.8329261600473274,0.8281350425186783,0.7851028944237586,1.2157642097353032,0.0,0.6342215203879751,0.6256830066966104,0.5458627818080185,0.058545074682291975,0,-1.0,1.3315622133504177,1.1549023827983316,-1.0
2019-01-07,2018-19,True,20190107_CoppinState@DelawareState,1,6.5,132.0,0.7439438717211311,0.7359209574554543,0.6614742617699555,1.4429888737408678,0.0,20190107_JacksonState@AlabamaState,1,15.0,116.5,0.8588652298426676,0.8550136607567448,0.8264767777924606,1.1549023827983316,0.0,0.6389475243758133,0.6292224718615966,0.5466931164602794,0.06481326221755768,0,-1.0,1.4429888737408678,1.144489983214975,-1.0
2019-01-08,2018-19,True,20190108_Oklahoma@TexasTech,1,6.5,124.0,0.7577210433485164,0.7492461784627731,0.6614742617699555,1.4429888737408678,1.0,20190108_Toledo@Buffalo,1,13.0,140.5,0.8404882115091371,0.8352643218975094,0.7851028944237586,1.2157642097353032,1.0,0.6368556045468319,0.6258186011880085,0.519325357502411,0.11725758518481277,1,0.7543342277404013,1.3516847126284632,1.1252063129953516,0.5209241718288544
2019-01-09,2018-19,True,20190109_Cornell@Towson,1,11.0,120.5,0.8216615686438145,0.8156578749227711,0.747510942627213,1.2769043843629904,1.0,20190109_LaSalle@VaCommonwealth,1,8.5,130.0,0.7745358524142787,0.7674670725282141,0.6952754673114089,1.3728371629319784,1.0,0.6364063434655902,0.6259905614515634,0.5197260199555273,0.11560873264031568,1,0.7529817923642923,1.1895422161883542,1.1658632450695912,0.3868435483126278
2019-01-10,2018-19,True,20190110_OldDominion@FlaAtlantic,1,8.0,115.5,0.7855856889367689,0.7775419600310195,0.6841951287590219,1.3950698563599118,1.0,20190110_UCDavis@CalIrvine,1,9.5,115.0,0.8111388839980672,0.8041910575903365,0.7168271902206729,1.3315622133504177,1.0,0.6372190990090235,0.6252922911582087,0.4904496717110011,0.18371241194553667,1,0.8576223057130534,1.2769043843629904,1.1658632450695912,0.48869588919702456
2019-01-11,2018-19,True,20190111_IndianaU@Maryland,-1,10.5,153.0,0.7651998862295649,0.762055845171549,0.7193130263884291,1.3269605373232458,0.0,20190111_Purdue@Wisconsin,-1,14.0,149.5,0.8266990220072548,0.8238682133488184,0.7834797765039034,1.2182828818622922,0.0,0.632589997586044,0.6278335876335079,0.5635672091511528,0.022653408306513967,0,-1.0,1.3456134176163683,1.1312147368150733,-1.0
2019-01-12,2018-19,True,20190112_Fordham@St.Bonaventure,1,10.0,109.5,0.825650381328406,0.8181930829316448,0.7272815369074145,1.312421602312051,1.0,20190112_Princeton@Pennsylvania,1,6.5,129.0,0.7737545444840813,0.7645961192069903,0.6614742617699555,1.4429888737408678,0.0,0.6388507347078688,0.6255872559715389,0.4810780177247506,0.20986176282948654,0,-1.0,1.260441977027726,1.229909273382756,-1.0
2019-01-13,2018-19,True,20190113_GeorgeMason@RhodeIsland,1,14.0,123.5,0.8431150871525815,0.838871737508987,0.8024095210832457,1.1895422161883542,1.0,20190113_Fairfield@Quinnipiac,1,8.5,134.0,0.7509959731172664,0.7453139118106704,0.6952754673114089,1.3728371629319784,1.0,0.6331760353260019,0.625222776190237,0.5578956547462774,0.03400670697250763,1,0.6330477612598384,1.0997733586416651,1.2769043843629904,0.40430542345515375
2019-01-14,2018-19,True,20190114_Texas@Kansas,1,6.5,130.0,0.7363294216568002,0.729716968515715,0.6614742617699555,1.4429888737408678,1.0,20190114_AlabamaA&M@ArkPineBluff,1,15.0,113.5,0.8616221331616147,0.8575241002203287,0.8187066570942677,1.1658632450695912,0.0,0.6344377269975903,0.6257498868419444,0.5415533816075788,0.06733215630434386,0,-1.0,1.3950698563599118,1.1252063129953516,-1.0
2019-01-15,2018-19,True,20190115_Marquette@Georgetown,1,7.0,149.5,0.7366632044413979,0.7290770218986051,0.6614742617699555,1.4429888737408678,0.0,20190115_EasternMichigan@Akron,1,15.0,111.5,0.8653315256044792,0.8613514136425062,0.8187066570942677,1.1658632450695912,0.0,0.6374578945559592,0.627991523466632,0.5415533816075788,0.07241306781906331,0,-1.0,1.2769043843629904,1.084891403300664,-1.0
2019-01-16,2018-19,True,20190116_KansasState@Oklahoma,1,6.5,121.0,0.7659881179897193,0.7564066622550402,0.6498556060876877,1.468787821569097,1.0,20190116_Binghamton@MDBaltimoreCo,1,11.0,112.5,0.8360451662404261,0.829194155802897,0.747510942627213,1.2769043843629904,1.0,0.640400663442906,0.6272079837522551,0.4857741766781862,0.20107247473061118,1,0.8755016090605456,1.2769043843629904,1.1658632450695912,0.48869588919702456
2019-01-17,2018-19,True,20190117_LouisianaTech@OldDominion,1,12.0,114.5,0.841762518484425,0.8365903011008117,0.7760735044908904,1.229909273382756,1.0,20190117_SouthernMiss@CharlotteU,1,7.0,114.5,0.7541076540969938,0.7471877736039267,0.6729245423147776,1.4184354113711435,1.0,0.634779558121067,0.6250900444981542,0.522238907812158,0.10740268880974857,1,0.7445468661398535,1.144489983214975,1.312421602312051,0.5020533776010898
2019-01-18,2018-19,True,20190118_Ohio@Toledo,1,7.0,130.5,0.7551824646751991,0.7476425573422867,0.6614742617699555,1.4429888737408678,0.0,20190118_Xavier@Villanova,1,13.0,122.5,0.8411709983536131,0.8363296531356531,0.7851028944237586,1.2157642097353032,1.0,0.6352375877499794,0.6252756406515273,0.519325357502411,0.11441904293703553,0,-1.0,1.1895422161883542,1.1549023827983316,-1.0
2019-01-19,2018-19,True,20190119_Yale@Brown,1,4.5,142.0,0.740588121752365,0.7292013087263768,0.6141132156239628,1.5542736676496873,0.0,20190119_CalPolySLO@UCDavis,1,12.5,114.0,0.8646319564204865,0.857909047886591,0.7851028944237586,1.2157642097353032,1.0,0.6403361566125209,0.625588400487102,0.482142063090255,0.2099986019676532,0,-1.0,1.202319622822539,1.1774002037790885,-1.0
2019-01-20,2018-19,True,20190120_Providence@Marquette,1,5.5,133.0,0.7394490339259271,0.7308194059040694,0.6380806216212168,1.4958924744883084,1.0,20190120_Duquesne@GeoWashington,1,14.0,120.5,0.8609557793696726,0.8561694182398996,0.8106844188886259,1.1774002037790885,1.0,0.636632919307848,0.625705225591316,0.5172820179430893,0.12127870838889998,1,0.7612641042941393,1.202319622822539,1.107815513489777,0.33194833033598603
2019-01-21,2018-19,True,20190121_MDEasternShore@BethuneCookman,1,7.0,116.5,0.7597323389355836,0.7527757284034103,0.6729245423147776,1.4184354113711435,1.0,20190121_OldDominion@CharlotteU,1,12.5,106.0,0.8367553941135962,0.8320469103120297,0.7760735044908904,1.229909273382756,1.0,0.6357101326868885,0.6263447189759452,0.522238907812158,0.10902611975226173,1,0.7445468661398535,1.2942169527654537,1.2157642097353032,0.5734626508049241
2019-01-22,2018-19,True,20190122_WesternMichigan@Ohio,1,5.5,129.0,0.7366460447273496,0.728104384892154,0.6380806216212168,1.4958924744883084,1.0,20190122_WakeForest@Virginia,-1,14.5,144.0,0.8676019742697201,0.8640151855435714,0.7917930604092158,1.20549174743549,1.0,0.6391155627434291,0.6290932452076824,0.5052278081812781,0.15250816779788612,1,0.8032860330465101,1.312421602312051,1.2182828818622922,0.5989007718830526
2019-01-23,2018-19,True,20190123_VaCommonwealth@RhodeIsland,1,5.0,124.5,0.7299046612555377,0.7198186397739476,0.6141132156239628,1.5542736676496873,1.0,20190123_GeoWashington@Davidson,1,14.5,115.0,0.8775993955846574,0.8731463673965766,0.8187066570942677,1.1658632450695912,1.0,0.6405638895522839,0.6285070305029672,0.5027785778409058,0.16074695445763365,1,0.8120705418922798,1.2447896882063136,1.071484839344367,0.33377327908526655
2019-01-24,2018-19,True,20190124_HighPoint@Longwood,1,11.5,114.0,0.8313712554347846,0.8254469425468506,0.7667961978182771,1.2447896882063136,0.0,20190124_Monmouth@Canisius,1,7.5,127.0,0.7657090544035617,0.7579305025654604,0.6841951287590219,1.3950698563599118,1.0,0.6365884978572709,0.6256314160056572,0.5246382232982045,0.10547957837278887,0,-1.0,1.1774002037790885,1.2447896882063136,-1.0
2019-01-25,2018-19,True,20190125_Brown@Yale,1,5.5,141.0,0.7437193594469802,0.7336199344537188,0.626162037667031,1.5243658072218784,1.0,20190125_Quinnipiac@Marist,1,15.0,121.5,0.8579084844518621,0.8539781962934616,0.8264767777924606,1.1549023827983316,1.0,0.6380431485206685,0.6264954283897143,0.5175083832670092,0.12327094522368132,1,0.7604937030168495,1.2157642097353032,1.1658632450695912,0.4174148068014676
2019-01-26,2018-19,True,20190126_VaCommonwealth@Duquesne,1,6.0,128.5,0.7624640731348914,0.7519617881542424,0.6380806216212168,1.4958924744883084,1.0,20190126_MDBaltimoreCo@NewHampshire,1,11.0,108.5,0.8404969734526542,0.8331905059148299,0.747510942627213,1.2769043843629904,1.0,0.6408487458362594,0.6265274227008534,0.47697224694023377,0.22409266121176796,1,0.9101116592097238,1.2769043843629904,1.1252063129953516,0.4367808743766797
2019-01-27,2018-19,True,20190127_NorthAlabama@NJIT,1,9.5,124.0,0.7807520187047925,0.7752008539167661,0.7168271902206729,1.3315622133504177,1.0,20190127_IndianaState@IllinoisState,1,11.5,127.0,0.8127363039556545,0.8079116793424858,0.7667961978182771,1.2447896882063136,1.0,0.6345455099880492,0.6262938237156235,0.5496603639539709,0.05176864539135928,1,0.6575149123837754,1.2769043843629904,1.229909273382756,0.5704765435511407
2019-01-28,2018-19,True,20190128_AlcornState@AlabamaA&M,1,11.0,106.5,0.8290801445358355,0.8228220355418334,0.747510942627213,1.2769043843629904,1.0,20190128_FloridaA&M@MorganState,1,7.5,121.0,0.7678375089354562,0.7600047420836145,0.6729245423147776,1.4184354113711435,1.0,0.6365988328882439,0.6253486489026857,0.5030184589427052,0.15301187763223245,1,0.8112063957155349,1.1345996787470392,1.3315622133504177,0.5107900594990804
2019-01-29,2018-19,True,20190129_Kansas@Texas,1,7.0,132.5,0.7479036880104133,0.74114961142107,0.6729245423147776,1.4184354113711435,1.0,20190129_OhioState@Michigan,1,13.5,112.0,0.8479745661544276,0.8438225597843024,0.7938820775121651,1.202319622822539,1.0,0.6342033053659266,0.6253987622924684,0.5342227336617785,0.08157838961674413,1,0.7054127287978862,1.3315622133504177,1.1162858879710467,0.48640410771856324
2019-01-30,2018-19,True,20190130_Hampton@Longwood,1,6.0,134.5,0.7470762373645586,0.7371133796781203,0.6380806216212168,1.4958924744883084,1.0,20190130_StonyBrook@MDBaltimoreCo,1,12.5,113.0,0.8554056528802595,0.8489887365660974,0.7851028944237586,1.2157642097353032,0.0,0.639053236574158,0.6258009569188934,0.5009589429105284,0.1622157868392673,0,-1.0,1.229909273382756,1.1658632450695912,-1.0
2019-01-31,2018-19,True,20190131_Arizona@ArizonaState,1,8.0,133.5,0.774565967809622,0.7673489936509883,0.6952754673114089,1.3728371629319784,1.0,20190131_UTEP@Marshall,1,11.0,135.5,0.8216219650604799,0.8154734840979458,0.7572740494178288,1.260441977027726,1.0,0.636400412540714,0.625752757371624,0.5265140685917838,0.10121555631803147,1,0.7303815877831172,1.2447896882063136,1.1252063129953516,0.4006452155212594
2019-02-01,2018-19,True,20190201_Pennsylvania@Cornell,1,8.0,128.5,0.7904618645559265,0.7822311991801726,0.6841951287590219,1.3950698563599118,1.0,20190201_Davidson@St.Bonaventure,1,9.0,116.5,0.8076995901229883,0.7999520285158644,0.7061558003004232,1.3516847126284632,1.0,0.6384557240096749,0.6257474345525763,0.48314835871047823,0.20393250975729837,1,0.8856945978904789,1.229909273382756,1.1774002037790885,0.44809542911064737
2019-02-02,2018-19,True,20190202_Akron@Ohio,1,5.5,119.0,0.7688654944138846,0.7572723207672093,0.626162037667031,1.5243658072218784,0.0,20190202_GeorgeMason@VaCommonwealth,1,9.0,121.5,0.8353073286637425,0.8263728946959504,0.7168271902206729,1.3315622133504177,1.0,0.6422389822405896,0.625789319785519,0.44884997408370897,0.3036089203395069,0,-1.0,1.260441977027726,1.144489983214975,-1.0
2019-02-03,2018-19,True,20190203_NewHampshire@Maine,1,7.0,113.5,0.7658721528951647,0.7577292076083592,0.6614742617699555,1.4429888737408678,1.0,20190203_MinnesotaU@Purdue,-1,14.5,163.0,0.8279523990946782,0.8251822911493578,0.7917930604092158,1.20549174743549,1.0,0.6341056863893578,0.6252647236050533,0.5237507301087598,0.1030339301010772,1,0.7395111789358484,1.3516847126284632,1.1816686203437121,0.5972434095113632
2019-02-04,2018-19,True,20190204_IowaState@Oklahoma,1,8.0,135.5,0.7485149738471218,0.7421692466380831,0.6841951287590219,1.3950698563599118,1.0,20190204_NCCentral@FloridaA&M,1,14.0,108.5,0.847021895142727,0.8432394641776624,0.8024095210832457,1.1895422161883542,1.0,0.6340085716906979,0.6258263978642365,0.5490046855950164,0.05213373049148062,1,0.6594944886719385,1.2769043843629904,1.1345996787470392,0.44877530428893464
2019-02-05,2018-19,True,20190205_Akron@Toledo,1,5.0,124.5,0.7507405907271043,0.7399408874270619,0.6141132156239628,1.5542736676496873,0.0,20190205_Michigan@Rutgers,1,12.0,111.5,0.8513592838819686,0.8461583028030113,0.7760735044908904,1.229909273382756,1.0,0.6391499717025536,0.6261071254798367,0.4765969954034587,0.22180905486739166,0,-1.0,1.2447896882063136,1.1774002037790885,-1.0
2019-02-06,2018-19,True,20190206_VaCommonwealth@GeoWashington,1,3.5,126.0,0.7279536669219174,0.715234182710784,0.577327184082304,1.6533086026725639,0.0,20190206_StonyBrook@Binghamton,1,14.5,117.0,0.879910383141535,0.8748521645420059,0.8187066570942677,1.1658632450695912,1.0,0.6405339899705498,0.6257241728989619,0.47266160892967,0.23464959148564812,0,-1.0,1.2769043843629904,1.144489983214975,-1.0
2019-02-07,2018-19,True,20190207_TennesseeTech@SEMissouriSt,1,4.5,127.0,0.7300134507912318,0.7198493156124685,0.6141132156239628,1.5542736676496873,1.0,20190207_Pacific@SaintMarysCA,-1,15.0,151.5,0.8744947429622645,0.8710377508289741,0.8077560693135478,1.1816686203437121,1.0,0.638392925008674,0.6270159288068609,0.4960536771659154,0.17249569665290188,1,0.8366364204881673,1.3315622133504177,1.0916063142886308,0.45354171996146087
2019-02-08,2018-19,True,20190208_Pennsylvania@Brown,1,6.0,131.5,0.7732853878245316,0.7622598318104282,0.6380806216212168,1.4958924744883084,1.0,20190208_Princeton@Yale,1,9.5,127.0,0.8293723722413742,0.8210604360058207,0.7168271902206729,1.3315622133504177,1.0,0.6413415365196228,0.6258613898559937,0.4573935391309972,0.2774714639005247,1,0.9918738942638852,1.312421602312051,1.202319622822539,0.5779502458759773
2019-02-09,2018-19,True,20190209_Princeton@Brown,1,4.5,123.0,0.7634122243796503,0.7511125757635908,0.6141132156239628,1.5542736676496873,1.0,20190209_VaCommonwealth@St.Bonaventure,1,10.0,116.5,0.8420401072080426,0.8334829144955145,0.7272815369074145,1.312421602312051,1.0,0.6428237112605709,0.6260394987616706,0.4466332032941501,0.31127187814199586,1,1.039862337328231,1.260441977027726,1.229909273382756,0.5502292761072947
2019-02-10,2018-19,True,20190210_MDBaltimoreCo@Maine,1,6.5,112.0,0.7671404952421645,0.7576062762377068,0.6498556060876877,1.468787821569097,1.0,20190210_GeorgiaTech@NotreDame,1,10.5,115.0,0.8334281116292908,0.8268258091063366,0.7375115879609256,1.2942169527654537,1.0,0.6393564543040361,0.6264084223342807,0.4792760399910403,0.21537192777836567,1,0.9009300986901656,1.3728371629319784,1.1345996787470392,0.5576206040346194
2019-02-11,2018-19,True,20190211_Oklahoma@Baylor,1,14.5,124.0,0.8603214890855815,0.8556707866024414,0.8106844188886259,1.1774002037790885,0.0,20190211_MorganState@SavannahState,1,7.0,154.5,0.7412578787584923,0.7328850761691682,0.6614742617699555,1.4429888737408678,1.0,0.6377200820499255,0.6271083496148624,0.5362468775127591,0.08347072765831065,0,-1.0,1.1774002037790885,1.260441977027726,-1.0
2019-02-12,2018-19,True,20190212_Buffalo@Akron,1,4.0,137.5,0.7245580444040991,0.7138413374736023,0.6019480921307984,1.585684899542127,1.0,20190212_Michigan@PennState,1,14.5,112.0,0.8806521004332909,0.8758302995751459,0.8106844188886259,1.1774002037790885,1.0,0.6380835636903075,0.625203872448628,0.4879899392701733,0.1912929040333431,1,0.866985723850324,1.4184354113711435,1.1252063129953516,0.596032479450969
2019-02-13,2018-19,True,20190213_MDBaltimoreCo@Binghamton,1,4.5,119.0,0.727693722569523,0.7172082568503629,0.6019480921307984,1.585684899542127,0.0,20190213_NewHampshire@Vermont,1,15.0,109.5,0.8797600502375127,0.8756554398156082,0.8187066570942677,1.1658632450695912,1.0,0.6401958659252862,0.6280273115916902,0.4928189102526782,0.18352481100708173,0,-1.0,1.468787821569097,1.107815513489777,-1.0
2019-02-14,2018-19,True,20190214_MiddleTennSt@WesternKentucky,1,7.0,127.5,0.7815246536757564,0.7730854566758475,0.6729245423147776,1.4184354113711435,1.0,20190214_UTEP@LouisianaTech,1,9.5,117.0,0.8169378340995065,0.8100945788827627,0.7272815369074145,1.312421602312051,1.0,0.6384570578692393,0.6262723374662089,0.4894055953574099,0.18854225788406764,1,0.8615852753678692,1.312421602312051,1.1774002037790885,0.5452454620062865
2019-02-15,2018-19,True,20190215_Yale@Columbia,1,5.5,135.0,0.7677355559984184,0.75737324226609,0.6380806216212168,1.4958924744883084,0.0,20190215_Brown@Cornell,1,10.0,127.5,0.834139926764156,0.8262694285898904,0.7375115879609256,1.2942169527654537,1.0,0.6403988804547593,0.6257943561164748,0.47059185249895813,0.23981825230799014,0,-1.0,1.229909273382756,1.1549023827983316,-1.0
2019-02-16,2018-19,True,20190216_Brown@Columbia,1,6.5,129.0,0.7819823398279855,0.7709607388527858,0.6498556060876877,1.468787821569097,0.0,20190216_Akron@BallState,1,8.5,123.0,0.8210782136750157,0.8120141363960467,0.7061558003004232,1.3516847126284632,0.0,0.6420686627113714,0.6260310185548029,0.45889930559656766,0.27472334326842396,0,-1.0,1.312421602312051,1.1895422161883542,-1.0
2019-02-17,2018-19,True,20190217_GeorgeMason@St.Bonaventure,1,5.5,125.0,0.7472010214569044,0.7372987088162594,0.626162037667031,1.5243658072218784,1.0,20190217_HoustonU@Tulane,1,12.5,122.0,0.8534441425751066,0.8479364814495446,0.7851028944237586,1.2157642097353032,1.0,0.6376943350885316,0.6251824729309513,0.4916016281506646,0.1818193920111142,1,0.8532693909646245,1.3315622133504177,1.084891403300664,0.4446003982238729
2019-02-18,2018-19,True,20190218_Illinois@Wisconsin,1,8.0,126.5,0.7529773681598043,0.7475191970419909,0.6841951287590219,1.3950698563599118,0.0,20190218_Virginia@VirginiaTech,1,14.5,106.0,0.842088566160624,0.8393075556283821,0.8106844188886259,1.1774002037790885,1.0,0.63407363230509,0.6273985100546042,0.5546663303644362,0.04150115317626302,0,-1.0,1.4184354113711435,1.2447896882063136,-1.0
2019-02-19,2018-19,True,20190219_Akron@BowlingGreen,1,7.5,125.0,0.7805607232623385,0.7724969347156861,0.6841951287590219,1.3950698563599118,1.0,20190219_RhodeIsland@VaCommonwealth,1,10.0,121.5,0.8163717531810967,0.8098495868663083,0.7375115879609256,1.2942169527654537,0.0,0.6372277261139802,0.6256063234349879,0.5046018358861962,0.1505293529461713,0,-1.0,1.3516847126284632,1.229909273382756,-1.0
2019-02-20,2018-19,True,20190220_LaSalle@St.Bonaventure,1,7.0,123.5,0.7752442482285429,0.76705647632845,0.6729245423147776,1.4184354113711435,0.0,20190220_Pittsburgh@GeorgiaTech,1,11.0,117.5,0.823643129847028,0.8173415787861227,0.747510942627213,1.2769043843629904,1.0,0.6385245990068634,0.6269471513804155,0.5030184589427052,0.1564998375429283,0,-1.0,1.2942169527654537,1.4184354113711435,-1.0
2019-02-21,2018-19,True,20190221_CalPolySLO@CalIrvine,1,10.5,115.0,0.8351641193715549,0.8290893849004675,0.747510942627213,1.2769043843629904,1.0,20190221_AlbanyNY@StonyBrook,1,7.5,125.0,0.76341058795577,0.7558011074345958,0.6729245423147776,1.4184354113711435,1.0,0.6375731314090016,0.6266266752700412,0.5030184589427052,0.15477653334436514,1,0.8112063957155349,1.229909273382756,1.3315622133504177,0.6377007142857465
2019-02-22,2018-19,True,20190222_Columbia@Pennsylvania,1,10.0,129.5,0.8357140255020818,0.8283336919486068,0.7375115879609256,1.2942169527654537,1.0,20190222_Harvard@Brown,1,6.0,127.5,0.7662553956003781,0.7564351465350927,0.6498556060876877,1.468787821569097,1.0,0.6403703812198822,0.6265807176490987,0.4792760399910403,0.2172993319705696,1,0.9009300986901656,1.2447896882063136,1.468787821569097,0.8283319344522269
2019-02-23,2018-19,True,20190223_St.Bonaventure@Fordham,1,10.0,115.5,0.8261932766037121,0.8185571913622528,0.7272815369074145,1.312421602312051,1.0,20190223_Columbia@Princeton,1,6.5,127.0,0.7747388898710922,0.7654846256308924,0.6614742617699555,1.4429888737408678,1.0,0.6400840619349201,0.6265929451874088,0.4810780177247506,0.2121974499814283,1,0.8938097697934515,1.2447896882063136,1.5243658072218784,0.8975148378840876
2019-02-24,2018-19,True,20190224_Quinnipiac@Monmouth,1,6.0,128.5,0.7405301074145565,0.7322225684997106,0.6498556060876877,1.468787821569097,0.0,20190224_MichiganState@Michigan,1,14.0,117.5,0.8605283192772278,0.8559638769620498,0.8024095210832457,1.1895422161883542,1.0,0.6372471287076333,0.6267560685321223,0.5214503256540838,0.11338870128270839,0,-1.0,1.312421602312051,1.144489983214975,-1.0
2019-02-25,2018-19,True,20190225_DelawareState@CoppinState,1,7.5,130.0,0.7611770189341642,0.7533973028078492,0.6729245423147776,1.4184354113711435,0.0,20190225_NotreDame@FloridaState,1,12.0,126.5,0.83525046584599,0.8297577785559362,0.7667961978182771,1.2447896882063136,1.0,0.6357734596560226,0.625137272347875,0.5159959804655758,0.12255580810831623,0,-1.0,1.2942169527654537,1.1895422161883542,-1.0
2019-02-26,2018-19,True,20190226_Toledo@BallState,1,7.0,133.5,0.7734681466071597,0.7642694556094046,0.6614742617699555,1.4429888737408678,1.0,20190226_Akron@Buffalo,1,10.0,134.5,0.8250019657500488,0.8177980624597417,0.7375115879609256,1.2942169527654537,1.0,0.6381127413959536,0.6250180799945327,0.4878449331932409,0.19170149216556776,1,0.8675406630473599,1.229909273382756,1.1658632450695912,0.43390601660720285
2019-02-27,2018-19,True,20190227_Duquesne@St.Bonaventure,1,6.5,128.0,0.7714384502628399,0.7626579672561392,0.6614742617699555,1.4429888737408678,0.0,20190227_HolyCross@Colgate,-1,10.5,162.0,0.8273964020161779,0.8215659264514004,0.7290934570575702,1.3091600133844452,1.0,0.6382853981244099,0.6265737994343318,0.482276556268461,0.2057870731681366,0,-1.0,1.2769043843629904,1.036385614559605,-1.0
2019-02-28,2018-19,True,20190228_Furman@Samford,1,5.0,134.5,0.7519703117683736,0.7404293759593351,0.6141132156239628,1.5542736676496873,1.0,20190228_FlaAtlantic@NorthTexas,1,12.0,115.5,0.8526817860381152,0.8462262675870756,0.7667961978182771,1.2447896882063136,0.0,0.6411913884862951,0.6265707872298958,0.47089967877041045,0.24054108537812624,0,-1.0,1.4184354113711435,1.2157642097353032,-1.0
2019-03-01,2018-19,True,20190301_Columbia@Brown,1,4.5,133.0,0.7636562680864454,0.7516523602746688,0.6141132156239628,1.5542736676496873,1.0,20190301_Stetson@KennesawSt,1,11.5,129.0,0.8382174555831539,0.8317815959657497,0.7572740494178288,1.260441977027726,1.0,0.640110013975547,0.6252105998406867,0.46505200159656257,0.25402146095077827,1,0.9590717744945065,1.3516847126284632,1.1895422161883542,0.6078860286479808
2019-03-02,2018-19,True,20190302_Ohio@Akron,1,5.5,124.0,0.7800677793859969,0.7681960110411099,0.626162037667031,1.5243658072218784,0.0,20190302_NewHampshire@MDBaltimoreCo,1,8.0,109.5,0.8249418102141601,0.8157997971448261,0.6952754673114089,1.3728371629319784,0.0,0.6435105260164244,0.626694149974802,0.43535510335160904,0.3466783581997226,0,-1.0,1.3950698563599118,1.2447896882063136,-1.0
2019-03-03,2018-19,True,20190303_UTEP@CharlotteU,1,6.0,117.5,0.7668078172813048,0.7566188005593948,0.6380806216212168,1.4958924744883084,1.0,20190303_NotreDame@Louisville,1,10.0,124.5,0.8340561735527229,0.8263785462672361,0.7272815369074145,1.312421602312051,1.0,0.6395607939319605,0.6252535444847325,0.46406425516351696,0.25561235525988923,1,0.9632415982544846,1.3950698563599118,1.229909273382756,0.7158093533538048
2019-03-04,2018-19,True,20190304_NorfolkSt@DelawareState,1,5.5,132.0,0.7402047170184493,0.7313117849767518,0.6380806216212168,1.4958924744883084,1.0,20190304_KansasState@TCU,1,13.5,117.0,0.8611989146448955,0.8558771677134276,0.7938820775121651,1.202319622822539,0.0,0.6374634989113205,0.6259130592413534,0.5065607695129053,0.14650415956503604,0,-1.0,1.4429888737408678,1.144489983214975,-1.0
2019-03-05,2018-19,True,20190305_Buffalo@Ohio,1,7.5,146.0,0.7752502131726339,0.7664220945490235,0.6729245423147776,1.4184354113711435,1.0,20190305_BowlingGreen@Akron,1,10.0,125.5,0.8238510289577211,0.8165403140940743,0.7375115879609256,1.2942169527654537,1.0,0.6386906858219671,0.625814537811698,0.49628964778045076,0.17248482898420092,1,0.8357631557993741,1.229909273382756,1.2942169527654537,0.5917694319754037
2019-03-06,2018-19,True,20190306_St.Bonaventure@Davidson,1,10.5,117.0,0.8359287034170937,0.8288259688146205,0.7375115879609256,1.2942169527654537,0.0,20190306_LouisianaTech@FlaAtlantic,1,6.5,125.0,0.7659718473265162,0.7563311891194491,0.6498556060876877,1.468787821569097,1.0,0.6402978531896507,0.6268669305666413,0.4792760399910403,0.217161461254904,0,-1.0,1.2157642097353032,1.2942169527654537,-1.0
2019-03-07,2018-19,True,20190307_CalIrvine@CalPolySLO,1,14.0,115.5,0.8737169536442382,0.8687297864824185,0.8024095210832457,1.1895422161883542,1.0,20190307_CoppinState@MorganState,1,5.0,136.5,0.7297293934663474,0.7203227395546157,0.626162037667031,1.5243658072218784,1.0,0.6375769426440746,0.6257658197317121,0.5024383807649117,0.1561166637879965,1,0.8132974806044628,1.1774002037790885,1.3728371629319784,0.6163787553916171
2019-03-08,2018-19,True,20190308_Brown@Princeton,1,4.5,130.0,0.759861007742308,0.7470846097737013,0.6019480921307984,1.585684899542127,0.0,20190308_Yale@Pennsylvania,1,11.0,135.5,0.8441810312102844,0.8372201884155631,0.7572740494178288,1.260441977027726,1.0,0.6414602490923875,0.6254743177571056,0.45583966926722597,0.2820633852361438,0,-1.0,1.312421602312051,1.202319622822539,-1.0
2019-03-09,2018-19,True,20190309_Brown@Pennsylvania,1,5.5,133.0,0.7638645673068313,0.7525759677264968,0.626162037667031,1.5243658072218784,0.0,20190309_TexasState@UTArlington,1,10.0,113.5,0.8396476716617632,0.8314395417480828,0.7272815369074145,1.312421602312051,1.0,0.6413771054041011,0.6257214177371384,0.4553960891075567,0.2831458454329847,0,-1.0,1.468787821569097,1.202319622822539,-1.0
2019-03-10,2018-19,True,20190310_Wisconsin@OhioState,1,7.0,113.5,0.7714767274164733,0.7634232507002947,0.6614742617699555,1.4429888737408678,1.0,20190310_Rutgers@IndianaU,1,10.0,119.5,0.8276672695902042,0.821110875580067,0.7375115879609256,1.2942169527654537,1.0,0.6385260365331787,0.6268551338207,0.4878449331932409,0.1924733376401755,1,0.8675406630473599,1.2942169527654537,1.202319622822539,0.5560624384994961
2019-03-11,2018-19,True,20190311_MiamiOhio@Akron,1,4.5,123.0,0.7406637469192386,0.7302287246170241,0.6141132156239628,1.5542736676496873,1.0,20190311_Delaware@Hofstra,-1,14.5,165.0,0.8611237957783793,0.8568934225512208,0.7917930604092158,1.20549174743549,1.0,0.6378031771425317,0.6257281910822947,0.48625058243664215,0.1950289028718133,1,0.8736640796079898,1.4184354113711435,1.1225044886137525,0.5922001160728032
2019-03-12,2018-19,True,20190312_SaintMarysCA@Gonzaga,-1,11.5,157.0,0.8412860324475974,0.8363143467234055,0.748058804940593,1.2759692068269974,1.0,20190312_Hartford@MDBaltimoreCo,1,6.5,127.0,0.756793925416651,0.7488197391467479,0.6614742617699555,1.4429888737408678,1.0,0.6366801588942173,0.6262486909581034,0.4948216457585939,0.17226147341336273,1,0.8412093686873174,1.1312147368150733,1.6186714701287082,0.8310650210717145
2019-03-13,2018-19,True,20190313_CoppinState@N.CarolinaA&T,1,8.0,124.5,0.7705526898246682,0.7631998666426014,0.6841951287590219,1.3950698563599118,1.0,20190313_FlaAtlantic@LouisianaTech,1,11.5,121.0,0.8252706350283944,0.8197808845867318,0.7667961978182771,1.2447896882063136,0.0,0.6359145076544414,0.6256566617927476,0.5246382232982045,0.10430914816903991,0,-1.0,1.3516847126284632,1.229909273382756,-1.0
2019-03-14,2018-19,True,20190314_Akron@Buffalo,1,7.0,135.5,0.7591393153158984,0.7503647935899659,0.6614742617699555,1.4429888737408678,0.0,20190314_Tulane@MemphisU,1,12.0,143.5,0.840130285674257,0.8335375617341383,0.7667961978182771,1.2447896882063136,1.0,0.6377759298429055,0.6254572404601201,0.5072159488798537,0.14558439483060548,0,-1.0,1.2942169527654537,1.202319622822539,-1.0
2019-03-15,2018-19,True,20190315_GeorgeMason@St.Bonaventure,1,11.0,117.5,0.8102371926052807,0.805053246027282,0.747510942627213,1.2769043843629904,1.0,20190315_RhodeIsland@VaCommonwealth,1,9.5,121.0,0.7832493889115903,0.7773670698950402,0.7168271902206729,1.3315622133504177,1.0,0.6346177859815286,0.6258218829737191,0.5358361686626717,0.07902642401249316,1,0.700277628279236,1.2157642097353032,1.2942169527654537,0.5734626508049241
2019-03-16,2018-19,True,20190316_Princeton@Yale,1,7.0,135.5,0.7901283897769555,0.7810697043950052,0.6729245423147776,1.4184354113711435,1.0,20190316_MDBaltimoreCo@Vermont,1,9.0,116.5,0.808441963340891,0.8008661838912282,0.7061558003004232,1.3516847126284632,0.0,0.6387729467226587,0.6255323135118775,0.47518956872008783,0.2247049737042086,0,-1.0,1.6186714701287082,1.468787821569097,-1.0
2019-03-17,2018-19,True,20190317_SaintLouis@St.Bonaventure,1,9.0,112.5,0.7788022647206903,0.7738226006153257,0.7168271902206729,1.3315622133504177,0.0,20190317_Auburn@Tennessee,-1,12.5,163.0,0.8131082433426062,0.8094539609166147,0.7661975742209283,1.2457622317201122,1.0,0.6332505413782838,0.626373769114871,0.5492312542826835,0.05044227644992283,0,-1.0,1.4184354113711435,1.1225044886137525,-1.0
2019-03-19,2018-19,True,20190319_Cornell@RobertMorris,1,6.0,127.5,0.7374783694489122,0.728998175044877,0.6380806216212168,1.4958924744883084,1.0,20190319_WrightState@Clemson,1,15.0,116.5,0.8655810589938051,0.8624496698790377,0.8264767777924606,1.1549023827983316,1.0,0.6383473080126141,0.6287242354098751,0.5273588161293136,0.10281505439983074,1,0.7276097831966397,1.3950698563599118,1.1658632450695912,0.6264606698345352
2019-03-20,2018-19,True,20190320_GrandCanyon@WestVirginia,1,7.5,136.0,0.767240993914224,0.7591529038413753,0.6729245423147776,1.4184354113711435,1.0,20190320_WichitaState@Furman,1,11.0,126.5,0.8310766534014438,0.8251673182055602,0.7572740494178288,1.260441977027726,1.0,0.6376360775746307,0.6264281657707512,0.5095882931113508,0.14000119009405543,1,0.7878555341947799,1.0997733586416651,1.1162858879710467,0.22766148021821153
2019-03-21,2018-19,True,20190321_FlaAtlantic@CharlestonSou,1,5.0,132.5,0.7299413880286161,0.7201597783962884,0.6141132156239628,1.5542736676496873,1.0,20190321_FairDickinson@Gonzaga,-1,15.0,166.5,0.8764658791268206,0.872941500032159,0.8077560693135478,1.1816686203437121,1.0,0.6397687203695527,0.6286573572160832,0.4960536771659154,0.17502253251983046,1,0.8366364204881673,1.260441977027726,1.20549174743549,0.5194524014281972
2019-03-22,2018-19,True,20190322_Oregon@Wisconsin,1,7.5,109.0,0.7631485275665242,0.7563926545619052,0.6729245423147776,1.4184354113711435,1.0,20190322_Colgate@Tennessee,-1,12.5,163.0,0.8315781682815521,0.8272854592900794,0.7572336271331518,1.2605092613407685,1.0,0.6346176546805338,0.625752644632888,0.5095610919639352,0.13466525294503695,1,0.7879509726470291,1.3728371629319784,1.1600203734172432,0.5925190783854224
2019-03-23,2018-19,True,20190323_FloridaIntl@TexasState,1,6.5,140.0,0.7357844851703167,0.7280519727726469,0.6498556060876877,1.468787821569097,1.0,20190323_Florida@Michigan,1,15.0,105.5,0.8621278374383614,0.858804256867391,0.8187066570942677,1.1658632450695912,1.0,0.6343402870205832,0.625254133437851,0.5320411108540201,0.08624794605296016,1,0.7124057359732432,1.2769043843629904,1.071484839344367,0.3681836891372965
2019-03-24,2018-19,True,20190324_CalIrvine@Oregon,1,8.5,114.0,0.762417125452902,0.7581461581842273,0.7061558003004232,1.3516847126284632,1.0,20190324_Liberty@VirginiaTech,-1,14.0,139.5,0.829857818847762,0.8270270428327399,0.7834797765039034,1.2182828818622922,1.0,0.6326978127805257,0.6270073752381041,0.5532587885963106,0.04188521962188796,1,0.6467343470702085,1.202319622822539,1.2457622317201122,0.4978043765682898
2019-03-25,2018-19,True,20190325_Brown@LoyolaMarymount,1,9.0,128.5,0.7615388393511618,0.7566556419953985,0.7061558003004232,1.3516847126284632,1.0,20190325_NorfolkSt@Colorado,1,13.5,132.0,0.8293958765405539,0.8261003438231505,0.8024095210832457,1.1895422161883542,1.0,0.631617173183333,0.6250734860081253,0.5666261375292188,0.015568428215613217,1,0.6078860286479808,1.312421602312051,1.1658632450695912,0.5301041081709601
2019-03-26,2018-19,True,20190326_WichitaState@IndianaU,1,12.0,126.5,0.8312891249574043,0.8268089237997749,0.7760735044908904,1.229909273382756,1.0,20190326_CharlestonSou@Hampton,1,9.5,148.0,0.7613479589213553,0.7562698150862781,0.7168271902206729,1.3315622133504177,0.0,0.6329002785598392,0.6252906319137403,0.5563105896289158,0.03650123826909657,0,-1.0,1.2157642097353032,1.2942169527654537,-1.0
2019-03-27,2018-19,True,20190327_CoastalCarolina@Depaul,-1,11.0,172.5,0.7678687029861431,0.7646088018702781,0.7290934570575702,1.3091600133844452,0.0,20190327_Colorado@Texas,-1,15.0,153.5,0.8237850147727234,0.8210690272621788,0.7998854928417264,1.1932958011389603,1.0,0.6325587308329518,0.6277966051877293,0.5831912792261726,-0.011807169331560008,0,-1.0,1.4295470420711596,1.1705848928962739,-1.0
2019-03-28,2018-19,True,20190328_TexasTech@Michigan,1,8.5,117.0,0.7522209283473,0.7482096057776647,0.7061558003004232,1.3516847126284632,0.0,20190328_Oregon@Virginia,-1,15.0,132.5,0.8404030189707281,0.8376456201720976,0.7998854928417264,1.1932958011389603,1.0,0.6321687391160347,0.6267344992503526,0.5648437803463477,0.01966269476397997,0,-1.0,1.3728371629319784,1.2182828818622922,-1.0
2019-03-29,2018-19,True,20190329_VirginiaTech@Duke,1,14.0,130.5,0.8254125436965889,0.8221297457215663,0.8024095210832457,1.1895422161883542,1.0,20190329_LSU@MichiganState,1,10.5,140.0,0.7644549778290977,0.760752143482418,0.7375115879609256,1.2942169527654537,1.0,0.630990727791435,0.6254369662783369,0.5917863200890704,-0.028573556701852687,1,0.5395257022211564,1.2157642097353032,1.3728371629319784,0.6690462884872523
2019-03-30,2018-19,True,20190330_Purdue@Virginia,-1,15.0,140.5,0.8384945284391147,0.8356816625525921,0.8077560693135478,1.1816686203437121,0.0,20190330_TexasTech@Gonzaga,1,10.5,128.0,0.7535754642369621,0.7509283541997392,0.7375115879609256,1.2942169527654537,1.0,0.6318689035286584,0.6275370554955199,0.5957294613645102,-0.03366041594367264,0,-1.0,1.231696782862017,1.229909273382756,-1.0
2019-03-31,2018-19,True,20190331_Auburn@Kentucky,-1,14.5,156.0,0.8292862971538778,0.8263869048001617,0.7917930604092158,1.20549174743549,1.0,20190331_MichiganState@Duke,1,10.0,137.5,0.7616913199939002,0.7583496408647897,0.7375115879609256,1.2942169527654537,0.0,0.631660174331991,0.6266902124705679,0.5839565573188419,-0.014504100123541752,0,-1.0,1.2182828818622922,1.2447896882063136,-1.0
2019-04-02,2018-19,True,20190402_Texas@TCU,1,15.0,125.5,0.8323123659349532,0.8295443134611123,0.8187066570942677,1.1658632450695912,0.0,20190402_Hampton@Marshall,1,11.0,164.5,0.7597251012245312,0.7560209097542443,0.747510942627213,1.2769043843629904,0.0,0.6323285964603613,0.6271528465443301,0.6119921849797104,-0.05865501782773597,0,-1.0,1.229909273382756,1.3516847126284632,-1.0
2019-04-04,2018-19,True,20190404_Lipscomb@Texas,-1,14.5,161.0,0.823608843210466,0.8209438542803367,0.7998854928417264,1.1932958011389603,1.0,20190404_WiscGreenBay@Marshall,1,11.0,160.5,0.7653167084952561,0.7617110940176,0.747510942627213,1.2769043843629904,0.0,0.6303216089734194,0.6253220413709004,0.5979231587479517,-0.03956343308339427,0,-1.0,1.1142068015742692,1.3516847126284632,-1.0
2019-04-06,2018-19,True,20190406_Auburn@Virginia,1,9.0,121.5,0.7754796176883004,0.7702383489377929,0.7061558003004232,1.3516847126284632,1.0,20190406_TexasTech@MichiganState,1,11.5,122.0,0.8178061743892678,0.8131937101720236,0.7572740494178288,1.260441977027726,0.0,0.634192019458521,0.6263529806894975,0.5347534624133892,0.08048572347422889,0,-1.0,1.2769043843629904,1.2447896882063136,-1.0
2019-11-15,2019-20,True,20191115_N.CarolinaA&T@UtahState,-1,13.5,153.0,0.8339038149508483,0.8307197653116345,0.7847606137642726,1.2162944766322255,1.0,20191115_MissouriSt@Xavier,1,9.5,122.0,0.757252101393372,0.7532522557924983,0.7136831307792385,1.3374282771092325,0.0,0.6314754162314795,0.6257415371524034,0.5600704117435229,0.027225243954376088,0,-1.0,1.2162944766322255,1.4777199549572984,-1.0
2019-11-16,2019-20,True,20191116_American@St.FrancisPA,-1,9.5,156.0,0.7635746421101173,0.7597617367748285,0.7113617952845381,1.3417926100715163,1.0,20191116_Liberty@EastCarolina,-1,14.0,142.5,0.8277177162681683,0.8251249428288441,0.7930020364270376,1.2036539077511204,1.0,0.6320242589676702,0.6268983596198736,0.5641113522970321,0.020753256035421108,1,0.6150539185041559,1.3417926100715163,1.1391817639238162,0.5285456723612112
2019-11-17,2019-20,True,20191117_IdahoU@ArkansasState,-1,8.5,145.0,0.7416043618786324,0.7369977616929715,0.680727255347238,1.40217685203909,0.0,20191117_NCCentral@Louisville,-1,15.0,153.5,0.8516009327493126,0.8489299680605662,0.8010269128462751,1.1915954191955818,1.0,0.6315509663068022,0.625659486294723,0.5452808518411161,0.05521273086724143,0,-1.0,1.2891939880664636,1.1915954191955818,-1.0
2019-11-18,2019-20,True,20191118_SIUEdwardsville@SouthDakota,-1,8.0,152.5,0.7652520661241741,0.7594279514732397,0.680727255347238,1.40217685203909,1.0,20191118_JacksonState@TexasState,-1,12.5,144.0,0.8290168755813502,0.8248554409135622,0.7587568793766141,1.2579787095758608,1.0,0.6344068768904356,0.6264182777545425,0.5165064879738778,0.11903576312776165,1,0.7639086269252771,1.273223401559022,1.2891939880664636,0.6414319547554239
2019-11-19,2019-20,True,20191119_Maine@WashingtonU,-1,10.5,138.0,0.8017629508308614,0.7979806855025104,0.7212242797113249,1.323444075374231,1.0,20191119_Fairfield@Maryland,-1,10.5,143.0,0.7914704159181932,0.7875413863309895,0.7212242797113249,1.323444075374231,1.0,0.6345716561618997,0.6284428153260004,0.5201644616451193,0.11145493406808304,1,0.751504220643153,1.323444075374231,1.273223401559022,0.685039967421113
2019-11-20,2019-20,True,20191120_CalSantaBarb@OregonState,-1,8.5,151.0,0.7553102208561494,0.7498233091569718,0.680727255347238,1.40217685203909,1.0,20191120_JamesMadison@OldDominion,1,13.5,120.0,0.8380208482703527,0.8341572691227617,0.7918676669480588,1.205378170924371,1.0,0.6329657119891378,0.6254705638909719,0.5390459035197728,0.0698091307213109,1,0.6901533692233706,1.3059229400052563,1.12670571323856,0.47139083755321964
2019-11-21,2019-20,True,20191121_TennesseeState@TexasTech,-1,12.5,153.0,0.824981273337875,0.8218928654971221,0.7587568793766141,1.2579787095758608,1.0,20191121_TennesseeTech@Winthrop,1,9.0,120.5,0.7663928812608956,0.7617179068220705,0.7028729360391662,1.3579979411055492,0.0,0.6322597750596964,0.6260505131384614,0.5333096755473562,0.08010992063359179,0,-1.0,1.2434287391320826,1.317863909129458,-1.0
2019-11-22,2019-20,True,20191122_IdahoState@SantaClara,-1,7.5,146.0,0.7667065157638194,0.7590181784988215,0.6595114483765033,1.447283443448419,1.0,20191122_Valparaiso@GrandCanyon,-1,12.0,151.5,0.8293534451693831,0.8246084854354258,0.7587568793766141,1.2579787095758608,0.0,0.6358706902825376,0.6258928305898688,0.5004088484833066,0.15769909049222197,0,-1.0,1.3417926100715163,1.2891939880664636,-1.0
2019-11-23,2019-20,True,20191123_FloridaAM@SetonHall,-1,14.0,153.5,0.8616421389815987,0.8580375515509542,0.7930020364270376,1.2036539077511204,1.0,20191123_Presbyterian@Quinnipiac,1,6.5,129.0,0.7361933278798443,0.7291413087870177,0.6576666980260046,1.451343063081869,1.0,0.6343351937383704,0.6256306233262708,0.5215310308248673,0.10812950598348081,1,0.7469147493659722,1.2036539077511204,1.4777199549572984,0.7786633983461617
2019-11-24,2019-20,True,20191124_VMI@NCGreensboro,1,7.5,121.0,0.7689138320715609,0.7609336114110695,0.6692423582130919,1.4262396698089452,1.0,20191124_MissValleySt@SouthDakotaState,1,11.5,146.0,0.8303446218181161,0.8246032730241102,0.754697812306194,1.2647446228620347,0.0,0.6384634651021787,0.6274683465236244,0.5050757436460587,0.15167888397771656,0,-1.0,1.3796218675831247,1.1569851940726572,-1.0
2019-11-25,2019-20,True,20191125_Lipscomb@TennesseeTech,1,7.0,118.5,0.7542716964119467,0.746102116486562,0.6576666980260046,1.451343063081869,1.0,20191125_Southern@NebraskaOmaha,-1,14.5,155.0,0.8440414069620368,0.8408056872608631,0.7930020364270376,1.2036539077511204,1.0,0.6366365438711817,0.6273269028192683,0.5215310308248673,0.11214976847394431,1,0.7469147493659722,1.3579979411055492,1.2036539077511204,0.6345595285296701
2019-11-26,2019-20,True,20191126_Cornell@Navy,1,6.5,113.0,0.7361822555067389,0.728140200762335,0.6459275296364135,1.4777199549572984,1.0,20191126_IUPUI@Southern,-1,15.0,149.5,0.86203102125298,0.8584085974399225,0.8088341163162951,1.1800936443520913,0.0,0.6346119415427964,0.6250418084760195,0.5224482226378361,0.10666671869448718,0,-1.0,1.4023512632022006,1.2579787095758608,-1.0
2019-11-27,2019-20,True,20191127_PortlandState@CalSantaBarb,-1,8.0,158.5,0.7726582389027804,0.7650047079489842,0.6701928265843948,1.4242169747840527,1.0,20191127_TennMartin@BostonU,-1,12.0,159.5,0.8232089763352975,0.8182115144327095,0.7496720519205387,1.273223401559022,1.0,0.6360591979041916,0.625935660639091,0.502424831487949,0.15339564474386647,1,0.8133463811926516,1.4242169747840527,1.1915954191955818,0.6970904230932666
2019-11-28,2019-20,True,20191128_SouthernMiss@SetonHall,-1,12.5,154.0,0.8380792377741346,0.8333329287534201,0.7587568793766141,1.2579787095758608,1.0,20191128_Pepperdine@Arizona,-1,7.5,162.0,0.7579646743453132,0.7508293500446978,0.6701928265843948,1.4242169747840527,0.0,0.6352344565350403,0.6256908212667749,0.5085134176797677,0.13810805182814723,0,-1.0,1.2162944766322255,1.3417926100715163,-1.0
2019-11-29,2019-20,True,20191129_HolyCross@FlaAtlantic,1,7.5,126.0,0.7516695374743855,0.7456605546905255,0.6806425929409767,1.4023512632022006,1.0,20191129_Merrimack@Akron,-1,14.0,147.5,0.8455710013279465,0.8422066663606421,0.7847606137642726,1.2162944766322255,1.0,0.6355899634699306,0.6280002900025348,0.5341414989904669,0.08410806501738488,1,0.7056720957310609,1.317863909129458,1.1915954191955818,0.5703605972418444
2019-11-30,2019-20,True,20191130_Lipscomb@Xavier,1,11.5,123.0,0.8311643820220398,0.8248158523917481,0.754697812306194,1.2647446228620347,1.0,20191130_Lamar@TexasSouthern,1,8.0,136.5,0.7674796279268498,0.7592332200477868,0.6806425929409767,1.4023512632022006,1.0,0.6379017306603251,0.626227595557847,0.5136794758549705,0.13139285594548533,1,0.7736162194987652,1.248753448338845,1.3374282771092325,0.6701181729460344
2019-12-01,2019-20,True,20191201_WakeForest@Arizona,-1,11.0,162.5,0.8184187525226122,0.8128367294712153,0.740385084661744,1.2891939880664636,1.0,20191201_Maine@Connecticut,1,8.5,122.0,0.7752729545441673,0.7692389560451065,0.6918562415019779,1.3796218675831247,0.0,0.6344979243225572,0.6252656772135563,0.5122400419381979,0.12851814619907853,0,-1.0,1.2162944766322255,1.4262396698089452,-1.0
2019-12-02,2019-20,True,20191202_Mercer@HolyCross,-1,8.5,157.0,0.7628087527172627,0.7574255723225718,0.6911057456076974,1.3811200472088347,1.0,20191202_SouthDakota@WashingtonU,-1,12.5,154.0,0.8316290146140478,0.827537535200617,0.767635466320526,1.2434287391320826,1.0,0.634373891361228,0.6267980912177378,0.5305172813063597,0.08942573627906136,1,0.7173243588909237,1.4966762926015837,1.2295435675894981,0.8402287083319748
2019-12-03,2019-20,True,20191203_St.Peter's@St.Johns,1,12.0,121.5,0.834450257218103,0.8290578998398414,0.764362253629589,1.248753448338845,1.0,20191203_IllinoisState@TCU,1,7.5,119.0,0.7629543226970305,0.7560715518011792,0.6806425929409767,1.4023512632022006,1.0,0.6366474308202006,0.6268270928649354,0.5202575062566519,0.11489123555879832,1,0.7511909757060831,1.136280750234304,1.317863909129458,0.497463391372333
2019-12-04,2019-20,True,20191204_Virginia@Purdue,1,11.0,90.5,0.8411072616347718,0.835397062455917,0.754697812306194,1.2647446228620347,1.0,20191204_FlaGulfCoast@FloridaIntl,1,7.5,132.0,0.7590946572074491,0.7506916757152525,0.6692423582130919,1.4262396698089452,0.0,0.6384800284453432,0.6271256207026319,0.5050757436460587,0.15170876141568046,0,-1.0,1.2335532568755085,1.3579979411055492,-1.0
2019-12-05,2019-20,True,20191205_NoIllinois@SaintMarysCA,-1,15.0,145.5,0.8456876847636725,0.8430007765074942,0.8010269128462751,1.1915954191955818,1.0,20191205_SouthDakotaState@MontanaState,1,8.5,129.0,0.7486143789174551,0.7437522143751862,0.7028729360391662,1.3579979411055492,1.0,0.6330939608874973,0.6269836942474503,0.5630201380786507,0.02446259771029302,1,0.6181841258984038,1.2579787095758608,1.2335532568755085,0.5517837342773526
2019-12-06,2019-20,True,20191206_MissValleySt@MissouriSt,1,7.5,131.0,0.767719234151726,0.7615410956058914,0.6806425929409767,1.4023512632022006,1.0,20191206_IdahoState@Pepperdine,-1,12.5,160.0,0.8269909964706964,0.8224949923439308,0.7587568793766141,1.2579787095758608,1.0,0.6348968944608558,0.6263637375999563,0.5164422497907025,0.1200394092371353,1,0.7641280324551827,1.317863909129458,1.2891939880664636,0.6989822287394654
2019-12-07,2019-20,True,20191207_Marist@Navy,1,11.0,98.5,0.8393631152218872,0.8329384329328064,0.7447920052103792,1.2815658510329808,1.0,20191207_Stetson@VMI,1,7.0,120.5,0.7606177682092761,0.7513527285252465,0.6576666980260046,1.451343063081869,1.0,0.6384344994172573,0.6258305642776072,0.48982489878287694,0.18748287487634507,1,0.8599917077793284,1.2335532568755085,1.2992580194428667,0.6027039614053711
2019-12-08,2019-20,True,20191208_NorthCarolina@Virginia,1,5.0,111.5,0.7425892694205488,0.7314764963429764,0.609858541875112,1.5651170467584667,0.0,20191208_Dayton@SaintMarysCA,-1,14.5,151.0,0.860522493620581,0.8563924496596753,0.7930020364270376,1.2036539077511204,1.0,0.6390147698576562,0.6264309485716381,0.4836190656393876,0.20381388471152118,0,-1.0,1.7425274869872505,1.1486902274853883,-1.0
2019-12-09,2019-20,True,20191209_Columbia@Duquesne,1,8.5,126.0,0.7497559491945912,0.7453683115811126,0.7028729360391662,1.3579979411055492,1.0,20191209_AlabamaState@SouthDakota,-1,15.0,155.5,0.8459830874201127,0.8432777940200166,0.8088341163162951,1.1800936443520913,1.0,0.6342808527112375,0.628552545522545,0.5685076101038788,0.016476129394732197,1,0.6025647393418843,1.4023512632022006,1.1132462094668412,0.5611622281008863
2019-12-10,2019-20,True,20191210_Bryant@Fordham,1,7.0,119.5,0.7461131726489066,0.7391471288541523,0.6692423582130919,1.4262396698089452,1.0,20191210_St.Josephs@Temple,1,15.0,130.5,0.8506633665126804,0.8469094017150999,0.8249889496339212,1.1569851940726572,1.0,0.6346911432449757,0.625990652677304,0.5521175501527471,0.04732808871771854,1,0.6501381811680251,1.2992580194428667,1.12670571323856,0.46388143347729405
2019-12-11,2019-20,True,20191211_NCAsheville@SoCarolinaSt,-1,7.5,159.0,0.7671924192958351,0.7599858040513668,0.6701928265843948,1.4242169747840527,0.0,20191211_Winthrop@TCU,1,13.0,123.5,0.8295682973376226,0.8253594979350759,0.782950323848794,1.2191067184287112,1.0,0.6364385090055774,0.6272615016696211,0.5247276906153906,0.10503066996390675,0,-1.0,1.273223401559022,1.1923335504672223,-1.0
2019-12-12,2019-20,True,20191212_AustinPeay@WestVirginia,-1,11.0,159.5,0.7679514532816121,0.7655102795112132,0.740385084661744,1.2891939880664636,1.0,20191212_Southern@WrightState,-1,14.5,154.0,0.819373747835452,0.8169931076323661,0.7930020364270376,1.2036539077511204,1.0,0.6292392604310365,0.6254166221823872,0.5871268798769677,-0.023582142192415723,1,0.55174338158545,1.2036539077511204,1.323444075374231,0.5929686330142614
2019-12-13,2019-20,True,20191213_Nebraska@IndianaU,-1,14.0,163.5,0.8408184638237218,0.8377857583365452,0.7930020364270376,1.2036539077511204,0.0,20191213_UTRioGrandeValley@Creighton,1,9.0,131.5,0.7514307906180246,0.7472403978020908,0.7028729360391662,1.3579979411055492,1.0,0.6318168830372922,0.6260273633323264,0.5573796696285097,0.03274230645452203,0,-1.0,1.1691242515096338,1.1463653117917154,-1.0
2019-12-14,2019-20,True,20191214_TennMartin@NCAsheville,-1,10.5,168.0,0.800609948775514,0.7943818395833133,0.7212242797113249,1.323444075374231,1.0,20191214_No.Colorado@Wyoming,1,10.0,111.5,0.7936492289129558,0.7876850368442425,0.7242781241581421,1.317863909129458,1.0,0.6354034685057276,0.6257226885805793,0.5223669684066256,0.10821937816663407,1,0.7441191826869049,1.2579787095758608,1.12670571323856,0.4173717992115935
2019-12-15,2019-20,True,20191215_CalRiverside@WashingtonState,1,7.0,120.5,0.7490899812742222,0.7421021149787437,0.6692423582130919,1.4262396698089452,1.0,20191215_TexasA&MCorpus@TexasA&M,1,13.0,104.5,0.8478596926531214,0.8435685570508217,0.7918676669480588,1.205378170924371,1.0,0.6351232012926945,0.6260140103169818,0.5299513848210181,0.09187723696195604,1,0.7191581644940852,1.1569851940726572,1.1569851940726572,0.3386147393033443
2019-12-16,2019-20,True,20191216_NoIllinois@Pittsburgh,1,6.5,115.0,0.751920454970795,0.7442995982167564,0.6576666980260046,1.451343063081869,0.0,20191216_CalSantaBarb@IdahoState,-1,13.5,147.0,0.8461593328149402,0.8419699845770231,0.7763043337059484,1.2295435675894981,1.0,0.6362445105079941,0.6266779212312469,0.5105495078116687,0.13537166598047512,0,-1.0,1.2992580194428667,1.2579787095758608,-1.0
2019-12-17,2019-20,True,20191217_TennesseeTech@Lipscomb,1,6.5,125.0,0.7576514326545319,0.7483084551556991,0.6459275296364135,1.4777199549572984,1.0,20191217_NorthAlabama@UAB,1,12.5,110.0,0.8402024367062917,0.8353577780793369,0.7737809410982968,1.2335532568755085,1.0,0.6365805798903506,0.6251052884168459,0.49980641176336205,0.1603885312708606,1,0.8228462631875051,1.2335532568755085,1.136280750234304,0.40166282017647204
2019-12-18,2019-20,True,20191218_StonyBrook@Virginia,1,9.5,98.0,0.8135143540620016,0.8068496151440638,0.7136831307792385,1.3374282771092325,1.0,20191218_FlaGulfCoast@SouthDakotaState,1,8.0,124.5,0.7836307375477437,0.7750665623743909,0.6806425929409767,1.4023512632022006,1.0,0.6374948532792826,0.6253621575628098,0.4857631366718151,0.19564979617476297,1,0.875544233846475,1.4262396698089452,1.3374282771092325,0.9074932643374183
2019-12-19,2019-20,True,20191219_PortlandState@LoyolaMarymount,-1,14.0,157.5,0.8333011339965941,0.8296984801052241,0.7847606137642726,1.2162944766322255,1.0,20191219_ArkansasLR@ULMonroe,1,9.0,115.5,0.7587956055346212,0.7533144953215275,0.7028729360391662,1.3579979411055492,1.0,0.6323052385636322,0.6250238918095052,0.5515869966843925,0.044394619955294035,1,0.6517253950446136,1.2162944766322255,1.2191067184287112,0.4827927680500792
2019-12-20,2019-20,True,20191220_MountStMarys@Navy,1,7.5,109.0,0.746812433486594,0.7403628762948227,0.6692423582130919,1.4262396698089452,0.0,20191220_Southern@CalSantaBarb,-1,15.0,149.5,0.8519123287110281,0.8490060935310663,0.8010269128462751,1.1915954191955818,1.0,0.636218719321914,0.6285725933984915,0.536081140145394,0.08125413162285122,0,-1.0,1.4023512632022006,1.2036539077511204,-1.0
2019-12-21,2019-20,True,20191221_WeberState@BYU,1,11.5,123.0,0.8352807954579603,0.8299874437797605,0.764362253629589,1.248753448338845,1.0,20191221_VMI@VirginiaTech,1,8.0,124.5,0.7597637346437136,0.7531014082049725,0.6806425929409767,1.4023512632022006,0.0,0.6346160566333118,0.6250647127029831,0.5202575062566519,0.11133391141443627,0,-1.0,1.179940324239779,1.3374282771092325,-1.0
2019-12-22,2019-20,True,20191222_SouthCarolina@Virginia,1,12.5,100.0,0.8492872982201974,0.8448456562728237,0.782950323848794,1.2191067184287112,1.0,20191222_Yale@Clemson,1,7.5,120.0,0.7474496115288273,0.7400666133009279,0.6692423582130919,1.4262396698089452,0.0,0.6347994611310539,0.6252420635998285,0.5239835210962709,0.1037501762317361,0,-1.0,1.2335532568755085,1.3796218675831247,-1.0
2019-12-23,2019-20,True,20191223_Grambling@Dayton,-1,14.0,161.5,0.8501379951044028,0.8467935122000394,0.7930020364270376,1.2036539077511204,1.0,20191223_BallState@UTEP,1,7.5,116.0,0.746033731437568,0.7398875753770472,0.6806425929409767,1.4023512632022006,1.0,0.6342316207245905,0.6265319985867012,0.5397509622811737,0.07054845962543688,1,0.6879455779930486,1.2162944766322255,1.3579979411055492,0.6517253950446136
2019-12-25,2019-20,True,20191225_PortlandU@BallState,1,11.5,121.0,0.781740794026999,0.778613277787096,0.754697812306194,1.2647446228620347,0.0,20191225_HoustonU@WashingtonU,-1,15.0,153.5,0.8129858115446983,0.8106225805003128,0.8010269128462751,1.1915954191955818,1.0,0.6355441738496367,0.6311615044515826,0.6045332587234682,-0.04219431933670381,0,-1.0,1.2191067184287112,1.1915954191955818,-1.0
2019-12-27,2019-20,True,20191227_CoppinState@MountStMarys,1,10.0,127.5,0.7719553542731125,0.7668495227941665,0.7242781241581421,1.317863909129458,1.0,20191227_UMassLowell@LoyolaMaryland,1,15.0,132.5,0.8226270455470842,0.820184367928575,0.8170917787616353,1.1681674259978694,1.0,0.6350313523799432,0.6289579911492628,0.5918017007865168,-0.022378319964749815,1,0.539485690543249,1.317863909129458,1.1569851940726572,0.5247490306654965
2019-12-28,2019-20,True,20191228_Marist@Columbia,1,8.0,117.5,0.769622683262103,0.7629585968103783,0.6918562415019779,1.3796218675831247,1.0,20191228_CalRiverside@FresnoState,1,12.0,110.5,0.826256649626644,0.8212120236733693,0.764362253629589,1.248753448338845,1.0,0.6359058597488131,0.626550773265645,0.528828795942149,0.09554342551572104,1,0.7228075645481042,1.2992580194428667,1.2335532568755085,0.6027039614053711
2019-12-29,2019-20,True,20191229_Navy@Virginia,1,9.5,88.0,0.8356651790134947,0.8284802517650992,0.7136831307792385,1.3374282771092325,1.0,20191229_NorfolkSt@StonyBrook,1,7.0,118.5,0.764432327494246,0.7554809406692072,0.6576666980260046,1.451343063081869,1.0,0.6388094777991814,0.6259010399293587,0.46936562805644305,0.2399721578480858,1,0.94106725235202,1.248753448338845,1.3796218675831247,0.7228075645481042
2019-12-30,2019-20,True,20191230_Yale@NorthCarolina,1,6.0,126.5,0.7507335717228876,0.7403481539375885,0.6340374836219163,1.5054314999603071,1.0,20191230_GeorgeMason@TCU,1,13.0,115.5,0.8503983292782898,0.8450319642811767,0.782950323848794,1.2191067184287112,1.0,0.6384225751262668,0.6256178547738234,0.4964198531340538,0.1716852407368623,1,0.8352816557358225,1.4023512632022006,1.1463653117917154,0.6076068430822967
2019-12-31,2019-20,True,20191231_Temple@CentralFlorida,1,7.5,126.0,0.757407507015267,0.7494189518470636,0.6692423582130919,1.4262396698089452,0.0,20191231_CalRiverside@AirForce,-1,14.5,150.0,0.837344302602855,0.8346232678894084,0.8010269128462751,1.1915954191955818,0.0,0.6342108607478658,0.6254824946088515,0.536081140145394,0.07784177465665287,0,-1.0,1.2992580194428667,1.1691242515096338,-1.0
2020-01-01,2019-20,True,20200101_FresnoState@SanDiegoState,1,9.0,115.5,0.7626513440286076,0.7576205398158053,0.7028729360391662,1.3579979411055492,0.0,20200101_Mercer@NCGreensboro,1,12.5,117.0,0.8315907531537209,0.8279234655726779,0.782950323848794,1.2191067184287112,1.0,0.6342138055744473,0.6272518229133446,0.5503145928964179,0.049969122855735515,0,-1.0,1.248753448338845,1.1923335504672223,-1.0
2020-01-02,2019-20,True,20200102_SaintMarysCA@SanFrancisco,-1,12.5,163.0,0.838972684281986,0.8343165378724495,0.767635466320526,1.2434287391320826,1.0,20200102_Lehigh@Navy,1,8.0,116.5,0.7562123095517789,0.7495947406796691,0.6806425929409767,1.4023512632022006,1.0,0.634441471231736,0.6253992888512582,0.5224853942298586,0.10629073307870285,1,0.7437238630237957,1.130117946229045,1.3579979411055492,0.5346978441854748
2020-01-03,2019-20,True,20200103_Temple@Tulsa,1,7.5,125.0,0.7536173192170019,0.7458503280274438,0.6692423582130919,1.4262396698089452,0.0,20200103_Fairfield@Niagara,1,13.5,117.0,0.8446806507996785,0.8400455860878648,0.7918676669480588,1.205378170924371,1.0,0.6365659676501262,0.6265482759416402,0.5299513848210181,0.09435758052479226,0,-1.0,1.1923335504672223,1.2191067184287112,-1.0
2020-01-04,2019-20,True,20200104_Lipscomb@FlaGulfCoast,1,6.0,125.5,0.7267378897886162,0.7179818437194906,0.6340374836219163,1.5054314999603071,1.0,20200104_SaintMarysCA@Pacific,-1,15.0,143.5,0.8748203623274688,0.8716121857116682,0.8088341163162951,1.1800936443520913,0.0,0.6357651040619774,0.6258017241056386,0.5128311477767401,0.12946858787755788,0,-1.0,1.3796218675831247,1.1214790595357482,-1.0
2020-01-05,2019-20,True,20200105_Purdue@Illinois,1,8.0,118.5,0.7729046043462403,0.7652408413840703,0.6806425929409767,1.4023512632022006,0.0,20200105_LaSalle@Fordham,1,12.0,108.5,0.8223562311797773,0.8169895942799732,0.764362253629589,1.248753448338845,1.0,0.6356029174916711,0.625193804528837,0.5202575062566519,0.11306209324387262,0,-1.0,1.2335532568755085,1.2191067184287112,-1.0
2020-01-06,2019-20,True,20200106_NorfolkSt@CoppinState,1,8.5,127.0,0.7524801375577497,0.7459185121688371,0.6918562415019779,1.3796218675831247,1.0,20200106_SouthAlabama@UTArlington,-1,15.0,158.5,0.8438937342663954,0.8411577712615179,0.8088341163162951,1.1800936443520913,1.0,0.6350132732449002,0.6274351532386464,0.5595969317131655,0.03385431338478928,1,0.6280829975440079,1.205378170924371,1.0908065871161226,0.3148344488102872
2020-01-07,2019-20,True,20200107_Virginia@BostonCollege,1,7.0,102.5,0.7644911056263949,0.7573719792818907,0.6692423582130919,1.4262396698089452,1.0,20200107_UtahState@AirForce,-1,13.5,164.0,0.8303238373905438,0.8262695909652502,0.7763043337059484,1.2295435675894981,1.0,0.6347751884746478,0.6257934355297898,0.5195357429804119,0.1131568856836076,1,0.7536238118545584,1.3579979411055492,1.130117946229045,0.5346978441854748
2020-01-08,2019-20,True,20200108_Marist@Fairfield,1,8.0,100.5,0.766791553667585,0.760395828938231,0.6806425929409767,1.4023512632022006,1.0,20200108_Campbell@NCAsheville,-1,13.0,156.5,0.829116105627383,0.8247578158563244,0.767635466320526,1.2434287391320826,1.0,0.6357592268048385,0.6271424030613546,0.5224853942298586,0.10858853491715448,1,0.7437238630237957,1.3796218675831247,1.273223401559022,0.7565668471093967
2020-01-09,2019-20,True,20200109_Purdue@Michigan,1,8.5,117.0,0.7698788880211735,0.7637192394201335,0.6918562415019779,1.3796218675831247,1.0,20200109_MountStMarys@Merrimack,1,11.5,104.0,0.8253358329036208,0.8208007716028383,0.764362253629589,1.248753448338845,1.0,0.6354086332798686,0.6268613410039784,0.528828795942149,0.09468679999372998,1,0.7228075645481042,1.1923335504672223,1.136280750234304,0.3548256612544267
2020-01-10,2019-20,True,20200110_Manhattan@Fairfield,1,13.5,99.0,0.8385301518156306,0.8349293960629046,0.7918676669480588,1.205378170924371,1.0,20200110_NorthernKentucky@IllinoisChicago,1,9.0,123.5,0.7551644131285445,0.7500889646873189,0.7028729360391662,1.3579979411055492,0.0,0.6332281299864401,0.6262713262798325,0.5565823520222667,0.03653180629539321,0,-1.0,1.136280750234304,1.2647446228620347,-1.0
2020-01-11,2019-20,True,20200111_JacksonState@AlcornState,-1,11.5,168.0,0.8321888432395151,0.8258294125031869,0.740385084661744,1.2891939880664636,1.0,20200111_OldDominion@CharlotteU,1,7.0,106.5,0.7649310580827832,0.757114714265754,0.6692423582130919,1.4262396698089452,0.0,0.6365670923838896,0.6252475996796059,0.49549706004482524,0.17045566314257754,0,-1.0,1.005142718283451,1.317863909129458,-1.0
2020-01-12,2019-20,True,20200112_MichiganState@Purdue,1,7.0,123.5,0.7524487679124225,0.7452197594010302,0.6692423582130919,1.4262396698089452,0.0,20200112_MemphisU@SouthFlorida,1,14.5,119.0,0.8455753906840532,0.8413682939408107,0.8089392153073272,1.179940324239779,1.0,0.6362521608972812,0.6270042775782262,0.5413763881033237,0.07073457215702206,0,-1.0,1.2335532568755085,1.1569851940726572,-1.0
2020-01-13,2019-20,True,20200113_JacksonState@Southern,-1,13.5,146.0,0.8361087869633828,0.8323067750170292,0.7763043337059484,1.2295435675894981,1.0,20200113_MissValleySt@AlabamaA&M,1,9.0,143.5,0.7555221076314739,0.7511951489443192,0.7136831307792385,1.3374282771092325,0.0,0.63169867293577,0.6252248118262832,0.554035307316752,0.03878193370666172,0,-1.0,1.2295435675894981,1.2647446228620347,-1.0
2020-01-14,2019-20,True,20200114_TCU@WestVirginia,1,5.0,117.5,0.7338223174169941,0.7242539238390652,0.6220098539751965,1.5345416055708694,1.0,20200114_Louisville@Pittsburgh,1,14.5,110.0,0.8671990628002963,0.863395470946514,0.8170917787616353,1.1681674259978694,1.0,0.6363700259259589,0.6253175576578904,0.5082391379918583,0.14075787414498087,1,0.7926015174663603,1.248753448338845,1.1007971847385416,0.37462428036394635
2020-01-15,2019-20,True,20200115_Virginia@FloridaState,1,11.5,100.0,0.8336101921732461,0.8280246157196203,0.754697812306194,1.2647446228620347,1.0,20200115_WichitaState@Temple,1,8.0,123.5,0.763002050399808,0.7552637788281886,0.6806425929409767,1.4023512632022006,0.0,0.6360462858623647,0.6253770002311592,0.5136794758549705,0.12810200895743806,0,-1.0,1.179940324239779,1.1569851940726572,-1.0
2020-01-16,2019-20,True,20200116_HighPoint@NCAsheville,-1,13.5,161.0,0.8532865403636972,0.8486404750074157,0.7847606137642726,1.2162944766322255,1.0,20200116_UAB@FloridaIntl,1,7.0,126.5,0.7466727129291753,0.7392352912116052,0.6692423582130919,1.4262396698089452,1.0,0.637125775999312,0.6273449886760619,0.5251950437883551,0.10523956173328886,1,0.7347274327423892,1.1391817639238162,1.2992580194428667,0.4800910423810887
2020-01-17,2019-20,True,20200117_Brown@Yale,1,6.0,125.5,0.7491077648740174,0.7401877916494043,0.6459275296364135,1.4777199549572984,1.0,20200117_Fairfield@Iona,1,15.0,112.5,0.8516577358516063,0.8481383116409394,0.8170917787616353,1.1681674259978694,1.0,0.6379834229414632,0.6277816239067612,0.5277820741417261,0.10130249796822643,1,0.7262243161281547,1.3579979411055492,1.1007971847385416,0.49488031044972436
2020-01-18,2019-20,True,20200118_Purdue@Maryland,1,7.0,112.5,0.7814582929446949,0.7726033634053652,0.6692423582130919,1.4262396698089452,0.0,20200118_Stetson@Jacksonville,1,9.5,104.0,0.8172320044853683,0.8103061301834061,0.7242781241581421,1.317863909129458,1.0,0.6386327271649072,0.6260452415676853,0.48471759981374957,0.20036755137400153,0,-1.0,1.2335532568755085,1.1569851940726572,-1.0
2020-01-19,2019-20,True,20200119_Minnesota@Rutgers,1,12.0,118.5,0.8312639292828135,0.8268032080610868,0.7737809410982968,1.2335532568755085,1.0,20200119_Iona@Marist,1,9.0,117.5,0.7621816891869584,0.7565055001332055,0.7028729360391662,1.3579979411055492,1.0,0.633574145780963,0.6254811744259912,0.543869681920909,0.06133982933459592,1,0.6751627830809852,1.2647446228620347,1.2647446228620347,0.5995789610584303
2020-01-20,2019-20,True,20200120_Yale@Howard,1,8.5,126.0,0.7872944033565396,0.7807400506964657,0.7028729360391662,1.3579979411055492,1.0,20200120_NCState@Virginia,1,10.5,106.0,0.806170095214702,0.8009133995603978,0.73465007390087,1.2992580194428667,0.0,0.6346932041159434,0.6253051681762636,0.516365654404095,0.11984616175631535,0,-1.0,1.2191067184287112,1.248753448338845,-1.0
2020-01-21,2019-20,True,20200121_Illinois@Purdue,1,6.0,116.5,0.7619649832471311,0.7530899364485394,0.6459275296364135,1.4777199549572984,1.0,20200121_Wyoming@SanDiegoState,1,12.5,106.0,0.8359376610189299,0.8318226244844305,0.7737809410982968,1.2335532568755085,1.0,0.6369552258739348,0.626437247409437,0.49980641176336205,0.1610714533020554,1,0.8228462631875051,1.2815658510329808,1.136280750234304,0.4562186066864198
2020-01-22,2019-20,True,20200122_Cincinnati@Temple,1,11.5,117.0,0.8294930129294391,0.8231543298343853,0.754697812306194,1.2647446228620347,1.0,20200122_MemphisU@Tulsa,1,8.0,122.5,0.7678557309660865,0.7600522367548816,0.6806425929409767,1.4023512632022006,0.0,0.6369309637741959,0.6256402895850901,0.5136794758549705,0.12967108805089422,0,-1.0,1.1681674259978694,1.12670571323856,-1.0
2020-01-23,2019-20,True,20200123_Jacksonville@Lipscomb,1,5.5,122.0,0.7412289472609247,0.730654885156977,0.6220098539751965,1.5345416055708694,1.0,20200123_FloridaAtlantic@CharlotteU,1,14.5,110.0,0.8604092062674612,0.8559051703977583,0.8089392153073272,1.179940324239779,1.0,0.6377602101752381,0.6253712939822369,0.5031681631881206,0.15477169788099343,1,0.8106675196367228,1.2815658510329808,1.0930251342888946,0.4007836864253853
2020-01-24,2019-20,True,20200124_Wisconsin@Purdue,1,11.5,100.0,0.8517329693982348,0.8458643579382413,0.754697812306194,1.2647446228620347,1.0,20200124_Yale@Brown,1,7.0,124.5,0.7482636670769219,0.740094402483034,0.6576666980260046,1.451343063081869,1.0,0.6373208350522389,0.6260194765699979,0.49633961822686407,0.1698523172410844,1,0.8355783349609085,1.12670571323856,1.2992580194428667,0.46388143347729405
2020-01-25,2019-20,True,20200125_Jacksonville@KennesawSt,1,7.5,114.0,0.7815681866284047,0.7727585621191682,0.6692423582130919,1.4262396698089452,1.0,20200125_Tennessee@Kansas,1,9.5,112.0,0.8174793647984666,0.8099998689545114,0.7136831307792385,1.3374282771092325,1.0,0.6389158647516776,0.6259343340500029,0.47762698145960003,0.21872770849214196,1,0.9074932643374183,1.1569851940726572,1.136280750234304,0.3146600043308607
2020-01-26,2019-20,True,20200126_Tulsa@Connecticut,1,6.5,118.0,0.7483218657164517,0.7398129696276031,0.6459275296364135,1.4777199549572984,1.0,20200126_Fordham@SaintLouis,1,13.0,105.5,0.8499448789804948,0.8449723620766599,0.782950323848794,1.2191067184287112,0.0,0.6360323375948276,0.6251215124411841,0.5057291685116815,0.1458111908512929,0,-1.0,1.317863909129458,1.1923335504672223,-1.0
2020-01-27,2019-20,True,20200127_SouthernUtah@IdahoU,1,7.5,121.0,0.7510734951977894,0.7440187186145455,0.6692423582130919,1.4262396698089452,0.0,20200127_Kansas@OklahomaState,1,13.5,119.0,0.8457263483062911,0.8420647124544941,0.8005310255892524,1.1923335504672223,0.0,0.6352026444032691,0.6265119083509184,0.5357492713880962,0.08019602254937563,0,-1.0,1.248753448338845,1.117615584580775,-1.0
2020-01-28,2019-20,True,20200128_Purdue@Rutgers,1,6.5,114.0,0.7588298355165412,0.7499371663204296,0.6459275296364135,1.4777199549572984,1.0,20200128_FloridaState@Virginia,1,12.0,101.5,0.840053948081795,0.8347021123674112,0.764362253629589,1.248753448338845,1.0,0.6374579992479295,0.6259741368704932,0.49372262223428215,0.1763062751937734,1,0.8453078894320489,1.451343063081869,1.205378170924371,0.7494172467613971
2020-01-29,2019-20,True,20200129_Temple@Connecticut,1,5.5,122.0,0.7455815078187703,0.7350614509723957,0.6220098539751965,1.5345416055708694,1.0,20200129_Louisville@BostonCollege,1,14.5,118.0,0.8596227968226379,0.8554386937045403,0.8089392153073272,1.179940324239779,1.0,0.6409188610104107,0.6288000074123902,0.5031681631881206,0.1604909643541137,1,0.8106675196367228,1.3796218675831247,1.179940324239779,0.6278714737643216
2020-01-30,2019-20,True,20200130_FlaGulfCoast@Jacksonville,1,5.0,114.5,0.7430207158130832,0.7318828806333622,0.609858541875112,1.5651170467584667,1.0,20200130_WeberState@SouthernUtah,1,13.0,118.5,0.8593384072562996,0.8541871322405968,0.7918676669480588,1.205378170924371,1.0,0.6385062384852506,0.6251649389441987,0.48292726072298997,0.20457900316585653,1,0.8865579231042737,1.3374282771092325,1.0856503420045769,0.45197946645023035
2020-01-31,2019-20,True,20200131_Columbia@Yale,1,6.5,122.0,0.7618628860131806,0.7524765343252261,0.6459275296364135,1.4777199549572984,1.0,20200131_Cornell@Brown,1,13.0,122.5,0.8387305346118571,0.8337656815097366,0.782950323848794,1.2191067184287112,1.0,0.6389976656867673,0.6273891104617568,0.5057291685116815,0.15115322444213009,1,0.801498325044615,1.2647446228620347,1.205378170924371,0.5244955601918728
2020-02-01,2019-20,True,20200201_Cornell@Yale,1,11.0,116.5,0.8381317168214694,0.8313584763915843,0.7447920052103792,1.2815658510329808,1.0,20200201_WichitaState@Tulsa,1,7.0,121.5,0.7626834248336185,0.7536041733370022,0.6576666980260046,1.451343063081869,0.0,0.6392291682470788,0.6265152173477896,0.48982489878287694,0.1889609523102438,0,-1.0,1.248753448338845,1.2992580194428667,-1.0
2020-02-02,2019-20,True,20200202_LaSalle@Duquesne,1,8.5,125.0,0.7558874144840596,0.749826041953566,0.6918562415019779,1.3796218675831247,1.0,20200202_Marist@Canisius,1,14.0,116.5,0.8409840826254491,0.8372526698360091,0.8005310255892524,1.1923335504672223,1.0,0.6356892838379995,0.6277938555381904,0.5538523865699039,0.04568944504405348,1,0.6449694396776071,1.317863909129458,1.1923335504672223,0.5713333538049394
2020-02-03,2019-20,True,20200203_IdahoU@SacramentoState,1,8.5,108.0,0.769283777153339,0.7637182446384679,0.6918562415019779,1.3796218675831247,1.0,20200203_Texas@Kansas,1,11.5,117.0,0.8245932454659028,0.8206628437039871,0.764362253629589,1.248753448338845,1.0,0.6343462064871401,0.6267551864336224,0.528828795942149,0.09285644307843866,1,0.7228075645481042,1.2191067184287112,1.1463653117917154,0.39754165337890446
2020-02-04,2019-20,True,20200204_Xavier@Depaul,1,9.0,127.5,0.763852828833047,0.7576661857627576,0.7028729360391662,1.3579979411055492,0.0,20200204_AirForce@Nevada,-1,14.0,172.5,0.8299475497826275,0.826034668409801,0.7847606137642726,1.2162944766322255,1.0,0.633957783684516,0.6258585365218582,0.5515869966843925,0.04712417069791508,0,-1.0,1.2647446228620347,1.1054012905579558,-1.0
2020-02-05,2019-20,True,20200205_Temple@MemphisU,1,5.5,127.0,0.7452779442966259,0.7344039643302672,0.6220098539751965,1.5345416055708694,1.0,20200205_Clemson@Virginia,1,12.5,92.0,0.8574378850916182,0.8522383337346809,0.7737809410982968,1.2335532568755085,1.0,0.6390295443631278,0.625887210848971,0.48129937018134167,0.20964381590805337,1,0.892938795362918,1.317863909129458,1.1569851940726572,0.5247490306654965
2020-02-06,2019-20,True,20200206_Connecticut@Tulsa,1,7.0,119.5,0.7624130704567633,0.7537649317660763,0.6576666980260046,1.451343063081869,1.0,20200206_Liberty@Jacksonville,1,11.0,104.5,0.8362842039661547,0.8309687009609533,0.754697812306194,1.2647446228620347,1.0,0.6375940077203262,0.626355066179578,0.49633961822686407,0.17035374707232886,1,0.8355783349609085,1.4262396698089452,1.2335532568755085,0.7593425897778743
2020-02-07,2019-20,True,20200207_Dartmouth@Brown,1,8.0,119.5,0.7650362047750534,0.7586308141900241,0.6918562415019779,1.3796218675831247,1.0,20200207_Harvard@Yale,1,12.5,123.0,0.8292126228203879,0.8242181212657819,0.7737809410982968,1.2335532568755085,1.0,0.6343776779140774,0.6252772644060322,0.5353451736541309,0.07960743470716491,1,0.701837048013835,1.2992580194428667,1.179940324239779,0.5330469287325492
2020-02-08,2019-20,True,20200208_Virginia@Louisville,1,10.0,101.5,0.8160089222129101,0.8096741898655894,0.7242781241581421,1.317863909129458,1.0,20200208_Kansas@TCU,1,8.0,119.5,0.7795950621997425,0.772586570354895,0.6918562415019779,1.3796218675831247,0.0,0.6361565264681185,0.6255434054531338,0.501096340782155,0.15663044895473788,0,-1.0,1.205378170924371,1.248753448338845,-1.0
2020-02-09,2019-20,True,20200209_Tulsa@CentralFlorida,1,12.5,113.0,0.8417323540948723,0.8366142240643327,0.7737809410982968,1.2335532568755085,1.0,20200209_WashingtonU@WashingtonState,1,8.0,127.5,0.7544683487567019,0.7478422530112501,0.6806425929409767,1.4023512632022006,1.0,0.6350604192890499,0.6256554662255294,0.5266682661174539,0.09857512249987654,1,0.7298749680065582,1.179940324239779,1.317863909129458,0.5550007682421152
2020-02-10,2019-20,True,20200210_MDEasternShore@CoppinState,1,7.5,122.0,0.7457610761124387,0.7387889567733474,0.6692423582130919,1.4262396698089452,1.0,20200210_AlabamaState@ArkPineBluff,1,14.0,102.5,0.8531134522061481,0.8490912675782211,0.8005310255892524,1.1923335504672223,1.0,0.6362188061632545,0.6272992517794731,0.5357492713880962,0.08192405989473994,1,0.7005534093204986,1.2992580194428667,1.0856503420045769,0.41053991316033733
2020-02-11,2019-20,True,20200211_NoIllinois@BallState,1,8.5,112.0,0.7719591767610362,0.765583666988855,0.6918562415019779,1.3796218675831247,1.0,20200211_Fordham@Davidson,1,11.5,106.0,0.8238838158509025,0.818876713941937,0.754697812306194,1.2647446228620347,1.0,0.6360046722310039,0.6269186374714518,0.5221423918919286,0.10974505178771343,1,0.7448693386086349,1.2191067184287112,1.1463653117917154,0.39754165337890446
2020-02-12,2019-20,True,20200212_Kansas@WestVirginia,1,8.0,124.5,0.7670650036014574,0.7594581628045723,0.6806425929409767,1.4023512632022006,0.0,20200212_Temple@Tulane,1,12.5,125.0,0.8301917213126853,0.8246832705157018,0.7737809410982968,1.2335532568755085,1.0,0.636811015698615,0.626312441521521,0.5266682661174539,0.1016034354078652,0,-1.0,1.317863909129458,1.205378170924371,-1.0
2020-02-13,2019-20,True,20200213_SouthernUtah@SacramentoState,1,11.0,106.5,0.8315062448636186,0.825217180397102,0.7447920052103792,1.2815658510329808,1.0,20200213_ArizonaState@Stanford,1,7.5,127.0,0.7653634258956541,0.7574814464804527,0.6806425929409767,1.4023512632022006,1.0,0.6364044682224498,0.6250867034677174,0.506937161628102,0.14374960419631355,1,0.797205490072904,1.136280750234304,1.248753448338845,0.41893450513613684
2020-02-14,2019-20,True,20200214_Fairfield@Marist,1,10.5,103.0,0.8158252612886969,0.8106057390414342,0.7447920052103792,1.2815658510329808,1.0,20200214_Columbia@Dartmouth,1,9.0,118.5,0.7781534158816229,0.7719714266486918,0.7028729360391662,1.3579979411055492,1.0,0.634837213834317,0.6257644688174331,0.5234941434407172,0.10484769765687574,1,0.7403637870939688,1.1681674259978694,1.1923335504672223,0.3928452145801957
2020-02-15,2019-20,True,20200215_Virginia@NorthCarolina,1,6.5,107.0,0.7718777969356764,0.7619859870099982,0.6459275296364135,1.4777199549572984,1.0,20200215_WestVirginia@Baylor,1,11.5,116.0,0.8263675033954032,0.820691719089379,0.754697812306194,1.2647446228620347,1.0,0.6378547279800789,0.6253555896012526,0.4874800935249456,0.19211117377607256,1,0.8689383671281712,1.2992580194428667,1.205378170924371,0.5660972550348633
2020-02-16,2019-20,True,20200216_Duquesne@Fordham,1,6.0,113.5,0.7411758889557118,0.7330695484723385,0.6459275296364135,1.4777199549572984,0.0,20200216_Fairfield@St.Peter's,1,14.0,102.5,0.857736403821212,0.8536269012910367,0.8005310255892524,1.1923335504672223,1.0,0.6357335415918622,0.6257678870932617,0.5170850277561704,0.12012122877516807,0,-1.0,1.4262396698089452,1.1007971847385416,-1.0
2020-02-17,2019-20,True,20200217_Xavier@St.Johns,1,8.0,130.5,0.7609825297792437,0.7534521218266355,0.6806425929409767,1.4023512632022006,1.0,20200217_NCCentral@N.CarolinaA&T,1,12.5,119.0,0.8357140876269538,0.8299789638941061,0.7737809410982968,1.2335532568755085,1.0,0.6359638205745118,0.6253494114174867,0.5266682661174539,0.1001378937696622,1,0.7298749680065582,1.2647446228620347,1.136280750234304,0.4371049689204747
2020-02-18,2019-20,True,20200218_Purdue@Wisconsin,1,13.5,108.0,0.855616634111489,0.8516562758377586,0.8005310255892524,1.1923335504672223,1.0,20200218_BallState@Buffalo,1,7.0,134.5,0.7420039606999794,0.7348252929999558,0.6692423582130919,1.4262396698089452,0.0,0.63487093135151,0.6258185724277322,0.5357492713880962,0.07963192678829056,0,-1.0,1.1923335504672223,1.2335532568755085,-1.0
2020-02-19,2019-20,True,20200219_Fordham@LaSalle,1,8.0,110.5,0.7676949531071942,0.7601915712427935,0.6806425929409767,1.4023512632022006,0.0,20200219_TCU@Texas,1,11.0,107.5,0.8288736309121104,0.8233581552220269,0.754697812306194,1.2647446228620347,1.0,0.6363221032148624,0.6259099297138004,0.5136794758549705,0.1285912030874472,0,-1.0,1.248753448338845,1.136280750234304,-1.0
2020-02-20,2019-20,True,20200220_Lipscomb@Jacksonville,1,6.0,129.5,0.7329598822970671,0.7252051245222114,0.6459275296364135,1.4777199549572984,1.0,20200220_LoyolaMarymount@SaintMarysCA,-1,15.0,143.5,0.8677754946752677,0.8645580694887416,0.8010269128462751,1.1915954191955818,1.0,0.6360446244374633,0.6269819424402655,0.5174053349870772,0.11997557004677772,1,0.7608443291810181,1.317863909129458,1.1391817639238162,0.5012865326136318
2020-02-21,2019-20,True,20200221_Yale@Cornell,1,15.0,119.5,0.8628930717527037,0.8590114903536519,0.8170917787616353,1.1681674259978694,1.0,20200221_Brown@Columbia,1,7.5,131.0,0.7344178205583096,0.7279338754025158,0.6692423582130919,1.4262396698089452,1.0,0.6337240491314857,0.6253035631884246,0.5468324288949667,0.05583922489741955,1,0.6660867239367667,1.12670571323856,1.317863909129458,0.48484479568706274
2020-02-22,2019-20,True,20200222_UCDavis@CalSantaBarb,-1,13.5,159.0,0.860369241410102,0.8551848510972184,0.7763043337059484,1.2295435675894981,1.0,20200222_OldDominion@Marshall,1,6.0,128.5,0.7410608168792183,0.7312872369732564,0.6340374836219163,1.5054314999603071,1.0,0.6375859328571235,0.6253857668602706,0.49220604626770786,0.18016749214958394,1,0.8509936172228054,1.1214790595357482,1.317863909129458,0.47795677740660936
2020-02-23,2019-20,True,20200223_SouthFlorida@Connecticut,1,11.0,110.5,0.8258590704180238,0.8203883551904023,0.754697812306194,1.2647446228620347,1.0,20200223_Stanford@WashingtonState,1,8.5,124.0,0.7706074085343877,0.7635826446596872,0.6918562415019779,1.3796218675831247,1.0,0.6364131180694517,0.6264343099042982,0.5221423918919286,0.11045773640770329,1,0.7448693386086349,1.248753448338845,1.248753448338845,0.5593851747381562
2020-02-24,2019-20,True,20200224_MDEasternShore@N.CarolinaA&T,1,7.0,122.5,0.7523498901635959,0.7440836198886643,0.6576666980260046,1.451343063081869,1.0,20200224_WestVirginia@Texas,1,12.5,111.0,0.844887570840996,0.8401442279745549,0.782950323848794,1.2191067184287112,1.0,0.6356510711228106,0.6251375583798741,0.5149203542040274,0.1246841876659639,1,0.7693420789480112,1.205378170924371,1.136280750234304,0.36964801237399736
2020-02-25,2019-20,True,20200225_WesternMichigan@BallState,1,8.5,120.0,0.7689304673641517,0.7624352506968058,0.6918562415019779,1.3796218675831247,1.0,20200225_NoIllinois@EasternMichigan,1,12.0,102.5,0.8246641225013895,0.8198723883858906,0.764362253629589,1.248753448338845,1.0,0.6341093691334415,0.6250996099783854,0.528828795942149,0.09244841789391933,1,0.7228075645481042,1.317863909129458,1.1007971847385416,0.45070088103823647
2020-02-26,2019-20,True,20200226_RhodeIsland@Fordham,1,12.0,108.5,0.8405740210496764,0.834787158426399,0.764362253629589,1.248753448338845,1.0,20200226_Hartford@StonyBrook,1,7.5,124.0,0.7577143449274037,0.7497028456330175,0.6692423582130919,1.4262396698089452,0.0,0.6369149937226493,0.6258423081701718,0.5115435971481396,0.13435942858962013,0,-1.0,1.136280750234304,1.2191067184287112,-1.0
2020-02-27,2019-20,True,20200227_Jacksonville@FlaGulfCoast,1,6.5,114.0,0.7671351985735156,0.7582840461441941,0.6576666980260046,1.451343063081869,1.0,20200227_Temple@WichitaState,1,11.0,123.5,0.8327295085659019,0.8263131116395805,0.754697812306194,1.2647446228620347,1.0,0.6388161169117292,0.6265800496760603,0.49633961822686407,0.17259702422702494,1,0.8355783349609085,1.3579979411055492,1.1923335504672223,0.6191865066455573
2020-02-28,2019-20,True,20200228_Dartmouth@Cornell,1,11.5,113.0,0.8231837742538427,0.8184951195541109,0.764362253629589,1.248753448338845,1.0,20200228_WashingtonState@Washington,1,9.0,126.5,0.7699758789030339,0.7640232808357006,0.7028729360391662,1.3579979411055492,1.0,0.6338316500798191,0.6253493265897409,0.537249541406143,0.07485463530547465,1,0.6958046117926062,1.2335532568755085,1.2191067184287112,0.5038330629965502
2020-02-29,2019-20,True,20200229_Duke@Virginia,1,10.0,113.5,0.804252666104399,0.7983751925902896,0.7242781241581421,1.317863909129458,0.0,20200229_Oklahoma@WestVirginia,1,9.5,125.0,0.78978017960012,0.7832597179434878,0.7136831307792385,1.3374282771092325,1.0,0.6351828150798077,0.625335128161348,0.5169050792040969,0.11954049091858399,0,-1.0,1.2992580194428667,1.2647446228620347,-1.0
2020-03-01,2019-20,True,20200301_SouthFlorida@Temple,1,8.0,117.5,0.7839062340140245,0.7754720155726282,0.6806425929409767,1.4023512632022006,1.0,20200301_SouthernMiss@UTEP,1,9.5,116.0,0.8144272968069691,0.8072752626243309,0.7242781241581421,1.317863909129458,1.0,0.6384346351181733,0.6260193750292127,0.4929745404374245,0.1798962317803623,1,0.8481081176962855,1.248753448338845,1.2191067184287112,0.5223637185309065
2020-03-02,2019-20,True,20200302_AlabamaState@TexasSouthern,1,6.5,134.0,0.7269968949219735,0.7193859187588225,0.6459275296364135,1.4777199549572984,1.0,20200302_ArkPineBluff@JacksonState,1,15.0,100.5,0.8745273623194945,0.8711428715036568,0.8249889496339212,1.1569851940726572,1.0,0.6357786769305762,0.6266879149868569,0.5328830742143783,0.0869908731662623,1,0.7097001088713082,1.3374282771092325,1.1007971847385416,0.47223728223156125
2020-03-03,2019-20,True,20200303_Maine@Hartford,1,8.0,118.5,0.7769978031502794,0.769159104902502,0.6806425929409767,1.4023512632022006,1.0,20200303_StonyBrook@MDBaltimoreCo,1,11.5,120.0,0.8190320196656619,0.8130167018827997,0.754697812306194,1.2647446228620347,1.0,0.6363860799899558,0.6253391986909586,0.5136794758549705,0.12870467333342406,1,0.7736162194987652,1.2647446228620347,1.2815658510329808,0.6208535189375699
2020-03-04,2019-20,True,20200304_Tulsa@Temple,1,7.0,120.5,0.7660715719161735,0.7568315821203916,0.6576666980260046,1.451343063081869,0.0,20200304_Virginia@MiamiFlorida,1,11.0,107.5,0.832000645588861,0.8260681817788195,0.7447920052103792,1.2815658510329808,0.0,0.6373720424015299,0.6251944889549792,0.48982489878287694,0.18550671363722016,0,-1.0,1.3374282771092325,1.2647446228620347,-1.0
2020-03-05,2019-20,True,20200305_AirForce@SanDiegoState,-1,14.5,159.0,0.8714012283721744,0.8670576954427445,0.8010269128462751,1.1915954191955818,1.0,20200305_N.CarolinaA&T@NCCentral,1,5.5,125.0,0.7302069508598954,0.7212189170943317,0.6340374836219163,1.5054314999603071,1.0,0.6363032339452128,0.625338412165523,0.5078810881344843,0.1414422784586291,1,0.7938652792654355,1.1054012905579558,1.2815658510329808,0.41664454566686193
2020-03-06,2019-20,True,20200306_Yale@Dartmouth,1,8.5,119.0,0.793407686915621,0.7861152228661447,0.7028729360391662,1.3579979411055492,1.0,20200306_BallState@NorthernIllinois,1,10.0,113.5,0.8016490103242342,0.7952978411092934,0.7242781241581421,1.317863909129458,1.0,0.6360344869995475,0.6251957396085959,0.5090754916359731,0.1382832381443051,1,0.7896564752551145,1.2191067184287112,1.205378170924371,0.469484626421212
2020-03-07,2019-20,True,20200307_Temple@Cincinnati,1,6.5,130.0,0.7518366980027498,0.7427360425400937,0.6459275296364135,1.4777199549572984,0.0,20200307_Louisville@Virginia,1,11.5,100.0,0.8486838715580524,0.8431740947679741,0.764362253629589,1.248753448338845,1.0,0.6380716796403959,0.626255790320291,0.49372262223428215,0.17743870446358145,0,-1.0,1.4023512632022006,1.1569851940726572,-1.0
2020-03-08,2019-20,True,20200308_Nebraska@Minnesota,1,9.5,134.0,0.7902953964583843,0.7840849128103479,0.7136831307792385,1.3374282771092325,1.0,20200308_Tulsa@WichitaState,1,10.5,117.0,0.8037018044471973,0.7980688895981225,0.73465007390087,1.2992580194428667,1.0,0.6351618361799166,0.625753775717195,0.5243073647687718,0.10369812015534396,1,0.7376644144638269,1.2335532568755085,1.2815658510329808,0.5808797294421664
2020-03-09,2019-20,True,20200309_SaintMarysCA@BYU,-1,9.0,156.5,0.7670784244339273,0.7619100238688158,0.6911057456076974,1.3811200472088347,1.0,20200309_Elon@Northeastern,-1,13.0,151.5,0.8271364676184391,0.8232594497233403,0.767635466320526,1.2434287391320826,1.0,0.6344785383725964,0.6272496269889384,0.5305172813063597,0.0896054491407694,1,0.7173243588909237,1.40217685203909,1.1054012905579558,0.549968101834502
2020-03-10,2019-20,True,20200310_SaintMarysCA@Gonzaga,-1,13.0,159.5,0.8414505470510677,0.8377701554561474,0.7763043337059484,1.2295435675894981,1.0,20200310_Hartford@StonyBrook,1,8.5,124.0,0.7523428972153476,0.7467149730847227,0.6918562415019779,1.3796218675831247,0.0,0.6330593424318395,0.6255755190826211,0.5370909985794947,0.07386185003963619,0,-1.0,1.1691242515096338,1.317863909129458,-1.0
2020-03-11,2019-20,True,20200311_UTEP@Marshall,1,8.0,131.5,0.7425020559179347,0.7361451066351652,0.6806425929409767,1.4023512632022006,1.0,20200311_UtahU@OregonState,-1,15.0,152.5,0.8559280951472437,0.8527793681247291,0.8088341163162951,1.1800936443520913,1.0,0.6355283703647501,0.6277693588844475,0.5505269501886466,0.051739594350282525,1,0.6549058128540437,1.179940324239779,1.1054012905579558,0.30430755719602454
2020-12-01,2020-21,True,20201201_WesternKentucky@Louisville,-1,11.0,153.5,0.7717446470842393,0.768670493763182,0.7296489796776385,1.3081632765685514,1.0,20201201_NichollsState@SaintMarysCA,-1,15.0,154.5,0.8216477620427086,0.819467317994691,0.8009614997932467,1.1916927346025825,1.0,0.6341022621452052,0.6299003479457695,0.5844207410852136,-0.01147980233308954,1,0.5589286723606515,1.2911129234523386,1.1204187564099484,0.44658713607928213
2020-12-06,2020-21,True,20201206_Troy@UAB,-1,13.5,152.0,0.8345511444779093,0.8315378507845509,0.7758063944640312,1.2303327309636574,1.0,20201206_MissValleySt@WesternKentucky,1,9.0,149.5,0.7562157911020838,0.7521261998525645,0.7052141688826521,1.353489538521778,1.0,0.6311007539365117,0.625421403744153,0.5471096616857987,0.05093578477934391,1,0.6652424802602395,1.3447238846804477,1.2607562709042672,0.695369070245621
2020-12-07,2020-21,True,20201207_MoreheadState@EasternKentucky,1,12.0,133.5,0.7851305308731895,0.7824611624763462,0.7667617746830949,1.2448455720089826,1.0,20201207_Fairfield@Hartford,-1,15.0,145.5,0.8101202069541109,0.8078049588812387,0.8009614997932467,1.1916927346025825,1.0,0.6360501081569793,0.6320760071803712,0.6141466610343033,-0.056436568302471235,1,0.48347342386530046,1.1887004962489771,1.2444774894487134,0.4793110092783668
2020-12-08,2020-21,True,20201208_Syracuse@Rutgers,1,10.0,130.5,0.7886439400039823,0.7833328698537229,0.7266336959207272,1.3135917111448299,1.0,20201208_CoppinState@Georgetown,1,11.0,136.5,0.8037115280409086,0.7987289125803888,0.7471678967886,1.2774906471524452,0.0,0.6338422261008033,0.6256706113267393,0.5429173703168169,0.06365135279652745,0,-1.0,1.3135917111448299,1.1646527872309482,-1.0
2020-12-09,2020-21,True,20201209_SEMissouriState@Lipscomb,-1,10.0,153.5,0.778647158310928,0.7738839545791499,0.7098111447814596,1.3447238846804477,0.0,20201209_CentralConnecticut@FairleighDickinson,-1,12.0,166.5,0.8126306880531134,0.8084028491274121,0.748723311031481,1.2748367600376034,1.0,0.632752576008811,0.6256099937757736,0.5314521505278204,0.08472991790502471,0,-1.0,1.2593020933211017,1.3260218155024666,-1.0
2020-12-10,2020-21,True,20201210_NewOrleans@Jacksonville,-1,14.5,157.0,0.8247909880162437,0.8222753615888702,0.7927953455959101,1.2039677141173721,1.0,20201210_NCGreensboro@CoppinState,1,10.0,131.5,0.7643743150596496,0.7604179507750914,0.7266336959207272,1.3135917111448299,1.0,0.630449046532288,0.625272945432256,0.5760718120791064,-0.0029309568829265498,1,0.5815220097505682,1.1480536011516536,1.176367605293699,0.3505330655355783
2020-12-11,2020-21,True,20201211_NorthTexas@WestVirginia,-1,13.0,152.5,0.8273867575048145,0.8242182036414074,0.7669885619408275,1.2444774894487134,1.0,20201211_Villanova@Georgetown,1,9.0,133.5,0.7631069741063823,0.7587172623445257,0.7160306169593703,1.3330435562284917,1.0,0.6313846049351901,0.6253485790413315,0.549187293207271,0.04743088010114049,1,0.6589426981810182,1.2303327309636574,1.2950885759864514,0.5933898645332449
2020-12-12,2020-21,True,20201212_LaSalle@Drexel,1,9.5,124.0,0.7705814759922667,0.7660424211315227,0.7160306169593703,1.3330435562284917,0.0,20201212_TexasAM@TCU,-1,15.0,144.5,0.8248233723332847,0.8224160794482561,0.8009614997932467,1.1916927346025825,1.0,0.6355936116855014,0.6300056046780368,0.573512956857661,0.009690232404689914,0,-1.0,1.3135917111448299,1.216838775245361,-1.0
2020-12-13,2020-21,True,20201213_NorthernIllinois@Iowa,-1,9.0,158.5,0.756419809608418,0.7527847717882565,0.6892657179186855,1.3848070130083052,0.0,20201213_AirForce@Drake,-1,14.5,145.0,0.8331602260418297,0.8309497691191934,0.8009614997932467,1.1916927346025825,1.0,0.6302188995558674,0.6255263323138964,0.5520753031802192,0.04002784958061412,0,-1.0,1.4062659270196833,1.1204187564099484,-1.0
2020-12-14,2020-21,True,20201214_Rutgers@Maryland,-1,10.5,150.0,0.7608037822357987,0.7579234643843641,0.7198222448838923,1.3260218155024666,1.0,20201214_Longwood@Radford,-1,15.0,144.5,0.8337585758758844,0.8315427131940213,0.8089064758600895,1.1799880808039085,1.0,0.634326677997906,0.6302457339675863,0.5822688753547277,-0.007475430052575227,1,0.5646899371788698,1.1799880808039085,1.1204187564099484,0.3220807780728767
2020-12-15,2020-21,True,20201215_CharlotteU@Davidson,-1,8.5,139.0,0.7513053902019099,0.7473366173389759,0.6892657179186855,1.3848070130083052,1.0,20201215_ArkPineBluff@NorthTexas,-1,14.0,144.5,0.8418195592294322,0.8393312125881693,0.7844095860665982,1.216838775245361,1.0,0.6324635724264683,0.6272629492426633,0.5406666364824927,0.06575606143423296,1,0.685086869660213,1.216838775245361,1.1688290168885092,0.42227646938185304
2020-12-16,2020-21,True,20201216_MemphisU@Tulane,1,8.0,126.5,0.7481472979895847,0.7424604965311936,0.6829781438787393,1.3975557029969448,1.0,20201216_OhioState@Purdue,-1,14.5,152.0,0.8464956756691929,0.8435412525946309,0.8009614997932467,1.1916927346025825,1.0,0.6333034525117746,0.6262960572459546,0.5470391984471229,0.05473965383768964,1,0.6654569774638637,1.2607562709042672,1.1041123704118323,0.39201659477969275
2020-12-17,2020-21,True,20201217_CalIrvine@LoyolaMarymount,-1,9.5,152.0,0.7544979524889481,0.7514208065792407,0.7098111447814596,1.3447238846804477,1.0,20201217_HoustonBaptist@NorthTexas,-1,15.0,165.5,0.8414169887289286,0.8391953156074665,0.8089064758600895,1.1799880808039085,1.0,0.6348473951853929,0.630588820931283,0.5741708316513862,0.007349282059281981,1,0.5867581558952579,1.3260218155024666,1.2303327309636574,0.6314480415845367
2020-12-18,2020-21,True,20201218_IdahoU@UtahU,-1,13.0,152.5,0.8474979938384809,0.8436977404502333,0.7669885619408275,1.2444774894487134,1.0,20201218_LoyolaChicago@Richmond,-1,7.0,150.5,0.7482261066960436,0.7417073170084122,0.6572674861123897,1.4522245815713222,1.0,0.6341201243624741,0.6257767874354022,0.5041166439838046,0.14602044413258963,1,0.8072608013895872,1.158191791153569,1.2911129234523386,0.495356389394785
2020-12-19,2020-21,True,20201219_Campbell@NCState,-1,10.5,155.0,0.8131097137431035,0.8077632028823183,0.7198222448838923,1.3260218155024666,1.0,20201219_Troy@Auburn,1,8.5,129.0,0.7802459759606428,0.7741750623000359,0.7052141688826521,1.353489538521778,0.0,0.6344255821625667,0.6253501279150953,0.507628846169039,0.1386395357736836,0,-1.0,1.216838775245361,1.229720384781726,-1.0
2020-12-20,2020-21,True,20201220_ChicagoSt@Drake,-1,8.5,149.0,0.7806766345049848,0.7752745830410982,0.6787478681382003,1.4062659270196833,0.0,20201220_Colorado@WashingtonU,1,11.0,120.5,0.8163664295989906,0.8122165646753298,0.7570852686026243,1.2607562709042672,1.0,0.6373181967821906,0.6296908585177394,0.513870012062868,0.12993876903029467,0,-1.0,1.3260218155024666,1.201682032869103,-1.0
2020-12-21,2020-21,True,20201221_ArkPineBluff@Baylor,-1,10.0,153.5,0.8422938672366564,0.8369545723278602,0.7198222448838923,1.3260218155024666,1.0,20201221_SoIllinois@Butler,-1,6.0,141.5,0.7547192785399542,0.7467735726380329,0.6352612879995687,1.502531348959907,0.0,0.6356954197994773,0.6250155561130131,0.4572752064156824,0.2665527824705216,0,-1.0,1.3081632765685514,1.2593020933211017,-1.0
2020-12-22,2020-21,True,20201222_TennMartin@Mississippi,-1,8.0,153.5,0.7644147681152607,0.7591709578184163,0.6787478681382003,1.4062659270196833,1.0,20201222_William&Mary@Virginia,-1,11.5,136.0,0.8264773998768434,0.8233300640999893,0.748723311031481,1.2748367600376034,1.0,0.6317715299793608,0.6250482733634869,0.5081943511879924,0.1326144110331835,1,0.7927594981530499,1.1688290168885092,1.1799880808039085,0.37920430842619113
2020-12-23,2020-21,True,20201223_IdahoState@No.Colorado,-1,12.5,148.0,0.8380781260292023,0.8339286118494302,0.7579595119092826,1.2593020933211017,1.0,20201223_Providence@Butler,-1,7.5,147.0,0.7561990466492166,0.7503364800112624,0.668078564864443,1.428724180356952,1.0,0.6337538799208448,0.6257270591957799,0.5063765029417071,0.14024703449642928,1,0.7991953511019847,1.1916927346025825,1.216838775245361,0.4500979276426016
2020-12-25,2020-21,True,20201225_Maryland@Purdue,-1,10.5,146.0,0.7758503012782747,0.7722228369196686,0.7198222448838923,1.3260218155024666,1.0,20201225_Wisconsin@MichiganState,-1,13.0,153.5,0.8133056753898534,0.8102297347909014,0.7669885619408275,1.2444774894487134,0.0,0.6310034532825485,0.6256779043569006,0.5520954284565148,0.04128461186538379,0,-1.0,1.2911129234523386,1.158191791153569,-1.0
2020-12-26,2020-21,True,20201226_IndianaU@Illinois,-1,10.0,155.5,0.7566521840998326,0.7533195256370021,0.7098111447814596,1.3447238846804477,1.0,20201226_HoustonU@CentralFlorida,-1,14.5,149.0,0.8324175404781046,0.8300548776241384,0.8009614997932467,1.1916927346025825,1.0,0.6298505500857686,0.6252965466644957,0.5685313990941192,0.009334047413414703,1,0.6024976834202505,1.4062659270196833,1.2303327309636574,0.7301749984512662
2020-12-27,2020-21,True,20201227_RobertMorris@IPFW,-1,10.5,155.0,0.7805177059199778,0.7766465646126337,0.7198222448838923,1.3260218155024666,0.0,20201227_Drake@IndianaState,-1,12.0,155.5,0.8117032031965988,0.8081995285111183,0.7579595119092826,1.2593020933211017,1.0,0.6335487220469069,0.6276853873397104,0.5455961173936391,0.05793896653778763,0,-1.0,1.4062659270196833,1.3260218155024666,-1.0
2020-12-28,2020-21,True,20201228_NorthernArizona@Gonzaga,-1,9.5,167.0,0.7976167968386639,0.7922314658441326,0.6996229905760754,1.364306223290428,1.0,20201228_IllinoisState@LoyolaChicago,-1,10.0,152.5,0.7941380608485009,0.789144184842784,0.7098111447814596,1.3447238846804477,1.0,0.6334178563416493,0.625184854320372,0.49660019585623233,0.16207800469478606,1,0.8346151644768145,1.2748367600376034,1.2039677141173721,0.5348622998552701
2020-12-29,2020-21,True,20201229_DixieState@Gonzaga,-1,8.0,174.5,0.7733488862345937,0.7674043493077307,0.6787478681382003,1.4062659270196833,0.0,20201229_Wofford@Mercer,-1,12.5,158.0,0.8187534846309128,0.8144767606179082,0.7579595119092826,1.2593020933211017,1.0,0.633182095440009,0.6250330085082542,0.5144634028434963,0.1213108003399459,0,-1.0,1.3848070130083052,1.2039677141173721,-1.0
2020-12-30,2020-21,True,20201230_AlcornState@Baylor,-1,14.5,162.0,0.8628855908189836,0.8598640738157635,0.7927953455959101,1.2039677141173721,0.0,20201230_Arkansas@Auburn,1,6.5,138.0,0.7370768741736589,0.7299266479580593,0.660007784702701,1.4461950633354306,1.0,0.6360130140503473,0.6276377010999015,0.5232510997693689,0.10740815636986922,0,-1.0,1.2039677141173721,1.2774906471524452,-1.0
2020-12-31,2020-21,True,20201231_Radford@Presbyterian,-1,11.5,141.0,0.824303950640571,0.8197145831725787,0.7392846765469119,1.2911129234523386,1.0,20201231_Campbell@Winthrop,-1,9.5,162.0,0.7689345151098012,0.7637546483015536,0.6996229905760754,1.364306223290428,0.0,0.633835758588901,0.6260608231786274,0.517220556292817,0.11648482646463854,0,-1.0,1.216838775245361,1.2593020933211017,-1.0
2021-01-01,2020-21,True,20210101_Troy@AppalachianSt,1,6.0,121.5,0.750575714416152,0.7427924049707961,0.6482763285528282,1.4723659617971343,1.0,20210101_IPFW@NorthernKentucky,-1,14.5,159.0,0.848637186275438,0.845298330480737,0.7927953455959101,1.2039677141173721,1.0,0.6369664623688,0.6278811798155854,0.5139504559366872,0.1291383973077882,1,0.7726810813691218,1.3975557029969448,1.2039677141173721,0.6826119450889285
2021-01-02,2020-21,True,20210102_Purdue@Illinois,-1,13.5,161.0,0.8484278620781722,0.8445740573206191,0.7844095860665982,1.216838775245361,1.0,20210102_MissValleySt@ArkPineBluff,1,7.5,139.0,0.748715414906334,0.7420046074129123,0.6715791227136744,1.4212770583801309,1.0,0.6352310187739526,0.6266778418333164,0.5267931016588024,0.09860983611927154,1,0.729465035003608,1.2303327309636574,1.4998484198132704,0.8453126023803872
2021-01-03,2020-21,True,20210103_SoIllinois@Drake,-1,13.0,154.5,0.8328335373711647,0.8290910975885154,0.7669885619408275,1.2444774894487134,1.0,20210103_Duquesne@GeoWashington,-1,9.0,151.5,0.7610284482514471,0.7561779862751189,0.6892657179186855,1.3848070130083052,1.0,0.6338100145973411,0.6269404366131116,0.5286589217815647,0.09228355875604888,1,0.7233611549195476,1.1688290168885092,1.3260218155024666,0.5498927749864642
2021-01-04,2020-21,True,20210104_SoIllinois@Drake,-1,6.5,147.0,0.7425512431151675,0.7362989628463233,0.6463248319584802,1.4768115857589654,1.0,20210104_No.Colorado@Montana,-1,14.5,146.0,0.8530811213119069,0.8502648418077456,0.8009614997932467,1.1916927346025825,1.0,0.6334564471082376,0.6260491211677363,0.5176813067590825,0.11482357213951788,1,0.7599056371258779,1.3260218155024666,1.1688290168885092,0.5498927749864642
2021-01-05,2020-21,True,20210105_Davidson@Duquesne,-1,10.0,147.5,0.7791745482035337,0.7745415860017353,0.7098111447814596,1.3447238846804477,1.0,20210105_Rutgers@MichiganState,-1,13.0,165.5,0.8115071638910945,0.8080956409397364,0.7669885619408275,1.2444774894487134,1.0,0.6323057277887745,0.6259036793745523,0.5444170291855042,0.05815010664675491,1,0.6734786040088447,1.364306223290428,1.138392559853659,0.5531160539558679
2021-01-06,2020-21,True,20210106_Oklahoma@Baylor,-1,10.0,160.5,0.7678389912170838,0.7647113134987521,0.7198222448838923,1.3260218155024666,1.0,20210106_Georgetown@Butler,-1,13.5,154.0,0.8218152024202291,0.819134066771584,0.7844095860665982,1.216838775245361,1.0,0.6310217559932122,0.6264010881324725,0.5646354691509035,0.018188159260903003,1,0.6135547619246515,1.3081632765685514,1.1799880808039085,0.5436170740962776
2021-01-07,2020-21,True,20210107_MontanaState@No.Colorado,-1,10.0,145.5,0.7770743939674543,0.7737074654615933,0.7198222448838923,1.3260218155024666,0.0,20210107_IdahoU@SouthernUtah,-1,13.0,157.5,0.8107866893243503,0.8079461818152927,0.7669885619408275,1.2444774894487134,0.0,0.630041575243598,0.6251139925616818,0.5520954284565148,0.03969731658951825,0,-1.0,1.3848070130083052,1.1799880808039085,-1.0
2021-01-08,2020-21,True,20210108_Purdue@MichiganState,-1,9.5,153.0,0.7523718482702105,0.748679892044553,0.6996229905760754,1.364306223290428,1.0,20210108_KennesawSt@Liberty,-1,14.0,142.5,0.8397257738447302,0.8373938759578688,0.7927953455959101,1.2039677141173721,1.0,0.6317860325076925,0.6269399566509071,0.5546578506006038,0.03775950878547785,1,0.6425806450110816,1.2444774894487134,1.1799880808039085,0.46846860437825355
2021-01-09,2020-21,True,20210109_SantaClara@SaintMarysCA,1,7.5,119.0,0.7616577299044617,0.75535137806452,0.6715791227136744,1.4212770583801309,1.0,20210109_Chattanooga@TheCitadel,-1,13.0,169.5,0.8325975983119441,0.8285764355355341,0.7758063944640312,1.2303327309636574,0.0,0.6341543966541823,0.6258663524135536,0.5210153777898129,0.10891008082952136,0,-1.0,1.2950885759864514,1.3081632765685514,-1.0
2021-01-10,2020-21,True,20210110_Lehigh@Navy,-1,11.0,150.5,0.8030134565975166,0.7990498994695036,0.7296489796776385,1.3081632765685514,1.0,20210110_Maryland@Illinois,-1,10.0,157.5,0.7881539951063448,0.7840011855456257,0.7198222448838923,1.3260218155024666,1.0,0.6328982639414881,0.6264560684942038,0.5252175665287994,0.09785889943595394,1,0.7346530429690858,1.2303327309636574,1.2593020933211017,0.5493605835840014
2021-01-11,2020-21,True,20210111_LoyolaChicago@IndianaState,-1,8.5,147.0,0.7683097701898314,0.7631490843989892,0.6892657179186855,1.3848070130083052,1.0,20210111_BoiseState@Wyoming,-1,14.0,162.5,0.8234955779859808,0.8206172335030324,0.7844095860665982,1.216838775245361,1.0,0.6326996982747513,0.6262532903898707,0.5406666364824927,0.06615395400076185,1,0.685086869660213,1.3447238846804477,1.216838775245361,0.6363121648777401
2021-01-12,2020-21,True,20210112_CalRiverside@USC,-1,14.0,145.5,0.8396974536016287,0.8373723067489083,0.7927953455959101,1.2039677141173721,1.0,20210112_Butler@St.Johns,-1,9.0,156.5,0.7501844773973346,0.7465048634090374,0.6996229905760754,1.364306223290428,1.0,0.6299279954020105,0.6251024994721044,0.5546578506006038,0.034707532997972024,1,0.6425806450110816,1.2303327309636574,1.2039677141173721,0.48128088570209826
2021-01-13,2020-21,True,20210113_CentralArkansas@StephenF.Austin,-1,9.0,160.5,0.746596519253385,0.7418132080151923,0.6892657179186855,1.3848070130083052,0.0,20210113_St.Bonaventure@Fordham,-1,15.0,137.5,0.8486633672624193,0.8461890873629073,0.8009614997932467,1.1916927346025825,1.0,0.6336091160159794,0.6277142414841261,0.5520753031802192,0.045622603303658193,0,-1.0,1.4062659270196833,1.2444774894487134,-1.0
2021-01-14,2020-21,True,20210114_Presbyterian@Campbell,-1,11.5,150.0,0.8303695316708187,0.825340996624271,0.7392846765469119,1.2911129234523386,1.0,20210114_SantaClara@Pacific,1,8.0,121.5,0.764305969262614,0.7577847048909588,0.6829781438787393,1.3975557029969448,1.0,0.634656389749808,0.625430783561333,0.5049152761860041,0.14517540455727418,1,0.8044022293838737,1.1799880808039085,1.3749770853438041,0.6224565720841873
2021-01-15,2020-21,True,20210115_Presbyterian@Campbell,-1,11.5,144.0,0.8369319955851464,0.8323145024003201,0.748723311031481,1.2748367600376034,1.0,20210115_TarletonSt@CaliforniaBaptist,-1,8.5,154.0,0.757322071744629,0.7515151700565071,0.6787478681382003,1.4062659270196833,0.0,0.6338270728059098,0.6254969748118737,0.5081943511879924,0.1362995049593394,0,-1.0,1.216838775245361,1.2911129234523386,-1.0
2021-01-16,2020-21,True,20210116_TarletonSt@CaliforniaBaptist,-1,8.0,154.5,0.7637490872731892,0.7575304014730616,0.6787478681382003,1.4062659270196833,1.0,20210116_StephenF.Austin@IncarnateWord,-1,12.5,153.0,0.8304882409882861,0.826296584938534,0.7669885619408275,1.2444774894487134,1.0,0.6342846360459199,0.6259447837243074,0.5205918513037207,0.11004016003387873,1,0.750066290354723,1.3081632765685514,1.1916927346025825,0.5589286723606515
2021-01-17,2020-21,True,20210117_MemphisU@Tulsa,1,7.0,120.5,0.7424566916787017,0.7354604451132863,0.660007784702701,1.4461950633354306,0.0,20210117_SantaClara@SanDiego,1,14.0,122.5,0.8563820532922521,0.8523500976485048,0.8029777080197978,1.1887004962489771,1.0,0.6358265861003791,0.6268697822089224,0.5299715382357991,0.09304489951190531,0,-1.0,1.353489538521778,1.1234086629488504,-1.0
2021-01-18,2020-21,True,20210118_SacramentoState@IdahoState,-1,15.0,139.5,0.84591807522344,0.8433953860044445,0.8009614997932467,1.1916927346025825,1.0,20210118_ArkPineBluff@AlcornState,-1,9.5,157.0,0.7469663183528645,0.7431170785122239,0.6996229905760754,1.364306223290428,1.0,0.6318723102777944,0.6267415152783121,0.5603710798216498,0.027319368223089446,1,0.6258338140682915,1.158191791153569,1.1799880808039085,0.3666525088461412
2021-01-19,2020-21,True,20210119_Radford@Campbell,-1,9.0,139.5,0.767862428304113,0.7630245061481595,0.6892657179186855,1.3848070130083052,0.0,20210119_Purdue@OhioState,-1,13.5,153.0,0.8254071326683712,0.8221108458147656,0.7758063944640312,1.2303327309636574,1.0,0.6337991252302706,0.6272907221268572,0.5347367514461574,0.07985008681690697,0,-1.0,1.3081632765685514,1.158191791153569,-1.0
2021-01-20,2020-21,True,20210120_Winthrop@Presbyterian,-1,14.5,160.0,0.8393016476898664,0.836254217086256,0.7927953455959101,1.2039677141173721,1.0,20210120_Mercer@TheCitadel,-1,9.0,183.5,0.7546756231439601,0.7495914216775292,0.6996229905760754,1.364306223290428,1.0,0.6334004939761023,0.6268489874695158,0.5546578506006038,0.04041139194560395,1,0.6425806450110816,1.1688290168885092,1.3848070130083052,0.6186026195948102
2021-01-21,2020-21,True,20210121_JacksonvilleSt@MurrayState,1,8.5,123.0,0.7486975637723716,0.7442473765462402,0.6941933870565803,1.3749770853438041,1.0,20210121_UCLA@California,-1,14.5,150.0,0.8436358539540331,0.8411080845575635,0.8009614997932467,1.1916927346025825,1.0,0.6316281085664088,0.6259924853237998,0.5560221764433924,0.03495436541677499,1,0.6385502028492465,1.2448455720089826,1.129187662827401,0.4056642620378621
2021-01-22,2020-21,True,20210122_FairDickinson@Merrimack,-1,14.5,157.0,0.8358300659199374,0.8329601935069797,0.7927953455959101,1.2039677141173721,1.0,20210122_Troy@CoastalCarolina,1,9.0,127.5,0.7565906968290298,0.7518245173630893,0.7052141688826521,1.353489538521778,1.0,0.6323812520050193,0.6262398954660505,0.5590905107384547,0.030501742192953873,1,0.6295577057758419,1.0697160789415063,1.2607562709042672,0.34865125461262836
2021-01-23,2020-21,True,20210123_PrairieViewA&M@MissValleySt,1,6.0,133.5,0.7391228825196133,0.7314559985911977,0.6482763285528282,1.4723659617971343,0.0,20210123_Colorado@WashingtonState,1,14.5,120.0,0.8595845421719772,0.8559245676308008,0.8113960259571189,1.176367605293699,1.0,0.6353386045794539,0.6260711593351266,0.5260088367098363,0.10043417697973056,0,-1.0,1.2607562709042672,1.1329308610806934,-1.0
2021-01-24,2020-21,True,20210124_Presbyterian@HighPoint,-1,15.0,144.5,0.850971677026116,0.8481158832000547,0.8009614997932467,1.1916927346025825,1.0,20210124_MemphisU@EastCarolina,1,8.0,123.5,0.7470168837670377,0.741252329564928,0.6829781438787393,1.3975557029969448,1.0,0.6356902103460592,0.6286678741630569,0.5470391984471229,0.05871469632631543,1,0.6654569774638637,1.138392559853659,1.2607562709042672,0.43523555858626195
2021-01-25,2020-21,True,20210125_Presbyterian@HighPoint,-1,8.5,138.0,0.7535699827920467,0.748926645984492,0.6787478681382003,1.4062659270196833,1.0,20210125_LoyolaChicago@Bradley,-1,14.5,144.0,0.8375038252540424,0.8350692509437564,0.7927953455959101,1.2039677141173721,1.0,0.631117743184962,0.6254056132740895,0.5381081506931118,0.0685446769805258,1,0.6930987735950354,1.364306223290428,1.2303327309636574,0.6785506015716256
2021-01-26,2020-21,True,20210126_SoIllinois@IndianaState,-1,14.0,150.5,0.838510245681858,0.8351184283029937,0.7844095860665982,1.216838775245361,1.0,20210126_Kentucky@Alabama,1,8.0,136.5,0.7559646666737025,0.7505360982235771,0.6941933870565803,1.3749770853438041,0.0,0.6338841183793702,0.6267865267331351,0.5445319473912219,0.060567639731163636,0,-1.0,1.158191791153569,1.2448455720089826,-1.0
2021-01-27,2020-21,True,20210127_KansasState@Baylor,-1,12.0,149.5,0.8214731946442361,0.8186310807029942,0.7579595119092826,1.2593020933211017,0.0,20210127_WashingtonState@Colorado,1,9.5,126.0,0.7687240688747342,0.7648891762917568,0.7160306169593703,1.3330435562284917,1.0,0.6314862166584436,0.6261620530057439,0.5427222169426268,0.06007877938666084,0,-1.0,1.2039677141173721,1.2950885759864514,-1.0
2021-01-28,2020-21,True,20210128_Wyoming@SanDiegoState,-1,15.0,158.5,0.8462887289137648,0.8434331855874095,0.8009614997932467,1.1916927346025825,1.0,20210128_Bradley@Valparaiso,1,8.5,120.0,0.7472494158679434,0.7426292199584872,0.6941933870565803,1.3749770853438041,1.0,0.632388758336435,0.62635812869988,0.5560221764433924,0.03620072825174869,1,0.6385502028492465,1.129187662827401,1.2448455720089826,0.4056642620378621
2021-01-29,2020-21,True,20210129_Manhattan@St.Peter's,1,8.5,111.0,0.7665162813783354,0.7621453512309502,0.7052141688826521,1.353489538521778,1.0,20210129_Longwood@Presbyterian,-1,13.5,140.0,0.8230696625957119,0.8202334044552428,0.7758063944640312,1.2303327309636574,1.0,0.6308962970881863,0.6251370761298991,0.5471096616857987,0.05059531455013233,1,0.6652424802602395,1.2950885759864514,1.2039677141173721,0.5592448324099306
2021-01-30,2020-21,True,20210130_MissValleySt@JacksonState,1,6.5,131.0,0.7440064993880884,0.7368187885971967,0.6482763285528282,1.4723659617971343,1.0,20210130_NorthDakotaState@UMKC,-1,14.5,138.0,0.8546907503627438,0.8519072755499237,0.8009614997932467,1.1916927346025825,1.0,0.6358954732367635,0.6277012867678331,0.5192443803981329,0.11574716963035958,1,0.7546078193497885,1.5287036185101324,1.1480536011516536,0.7550336943241212
2021-01-31,2020-21,True,20210131_Tulane@Temple,1,7.5,122.0,0.7451231424516029,0.7396616256671151,0.6829781438787393,1.3975557029969448,1.0,20210131_MichiganState@OhioState,-1,14.5,160.0,0.84933820201493,0.846294075440041,0.8009614997932467,1.1916927346025825,1.0,0.632861550089559,0.6259712516324288,0.5470391984471229,0.05400368436525249,1,0.6654569774638637,1.353489538521778,1.1204187564099484,0.5164750655644454
2021-02-01,2020-21,True,20210201_CentralFlorida@MemphisU,1,9.0,122.5,0.7571123867617774,0.7527243579021548,0.7052141688826521,1.353489538521778,1.0,20210201_AlabamaState@PrairieViewA&M,1,13.0,113.5,0.8367398678726963,0.8336695371252015,0.7943032964561033,1.201682032869103,1.0,0.6335061184638313,0.6275233670351539,0.5601539390510417,0.030374933546223337,1,0.6264640601179141,1.229720384781726,1.1057938764444444,0.3598172712305385
2021-02-02,2020-21,True,20210202_SoCarolinaSt@NCCentral,-1,15.0,158.5,0.8567208846237705,0.853402934589653,0.8009614997932467,1.1916927346025825,1.0,20210202_EasternKentucky@JacksonvilleSt,1,8.0,141.5,0.7400898148697147,0.7344245258659097,0.6829781438787393,1.3975557029969448,1.0,0.6340504008962246,0.6267600456085818,0.5470391984471229,0.05598366423637735,1,0.6654569774638637,1.1688290168885092,1.2950885759864514,0.5137371070537833
2021-02-03,2020-21,True,20210203_Tulane@WichitaState,1,8.5,128.0,0.7489386688475078,0.7441618604630227,0.6941933870565803,1.3749770853438041,1.0,20210203_Virginia@NCState,-1,15.0,145.5,0.8465117158667271,0.8441187268603462,0.8009614997932467,1.1916927346025825,1.0,0.6339853576450464,0.6281609622320733,0.5560221764433924,0.0388168363727428,1,0.6385502028492465,1.2607562709042672,1.1120665068518931,0.40204482217612747
2021-02-04,2020-21,True,20210204_Montana@PortlandState,1,8.5,124.0,0.7613882583847871,0.7559217997134032,0.6941933870565803,1.3749770853438041,1.0,20210204_OhioState@Iowa,-1,13.5,175.0,0.8308078580931041,0.8270247462420668,0.7844095860665982,1.216838775245361,1.0,0.6325673481259039,0.6251660345868237,0.5445319473912219,0.05836451793130304,1,0.673125432520191,1.2448455720089826,1.1120665068518931,0.38435106683407616
2021-02-05,2020-21,True,20210205_WrightState@IllinoisChicago,1,8.5,132.0,0.7660789019572496,0.7603811865613584,0.6941933870565803,1.3749770853438041,0.0,20210205_GeorgiaSouthern@Troy,1,12.0,115.5,0.8289142116828209,0.8244875675571298,0.7761927116215307,1.229720384781726,1.0,0.6350136891027346,0.6269248349241786,0.5388278474891819,0.0737048635851476,0,-1.0,1.1646527872309482,1.176367605293699,-1.0
2021-02-06,2020-21,True,20210206_MissValleySt@AlabamaA&M,1,7.0,133.5,0.734720293956734,0.7284896766902581,0.660007784702701,1.4461950633354306,1.0,20210206_Evansville@LoyolaChicago,-1,15.0,137.5,0.8647770488608014,0.8623739402781261,0.8089064758600895,1.1799880808039085,1.0,0.635369247546045,0.628230512939316,0.5338845711640866,0.08425313348524499,1,0.7064929372532616,1.2607562709042672,1.1041123704118323,0.39201659477969275
2021-02-07,2020-21,True,20210207_Evansville@LoyolaChicago,-1,15.0,134.5,0.8662889074832993,0.8637097378339702,0.8009614997932467,1.1916927346025825,1.0,20210207_MDBaltimoreCo@StonyBrook,1,7.0,123.5,0.7303650789296218,0.7243738636460185,0.660007784702701,1.4461950633354306,1.0,0.6327071662898958,0.6256487598634828,0.5286408251106937,0.09042027930367325,1,0.7234201497949542,1.216838775245361,1.2774906471524452,0.5545001544683852
2021-02-08,2020-21,True,20210208_MissValleySt@AlabamaState,1,6.5,132.0,0.7413963271884791,0.7348403557635281,0.660007784702701,1.4461950633354306,1.0,20210208_OregonState@Colorado,-1,15.0,152.5,0.8562038534556552,0.8536767044572623,0.8089064758600895,1.1799880808039085,1.0,0.6347863922766456,0.6273160932104109,0.5338845711640866,0.08325849508457406,1,0.7064929372532616,1.201682032869103,1.1799880808039085,0.41797047570175194
2021-02-09,2020-21,True,20210209_Arkansas@Kentucky,1,8.0,132.5,0.7558004341720127,0.7505298361482224,0.6941933870565803,1.3749770853438041,1.0,20210209_IowaState@TCU,-1,15.0,157.5,0.8389786918170065,0.8366933389133155,0.8089064758600895,1.1799880808039085,1.0,0.6341004595363607,0.6279633145609199,0.5615375262893174,0.02880045793637165,1,0.6224565720841873,1.2950885759864514,1.158191791153569,0.4999609575242734
2021-02-10,2020-21,True,20210210_Bradley@Valparaiso,1,7.0,123.5,0.7383209272816181,0.7327516734209438,0.6715791227136744,1.4212770583801309,1.0,20210210_Virginia@GeorgiaTech,-1,15.0,143.5,0.8607913818038496,0.8581942661788018,0.8089064758600895,1.1799880808039085,1.0,0.6355402912094437,0.628843284662776,0.5432447014155289,0.06585825961764114,1,0.6770899884085952,1.2950885759864514,1.129187662827401,0.46239804227260795
2021-02-11,2020-21,True,20210211_MoreheadState@TennesseeState,1,7.5,118.0,0.7386061907973208,0.7332179074993771,0.6715791227136744,1.4212770583801309,1.0,20210211_UtahU@California,-1,15.0,148.5,0.8555342978320754,0.8525880133990031,0.8009614997932467,1.1916927346025825,0.0,0.6319029288182098,0.625132799143468,0.5379090213585775,0.0702701320756689,0,-1.0,1.201682032869103,1.1480536011516536,-1.0
2021-02-12,2020-21,True,20210212_NorthernKentucky@WiscGreenBay,1,5.5,120.0,0.7330665279238182,0.7255719039423676,0.6363976435157589,1.4998484198132704,1.0,20210212_MiddleTennSt@Marshall,1,15.0,127.5,0.866845753664674,0.8636279309506091,0.8274623442750025,1.1535268119497377,1.0,0.635455606884468,0.626624162157641,0.5265950859946372,0.09941150995478498,1,0.7301153661150537,1.0756664227337778,1.1329308610806934,0.21865568654336798
2021-02-13,2020-21,True,20210213_EasternKentucky@TennesseeState,1,6.5,139.0,0.7266070851838043,0.7194134657089472,0.6482763285528282,1.4723659617971343,1.0,20210213_NJIT@Hartford,1,15.0,115.5,0.8733203143708888,0.8697361022080257,0.8274623442750025,1.1535268119497377,1.0,0.6345607280568352,0.6256998635416668,0.536424250562315,0.07774657940033425,1,0.6984136139351576,1.353489538521778,1.114370764047278,0.5082891711725115
2021-02-14,2020-21,True,20210214_SacramentoState@CaliforniaBaptist,-1,11.0,156.5,0.8154020607880732,0.8118151994306555,0.7392846765469119,1.2911129234523386,1.0,20210214_Tulane@SouthFlorida,1,10.0,115.5,0.7743280777968846,0.7705337559164641,0.7266336959207272,1.3135917111448299,1.0,0.6313887103616472,0.6255310147273764,0.537189156856842,0.07083224382665976,1,0.6959952343989613,1.2039677141173721,1.229720384781726,0.48054364066918986
2021-02-15,2020-21,True,20210215_USCUpstate@Presbyterian,-1,14.5,146.0,0.8266826339734852,0.8243154797184568,0.7927953455959101,1.2039677141173721,1.0,20210215_EasternKentucky@TennesseeTech,1,10.0,140.5,0.7641609328730025,0.7600133791029909,0.7266336959207272,1.3135917111448299,1.0,0.6317185727670893,0.6264907931877273,0.5760718120791064,-0.0009231732006323989,1,0.5815220097505682,1.2444774894487134,1.2607562709042672,0.5689827988216645
2021-02-16,2020-21,True,20210216_Temple@Tulsa,1,10.0,118.5,0.7774516843348657,0.7735071680103359,0.7370152263701116,1.2950885759864514,1.0,20210216_KentState@WesternMichigan,1,12.5,127.0,0.8123941249600747,0.8089642210552012,0.7761927116215307,1.229720384781726,1.0,0.6315971807939594,0.625739623650096,0.5720658470625732,0.005879662909340944,1,0.5925968219884765,1.2774906471524452,1.201682032869103,0.5351375578414161
2021-02-17,2020-21,True,20210217_Evansville@IndianaState,-1,14.5,143.0,0.8488233300347728,0.8458748487868251,0.7927953455959101,1.2039677141173721,0.0,20210217_Iona@Quinnipiac,1,8.5,131.0,0.7452176164238079,0.740128772171494,0.6941933870565803,1.3749770853438041,1.0,0.6325580987734326,0.626056313243341,0.550353286201917,0.04715439997863058,0,-1.0,1.1688290168885092,1.2448455720089826,-1.0
2021-02-18,2020-21,True,20210218_SanDiego@SantaClara,1,8.0,126.5,0.7529610512107513,0.7479023582600571,0.6941933870565803,1.3749770853438041,1.0,20210218_NorthernArizona@WeberState,-1,14.0,161.5,0.8396166352066288,0.8366531849718694,0.7927953455959101,1.2039677141173721,1.0,0.6321986242592171,0.6257348900862488,0.550353286201917,0.04655931579589567,1,0.6554280184051469,1.2448455720089826,1.1120665068518931,0.38435106683407616
2021-02-19,2020-21,True,20210219_Marist@St.Peter's,1,8.5,111.0,0.7634906470945406,0.7583406145504841,0.6941933870565803,1.3749770853438041,1.0,20210219_Troy@GeorgiaState,1,12.5,125.0,0.8293055047770088,0.8254966020906969,0.7853742261915956,1.2153441864632128,1.0,0.6331669964812631,0.6260076005387955,0.5452015941868845,0.0580666306309392,1,0.6710704071927251,1.3135917111448299,1.0899351743514742,0.43172981071329164
2021-02-20,2020-21,True,20210220_N.CarolinaA&T@FloridaA&M,1,6.5,131.0,0.7328167882797245,0.7257991420876329,0.6482763285528282,1.4723659617971343,0.0,20210220_Kentucky@Tennessee,1,15.0,117.5,0.8649000361907095,0.8615204054286273,0.8195575629620887,1.1646527872309482,1.0,0.6338132667042933,0.6252907711510873,0.5312997679547662,0.08685989751600998,0,-1.0,1.2774906471524452,1.0690804316536036,-1.0
2021-02-21,2020-21,True,20210221_PrairieViewA&M@TexasSouthern,1,9.0,127.5,0.77630954035881,0.7702638784802445,0.7052141688826521,1.353489538521778,1.0,20210221_GeorgiaSouthern@CoastalCarolina,1,11.5,129.0,0.8181333633108506,0.8133368463715134,0.7667617746830949,1.2448455720089826,0.0,0.6351247352240537,0.6264839937970127,0.5407312676641262,0.07011243089642294,0,-1.0,1.1646527872309482,1.229720384781726,-1.0
2021-02-22,2020-21,True,20210222_AlabamaState@Southern,1,9.5,123.0,0.7836299911833334,0.7791740081007319,0.7266336959207272,1.3135917111448299,1.0,20210222_Pepperdine@SaintMarysCA,1,11.5,120.0,0.8069897387775989,0.8031475024492822,0.7570852686026243,1.2607562709042672,1.0,0.6323813618833304,0.6257916585794996,0.5501236668518614,0.0472987805876961,1,0.656118987233711,1.201682032869103,1.1329308610806934,0.3614226602435908
2021-02-23,2020-21,True,20210223_MissValleySt@TexasSouthern,1,10.0,138.5,0.7868090195469,0.7820790652189729,0.7266336959207272,1.3135917111448299,0.0,20210223_Massachusetts@Richmond,-1,11.5,163.0,0.8035246777255033,0.7996165397711507,0.748723311031481,1.2748367600376034,1.0,0.6322204638629421,0.6253633559578511,0.5440475867168093,0.058725872754487485,0,-1.0,1.2153441864632128,1.158191791153569,-1.0
2021-02-24,2020-21,True,20210224_NCState@Virginia,-1,14.5,143.0,0.8539992617426468,0.8511934765632544,0.7927953455959101,1.2039677141173721,1.0,20210224_Tulane@MemphisU,1,7.5,123.0,0.7400608727854068,0.7345388530692143,0.6715791227136744,1.4212770583801309,0.0,0.6320114390033563,0.62523468001477,0.5324248026867856,0.08148008287732367,0,-1.0,1.1480536011516536,1.3975557029969448,-1.0
2021-02-25,2020-21,True,20210225_MissValleySt@PrairieViewA&M,1,8.0,131.5,0.7670839408770775,0.7617859877780324,0.6941933870565803,1.3749770853438041,1.0,20210225_OhioState@MichiganState,-1,13.0,160.5,0.8250917699683167,0.8214504752101072,0.7669885619408275,1.2444774894487134,1.0,0.6329146464925395,0.6257694616686656,0.5324383876473588,0.08299799298192112,1,0.7111280312181667,1.2153441864632128,1.1480536011516536,0.39528026990781817
2021-02-26,2020-21,True,20210226_NewMexicoState@TarletonSt,-1,9.5,139.0,0.7553693825251915,0.7518248757560051,0.6996229905760754,1.364306223290428,1.0,20210226_GeoWashington@St.Bonaventure,-1,13.5,152.0,0.8357311678117035,0.8330498253698244,0.7844095860665982,1.216838775245361,1.0,0.6312857361869837,0.62630758145723,0.5487909804404548,0.048023152690487736,1,0.6601407138083486,1.364306223290428,1.129187662827401,0.5405577556581964
2021-02-27,2020-21,True,20210227_JacksonState@MissValleySt,1,8.0,128.5,0.7792887256888203,0.7729401531261916,0.6941933870565803,1.3749770853438041,0.0,20210227_TexasSouthern@AlabamaState,1,11.0,127.5,0.813892784198756,0.8091138139359321,0.7570852686026243,1.2607562709042672,1.0,0.6342574706455746,0.6253965552401562,0.5255635869018966,0.09949229122164316,0,-1.0,1.2607562709042672,1.1234086629488504,-1.0
2021-02-28,2020-21,True,20210228_Quinnipiac@Marist,1,6.0,119.5,0.7548810563920707,0.7464316511096692,0.6482763285528282,1.4723659617971343,1.0,20210228_Iowa@OhioState,-1,14.5,176.0,0.8427479367805097,0.8389186330545282,0.7927953455959101,1.2039677141173721,1.0,0.6361744527891092,0.6261954204175583,0.5139504559366872,0.12773441690960752,1,0.7726810813691218,1.201682032869103,1.1041123704118323,0.3267919977924145
2021-03-01,2020-21,True,20210301_PrairieViewA&M@AlabamaState,1,8.5,123.0,0.7715056448035102,0.76564670042383,0.6941933870565803,1.3749770853438041,1.0,20210301_Grambling@MissValleySt,1,11.0,128.5,0.8215092264698239,0.8166048588795132,0.7570852686026243,1.2607562709042672,1.0,0.6337990054796344,0.6252308157511666,0.5255635869018966,0.09869753682130189,1,0.7335109826968729,1.1329308610806934,1.2774906471524452,0.4473085789009521
2021-03-02,2020-21,True,20210302_Auburn@Alabama,1,7.5,149.0,0.74411058666028,0.7374452536772298,0.6715791227136744,1.4212770583801309,0.0,20210302_Kentucky@Mississippi,1,13.5,115.0,0.851591630318583,0.8480292966187425,0.8029777080197978,1.1887004962489771,1.0,0.633678347631345,0.6253751797707313,0.5392630647105728,0.07058229716869646,0,-1.0,1.353489538521778,1.1234086629488504,-1.0
2021-03-03,2020-21,True,20210303_WichitaState@Tulane,1,7.5,126.0,0.7486516253617239,0.743030775646131,0.6829781438787393,1.3975557029969448,1.0,20210303_SIUEdwardsville@Belmont,-1,15.0,162.5,0.8468977549600661,0.8443009454660333,0.8009614997932467,1.1916927346025825,1.0,0.6340313807660485,0.6273415863883884,0.5470391984471229,0.05595198702786308,1,0.6654569774638637,1.3330435562284917,1.158191791153569,0.5439201040740003
2021-03-04,2020-21,True,20210304_St.Peter's@Quinnipiac,1,6.0,122.5,0.7368037194663266,0.7285412577608247,0.6363976435157589,1.4998484198132704,1.0,20210304_AlabamaA&M@JacksonState,1,13.5,110.0,0.8628691157434915,0.8587814787717903,0.7943032964561033,1.201682032869103,0.0,0.6357651738924248,0.6256577386861011,0.5054927461014634,0.14586557450460713,0,-1.0,1.3135917111448299,1.114370764047278,-1.0
2021-03-05,2020-21,True,20210305_Evansville@IndianaState,-1,7.0,141.5,0.7576266625367264,0.7514529023990835,0.6572674861123897,1.4522245815713222,1.0,20210305_SoIllinois@LoyolaChicago,-1,12.0,136.5,0.8359764765489238,0.8324914285143945,0.7579595119092826,1.2593020933211017,1.0,0.633358067886973,0.6255781001795009,0.49818214296758806,0.15827855613613107,1,0.828789455545127,1.2593020933211017,1.1688290168885092,0.4719088277021448
2021-03-06,2020-21,True,20210306_AlabamaState@JacksonState,1,5.5,122.0,0.7363180015435202,0.7289147403902316,0.6363976435157589,1.4998484198132704,1.0,20210306_MountStMarys@Wagner,-1,14.0,151.5,0.8607798413026105,0.857460538188952,0.7927953455959101,1.2039677141173721,1.0,0.6338076925168867,0.6250156255888683,0.5045330897274989,0.14451032970932287,1,0.8057690735251359,1.353489538521778,1.005954799462376,0.36154929729809915
2021-03-07,2020-21,True,20210307_Nebraska@Northwestern,1,6.5,131.0,0.7350066790195554,0.7275677842518802,0.6482763285528282,1.4723659617971343,1.0,20210307_UMKC@NorthDakotaState,-1,15.0,133.5,0.8628281493441852,0.8601933685840077,0.8009614997932467,1.1916927346025825,0.0,0.6341844526140585,0.6258489832088274,0.5192443803981329,0.11274499946669247,0,-1.0,1.3135917111448299,1.2039677141173721,-1.0
2021-03-08,2020-21,True,20210308_NorthDakotaState@SouthDakota,-1,9.5,150.0,0.7653141529643197,0.76145295718532,0.6996229905760754,1.364306223290428,0.0,20210308_SaintMarysCA@Gonzaga,-1,13.0,153.5,0.8258518065003139,0.823115241104537,0.7669885619408275,1.2444774894487134,1.0,0.632036075765841,0.6267635344433574,0.5366028314426852,0.07310142961574795,0,-1.0,1.2748367600376034,1.2748367600376034,-1.0
2021-03-09,2020-21,True,20210309_McNeeseState@SELouisiana,-1,9.0,155.5,0.7610279378270909,0.7568092598709425,0.6996229905760754,1.364306223290428,1.0,20210309_WakeForest@NotreDame,-1,14.5,156.0,0.8304748371287451,0.8280065434807563,0.7927953455959101,1.2039677141173721,0.0,0.632014552717378,0.6266430193399686,0.5546578506006038,0.03813487165890095,0,-1.0,1.3447238846804477,1.1799880808039085,-1.0
2021-03-10,2020-21,True,20210310_MissValleySt@PrairieViewA&M,1,10.5,127.0,0.8108789925397167,0.8064081085061827,0.7471678967886,1.2774906471524452,1.0,20210310_LoyolaMaryland@Army,1,9.0,123.5,0.780977151582539,0.7755729178009497,0.7160306169593703,1.3330435562284917,1.0,0.6332779658717869,0.625428289652485,0.5349950901097763,0.07844113965216581,1,0.7029506753287329,1.176367605293699,1.1646527872309482,0.37005981031350266
2021-03-11,2020-21,True,20210311_California@Colorado,-1,12.0,145.5,0.8323207754063534,0.8284681607719451,0.748723311031481,1.2748367600376034,1.0,20210311_Vanderbilt@Florida,-1,8.5,154.0,0.7622763400667842,0.7574407846624823,0.6892657179186855,1.3848070130083052,1.0,0.634458434438303,0.6275155737629856,0.516069310500569,0.12007475104000775,1,0.765402885740859,1.2444774894487134,1.364306223290428,0.6978483835997276
2021-03-12,2020-21,True,20210312_OregonState@Oregon,-1,12.0,151.5,0.820267687993673,0.8164865509171745,0.748723311031481,1.2748367600376034,1.0,20210312_TexasSouthern@JacksonState,1,9.5,124.0,0.7706152596044632,0.7659774261225745,0.7160306169593703,1.3330435562284917,1.0,0.6321107973283971,0.6254102667352357,0.5361088143297339,0.07421726104185322,1,0.699412928211335,1.1799880808039085,1.229720384781726,0.4510553967640327
2021-03-13,2020-21,True,20210313_OhioState@Michigan,-1,14.0,160.5,0.84835365515272,0.8452339188485064,0.7927953455959101,1.2039677141173721,1.0,20210313_Tennessee@Alabama,1,7.5,130.0,0.7455474695577761,0.740067670650252,0.6829781438787393,1.3975557029969448,1.0,0.6324879208892006,0.6255302974767983,0.5414618936107984,0.06423173081263034,1,0.6826119450889285,1.1204187564099484,1.229720384781726,0.3778017842491046
2021-03-14,2020-21,True,20210314_OhioState@Illinois,-1,13.0,164.5,0.8267939305382023,0.8230810380654997,0.7669885619408275,1.2444774894487134,0.0,20210314_LoyolaMaryland@Colgate,1,9.0,139.5,0.7665053957655996,0.7620332384092063,0.7160306169593703,1.3330435562284917,1.0,0.6337420089437804,0.627215108910264,0.549187293207271,0.05134167826785396,0,-1.0,1.158191791153569,1.3330435562284917,-1.0
2021-03-17,2020-21,True,20210317_Toledo@Richmond,-1,11.0,165.5,0.7668904346262891,0.7639478133729225,0.7296489796776385,1.3081632765685514,1.0,20210317_WesternKentucky@SaintMarysCA,-1,15.0,139.5,0.8273135395455389,0.8250132809099883,0.8009614997932467,1.1916927346025825,1.0,0.634458839914292,0.6302670919548062,0.5844207410852136,-0.010923923024933724,1,0.5589286723606515,1.2039677141173721,1.2039677141173721,0.4495382566370103
2021-03-18,2020-21,True,20210318_UCLA@MichiganState,-1,12.0,149.5,0.7954863221084872,0.7928400579775297,0.748723311031481,1.2748367600376034,0.0,20210318_NCState@Davidson,-1,12.5,151.0,0.7994813005068531,0.7968699481017488,0.7579595119092826,1.2593020933211017,1.0,0.6359764393347068,0.6317904158535416,0.5675019553845233,0.02099950155446262,0,-1.0,1.1688290168885092,1.2303327309636574,-1.0
2021-03-19,2020-21,True,20210319_Drexel@Illinois,-1,12.0,156.5,0.8166108829787896,0.8135384105321,0.748723311031481,1.2748367600376034,1.0,20210319_Liberty@OklahomaState,-1,10.0,156.5,0.776723774474817,0.773224008512237,0.7198222448838923,1.3260218155024666,1.0,0.6342810873044985,0.6290474308703042,0.5389476945435815,0.07222766630473476,1,0.6904613550143452,1.2039677141173721,1.129187662827401,0.35950548922384384
2021-03-20,2020-21,True,20210320_Ohio@Virginia,-1,14.5,146.0,0.8467663219385299,0.8442442371188569,0.7927953455959101,1.2039677141173721,1.0,20210320_Iona@Alabama,1,8.0,135.5,0.7471986256347686,0.7426115753224308,0.6941933870565803,1.3749770853438041,0.0,0.6327026319862775,0.6269455428837182,0.550353286201917,0.04739366430876424,0,-1.0,1.1688290168885092,1.2448455720089826,-1.0
2021-03-21,2020-21,True,20210321_NorthTexas@Villanova,-1,11.5,138.0,0.7977488029983186,0.7952958656704792,0.748723311031481,1.2748367600376034,0.0,20210321_LoyolaChicago@Illinois,-1,11.5,145.0,0.7966753162471425,0.7942514738802412,0.748723311031481,1.2748367600376034,1.0,0.6355467799144648,0.6316649134796404,0.5605865964819439,0.03289619712128933,0,-1.0,1.2444774894487134,1.2593020933211017,-1.0
2021-03-22,2020-21,True,20210322_Bellarmine@Army,-1,10.5,152.0,0.7712516118471688,0.7683723424071924,0.7296489796776385,1.3081632765685514,1.0,20210322_Ohio@Creighton,-1,14.0,163.5,0.817381537202533,0.8148014573401368,0.7844095860665982,1.216838775245361,1.0,0.6304068280615702,0.626070904373235,0.5723436541228522,0.003496592137422372,1,0.5918237992806346,1.2303327309636574,1.2303327309636574,0.5137186288804914
2021-03-23,2020-21,True,20210323_Pepperdine@Bellarmine,-1,10.5,160.0,0.7758568586648088,0.7726535256592161,0.7296489796776385,1.3081632765685514,1.0,20210323_Stetson@CoastalCarolina,-1,15.0,162.5,0.8186884408525587,0.8164887560928802,0.8009614997932467,1.1916927346025825,1.0,0.6351850419450563,0.6308629160562716,0.5844207410852136,-0.009791825857248693,1,0.5589286723606515,1.3081632765685514,1.138392559853659,0.48920334111942343
2021-03-25,2020-21,True,20210325_MississippiSt@Richmond,-1,14.0,153.5,0.8367112394165066,0.8338275978565948,0.7844095860665982,1.216838775245361,1.0,20210325_NCState@ColoradoState,-1,9.5,157.0,0.7557640710880501,0.7518129046234254,0.6996229905760754,1.364306223290428,1.0,0.6323562926265472,0.62688234829974,0.5487909804404548,0.04980042702223697,1,0.6601407138083486,1.129187662827401,1.2748367600376034,0.43952994155331737
2021-03-27,2020-21,True,20210327_OregonState@LoyolaChicago,-1,10.5,137.0,0.7889464884129744,0.7861232496696975,0.7296489796776385,1.3081632765685514,1.0,20210327_Villanova@Baylor,1,12.0,124.5,0.7988897023944252,0.7963649664269151,0.7761927116215307,1.229720384781726,0.0,0.6302812253333681,0.6260410153306261,0.5663482200678694,0.01391768030270124,0,-1.0,1.2593020933211017,1.0976557590453886,-1.0
2021-03-28,2020-21,True,20210328_FloridaState@Michigan,-1,15.0,160.5,0.8383440946443728,0.8360652692907103,0.8089064758600895,1.1799880808039085,1.0,20210328_UCLA@Alabama,1,10.0,134.5,0.7542375802610752,0.7513874607614528,0.7266336959207272,1.3135917111448299,1.0,0.6323106213707336,0.6282089597231871,0.5877787022084273,-0.019904270560638815,1,0.5500225621937098,1.089328039005929,1.2950885759864514,0.41077629881830213
2021-03-29,2020-21,True,20210329_OregonState@HoustonU,-1,10.0,141.5,0.7655476871170835,0.7625852357552201,0.7098111447814596,1.3447238846804477,1.0,20210329_Arkansas@Baylor,1,15.0,135.5,0.8267216737230756,0.8244579613228407,0.8195575629620887,1.1646527872309482,1.0,0.6328948652082647,0.6287194688056466,0.5817310919804233,-0.008800301345395,1,0.5661364203491115,1.2911129234523386,1.2153441864632128,0.5691465855853228
2021-03-30,2020-21,True,20210330_UCLA@Michigan,-1,9.0,148.5,0.7690631542624216,0.7655119760928776,0.6996229905760754,1.364306223290428,1.0,20210330_USC@Gonzaga,-1,14.0,168.5,0.82096462875211,0.8184973378840155,0.7844095860665982,1.216838775245361,1.0,0.6313736469259755,0.6265695145503524,0.5487909804404548,0.048169096887469065,1,0.6601407138083486,1.2748367600376034,1.158191791153569,0.4765054705363645
2021-04-03,2020-21,True,20210403_UCLA@Gonzaga,-1,11.0,157.5,0.7737141689507856,0.7715845284103384,0.7392846765469119,1.2911129234523386,0.0,20210403_HoustonU@Baylor,-1,15.0,147.5,0.8211980024171971,0.8189256190164649,0.8009614997932467,1.1916927346025825,1.0,0.6353725299842669,0.6318703375519635,0.5921385633011799,-0.02240954125889627,0,-1.0,1.3260218155024666,1.2593020933211017,-1.0
