date,season,game_a,side_a,thr_a,main_a,odds_a,p_a,pc_a,game_b,side_b,thr_b,main_b,odds_b,p_b,pc_b,combined_odds,joint_model,joint_cons,ev_model,ev_cons,win_a,win_b,push_a,push_b,profit,card_win
2021-11-17,2021-22,L254864,-1,137.5,False,1.7918330466245491,0.6759655945380123,0.6657173852122101,L254863,-1,148.5,False,1.4037184187461311,0.7799270820663465,0.7703462732297377,2.5152290508648747,0.527203873725275,0.5128329067224717,0.32603849892230885,0.28989222522783753,True,True,False,False,1.5152290508648747,1
2021-11-18,2021-22,L255925,1,144.5,False,1.661840267764587,0.7535070151938179,0.7357144635849912,L255939,1,133.5,False,1.5308021081228194,0.7283640420315887,0.7185473877432051,2.54394858525742,0.5488274152857269,0.5286457059338888,0.39618872666661153,0.34484749571292683,True,True,False,False,1.5439485852574202,1
2021-11-19,2021-22,L262270,1,124.5,False,1.661840267764587,0.7517834223080277,0.7470262244736491,L255941,1,130.5,False,1.5308021081228194,0.7811748927898094,0.7649460605872738,2.54394858525742,0.5872743343226297,0.5714347675665024,0.4939957119580469,0.4537006685177065,True,False,False,False,-1.0,0
2021-11-20,2021-22,L257576,1,133.5,False,1.7374267523318372,0.7057211022947899,0.687200456777667,L254907,-1,135.5,False,1.4497102799191326,0.7762818761333057,0.7649576145653596,2.518765423461977,0.547838501316264,0.5256792221448696,0.37987667475663467,0.3240626485708853,True,True,False,False,1.5187654234619772,1
2021-11-21,2021-22,L255973,1,130.5,False,1.593162287607166,0.7541618991474279,0.738203300523701,L253619,-1,144.5,False,1.5846833000016651,0.7312222651773173,0.7203499825516162,2.524657671363526,0.5514599722050098,0.5317647346517935,0.3922476492772946,0.34252391669924,True,True,False,False,1.524657671363526,1
2021-11-22,2021-22,L253623,1,140.5,False,1.6266757618446102,0.7549138321243551,0.7379371286517802,L255984,1,132.5,False,1.5612275381786733,0.760670377400572,0.7467345910883553,2.5396109950795784,0.5742405895869452,0.5510431800127021,0.4583477151359858,0.3994353187238737,True,False,False,False,-1.0,0
2021-11-23,2021-22,L262324,-1,127.5,False,1.7533991223888974,0.7428712455216864,0.7353104301716229,L262348,-1,140.5,False,1.4261898027140538,0.7924413885018036,0.7849859201131482,2.5006799484388167,0.5886819212792693,0.5772083345970662,0.4721050765515067,0.4434133083986467,True,True,False,False,1.5006799484388167,1
2021-11-24,2021-22,L256018,1,120.5,False,1.593162287607166,0.7436569326758068,0.7284714337338023,L256025,1,130.5,False,1.593162287607166,0.7307738553774119,0.7190022473033328,2.5381660746536983,0.5434450437696398,0.5237725979508847,0.3793537735347938,0.3294218389521668,True,True,False,False,1.5381660746536983,1
2021-11-25,2021-22,L252159,1,135.5,False,1.8205623578541383,0.8219487271314768,0.8160423790931661,L254967,1,125.5,False,1.4229013140354763,0.783796421924607,0.7807430622082727,2.5904805712741785,0.6442404713311366,0.6371194259449227,0.6688924242118288,0.6504454944916798,True,True,False,False,1.5904805712741785,1
2021-11-26,2021-22,L256040,1,146.5,False,1.661840267764587,0.7475490122479393,0.7301345023075622,L253657,1,134.5,False,1.5308021081228194,0.766459115066157,0.7541127461904577,2.54394858525742,0.5729657543961354,0.5506037346235587,0.45759542029699896,0.40070759173305426,False,True,False,False,-1.0,0
2021-11-27,2021-22,L254988,-1,143.5,False,1.7166129939866266,0.7199983927035127,0.7161742270684692,L256060,1,132.5,False,1.4742154737599455,0.7642472496826169,0.753297721526286,2.530657438192473,0.5502567913995644,0.5394924134665269,0.3925114420712317,0.3652704889874754,True,False,False,False,-1.0,0
2021-11-28,2021-22,L253668,1,140.5,False,1.593162287607166,0.752045166382355,0.7362307193683183,L256082,1,135.5,False,1.593162287607166,0.7463269221956517,0.7311897180915615,2.5381660746536983,0.5612715543782597,0.5383243321452682,0.4246004179910474,0.3663565570117293,True,False,False,False,-1.0,0
2021-11-29,2021-22,L253672,1,130.5,False,1.7374267523318372,0.6593005721658662,0.6471835479626908,L256090,1,129.5,False,1.4479290497822441,0.7495994026986976,0.7410143881313676,2.5156706665700876,0.49421131509444294,0.4795723208022609,0.24327290847011662,0.2064460199411875,True,True,False,False,1.5156706665700876,1
2021-11-30,2021-22,L255030,1,130.5,False,1.698731120308984,0.7099865411379407,0.6953747872315523,L256098,1,128.5,False,1.4742154737599455,0.7838761951531574,0.7715655578004312,2.504295703317072,0.5565415484771596,0.5365272355906688,0.3937446085687808,0.3436228508022985,True,False,False,False,-1.0,0
2021-12-01,2021-22,L253680,1,129.5,False,1.698731120308984,0.7075473020849617,0.6950105448535296,L257315,1,114.5,False,1.4742154737599455,0.7795457452751806,0.7686276221811301,2.504295703317072,0.5515654889212649,0.5342043024815801,0.38128308400350375,0.33780553939811475,True,True,False,False,1.504295703317072,1
2021-12-02,2021-22,L253696,1,129.5,False,1.5612275381786733,0.7094384705645225,0.7013292556949716,L253697,-1,137.5,False,1.615504255006774,0.6992670038209312,0.6871071991867768,2.5221697309613975,0.4960869137069575,0.48188838058831873,0.2512153976777469,0.21540428722186333,True,True,False,False,1.5221697309613975,1
2021-12-03,2021-22,L257741,1,124.5,False,1.661840267764587,0.6898098524887611,0.68124044206075,L262245,1,143.5,False,1.5308021081228194,0.7286600593211081,0.7180346721716592,2.54394858525742,0.5026368880347455,0.4891542574851668,0.2786824002141832,0.2443832813020339,True,False,False,False,-1.0,0
2021-12-04,2021-22,L256182,1,125.5,False,1.593162287607166,0.7286455123982378,0.7169025030487426,L253704,1,133.5,False,1.593162287607166,0.7296593880467146,0.7147437319835749,2.5381660746536983,0.5316630386794831,0.5124015704974244,0.3494490879235608,0.30056028283583824,True,True,False,False,1.5381660746536983,1
2021-12-05,2021-22,L256203,1,131.5,False,1.8205623578541383,0.8002141870344476,0.7951139705016228,L256197,1,121.5,False,1.4229013140354763,0.8005245624661002,0.7923568536455037,2.5904805712741785,0.6405911119549171,0.6300140039562496,0.6594388296501352,0.6320390368793181,True,False,False,False,-1.0,0
2021-12-06,2021-22,L256207,1,144.5,False,1.7374267523318372,0.6696216711108737,0.6544127401431356,L255131,1,123.5,False,1.4479290497822441,0.7316386758356163,0.7253496583008909,2.5156706665700876,0.48992111276239214,0.4746780574505731,0.23248017230972606,0.19413366519287756,True,False,False,False,-1.0,0
2021-12-07,2021-22,L252228,1,136.5,False,1.6266757618446102,0.6811202202271843,0.670877625510193,L253718,1,118.5,False,1.5612275381786733,0.7023591941616095,0.6936165538894816,2.5396109950795784,0.4783910490059432,0.46533182668793827,0.2149271680031466,0.18176182341715297,True,False,False,False,-1.0,0
2021-12-08,2021-22,L256240,1,117.5,False,1.4479290497822441,0.7776604151014508,0.7730623272264532,L256249,1,148.5,False,1.7374267523318372,0.6804826934527315,0.6697024862378012,2.5156706665700876,0.5291844538598045,0.5177217625603363,0.3312538077800218,0.3024174515180016,True,False,False,False,-1.0,0
2021-12-09,2021-22,L253726,1,130.5,False,1.4742154737599455,0.7404123127311895,0.733855479395074,L257320,1,139.5,False,1.698731120308984,0.6557843174199185,0.6446450727404998,2.504295703317072,0.4855507831137263,0.4730763188956518,0.21596273989394432,0.18472299275143778,False,True,False,False,-1.0,0
2021-12-10,2021-22,L256256,1,133.5,False,1.7374267523318372,0.6724433524081017,0.6579724544897538,L256258,-1,137.5,False,1.4497102799191326,0.7664995944132853,0.7590691247399304,2.518765423461977,0.5154275568867198,0.4994465751325211,0.29824110858575104,0.25798876431029893,True,True,False,False,1.5187654234619772,1
2021-12-11,2021-22,L255181,1,119.5,False,1.4742154737599455,0.7861176437946227,0.7746065746670627,L255190,1,130.5,False,1.698731120308984,0.7029017070768914,0.687914546956399,2.504295703317072,0.5525634337865039,0.5328631308815405,0.38378223304166914,0.3344468491227244,False,True,False,False,-1.0,0
2021-12-12,2021-22,L256301,1,142.5,False,1.661840267764587,0.7180195025027756,0.704557187462763,L252267,1,120.5,False,1.5308021081228194,0.7324464024951495,0.7232297961697468,2.54394858525742,0.525910801529515,0.5095567510786242,0.33789003952260543,0.2962861760148332,False,True,False,False,-1.0,0
2021-12-13,2021-22,L255225,1,136.5,False,1.698731120308984,0.6514592063696215,0.6414662768670308,L256311,1,125.5,False,1.4742154737599455,0.7149285552815078,0.7082002514872008,2.504295703317072,0.46574678923467117,0.4542865785977896,0.16636768311410877,0.13766792685705798,True,True,False,False,1.504295703317072,1
2021-12-14,2021-22,L253748,1,135.5,False,1.698731120308984,0.6947868538239318,0.680594892351346,L255244,1,121.5,False,1.4742154737599455,0.7402961236158904,0.7321068698132248,2.504295703317072,0.5143480146251369,0.49826819625021257,0.2880795230353972,0.24781090296895525,True,True,False,False,1.504295703317072,1
2021-12-15,2021-22,L255254,-1,142.5,False,1.4497102799191326,0.7808560749583601,0.7761908536897705,L253757,1,129.5,False,1.7374267523318372,0.6525517772502355,0.6393547359547475,2.518765423461977,0.509549019490721,0.4962612983113132,0.2834344518521812,0.24996579918888528,True,False,False,False,-1.0,0
2021-12-16,2021-22,L253758,1,136.5,False,1.7374267523318372,0.6552446179372468,0.6453842822492233,L255258,-1,129.5,False,1.4497102799191326,0.7220310044802358,0.7176698342045831,2.518765423461977,0.47310692966949863,0.4631728308400439,0.19164537605179066,0.1666237114069058,True,True,False,False,1.5187654234619772,1
2021-12-17,2021-22,L255265,1,134.5,False,1.6266757618446102,0.6646319628396224,0.6548403564000472,L252280,1,120.5,False,1.5612275381786733,0.6807127306507844,0.6751556201448164,2.5396109950795784,0.45242343830235004,0.4421191469211265,0.1489795383443555,0.12281064665609631,True,True,False,False,1.5396109950795784,1
2021-12-18,2021-22,L253763,1,130.5,False,1.661840267764587,0.6837051384694667,0.6809099726057403,L255279,1,118.5,False,1.5308021081228194,0.7326957157618174,0.7234038311974064,2.54394858525742,0.5009478258009183,0.49257288288351353,0.2743855127340269,0.25308008854768316,False,True,False,False,-1.0,0
2021-12-19,2021-22,L256397,1,119.5,False,1.593162287607166,0.7427062134426926,0.7301128206177263,L255303,1,125.5,False,1.593162287607166,0.7179676348823739,0.706877785027994,2.5381660746536983,0.5332390234778936,0.5161005334587995,0.3534491990730566,0.3099488651358011,False,True,False,False,-1.0,0
2021-12-20,2021-22,L256408,1,149.5,False,1.661840267764587,0.7033733495774345,0.6876209176358777,L252297,1,131.5,False,1.5308021081228194,0.7299342383914916,0.7190221228597892,2.54394858525742,0.5134162902286771,0.49441465192134504,0.30610464517535596,0.25776545428584563,False,False,False,False,-1.0,0
2021-12-21,2021-22,L256428,1,125.5,False,1.4742154737599455,0.7669853141651818,0.7559599337459412,L255315,1,133.5,False,1.698731120308984,0.6700187919437528,0.6609899811955658,2.504295703317072,0.5138945736355548,0.49968194239133085,0.2869439727134786,0.25135134135573867,True,True,False,False,1.504295703317072,1
2021-12-22,2021-22,L256450,1,128.5,False,1.698731120308984,0.6660049699623641,0.6551522330255467,L262585,1,124.5,False,1.4742154737599455,0.7475614538152995,0.7399035286352479,2.504295703317072,0.4978796435932798,0.4847494490088642,0.2468378522196859,0.2139559623382168,False,False,False,False,-1.0,0
2021-12-23,2021-22,L263067,-1,134.5,False,1.615504255006774,0.6681873208737028,0.6608431431755604,L263071,1,129.5,False,1.5612275381786733,0.6562072748978751,0.6518468861296857,2.5221697309613975,0.43846938095184457,0.4307685450991431,0.10589420059012422,0.0864713854993382,False,True,False,False,-1.0,0
2021-12-25,2021-22,L263079,1,119.5,False,1.7374267523318372,0.6047426921152491,0.5975426599703264,L263077,-1,139.5,False,1.4497102799191326,0.698081524056424,0.693951593456824,2.518765423461977,0.4221597001737979,0.4146656810448372,0.06332125597683724,0.04444557971204843,True,False,False,False,-1.0,0
2021-12-28,2021-22,L255372,1,138.5,False,1.6266757618446102,0.7096592148921325,0.6970769278303184,L256488,1,129.5,False,1.5612275381786733,0.7208524238364107,0.7114066542646492,2.5396109950795784,0.511559565152838,0.49590516499284715,0.29916229630027535,0.25940620953258686,True,False,False,False,-1.0,0
2021-12-29,2021-22,L254485,1,139.5,False,1.698731120308984,0.6758954951297589,0.6630655467776515,L256507,1,128.5,False,1.4742154737599455,0.7569486213977556,0.7484464706140036,2.504295703317072,0.5116181632474245,0.49626906827147776,0.28124316795949755,0.24280449536142856,True,True,False,False,1.504295703317072,1
2021-12-30,2021-22,L256503,1,117.5,False,1.698731120308984,0.6945259964116224,0.6824916622304528,L255394,1,118.5,False,1.4742154737599455,0.740165087994362,0.7319282768355238,2.504295703317072,0.5140638952483804,0.4995349462909476,0.28736800410095653,0.2509832196531445,True,True,False,False,1.504295703317072,1
2021-12-31,2021-22,L254491,1,144.5,False,1.698731120308984,0.6801639161612507,0.6696142288872365,L255396,1,131.5,False,1.501819389958142,0.7152524455344538,0.708271869889845,2.5511873348053498,0.48648890439862574,0.4742689219988097,0.2411243314251046,0.2099488670951497,True,True,False,False,1.5511873348053498,1
2022-01-01,2021-22,L257353,1,120.5,False,1.8205623578541383,0.8996528387192951,0.8960117416396309,L255408,1,111.5,False,1.4229013140354763,0.773195891239971,0.7637561359793708,2.5904805712741785,0.6956078784401353,0.6843344655868308,0.801958694324421,0.7727551373559829,True,True,False,False,1.5904805712741785,1
2022-01-02,2021-22,L253844,1,114.5,False,1.6266757618446102,0.7285543733043451,0.7157015015114117,L257413,1,119.5,False,1.5612275381786733,0.7412611521645636,0.7272283961641097,2.5396109950795784,0.5400490541701104,0.520478455076389,0.37151451585273954,0.32181280721403027,True,True,False,False,1.5396109950795784,1
2022-01-03,2021-22,L262498,1,148.5,False,1.698731120308984,0.6277605347458314,0.6205883742600161,L256570,1,124.5,False,1.4742154737599455,0.6867980860756278,0.6826516370168982,2.504295703317072,0.4311447337772496,0.4236456696022555,0.07971390430614922,0.060934030113812376,True,True,False,False,1.504295703317072,1
2022-01-04,2021-22,L256574,1,133.5,False,1.7374267523318372,0.6506959673337397,0.6437356170004588,L252412,-1,139.5,False,1.4497102799191326,0.7481248844475538,0.7440498514683896,2.518765423461977,0.48680184537204324,0.4789713902141035,0.22613965620058618,0.20641657649879863,True,True,False,False,1.5187654234619772,1
2022-01-05,2021-22,L256579,1,127.5,False,1.7374267523318372,0.6903374276708396,0.681041594103196,L256571,1,116.5,False,1.4479290497822441,0.770827754793527,0.7605910020475053,2.5156706665700876,0.5321312494214522,0.5179941084949802,0.3386669749348381,0.303102584196945,False,False,False,False,-1.0,0
2022-01-06,2021-22,L263379,1,140.5,False,1.7374267523318372,0.7368263817433434,0.7210384594020313,L257370,1,117.5,False,1.4479290497822441,0.7891753270914941,0.7786324777353089,2.5156706665700876,0.5814852008219451,0.5614239621866535,0.4628252627523839,0.412357793182518,True,True,False,False,1.5156706665700876,1
2022-01-07,2021-22,L257653,1,135.5,False,1.7374267523318372,0.6047620569797345,0.5986929512038216,L263391,-1,157.5,False,1.4497102799191326,0.7134694315070801,0.7076709905097743,2.518765423461977,0.43147924099038354,0.4236776337896284,0.08679499314819594,0.06714457468350199,True,False,False,False,-1.0,0
2022-01-08,2021-22,L255433,1,125.5,False,1.7374267523318372,0.7006911021095177,0.6878400603480816,L256606,1,115.5,False,1.4479290497822441,0.7716405878235679,0.7603740287399844,2.5156706665700876,0.5406816939145319,0.5230157178156248,0.3601770773322144,0.3157352994638658,True,True,False,False,1.5156706665700876,1
2022-01-09,2021-22,L252497,1,128.5,False,1.698731120308984,0.6580418596389442,0.647751687914478,L252506,1,125.5,False,1.4742154737599455,0.7311608127295924,0.7215793418562187,2.504295703317072,0.48113442090370284,0.46740423665158387,0.2049028629870906,0.17051842155875763,True,True,False,False,1.504295703317072,1
2022-01-10,2021-22,L256646,-1,156.5,False,1.7533991223888974,0.6863213592637869,0.6802798981377434,L256642,1,128.5,False,1.4479290497822441,0.7331186057335092,0.7261582880122743,2.538797525169577,0.5031549579885943,0.4939908862008681,0.2774085621182456,0.2541428393430898,True,True,False,False,1.538797525169577,1
2022-01-11,2021-22,L253922,1,141.5,False,1.661840267764587,0.7101893353078003,0.6965768551631797,L252532,1,134.5,False,1.5308021081228194,0.7176734638705531,0.7067436608955004,2.54394858525742,0.5096840402742747,0.4923012767131004,0.2966099931840269,0.2523891364147133,True,False,False,False,-1.0,0
2022-01-12,2021-22,L256639,1,134.5,False,1.7374267523318372,0.670141555429261,0.6598156003422366,L257392,1,125.5,False,1.4479290497822441,0.7416088271909816,0.7326197194975378,2.5156706665700876,0.49698289297383447,0.4833939200428289,0.25024528564141657,0.2160599050500709,False,False,False,False,-1.0,0
2022-01-13,2021-22,L257657,1,131.5,False,1.661840267764587,0.7314392971642698,0.7226166833476866,L252546,1,127.5,False,1.5308021081228194,0.7453837690557196,0.7313488222075837,2.54394858525742,0.54520298015577,0.5284848602738811,0.3869683500454004,0.34443831262370495,True,True,False,False,1.5439485852574202,1
2022-01-14,2021-22,L252560,1,127.5,False,1.698731120308984,0.6291194120653135,0.6205355310538846,L256669,1,125.5,False,1.4742154737599455,0.7089890386956497,0.7029081096964443,2.504295703317072,0.44603876718495894,0.4361794571325653,0.11701296817413631,0.09232234037225617,False,True,False,False,-1.0,0
2022-01-15,2021-22,L256680,1,134.5,False,1.593162287607166,0.7213891621360975,0.7080874235021462,L253356,1,125.5,False,1.593162287607166,0.7129713949846167,0.701429864108442,2.5381660746536983,0.5143298372549573,0.4966736652440072,0.3054545441026906,0.2606402472962468,False,True,False,False,-1.0,0
2022-01-16,2021-22,L252604,1,130.5,False,1.698731120308984,0.6607780053635505,0.648383214890217,L257408,1,127.5,False,1.4742154737599455,0.731828201857093,0.7219498302136157,2.504295703317072,0.48357597949192366,0.46810015190335047,0.21101724766896912,0.17226119913362936,True,False,False,False,-1.0,0
2022-01-17,2021-22,L263479,-1,158.5,False,1.8319819582113592,0.8468776897824862,0.8388692647749919,L252610,1,133.5,False,1.4229013140354763,0.7548201926013903,0.7517929937016418,2.606729535628228,0.6392403809114368,0.6306560358894864,0.6663267812880809,0.64394971557534,True,True,False,False,1.606729535628228,1
2022-01-18,2021-22,L256711,1,115.5,False,1.593162287607166,0.6994713719095448,0.6946426272227896,L263133,1,126.5,False,1.593162287607166,0.6899518296892222,0.6850851159291729,2.5381660746536983,0.48260155286422085,0.47588932480027,0.22492288905515867,0.20788613949790014,True,False,False,False,-1.0,0
2022-01-19,2021-22,L254003,1,126.5,False,1.593162287607166,0.705108431708408,0.6941682156733117,L254537,1,132.5,False,1.593162287607166,0.6934685468482933,0.6835419167450814,2.5381660746536983,0.48897051950730874,0.47449307268484847,0.2410883841192455,0.20434221974687405,False,True,False,False,-1.0,0
2022-01-20,2021-22,L255470,1,131.5,False,1.698731120308984,0.664829250220772,0.652532678047366,L256736,1,124.5,False,1.4742154737599455,0.7436526138754904,0.7347367184793318,2.504295703317072,0.49440200970755954,0.479439718569052,0.2381288286219665,0.2006588272120231,True,True,False,False,1.504295703317072,1
2022-01-21,2021-22,L254544,1,130.5,False,1.7374267523318372,0.6373977694816605,0.6276366222406302,L254543,1,127.5,False,1.4479290497822441,0.7159316156842778,0.7109542748750821,2.5156706665700876,0.45633321493856005,0.4462209396501331,0.14798408300255828,0.12254492868718114,True,True,False,False,1.5156706665700876,1
2022-01-22,2021-22,L256765,1,132.5,False,1.593162287607166,0.7523835293749157,0.7366308177058137,L256748,1,138.5,False,1.593162287607166,0.7426210903240458,0.7332984839374939,2.5381660746536983,0.5587358769262536,0.5401702618453096,0.41816444750610104,0.3710418331525698,False,True,False,False,-1.0,0
2022-01-23,2021-22,L257432,1,131.5,False,1.4742154737599455,0.7406283624522723,0.7308002413290003,L256771,1,131.5,False,1.698731120308984,0.6500721774104226,0.6406749953658656,2.504295703317072,0.4814618922312643,0.4682054412268307,0.20572294802566238,0.172524874734026,True,False,False,False,-1.0,0
2022-01-24,2021-22,L257713,1,133.5,False,1.7374267523318372,0.6757319514695349,0.667758661279782,L256776,1,114.5,False,1.4479290497822441,0.7733021694381358,0.764749974898839,2.5156706665700876,0.5225449840300564,0.5106684194521957,0.3145510882877478,0.2846735631595978,True,True,False,False,1.5156706665700876,1
2022-01-25,2021-22,L252724,1,132.5,False,1.8205623578541383,0.8642972318002847,0.8604489464786833,L263444,1,118.5,False,1.4229013140354763,0.7600560860606033,0.7534379446334364,2.5904805712741785,0.6569143711951384,0.6482948856969049,0.7017239155717998,0.6793953058542463,True,True,False,False,1.5904805712741785,1
2022-01-26,2021-22,L252731,1,142.5,False,1.698731120308984,0.6726189659997371,0.6698714345799298,L254054,1,122.5,False,1.4742154737599455,0.7446635773834757,0.7355332437126356,2.504295703317072,0.5008748454373386,0.4927127091470124,0.25433872332832963,0.23389832048657722,False,True,False,False,-1.0,0
2022-01-27,2021-22,L255507,1,133.5,False,1.698731120308984,0.7096936464162386,0.6941964826849996,L256810,1,128.5,False,1.4742154737599455,0.7594585945633859,0.7484888614278951,2.504295703317072,0.5389829392778411,0.5195983349321448,0.3497726589947039,0.3012278776212751,False,True,False,False,-1.0,0
2022-01-28,2021-22,L252751,1,137.5,False,1.7374267523318372,0.6612447276246074,0.6518703797807094,L252775,1,109.5,False,1.4479290497822441,0.7427987493751895,0.7357683164039706,2.5156706665700876,0.49117175671049623,0.4796255718448694,0.23562638060429486,0.20657998202704198,True,True,False,False,1.5156706665700876,1
2022-01-29,2021-22,L256839,1,137.5,False,1.7374267523318372,0.6972145133027846,0.6821882684875054,L254090,1,117.5,False,1.4479290497822441,0.7847221834305064,0.7744171149474348,2.5156706665700876,0.547119695198399,0.52829827073308,0.3763729683133792,0.32902446288291176,False,False,False,False,-1.0,0
2022-01-30,2021-22,L252802,1,127.5,False,1.698731120308984,0.6620608114976004,0.6498366818424983,L257455,1,130.5,False,1.4742154737599455,0.7309283339669567,0.722350034395755,2.504295703317072,0.48391900593275244,0.4694095494805519,0.2118762873108606,0.1755403178601489,True,False,False,False,-1.0,0
2022-01-31,2021-22,L263378,-1,170.5,False,1.4497102799191326,0.7449626216963716,0.7381923518343124,L256849,1,136.5,False,1.7374267523318372,0.6370549619537976,0.6285179520801917,2.518765423461977,0.47458213462178334,0.4639671452161624,0.1953610712781253,0.16862440299283188,True,True,False,False,1.5187654234619772,1
2022-02-01,2021-22,L252812,1,122.5,False,1.7374267523318372,0.6739652769498727,0.6636734876139083,L256852,1,127.5,False,1.4479290497822441,0.74628261757043,0.7382691479571768,2.5156706665700876,0.5029685710337308,0.489969660222488,0.2653032803562301,0.23260230173102592,True,False,False,False,-1.0,0
2022-02-02,2021-22,L256854,1,126.5,False,1.7374267523318372,0.6601918284469215,0.6527825944778128,L252833,1,112.5,False,1.4479290497822441,0.749879352456502,0.7429692005442647,2.5156706665700876,0.4950642208128515,0.4849973623483916,0.24541853836726713,0.2200936378237126,True,True,False,False,1.5156706665700876,1
2022-02-03,2021-22,L256864,1,125.5,False,1.593162287607166,0.724460981214815,0.7116245765407003,L257462,1,127.5,False,1.593162287607166,0.7190062709957937,0.7068176585794264,2.5381660746536983,0.5208919885852179,0.5029888169780736,0.3221103739859015,0.27666915118394453,True,False,False,False,-1.0,0
2022-02-04,2021-22,L252856,1,129.5,False,1.698731120308984,0.6741116312278448,0.6621029493846634,L252854,1,125.5,False,1.4742154737599455,0.7220168244665339,0.7137571666836936,2.504295703317072,0.48671993931508367,0.47258072520571437,0.2188906527455099,0.18348187960313633,False,True,False,False,-1.0,0
2022-02-05,2021-22,L257478,1,123.5,False,1.4479290497822441,0.7957050664017307,0.7851177711387503,L254147,1,131.5,False,1.7374267523318372,0.6958279984672666,0.6854598163129353,2.5156706665700876,0.5536738637245797,0.5381666831887889,0.392861097818449,0.3538501386233537,True,False,False,False,-1.0,0
2022-02-06,2021-22,L263656,1,123.5,False,1.4742154737599455,0.7416675716710982,0.732575117804106,L252910,1,139.5,False,1.698731120308984,0.6511662131891011,0.6410132173360832,2.504295703317072,0.48294886409022525,0.46959033320397014,0.20944676526301165,0.17599305376193453,True,False,False,False,-1.0,0
2022-02-07,2021-22,L257679,-1,142.5,False,1.7533991223888974,0.7777840200655758,0.7694725986960614,L263642,1,135.5,False,1.4479290497822441,0.7716861875921673,0.7596773514823967,2.538797525169577,0.6002051852145139,0.584550905815701,0.5237994388165557,0.4840563930205364,True,True,False,False,1.538797525169577,1
2022-02-08,2021-22,L256916,1,118.5,False,1.4742154737599455,0.7500867890298545,0.7407635090361869,L263625,1,139.5,False,1.698731120308984,0.6561496378641674,0.6452369200981695,2.504295703317072,0.4921691749886351,0.47796796509162176,0.2325371502291469,0.1969731213021526,False,False,False,False,-1.0,0
2022-02-09,2021-22,L254599,1,126.5,False,1.593162287607166,0.7308690701927752,0.7214950975875888,L254179,1,134.5,False,1.593162287607166,0.7308798364195298,0.7183446847374416,2.5381660746536983,0.5341774664665894,0.5182821684161661,0.3558311232299609,0.3154862169718673,False,True,False,False,-1.0,0
2022-02-10,2021-22,L257489,1,132.5,False,1.7374267523318372,0.6959080135404282,0.6797674216852171,L256940,1,113.5,False,1.4479290497822441,0.7637231914964944,0.7546916840858868,2.5156706665700876,0.5314810890890814,0.5130148202583377,0.3370313856581255,0.29057633483962597,True,True,False,False,1.5156706665700876,1
2022-02-11,2021-22,L252969,1,127.5,False,1.698731120308984,0.6248904528005,0.618147826975143,L254202,1,137.5,False,1.4742154737599455,0.6937832522254864,0.689255115395168,2.504295703317072,0.4335385306285877,0.4260615518130246,0.08570867947556904,0.0669841135539615,True,True,False,False,1.504295703317072,1
2022-02-12,2021-22,L257501,1,125.5,False,1.698731120308984,0.7355908261307981,0.7205257162175308,L256964,1,138.5,False,1.4742154737599455,0.7839738555473961,0.7733126958031183,2.504295703317072,0.576683976067056,0.5571916840036514,0.4441872034365335,0.39537274017434787,False,False,False,False,-1.0,0
2022-02-13,2021-22,L253007,1,138.5,False,1.698731120308984,0.6347570315116081,0.6267657637107041,L253005,1,124.5,False,1.4742154737599455,0.7138875018171615,0.7064027552197073,2.504295703317072,0.4531451114866992,0.44274906236262546,0.1348093556752763,0.10877457452238537,False,True,False,False,-1.0,0
2022-02-14,2021-22,L256979,1,135.5,False,1.698731120308984,0.6747042455120789,0.6661168745167004,L256980,1,130.5,False,1.4742154737599455,0.7358274755133439,0.7278610819973733,2.504295703317072,0.4964659216932884,0.4848405490224341,0.24329747453985195,0.21418410371077212,True,True,False,False,1.504295703317072,1
2022-02-15,2021-22,L253027,1,121.5,False,1.7374267523318372,0.6651367422141086,0.6535171740211048,L257505,1,122.5,False,1.4479290497822441,0.7327831720686321,0.7248670664620563,2.5156706665700876,0.4874010118190505,0.4737130768152514,0.2261404282897661,0.19170609171479058,True,True,False,False,1.5156706665700876,1
2022-02-16,2021-22,L254242,1,140.5,False,1.661840267764587,0.7120941478006418,0.6956236995036251,L254252,1,121.5,False,1.5308021081228194,0.731010138663129,0.7217239043614491,2.54394858525742,0.5205480417249498,0.5020482523721117,0.3242474543047069,0.2771849413529939,True,True,False,False,1.5439485852574202,1
2022-02-17,2021-22,L257507,1,128.5,False,1.698731120308984,0.7119065112253422,0.702032667177396,L257510,1,127.5,False,1.4742154737599455,0.7719728376560293,0.7621203697846487,2.504295703317072,0.5495724896164313,0.5350333959101402,0.37629202440769505,0.3398818345089061,True,True,False,False,1.504295703317072,1
2022-02-18,2021-22,L253052,1,131.5,False,1.698731120308984,0.6989859139883016,0.6886053298229177,L263417,1,134.5,False,1.4742154737599455,0.7302037888799404,0.7218510145809267,2.504295703317072,0.5104021627679659,0.4970704559785068,0.27819794318355795,0.24481140715283223,False,True,False,False,-1.0,0
2022-02-19,2021-22,L253094,1,128.5,False,1.7374267523318372,0.695567730631469,0.6876809275486037,L253093,1,107.5,False,1.4479290497822441,0.7856701544797805,0.779002129768119,2.5156706665700876,0.5464868063763766,0.5357049071612778,0.3747808284686178,0.3476571208832784,True,False,False,False,-1.0,0
2022-02-20,2021-22,L254301,1,130.5,False,1.698731120308984,0.6605433377094064,0.6495992869181637,L257526,1,124.5,False,1.4742154737599455,0.731917988423463,0.7239011889392345,2.504295703317072,0.4834635510027889,0.47024569613413764,0.21073569348669863,0.1776342763320662,True,False,False,False,-1.0,0
2022-02-21,2021-22,L263722,1,130.5,False,1.698731120308984,0.6974258293227213,0.6830549270263792,L257049,1,116.5,False,1.4742154737599455,0.7450515394069531,0.7364820861676913,2.504295703317072,0.5196181877590644,0.5030577176235078,0.3012775949704287,0.2598052807650435,False,True,False,False,-1.0,0
2022-02-22,2021-22,L253119,1,114.5,False,1.593162287607166,0.7010011816671502,0.6907415531112332,L263419,1,127.5,False,1.593162287607166,0.6796317630755925,0.6700641643073134,2.5381660746536983,0.47642266901451896,0.46284116153781424,0.2092398556886199,0.17476773416859248,True,True,False,False,1.5381660746536983,1
2022-02-23,2021-22,L254315,1,141.5,False,1.593162287607166,0.7141075096448702,0.7032005368353165,L263731,1,129.5,False,1.593162287607166,0.7053115013358402,0.6944068851524495,2.5381660746536983,0.5036682397428214,0.48830729442134246,0.27839363899577485,0.23940500870618675,True,True,False,False,1.5381660746536983,1
2022-02-24,2021-22,L255620,1,-1.5,False,1.7780088277199695,0.9999999999481413,0.9999999991038258,L257533,1,124.5,False,1.4229013140354763,0.7675356978659702,0.7589175234278857,2.5299310973294213,0.7675356978261668,0.7589175227477634,0.9418124302408573,0.920009041107775,True,True,False,False,1.5299310973294213,1
2022-02-25,2021-22,L253151,1,127.5,False,1.6266757618446102,0.6918530508691908,0.6809238557837611,L253161,1,120.5,False,1.5612275381786733,0.685364439320479,0.6779540674197659,2.5396109950795784,0.47417147830112577,0.461635097631751,0.20421109984667707,0.17237356966022932,True,True,False,False,1.5396109950795784,1
2022-02-26,2021-22,L257537,1,-1.5,False,1.7780088277199695,0.9999999999412617,0.999999998966792,L254341,1,-6.5,False,1.4479290497822441,0.999999999950262,0.9999999990569826,2.5744306324250172,0.9999999998915237,0.9999999980237746,1.5744306321457522,1.5744306273373616,True,True,False,False,1.5744306324250172,1
2022-02-27,2021-22,L257546,1,-1.5,False,1.7780088277199695,0.9999999995708437,0.9999999947669629,L253198,1,125.5,False,1.4479290497822441,0.7483050940762223,0.7398480695781501,2.5744306324250172,0.7483050937550825,0.7398480657064976,0.9264595557627586,0.9046875236952046,True,True,False,False,1.5744306324250172,1
2022-02-28,2021-22,L263685,1,121.5,False,1.4742154737599455,0.7320334136791475,0.7265913558179345,L257118,1,137.5,False,1.698731120308984,0.634991985538069,0.6267116714133951,2.504295703317072,0.46483535083233257,0.45536328303918266,0.16408517183929439,0.14036431316338094,True,True,False,False,1.504295703317072,1
2022-03-01,2021-22,L263780,1,139.5,False,1.7374267523318372,0.6915876831128422,0.6743790698216102,L263788,-1,142.5,False,1.4497102799191326,0.7494680461053511,0.7451904671306149,2.518765423461977,0.5183228695731086,0.5025408540634753,0.3055337220703378,0.2657825270921328,True,True,False,False,1.5187654234619772,1
2022-03-02,2021-22,L263784,1,118.5,False,1.4479290497822441,0.7541228429607163,0.7472715086657516,L253229,1,136.5,False,1.7374267523318372,0.6436751140004217,0.6346018257264681,2.5156706665700876,0.48541010691306113,0.4742198637126582,0.221131967217838,0.1929810006467989,True,True,False,False,1.5156706665700876,1
2022-03-03,2021-22,L257554,1,120.5,False,1.698731120308984,0.7386225699781285,0.726335835263009,L253239,1,123.5,False,1.4742154737599455,0.7442385612996775,0.7353307680121489,2.504295703317072,0.5497113988239927,0.5340970875786941,0.3766398941393423,0.3375370415774859,False,True,False,False,-1.0,0
2022-03-04,2021-22,L264022,1,133.5,False,1.698731120308984,0.6727369578951231,0.6653255120150402,L264003,-1,158.5,False,1.4743247877080514,0.7356347370213842,0.7309472038167785,2.5044813983226035,0.49488867510574486,0.48631782263536005,0.23943948104285662,0.21797394046301033,False,False,False,False,-1.0,0
2022-03-05,2021-22,L264026,-1,150.5,False,1.4743247877080514,0.7604532378302087,0.7574928779710934,L264034,1,122.5,False,1.698731120308984,0.6809025352044212,0.6773112095086495,2.5044813983226035,0.5177945375429998,0.5130584173727891,0.29680678742949773,0.2849452625629849,True,True,False,False,1.5044813983226035,1
2022-03-06,2021-22,L264065,1,123.5,False,1.593162287607166,0.7091676869514,0.6986559459911943,L257567,1,118.5,False,1.593162287607166,0.7091110210067832,0.6984899423392672,2.5381660746536983,0.5028786225591261,0.48800415143037545,0.27638945944815574,0.23863558145074526,True,True,False,False,1.5381660746536983,1
2022-03-07,2021-22,L264112,1,131.5,False,1.7374267523318372,0.667242090702365,0.6631453511401687,L264114,-1,164.5,False,1.4497102799191326,0.7660816738423623,0.7568872155239728,2.518765423461977,0.5111619377033451,0.5019262383121494,0.2874970144770106,0.2642344541889783,True,True,False,False,1.5187654234619772,1
2022-03-08,2021-22,L264210,-1,155.5,False,1.7533991223888974,0.6490760008648164,0.6418445401858386,L264118,-1,137.5,False,1.4261898027140538,0.7516254282185088,0.7472962564690444,2.5006799484388167,0.48786202709637483,0.4796480221159723,0.2199867887646192,0.19944619121374996,True,True,False,False,1.5006799484388167,1
2022-03-09,2021-22,L264220,1,133.5,False,1.698731120308984,0.6904722463057845,0.681235626002693,L264219,-1,140.5,False,1.4743247877080514,0.7631433103374539,0.7570410494198904,2.5044813983226035,0.5269292757419342,0.5157233332112947,0.31968456932727585,0.29161949470861726,True,False,False,False,-1.0,0
2022-03-10,2021-22,L264072,1,115.5,False,1.7780088277199695,0.7647116293016494,0.7615154286586344,L264245,-1,135.5,False,1.4497102799191326,0.7720582481529978,0.7670618752375492,2.5775976753326058,0.5904019208608561,0.5841294527292182,0.5218186187228477,0.5056507194481401,True,True,False,False,1.5775976753326058,1
2022-03-11,2021-22,L264404,1,121.5,False,1.698731120308984,0.6785881501835609,0.6666220658623294,L264383,-1,131.5,False,1.4743247877080514,0.7561713859436966,0.7500778907459286,2.5044813983226035,0.5131289420092726,0.5000184730867095,0.2851218902031807,0.2522869646633352,True,True,False,False,1.5044813983226035,1
2022-03-12,2021-22,L264692,1,123.5,False,1.4742154737599455,0.7485953890619991,0.7406038308956345,L264415,1,131.5,False,1.698731120308984,0.6537976712148804,0.6452430506038462,2.504295703317072,0.48942992205093233,0.4778694751359943,0.22567725086695933,0.19672647332945492,True,True,False,False,1.504295703317072,1
2022-03-13,2021-22,L264705,1,127.5,False,1.698731120308984,0.6021705153802652,0.5982872615223012,L264703,-1,143.5,False,1.4743247877080514,0.6911674074380921,0.6873236934263751,2.5044813983226035,0.4162006339510377,0.4112170103194596,0.04236674570044885,0.0298853530189207,False,True,False,False,-1.0,0
2022-03-15,2021-22,L264763,-1,122.5,False,1.5846833000016651,0.7156814771866511,0.7049714667270783,L264713,1,127.5,False,1.593162287607166,0.6624772342501795,0.6590794818872698,2.524657671363526,0.47412268561069554,0.4646322290357915,0.19699747539451984,0.17303732139794548,False,False,False,False,-1.0,0
2022-03-16,2021-22,L264715,-1,140.5,False,1.5846833000016651,0.6941364944313816,0.6910387388707949,L264801,-1,157.5,False,1.5846833000016651,0.6981243797008924,0.6888895141750306,2.5112211613041673,0.4845936096026602,0.4760493410968278,0.21692172706697077,0.19546517918725947,False,True,False,False,-1.0,0
2022-03-17,2021-22,L264717,1,142.5,False,1.7374267523318372,0.7154610321464223,0.7112357324142624,L264730,1,112.5,False,1.4742154737599455,0.7550132266078766,0.7467243535306806,2.561341402812083,0.5401825423930721,0.5310970424949603,0.38359191090766864,0.3603208438533898,True,True,False,False,1.561341402812083,1
2022-03-18,2021-22,L264907,1,145.5,False,1.661840267764587,0.7300556861467878,0.726921841318781,L264733,-1,152.5,False,1.5270243061970057,0.7512146476048994,0.7472380097632623,2.5376704818934646,0.5484285250007123,0.5431836299604919,0.39173087932267947,0.37842106399848285,True,True,False,False,1.5376704818934646,1
2022-03-19,2021-22,L264788,-1,155.5,False,1.5846833000016651,0.7058161235010181,0.7007009972923004,L264918,-1,162.5,False,1.5846833000016651,0.6920243146733329,0.6889194565108799,2.5112211613041673,0.48844191915118057,0.48272655023124317,0.22658568344046381,0.21223312806405703,True,True,False,False,1.5112211613041673,1
2022-03-20,2021-22,L264790,-1,159.5,False,1.7918330466245491,0.652438920341362,0.6377238823272571,L264910,-1,118.5,False,1.4037184187461311,0.7895415504124738,0.7818666541958506,2.5152290508648747,0.5151276367157593,0.4986150381760008,0.29566399677084565,0.2541310292183756,True,False,False,False,-1.0,0
2022-03-21,2021-22,L264963,-1,146.5,False,1.7533991223888974,0.6441389567563671,0.6400998522611486,L264962,-1,148.5,False,1.4261898027140538,0.7641708997543658,0.7574270855695434,2.5006799484388167,0.4922322461513516,0.4848289655716571,0.2309153079256847,0.21240207262737631,False,True,False,False,-1.0,0
2022-03-22,2021-22,L264971,-1,155.5,False,1.7918330466245491,0.6280267842475233,0.6161790607903784,L264966,-1,133.5,False,1.4037184187461311,0.7667958649483129,0.761163561173809,2.5152290508648747,0.48156834123778713,0.4690130482319374,0.2112546818580916,0.17967524414765768,True,True,False,False,1.5152290508648747,1
2022-03-23,2021-22,L264974,-1,143.5,False,1.6477270226595206,0.6903149405870461,0.682347737289755,L264957,-1,152.5,False,1.5270243061970057,0.6635736500261132,0.659930146378984,2.5161192135787123,0.4580748047929057,0.45030184215099645,0.1525708175957481,0.1330131169460107,False,True,False,False,-1.0,0
2022-03-24,2021-22,L264961,-1,140.5,False,1.555208023228991,0.6698760895061902,0.6642944678760229,L264964,-1,141.5,False,1.615504255006774,0.6372520696319055,0.6343926274932764,2.5124451789471087,0.42687992443474726,0.42142351290511804,0.07251240813538695,0.058803473293418396,True,False,False,False,-1.0,0
2022-03-25,2021-22,L264969,-1,140.5,False,1.615504255006774,0.67468926733177,0.6659443175932717,L264968,-1,138.5,False,1.555208023228991,0.6747632880538446,0.6685116274939831,2.5124451789471087,0.4552555484394245,0.445191519574648,0.14380460786555394,0.11851928706346193,True,True,False,False,1.5124451789471087,1
2022-03-26,2021-22,L264979,-1,132.5,False,1.615504255006774,0.6727692018113003,0.6648970414997591,L264975,-1,160.5,False,1.555208023228991,0.6421632659672977,0.6382570525047369,2.5124451789471087,0.4320276678773566,0.424375225926756,0.08544583133022732,0.06621949044426834,True,True,False,False,1.5124451789471087,1
2022-03-27,2021-22,L264981,-1,152.5,False,1.5846833000016651,0.6509643445949586,0.6470237501747262,L264980,1,132.5,False,1.593162287607166,0.6219468417305904,0.619355365261773,2.524657671363526,0.4048652182000582,0.40073763112250976,0.022146078997044683,0.011725334617491034,True,False,False,False,-1.0,0
2022-03-28,2021-22,L264973,-1,140.5,False,1.7533991223888974,0.5956167899912437,0.5920646031453732,L264982,-1,143.5,False,1.4261898027140538,0.7112756987524093,0.7079392546918551,2.5006799484388167,0.42364774848968884,0.41914577388016455,0.05940742984941583,0.04814943221499779,True,True,False,False,1.5006799484388167,1
2022-03-29,2021-22,L264976,-1,146.5,False,1.615504255006774,0.6588706020692986,0.6513340328352423,L264977,-1,141.5,False,1.555208023228991,0.6792865861079167,0.6736799720602039,2.5124451789471087,0.44756196196652154,0.43879069304230595,0.12447489362289632,0.10243756130100223,False,True,False,False,-1.0,0
2022-04-02,2021-22,L264983,1,131.5,False,1.8651758214740244,0.5440117577699276,0.5410417101710561,L264984,1,149.5,False,1.8205623578541383,0.5482851334080816,0.544671571166082,3.395668891355279,0.29827355918444975,0.2946900383452531,0.01283824603645356,0.0006697958012702454,True,True,False,False,2.395668891355279,1
2022-11-15,2022-23,L274643,-1,165.5,False,1.4491986353226383,0.741003708860653,0.7379628208198602,L274510,1,150.5,False,1.7327635345033263,0.5908330649981408,0.5865232208851431,2.511118549539052,0.4378094924811296,0.43283233056075016,0.09939153773364251,0.08689329411131808,True,False,False,False,-1.0,0
2022-11-16,2022-23,L274514,1,130.5,False,1.7327635345033263,0.6522430575970962,0.6448864642102837,L275846,-1,152.5,False,1.4491986353226383,0.7319517133942339,0.7288886064109551,2.511118549539052,0.4774104235576886,0.470050396191522,0.1988341703390073,0.18035226909471147,True,True,False,False,1.5111185495390518,1
2022-11-17,2022-23,L271689,1,124.5,False,1.588612119380591,0.6945493741485397,0.6850116590351203,L276453,1,141.5,False,1.588612119380591,0.6935061528388111,0.6831747496056692,2.5236884658428935,0.4816742644223578,0.4679826686382823,0.21559578541606417,0.18104246305680993,False,True,False,False,-1.0,0
2022-11-18,2022-23,L274672,1,130.5,False,1.588612119380591,0.7173174807880045,0.7140957558075889,L276200,1,130.5,False,1.588612119380591,0.7110227268064115,0.7039070087246573,2.5236884658428935,0.5100290311757927,0.5026570074134932,0.2871543832233734,0.2685496918845385,False,True,False,False,-1.0,0
2022-11-19,2022-23,L274527,1,130.5,False,1.6572153426689245,0.6938206271973184,0.6908374837559011,L274681,-1,151.5,False,1.5272537397230521,0.7342804613881663,0.726463348577071,2.530988329617534,0.5094589302590738,0.5018681117718699,0.2894346069051492,0.27022233390179085,True,True,False,False,1.530988329617534,1
2022-11-20,2022-23,L274530,1,131.5,False,1.588612119380591,0.7464083613343592,0.7430928026764745,L274691,1,129.5,False,1.588612119380591,0.7413914283454471,0.7380256131967387,2.5236884658428935,0.5533807611386652,0.5484215213573882,0.3965606441050107,0.38404506786965253,True,True,False,False,1.5236884658428935,1
2022-11-21,2022-23,L273844,1,134.5,False,1.7327635345033263,0.7149638190286612,0.711244087713676,L274170,-1,151.5,False,1.4491986353226383,0.7933948154080729,0.7890855810829247,2.511118549539052,0.5672485872216955,0.5612324542453406,0.42442844957222015,0.4093212264588022,True,True,False,False,1.5111185495390518,1
2022-11-22,2022-23,L280461,-1,148.5,False,1.616712277793378,0.744574544625258,0.7401474310280973,L280481,1,135.5,False,1.5567262608756232,0.7303695077949136,0.7274659984770339,2.516778459120997,0.5438145436745716,0.5384320899330663,0.36866072927687643,0.35511428564304115,True,False,False,False,-1.0,0
2022-11-23,2022-23,L280488,1,132.5,False,1.588612119380591,0.73225340901442,0.7256749842703697,L280500,-1,146.5,False,1.5855357796276668,0.7243978702923561,0.7176036892829329,2.5188013552280655,0.5304428100043634,0.5207470459327517,0.3360800687099741,0.3116583650264264,True,True,False,False,1.5188013552280655,1
2022-11-24,2022-23,L280508,-1,141.5,False,1.756370006931524,0.6249982932305036,0.6201890552414416,L276300,-1,145.5,False,1.4254762682167035,0.7482233556270911,0.7410943792404269,2.5036637630884946,0.46763832022213203,0.459618622905863,0.17080911657172537,0.15073049101004465,True,False,False,False,-1.0,0
2022-11-25,2022-23,L276575,1,91.5,False,1.815905069809044,0.9976844658320496,0.9969853966094074,L280521,1,124.5,False,1.41873033741667,0.7770454954785995,0.7716470161323697,2.5762796124068266,0.7752462200837669,0.7693208064211965,0.997251031397264,0.9819855089833072,True,False,False,False,-1.0,0
2022-11-26,2022-23,L280544,-1,135.5,False,1.6493225276039383,0.6759117835585718,0.6684637481251051,L274755,1,120.5,False,1.5263563544578627,0.7305399534801461,0.7192403087362199,2.5174539205587747,0.49378056291756167,0.48078607258047135,0.24306981401253425,0.2103567833677631,True,True,False,False,1.5174539205587747,1
2022-11-27,2022-23,L274770,1,130.5,False,1.7327635345033263,0.663372372917706,0.6601094544928676,L280555,-1,144.5,False,1.4491986353226383,0.7589887050227484,0.7527212103192542,2.511118549539052,0.5034921382686774,0.496878387529054,0.2643284479535568,0.24772053578926068,False,True,False,False,-1.0,0
2022-11-28,2022-23,L271806,1,133.5,False,1.588612119380591,0.7120392077838221,0.7013894454134167,L271808,1,123.5,False,1.588612119380591,0.670048733547573,0.6645282736857001,2.5236884658428935,0.4771009694117672,0.4660931173419484,0.20405421354693987,0.17627382424463334,True,True,False,False,1.5236884658428935,1
2022-11-29,2022-23,L274274,1,147.5,False,1.7327635345033263,0.6805078256093334,0.6712559273451965,L271812,1,141.5,False,1.4436827257346059,0.7500300514818109,0.7441229812559993,2.501560782545292,0.5104013194755436,0.49949696184186804,0.27679992415939036,0.24952201074413938,True,True,False,False,1.5015607825452921,1
2022-11-30,2022-23,L276081,1,136.5,False,1.7327635345033263,0.6872639132189768,0.6716013831364042,L276333,1,129.5,False,1.4436827257346059,0.7523318839654048,0.7467740725095962,2.501560782545292,0.5170505546134694,0.5015344999878502,0.29343339001434776,0.25461903626306803,True,True,False,False,1.5015607825452921,1
2022-12-01,2022-23,L274810,1,123.5,False,1.4436827257346059,0.7406726607427802,0.7327432738155152,L275849,1,129.5,False,1.7327635345033263,0.6250072158538191,0.6185684521048574,2.501560782545292,0.46292575754988535,0.45325187267430894,0.15803692031686345,0.13383710929726345,False,True,False,False,-1.0,0
2022-12-02,2022-23,L274822,1,149.5,False,1.7327635345033263,0.712488683813521,0.702462793166313,L274307,1,122.5,False,1.4698978433838958,0.7432105632952558,0.7357534915641223,2.5469853824606963,0.5295291160385424,0.5168394527660006,0.3487029181375012,0.31638253127398897,True,True,False,False,1.5469853824606963,1
2022-12-03,2022-23,L276286,1,115.5,False,1.588612119380591,0.7345921132056132,0.7255012867070126,L276288,1,140.5,False,1.588612119380591,0.7125554362845871,0.7025999473143157,2.5236884658428935,0.5234376037164425,0.5097371658168154,0.32099344308762934,0.2864178059833433,True,True,False,False,1.5236884658428935,1
2022-12-04,2022-23,L273858,1,121.5,False,1.588612119380591,0.698350018284735,0.6871821269166165,L274855,1,137.5,False,1.588612119380591,0.6934838299824859,0.6866721424877142,2.5236884658428935,0.4842944453484371,0.4718688233690974,0.2222083057976323,0.19084990692744874,True,True,False,False,1.5236884658428935,1
2022-12-05,2022-23,L276344,1,132.5,False,1.7327635345033263,0.6349564057050643,0.6298412796265888,L271877,-1,133.5,False,1.4491986353226383,0.7371902660957499,0.7309768215396961,2.511118549539052,0.46808368168091724,0.46039937665593883,0.1754136158054842,0.15611741491694442,False,True,False,False,-1.0,0
2022-12-06,2022-23,L274877,-1,136.5,False,1.5557349293264169,0.7316512054234467,0.72845750707672,L271887,-1,149.5,False,1.616712277793378,0.7030747865545283,0.6933697253698949,2.5151757612340315,0.5144055150854532,0.5050903816254236,0.29382028298803875,0.27039108509671217,True,True,False,False,1.5151757612340315,1
2022-12-07,2022-23,L271894,1,134.5,False,1.6572153426689245,0.7076717391525276,0.6980796838651285,L271895,1,133.5,False,1.5263563544578627,0.71985219333098,0.7123762809013376,2.5295011689877773,0.5094190535872961,0.49729540896462177,0.2885760915537128,0.2579093183082657,False,True,False,False,-1.0,0
2022-12-08,2022-23,L271905,1,130.5,False,1.7327635345033263,0.6221539433487198,0.6159518073545793,L273865,1,128.5,False,1.4436827257346059,0.7088767573195338,0.7038579361226824,2.501560782545292,0.44103046991460143,0.4335425678756303,0.1032645274458881,0.08453308536165705,True,True,False,False,1.5015607825452921,1
2022-12-09,2022-23,L271906,-1,145.5,False,1.4491986353226383,0.7040669677509196,0.7005594286211011,L276369,1,145.5,False,1.7327635345033263,0.5925245886264117,0.589569001120262,2.511118549539052,0.4171769904320587,0.4130281225575241,0.04758087911481823,0.03716258003548756,True,False,False,False,-1.0,0
2022-12-10,2022-23,L274916,1,127.5,False,1.7327635345033263,0.740028158497943,0.7312323644545944,L271909,1,125.5,False,1.4436827257346059,0.803657808938585,0.7980415887350832,2.501560782545292,0.5947294084113127,0.583553837863856,0.4877517643081024,0.4597953953040157,True,True,False,False,1.5015607825452921,1
2022-12-11,2022-23,L274385,-1,168.5,False,1.836070512526172,0.9640277579590357,0.9608396231249633,L271933,1,122.5,False,1.41873033741667,0.7697014180655578,0.7608835718442792,2.604888937757054,0.7420135323556302,0.7310870844128332,0.9328628420992169,0.904400658724047,True,False,False,False,-1.0,0
2022-12-12,2022-23,L276413,-1,146.5,False,1.756370006931524,0.801076287935609,0.7966257343645589,L276337,1,131.5,False,1.4436827257346059,0.7279535048752522,0.7249737973367506,2.5356410390054114,0.5831462914751834,0.5775327836984518,0.47864966840828616,0.46441582771682954,True,True,False,False,1.5356410390054114,1
2022-12-14,2022-23,L276424,1,133.5,False,1.7327635345033263,0.6663770310495322,0.6540095725638554,L276423,-1,156.5,False,1.4491986353226383,0.7426513656980079,0.7336303007487651,2.511118549539052,0.4948858121787189,0.47980123941259256,0.24271694286568013,0.2048377923807887,False,False,False,False,-1.0,0
2022-12-15,2022-23,L275996,1,126.5,False,1.6220841037345481,0.6522374891756129,0.6489635512795212,L275995,1,125.5,False,1.5567262608756232,0.67519950299413,0.6716144660526165,2.5251409216324694,0.4403904285255131,0.43585330898020547,0.11204789256503211,0.10059102633483774,False,True,False,False,-1.0,0
2022-12-18,2022-23,L271985,1,131.5,False,1.588612119380591,0.7053142534582958,0.6960728982772758,L275050,-1,169.5,False,1.5855357796276668,0.6892557797681526,0.6850684544892667,2.5188013552280655,0.48614192574899007,0.47685758463467787,0.2244949414097377,0.20110953042860857,True,False,False,False,-1.0,0
2022-12-19,2022-23,L271997,-1,153.5,False,1.616712277793378,0.7062058042227787,0.7010814526612543,L276017,-1,149.5,False,1.5557349293264169,0.6869478934436115,0.683985492459702,2.5151757612340315,0.48512658954848936,0.4795295426528713,0.22017863916249114,0.20610108247614223,True,True,False,False,1.5151757612340315,1
2022-12-20,2022-23,L272004,-1,158.5,False,1.616712277793378,0.7028590798090029,0.6931517009483927,L275082,-1,148.5,False,1.5557349293264169,0.7105521116374934,0.7069067715524723,2.5151757612340315,0.49941800334187253,0.48999363111353306,0.2561240567293741,0.23242010413580783,True,True,False,False,1.5151757612340315,1
2022-12-21,2022-23,L275102,1,121.5,False,1.6220841037345481,0.6963650563027501,0.68528181085084,L276507,1,126.5,False,1.5567262608756232,0.7204935865942285,0.7102097859256998,2.5251409216324694,0.5017265569944603,0.486693848183151,0.26693026053647717,0.22897055235405506,True,True,False,False,1.5251409216324694,1
2022-12-22,2022-23,L276515,1,123.5,False,1.5567262608756232,0.7373519962896921,0.7264024530558534,L276822,-1,153.5,False,1.616712277793378,0.7048393299714157,0.6972933884824883,2.516778459120997,0.5197146870179123,0.5065156278933076,0.3080067291754929,0.27478762149002334,False,True,False,False,-1.0,0
2022-12-23,2022-23,L272037,-1,149.5,False,1.4254762682167035,0.715893143386931,0.7123592678794894,L275165,-1,139.5,False,1.756370006931524,0.5754400117771604,0.5736453869912094,2.5036637630884946,0.411953558861764,0.4086416078995043,0.03139319739754165,0.02310118578820597,True,True,False,False,1.5036637630884946,1
2022-12-25,2022-23,L281478,1,130.5,False,1.7733425221364596,0.62012202360287,0.6169654268031904,L281477,-1,148.5,False,1.4254762682167035,0.7287204157450581,0.7258290028578831,2.527857680725077,0.45189557885255016,0.447811400534348,0.14232770988812393,0.13200348835700537,False,False,False,False,-1.0,0
2022-12-27,2022-23,L272039,-1,153.5,False,1.616712277793378,0.6667658337543997,0.6576894415408446,L272038,-1,154.5,False,1.5557349293264169,0.6822348338006744,0.6783097943477076,2.5151757612340315,0.454890877775401,0.44611718983622894,0.1441305097871608,0.12206314254592421,True,False,False,False,-1.0,0
2022-12-28,2022-23,L276464,1,118.5,False,1.7733425221364596,0.6687747244223872,0.6578497505966799,L276463,-1,150.5,False,1.4254762682167035,0.7817190437011,0.7768268803389409,2.527857680725077,0.5227939380269352,0.5110353694877692,0.32154867167789813,0.29182468388183525,False,True,False,False,-1.0,0
2022-12-29,2022-23,L272096,1,136.5,False,1.7327635345033263,0.657037363596963,0.6456686659087186,L272061,1,135.5,False,1.4436827257346059,0.7432753342420658,0.7397100916782504,2.501560782545292,0.4883596660370584,0.4776076280531119,0.2216613883352212,0.1947645117821435,False,True,False,False,-1.0,0
2022-12-30,2022-23,L272129,1,135.5,False,1.6572153426689245,0.7080556904053996,0.7052665935976551,L276599,1,130.5,False,1.5263563544578627,0.7141674294292486,0.7050229661594332,2.5295011689877773,0.5056703123095762,0.4972291457513783,0.27909364610948706,0.2577417054329052,True,False,False,False,-1.0,0
2022-12-31,2022-23,L277435,1,130.5,False,1.7327635345033263,0.6673754749020981,0.6552366737003958,L275194,1,135.5,False,1.4436827257346059,0.7429142052997436,0.7374145669526972,2.501560782545292,0.4958027205734312,0.4831810679883032,0.24028064166575747,0.20870681054788953,True,True,False,False,1.5015607825452921,1
2023-01-01,2022-23,L276612,1,138.5,False,1.7327635345033263,0.6165729530888764,0.6083786855063786,L275215,-1,139.5,False,1.4491986353226383,0.7114783996923822,0.707305510309499,2.511118549539052,0.43867833795728006,0.4303095966135113,0.10157331172548711,0.08055841010085518,True,True,False,False,1.5111185495390518,1
2023-01-02,2022-23,L273886,1,125.5,False,1.7733425221364596,0.6369080788439097,0.6321716556502261,L276629,-1,161.5,False,1.4254762682167035,0.7370761166356143,0.731277016246056,2.527857680725077,0.46944973340811863,0.46229260209922657,0.18670211431005268,0.16860990495891182,True,True,False,False,1.5278576807250772,1
2023-01-03,2022-23,L273887,1,118.5,False,1.588612119380591,0.6907003069413901,0.6837603047541039,L273888,1,126.5,False,1.588612119380591,0.6933475697857623,0.6826746818874511,2.5236884658428935,0.4788953792680929,0.46678584853527444,0.20858274500434382,0.17802206196715997,True,True,False,False,1.5236884658428935,1
2023-01-04,2022-23,L272247,-1,143.5,False,1.5855357796276668,0.6819058733096994,0.6734162749859591,L276643,-1,130.5,False,1.5855357796276668,0.674598203216727,0.6697864913649278,2.513923708479513,0.46001247689765634,0.451045124050885,0.1564362718694028,0.1338930309456028,True,True,False,False,1.513923708479513,1
2023-01-05,2022-23,L272291,1,152.5,False,1.7327635345033263,0.6800480067429472,0.6684951111461842,L272266,1,118.5,False,1.4436827257346059,0.7346368418956222,0.7283685760915001,2.501560782545292,0.49958832001105147,0.4869108322296753,0.2497505487573337,0.21803704250224598,False,True,False,False,-1.0,0
2023-01-06,2022-23,L276717,1,133.5,False,1.5567262608756232,0.6956854215332333,0.6869367187428819,L272404,-1,160.5,False,1.616712277793378,0.6787558212240519,0.6690796101111806,2.516778459120997,0.4722005296063905,0.4596153519475411,0.1884241212988902,0.1567500172628873,False,False,False,False,-1.0,0
2023-01-07,2022-23,L276737,1,120.5,False,1.4436827257346059,0.7751575917094187,0.7659480450484804,L273894,1,124.5,False,1.7327635345033263,0.6643707214624164,0.6532540727189784,2.501560782545292,0.5149920084510556,0.5003586799190594,0.2882838116653945,0.2516776508916512,True,True,False,False,1.5015607825452921,1
2023-01-08,2022-23,L272407,1,134.5,False,1.588612119380591,0.6890590837198176,0.6795641403271747,L276805,1,130.5,False,1.588612119380591,0.6751037686561469,0.6680261902173928,2.5236884658428935,0.4651863842460003,0.4539666436711203,0.17398551238879123,0.14567038251021702,False,True,False,False,-1.0,0
2023-01-09,2022-23,L276751,1,142.5,False,1.815905069809044,0.7801514014463189,0.776911506121552,L276749,-1,163.5,False,1.4028231161185842,0.7770563173640683,0.7721548286815699,2.5473936086050584,0.6062215749942934,0.5998959709100274,0.5442849655389552,0.5281711621241298,False,True,False,False,-1.0,0
2023-01-10,2022-23,L272424,-1,152.5,False,1.6493225276039383,0.6803725584779842,0.6749989896475047,L272411,1,125.5,False,1.5263563544578627,0.7123877307025728,0.7049209119146631,2.5174539205587747,0.48468906296643466,0.4758209033237953,0.2201823818168096,0.19785719855630624,False,True,False,False,-1.0,0
2023-01-11,2022-23,L272426,-1,145.5,False,1.5557349293264169,0.707271625047606,0.69973921281769,L272427,-1,156.5,False,1.616712277793378,0.6696008498375181,0.6624862403071344,2.5151757612340315,0.47358968119783945,0.4635676002950653,0.19116128691935796,0.16595399195557414,True,True,False,False,1.5151757612340315,1
2023-01-12,2022-23,L272479,1,141.5,False,1.7733425221364596,0.6334669067458505,0.6216211587361358,L272457,1,118.5,False,1.41873033741667,0.7408871056590051,0.7336590331228401,2.5158948347859877,0.469327463069696,0.45605797828705286,0.18077854016025974,0.14739391193533646,True,True,False,False,1.5158948347859877,1
2023-01-13,2022-23,L275323,1,125.5,False,1.6220841037345481,0.6663541609002887,0.659559294599682,L273908,1,126.5,False,1.5567262608756232,0.6859718914045747,0.6790555866116137,2.5251409216324694,0.4571002240980793,0.4478774236995292,0.15424248115743233,0.130953610459005,True,True,False,False,1.5251409216324694,1
2023-01-14,2022-23,L272529,1,132.5,False,1.7327635345033263,0.7379077098270276,0.7338079193522592,L275350,1,119.5,False,1.4436827257346059,0.7923561674546551,0.7818517880205237,2.501560782545292,0.5846857248937853,0.573729033809184,0.46262687950835857,0.4352180507846566,False,True,False,False,-1.0,0
2023-01-15,2022-23,L273912,1,132.5,False,1.6572153426689245,0.6416806617173768,0.6345757648795991,L275355,1,117.5,False,1.5263563544578627,0.6846178671946088,0.6777504464346454,2.5295011689877773,0.4393060460449758,0.4300840079437549,0.11122515701416447,0.08789800085667654,True,True,False,False,1.5295011689877773,1
2023-01-16,2022-23,L275366,-1,156.5,False,1.616712277793378,0.6632917772631847,0.6596596643349768,L276852,-1,150.5,False,1.5557349293264169,0.6829942345073928,0.67754020407078,2.5151757612340315,0.4530244596669169,0.4469459435907824,0.13943614020037343,0.12414760390140867,False,True,False,False,-1.0,0
2023-01-17,2022-23,L272613,-1,151.5,False,1.616712277793378,0.6783089318340761,0.6688062940033688,L272620,-1,137.5,False,1.5557349293264169,0.6727018590217057,0.670102734684342,2.5151757612340315,0.45629967943581046,0.44816892658575747,0.14767389357580907,0.1272236210867712,True,False,False,False,-1.0,0
2023-01-18,2022-23,L276773,1,125.5,False,1.7327635345033263,0.6268996297627544,0.6218037055424062,L272640,-1,135.5,False,1.4491986353226383,0.7313014679021406,0.724000962688495,2.511118549539052,0.45845261947281074,0.45018648141597556,0.1512288768429435,0.13047162423537406,True,True,False,False,1.5111185495390518,1
2023-01-19,2022-23,L276785,1,134.5,False,1.7327635345033263,0.6477055408713474,0.6401081565266064,L275386,1,124.5,False,1.4436827257346059,0.7419693238076882,0.7338849619882573,2.501560782545292,0.48057764218680654,0.46976575012090194,0.20219418266259903,0.17514757748541943,True,True,False,False,1.5015607825452921,1
2023-01-20,2022-23,L275393,1,114.5,False,1.4436827257346059,0.7187754900395843,0.7127467438302214,L275395,1,128.5,False,1.7327635345033263,0.6100229770256714,0.6040752723164441,2.501560782545292,0.43846956424703304,0.43055268337189984,0.09685826626010119,0.07705370754278484,True,False,False,False,-1.0,0
2023-01-21,2022-23,L272727,-1,150.5,False,1.7953410368164946,0.8826330908504332,0.877585321335046,L272721,1,123.5,False,1.4436827257346059,0.7996856677402572,0.7938709801037706,2.5919028416544303,0.7058290326263758,0.6966895191729353,0.8294402753865007,0.8057515444951899,True,True,False,False,1.5919028416544303,1
2023-01-22,2022-23,L272794,-1,157.5,False,1.4491986353226383,0.7191331711400979,0.7141427770524538,L275432,1,129.5,False,1.7327635345033263,0.6163304993331743,0.6112455634511581,2.511118549539052,0.44322370645582565,0.4365166041440019,0.11298727087667526,0.09614494184779843,True,True,False,False,1.5111185495390518,1
2023-01-23,2022-23,L281707,1,117.5,False,1.6572153426689245,0.7007141839193304,0.689087126789067,L275437,1,129.5,False,1.5263563544578627,0.6983583015832724,0.6956235086594663,2.5295011689877773,0.4893495673772123,0.47934520490908133,0.2378103027243217,0.21250425616620694,True,True,False,False,1.5295011689877773,1
2023-01-24,2022-23,L272810,-1,172.5,False,1.616712277793378,0.682766406299703,0.6737918121783834,L272798,-1,152.5,False,1.5557349293264169,0.6941760078666693,0.6900835804133643,2.5151757612340315,0.47396005823060017,0.4649726662012678,0.19209285025467548,0.1694879796657911,True,False,False,False,-1.0,0
2023-01-25,2022-23,L276883,1,119.5,False,1.7327635345033263,0.6861605587751761,0.681610256909356,L273928,1,122.5,False,1.4436827257346059,0.7479999418371771,0.7393137544345423,2.501560782545292,0.5132480580547967,0.5039238380967489,0.28392121374740875,0.26059611077252987,True,True,False,False,1.5015607825452921,1
2023-01-26,2022-23,L272840,1,127.5,False,1.7733425221364596,0.6448899710425592,0.6414290197419367,L276949,1,122.5,False,1.41873033741667,0.7632911547860223,0.7576685185419167,2.5158948347859877,0.4922388107069995,0.485990575137667,0.23842108133893758,0.22270117774352793,True,True,False,False,1.5158948347859877,1
2023-01-27,2022-23,L272845,-1,135.5,False,1.4028231161185842,0.7463544371338925,0.7433806874613142,L272887,-1,147.5,False,1.7953410368164946,0.57937944648968,0.575202419167129,2.5185459077624848,0.4324224206717513,0.4275943697898714,0.08907571800758696,0.07691605021655934,True,False,False,False,-1.0,0
2023-01-28,2022-23,L276976,1,125.5,False,1.4436827257346059,0.7917211506564625,0.7836352291202336,L275481,1,134.5,False,1.7327635345033263,0.6975398332088485,0.6860009379394795,2.501560782545292,0.5522570393768265,0.5375745021788991,0.38150455158964003,0.34477529234704285,True,True,False,False,1.5015607825452921,1
2023-01-29,2022-23,L272930,1,114.5,False,1.7327635345033263,0.6322422507453023,0.6253586275938803,L272982,-1,167.5,False,1.4491986353226383,0.7314576233021038,0.7258275109538624,2.511118549539052,0.4624584140813316,0.4539024961199895,0.1612879019900435,0.1398029776889833,True,True,False,False,1.5111185495390518,1
2023-01-30,2022-23,L276906,-1,152.5,False,1.7953410368164946,0.6110066003085007,0.6029855186383323,L276899,-1,146.5,False,1.4028231161185842,0.7376953840313033,0.7328547267357698,2.5185459077624848,0.4507367486602405,0.4419007874873214,0.13520119381641638,0.11294741996321278,True,True,False,False,1.5185459077624848,1
2023-01-31,2022-23,L272988,-1,168.5,False,1.4491986353226383,0.7399924832888221,0.7324787585321775,L273943,1,133.5,False,1.7327635345033263,0.634313929843894,0.6271900447788864,2.511118549539052,0.46938754012987477,0.4594033853633795,0.17868775894263478,0.1536163627070195,True,False,False,False,-1.0,0
2023-02-01,2022-23,L273945,1,118.5,False,1.588612119380591,0.7276997158931372,0.7197336204674589,L277251,1,130.5,False,1.588612119380591,0.6930087900377333,0.6869118421579877,2.5236884658428935,0.5043022996219053,0.4943935470983402,0.2727018968538495,0.24769529239923638,True,True,False,False,1.5236884658428935,1
2023-02-02,2022-23,L277255,1,131.5,False,1.588612119380591,0.7038194381759183,0.6953736400793351,L277253,1,124.5,False,1.588612119380591,0.6908813876377302,0.6819589103444182,2.5236884658428935,0.4862557500933861,0.4742162498707351,0.22715802796046303,0.1967740801140454,False,True,False,False,-1.0,0
2023-02-03,2022-23,L275533,1,134.5,False,1.6220841037345481,0.6660191984900713,0.6589211313919885,L275538,1,127.5,False,1.5567262608756232,0.6738953820926178,0.6697004916103574,2.5251409216324694,0.44882726224748565,0.4412798056256676,0.1333520866453941,0.11429369507539544,False,False,False,False,-1.0,0
2023-02-04,2022-23,L277039,-1,149.5,False,1.836070512526172,0.803891990879634,0.8006035352627768,L277054,1,127.5,False,1.41873033741667,0.7851316484515566,0.7756861763616136,2.604888937757054,0.6311610439763308,0.6210170950495737,0.6441044213971376,0.6176805610526557,True,True,False,False,1.604888937757054,1
2023-02-05,2022-23,L273953,1,119.5,False,1.5567262608756232,0.6903737349256233,0.6826033841034593,L273954,1,131.5,False,1.6220841037345481,0.6559444879335038,0.64883520682689,2.5251409216324694,0.45284684603852843,0.4428971079055031,0.14350210216408676,0.11837761124485757,False,True,False,False,-1.0,0
2023-02-06,2022-23,L277067,1,118.5,False,1.7327635345033263,0.6498461359218364,0.6412009066298028,L281839,-1,139.5,False,1.4491986353226383,0.7281133305285334,0.7234504285504951,2.511118549539052,0.4731616343571463,0.4638770706882968,0.18816495696444457,0.1648503169112201,True,True,False,False,1.5111185495390518,1
2023-02-07,2022-23,L273956,1,129.5,False,1.7327635345033263,0.6566468088997502,0.652420815252802,L275581,-1,158.5,False,1.4491986353226383,0.7309111693525601,0.7263615682087494,2.511118549539052,0.4799504869445435,0.4738934064990561,0.20521257062674358,0.1900025235640299,False,False,False,False,-1.0,0
2023-02-08,2022-23,L273184,-1,153.5,False,1.616712277793378,0.6856182322618771,0.6822236411716766,L277086,-1,147.5,False,1.5557349293264169,0.686983817614973,0.6839740446497048,2.5151757612340315,0.47100863062569354,0.4666232632078405,0.18466949108177744,0.17363952124828796,True,False,False,False,-1.0,0
2023-02-09,2022-23,L275601,1,118.5,False,1.7327635345033263,0.6213164219423661,0.6170272863756618,L273246,-1,152.5,False,1.4491986353226383,0.7282410240265142,0.7234438630890232,2.511118549539052,0.45246810735979853,0.4463846036869458,0.13620105746601707,0.12092465854692791,False,True,False,False,-1.0,0
2023-02-10,2022-23,L273252,1,122.5,False,1.4436827257346059,0.7389531534739937,0.7313449078840075,L275605,1,128.5,False,1.7327635345033263,0.6089792440776157,0.6067947750944606,2.501560782545292,0.45000713281136306,0.44377626889595534,0.12572019530655654,0.11013331049439601,True,False,False,False,-1.0,0
2023-02-11,2022-23,L273277,1,146.5,False,1.7733425221364596,0.6756432867694959,0.6694077543542176,L273963,1,123.5,False,1.41873033741667,0.7859778048392323,0.7785210140493981,2.5158948347859877,0.5310406273894523,0.5211480037323759,0.33604237151063354,0.3111535707493134,False,True,False,False,-1.0,0
2023-02-12,2022-23,L277117,1,128.5,False,1.7327635345033263,0.6131879349218546,0.6082891174202455,L275644,1,126.5,False,1.4436827257346059,0.7232122520197953,0.7178035585087976,2.501560782545292,0.4434650273262022,0.43663209308642803,0.10935472078960373,0.09226172046567371,False,True,False,False,-1.0,0
2023-02-13,2022-23,L277286,1,132.5,False,1.7327635345033263,0.6154323807691816,0.6102835552854832,L277119,-1,141.5,False,1.4491986353226383,0.7227306430822102,0.7178997808148889,2.511118549539052,0.4447918403269263,0.4381224305743795,0.11692504092855671,0.10017736238445996,True,True,False,False,1.5111185495390518,1
2023-02-14,2022-23,L273969,1,126.5,False,1.7327635345033263,0.646025735499227,0.6348130075609166,L273384,-1,164.5,False,1.4491986353226383,0.7305434063650145,0.7253955310305682,2.511118549539052,0.47194984141106916,0.4604905187247632,0.18512200121934952,0.15634628345661294,True,True,False,False,1.5111185495390518,1
2023-02-15,2022-23,L273396,1,113.5,False,1.7327635345033263,0.6532512434595186,0.6504187482202983,L275654,-1,138.5,False,1.4491986353226383,0.7570140858425003,0.7539349390810228,2.511118549539052,0.49452039289298405,0.49037341931662576,0.241799331718912,0.2313857894468705,True,True,False,False,1.5111185495390518,1
2023-02-16,2022-23,L277139,1,133.5,False,1.7327635345033263,0.6481581470395725,0.6386636363080396,L277136,1,128.5,False,1.4436827257346059,0.7303950906054286,0.7240895197415017,2.501560782545292,0.4734115285336153,0.4624496456906495,0.18426771378451345,0.1568458975616942,False,True,False,False,-1.0,0
2023-02-17,2022-23,L275679,1,133.5,False,1.7733425221364596,0.6517078467896896,0.642458216093808,L273462,1,123.5,False,1.41873033741667,0.7429737689987195,0.7388564285403357,2.5158948347859877,0.48420183521537574,0.47468438302946625,0.2182008962122599,0.19425598741740768,True,False,False,False,-1.0,0
2023-02-18,2022-23,L277142,1,133.5,False,1.7733425221364596,0.7605515508749392,0.7574713180361635,L273976,1,111.5,False,1.41873033741667,0.8535623706774902,0.8461128863503403,2.5158948347859877,0.6491781847872549,0.640906243231175,0.6332640419619981,0.612452706927405,True,True,False,False,1.5158948347859877,1
2023-02-19,2022-23,L277163,1,142.5,False,1.7327635345033263,0.619976551037942,0.6135278889494875,L273552,-1,158.5,False,1.4491986353226383,0.7275211882431978,0.7218496049242773,2.511118549539052,0.45104607709404315,0.44287486424821343,0.13263017088767293,0.1121112867382783,False,True,False,False,-1.0,0
2023-02-20,2022-23,L277173,1,128.5,False,1.7327635345033263,0.626575784962531,0.6173907333893603,L273957,1,127.5,False,1.4436827257346059,0.7178679914130459,0.7117811768355455,2.501560782545292,0.4497987002191047,0.43944710277923943,0.12519878850795885,0.09930363831569533,True,True,False,False,1.5015607825452921,1
2023-02-21,2022-23,L273576,-1,153.5,False,1.616712277793378,0.6611241859966998,0.6546859897899796,L273569,-1,130.5,False,1.5557349293264169,0.6676504154665333,0.6635865386059325,2.5151757612340315,0.4413998374556702,0.43444080983853145,0.11019817218114314,0.09269499459675745,True,False,False,False,-1.0,0
2023-02-22,2022-23,L277311,1,129.5,False,1.588612119380591,0.6670310236294277,0.6616439149201624,L277318,1,135.5,False,1.588612119380591,0.6666187064671744,0.6607270077161125,2.5236884658428935,0.4446553581453243,0.437166004078773,0.12217159862659588,0.10327080215222662,True,True,False,False,1.5236884658428935,1
2023-02-23,2022-23,L273987,1,126.5,False,1.4436827257346059,0.7507586586396243,0.7422415758726362,L277326,1,127.5,False,1.7327635345033263,0.6433241762845474,0.6338892868933249,2.501560782545292,0.48298119565782804,0.47049898323248307,0.20820681776445693,0.1769818046818148,False,False,False,False,-1.0,0
2023-02-24,2022-23,L275745,1,126.5,False,1.7327635345033263,0.6425891378151275,0.6352927749046444,L273656,-1,151.5,False,1.4491986353226383,0.7206824712544254,0.7171051898769434,2.511118549539052,0.46310272784185663,0.4555717459754453,0.16290585022582138,0.14399466196483357,True,True,False,False,1.5111185495390518,1
2023-02-25,2022-23,L277338,-1,159.5,False,1.5855357796276668,0.7360182804826898,0.7329394917570399,L277340,1,134.5,False,1.588612119380591,0.7307762263502662,0.7261534590057273,2.5188013552280655,0.5378646615359518,0.5322265471812743,0.3547742384060404,0.34057294832854756,True,True,False,False,1.5188013552280655,1
2023-02-26,2022-23,L277359,1,129.5,False,1.7327635345033263,0.6316468464610991,0.6217857056007801,L273993,1,122.5,False,1.4436827257346059,0.7323932773511527,0.7255790106791935,2.501560782545292,0.4626139040081647,0.45115465712427827,0.15725679972699713,0.1285907971247624,True,True,False,False,1.5015607825452921,1
2023-02-27,2022-23,L275788,-1,148.5,False,1.4491986353226383,0.7227135043575535,0.7168617996700455,L277365,1,135.5,False,1.7327635345033263,0.6096496302648182,0.6051048655569163,2.511118549539052,0.4406020207189736,0.433776562912232,0.10640390719180415,0.08926437348419913,False,True,False,False,-1.0,0
2023-02-28,2022-23,L282205,1,150.5,False,1.7733425221364596,0.6409346902813501,0.6351455133838234,L273764,1,125.5,False,1.41873033741667,0.742933751449695,0.738937432229474,2.5158948347859877,0.47617201388497177,0.4693327947519135,0.1979987102028422,0.1807919541120111,False,True,False,False,-1.0,0
2023-03-01,2022-23,L273999,-1,143.5,False,1.5557349293264169,0.6963786067716957,0.6921040140562484,L275805,-1,167.5,False,1.616712277793378,0.6632716315452107,0.6585052766130297,2.5151757612340315,0.46188817468664334,0.4557541452210981,0.16172994137247554,0.14630177914204068,True,True,False,False,1.5151757612340315,1
2023-03-02,2022-23,L282479,-1,139.5,False,1.4491986353226383,0.7504303791880553,0.7438050205014474,L274002,1,123.5,False,1.7327635345033263,0.6421362734225342,0.6345095281255312,2.511118549539052,0.48187856715487715,0.4719513725757744,0.2100542086079118,0.18512584615544325,True,True,False,False,1.5111185495390518,1
2023-03-03,2022-23,L282578,-1,159.5,False,1.616712277793378,0.6805280241695664,0.6746664078468064,L273794,-1,152.5,False,1.5557349293264169,0.6985706629516072,0.6924237529132355,2.5151757612340315,0.47539691300128134,0.4671550460857773,0.19570679254630607,0.17497704865311392,True,True,False,False,1.5151757612340315,1
2023-03-04,2022-23,L275826,1,136.5,False,1.7733425221364596,0.694822761888216,0.6892454369589175,L275821,-1,164.5,False,1.4254762682167035,0.7537341950536974,0.749840380999879,2.527857680725077,0.5237116751368014,0.5168240610517028,0.3238685804799597,0.3064576723130732,False,True,False,False,-1.0,0
2023-03-05,2022-23,L282872,-1,147.5,False,1.756370006931524,0.7042357824011254,0.693688210742464,L282506,-1,171.5,False,1.4254762682167035,0.7622356672387263,0.7553339327976601,2.5036637630884946,0.5367936314919083,0.5239662443554775,0.3439507634229695,0.31183529907438,True,True,False,False,1.5036637630884946,1
2023-03-06,2022-23,L282971,-1,150.5,False,1.5557349293264169,0.7042773081490393,0.6956213149564229,L282972,-1,162.5,False,1.616712277793378,0.6630439314977862,0.6547819663608928,2.5151757612340315,0.4669667952598169,0.4554802924497165,0.17450356473862616,0.14561299128931515,True,True,False,False,1.5151757612340315,1
2023-03-07,2022-23,L282995,-1,146.5,False,1.616712277793378,0.6788953493374483,0.6698505755418634,L283032,-1,145.5,False,1.5557349293264169,0.6885229844734846,0.6841402219644974,2.5151757612340315,0.46743505207098884,0.4582717214342568,0.17568131292011846,0.152633925810437,False,True,False,False,-1.0,0
2023-03-08,2022-23,L283070,-1,135.5,False,1.4491986353226383,0.764892095146712,0.758248039824898,L282963,1,131.5,False,1.7327635345033263,0.6210228547291651,0.6179813482622536,2.511118549539052,0.4750154724877832,0.4685831459682014,0.19282016428212945,0.1766678298421156,True,True,False,False,1.5111185495390518,1
2023-03-09,2022-23,L283104,-1,159.5,False,1.756370006931524,0.6816426827144862,0.6739779542975995,L282735,-1,166.5,False,1.4254762682167035,0.7615240445143179,0.7541749398134715,2.5036637630884946,0.5190872926543255,0.5082972831179988,0.2996200444983472,0.2726054886188667,True,True,False,False,1.5036637630884946,1
2023-03-10,2022-23,L283128,-1,166.5,False,1.756370006931524,0.6823105406323261,0.6718898592673431,L283155,-1,145.5,False,1.4254762682167035,0.7704324781175871,0.7663569191761241,2.5036637630884946,0.5256742006651136,0.5149074425738007,0.3161114473957545,0.2891551053165946,True,True,False,False,1.5036637630884946,1
2023-03-11,2022-23,L283192,-1,140.5,False,1.5855357796276668,0.6883179104902365,0.684066682924258,L283197,-1,151.5,False,1.5855357796276668,0.6783292418342751,0.6708290288186839,2.513923708479513,0.46690616636379456,0.45889178855329854,0.17376648125722305,0.153618946870705,False,True,False,False,-1.0,0
2023-03-12,2022-23,L283260,-1,140.5,False,1.616712277793378,0.641545878658311,0.6384366296648925,L283259,-1,130.5,False,1.5557349293264169,0.6615920080052,0.6587198833755527,2.5151757612340315,0.42444162608901237,0.42055090223553887,0.06754528999784193,0.05775943566793029,True,True,False,False,1.5151757612340315,1
2023-03-14,2022-23,L283324,1,135.5,False,1.815905069809044,0.9143729176423049,0.9082179545111558,L283329,-1,159.5,False,1.4028231161185842,0.7578679490741109,0.7519776809116847,2.5473936086050584,0.6929739277824846,0.682959631195653,0.7652773545630445,0.739766999443074,True,True,False,False,1.5473936086050584,1
2023-03-15,2022-23,L283334,-1,133.5,False,1.4254762682167035,0.7597951744304507,0.753542729276911,L283333,-1,141.5,False,1.756370006931524,0.614131048466333,0.6095062459529165,2.5036637630884946,0.4666138070926331,0.4592890000866849,0.16824408017459058,0.14990522630218117,True,True,False,False,1.5036637630884946,1
2023-03-16,2022-23,L283295,-1,159.5,False,1.6493225276039383,0.6636029324886966,0.656690542451886,L283298,-1,146.5,False,1.5272537397230521,0.7015168491047854,0.6960241730699348,2.518933998292592,0.4655286382561661,0.45707249177292086,0.17263591408230994,0.15133543921112103,True,True,False,False,1.5189339982925918,1
2023-03-17,2022-23,L283390,-1,137.5,False,1.616712277793378,0.6774021326832227,0.6744335638168946,L283322,-1,150.5,False,1.5557349293264169,0.7079071000119237,0.7007430901798349,2.5151757612340315,0.4795377792896725,0.4726046596300496,0.2061217990653792,0.18868378454776047,True,True,False,False,1.5151757612340315,1
2023-03-18,2022-23,L283339,-1,161.5,False,1.4254762682167035,0.7267605895589235,0.7221695691730555,L283340,-1,166.5,False,1.756370006931524,0.6067876614729983,0.5991321357808845,2.5036637630884946,0.4409893585891968,0.432674996374614,0.10408907700740988,0.08327270961756672,True,True,False,False,1.5036637630884946,1
2023-03-19,2022-23,L283343,1,141.5,False,1.7327635345033263,0.6794621850032981,0.6750179512449462,L283345,-1,143.5,False,1.4491986353226383,0.7513237090141257,0.7419313765327128,2.511118549539052,0.51049604897152,0.5008169977514546,0.28191609803878004,0.2576108529781349,True,True,False,False,1.5111185495390518,1
2023-03-20,2022-23,L283656,-1,164.5,False,1.7953410368164946,0.6297290347936265,0.6214765406684792,L283657,-1,136.5,False,1.4028231161185842,0.7534305031263097,0.7477059339479306,2.5185459077624848,0.47445706351780736,0.46468169726725433,0.194941895731779,0.17032218706456925,True,True,False,False,1.5185459077624848,1
2023-03-21,2022-23,L283688,-1,132.5,False,1.616712277793378,0.6934567034304555,0.6847924860630416,L283660,-1,129.5,False,1.5557349293264169,0.6806691005826653,0.674161202218724,2.5151757612340315,0.4720145506170282,0.4616605256746089,0.18719955666172305,0.1611573640953372,True,True,False,False,1.5151757612340315,1
2023-03-22,2022-23,L283721,1,133.5,False,1.7733425221364596,0.6103616737207213,0.6076885911741599,L283668,-1,158.5,False,1.4254762682167035,0.7009977041743755,0.6981748562921622,2.527857680725077,0.4278621319942548,0.4242728948134056,0.08157457665308399,0.07250149587753008,True,True,False,False,1.5278576807250772,1
2023-03-23,2022-23,L283662,1,134.5,False,1.7327635345033263,0.5910831022987206,0.5880288187989663,L283663,-1,146.5,False,1.4491986353226383,0.6950594191565967,0.6911889063933891,2.511118549539052,0.410837877757028,0.4064389961934539,0.03166261568893036,0.0206165025974141,True,False,False,False,-1.0,0
2023-03-24,2022-23,L283621,1,131.5,False,1.6572153426689245,0.6561843543723481,0.6488667759694677,L283665,1,134.5,False,1.5263563544578627,0.678375054554796,0.6726288222845223,2.5295011689877773,0.4451390971953452,0.43644649533989804,0.1259798667177896,0.10399192016289027,True,True,False,False,1.5295011689877773,1
2023-03-25,2022-23,L283787,-1,158.5,False,1.5855357796276668,0.6732162673521569,0.6665181293812245,L283786,1,139.5,False,1.588612119380591,0.6342102659129326,0.6309670641970673,2.5188013552280655,0.42696066793432336,0.42055098732979224,0.07542910902205358,0.05928439682878173,True,True,False,False,1.5188013552280655,1
2023-03-26,2022-23,L283819,1,132.5,False,1.8605407916362517,0.5447564541271807,0.541833055143324,L283852,-1,157.5,False,1.4254762682167035,0.699233305305812,0.6961941274629045,2.6521567445265952,0.38091185600602245,0.3772209910560663,0.010237947976515782,0.00044919560635281464,False,False,False,False,-1.0,0
2023-03-28,2022-23,L283720,-1,116.0,True,1.9090909090909092,0.4989954249264713,0.4982739781872873,L283753,1,151.5,True,1.9090909090909092,0.5128297553279317,0.51144397902349,3.6446280991735542,0.2558997016747996,0.2548392260479699,,,True,True,False,False,2.6446280991735542,1
2023-04-01,2022-23,L283885,1,129.5,False,1.7327635345033263,0.5886513395769594,0.5835013649637635,L283886,-1,156.5,False,1.4491986353226383,0.6863972025170851,0.6827810453907012,2.511118549539052,0.4040486327435596,0.3984036719568595,0.014614016598244461,0.0004388508553412329,True,True,False,False,1.5111185495390518,1
2023-11-16,2023-24,L294788,1,131.5,False,1.7628404958138189,0.7124042622295671,0.7007164714534341,L292900,-1,136.5,False,1.4298684613904653,0.8005671740786653,0.794118476241907,2.52063002742611,0.5703274670147209,0.5564518965882068,0.43758453882318005,0.40260935935844255,True,True,False,False,1.52063002742611,1
2023-11-17,2023-24,L292909,-1,161.5,False,1.4539468735257157,0.8254417748126722,0.8186637137162968,L292906,1,131.5,False,1.7224532897933247,0.7273959260914395,0.7129268581405104,2.504355575489088,0.6004229842244252,0.5836473492934017,0.503672648194236,0.4616604933223576,True,True,False,False,1.5043555754890878,1
2023-11-18,2023-24,L301750,-1,152.5,False,1.8469108955803146,0.8497999703075975,0.8469607114674578,L294792,1,125.5,False,1.4104427958213115,0.7877463822688235,0.7788301105566402,2.6049621671951413,0.6694268522619635,0.6596385045493308,0.7438316238469462,0.7183333483761869,True,True,False,False,1.6049621671951413,1
2023-11-19,2023-24,L301758,-1,127.5,False,1.4539468735257157,0.800650142436753,0.7957254793961681,L293009,1,145.5,False,1.7224532897933247,0.6757534893645742,0.6640196745990171,2.504355575489088,0.5410421275118792,0.5283773738987905,0.3549618686088529,0.3232448222857185,True,True,False,False,1.5043555754890878,1
2023-11-20,2023-24,L293044,1,139.5,False,1.6472977206485244,0.7206494692102292,0.7162933680842692,L301781,-1,151.5,False,1.5331943092998248,0.7499752807787184,0.7397974684542661,2.5256274910208902,0.5404692880139761,0.5299120203793222,0.36502409186058515,0.3383603664924384,True,True,False,False,1.5256274910208902,1
2023-11-21,2023-24,L293090,1,133.5,False,1.6472977206485244,0.7366037345488843,0.7237446533138697,L293089,-1,149.5,False,1.5331943092998248,0.7453820822628385,0.7420827339753213,2.5256274910208902,0.5490512254606306,0.5370784110311776,0.3866988690020774,0.3564599997341593,True,False,False,False,-1.0,0
2023-11-22,2023-24,L301871,-1,160.5,False,1.5621171562101654,0.7291142735736518,0.7263803074035836,L293130,-1,164.5,False,1.624049385268904,0.706894542382077,0.7016471060788343,2.536955407261128,0.5154069007620871,0.5096626406023785,0.3075643238280763,0.292991391955189,False,True,False,False,-1.0,0
2023-11-23,2023-24,L301838,-1,159.5,False,1.6918202619775498,0.6912032885697906,0.6808248371446826,L293138,-1,150.5,False,1.479161010479108,0.7351363175452291,0.7299811400075578,2.502474568255742,0.5081286402343482,0.49698929076433523,0.2715789995888278,0.24370306083320736,False,False,False,False,-1.0,0
2023-11-24,2023-24,L293156,1,141.5,False,1.7224532897933247,0.750160213780274,0.7348255833183632,L293142,1,134.5,False,1.4611998738049616,0.7768010137610488,0.7651601603522082,2.516848529680947,0.582725214547722,0.5622592611627838,0.4666310994424483,0.4151213947570478,True,True,False,False,1.516848529680947,1
2023-11-25,2023-24,L293182,1,-0.5,False,1.805214908655163,0.9999999999904414,0.9999999998476028,L293197,1,-6.5,False,1.4104427958213115,0.9999999999589075,0.9999999994427304,2.5461523628219016,0.999999999949349,0.9999999992903332,1.5461523626929363,1.5461523610149817,True,True,False,False,1.5461523628219016,1
2023-11-26,2023-24,L293242,1,143.5,False,1.7224532897933247,0.7662209570289191,0.7602676982705568,L296000,1,136.5,False,1.4611998738049616,0.7739038607922887,0.7654957465149117,2.516848529680947,0.5929813568646428,0.5819816892387936,0.49244425615298915,0.46475975886189125,True,False,False,False,-1.0,0
2023-11-27,2023-24,L293253,1,145.5,False,1.7224532897933247,0.6606314351020495,0.6512142107676906,L294930,-1,152.5,False,1.4539468735257157,0.7544991895797165,0.7472201833643155,2.504355575489088,0.4984458823953814,0.4866004019792818,0.2482857246564516,0.21862042973204576,True,True,False,False,1.5043555754890878,1
2023-11-28,2023-24,L293264,1,117.5,False,1.612366425673126,0.7491737756992047,0.7365183525960679,L293265,1,134.5,False,1.5790962384482952,0.7276099454859338,0.7173131947743279,2.546081757780756,0.5451062900959895,0.5283143325106103,0.38788518126494376,0.34513148437938157,True,False,False,False,-1.0,0
2023-11-29,2023-24,L293295,1,131.5,False,1.68396673857181,0.721977296367876,0.7138907315204692,L294831,1,126.5,False,1.4885317549607708,0.7564363849056114,0.7463809762178549,2.506637964661862,0.5461298960484433,0.5328344611051264,0.36894993107186425,0.33562308908625393,True,False,False,False,-1.0,0
2023-11-30,2023-24,L293325,1,136.5,False,1.7628404958138189,0.6885589592937337,0.6778520497372658,L298082,-1,155.5,False,1.4298684613904653,0.7726983781897571,0.7661844353545677,2.52063002742611,0.5320483911342949,0.5193596899818833,0.34109715073685565,0.30911362960305055,True,True,False,False,1.52063002742611,1
2023-12-01,2023-24,L293358,1,143.5,False,1.68396673857181,0.7080389739772155,0.6949870943362146,L295377,-1,144.5,False,1.5055598649613613,0.7202950338736406,0.7147175146314293,2.5353127355235983,0.5099969567447762,0.49671944876489804,0.29300177951330864,0.25933914443590744,False,True,False,False,-1.0,0
2023-12-02,2023-24,L293411,1,118.5,False,1.5790962384482952,0.7261316351930799,0.715955659359281,L294902,1,139.5,False,1.612366425673126,0.7072953403997427,0.6991447152601928,2.546081757780756,0.5135895220889113,0.5005566156016681,0.30764091317791364,0.2744580677198811,True,True,False,False,1.546081757780756,1
2023-12-03,2023-24,L295107,1,149.5,False,1.7224532897933247,0.6906709916453067,0.6813070837907483,L294908,-1,157.5,False,1.4539468735257157,0.7554169323507149,0.7488385703848901,2.504355575489088,0.5217445617723239,0.5101890226189625,0.30663390225563014,0.27769472334912715,False,True,False,False,-1.0,0
2023-12-04,2023-24,L293434,-1,172.5,False,1.479161010479108,0.7194462013329602,0.7138063455682783,L294914,-1,163.5,False,1.6918202619775498,0.634784626949624,0.6308285927422429,2.502474568255742,0.45669338852346725,0.4502894524653201,0.14286359027051532,0.12683790314826604,True,False,False,False,-1.0,0
2023-12-05,2023-24,L293459,-1,173.5,False,1.624049385268904,0.7188356921462259,0.7139197951658512,L293441,1,137.5,False,1.5474136262462153,0.7360303771407025,0.7275311115983214,2.5130761484618915,0.5290849055925846,0.5193988621690577,0.32963065675593595,0.3052888920553043,True,True,False,False,1.5130761484618915,1
2023-12-06,2023-24,L293504,1,117.5,False,1.7224532897933247,0.6880414077892052,0.6764751397335825,L294951,-1,171.5,False,1.4539468735257157,0.7628410128596294,0.7571654707028981,2.504355575489088,0.5248662044072826,0.5122036175951867,0.3144516053931734,0.28273998551018664,True,True,False,False,1.5043555754890878,1
2023-12-07,2023-24,L293516,1,127.5,False,1.7224532897933247,0.6365946048773692,0.6300722884962061,L293514,-1,165.5,False,1.4539468735257157,0.7236060757524029,0.7189065467118643,2.504355575489088,0.4606437238804646,0.452963093101649,0.1536156782140976,0.13438064769989766,True,True,False,False,1.5043555754890878,1
2023-12-08,2023-24,L293524,1,127.5,False,1.6472977206485244,0.6817314683330453,0.6732182034797537,L293520,-1,153.5,False,1.5331943092998248,0.658139630377007,0.6557089905004306,2.5256274910208902,0.4486744965850847,0.4414352285902228,0.13318464309524836,0.11490094883255764,True,True,False,False,1.5256274910208902,1
2023-12-09,2023-24,L294977,1,136.5,False,1.7224532897933247,0.7027992160657281,0.688073540761435,L293548,1,135.5,False,1.4611998738049616,0.7799614763718143,0.7692607597686838,2.516848529680947,0.5481563141555791,0.52930797474287,0.37962641331779645,0.33218799797999177,True,False,False,False,-1.0,0
2023-12-10,2023-24,L293602,1,134.5,False,1.7224532897933247,0.642224363469689,0.6344386609482033,L293595,1,116.5,False,1.4611998738049616,0.7365382309831009,0.7275251970121376,2.516848529680947,0.47302279656421276,0.4615701117984584,0.19052673003820852,0.1617020572246204,True,True,False,False,1.516848529680947,1
2023-12-11,2023-24,L298086,1,138.5,False,1.7224532897933247,0.6869590752346786,0.6761195940708555,L293617,1,139.5,False,1.4611998738049616,0.7298859819638507,0.7215228194224252,2.516848529680947,0.5014017991966422,0.48783571578074936,0.2619523810874502,0.22780860398863156,False,True,False,False,-1.0,0
2023-12-12,2023-24,L295980,1,147.5,False,1.6472977206485244,0.7070136499881257,0.6939861550679881,L295018,1,137.5,False,1.5474136262462153,0.706921552146948,0.6974689552200241,2.5490509394158583,0.4998031868386848,0.4840337985124313,0.27402378293418916,0.23382680880713913,False,True,False,False,-1.0,0
2023-12-13,2023-24,L295019,1,126.5,False,1.7628404958138189,0.6499245685346974,0.6389877511562914,L293642,-1,149.5,False,1.4298684613904653,0.7466760194123572,0.7405822135580667,2.52063002742611,0.4852830897517816,0.47322296318781737,0.2232191278304605,0.1928200106787732,False,True,False,False,-1.0,0
2023-12-14,2023-24,L293655,-1,163.5,False,1.4539468735257157,0.7401237916701127,0.7345524703181529,L295116,-1,178.5,False,1.7280496622999064,0.6349228313262,0.6287858618258664,2.512492403798118,0.4699214933390705,0.4618762081053189,0.18067418239588262,0.1604604643596923,True,False,False,False,-1.0,0
2023-12-15,2023-24,L295981,-1,159.5,False,1.6918202619775498,0.6391953933950535,0.6340291066027283,L295034,-1,141.5,False,1.479161010479108,0.7084650859529706,0.7048369135141346,2.502474568255742,0.45284761932236944,0.44688711857599117,0.13323965064938692,0.11832364911750592,True,True,False,False,1.5024745682557419,1
2023-12-16,2023-24,L293678,1,132.5,False,1.4611998738049616,0.7727181969519396,0.7644958100167196,L295046,1,130.5,False,1.7224532897933247,0.6721090591447584,0.6663342578840908,2.516848529680947,0.5193509003374022,0.5094097482229878,0.30712754990266666,0.2821071758201681,True,False,False,False,-1.0,0
2023-12-17,2023-24,L293744,-1,154.5,False,1.7659286754313095,0.8695622236133197,0.865353674095509,L293745,1,122.5,False,1.4351901203874042,0.7732818774955629,0.767346364585969,2.5344433882878303,0.6724167088749243,0.6640259958983002,0.7042020819823149,0.6829362949556892,True,True,False,False,1.5344433882878303,1
2023-12-18,2023-24,L293760,1,139.5,False,1.7224532897933247,0.6640425751201884,0.6546277363604994,L295067,1,127.5,False,1.4611998738049616,0.7462077982602857,0.7386585824684243,2.516848529680947,0.49551374793152614,0.4835463957845599,0.24713304791815682,0.21701303526289095,True,True,False,False,1.516848529680947,1
2023-12-19,2023-24,L293781,1,113.5,False,1.68396673857181,0.7687467761442035,0.7581259652677784,L293775,-1,154.5,False,1.5055598649613613,0.7548305174153618,0.7501997726059229,2.5353127355235983,0.5802735267983204,0.5687459267505331,0.4711748625789758,0.44194879136779797,False,True,False,False,-1.0,0
2023-12-20,2023-24,L293804,-1,187.5,False,1.624049385268904,0.7589014964956445,0.7536588837005354,L293793,-1,162.5,False,1.5621171562101654,0.7589833729748662,0.7498656807711498,2.536955407261128,0.5759936175659379,0.5651429318953267,0.4612701226318041,0.43374241694725635,True,True,False,False,1.5369554072611278,1
2023-12-21,2023-24,L293849,1,140.5,False,1.612366425673126,0.7252953795003351,0.7145107592054694,L293838,1,131.5,False,1.5790962384482952,0.7281793886820243,0.7203588877598164,2.546081757780756,0.5281451460584508,0.5147041757936739,0.3447007218398743,0.31047891264185257,False,True,False,False,-1.0,0
2023-12-22,2023-24,L295413,1,129.5,False,1.7224532897933247,0.7457882788713938,0.7292685154221935,L297970,1,131.5,False,1.4611998738049616,0.7618875059722466,0.7591874323053811,2.516848529680947,0.5682067717726605,0.5536514916845323,0.4300903780907783,0.3934569428018784,True,True,False,False,1.516848529680947,1
2023-12-23,2023-24,L293878,1,123.5,False,1.5474136262462153,0.6974756851980777,0.6901179927808879,L298263,-1,136.5,False,1.624049385268904,0.6582144377117888,0.6540614182884853,2.5130761484618915,0.4590885659502973,0.4513795531446702,0.15372452512126622,0.1343511889112574,True,True,False,False,1.5130761484618915,1
2023-12-24,2023-24,L302079,-1,157.5,False,1.7280496622999064,0.6349071792740653,0.6275856781673771,L302076,-1,157.5,False,1.4539468735257157,0.7264612035522557,0.722161802735566,2.512492403798118,0.4612354335994053,0.45321840471637576,0.1588505232810371,0.1387077991113952,True,True,False,False,1.512492403798118,1
2023-12-27,2023-24,L293906,1,128.5,False,1.7224532897933247,0.6457112535213576,0.6388231097450832,L295172,-1,138.5,False,1.4539468735257157,0.675818573165909,0.6733088883662627,2.504355575489088,0.43638365803197443,0.430125277885141,0.09285984704469885,0.07718663783044621,False,True,False,False,-1.0,0
2023-12-28,2023-24,L293914,1,123.5,False,1.7224532897933247,0.6955237369104108,0.6844624824417244,L298090,1,119.5,False,1.4611998738049616,0.7405767840256319,0.7344611681305566,2.516848529680947,0.5150887322946017,0.5027111143956895,0.2964003185308912,0.26524772912106154,True,True,False,False,1.516848529680947,1
2023-12-29,2023-24,L298095,1,139.5,False,1.7224532897933247,0.6729310443530608,0.6655941321406206,L293930,1,129.5,False,1.4611998738049616,0.763820350647245,0.7542022721743874,2.516848529680947,0.5139984262591717,0.5019926068063955,0.2936561833887168,0.2634393543513822,True,True,False,False,1.516848529680947,1
2023-12-30,2023-24,L293993,1,122.5,False,1.7224532897933247,0.7138401458588728,0.7009756050243101,L295210,1,118.5,False,1.4611998738049616,0.7980402415675868,0.787824861407356,2.516848529680947,0.5696731624418563,0.5522460088782146,0.43378106129048133,0.38991955546730583,True,True,False,False,1.516848529680947,1
2023-12-31,2023-24,L295212,1,146.5,False,1.7224532897933247,0.674204204103941,0.6658461198633691,L294029,-1,163.5,False,1.4539468735257157,0.7338609768176929,0.7285347698043053,2.504355575489088,0.49477215579831335,0.48509204965974945,0.2390854069702617,0.21484297919082307,True,True,False,False,1.5043555754890878,1
2024-01-01,2023-24,L294035,1,145.5,False,1.7224532897933247,0.6472585872292758,0.6412118868338087,L295436,1,132.5,False,1.4611998738049616,0.7303961792005345,0.7228042799718717,2.516848529680947,0.47275519906699887,0.46347069617231634,0.1898532276707996,0.16648554021149953,False,True,False,False,-1.0,0
2024-01-02,2023-24,L295225,1,131.5,False,1.7224532897933247,0.6751886654322171,0.6661820760961961,L294040,1,134.5,False,1.4611998738049616,0.7370467515842787,0.729202981040661,2.516848529680947,0.49764561256334,0.4857819558052026,0.2524986282822166,0.22263960121385917,False,True,False,False,-1.0,0
2024-01-03,2023-24,L296017,1,116.5,False,1.7628404958138189,0.721118583101395,0.711193556517182,L294056,-1,167.5,False,1.4298684613904653,0.7938082475169852,0.7909238013276886,2.52063002742611,0.5724298787036498,0.5624999112003279,0.44288394085630545,0.4178541665960671,False,False,False,False,-1.0,0
2024-01-04,2023-24,L294064,1,147.5,False,1.7224532897933247,0.7372209051213318,0.729803721892099,L295468,-1,166.5,False,1.4539468735257157,0.8097596262626647,0.8040756976607513,2.504355575489088,0.596971724604073,0.5868174368358023,0.4950294669215467,0.4695995197339575,False,True,False,False,-1.0,0
2024-01-05,2023-24,L294112,1,133.5,False,1.612366425673126,0.7057847634043145,0.6972587233119425,L294110,-1,164.5,False,1.5621171562101654,0.6977762753076071,0.6938053663163056,2.518705255641253,0.4924798633771233,0.48376184394468186,0.24041162018544648,0.2184534988221738,True,True,False,False,1.5187052556412528,1
2024-01-06,2023-24,L294165,1,128.5,False,1.7224532897933247,0.7395842130220742,0.7272640196845965,L296043,1,122.5,False,1.4611998738049616,0.7985489465172627,0.7897249246300241,2.516848529680947,0.5905941941695761,0.5743385231315463,0.48643612923380153,0.4455230674827588,False,False,False,False,-1.0,0
2024-01-07,2023-24,L296058,1,144.5,False,1.7224532897933247,0.6509886366474661,0.6421843553863326,L295242,1,140.5,False,1.4611998738049616,0.735966351831532,0.728653522358667,2.516848529680947,0.4791057319972184,0.46792989255588124,0.2058365571389129,0.17770866207303304,False,False,False,False,-1.0,0
2024-01-08,2023-24,L294173,1,140.5,False,1.68396673857181,0.6580994677924266,0.6499696640478458,L294175,1,145.5,False,1.4885317549607708,0.7128349751430763,0.7060438510148555,2.506637964661862,0.4691163177654861,0.4589070846471729,0.1759047719533453,0.15031392062889837,True,False,False,False,-1.0,0
2024-01-09,2023-24,L296092,1,135.5,False,1.612366425673126,0.7077267252221066,0.6978230941468757,L294184,1,130.5,False,1.5790962384482952,0.7134721122079372,0.7044597505345958,2.546081757780756,0.5049432815102227,0.4915882828199878,0.2856268777671309,0.2516239592267382,True,True,False,False,1.546081757780756,1
2024-01-10,2023-24,L295536,1,140.5,False,1.7224532897933247,0.6659973972881345,0.6562762942221895,L295545,1,118.5,False,1.4611998738049616,0.7523014013172529,0.7443547302004054,2.516848529680947,0.5010307752535067,0.48850236392267976,0.2610185700216934,0.2294864563844632,True,True,False,False,1.516848529680947,1
2024-01-11,2023-24,L294197,1,122.5,False,1.7224532897933247,0.7263143821082945,0.7162993606050604,L294200,1,134.5,False,1.4611998738049616,0.7922367575789382,0.7861516529341,2.516848529680947,0.5754129510644251,0.5631199263353072,0.4482272398458733,0.4172875586310614,False,True,False,False,-1.0,0
2024-01-12,2023-24,L295565,1,138.5,False,1.7224532897933247,0.6705324482996018,0.6602276194724216,L295567,-1,155.5,False,1.4539468735257157,0.710497678256139,0.7065506533367542,2.504355575489088,0.4764117477122716,0.4664842558892094,0.19310441661172817,0.16824244711402003,False,False,False,False,-1.0,0
2024-01-13,2023-24,L295608,1,135.5,False,1.68396673857181,0.7038156557589527,0.6937834898220174,L295582,1,133.5,False,1.4885317549607708,0.7427294964478255,0.7331252837050946,2.506637964661862,0.522744647593943,0.5086302178056771,0.3103315794827637,0.2749518139259419,True,True,False,False,1.506637964661862,1
2024-01-14,2023-24,L296137,1,150.5,False,1.7224532897933247,0.6527483392223521,0.641956334839907,L295255,1,120.5,False,1.4611998738049616,0.7373187421728323,0.7304616334080233,2.516848529680947,0.4812835844308299,0.46892447292378636,0.21131788183431022,0.1802118702096449,True,True,False,False,1.516848529680947,1
2024-01-15,2023-24,L296143,1,119.5,False,1.4611998738049616,0.7705064520239465,0.7630155649351924,L295619,1,142.5,False,1.7224532897933247,0.6575810412717182,0.64837373937592,2.516848529680947,0.506670435028484,0.49471925503906083,0.2752127394342456,0.24513342964991391,True,False,False,False,-1.0,0
2024-01-16,2023-24,L296144,1,134.5,False,1.7224532897933247,0.6904989562208681,0.6799564759022061,L295639,-1,155.5,False,1.4539468735257157,0.7571704138233892,0.7527374439151493,2.504355575489088,0.522825380426373,0.5118286996441794,0.3093406564779908,0.28180105764923047,True,True,False,False,1.5043555754890878,1
2024-01-17,2023-24,L298128,1,125.5,False,1.7224532897933247,0.6816580959828565,0.6735014611500699,L296160,1,133.5,False,1.4611998738049616,0.7630144748062931,0.7548984751014283,2.516848529680947,0.520114994103817,0.5084252260007717,0.3090506581752064,0.2796292825127453,True,True,False,False,1.516848529680947,1
2024-01-18,2023-24,L294342,1,133.5,False,1.5790962384482952,0.6926514193022848,0.6843246829748076,L294373,1,135.5,False,1.612366425673126,0.6825570522071144,0.6739677090902974,2.546081757780756,0.4727741109660415,0.46121273885847514,0.20372153948165317,0.17428534086366332,True,True,False,False,1.546081757780756,1
2024-01-19,2023-24,L294382,1,120.5,False,1.7224532897933247,0.6532847625342116,0.6469697827694886,L294384,1,134.5,False,1.4611998738049616,0.7262961971858114,0.7220938039778628,2.516848529680947,0.47447823870803374,0.4671728714987516,0.19418985745792017,0.17580335473845876,True,True,False,False,1.516848529680947,1
2024-01-20,2023-24,L298134,1,135.5,False,1.6472977206485244,0.7611437645078176,0.7533275204598027,L295712,1,135.5,False,1.5474136262462153,0.7705938501415687,0.7624803860338444,2.5490509394158583,0.5865327040033267,0.5743974586101092,0.4951017401378033,0.4641683814681803,True,True,False,False,1.5490509394158583,1
2024-01-21,2023-24,L295760,1,139.5,False,1.612366425673126,0.6765179059558915,0.6672408353024549,L294456,1,128.5,False,1.5790962384482952,0.6786831480992528,0.6703199604288088,2.546081757780756,0.45914130215965865,0.44726485031642693,0.16901129367240908,0.13877287628719492,True,False,False,False,-1.0,0
2024-01-22,2023-24,L294458,1,135.5,False,1.612366425673126,0.6729313938605311,0.6672750248381482,L298036,1,139.5,False,1.5790962384482952,0.6658688672302684,0.6598048847946343,2.546081757780756,0.4480840649535974,0.4402713208896711,0.14085866373060196,0.12096677859122895,True,False,False,False,-1.0,0
2024-01-23,2023-24,L296212,-1,158.5,False,1.7280496622999064,0.6626044626911042,0.6578914836199803,L295774,-1,151.5,False,1.4539468735257157,0.7430837218857494,0.7378615129904968,2.512492403798118,0.4923705902746129,0.4854328054874013,0.23707736791856027,0.21964623634150504,True,True,False,False,1.512492403798118,1
2024-01-24,2023-24,L296218,1,134.5,False,1.68396673857181,0.6737052103659441,0.6655164054029407,L295811,1,139.5,False,1.4885317549607708,0.7426671530505146,0.7318382002033488,2.506637964661862,0.5003387305777737,0.4870503283358903,0.25416805725697067,0.22085884370776787,False,True,False,False,-1.0,0
2024-01-25,2023-24,L294496,1,125.5,False,1.4885317549607708,0.7359129244624596,0.7274895752361827,L298143,1,146.5,False,1.68396673857181,0.6564919069325198,0.6476726074903368,2.506637964661862,0.4831208791166475,0.47117507011525606,0.21100913711460278,0.1810653187531155,True,True,False,False,1.506637964661862,1
2024-01-26,2023-24,L294581,1,134.5,False,1.7224532897933247,0.6700068038659525,0.6629368972073749,L295833,-1,142.5,False,1.4539468735257157,0.7280796583223293,0.7243522341267472,2.504355575489088,0.4878183248323586,0.4801998225772158,0.22167054161966426,0.2025911030201213,False,True,False,False,-1.0,0
2024-01-27,2023-24,L294597,1,121.5,False,1.4611998738049616,0.7739339634129287,0.7623257426749303,L294576,1,146.5,False,1.7224532897933247,0.6772519150727577,0.6671596439140914,2.516848529680947,0.5241482588612556,0.5085929710295518,0.3192017746497795,0.28005147134179187,True,True,False,False,1.516848529680947,1
2024-01-28,2023-24,L294556,-1,156.5,False,1.805525520466094,0.8192145454103631,0.8159893865712489,L296266,1,134.5,False,1.4104427958213115,0.7373377805205715,0.7312253583588305,2.5465904630129264,0.6040378346830461,0.5966721316125637,0.5382369891028236,0.5194795599101483,True,False,False,False,-1.0,0
2024-01-29,2023-24,L296298,1,129.5,False,1.7224532897933247,0.6688819345894657,0.6575885109949189,L294606,-1,153.5,False,1.4539468735257157,0.7291329298062552,0.7263024986430651,2.504355575489088,0.48770384466169303,0.47760817861458227,0.22138384256597488,0.19610070501261712,False,False,False,False,-1.0,0
2024-01-30,2023-24,L296281,1,127.5,False,1.7224532897933247,0.6298514847166079,0.6251205991218052,L294617,1,130.5,False,1.4611998738049616,0.7248553398665423,0.718188160956575,2.516848529680947,0.45655121201970306,0.4489542134593616,0.1490702466958438,0.12994975203926007,False,False,False,False,-1.0,0
2024-01-31,2023-24,L296333,1,133.5,False,1.7224532897933247,0.6791691303470601,0.6681376356509438,L296318,1,121.5,False,1.4611998738049616,0.7622653320346614,0.7549305759801748,2.516848529680947,0.517707082651694,0.5043975301159991,0.30299030977732855,0.2694921820471534,True,True,False,False,1.516848529680947,1
2024-02-01,2023-24,L294644,1,162.5,False,1.7224532897933247,0.6561610834039676,0.6469007789195824,L294651,1,133.5,False,1.4611998738049616,0.740516464617087,0.732105740669739,2.516848529680947,0.4858980857016236,0.473599773890752,0.2229318825729183,0.19197889457416806,True,True,False,False,1.516848529680947,1
2024-02-02,2023-24,L296357,1,143.5,False,1.7224532897933247,0.6961641682052975,0.6849722332921404,L294678,1,134.5,False,1.4611998738049616,0.7242200311048004,0.7188925138926076,2.516848529680947,0.504176035551688,0.4924214107380205,0.26893471377863487,0.23935010359940456,True,False,False,False,-1.0,0
2024-02-03,2023-24,L296492,1,133.5,False,1.612366425673126,0.7322282695381921,0.724719340461101,L296474,1,125.5,False,1.5790962384482952,0.7409721573187524,0.7314357274041019,2.546081757780756,0.5425607605294911,0.5300856179539863,0.3814040548717905,0.34964132193458397,False,False,False,False,-1.0,0
2024-02-04,2023-24,L296509,1,150.5,False,1.7224532897933247,0.6454616162173211,0.6360181182838173,L296511,-1,154.5,False,1.4539468735257157,0.7305665272263497,0.7250562786613927,2.504355575489088,0.47155265141779523,0.461148930004086,0.18093551171481792,0.15488089398656002,True,True,False,False,1.5043555754890878,1
2024-02-05,2023-24,L296528,1,130.5,False,1.68396673857181,0.6619386771273768,0.6528582931604097,L296519,1,131.5,False,1.4885317549607708,0.7083071540579432,0.7010006123904753,2.506637964661862,0.46885590055697196,0.45765406330964764,0.17525200029183252,0.1471730497737258,True,False,False,False,-1.0,0
2024-02-06,2023-24,L296547,1,130.5,False,1.68396673857181,0.6545860328471191,0.6462334789795304,L296545,1,123.5,False,1.4885317549607708,0.7309009958919815,0.723561471564082,2.506637964661862,0.47843758330494074,0.4675896470244053,0.19926981003323663,0.1720779611142138,False,True,False,False,-1.0,0
2024-02-07,2023-24,L296606,1,152.5,False,1.7224532897933247,0.740802175058103,0.7379532415825211,L296579,1,123.5,False,1.4885317549607708,0.7821647482929708,0.7751460298423866,2.563926418294011,0.5794293467892064,0.5720215254220108,0.4856142097676881,0.46662110086233266,True,True,False,False,1.563926418294011,1
2024-02-08,2023-24,L298166,-1,156.5,False,1.8469108955803146,0.8898459934003242,0.8850874546363835,L296655,1,122.5,False,1.4104427958213115,0.7781114304662095,0.7721794808660389,2.6049621671951413,0.6923993388193515,0.6834463712421665,0.8036740822153405,0.7803519403926489,True,True,False,False,1.6049621671951413,1
2024-02-09,2023-24,L296726,-1,144.5,False,1.7280496622999064,0.604542508762165,0.6007573059100417,L296677,-1,151.5,False,1.4539468735257157,0.7071427270754895,0.7045610513259561,2.512492403798118,0.42749783827913534,0.42327019904372803,0.07408507131644382,0.0634631598514841,True,True,False,False,1.512492403798118,1
2024-02-10,2023-24,L296748,1,143.5,False,1.7224532897933247,0.7370071126853485,0.7330310829947603,L296813,1,134.5,False,1.4611998738049616,0.8015155933302213,0.793918975017909,2.516848529680947,0.5907226932125903,0.5819672860674678,0.4867595418612771,0.4647235082613175,False,True,False,False,-1.0,0
2024-02-11,2023-24,L296816,1,124.5,False,1.4611998738049616,0.7202106138650951,0.7149329117964476,L296814,1,146.5,False,1.7224532897933247,0.6240977193836158,0.6184122437890077,2.516848529680947,0.4494818015890798,0.4421232661426499,0.1312776114478187,0.11275729232886644,True,True,False,False,1.516848529680947,1
2024-02-12,2023-24,L296837,-1,145.5,False,1.4539468735257157,0.7651619973949367,0.76210996094261,L296839,1,131.5,False,1.7224532897933247,0.6500878335217593,0.640450575012975,2.504355575489088,0.4974225051796564,0.48809376270881044,0.24572282422042235,0.22236033600125737,True,True,False,False,1.5043555754890878,1
2024-02-13,2023-24,L296854,1,152.5,False,1.7224532897933247,0.6486105719473453,0.6426591421658246,L296862,-1,159.5,False,1.4539468735257157,0.7444316785277959,0.7417616497338361,2.504355575489088,0.482846256785636,0.47669990550945396,0.20921871528514346,0.19382606619772247,True,False,False,False,-1.0,0
2024-02-14,2023-24,L296893,1,128.5,False,1.612366425673126,0.694556613326985,0.6847514877946856,L296878,1,119.5,False,1.5790962384482952,0.7014251525069095,0.6935914550519432,2.546081757780756,0.48717947842756304,0.47493778076849896,0.24039878278956173,0.209230419695551,False,False,False,False,-1.0,0
2024-02-15,2023-24,L296905,1,143.5,False,1.6472977206485244,0.7051719637874355,0.6954646232230831,L296959,1,128.5,False,1.5474136262462153,0.7424470921322229,0.7315597925892325,2.5490509394158583,0.5235528739671507,0.5087739555182275,0.33456294521983776,0.2968907292640597,True,True,False,False,1.5490509394158583,1
2024-02-16,2023-24,L296974,1,129.5,False,1.4611998738049616,0.7317946526682834,0.7233055387659257,L296975,1,135.5,False,1.7224532897933247,0.6360492939927604,0.6279091877842209,2.516848529680947,0.46545747217733896,0.45417019336634074,0.17148595447854587,0.1430775833989859,True,True,False,False,1.516848529680947,1
2024-02-17,2023-24,L297017,1,147.5,False,1.7224532897933247,0.7292511220381489,0.7222131313779683,L297054,-1,175.5,False,1.4539468735257157,0.8000986651148183,0.7971568345077182,2.504355575489088,0.5834728492762064,0.575717133649168,0.46122348323137174,0.44180041355889044,False,True,False,False,-1.0,0
2024-02-18,2023-24,L297128,1,127.5,False,1.68396673857181,0.679841779518055,0.6716915136891601,L297136,1,131.5,False,1.4885317549607708,0.720372487380511,0.7152789699203035,2.506637964661862,0.4897393137366142,0.48044681401579187,0.2275991565996438,0.20430622401282061,True,True,False,False,1.506637964661862,1
2024-02-19,2023-24,L297148,1,122.5,False,1.612366425673126,0.7043056112295965,0.6940102205340936,L297153,1,123.5,False,1.5790962384482952,0.7094533159116398,0.7013440783972045,2.546081757780756,0.4996719513020115,0.4867399585187245,0.27220564008476567,0.2392797291674862,True,False,False,False,-1.0,0
2024-02-20,2023-24,L297168,1,133.5,False,1.7224532897933247,0.7008589853650102,0.6898204704247951,L297182,-1,157.5,False,1.4539468735257157,0.7274994694177844,0.724818284977832,2.504355575489088,0.5098745399897316,0.49999449031590126,0.2769071470232183,0.252163989536452,False,False,False,False,-1.0,0
2024-02-21,2023-24,L297183,1,127.5,False,1.7224532897933247,0.684670254916503,0.6732970617923151,L297198,1,141.5,False,1.4611998738049616,0.7427007932748128,0.7369010391494898,2.516848529680947,0.5085051414581551,0.4961533044910552,0.2798304176141597,0.2487427149046555,True,True,False,False,1.516848529680947,1
2024-02-22,2023-24,L297275,1,140.5,False,1.7224532897933247,0.700641872685716,0.696359270848523,L297272,1,135.5,False,1.4611998738049616,0.7757188443899456,0.766312481081677,2.516848529680947,0.543501103810971,0.5336288005681592,0.3679099540066144,0.34306286210537884,True,True,False,False,1.516848529680947,1
2024-02-23,2023-24,L297286,1,130.5,False,1.7224532897933247,0.6414943909966623,0.6356269562915108,L297294,1,135.5,False,1.4611998738049616,0.7264491961053886,0.7217694011999359,2.516848529680947,0.4660130846456412,0.4587760876290616,0.17288434690246457,0.15466992160198112,False,False,False,False,-1.0,0
2024-02-24,2023-24,L297374,1,142.5,False,1.7224532897933247,0.7293836097926055,0.7216141455390293,L297350,1,138.5,False,1.4611998738049616,0.8006093860260882,0.7904646713632457,2.516848529680947,0.5839513640135499,0.5704104884045781,0.46971713192268627,0.43563679905565333,True,False,False,False,-1.0,0
2024-02-25,2023-24,L297442,1,125.5,False,1.7224532897933247,0.6613613955739296,0.6536948523036347,L297328,1,117.5,False,1.4611998738049616,0.7522810884336532,0.742482866172704,2.516848529680947,0.49752967051035557,0.48535722754074506,0.2522068196966343,0.221570624505945,False,False,False,False,-1.0,0
2024-02-26,2023-24,L297465,1,135.5,False,1.7224532897933247,0.6336191329957773,0.6277345819985259,L297469,1,133.5,False,1.4611998738049616,0.7175786482729122,0.7125741625249231,2.516848529680947,0.4546715609749645,0.4473074440555323,0.14433944972758028,0.12580508288650893,True,True,False,False,1.516848529680947,1
2024-02-27,2023-24,L297499,1,130.5,False,1.7224532897933247,0.6888148363396466,0.6804692540802094,L297483,1,127.5,False,1.4611998738049616,0.7485051979401249,0.7403215279990442,2.516848529680947,0.5155814854185019,0.5037660379370305,0.29764050350627524,0.2679028118850111,True,True,False,False,1.516848529680947,1
2024-02-28,2023-24,L297545,1,143.5,False,1.7224532897933247,0.7030912021991522,0.6981355063161083,L297540,1,136.5,False,1.4611998738049616,0.7674538298135442,0.7579924275817445,2.516848529680947,0.5395900358359483,0.5291814272135572,0.3580663883241961,0.3318694970169065,True,True,False,False,1.516848529680947,1
2024-02-29,2023-24,L297570,1,138.5,False,1.68396673857181,0.6782139838761034,0.6682084944198741,L297573,1,126.5,False,1.4885317549607708,0.7301183310466991,0.7249301859846334,2.506637964661862,0.4951764620001535,0.4844045081363112,0.24122811885652662,0.21422673034783357,True,True,False,False,1.506637964661862,1
2024-03-01,2023-24,L297624,1,131.5,False,1.7224532897933247,0.628129643153128,0.6196934499193675,L297608,-1,139.5,False,1.4539468735257157,0.7147258224307302,0.7119026671925794,2.504355575489088,0.44894047579574053,0.44116141983936885,0.12430658362178693,0.1048250614654056,True,True,False,False,1.5043555754890878,1
2024-03-02,2023-24,L297683,1,128.5,False,1.7224532897933247,0.7174875160118694,0.7102202371182594,L297701,1,133.5,False,1.4611998738049616,0.7631205638455402,0.7551236843775584,2.516848529680947,0.5475294777711138,0.5363041221722432,0.3780487610852048,0.34979624135104137,True,False,False,False,-1.0,0
2024-03-03,2023-24,L297770,1,133.5,False,1.7224532897933247,0.6690103314751622,0.6591046963921661,L297773,1,125.5,False,1.4611998738049616,0.7158827223460714,0.7106306069659027,2.516848529680947,0.47893293737408676,0.468379970451242,0.20540165924574727,0.1788414399622138,False,True,False,False,-1.0,0
2024-03-04,2023-24,L297987,-1,151.5,False,1.5923832210077615,0.6762712063556706,0.6717513084856465,L297787,-1,149.5,False,1.5923832210077615,0.6746969815200682,0.6689554235883655,2.5356843225470533,0.4562781416171061,0.4493716811140544,0.1569773304194002,0.13946472679752153,False,False,False,False,-1.0,0
2024-03-05,2023-24,L297813,1,131.5,False,1.4611998738049616,0.7531773570786144,0.7444762233345397,L297806,1,133.5,False,1.7224532897933247,0.6540180830346188,0.6453679597140547,2.516848529680947,0.49259161126163603,0.4804611013090368,0.23977847253701712,0.20924781639853784,True,False,False,False,-1.0,0
2024-03-06,2023-24,L303120,1,136.5,False,1.7224532897933247,0.6670170170265018,0.6594680520503374,L297847,1,128.5,False,1.4611998738049616,0.7285556381343883,0.7220102715832545,2.516848529680947,0.4859590084862392,0.47614270736134395,0.22308521599380216,0.19837907294070378,True,False,False,False,-1.0,0
2024-03-07,2023-24,L297876,1,125.5,False,1.612366425673126,0.7183036629366877,0.7102802950321424,L303145,1,131.5,False,1.5790962384482952,0.7229441754055601,0.7143304944551412,2.546081757780756,0.519293449292557,0.5073748743520539,0.3221635781788257,0.29181791194406737,False,True,False,False,-1.0,0
2024-03-08,2023-24,L303125,-1,147.5,False,1.4539468735257157,0.7786183565177357,0.775294628335824,L297885,1,126.5,False,1.7224532897933247,0.6747489689011892,0.6646774594453898,2.504355575489088,0.5253719332278807,0.5153208638839132,0.31571813018472383,0.29054667863353134,True,True,False,False,1.5043555754890878,1
2024-03-09,2023-24,L297938,-1,164.5,False,1.7659286754313095,0.7790984299165503,0.7745004727649417,L303223,1,127.5,False,1.4611998738049616,0.7905054299491601,0.7831944060970768,2.5803747576887925,0.6158815393138981,0.6065844377890437,0.5892051777721006,0.5652151716776959,True,False,False,False,-1.0,0
2024-03-10,2023-24,L303251,-1,148.5,False,1.5923832210077615,0.6913435178924917,0.6888167702676447,L297947,-1,154.5,False,1.5923832210077615,0.6980392888245308,0.6928966149116659,2.5356843225470533,0.4825849375631242,0.4772788084128376,0.2236830604761626,0.21022839197637122,True,True,False,False,1.5356843225470533,1
2024-03-11,2023-24,L303312,-1,155.5,False,1.6918202619775498,0.6539855975774602,0.6512942839857543,L303317,-1,161.5,False,1.479161010479108,0.7061440146920264,0.7029975294993933,2.502474568255742,0.4618080154241117,0.45785827261906153,0.15566281401549498,0.14577868309470565,True,False,False,False,-1.0,0
2024-03-12,2023-24,L303254,-1,169.5,False,1.624049385268904,0.693394812413938,0.6819684593231992,L303324,-1,147.5,False,1.5621171562101654,0.7037984395990369,0.6981187098488034,2.536955407261128,0.4880101870029964,0.476094940980288,0.23806008271576573,0.20783163488960876,True,True,False,False,1.5369554072611278,1
2024-03-13,2023-24,L303306,1,132.5,False,1.7628404958138189,0.7009733400851598,0.691481417646785,L303336,-1,157.5,False,1.4298684613904653,0.7636344392509101,0.7608339583644095,2.52063002742611,0.5352873834857685,0.5261025441236368,0.3492614521165833,0.3261098702233092,False,True,False,False,-1.0,0
2024-03-14,2023-24,L303245,1,128.5,False,1.7224532897933247,0.6934593006312096,0.6824981170526488,L303357,-1,157.5,False,1.4539468735257157,0.7293965102981899,0.7252085603484055,2.504355575489088,0.5058067939142277,0.49495347690824903,0.26672006445935614,0.239539499502883,False,True,False,False,-1.0,0
2024-03-15,2023-24,L303386,-1,147.5,False,1.624049385268904,0.723536497316687,0.7208167627547553,L303404,-1,141.5,False,1.5621171562101654,0.7309176941937984,0.7263341083364866,2.536955407261128,0.5288456282837702,0.523553800649468,0.3416577762809194,0.32823264554978215,False,True,False,False,-1.0,0
2024-03-16,2023-24,L303444,-1,154.5,False,1.4539468735257157,0.7566303281174114,0.7533337610351971,L303436,1,124.5,False,1.7224532897933247,0.6520532223965685,0.6485778562151105,2.504355575489088,0.493363243611931,0.48859559574667455,0.2355569898809209,0.22361710436759696,False,True,False,False,-1.0,0
2024-03-17,2023-24,L303449,-1,158.5,False,1.4539468735257157,0.7393211633129902,0.734209339616543,L303446,1,131.5,False,1.7224532897933247,0.6222281475031303,0.6156258393286149,2.504355575489088,0.46002643785810116,0.4519982409443424,0.1520697745223203,0.13196431482022386,False,False,False,False,-1.0,0
2024-03-19,2023-24,L303486,-1,158.5,False,1.6571746619507302,0.716173372669849,0.7135238063505035,L303485,1,141.5,False,1.517248029378774,0.734408060213781,0.7288022568348161,2.5143449901811814,0.5259634973992251,0.5200177603736152,0.32245368470391433,0.30750405060063724,False,True,False,False,-1.0,0
2024-03-20,2023-24,L303498,1,117.5,False,1.7224532897933247,0.8078970097800381,0.8048208709084358,L303495,1,124.5,False,1.4611998738049616,0.8192647484316239,0.8163181968607427,2.516848529680947,0.661881540476104,0.6569899221358668,0.6658555819702427,0.6535441195428564,True,True,False,False,1.516848529680947,1
2024-03-21,2023-24,L303459,-1,151.5,False,1.6918202619775498,0.655424304203377,0.65228576584894,L303512,-1,151.5,False,1.479161010479108,0.7244292549642336,0.7187416790060106,2.502474568255742,0.47480854037950365,0.46882496653798866,0.18819629709033725,0.1732225557246656,True,True,False,False,1.5024745682557419,1
2024-03-22,2023-24,L303473,1,124.5,False,1.7224532897933247,0.6288500575629689,0.6261324098389135,L303469,-1,139.5,False,1.4539468735257157,0.7325946670458453,0.7299507134288598,2.504355575489088,0.4606921985421038,0.4570457992628461,0.1537370760032437,0.14460519563777519,True,False,False,False,-1.0,0
2024-03-23,2023-24,L303513,-1,154.5,False,1.624049385268904,0.660687165914218,0.6552009876552574,L303517,-1,141.5,False,1.5621171562101654,0.6849607535661495,0.6796377557309111,2.536955407261128,0.4525447790360864,0.4452993288026955,0.14808592420339162,0.12970454005574905,True,True,False,False,1.5369554072611278,1
2024-03-24,2023-24,L303503,-1,157.5,False,1.479161010479108,0.7628053445612231,0.7558809656181738,L303540,-1,173.5,False,1.6918202619775498,0.6596382986475569,0.6541230145069055,2.502474568255742,0.5031756196856285,0.49443913583855037,0.2591841916296087,0.23732136298631823,False,True,False,False,-1.0,0
2024-03-25,2023-24,L303545,-1,162.5,False,1.624049385268904,0.6983950020206855,0.6880384124196971,L303543,-1,160.5,False,1.5621171562101654,0.7012147917647663,0.6939460200566875,2.536955407261128,0.48972490591148854,0.47746151794477054,0.24241024812259782,0.2112985797090916,True,False,False,False,-1.0,0
2024-03-26,2023-24,L303557,-1,165.5,False,1.624049385268904,0.6654252799295943,0.6578520238604344,L303558,-1,151.5,False,1.5621171562101654,0.679816597933925,0.6747384816780422,2.536955407261128,0.45236714998096655,0.4438780757484167,0.14763528721151875,0.12609888443461026,True,True,False,False,1.5369554072611278,1
2024-03-27,2023-24,L303561,-1,154.5,False,1.6918202619775498,0.6259560635272765,0.6211798871805086,L303554,-1,147.5,False,1.479161010479108,0.6789582244492395,0.6764566567001059,2.502474568255742,0.42499801747571503,0.42020126969147586,0.06354673029208602,0.05154299095169068,True,False,False,False,-1.0,0
2024-03-28,2023-24,L303541,-1,151.5,False,1.5923832210077615,0.6689264277342378,0.6638227383232145,L303552,-1,178.5,False,1.5923832210077615,0.6433766791524522,0.639344322375218,2.5356843225470533,0.43037166367296675,0.4244112988105172,0.09128668044403487,0.07617307670566142,True,True,False,False,1.5356843225470533,1
2024-03-29,2023-24,L303542,1,140.5,False,1.7224532897933247,0.6268629269412799,0.6206226630578827,L303547,-1,161.5,False,1.4539468735257157,0.7144370672302914,0.7105081325284347,2.504355575489088,0.44785411107932444,0.4409574493340802,0.12158594008721546,0.10431424679325074,True,True,False,False,1.5043555754890878,1
2024-03-30,2023-24,L303564,-1,158.5,False,1.6918202619775498,0.6575136531577476,0.6506117124237415,L303565,-1,171.5,False,1.479161010479108,0.698038617960514,0.6930077226735903,2.502474568255742,0.4589699217404029,0.450878941171542,0.14856055674968638,0.12831308364386063,True,True,False,False,1.5024745682557419,1
2024-03-31,2023-24,L303587,-1,150.5,False,1.7280496622999064,0.6090354626121398,0.6046993457242111,L303586,-1,150.5,False,1.4539468735257157,0.7113631766898734,0.7078862504597783,2.512492403798118,0.4332454014005584,0.428058352500193,0.08852577999936928,0.07549335903907206,True,True,False,False,1.512492403798118,1
2024-04-02,2023-24,L303563,-1,169.5,False,1.6571746619507302,0.6271554082725895,0.6228320086988263,L303562,1,139.5,False,1.517248029378774,0.6505026203562395,0.6467867801259451,2.5143449901811814,0.4079662364519067,0.40283950946568853,0.025767862785923024,0.012877502472098623,False,True,False,False,-1.0,0
2024-04-06,2023-24,L303589,1,145.5,True,1.8695652173913042,0.5357438987414186,0.532801282930039,L303588,-1,161.5,True,1.9090909090909092,0.5115631359663328,0.5098405767199612,3.569169960474308,0.27406682891498957,0.2716437133661863,,,False,True,False,False,-1.0,0
2024-11-13,2024-25,L323286,1,148.5,False,1.7203018177211025,0.6007130580235538,0.5956479606686901,L323282,-1,145.5,False,1.4532944812546762,0.6861917014556137,0.6834749844126664,2.5001051377864663,0.4122043153717872,0.4071104806334695,0.030554126678757898,0.01781900427845451,True,True,False,False,1.5001051377864663,1
2024-11-14,2024-25,L323327,1,140.5,False,1.7203018177211025,0.6081730500586281,0.6060177084443141,L323334,-1,149.5,False,1.4532944812546762,0.7029308365150094,0.7002132113526137,2.5001051377864663,0.4275035908235961,0.42434160576634516,0.06880392384023581,0.060898628752998674,False,True,False,False,-1.0,0
2024-11-15,2024-25,L323382,-1,174.5,False,1.6924735793774883,0.6634203296669821,0.6578823663399646,L323348,1,135.5,False,1.486692462057507,0.7127561785303637,0.709160203354872,2.5161877126919996,0.4728569389327922,0.4665439926972336,0.18979681960384287,0.17391226185504527,True,True,False,False,1.5161877126919996,1
2024-11-16,2024-25,L323447,-1,153.5,False,1.767086780152719,0.8337167966524034,0.8301341196821248,L318156,1,134.5,False,1.459406668796299,0.8039081557654142,0.7996844023583947,2.5788982312966575,0.6702317324274825,0.663845307375312,0.7284594293161293,0.7119894890447782,True,True,False,False,1.5788982312966575,1
2024-11-17,2024-25,L323469,-1,147.5,False,1.56199284182177,0.6924717497462177,0.6898790183351968,L323467,-1,147.5,False,1.6242784512054376,0.663751070210582,0.6608720375792667,2.5371113139082446,0.45962886498464633,0.4559217525303658,0.16612959355135115,0.1567242366016659,False,False,False,False,-1.0,0
2024-11-18,2024-25,L323512,1,145.5,False,1.6452322339142178,0.748245983356335,0.744282839442631,L323508,-1,162.5,False,1.5329171263794985,0.7169714867927336,0.7131677676171917,2.5220046682387056,0.5364710351736824,0.5307985310810859,0.3529824550828782,0.33867637328074607,True,True,False,False,1.5220046682387056,1
2024-11-19,2024-25,L323527,1,146.5,False,1.7203018177211025,0.648998624277289,0.6399506159297214,L323545,-1,151.5,False,1.4532944812546762,0.7246301296389822,0.7203443714537484,2.5001051377864663,0.4702839572455731,0.4609848241933343,0.1757593377282083,0.15251052740734572,False,True,False,False,-1.0,0
2024-11-20,2024-25,L323593,-1,160.5,False,1.4532944812546762,0.7490686330728824,0.7464105887803348,L323606,1,161.5,False,1.7203018177211025,0.639253711361299,0.636524108930167,2.5001051377864663,0.4788449037561752,0.47510833491944393,0.19716260408367958,0.18782078913727496,True,True,False,False,1.5001051377864663,1
2024-11-21,2024-25,L323627,-1,163.5,False,1.59242730340524,0.6843118750396284,0.6816949565692862,L323652,-1,152.5,False,1.59242730340524,0.6807315818198789,0.6779759923528196,2.5358247166304846,0.46583270515385355,0.4621728146619741,0.18127008754398277,0.17198924677451388,False,True,False,False,-1.0,0
2024-11-22,2024-25,L323720,1,153.5,False,1.7203018177211025,0.6684115630224842,0.6643136027179911,L352867,-1,165.5,False,1.4532944812546762,0.7379632375042771,0.7321691571324865,2.5001051377864663,0.49326316103336654,0.4863899305736771,0.23320976318031272,0.21602596439485255,False,True,False,False,-1.0,0
2024-11-23,2024-25,L323745,1,134.5,False,1.7203018177211025,0.6345068132922026,0.6270221974364647,L323722,-1,154.5,False,1.4532944812546762,0.723124020175758,0.7203981965293089,2.5001051377864663,0.45882711765676665,0.4517056602170734,0.14711603420943775,0.12931164187593303,True,True,False,False,1.5001051377864663,1
2024-11-24,2024-25,L323794,1,136.5,False,1.7203018177211025,0.6398146433514207,0.6370914153509574,L352990,-1,152.5,False,1.4532944812546762,0.7332393611967765,0.727441166972921,2.5001051377864663,0.4691372803753391,0.46344652265133035,0.17289252499355534,0.15866503236986307,False,True,False,False,-1.0,0
2024-11-25,2024-25,L323811,1,143.5,False,1.7203018177211025,0.6707845593010543,0.667171212697123,L323833,1,138.5,False,1.459406668796299,0.7359785204842184,0.7277984435786512,2.510619945124572,0.49368302751804843,0.4855661702014474,0.23945045545629529,0.21907211158550632,True,True,False,False,1.510619945124572,1
2024-11-26,2024-25,L323851,-1,154.5,False,1.4532944812546762,0.7457793877088033,0.7430776036800526,L323879,1,137.5,False,1.7203018177211025,0.6410347540567869,0.6359385233590589,2.5001051377864663,0.47807050638053383,0.4725516740254806,0.19522652922615014,0.18142886810069925,True,True,False,False,1.5001051377864663,1
2024-11-27,2024-25,L323921,-1,160.5,False,1.848665035446186,0.9254482139799165,0.9224665340613823,L340783,-1,168.5,False,1.4060366757642337,0.9130085849211292,0.9098841881834367,2.599290841040325,0.84494216426359,0.8393377134708295,1.196250428779139,1.1816828311644554,True,True,False,False,1.5992908410403248,1
2024-11-28,2024-25,L353387,-1,153.5,False,1.6242784512054376,0.6856340171653604,0.6765705483574683,L323955,-1,133.5,False,1.56199284182177,0.6943216363013642,0.6892069735299955,2.5371113139082446,0.4760505327021307,0.4662971400129802,0.20779319251062267,0.18304774956998893,True,True,False,False,1.5371113139082446,1
2024-11-29,2024-25,L323990,-1,158.5,False,1.6576064141958884,0.6959913707231488,0.690083817429563,L323985,1,153.5,False,1.515362771355194,0.7136620859108813,0.7104729215774352,2.5118750496320272,0.49670265340625586,0.49028586590249107,0.2476550021771986,0.2315368337477013,True,True,False,False,1.5118750496320272,1
2024-11-30,2024-25,L324003,1,144.5,False,1.7203018177211025,0.6691393597334486,0.6592049007973962,L353746,-1,153.5,False,1.4532944812546762,0.7302476999877126,0.727302182246189,2.5001051377864663,0.48863747841660143,0.47944116289732885,0.22164507030436864,0.19865331462592994,True,True,False,False,1.5001051377864663,1
2024-12-01,2024-25,L324084,-1,153.5,False,1.4532944812546762,0.7712987458054104,0.7657380383687971,L324074,1,125.5,False,1.7203018177211025,0.6512275303499653,0.643631160130313,2.5001051377864663,0.502290977392883,0.49285286199121897,0.25578025324373277,0.23218397243701072,True,True,False,False,1.5001051377864663,1
2024-12-02,2024-25,L318380,-1,151.5,False,1.7289446624671923,0.6558422039307653,0.6522053336369835,L324094,-1,140.5,False,1.4532944812546762,0.7245449801570258,0.7188116702989528,2.5126657363582994,0.47518717663315646,0.4688128052494859,0.19398653708297142,0.1779698725163994,True,True,False,False,1.5126657363582994,1
2024-12-03,2024-25,L324122,-1,142.5,False,1.4532944812546762,0.7553366077130834,0.7524810244238475,L324143,1,139.5,False,1.7203018177211025,0.6113502451362244,0.6087243743284495,2.5001051377864663,0.4617752202857577,0.4580535407864373,0.15448660073890008,0.14518201070145453,True,True,False,False,1.5001051377864663,1
2024-12-04,2024-25,L324199,1,115.5,False,1.5771198809741,0.7135067958641692,0.7069447138600765,L324182,-1,146.5,False,1.59242730340524,0.6700472894605916,0.6663752454991885,2.5114487592063792,0.4780832945804982,0.471090457252862,0.20068169697148996,0.183119544341666,True,False,False,False,-1.0,0
2024-12-05,2024-25,L324213,1,143.5,False,1.7203018177211025,0.6264140249965351,0.6221126253851569,L324232,1,129.5,False,1.459406668796299,0.7172394940686199,0.714173562648111,2.510619945124572,0.4492888783660026,0.4442963900396872,0.12799361914833418,0.11545937838048492,False,True,False,False,-1.0,0
2024-12-06,2024-25,L324245,1,133.5,False,1.7203018177211025,0.633260295894612,0.6251461954726175,L324244,1,135.5,False,1.459406668796299,0.7132940649786259,0.7091051884279036,2.510619945124572,0.4517008106482352,0.4432944107355975,0.13404906444239684,0.11294378915503533,False,False,False,False,-1.0,0
2024-12-07,2024-25,L324342,1,128.5,False,1.459406668796299,0.7847690996152084,0.780053216284684,L318471,1,134.5,False,1.7203018177211025,0.68702569540122,0.6827486079082905,2.510619945124572,0.5391565363925278,0.5325802475127527,0.3536171538113626,0.3371065917848981,True,True,False,False,1.510619945124572,1
2024-12-08,2024-25,L324379,1,141.5,False,1.7203018177211025,0.6350213122010647,0.6316099628261835,L324378,-1,149.5,False,1.4532944812546762,0.7308535151537288,0.7279159850436894,2.5001051377864663,0.4641075582196816,0.4597589882540294,0.16031769079055724,0.14944580867740642,True,True,False,False,1.5001051377864663,1
2024-12-09,2024-25,L318419,-1,147.5,False,1.6924735793774883,0.6467649558535693,0.6430316918463697,L324384,-1,146.5,False,1.478620714179206,0.6753398690874008,0.6725647363933439,2.502526492668579,0.4367861606164681,0.43248044031921956,0.09306893857370446,0.0822937594598192,True,False,False,False,-1.0,0
2024-12-10,2024-25,L324392,1,139.5,False,1.6452322339142178,0.6232388334938488,0.6204657970201026,L324391,1,137.5,False,1.5454826392688765,0.6400782806219983,0.637221304615407,2.542677855079975,0.39892164095960264,0.39537402464638816,0.014329222380146334,0.005308776942215543,False,True,False,False,-1.0,0
2024-12-15,2024-25,L324584,-1,144.5,False,1.6924735793774883,0.5978093863635501,0.5947639788534602,L324545,-1,151.5,False,1.478620714179206,0.6816558135623435,0.6779681838265483,2.502526492668579,0.40750024361685105,0.40323105454873204,0.019780155420069834,0.009096396674890705,False,True,False,False,-1.0,0
2024-12-16,2024-25,L324589,1,135.5,False,1.7203018177211025,0.6246675177871551,0.620342784559607,L324596,1,128.5,False,1.459406668796299,0.7258158790656888,0.7209446839839825,2.510619945124572,0.4533936035464658,0.4472328327760696,0.13829902405565986,0.122831670082163,True,True,False,False,1.510619945124572,1
2024-12-17,2024-25,L318032,1,135.5,False,1.7203018177211025,0.7250006137573914,0.7223536112568488,L324620,1,128.5,False,1.459406668796299,0.7328517003537611,0.7268677323149669,2.510619945124572,0.5313179325496248,0.5250555313437929,0.3339373986614398,0.3182148892897063,False,True,False,False,-1.0,0
2024-12-18,2024-25,L324685,-1,154.5,False,1.6924735793774883,0.6339263368531897,0.6309796345547626,L324667,-1,149.5,False,1.478620714179206,0.7023570762481656,0.6994413780964769,2.502526492668579,0.44524264850891604,0.4413332651437945,0.1142315235594864,0.10444818811827217,False,True,False,False,-1.0,0
2024-12-19,2024-25,L324725,-1,141.5,False,1.848665035446186,0.8397935469180091,0.8364216415213261,L324710,1,120.5,False,1.4087417232519452,0.7260097719010117,0.7220339231696032,2.6042915677500784,0.6096983214418853,0.6039247992516026,0.5878321974024792,0.5727962622461078,True,True,False,False,1.6042915677500784,1
2024-12-20,2024-25,L324730,-1,147.5,False,1.56199284182177,0.7124329877210971,0.7055746796953272,L324732,-1,156.5,False,1.6242784512054376,0.6626130799908891,0.6598923268465554,2.5371113139082446,0.4720674162809875,0.4656033171481625,0.1976875827739264,0.18128744372981154,True,False,False,False,-1.0,0
2024-12-21,2024-25,L318012,-1,149.5,False,1.56199284182177,0.7094563174578412,0.7057700361077086,L324827,-1,155.5,False,1.6242784512054376,0.6774260310210969,0.6748592260762238,2.5371113139082446,0.4806041773183087,0.47629542035543676,0.21934629578584497,0.20841449974646165,True,True,False,False,1.5371113139082446,1
2024-12-22,2024-25,L324851,1,148.5,False,1.7203018177211025,0.6708898522128306,0.665350143899367,L324889,-1,146.5,False,1.4532944812546762,0.7688970482103982,0.7654422202423554,2.5001051377864663,0.5158452270407557,0.5092870913849021,0.2896673024272194,0.2732712737797194,False,True,False,False,-1.0,0
2024-12-23,2024-25,L354575,-1,138.5,False,1.56199284182177,0.6923337910401617,0.6897309550119968,L354574,-1,152.5,False,1.6242784512054376,0.6509280329879406,0.648448389484362,2.5371113139082446,0.4506594727728563,0.44725492695504027,0.14337324709193822,0.13473553537883798,False,True,False,False,-1.0,0
2024-12-25,2024-25,L354580,-1,139.5,False,1.56199284182177,0.6678164917390585,0.6650282067568265,L354581,-1,141.5,False,1.6242784512054376,0.6165029225396398,0.614213003069109,2.5371113139082446,0.4117108188772988,0.4084689719977747,0.044556176632022826,0.036331250236024015,False,False,False,False,-1.0,0
2024-12-28,2024-25,L324921,1,134.5,False,1.6452322339142178,0.6995453678951108,0.6934390915612434,L324906,1,132.5,False,1.5454826392688765,0.7046486316640611,0.6974828875994232,2.542677855079975,0.49293368627422207,0.48366189995645686,0.25337156811240424,0.22979640236518928,True,False,False,False,-1.0,0
2024-12-29,2024-25,L324991,1,137.5,False,1.7203018177211025,0.6777645305752505,0.6700058621433099,L324990,-1,167.5,False,1.4532944812546762,0.7672225663295442,0.7634140393002868,2.5001051377864663,0.5199962425150826,0.5114918815736954,0.30004527754161514,0.2787834810584624,True,True,False,False,1.5001051377864663,1
2024-12-30,2024-25,L325016,1,138.5,False,1.5771198809741,0.6844615072978744,0.6768046612321821,L325022,1,142.5,False,1.6103451877967885,0.6675439773253031,0.6582400598379745,2.5397074109052857,0.45690815690769504,0.4454999407080916,0.16041303220154823,0.13143950097420576,True,True,False,False,1.5397074109052857,1
2024-12-31,2024-25,L325053,1,132.5,False,1.7203018177211025,0.6565980271270911,0.6481227088518258,L325037,1,125.5,False,1.459406668796299,0.735499781865868,0.7282923188813707,2.510619945124572,0.4829277057255348,0.4720227905493717,0.2124479300477775,0.1850698325066107,True,True,False,False,1.510619945124572,1
2025-01-01,2024-25,L318183,1,141.5,False,1.8473950749720967,0.8982102485280032,0.8953768000990916,L325067,1,133.5,False,1.4087417232519452,0.7474729429672069,0.7419836127678019,2.602502521443348,0.6713878578705329,0.6643549129259979,0.7472885929745099,0.7289853360231855,True,True,False,False,1.602502521443348,1
2025-01-02,2024-25,L325115,1,135.5,False,1.6818577862638875,0.6599920823822005,0.6483302111744287,L325120,1,128.5,False,1.486692462057507,0.7168064117212393,0.7088893077990844,2.5004052930912475,0.4730865563368137,0.45959435462467496,0.18290812955487956,0.14917215697839326,False,True,False,False,-1.0,0
2025-01-03,2024-25,L325140,1,122.5,False,1.7203018177211025,0.6255556257819403,0.6180510779640509,L325144,-1,157.5,False,1.4532944812546762,0.7155959586590576,0.7129432824870016,2.5001051377864663,0.44764507772599427,0.4406353642683202,0.11915975872758033,0.10163473809763812,False,True,False,False,-1.0,0
2025-01-04,2024-25,L325268,1,130.5,False,1.8029819415757815,0.7899917923755343,0.7834137079947947,L325186,1,147.5,False,1.4087417232519452,0.7846653354239578,0.7802138018553755,2.5399358873676046,0.6198791747465222,0.6112301875402357,0.5744533617705063,0.5524854887758761,True,False,False,False,-1.0,0
2025-01-05,2024-25,L325269,-1,160.5,False,1.767086780152719,0.6504167410733339,0.647645927529237,L318144,-1,134.5,False,1.4291157946466628,0.7168221757027228,0.7139576507224165,2.5253716280275658,0.4662331434496617,0.4623917649187144,0.17741195251388198,0.16771104415931326,True,True,False,False,1.5253716280275658,1
2025-01-06,2024-25,L325311,1,125.5,False,1.7203018177211025,0.6199021354716749,0.6126289292518831,L325306,-1,142.5,False,1.4532944812546762,0.7214950010210992,0.7188088498548335,2.5001051377864663,0.44725629186511767,0.4403630960233442,0.11818775319930386,0.10095403885951804,False,False,False,False,-1.0,0
2025-01-07,2024-25,L325333,-1,160.5,False,1.6242784512054376,0.6667543093792254,0.6628186221158467,L318041,1,130.5,False,1.5454826392688765,0.6762059251032488,0.6693702732446937,2.5102941476765426,0.4508632145903569,0.4436710821973557,0.131799288988806,0.11374492113334034,True,False,False,False,-1.0,0
2025-01-08,2024-25,L325345,1,131.5,False,1.7203018177211025,0.641685216613635,0.6316022905495062,L325346,-1,154.5,False,1.4532944812546762,0.7327215767637948,0.7263889232761676,2.5001051377864663,0.47017660370315983,0.45878890777101694,0.1754909425852611,0.1470205054777607,True,True,False,False,1.5001051377864663,1
2025-01-09,2024-25,L325395,1,130.5,False,1.8029819415757815,0.8668023733916564,0.861715261469409,L318171,1,123.5,False,1.4087417232519452,0.7549840025249538,0.7492116550460547,2.5399358873676046,0.6544219252613623,0.6456071172239397,0.6621897334515343,0.6398006861770282,True,True,False,False,1.5399358873676046,1
2025-01-10,2024-25,L325439,1,122.5,False,1.6452322339142178,0.641288036718341,0.6375446371049275,L325442,1,113.5,False,1.5454826392688765,0.6845173307103951,0.6782377249289344,2.542677855079975,0.4389727751109486,0.4324068242106891,0.11616635425761102,0.09947125630597875,True,True,False,False,1.5426778550799751,1
2025-01-11,2024-25,L325534,1,122.5,False,1.7203018177211025,0.7079364404166832,0.7023582016355173,L325549,1,126.5,False,1.459406668796299,0.7672290646141308,0.7610495817462252,2.510619945124572,0.5431494129871492,0.5345294155907413,0.36364174942824024,0.34200021203789666,True,True,False,False,1.510619945124572,1
2025-01-12,2024-25,L325511,1,129.5,False,1.6103451877967885,0.665266904618968,0.6565940489603055,L325584,-1,139.5,False,1.56199284182177,0.6667594649736017,0.6642356089666728,2.5153476562007175,0.44357300538838723,0.4361331479550419,0.11574031945758811,0.0970264915001553,True,True,False,False,1.5153476562007175,1
2025-01-13,2024-25,L318281,1,137.5,False,1.7203018177211025,0.6383298852169366,0.6317060728725917,L318491,1,125.5,False,1.459406668796299,0.7315234585929534,0.7246855606227783,2.510619945124572,0.4669532853571364,0.4577882695684878,0.17234223165907236,0.14933236022270968,True,True,False,False,1.510619945124572,1
2025-01-14,2024-25,L325610,-1,159.5,False,1.4532944812546762,0.7868680619167462,0.7833522665358522,L325620,1,152.5,False,1.7203018177211025,0.6726944335843895,0.6701584617793688,2.5001051377864663,0.5293217652167319,0.5249701499730488,0.323360064760553,0.31248056913215105,True,False,False,False,-1.0,0
2025-01-15,2024-25,L325673,1,130.5,False,1.7203018177211025,0.6395540012480571,0.6327130860342208,L325674,1,115.5,False,1.459406668796299,0.7324048793357304,0.7236136399494492,2.510619945124572,0.4684124711127668,0.4578398192288715,0.17600569252079956,0.14946178182823333,False,True,False,False,-1.0,0
2025-01-16,2024-25,L325714,1,116.5,False,1.459406668796299,0.7579444391078299,0.7492937666510667,L325709,1,128.5,False,1.7203018177211025,0.6560730424999913,0.6481652618626755,2.510619945124572,0.4972669142114234,0.48566619047345916,0.24844823286974926,0.21932322447533603,True,False,False,False,-1.0,0
2025-01-17,2024-25,L325746,1,140.5,False,1.7606476236054627,0.6100400509354348,0.6031256749609532,L325743,-1,149.5,False,1.4291157946466628,0.7240936996122945,0.7201975529686041,2.5161693277016792,0.44172615739351156,0.4343696352394162,0.11145780847707831,0.09294755307438551,True,True,False,False,1.5161693277016792,1
2025-01-18,2024-25,L325854,1,133.5,False,1.7203018177211025,0.6857536111305255,0.6804136790627396,L325766,1,126.5,False,1.459406668796299,0.7671631948823773,0.7632290330955666,2.510619945124572,0.5260849312170213,0.519311474376052,0.3207993211429421,0.30379374530056413,False,True,False,False,-1.0,0
2025-01-19,2024-25,L325870,1,151.5,False,1.7203018177211025,0.6162408491734794,0.6136161132038,L325872,-1,154.5,False,1.4532944812546762,0.6999220619486943,0.6963616867621284,2.5001051377864663,0.4313205658105161,0.42729875161501935,0.07834676261583673,0.06829180428245318,True,True,False,False,1.5001051377864663,1
2025-01-20,2024-25,L318310,1,115.5,False,1.459406668796299,0.7502166619002901,0.7405658623692241,L317965,1,136.5,False,1.7203018177211025,0.6406102475624659,0.6304978160404501,2.510619945124572,0.4805964815054316,0.4669251588579083,0.2065951120242293,0.17227161670912383,False,True,False,False,-1.0,0
2025-01-21,2024-25,L325912,-1,154.5,False,1.4532944812546762,0.7792480302592745,0.7762737044300311,L325928,1,129.5,False,1.7203018177211025,0.6530863821303546,0.6467900431080709,2.5001051377864663,0.5089162768642347,0.5020861027519616,0.27234419849143277,0.2552680451013629,False,False,False,False,-1.0,0
2025-01-22,2024-25,L325943,-1,150.5,False,1.6242784512054376,0.664633897233187,0.657366996604252,L325963,-1,139.5,False,1.56199284182177,0.6730350116708049,0.6697360010782473,2.5371113139082446,0.4473218827811506,0.4402623435465495,0.13490540976279464,0.11699457289970927,False,False,False,False,-1.0,0
2025-01-23,2024-25,L325991,1,146.5,False,1.7203018177211025,0.6422577285401614,0.6328467826008778,L325983,1,114.5,False,1.459406668796299,0.7339437505100599,0.7266867116248303,2.510619945124572,0.47138104607883796,0.4598813474105858,0.18345865603921552,0.154587283199779,True,True,False,False,1.510619945124572,1
2025-01-24,2024-25,L326032,-1,178.5,False,1.4532944812546762,0.7314100975404152,0.7272162128782281,L326025,1,132.5,False,1.7203018177211025,0.6178032967048243,0.6110602275465511,2.5001051377864663,0.4518675695036656,0.4443729045169112,0.12971643211519734,0.11097898167582465,True,True,False,False,1.5001051377864663,1
2025-01-25,2024-25,L326102,1,138.5,False,1.7203018177211025,0.6622205719933999,0.6567897868859585,L326044,1,119.5,False,1.459406668796299,0.7473689518894199,0.7390808990589438,2.510619945124572,0.4949230948103194,0.48542078618440626,0.24256379313356757,0.2187071075726208,True,True,False,False,1.510619945124572,1
2025-01-26,2024-25,L326170,1,125.5,False,1.7203018177211025,0.6345079513152032,0.626913460428466,L326172,1,117.5,False,1.459406668796299,0.7151359488185909,0.7103292506173667,2.510619945124572,0.4537594457967381,0.44531496854809244,0.13921751490596312,0.11801664189936223,True,True,False,False,1.510619945124572,1
2025-01-27,2024-25,L318058,1,139.5,False,1.7203018177211025,0.6282958841860903,0.6251696475498413,L326185,1,123.5,False,1.459406668796299,0.7238080896921969,0.717969120111384,2.510619945124572,0.4547656436942038,0.4488525017717036,0.14174369541608267,0.12689804336710142,False,True,False,False,-1.0,0
2025-01-28,2024-25,L326212,-1,154.5,False,1.767086780152719,0.7323879212990767,0.7296938718789117,L326203,1,144.5,False,1.459406668796299,0.7283240504691549,0.7227403090205025,2.5788982312966575,0.5334157373552282,0.5273791744521316,0.37562490161120055,0.3600572202172936,True,True,False,False,1.5788982312966575,1
2025-01-29,2024-25,L326246,-1,141.5,False,1.4532944812546762,0.7333059572821011,0.7305876270089188,L326255,1,139.5,False,1.7203018177211025,0.6164879348263522,0.6105575764771329,2.5001051377864663,0.4520742752007038,0.446065810950745,0.13023321809037247,0.11521142574884413,True,True,False,False,1.5001051377864663,1
2025-01-30,2024-25,L326285,1,121.5,False,1.7203018177211025,0.6550016025369627,0.6448611846984957,L318123,1,121.5,False,1.459406668796299,0.741313267424334,0.733452800481823,2.510619945124572,0.4855613781448508,0.4729752418391378,0.21906008055263682,0.18746107571145765,False,True,False,False,-1.0,0
2025-01-31,2024-25,L326326,1,118.5,False,1.459406668796299,0.7287811901669643,0.7233455080495638,L326320,1,129.5,False,1.7203018177211025,0.6187577614279937,0.6128861634234577,2.510619945124572,0.4509390177985398,0.44332845325808895,0.1321364921198982,0.11302925699098454,True,False,False,False,-1.0,0
2025-02-01,2024-25,L318295,1,136.5,False,1.6818577862638875,0.8412319361422331,0.8370272404034973,L326449,1,142.5,False,1.515362771355194,0.8309445843616464,0.8281879462155118,2.5486246760181563,0.699017121529451,0.6932158711562099,0.7815322848891413,0.7667470750361394,True,True,False,False,1.5486246760181563,1
2025-02-02,2024-25,L326462,1,119.5,False,1.459406668796299,0.7346877852304023,0.7294873825898022,L326458,1,136.5,False,1.7203018177211025,0.6226546198510733,0.6191352927922611,2.510619945124572,0.45745674362186317,0.45165138420799733,0.14850002456878775,0.13392497343571907,False,True,False,False,-1.0,0
2025-02-03,2024-25,L326477,1,137.5,False,1.7203018177211025,0.6456936663486667,0.6372311414856163,L317982,1,129.5,False,1.459406668796299,0.7170783104578486,0.7106632303852739,2.510619945124572,0.4630129233386357,0.4528567415102636,0.1624494801844134,0.13695116751979053,True,True,False,False,1.510619945124572,1
2025-02-04,2024-25,L317924,-1,164.5,False,1.6924735793774883,0.6293893886778951,0.6261492208228648,L326503,-1,129.5,False,1.5051443383227343,0.6994395998924883,0.6963837597316096,2.5474170257608395,0.4402198621934447,0.43604014854964446,0.12142357202967147,0.11077609833065005,True,True,False,False,1.5474170257608395,1
2025-02-05,2024-25,L326561,1,138.5,False,1.7203018177211025,0.6488502491003254,0.6448049513679983,L326518,-1,152.5,False,1.4532944812546762,0.730744599932377,0.726782312089081,2.5001051377864663,0.47414381569484043,0.46863283340172124,0.18540938966834974,0.1716313545230721,True,True,False,False,1.5001051377864663,1
2025-02-06,2024-25,L318386,1,14.5,False,1.8473950749720967,0.9999999913596701,0.9999999510276913,L326583,1,122.5,False,1.4087417232519452,0.9386090615235133,0.935952925976274,2.602502521443348,0.9386090534136213,0.9359528801404984,1.4427324281585037,1.435819730517811,True,True,False,False,1.602502521443348,1
2025-02-07,2024-25,L326626,1,141.5,False,1.7203018177211025,0.6011859492507384,0.5983167512271574,L326624,-1,154.5,False,1.4532944812546762,0.7052292466551546,0.7005791391805157,2.5001051377864663,0.42397391408976226,0.41916823453200475,0.0599793609032524,0.047964656750347334,False,False,False,False,-1.0,0
2025-02-08,2024-25,L326714,1,139.5,False,1.7203018177211025,0.6839016201874583,0.675952733609992,L326744,1,120.5,False,1.459406668796299,0.7571358566649391,0.7539200919505125,2.510619945124572,0.517806439075171,0.5096143470774454,0.3000151736560559,0.27944794409427054,True,False,False,False,-1.0,0
2025-02-09,2024-25,L326751,-1,158.5,False,1.4532944812546762,0.7067904006745567,0.704012821554651,L326756,1,149.5,False,1.7203018177211025,0.6009818153208006,0.5940700283310032,2.5001051377864663,0.4247681780487111,0.418232916846361,0.06196510430777913,0.04562626419900684,False,False,False,False,-1.0,0
2025-02-10,2024-25,L325307,-1,159.5,False,1.4532944812546762,0.7162819615448156,0.7119314888778612,L318507,1,133.5,False,1.7203018177211025,0.6030691073507304,0.5991043013996917,2.5001051377864663,0.43196752316026216,0.4265212172886134,0.07996422400986569,0.06634788671819991,True,False,False,False,-1.0,0
2025-02-11,2024-25,L326774,-1,167.5,False,1.4532944812546762,0.7478289509892814,0.744931372326496,L326790,1,133.5,False,1.7203018177211025,0.6393541691727506,0.6353453013074415,2.5001051377864663,0.47812755764308157,0.4732886472041435,0.19536916338076327,0.18327137853108533,True,False,False,False,-1.0,0
2025-02-12,2024-25,L326814,1,138.5,False,1.7203018177211025,0.6403387017758035,0.6348526334931155,L326841,-1,132.5,False,1.4532944812546762,0.7323633980859112,0.7286812350577222,2.5001051377864663,0.4689606275584484,0.46260520105341085,0.1724508743784423,0.15656163992037353,True,False,False,False,-1.0,0
2025-02-13,2024-25,L326848,1,145.5,False,1.7203018177211025,0.6485323574220403,0.6402291515353923,L326852,1,119.5,False,1.459406668796299,0.7471970716011374,0.7405327003103434,2.510619945124572,0.4845814783043306,0.47411062240390406,0.2165999244688026,0.1903115848026662,True,False,False,False,-1.0,0
2025-02-14,2024-25,L326906,1,124.5,False,1.459406668796299,0.7123778890377283,0.7077042241339456,L326900,1,145.5,False,1.7203018177211025,0.5966601099386072,0.5930747408703739,2.510619945124572,0.42504746959108386,0.4197214993411088,0.067132654780105,0.05376116764337757,False,False,False,False,-1.0,0
2025-02-15,2024-25,L326996,1,136.5,False,1.7203018177211025,0.6926033847382321,0.6889054544687514,L326947,1,128.5,False,1.459406668796299,0.7775567731630907,0.7743426428489619,2.510619945124572,0.5385384529188944,0.5334488702863982,0.35206538111470653,0.3392873734452022,True,False,False,False,-1.0,0
2025-02-16,2024-25,L327056,1,138.5,False,1.7203018177211025,0.6327448649542886,0.6248089617476897,L327061,1,137.5,False,1.459406668796299,0.703503158314288,0.699811351985545,2.510619945124572,0.44513801090248967,0.43724840425333544,0.11757236850486974,0.09776456469231576,True,False,False,False,-1.0,0
2025-02-17,2024-25,L327075,-1,137.5,False,1.4532944812546762,0.7163955779382372,0.7137068870303094,L318025,1,138.5,False,1.7203018177211025,0.6044572364859461,0.5965771166734147,2.5001051377864663,0.433030491271299,0.4257811968145005,0.0826217560455722,0.06449775772880328,False,False,False,False,-1.0,0
2025-02-18,2024-25,L327079,-1,147.5,False,1.4532944812546762,0.7313902542664766,0.7269825348719071,L327105,1,137.5,False,1.7203018177211025,0.6119342642853622,0.6041867287692345,2.5001051377864663,0.4475627571500404,0.4392331996166235,0.11895394863269249,0.09812917904790885,True,True,False,False,1.5001051377864663,1
2025-02-19,2024-25,L327125,1,139.5,False,1.8029819415757815,0.8062939167920754,0.8036551248928713,L327151,1,134.5,False,1.4087417232519452,0.7402616441461558,0.7342608324805114,2.5399358873676046,0.5968684605095455,0.590092481031069,0.5160076228860482,0.4987970694365995,True,True,False,False,1.5399358873676046,1
2025-02-20,2024-25,L327175,1,130.5,False,1.7203018177211025,0.6499139666893252,0.6418025594350774,L327182,1,127.5,False,1.459406668796299,0.7229591731234226,0.7167436432588628,2.510619945124572,0.4698612639590782,0.46000790470236014,0.17964306073710312,0.15490502046070875,False,True,False,False,-1.0,0
2025-02-21,2024-25,L327209,1,143.5,False,1.7203018177211025,0.6079863775251578,0.6029567642044058,L327239,-1,165.5,False,1.4532944812546762,0.694530761434708,0.6906257821305644,2.5001051377864663,0.4222652417244777,0.416417486869582,0.05570750034401084,0.041087498386770394,True,True,False,False,1.5001051377864663,1
2025-02-22,2024-25,L327222,1,139.5,False,1.7203018177211025,0.679326403850557,0.673064738294848,L327237,-1,152.5,False,1.4532944812546762,0.7569073686102975,0.7542478702403729,2.5001051377864663,0.5141871607660213,0.507657645392783,0.2855219624149654,0.2691974874830769,True,True,False,False,1.5001051377864663,1
2025-02-23,2024-25,L318210,-1,134.5,False,1.4532944812546762,0.7404910604731573,0.736632734008757,L327357,1,141.5,False,1.7203018177211025,0.6124517511009085,0.6068310923678533,2.5001051377864663,0.45351504666135395,0.4470116466524523,0.13383529822151985,0.11757611444618443,True,False,False,False,-1.0,0
2025-02-24,2024-25,L318066,1,148.5,False,1.7203018177211025,0.623720937923856,0.6178376472521991,L327365,-1,161.5,False,1.4532944812546762,0.7159236203114566,0.713119088148415,2.5001051377864663,0.44653655194250425,0.4405918196322503,0.11638832772090812,0.10152587192927709,False,True,False,False,-1.0,0
2025-02-25,2024-25,L327387,1,143.5,False,1.7203018177211025,0.6268933558512272,0.6238210693309837,L327400,-1,158.5,False,1.4532944812546762,0.7119665887697598,0.7092106717134898,2.5001051377864663,0.4463271240878254,0.44242055960925447,0.11586473606542991,0.10609791414146041,False,True,False,False,-1.0,0
2025-02-26,2024-25,L327461,-1,159.5,False,1.4532944812546762,0.7416042091549372,0.7373402010920747,L327459,1,143.5,False,1.7203018177211025,0.6225774820374481,0.6192806739830522,2.5001051377864663,0.4617060812040538,0.45662053668709923,0.15431374576551038,0.14159934979023037,True,True,False,False,1.5001051377864663,1
2025-02-27,2024-25,L327474,1,107.5,False,1.459406668796299,0.7595250068131066,0.7524427652030808,L317959,1,135.5,False,1.7203018177211025,0.6492133994906446,0.6456643542084528,2.510619945124572,0.49309381167129196,0.48582547207366966,0.23797115839944505,0.21972312003771588,False,False,False,False,-1.0,0
2025-02-28,2024-25,L327531,-1,142.5,False,1.4532944812546762,0.7296225218370269,0.726913255091874,L327514,1,136.5,False,1.7203018177211025,0.6202615532435719,0.6139688189457494,2.5001051377864663,0.45255679867612625,0.4463020727047681,0.1314395775103787,0.11580210497393972,True,False,False,False,-1.0,0
2025-03-01,2024-25,L327569,1,122.5,False,1.459406668796299,0.8106236182202646,0.8033538090482917,L327634,1,137.5,False,1.7203018177211025,0.7089919506477483,0.7057807953234977,2.510619945124572,0.574725620323121,0.5669916902762646,0.44291760535731983,0.42350064632748374,True,True,False,False,1.510619945124572,1
2025-03-02,2024-25,L327654,1,134.5,False,1.7203018177211025,0.6139268488821883,0.60756766031423,L318167,-1,127.5,False,1.4532944812546762,0.7256260439356409,0.722876740428228,2.5001051377864663,0.4454813106202563,0.4391965298775555,0.11375011346955155,0.09803750084486373,True,False,False,False,-1.0,0
2025-03-03,2024-25,L356075,1,141.5,False,1.7203018177211025,0.6138933066305757,0.6098522134553576,L327684,-1,154.5,False,1.4532944812546762,0.7050222382710264,0.7018448381869778,2.5001051377864663,0.43280843310029005,0.4280216280705457,0.0820665872713453,0.07009907142289906,True,True,False,False,1.5001051377864663,1
2025-03-04,2024-25,L327688,1,146.5,False,1.5771198809741,0.6587459635822345,0.6521265519588284,L327691,-1,158.5,False,1.59242730340524,0.6570303085177563,0.6520206756246539,2.5114487592063792,0.4328160636872622,0.4251999950009713,0.08699536611196401,0.06786799985974823,False,False,False,False,-1.0,0
2025-03-05,2024-25,L356061,1,124.5,False,1.6103451877967885,0.6721939884356878,0.6632952639447253,L327722,1,132.5,False,1.5771198809741,0.6779540483391088,0.6713061916702943,2.5397074109052857,0.4557166357291866,0.4452742175916762,0.1573869170342399,0.13086623030263267,True,True,False,False,1.5397074109052857,1
2025-03-06,2024-25,L317949,1,130.5,False,1.7203018177211025,0.6232985298285889,0.6160017462188253,L327758,-1,133.5,False,1.4532944812546762,0.7282350875452326,0.7252841881812291,2.5001051377864663,0.4539078594365372,0.44677632642454024,0.1348173714589438,0.11698778913535635,True,False,False,False,-1.0,0
2025-03-07,2024-25,L355025,-1,166.5,False,1.6924735793774883,0.6539344254608253,0.6447876607777108,L355040,-1,139.5,False,1.5051443383227343,0.711612149759681,0.7068997090535671,2.5474170257608395,0.4653476823040397,0.4558002098050939,0.185434608799657,0.1611132148028589,True,False,False,False,-1.0,0
2025-03-08,2024-25,L327775,1,141.5,False,1.7203018177211025,0.6869271603488947,0.681760779222771,L355015,-1,148.5,False,1.4532944812546762,0.769330168818629,0.7666754774772592,2.5001051377864663,0.5284737882373166,0.5226892709358862,0.3212400331575922,0.30677813173267143,True,True,False,False,1.5001051377864663,1
2025-03-09,2024-25,L327833,1,142.5,False,1.8029819415757815,0.8012794127288049,0.7975813376108406,L356135,-1,172.5,False,1.4060366757642337,0.756616331139158,0.7508204013246509,2.535058735596156,0.6062610894762075,0.5988403399940232,0.5369074709287027,0.5180954351292204,True,False,False,False,-1.0,0
2025-03-10,2024-25,L356153,-1,146.5,False,1.4532944812546762,0.7248563675325089,0.721957465154906,L356157,1,135.5,False,1.7203018177211025,0.6059743142942191,0.6012246949232772,2.5001051377864663,0.4392443402773106,0.4340586567353409,0.09815703187093106,0.08519227780471805,False,True,False,False,-1.0,0
2025-03-11,2024-25,L355075,1,135.5,False,1.7203018177211025,0.6289162770262277,0.6241036299111544,L356162,-1,151.5,False,1.4532944812546762,0.7136440497324017,0.7104609156950088,2.5001051377864663,0.44882235887962213,0.44340123639525764,0.12210308538838444,0.10854970921265528,True,True,False,False,1.5001051377864663,1
2025-03-12,2024-25,L356169,-1,138.5,False,1.4532944812546762,0.7552924886778859,0.752273752670838,L355112,1,126.5,False,1.7203018177211025,0.6199999390952966,0.6165977015029432,2.5001051377864663,0.4682812969794243,0.4638502667978323,0.17075247650756853,0.15967443518488356,True,True,False,False,1.5001051377864663,1
2025-03-13,2024-25,L355097,1,129.5,False,1.8473950749720967,0.8337523160064689,0.8303290309225312,L355088,-1,157.5,False,1.4060366757642337,0.7968119041106898,0.7938469703436516,2.597505230036984,0.6643437704738121,0.6591541855862316,0.7256364183482165,0.7121564444610053,True,True,False,False,1.597505230036984,1
2025-03-14,2024-25,L356242,1,128.5,False,1.459406668796299,0.7603997351484317,0.7577433985641734,L356233,1,147.5,False,1.7203018177211025,0.6623113665951144,0.6598243780582043,2.510619945124572,0.5036213877447209,0.4999775666853157,0.2644019008632119,0.2552536510350043,True,False,False,False,-1.0,0
2025-03-15,2024-25,L356257,-1,157.5,False,1.4532944812546762,0.7507617359976484,0.7453002272455922,L356267,1,133.5,False,1.7203018177211025,0.6184753293387775,0.6151079062133845,2.5001051377864663,0.4643276119260979,0.4584400622813959,0.16086784819255784,0.1461483550768652,True,False,False,False,-1.0,0
2025-03-16,2024-25,L356278,-1,163.5,False,1.7289446624671923,0.5941954826733239,0.5902045294558046,L356279,-1,168.5,False,1.4532944812546762,0.6914894190233106,0.6874743965531882,2.5126657363582994,0.41087988910005235,0.40575050273058766,0.03240381910039947,0.01951538572130218,False,True,False,False,-1.0,0
2025-03-18,2024-25,L356316,-1,155.5,False,1.6242784512054376,0.6608165350609787,0.6583020055264075,L356327,-1,157.5,False,1.56199284182177,0.6792578181957278,0.676311135428866,2.5371113139082446,0.44886479783318106,0.44521697681266426,0.13881995699770044,0.1295650290154351,False,True,False,False,-1.0,0
2025-03-19,2024-25,L356313,-1,133.5,False,1.56199284182177,0.7075761201092432,0.7044338725641484,L356318,-1,149.5,False,1.6242784512054376,0.6711968622383958,0.668649789682906,2.5371113139082446,0.4749228716121423,0.4710195607355328,0.20493219080095892,0.19502905661421188,False,False,False,False,-1.0,0
2025-03-20,2024-25,L356294,-1,148.5,False,1.6242784512054376,0.6653452351757844,0.6594864459025024,L356292,-1,159.5,False,1.56199284182177,0.6806966877336933,0.6742846948582046,2.5371113139082446,0.4528982977835516,0.4446816169384907,0.14905339535643414,0.12820676142165688,True,True,False,False,1.5371113139082446,1
2025-03-21,2024-25,L356304,-1,152.5,False,1.56199284182177,0.6736888338952706,0.669333631836119,L356354,-1,160.5,False,1.6242784512054376,0.6336398050261297,0.6297124410926515,2.5371113139082446,0.4268760613576799,0.4214877152089326,0.08303208490715974,0.06936125092991863,True,True,False,False,1.5371113139082446,1
2025-03-22,2024-25,L356454,1,140.5,False,1.7203018177211025,0.6316952588968893,0.6237491745713585,L356455,-1,134.5,False,1.4532944812546762,0.7215634212886319,0.7180293761441058,2.5001051377864663,0.45580819222144753,0.44787023068787346,0.139568403218002,0.11972266480436211,True,False,False,False,-1.0,0
2025-03-23,2024-25,L356426,1,134.5,False,1.7203018177211025,0.6241146709111801,0.6174810785544296,L355467,-1,147.5,False,1.4532944812546762,0.718632233410365,0.7159897681355253,2.5001051377864663,0.4485089198610763,0.4421101342622601,0.12131945488773521,0.10532181813654096,False,False,False,False,-1.0,0
2025-03-24,2024-25,L356311,-1,144.5,False,1.6242784512054376,0.6691562240033614,0.6634141134142582,L356468,-1,156.5,False,1.56199284182177,0.6633586684138397,0.6575040733595418,2.5371113139082446,0.4438905817157029,0.43619748189408375,0.1261998170082217,0.10668156641176663,False,True,False,False,-1.0,0
2025-03-25,2024-25,L356518,-1,153.5,False,1.6242784512054376,0.6929142335169854,0.6840430477033994,L356551,-1,145.5,False,1.56199284182177,0.6852700945562843,0.6802105456045056,2.5371113139082446,0.4748334023215799,0.4652932946952981,0.2047051972516254,0.18050088225708372,True,True,False,False,1.5371113139082446,1
2025-03-26,2024-25,L356584,-1,145.5,False,1.6242784512054376,0.6459587298783518,0.6395770460187807,L356488,-1,164.5,False,1.56199284182177,0.6395486967558185,0.637001953843353,2.5371113139082446,0.41312206385174366,0.40741182794732345,0.048136662223382976,0.03364915810519342,False,True,False,False,-1.0,0
2025-03-27,2024-25,L356471,-1,175.5,False,1.8922480835925477,0.5330794181539702,0.5309057650451082,L356469,-1,157.5,False,1.767086780152719,0.5651753291294259,0.563515940257625,3.3437665732857083,0.301283335607293,0.2991738613775879,0.007421146691686031,0.00036755727519044434,False,False,False,False,-1.0,0
2025-03-28,2024-25,L356466,1,148.5,False,1.7203018177211025,0.609415815901035,0.6054036623873269,L356467,-1,139.5,False,1.4532944812546762,0.7031147405286496,0.699352926798592,2.5001051377864663,0.42848924327131155,0.4233908231851637,0.07126815858884084,0.058521572336869054,False,True,False,False,-1.0,0
2025-03-29,2024-25,L356619,-1,177.5,False,1.6576064141958884,0.6110315515239563,0.6072600452963732,L356620,-1,162.5,False,1.5329171263794985,0.6553094131007613,0.6522206102506415,2.540973261117386,0.4004147274152114,0.3960675173240327,0.01744311571965862,0.006396971117514028,True,False,False,False,-1.0,0
2025-03-30,2024-25,L356651,-1,129.5,False,1.56199284182177,0.6589266914252355,0.6564614910920307,L356650,-1,153.5,False,1.6242784512054376,0.6270543277186715,0.6231623503267055,2.5371113139082446,0.4131828335075396,0.4090820856878835,0.04829084160464525,0.037886787915910825,True,True,False,False,1.5371113139082446,1
2025-03-31,2024-25,L355436,1,146.5,False,1.6452322339142178,0.6716347270069635,0.6686143731889773,L355434,-1,163.5,False,1.5329171263794985,0.7023937118235815,0.6990427055919425,2.5220046682387056,0.4717520088920389,0.46739000043168344,0.18976076867670955,0.1787597629767963,True,False,False,False,-1.0,0
2025-04-01,2024-25,L355433,1,131.5,False,1.459406668796299,0.7303663387065419,0.7255509688121243,L355432,1,147.5,False,1.7203018177211025,0.6288891904306543,0.6260659433170321,2.510619945124572,0.45931949546695816,0.4542427517139492,0.15317668650390082,0.14043091238130967,True,True,False,False,1.510619945124572,1
2025-04-03,2024-25,L356721,-1,154.5,False,1.6242784512054376,0.6539265725455733,0.6463706139480158,L356718,-1,160.5,False,1.56199284182177,0.6371885158429612,0.634823113039437,2.5371113139082446,0.41667450223058833,0.4103310053236915,0.057149593826311795,0.041055436054081795,True,False,False,False,-1.0,0
2025-04-05,2024-25,L356722,-1,160.5,False,1.56199284182177,0.6606882028311362,0.6558910532025571,L356815,-1,160.5,False,1.6242784512054376,0.6344100400613341,0.6311289530269435,2.5371113139082446,0.4191472292261519,0.4139518337074692,0.06342317746296255,0.05024188071228419,True,False,False,False,-1.0,0
2025-11-12,2025-26,L365475,1,132.5,False,1.544189049059552,0.6999292989980842,0.6949489288409142,L367783,-1,164.5,False,1.622003805956482,0.6646463748763539,0.6577015616166968,2.5046805146909144,0.4652054712488243,0.45706899574251997,0.16519107916453457,0.14481180750563416,False,True,False,False,-1.0,0
2025-11-13,2025-26,L365494,-1,140.5,False,1.622003805956482,0.7494900571500508,0.7400129466468618,L371525,-1,162.5,False,1.559317541436185,0.728272114165756,0.7119198507540184,2.5292189869041968,0.5458327084668808,0.5268299065328752,0.38053044992777796,0.3324682024719112,True,True,False,False,1.5292189869041968,1
2025-11-14,2025-26,L365530,-1,170.5,False,1.7659925545504176,0.9665380372561522,0.9637364884187112,L370333,-1,139.5,False,1.425853522113525,0.7773026384562982,0.7683632164739761,2.518046703931974,0.7512925665275789,0.7404996680747358,0.8917897708333635,0.8646127484583093,True,True,False,False,1.518046703931974,1
2025-11-15,2025-26,L367763,-1,159.5,False,1.7659925545504176,0.798483007249034,0.7920596406246625,L366715,-1,151.5,False,1.450109557714868,0.782765877877847,0.7788079829925094,2.5608826822068558,0.6250252521398334,0.6168623711246652,0.6006163441468728,0.5797121635182136,True,True,False,False,1.5608826822068558,1
2025-11-16,2025-26,L366738,-1,163.5,False,1.7659925545504176,0.7173454298462693,0.7133253857293619,L367789,-1,163.5,False,1.450109557714868,0.7552693152299612,0.7520230663940055,2.5608826822068558,0.5417889915833339,0.5364371439128816,0.3874580459560759,0.373752591939005,False,True,False,False,-1.0,0
2025-11-17,2025-26,L367508,-1,155.5,False,1.622003805956482,0.7336433956791579,0.7287970761708374,L365611,-1,171.5,False,1.559317541436185,0.7330793631686988,0.7207727627217719,2.5292189869041968,0.5378188332973988,0.5252970820552042,0.3602616046904439,0.3285913536993941,True,True,False,False,1.5292189869041968,1
2025-11-18,2025-26,L365623,-1,157.5,False,1.7275016875202183,0.7127751679780849,0.7006705116366801,L365622,-1,153.5,False,1.450109557714868,0.804917721491824,0.800399322782203,2.505066708041632,0.5737253641448722,0.5608162030074585,0.4372203092783813,0.4048819994843016,True,True,False,False,1.5050667080416318,1
2025-11-19,2025-26,L366757,1,151.5,False,1.7192677511332675,0.6895757628245434,0.6815950385902212,L366758,1,145.5,False,1.4580631171756058,0.7675855295794602,0.7628609469695053,2.5068008964768658,0.5293083770928374,0.5199622365886527,0.3268707142090397,0.30344180081455074,False,True,False,False,-1.0,0
2025-11-20,2025-26,L366776,-1,169.5,False,1.622003805956482,0.7344450180330613,0.7254613917716647,L366771,-1,163.5,False,1.559317541436185,0.7426470878313381,0.7364469929569296,2.5292189869041968,0.5454334538144876,0.5342638604765915,0.3795206474803352,0.35127029993412995,False,False,False,False,-1.0,0
2025-11-21,2025-26,L366780,1,149.5,False,1.802136203748374,0.9281537336281688,0.9255738360805349,L371365,-1,158.5,False,1.425853522113525,0.8890306321637788,0.8854946841521428,2.569582253442916,0.8251571005526224,0.8195907116396205,1.1203090418824302,1.1060057477158187,True,True,False,False,1.569582253442916,1
2025-11-22,2025-26,L366799,1,152.5,False,1.7192677511332675,0.7148117704970145,0.7123334026138404,L365731,1,148.5,False,1.4580631171756058,0.7837614268286877,0.7795196552857786,2.5068008964768658,0.5602418931586804,0.5552778884540865,0.40441488001407655,0.39197110857048534,True,True,False,False,1.5068008964768658,1
2025-11-23,2025-26,L365765,1,155.5,False,1.802136203748374,0.8997442171085659,0.8925964998059351,L367522,1,138.5,False,1.4320956645026954,0.9185665903259401,0.914563091141454,2.5808314442313924,0.8264749776748977,0.8163358140045582,1.1329926102538144,1.1068251378351937,True,False,False,False,-1.0,0
2025-11-24,2025-26,L367796,1,144.5,False,1.802136203748374,0.8491923959725016,0.8463640170085037,L370690,-1,163.5,False,1.425853522113525,0.8280154557148011,0.8247317317603584,2.569582253442916,0.7031444287407147,0.6980232614470767,0.8067874456993975,0.7936281851047531,True,True,False,False,1.569582253442916,1
2025-11-25,2025-26,L365784,-1,163.5,False,1.6907193879077416,0.7271154339977788,0.7243467544331194,L372607,-1,157.5,False,1.5021707415995313,0.7590491567801885,0.750229889857656,2.539749196770078,0.5519163570578748,0.5434265857971098,0.40172912452200493,0.3801672347817153,True,True,False,False,1.539749196770078,1
2025-11-26,2025-26,L372614,-1,154.5,False,1.7659925545504176,0.6980587126888868,0.6883627028064836,L366875,-1,152.5,False,1.425853522113525,0.7775478433108782,0.7750376321478731,2.518046703931974,0.5427740465556119,0.5335069992420471,0.36673039890917836,0.34339554096607494,True,True,False,False,1.518046703931974,1
2025-11-27,2025-26,L366883,-1,158.5,False,1.7275016875202183,0.6345814336060456,0.6286058086813732,L372626,-1,151.5,False,1.450109557714868,0.7385258810767747,0.7319602760445573,2.505066708041632,0.46865481236886763,0.46011448124563004,0.17401156802874773,0.15261746885627359,False,True,False,False,-1.0,0
2025-11-28,2025-26,L366894,-1,176.5,False,1.7659925545504176,0.7012362539673842,0.6976994201837146,L365845,-1,147.5,False,1.450109557714868,0.7762381618813432,0.7735245221759972,2.5608826822068558,0.5443263408242011,0.5396876106200781,0.3939558996857231,0.38207665583855466,True,True,False,False,1.5608826822068558,1
2025-11-29,2025-26,L365870,1,133.5,False,1.6807498791703648,0.7812342013373209,0.775512514863282,L365858,-1,148.5,False,1.5021707415995313,0.7843494380523297,0.7799289495609943,2.5247732924366697,0.6127606068061883,0.6048446610887246,0.5470816147215516,0.5270956463897205,False,True,False,False,-1.0,0
2025-11-30,2025-26,L365881,-1,147.5,False,1.7659925545504176,0.9014404007674255,0.898504256244781,L364409,-1,152.5,False,1.425853522113525,0.83385061781258,0.8310295398145884,2.518046703931974,0.7516666351011374,0.7466835785885494,0.892731692972057,0.8801841239450279,True,True,False,False,1.518046703931974,1
2025-12-01,2025-26,L365895,-1,158.5,False,1.450109557714868,0.7599220250860246,0.7512432169087956,L365896,-1,159.5,False,1.7275016875202183,0.619151590396776,0.6168737520642497,2.505066708041632,0.4705069304095508,0.46342222192734567,0.17865124727182669,0.16090357991687454,True,False,False,False,-1.0,0
2025-12-02,2025-26,L365909,1,143.5,False,1.802136203748374,0.7143026482881224,0.7092083666690587,L365907,-1,157.5,False,1.4027138516239932,0.8029255639795324,0.7954940722088772,2.527881415510923,0.5735318567288142,0.5641710516461761,0.44982052182824295,0.42615751662562174,True,True,False,False,1.5278814155109228,1
2025-12-03,2025-26,L370343,-1,143.5,False,1.7659925545504176,0.7682352857820978,0.7626459742508712,L365939,1,122.5,False,1.4580631171756058,0.7677545729322377,0.7648472756592114,2.574928608996693,0.58981615374711,0.5833076956982439,0.5187344883318257,0.5019756735013454,True,True,False,False,1.574928608996693,1
2025-12-04,2025-26,L363251,-1,152.5,False,1.5899384963286374,0.7214600097485139,0.7116235950689581,L363252,1,149.5,False,1.5758582425278698,0.6786998325585705,0.6757391066872268,2.5055176845518505,0.489654787814021,0.48087189242945055,0.2268387301935133,0.2048330304859034,False,True,False,False,-1.0,0
2025-12-05,2025-26,L364428,-1,165.5,False,1.7659925545504176,0.65918323738976,0.6552610650412961,L364425,-1,139.5,False,1.425853522113525,0.7635912698927745,0.7568376068416572,2.518046703931974,0.5033465653304771,0.49592621632237005,0.2674501597658878,0.24876537440399904,True,True,False,False,1.518046703931974,1
2025-12-06,2025-26,L365994,-1,146.5,False,1.7659925545504176,0.8976816213024148,0.8933105497574237,L365985,1,138.5,False,1.4320956645026954,0.8773487487435015,0.8734499511164242,2.529070280915693,0.7875798472197114,0.7802620560174078,0.991844785451494,0.9733375771998019,True,False,False,False,-1.0,0
2025-12-07,2025-26,L366993,-1,153.5,False,1.8483925175828184,0.8054009394763986,0.8017057019726798,L366040,-1,162.5,False,1.4027138516239932,0.8067340325446359,0.8036919036293638,2.592765787651565,0.6497443477190333,0.6443243817689385,0.6846349154858913,0.6705822132002492,True,True,False,False,1.5927657876515648,1
2025-12-08,2025-26,L366053,-1,147.5,False,1.450109557714868,0.7517102990674531,0.7444768670031289,L364448,-1,153.5,False,1.7275016875202183,0.611492520621107,0.6052205929462776,2.505066708041632,0.4596652255536031,0.4505727308824207,0.1514920533787787,0.12871474768495372,True,False,False,False,-1.0,0
2025-12-09,2025-26,L366062,-1,151.5,False,1.6907193879077416,0.6744324391140772,0.666053510530806,L366059,-1,137.5,False,1.5021707415995313,0.7181185734829381,0.7138979603091858,2.539749196770078,0.4843224610872196,0.47549424262471524,0.23005758152397315,0.2076361207749169,True,False,False,False,-1.0,0
2025-12-10,2025-26,L367005,-1,136.5,False,1.5899384963286374,0.7119922861793883,0.7078344954296004,L367004,1,129.5,False,1.5758582425278698,0.7114114140408232,0.7042113041238794,2.5055176845518505,0.506519439097037,0.4984650531303471,0.2690934122269104,0.2489130057491622,True,False,False,False,-1.0,0
2025-12-11,2025-26,L367012,-1,170.5,False,1.6907193879077416,0.6357119216562591,0.6281625949420728,L366091,-1,151.5,False,1.5021707415995313,0.6997969757407865,0.6943748221347411,2.539749196770078,0.4448692802174139,0.43618029013459925,0.12985639709985963,0.1077885415162878,True,True,False,False,1.539749196770078,1
2025-12-12,2025-26,L366096,1,143.5,False,1.802136203748374,0.6033538384580496,0.6006930176580919,L366101,-1,140.5,False,1.4027138516239932,0.7618598436733763,0.7574092199234508,2.527881415510923,0.4596710610473812,0.45497042991787906,0.16199393246986205,0.15011129439642135,False,False,False,False,-1.0,0
2025-12-13,2025-26,L367544,1,144.5,False,1.802136203748374,0.9034631679410863,0.9001163771880802,L367545,-1,161.5,False,1.4027138516239932,0.848604320869933,0.8457455718994166,2.527881415510923,0.7666827480616437,0.7612694402009639,0.938083070417872,0.9243988700804207,True,True,False,False,1.5278814155109228,1
2025-12-14,2025-26,L366132,-1,156.5,False,1.622003805956482,0.6816268990169175,0.6752026577931907,L366169,-1,169.5,False,1.559317541436185,0.6868337378078817,0.684410029411084,2.5292189869041968,0.468164350842185,0.4621154708786797,0.18409016514173215,0.16879122308853,False,False,False,False,-1.0,0
2025-12-15,2025-26,L364466,-1,144.5,False,1.622003805956482,0.6491814019311776,0.6452982922681135,L366180,-1,147.5,False,1.559317541436185,0.6731708391371611,0.6704980878476388,2.5292189869041968,0.43700998909024946,0.43267127105711684,0.10529396187385487,0.09432039384563207,True,True,False,False,1.5292189869041968,1
2025-12-16,2025-26,L366205,1,143.5,False,1.7192677511332675,0.755467669323445,0.7529513655205442,L366196,1,139.5,False,1.4580631171756058,0.7954080346738414,0.7928545583772398,2.5068008964768658,0.6009050541161889,0.5969809223893308,0.5063493283559417,0.4965123114251604,False,True,False,False,-1.0,0
2025-12-17,2025-26,L366213,1,129.5,False,1.802136203748374,0.6423268987289111,0.6393431400566891,L366219,-1,152.5,False,1.4027138516239932,0.7816972335594075,0.7789526573975699,2.527881415510923,0.5021051597771835,0.49801803793606475,0.2692623020328848,0.2589305426877919,True,False,False,False,-1.0,0
2025-12-18,2025-26,L366241,-1,174.5,False,1.7659925545504176,0.6728842762003552,0.6704104855014317,L370868,-1,155.5,False,1.425853522113525,0.781015840232892,0.7722245977480411,2.518046703931974,0.5255332783561217,0.517707467492412,0.3233173393711972,0.30361158212023764,False,True,False,False,-1.0,0
2025-12-19,2025-26,L367057,1,140.5,False,1.802136203748374,0.8786714825904196,0.8743123487582527,L367061,-1,153.5,False,1.4027138516239932,0.7613612438222257,0.7583304383859426,2.527881415510923,0.668986412896161,0.6630176667200889,0.6911183203895224,0.6760300378571278,True,True,False,False,1.5278814155109228,1
2025-12-20,2025-26,L366254,1,144.5,False,1.802136203748374,0.9092943622621557,0.906543907504192,L366276,-1,147.5,False,1.4027138516239932,0.8112568178043583,0.8044306202099397,2.527881415510923,0.7376712507762399,0.7292516777611394,0.864745445593954,0.8434617634425448,True,True,False,False,1.5278814155109228,1
2025-12-21,2025-26,L367567,-1,155.5,False,1.7275016875202183,0.7206859850345977,0.7171946809817891,L366298,-1,157.5,False,1.450109557714868,0.7819854420600993,0.7750856990015818,2.505066708041632,0.563565948593798,0.5558873406289864,0.411770295608225,0.3925348704314724,False,True,False,False,-1.0,0
2025-12-22,2025-26,L367089,1,144.5,False,1.802136203748374,0.7869905354436785,0.7834120789462574,L367090,-1,178.5,False,1.4027138516239932,0.8165253001568678,0.8120146115185075,2.527881415510923,0.6425976831737636,0.6361420549444515,0.6244107409453332,0.6080916783190076,True,True,False,False,1.5278814155109228,1
2025-12-23,2025-26,L370361,1,122.5,False,1.5758582425278698,0.740398528606919,0.7360981256143471,L366342,-1,159.5,False,1.5899384963286374,0.726011184767239,0.7190932877866759,2.5055176845518505,0.5375376129538298,0.5293232212816303,0.3468099953676085,0.3262286917650774,False,False,False,False,-1.0,0
2025-12-28,2025-26,L366354,1,149.5,False,1.802136203748374,0.8486860814995317,0.8461506089107906,L371162,-1,158.5,False,1.4027138516239932,0.7481226793110946,0.7426720743846676,2.527881415510923,0.6349213051854636,0.6284124279616266,0.6050057676902725,0.5885520979202923,False,True,False,False,-1.0,0
2025-12-29,2025-26,L371545,1,150.5,False,1.7192677511332675,0.6869191496772435,0.6787224934453253,L367108,1,129.5,False,1.4580631171756058,0.7585593572805134,0.7541690068925694,2.5068008964768658,0.5210689486828466,0.5118714688373094,0.30621610768441787,0.2831598569622973,True,False,False,False,-1.0,0
2025-12-30,2025-26,L367123,-1,153.5,False,1.622003805956482,0.6711225749058475,0.6669824125423119,L371716,-1,152.5,False,1.559317541436185,0.6986182919821998,0.6893409269423838,2.5292189869041968,0.4688585069914191,0.45977827451618475,0.18584583805425137,0.1628799416723845,True,True,False,False,1.5292189869041968,1
2025-12-31,2025-26,L363300,-1,154.5,False,1.7659925545504176,0.9615147831749379,0.9588222064930364,L364541,-1,159.5,False,1.425853522113525,0.9413002259941615,0.9387134362568604,2.518046703931974,0.9050740826992962,0.9000592882164632,1.2790188107552178,1.2663913240368236,True,True,False,False,1.518046703931974,1
2026-01-01,2025-26,L367135,-1,156.5,False,1.622003805956482,0.6755884558174353,0.6705814006152709,L363310,-1,156.5,False,1.559317541436185,0.6755211078324747,0.6730856785693652,2.5292189869041968,0.4563742621126248,0.45135873706912494,0.15427044886964314,0.14158508770032996,True,False,False,False,-1.0,0
2026-01-02,2025-26,L370364,1,144.5,False,1.7192677511332675,0.6719186696692019,0.6695019655485395,L366381,1,118.5,False,1.4580631171756058,0.7391493675815074,0.7344553236582205,2.5068008964768658,0.49664825975219834,0.49171928279676735,0.24499830278048584,0.23264233892989772,False,True,False,False,-1.0,0
2026-01-03,2025-26,L371377,-1,159.5,False,1.4027138516239932,0.8505187735428408,0.847612693144543,L363374,1,149.5,False,1.802136203748374,0.724420354203577,0.7219176537984093,2.527881415510923,0.6161331111866966,0.6119065667646596,0.5575114412497755,0.5468272381534767,True,True,False,False,1.5278814155109228,1
2026-01-04,2025-26,L363381,1,145.5,False,1.802136203748374,0.6561664515588195,0.6532681332311694,L364583,-1,144.5,False,1.4027138516239932,0.7640816504526501,0.7611635106288921,2.527881415510923,0.5013647452787217,0.4972438656722197,0.26739062198244823,0.25697352700961384,False,True,False,False,-1.0,0
2026-01-05,2025-26,L364591,-1,150.5,False,1.622003805956482,0.6705755675363192,0.6634863243569439,L371378,1,131.5,False,1.544189049059552,0.6897455406772033,0.6871886315425054,2.5046805146909144,0.4625265073952609,0.45594025928201515,0.15848113060095304,0.1419846832867866,True,False,False,False,-1.0,0
2026-01-06,2025-26,L367588,1,150.5,False,1.802136203748374,0.7323822472882184,0.7288123486581173,L370374,-1,140.5,False,1.4027138516239932,0.7593161487106579,0.7552783385572927,2.527881415510923,0.5561096673949467,0.5504561798145411,0.40577929319364636,0.3914879470063173,True,True,False,False,1.5278814155109228,1
2026-01-07,2025-26,L367166,1,145.5,False,1.8466663715094145,0.877921556572843,0.8751986300190515,L371729,1,129.5,False,1.4073958963992848,0.7694520786621583,0.7658737079003497,2.598990673280907,0.6755185666072916,0.6702916199219973,0.7556664542404381,0.7420816685556215,True,True,False,False,1.5989906732809072,1
2026-01-08,2025-26,L366386,1,133.5,False,1.802136203748374,0.631922811976726,0.6273286247687686,L364614,-1,157.5,False,1.4027138516239932,0.7727726200279659,0.7694935221704874,2.527881415510923,0.48833264706669416,0.4827253130316878,0.23444702310715093,0.22027234760949654,True,True,False,False,1.5278814155109228,1
2026-01-09,2025-26,L371730,-1,155.5,False,1.7275016875202183,0.648983458394048,0.6408553215627831,L364623,-1,142.5,False,1.450109557714868,0.752821540126415,0.7498149674414918,2.505066708041632,0.4885687266647744,0.48052291207230496,0.22389725175821829,0.2037419494835475,True,True,False,False,1.5050667080416318,1
2026-01-10,2025-26,L363449,1,171.5,False,1.7192677511332675,0.6700834393853257,0.6677357501940742,L371567,1,121.5,False,1.4580631171756058,0.7562255468984606,0.7479387832450938,2.5068008964768658,0.5067342154167693,0.4994254645294057,0.27028178548225856,0.25196020220568927,True,True,False,False,1.5068008964768658,1
2026-01-11,2025-26,L370759,1,123.5,False,1.7192677511332675,0.6705726471291266,0.6652109330551073,L364654,1,121.5,False,1.4580631171756058,0.7446172293208888,0.7364718076940874,2.5068008964768658,0.4993199465636643,0.4899090983649654,0.2516956896745741,0.22810456697346804,True,False,False,False,-1.0,0
2026-01-12,2025-26,L371027,-1,146.5,False,1.450109557714868,0.7279260574478352,0.7238081708535145,L371508,-1,145.5,False,1.7275016875202183,0.6093810920550129,0.6036240297114794,2.505066708041632,0.44358437582286186,0.4369080048286934,0.11120845208127861,0.09448369737325235,True,False,False,False,-1.0,0
2026-01-13,2025-26,L364666,-1,169.5,False,1.7275016875202183,0.6542508354007535,0.6473169703433831,L367192,1,124.5,False,1.4580631171756058,0.7247647869854845,0.7188181335916667,2.5188064954318485,0.4741779673543024,0.4653031764644429,0.19436254416268794,0.17200866322371033,True,False,False,False,-1.0,0
2026-01-14,2025-26,L370763,-1,152.5,False,1.622003805956482,0.7014345605673403,0.6989631572951037,L363502,-1,153.5,False,1.559317541436185,0.7069066600205562,0.7035583077336522,2.5292189869041968,0.4958487624336451,0.4917613361147138,0.25411010458012373,0.24377210832671037,True,False,False,False,-1.0,0
2026-01-15,2025-26,L364683,1,133.5,False,1.5758582425278698,0.7210994118505002,0.7159462055300991,L364681,1,141.5,False,1.6091245221785069,0.7024647580889741,0.6995852028872561,2.53575214152872,0.5065469239036632,0.5008653714521356,0.2844774470734994,0.2700704382773307,False,False,False,False,-1.0,0
2026-01-16,2025-26,L364690,-1,175.5,False,1.6907193879077416,0.6243107945467274,0.6184984452955433,L371742,-1,148.5,False,1.5021707415995313,0.6917976804943529,0.6889734065450716,2.539749196770078,0.4318967595750125,0.4261289807981011,0.09690944821823755,0.08226073670242906,True,False,False,False,-1.0,0
2026-01-17,2025-26,L364716,1,135.5,False,1.7192677511332675,0.7209793749858345,0.71793948849335,L371035,1,124.5,False,1.4580631171756058,0.8021364512154704,0.7985994105188285,2.5068008964768658,0.5783238372506851,0.5733460522989786,0.44974271367395846,0.4372643978945514,True,True,False,False,1.5068008964768658,1
2026-01-18,2025-26,L367225,-1,168.5,False,1.4027138516239932,0.7567322229315663,0.7499521177208336,L370771,1,130.5,False,1.802136203748374,0.601753273669924,0.5978711940300603,2.527881415510923,0.4553660924405888,0.4483747680871271,0.1511114823343933,0.1334382434314687,True,True,False,False,1.5278814155109228,1
2026-01-19,2025-26,L364722,-1,143.5,False,1.7659925545504176,0.6366809357388048,0.631172746390672,L364732,-1,144.5,False,1.425853522113525,0.7570892160794712,0.754573086572306,2.518046703931974,0.4820242705312359,0.4762659674043287,0.21375962562639272,0.19925994941744296,False,True,False,False,-1.0,0
2026-01-20,2025-26,L364740,-1,158.5,False,1.622003805956482,0.6712612773063349,0.6682715701428933,L367229,-1,150.5,False,1.559317541436185,0.6962566506154031,0.6922743416618959,2.5292189869041968,0.467370128625126,0.46262726127203296,0.18208140323052513,0.17008565306871426,True,False,False,False,-1.0,0
2026-01-21,2025-26,L371209,1,145.5,False,1.7192677511332675,0.6955979992036814,0.6923445260616363,L371039,1,121.5,False,1.4580631171756058,0.7767701727715051,0.7731323259005988,2.5068008964768658,0.5403197780209569,0.5352739337585806,0.35447410392711554,0.3418251770067082,True,True,False,False,1.5068008964768658,1
2026-01-22,2025-26,L364757,1,153.5,False,1.802136203748374,0.5976581966837946,0.5957448855971131,L367240,-1,150.5,False,1.4027138516239932,0.749553015726338,0.7451153985650065,2.527881415510923,0.44797650369790315,0.44389868787475717,0.13243147828348967,0.12212324344828263,False,False,False,False,-1.0,0
2026-01-23,2025-26,L371754,-1,156.5,False,1.559317541436185,0.6965643949503804,0.6891280678119198,L364764,-1,174.5,False,1.622003805956482,0.6568221108769375,0.6529505470328935,2.5292189869041968,0.45751889625302566,0.44996654885351395,0.15716547927060387,0.13806393883206214,True,True,False,False,1.5292189869041968,1
2026-01-24,2025-26,L367248,1,144.5,False,1.802136203748374,0.8993662654363425,0.896661072485416,L371045,1,127.5,False,1.4073958963992848,0.8405065944983745,0.8368524051606876,2.5363190979080468,0.7559232769686214,0.7503729751233821,0.9172626439287481,0.9031853073595137,True,False,False,False,-1.0,0
2026-01-25,2025-26,L363661,-1,160.5,False,1.6907193879077416,0.6142124816420215,0.611661103573402,L364797,-1,137.5,False,1.5021707415995313,0.6923210947761097,0.6898296426997439,2.539749196770078,0.4252322577155555,0.42194196053137095,0.07998328497380869,0.07162675534314111,True,True,False,False,1.539749196770078,1
2026-01-26,2025-26,L366401,-1,148.5,False,1.559317541436185,0.6946144649393087,0.6898272886128944,L370592,-1,170.5,False,1.622003805956482,0.6561325676036472,0.6532836312428327,2.5292189869041968,0.4557591723752622,0.45065287603542925,0.15271475222725583,0.1397998105717908,False,True,False,False,-1.0,0
2026-01-27,2025-26,L367265,1,151.5,False,1.802136203748374,0.612552018620513,0.6093455696711807,L364798,-1,148.5,False,1.4027138516239932,0.7571461048987623,0.7523807646091303,2.527881415510923,0.46379137494639555,0.458459885620389,0.1724095974012516,0.15893222461704481,False,False,False,False,-1.0,0
2026-01-28,2025-26,L367263,-1,153.5,False,1.622003805956482,0.683302956706727,0.6806706211016839,L370431,-1,146.5,False,1.559317541436185,0.6996186308207626,0.6969184959137892,2.5292189869041968,0.4780514790069392,0.47437194547089023,0.20909687742198368,0.19979053133965774,True,True,False,False,1.5292189869041968,1
2026-01-29,2025-26,L363722,1,126.5,False,1.644062482054464,0.677967259360372,0.6701929304631026,L366404,-1,128.5,False,1.5300808903806074,0.7075611902050798,0.7037588986863674,2.5155485863832454,0.47970332095310086,0.4716542386501023,0.2067170109069214,0.186469153297931,True,True,False,False,1.5155485863832454,1
2026-01-30,2025-26,L364828,1,120.5,False,1.544189049059552,0.7099690992042242,0.7029216695054112,L367275,-1,159.5,False,1.622003805956482,0.6657356265260594,0.6585574734484694,2.5046805146909144,0.4726517230728663,0.4629143187016636,0.18384156101569404,0.15945247402347684,True,False,False,False,-1.0,0
2026-01-31,2025-26,L364834,-1,154.5,False,1.7659925545504176,0.7404882554925831,0.7376642530537939,L371597,1,119.5,False,1.4580631171756058,0.7746779399671261,0.7679892489520185,2.574928608996693,0.5736399163348452,0.5665182156815349,0.4770818318330623,0.458743961076143,True,True,False,False,1.574928608996693,1
2026-02-01,2025-26,L364861,1,126.5,False,1.802136203748374,0.6505444806960433,0.6476798260596277,L367292,-1,153.5,False,1.4027138516239932,0.7498848747899822,0.7439304689438545,2.527881415510923,0.48783346645206643,0.48182875672601294,0.23318515370845017,0.21800595958642166,False,False,False,False,-1.0,0
2026-02-02,2025-26,L370606,-1,159.5,False,1.5899384963286374,0.6948238584822514,0.6902866371558233,L371434,1,136.5,False,1.5758582425278698,0.6907949711221375,0.6881913012678934,2.5055176845518505,0.479980827255219,0.4750492590721042,0.202600450933778,0.1902443196384105,True,True,False,False,1.5055176845518505,1
2026-02-03,2025-26,L367295,1,135.5,False,1.6091245221785069,0.6755289368593552,0.6720371935289825,L364877,1,120.5,False,1.5758582425278698,0.6798698728403326,0.6765453444937415,2.53575214152872,0.4592717724025349,0.4546636346086727,0.1645993804134187,0.15291428513417338,False,True,False,False,-1.0,0
2026-02-04,2025-26,L371058,1,140.5,False,1.802136203748374,0.7315002836261808,0.728159177295847,L367631,-1,141.5,False,1.4027138516239932,0.7981624159471384,0.793528289870283,2.527881415510923,0.5838560336450894,0.5778149067129257,0.47591881678534165,0.4606475642847825,False,True,False,False,-1.0,0
2026-02-05,2025-26,L366408,1,135.5,False,1.7192677511332675,0.8156023956724296,0.8106787052910156,L364897,1,139.5,False,1.4580631171756058,0.8223671584186437,0.8189973749967415,2.5068008964768658,0.6707246245285743,0.6639437315990988,0.6813730900573389,0.6643747415828163,False,True,False,False,-1.0,0
2026-02-06,2025-26,L371613,1,131.5,False,1.802136203748374,0.6496100374146762,0.6464974411402796,L370940,-1,148.5,False,1.4027138516239932,0.750307913453523,0.7476010579544584,2.527881415510923,0.48740755173107064,0.48332217096132324,0.2321084918006524,0.22178113367752217,True,True,False,False,1.5278814155109228,1
2026-02-07,2025-26,L367312,1,144.5,False,1.802136203748374,0.7062010110339936,0.7026101630187724,L367325,-1,162.5,False,1.4027138516239932,0.792144112510457,0.7874927845616075,2.527881415510923,0.5594129731395103,0.5533004337369382,0.4141296583950793,0.3986778836377387,True,True,False,False,1.5278814155109228,1
2026-02-08,2025-26,L370804,-1,175.5,False,1.7659925545504176,0.5982783751830321,0.5960447263049148,L370457,-1,148.5,False,1.425853522113525,0.7181859625944518,0.7156214202637052,2.518046703931974,0.4296751307802705,0.4265423735790146,0.08194204682279982,0.0740536178779585,True,True,False,False,1.518046703931974,1
2026-02-09,2025-26,L364822,1,137.5,False,1.7192677511332675,0.7015368400298788,0.6988876566947093,L370620,1,141.5,False,1.4580631171756058,0.742135865927677,0.7370611388135806,2.5068008964768658,0.5206356502557403,0.5151229321461572,0.3051299147989057,0.29131062809977837,True,True,False,False,1.5068008964768658,1
2026-02-10,2025-26,L363873,1,145.5,False,1.8466663715094145,0.8127635854447998,0.8088435755783705,L367638,1,136.5,False,1.4073958963992848,0.7590278133186158,0.7557591329896544,2.598990673280907,0.6169101670051643,0.6112909194033612,0.6033437702985889,0.5887393981906464,True,True,False,False,1.5989906732809072,1
2026-02-11,2025-26,L363891,-1,153.5,False,1.7275016875202183,0.7042921303869386,0.7016615695594628,L363911,-1,149.5,False,1.450109557714868,0.7775204688844608,0.7746876016875154,2.505066708041632,0.5476015474500883,0.543568518518318,0.3717784057892961,0.3616753992797497,False,True,False,False,-1.0,0
2026-02-12,2025-26,L370812,1,130.5,False,1.7192677511332675,0.6614093935673819,0.653501322465387,L363895,1,125.5,False,1.4580631171756058,0.7494482254602626,0.7457874847742554,2.5068008964768658,0.4956920963118228,0.48737310757811053,0.24260139141097414,0.22174734299552346,True,True,False,False,1.5068008964768658,1
2026-02-13,2025-26,L364957,1,132.5,False,1.7192677511332675,0.6359421088190615,0.6305221194040144,L371138,1,123.5,False,1.4580631171756058,0.7139857626056256,0.7092863328035025,2.5068008964768658,0.4540536115382074,0.4472207218235655,0.13822200045253696,0.12109330639034499,False,False,False,False,-1.0,0
2026-02-14,2025-26,L363947,-1,999.0,True,1.8620689655172413,1.0,1.0,L363924,1,136.5,False,1.4073958963992848,0.870402953556148,0.8678528162213871,2.6206682208814267,0.870402953556148,0.8678528162213871,1.2810373597459295,1.274354295873838,True,False,False,False,-1.0,0
2026-02-15,2025-26,L364988,-1,141.5,False,1.450109557714868,0.74070805206794,0.7369142073055278,L367360,-1,150.5,False,1.7275016875202183,0.6254989776460206,0.6211001994276487,2.505066708041632,0.46331212930267185,0.457697561118531,0.1606277905480029,0.14656292270988192,True,True,False,False,1.5050667080416318,1
2026-02-16,2025-26,L365000,1,133.5,False,1.7192677511332675,0.6544643118872794,0.6521376936494463,L371467,1,134.5,False,1.4580631171756058,0.7255753188949824,0.7229831731945535,2.5068008964768658,0.47486315180299793,0.4714845791144543,0.19038737464358513,0.18191796559913165,True,True,False,False,1.5068008964768658,1
2026-02-17,2025-26,L371794,1,142.5,False,1.7192677511332675,0.6278197845908888,0.6257099522661825,L363967,1,132.5,False,1.4580631171756058,0.7235376806761914,0.7210448479235919,2.5068008964768658,0.4542512708255178,0.4511649373760475,0.13871749293116342,0.13098066947320475,True,False,False,False,-1.0,0
2026-02-18,2025-26,L371796,1,144.5,False,1.644062482054464,0.7045291607335701,0.7020701586116205,L371637,1,127.5,False,1.544189049059552,0.746353992173431,0.7392380543418885,2.53874328075817,0.5258281517160969,0.5189969780635554,0.33494268700272833,0.3176000907926464,False,True,False,False,-1.0,0
2026-02-19,2025-26,L370820,1,129.5,False,1.7192677511332675,0.7294158591388383,0.7245364031855483,L363988,1,134.5,False,1.4580631171756058,0.7532903907014723,0.7501628055565525,2.5068008964768658,0.5494619575145456,0.5435202609415244,0.37739172767739615,0.362497077381553,True,True,False,False,1.5068008964768658,1
2026-02-20,2025-26,L367376,-1,161.5,False,1.622003805956482,0.6808779321980389,0.6753887918198574,L363996,1,154.5,False,1.544189049059552,0.6712899696787713,0.6655855883007215,2.5046805146909144,0.45706652646016604,0.4495290463351333,0.14480562274223696,0.12592664314319757,True,True,False,False,1.5046805146909144,1
2026-02-21,2025-26,L370644,1,132.5,False,1.7192677511332675,0.6564993464033255,0.6453020691902294,L370647,1,133.5,False,1.4580631171756058,0.7333375779774727,0.7272495305107686,2.5068008964768658,0.48143564063520855,0.4692956268562218,0.20686329554025495,0.17643069811584944,True,True,False,False,1.5068008964768658,1
2026-02-22,2025-26,L365059,1,144.5,False,1.7192677511332675,0.6242782355352652,0.6198168753076533,L365041,1,124.5,False,1.4580631171756058,0.7225156949607412,0.7184437348759085,2.5068008964768658,0.4510508231966274,0.4453035508351457,0.13069460794593368,0.11628734043787481,True,True,False,False,1.5068008964768658,1
2026-02-23,2025-26,L371410,-1,142.5,False,1.622003805956482,0.6896617034475244,0.6872424633386842,L365067,-1,146.5,False,1.559317541436185,0.6827112782343134,0.6785476007639127,2.5292189869041968,0.4708398231099134,0.46632672464154545,0.19085702040020647,0.1794424060642421,False,True,False,False,-1.0,0
2026-02-24,2025-26,L364074,-1,149.5,False,1.622003805956482,0.708963327949254,0.6992778934387571,L371805,-1,149.5,False,1.559317541436185,0.704997499990998,0.7025326077378707,2.5292189869041968,0.4998173737895221,0.49126552201097495,0.26414759177305136,0.2425180858815592,True,False,False,False,-1.0,0
2026-02-25,2025-26,L364077,1,137.5,False,1.802136203748374,0.6482271995484694,0.6425488125920944,L364112,-1,159.5,False,1.4027138516239932,0.7852233407994343,0.7805339446629694,2.527881415510923,0.5090031272265108,0.5015311593310146,0.2866995457528383,0.26781129697251926,False,True,False,False,-1.0,0
2026-02-26,2025-26,L364099,1,133.5,False,1.7192677511332675,0.7017251381497976,0.6955912417404009,L364091,1,127.5,False,1.4580631171756058,0.7507918370917176,0.7458527188994853,2.5068008964768658,0.5268495056049259,0.5188086188947472,0.32070681295882175,0.3005499109452767,True,True,False,False,1.5068008964768658,1
2026-02-27,2025-26,L371150,1,135.5,False,1.7192677511332675,0.6291589460838495,0.6245666908180096,L365095,1,122.5,False,1.4580631171756058,0.7273862940707138,0.7211569647000824,2.5068008964768658,0.4576415941733673,0.45041061900309065,0.14721635853889925,0.12908974349964764,True,True,False,False,1.5068008964768658,1
2026-02-28,2025-26,L371650,-1,146.5,False,1.6907193879077416,0.7690384363280295,0.7665269186288757,L371810,-1,157.5,False,1.5021707415995313,0.7776375647121931,0.7744253884472023,2.539749196770078,0.5980331767962018,0.5936179067144041,0.5188542804100118,0.5076406017662427,True,False,False,False,-1.0,0
2026-03-01,2025-26,L365130,1,119.5,False,1.4580631171756058,0.7194642645601813,0.7148912326082713,L370842,1,139.5,False,1.7192677511332675,0.6043595013085616,0.6024155479119591,2.5068008964768658,0.43481506413892224,0.4306615935891675,0.0899947925850959,0.07958286888748067,True,True,False,False,1.5068008964768658,1
2026-03-02,2025-26,L364166,1,143.5,False,1.802136203748374,0.7417426867624991,0.7383381455143342,L365133,-1,153.5,False,1.4027138516239932,0.7412221467897377,0.738140452113753,2.527881415510923,0.5497961066476875,0.5449972525427806,0.3898193603149509,0.3776884262074083,False,True,False,False,-1.0,0
2026-03-03,2025-26,L365151,1,131.5,False,1.802136203748374,0.6719020449589085,0.6647296756742765,L371818,-1,167.5,False,1.4027138516239932,0.7568566329123935,0.7523668938991431,2.527881415510923,0.508533519394551,0.5001206013696402,0.28551243284184946,0.2642455737164602,False,True,False,False,-1.0,0
2026-03-04,2025-26,L364169,-1,179.5,False,1.4027138516239932,0.7934190284047369,0.7884251543760152,L367434,1,149.5,False,1.802136203748374,0.6317361826106377,0.6270579174923747,2.527881415510923,0.5012315082150496,0.4943882354016282,0.2670538144853343,0.24975483231901507,False,False,False,False,-1.0,0
2026-03-05,2025-26,L376484,1,132.5,False,1.802136203748374,0.7424040629800167,0.738753866557501,L371498,-1,158.5,False,1.4027138516239932,0.8078738367395492,0.8049369063313837,2.527881415510923,0.599768818770696,0.5946502518871427,0.516144450573381,0.5032053204743971,True,True,False,False,1.5278814155109228,1
2026-03-06,2025-26,L376531,1,133.5,False,1.7192677511332675,0.7039651775014263,0.7010645736491986,L367672,1,128.5,False,1.4853586780316608,0.7390263753806703,0.7360365097954996,2.5537292740057764,0.5202488335230893,0.5160091219300261,0.3285746759352708,0.3177476003267239,True,True,False,False,1.5537292740057764,1
2026-03-07,2025-26,L376546,1,138.5,False,1.7192677511332675,0.6921008848265546,0.6885795564700621,L376525,1,120.5,False,1.4580631171756058,0.785246850484357,0.7767551744786996,2.5068008964768658,0.5434700400274888,0.5348577335283686,0.3623711835492269,0.34078184589649907,False,False,False,False,-1.0,0
2026-03-08,2025-26,L370524,-1,151.5,False,1.8483925175828184,0.8915399023764975,0.8885601726757704,L370522,-1,163.5,False,1.4027138516239932,0.8025845003439107,0.7999612718502828,2.592765787651565,0.7155361070855002,0.7108137258492161,0.8552175382806713,0.8429735097749862,False,True,False,False,-1.0,0
2026-03-09,2025-26,L376583,-1,146.5,False,1.7659925545504176,0.5874894164715831,0.5847162171299266,L376338,-1,143.5,False,1.425853522113525,0.7206178561825385,0.717892788214555,2.518046703931974,0.42335536382768274,0.4197635554296702,0.06602857847821819,0.05698423718044765,True,True,False,False,1.518046703931974,1
2026-03-10,2025-26,L376587,1,125.5,False,1.7192677511332675,0.6523694776080261,0.6486495582380416,L376561,1,128.5,False,1.4580631171756058,0.7420475434054189,0.7392095378266905,2.5068008964768658,0.4840891682517122,0.4794879401566297,0.2135151609481325,0.201980798234485,False,True,False,False,-1.0,0
2026-03-11,2025-26,L376368,-1,163.5,False,1.622003805956482,0.7240029275523817,0.7168318615156959,L376370,-1,155.5,False,1.559317541436185,0.7307979858513588,0.7279474773527088,2.5292189869041968,0.5290998812057678,0.5218159452763972,0.3382094655143828,0.319786796462425,True,False,False,False,-1.0,0
2026-03-12,2025-26,L376344,-1,157.5,False,1.8062644397336984,0.8048696981851896,0.8008900715129488,L376340,1,140.5,False,1.4073958963992848,0.7847993948535681,0.7822142484162534,2.54212916029316,0.6316612520717108,0.6264676253525406,0.6057644883187845,0.5925616183883042,False,True,False,False,-1.0,0
2026-03-13,2025-26,L376741,-1,171.5,False,1.6907193879077416,0.6675438168724569,0.6646964328103564,L376724,-1,155.5,False,1.5021707415995313,0.7075407245062325,0.70443015323802,2.539749196770078,0.4723144358295939,0.46823221002136467,0.1995602090211237,0.1891923793036392,True,True,False,False,1.539749196770078,1
2026-03-14,2025-26,L376764,1,152.5,False,1.802136203748374,0.7110497545538621,0.7072304421157966,L376799,-1,171.5,False,1.4027138516239932,0.7736515859070506,0.7705487739637087,2.527881415510923,0.5501047702694145,0.5449555500821387,0.39059962534795867,0.37758300733217043,False,True,False,False,-1.0,0
2026-03-15,2025-26,L376812,-1,159.5,False,1.450109557714868,0.7002833998536354,0.6977190647805928,L376813,-1,170.5,False,1.7275016875202183,0.5880241807928828,0.5841561092235537,2.505066708041632,0.4117835725217887,0.4075768542133277,0.031545318442779635,0.021007208458144744,True,True,False,False,1.5050667080416318,1
2026-03-17,2025-26,L376850,1,145.5,False,1.644062482054464,0.6626414027088761,0.6592843494489413,L376851,-1,149.5,False,1.5300808903806074,0.7038842471055368,0.6966853194770456,2.5155485863832454,0.466422844846694,0.45931372762205186,0.173309328010953,0.1554259982260715,False,True,False,False,-1.0,0
2026-03-18,2025-26,L376857,1,143.5,False,1.802136203748374,0.6246522102439295,0.620057260271429,L376848,-1,171.5,False,1.4027138516239932,0.7678470476768914,0.7620501249842992,2.527881415510923,0.4796373554606461,0.4725147126872647,0.2124663570537737,0.19446116075761943,True,True,False,False,1.5278814155109228,1
2026-03-19,2025-26,L376862,1,148.5,False,1.7192677511332675,0.6205464443159614,0.6167636850926715,L376842,1,142.5,False,1.4580631171756058,0.7188510518339718,0.7111276289633107,2.5068008964768658,0.44608046420836006,0.43859769701062556,0.11823490757833333,0.09947710005892474,True,True,False,False,1.5068008964768658,1
2026-03-20,2025-26,L376836,1,129.5,False,1.4580631171756058,0.7209546012397474,0.7127045830103739,L376821,1,142.5,False,1.7192677511332675,0.6031081356154459,0.5983215537058152,2.5068008964768658,0.43481358541708126,0.426426513440022,0.08999108572385928,0.0689663661729516,False,True,False,False,-1.0,0
2026-03-21,2025-26,L376919,-1,153.5,False,1.622003805956482,0.6400580468553629,0.6350855667926814,L376904,-1,152.5,False,1.559317541436185,0.6662705431516557,0.6601197430397815,2.5292189869041968,0.42645182252691055,0.4192325211594588,0.07859004653496093,0.06033085244421832,True,True,False,False,1.5292189869041968,1
2026-03-22,2025-26,L376907,1,155.5,False,1.802136203748374,0.7155037433374991,0.7125667834963235,L376905,1,135.5,False,1.4073958963992848,0.7603568685863973,0.7574937064811306,2.5363190979080468,0.5440381857459461,0.5397648539459674,0.37985444049868855,0.3690159074427046,True,True,False,False,1.5363190979080468,1
2026-03-24,2025-26,L376938,-1,160.5,False,1.4027138516239932,0.752616218067491,0.7482527604009083,L376939,1,149.5,False,1.802136203748374,0.5647839299246938,0.5618954811660284,2.527881415510923,0.42506554536521796,0.4204398448392773,0.07451529250274946,0.06282207010950525,True,True,False,False,1.5278814155109228,1
2026-03-25,2025-26,L376936,-1,156.5,False,1.7659925545504176,0.6432171791770405,0.6363794614644739,L376937,-1,147.5,False,1.425853522113525,0.7406410516366632,0.7379576176159293,2.518046703931974,0.47639304801645127,0.46962107128203123,0.19957994433393167,0.18252779063872127,True,True,False,False,1.518046703931974,1
2026-03-26,2025-26,L376929,-1,153.5,False,1.622003805956482,0.6523543828446954,0.6460976651194776,L376932,-1,140.5,False,1.559317541436185,0.6590929108708838,0.6567957160551056,2.5292189869041968,0.42996214910848923,0.42435417860367913,0.08746843117532443,0.07328464569655968,False,False,False,False,-1.0,0
2026-03-27,2025-26,L376935,-1,179.5,False,1.7659925545504176,0.6050331831605025,0.6029150571192059,L376933,-1,144.5,False,1.450109557714868,0.6913730505025975,0.6882018924201396,2.5608826822068558,0.41830363749697336,0.4149272832780341,0.0712265411701336,0.06258009412185572,True,True,False,False,1.5608826822068558,1
2026-03-28,2025-26,L377008,-1,160.5,False,1.4027138516239932,0.729596118679179,0.7267455987462202,L377007,1,136.5,False,1.802136203748374,0.5690315220139667,0.5658419728170895,2.527881415510923,0.41516318986749584,0.4112231633306982,0.049483312070275565,0.03952339221128476,True,False,False,False,-1.0,0
2026-03-29,2025-26,L377042,-1,142.5,False,1.4027138516239932,0.7202332959917502,0.7168523422377515,L377041,1,144.5,False,1.802136203748374,0.5551043199284623,0.5535250012280678,2.527881415510923,0.39980461396133543,0.39679569361749467,0.010658653468378798,0.0030524596504311052,False,True,False,False,-1.0,0
2026-04-01,2025-26,L376420,-1,169.5,False,1.622003805956482,0.6572569468322895,0.6506657444576152,L376417,-1,153.5,False,1.559317541436185,0.671098250025024,0.6673661333549485,2.5292189869041968,0.44108398683593975,0.43423228198519764,0.11559799432485951,0.09826853232369914,False,True,False,False,-1.0,0
2026-04-02,2025-26,L376419,1,146.5,False,1.7192677511332675,0.6231582024567899,0.6185888483933144,L376418,1,127.5,False,1.4580631171756058,0.7090279583002924,0.7065592787146566,2.5068008964768658,0.441836587986018,0.4370696905417103,0.10759635485962948,0.09564669207282583,True,True,False,False,1.5068008964768658,1
2026-04-04,2025-26,L377132,1,132.5,False,1.802136203748374,0.5887898805213863,0.582130074792391,L377130,-1,165.5,False,1.4027138516239932,0.7151072677784819,0.71030105442877,2.527881415510923,0.4210479227552673,0.41348760593973405,0.06435921897251884,0.04524763459915748,True,True,False,False,1.5278814155109228,1
2026-04-05,2025-26,L377131,-1,165.5,False,1.6907193879077416,0.6125589218844724,0.6097791536162697,L377165,1,131.5,False,1.5140453965772356,0.6585213763088146,0.6551908227481312,2.5598259061655977,0.40338314430960637,0.3995217053525028,0.032590622914266065,0.022706011436795404,False,True,False,False,-1.0,0
