date,season,game_a,side_a,thr_a,main_a,odds_a,p_a,pc_a,game_b,side_b,thr_b,main_b,odds_b,p_b,pc_b,combined_odds,joint_model,joint_cons,ev_model,ev_cons,win_a,win_b,push_a,push_b,profit,card_win
2023-10-27,2023-24,N290567,-1,227.5,True,1.9090909090909092,0.5658971039617882,0.5507110999662078,N290570,-1,218.5,True,1.9090909090909092,0.5407041068422068,0.534934680194802,3.6446280991735542,0.3059828881622501,0.294594466140151,0.11519383206241574,0.07368726915542623,True,False,False,False,-1.0,0
2023-10-28,2023-24,N290579,-1,227.5,True,1.9174311926605505,0.5514079140237297,0.5480997979617412,N290578,-1,219.5,True,1.9090909090909092,0.559850528404958,0.5296504658135835,3.6605504587155964,0.3087060120328607,0.29030131330276726,0.13003393395515062,0.06266260557618497,True,False,False,False,-1.0,0
2023-10-29,2023-24,N290590,-1,234.5,True,1.9090909090909092,0.5892494852805873,0.550609883484219,N290585,-1,230.5,True,1.9090909090909092,0.5868329425494667,0.5495771943752357,3.6446280991735542,0.3457910093429657,0.3026026349605325,0.26027962909295765,0.1028740662611145,False,True,False,False,-1.0,0
2023-10-30,2023-24,N290591,-1,229.5,True,1.8849557522123894,0.5755295323140507,0.5702117164765151,N290598,-1,233.5,True,1.9090909090909092,0.6022085419221705,0.5571517093847306,3.598551890587289,0.3465888004879932,0.31769443254609175,0.24721778325244892,0.14323990086779448,False,True,False,False,-1.0,0
2023-10-31,2023-24,N290603,-1,232.0,True,1.9090909090909092,0.5748365839800702,0.5595567732008395,N290604,-1,220.5,True,1.9090909090909092,0.5830812802695592,0.5412568271057725,3.6446280991735542,0.3351764513328793,0.3028639236482307,0.22159351270908934,0.10382636635429554,True,True,False,False,2.6446280991735542,1
2023-11-01,2023-24,N290613,-1,233.5,True,1.9090909090909092,0.780480858634421,0.7553554695735302,N290605,-1,219.0,True,1.9090909090909092,0.6082410419184333,0.6030594011599935,3.6446280991735542,0.47472049065319366,0.45552421714393876,0.7301796394880862,0.6602163616568346,True,True,False,False,2.6446280991735542,1
2023-11-02,2023-24,N290620,-1,224.5,True,1.9090909090909092,0.6205412483259254,0.5820214954636195,N290619,-1,220.0,True,1.9090909090909092,0.5767253261602021,0.543920767585101,3.6446280991735542,0.3578818538366283,0.3165735785636003,0.3043462606772984,0.15379295988882413,False,False,False,False,-1.0,0
2023-11-03,2023-24,N290428,-1,227.5,True,1.9090909090909092,0.5715448412142389,0.5418057746914923,N290423,1,222.5,True,1.925925925925926,0.5352472649558032,0.5322171391953907,3.6767676767676774,0.3059178130595202,0.28835831940584844,0.12478872680470077,0.060226548118472945,False,True,False,False,-1.0,0
2023-11-04,2023-24,N290628,-1,227.5,True,1.9090909090909092,0.5687728823314259,0.5400106643547424,N290627,1,219.5,True,1.9174311926605505,0.5237022910740511,0.5183863526381606,3.6605504587155964,0.2978676615777594,0.27993415868056487,0.09035960522500908,0.02471311296830625,True,False,False,False,-1.0,0
2023-11-05,2023-24,N290632,-1,228.0,True,1.9090909090909092,0.584551490700694,0.5592729764271742,N290634,1,218.5,True,1.9090909090909092,0.5232263609491783,0.5168881746791142,3.6446280991735542,0.30585274926674155,0.2890815879327973,0.11471952418704978,0.053594878333583784,True,False,False,False,-1.0,0
2023-11-06,2023-24,N290640,1,221.5,True,1.9090909090909092,0.536237595885872,0.5338366298871329,N290636,1,237.5,True,1.9090909090909092,0.5545005084762338,0.532411377184634,3.6446280991735542,0.2973440195827892,0.2842206953098122,0.08370836889264521,0.035878732492786725,False,True,False,False,-1.0,0
2023-11-08,2023-24,N290659,1,221.5,True,1.9090909090909092,0.6194011896685111,0.6108528918310945,N290648,1,239.5,True,1.9090909090909092,0.5475892083109848,0.5348306147510233,3.6446280991735542,0.33917740707746213,0.3267028276604646,0.23617550843934576,0.1907103057707844,False,True,False,False,-1.0,0
2023-11-10,2023-24,N290434,-1,234.5,True,1.9090909090909092,0.5721368745767873,0.5687527141572741,N290433,-1,220.0,True,1.9090909090909092,0.5642905198196027,0.5547314965599165,3.6446280991735542,0.3228514143628981,0.31550504429697906,0.1766733366449429,0.14989854987576678,False,True,False,False,-1.0,0
2023-11-11,2023-24,N290666,-1,224.5,True,1.9090909090909092,0.562549991242191,0.539562502322831,N290665,-1,229.0,True,1.9090909090909092,0.5182244787259145,0.5090261571391397,3.6446280991735542,0.29152717596875216,0.2746514270937688,0.06250813720842752,0.0010023086640664758,False,True,False,False,-1.0,0
2023-11-12,2023-24,N290677,1,218.5,True,1.9090909090909092,0.5689155337958655,0.544994731008178,N290670,1,236.5,True,1.9090909090909092,0.5485474621304046,0.5352820455557822,3.6446280991735542,0.3120771722302864,0.2917258944311808,0.13740523102112667,0.06323239210041942,True,True,False,False,2.6446280991735542,1
2023-11-13,2023-24,N290679,1,221.0,True,1.925925925925926,0.5856071207629272,0.5818781820901927,N290681,-1,226.5,True,1.9090909090909092,0.5641267519045591,0.5377802249312865,3.6767676767676774,0.330356642928171,0.31292257964707193,0.21464462652378047,0.15054362617711314,False,False,False,False,-1.0,0
2023-11-14,2023-24,N290439,-1,230.0,True,1.9090909090909092,0.5715023753419789,0.5664502910592678,N290440,1,231.5,True,1.9090909090909092,0.5469684900831071,0.5402241506257002,3.6446280991735542,0.3125937913197113,0.3060101273591736,0.13928811547101416,0.11529310880492205,True,True,False,False,2.6446280991735542,1
2023-11-15,2023-24,N290687,-1,230.0,True,1.9090909090909092,0.5887599766918599,0.5667619134727996,N290689,-1,223.5,True,1.9090909090909092,0.5343322804554498,0.5312235645698189,3.6446280991735542,0.31459346098665897,0.3010772839374319,0.14657616772823645,0.09731472906121863,False,True,False,False,-1.0,0
2023-11-16,2023-24,N290691,-1,227.5,True,1.8928571428571428,0.5617295360331455,0.5442686793071938,N290690,-1,219.5,True,1.9090909090909092,0.5578360334715511,0.5374581530234537,3.6136363636363638,0.3133529762645446,0.2925216391289588,0.1323437096832405,0.057066832306919446,False,False,False,False,-1.0,0
2023-11-17,2023-24,N290459,-1,222.5,True,1.9090909090909092,0.60160832137852,0.5951284837287102,N290450,-1,232.0,True,1.9174311926605505,0.5920248999129423,0.588149789929756,3.6605504587155964,0.3561671062509115,0.3500246926862551,0.3037676641661806,0.2812830493744567,True,True,False,False,2.6605504587155964,1
2023-11-18,2023-24,N290695,-1,243.5,True,1.9090909090909092,0.5558402079124102,0.5480272803678908,N290697,-1,231.5,True,1.9090909090909092,0.5487551095285819,0.5354702734332581,3.6446280991735542,0.30502015417336437,0.2934523176674793,0.11168502471449337,0.06952456273849927,False,False,False,False,-1.0,0
2023-11-19,2023-24,N290699,-1,234.0,True,1.9174311926605505,0.5571184823368239,0.5511867582157643,N290704,-1,238.5,True,1.9090909090909092,0.5380934788745435,0.5305231778640954,3.6605504587155964,0.2997818223059275,0.2924173505652361,0.09736648715656027,0.0704084667479743,False,False,False,False,-1.0,0
2023-11-20,2023-24,N290713,1,228.5,True,1.9090909090909092,0.55346935725724,0.5478079788031581,N290711,1,213.5,True,1.9090909090909092,0.5446454493160032,0.531949174628775,3.6446280991735542,0.301444566766009,0.29140600217939744,0.0986533383785948,0.06206650381086187,False,True,False,False,-1.0,0
2023-11-21,2023-24,N290463,1,225.0,True,1.8928571428571428,0.5675278110647378,0.5641670933408935,N290462,-1,222.5,True,1.9090909090909092,0.5516676789787028,0.5476543952720909,3.6136363636363638,0.3130867502859477,0.3089685883360203,0.1313816658060385,0.1165001260324372,True,False,False,False,-1.0,0
2023-11-22,2023-24,N290723,1,226.5,True,1.9090909090909092,0.6203520763974137,0.6157476189466624,N290717,1,229.5,True,1.9090909090909092,0.5928702021968145,0.5806289394861709,3.6446280991735542,0.3677882609669484,0.35752088698013545,0.3404514304663162,0.30303067072925427,True,True,False,False,2.6446280991735542,1
2023-11-24,2023-24,N290470,1,220.0,True,1.9090909090909092,0.707549351061163,0.7010307361126183,N290471,1,246.5,True,1.9090909090909092,0.5620939158588075,0.555068988345421,3.6446280991735542,0.3977091854013272,0.38912042149307685,0.4495020724131018,0.418199222135925,True,True,False,False,2.6446280991735542,1
2023-11-25,2023-24,N290732,1,222.0,True,1.9090909090909092,0.5537678745275525,0.5503377031249943,N290731,1,246.0,True,1.9090909090909092,0.5352398757055631,0.5326992582719957,3.6446280991735542,0.296398648331861,0.29316448625379826,0.08026284226736147,0.06847552428037229,True,False,False,False,-1.0,0
2023-11-26,2023-24,N290736,1,232.0,True,1.8928571428571428,0.567032353640608,0.5556020253533662,N290741,1,217.5,True,1.9090909090909092,0.5482586449925961,0.544055135419536,3.6136363636363638,0.3108803898739623,0.3022781351429941,0.1234086815900004,0.09232326108491073,False,False,False,False,-1.0,0
2023-11-28,2023-24,N290479,1,221.5,True,1.9090909090909092,0.5545949657213284,0.5390501401028062,N290475,1,235.0,True,1.9090909090909092,0.5406467408190682,0.5381451231811946,3.6446280991735542,0.299839960691899,0.2900872040464648,0.092805145992789,0.05725997507843772,False,False,False,False,-1.0,0
2023-11-29,2023-24,N290751,1,224.5,True,1.925925925925926,0.5314731361729281,0.5266412052664998,N290754,-1,230.5,True,1.9090909090909092,0.5340672417624291,0.5228553827165308,3.6767676767676774,0.28384239190670363,0.2753571889339108,0.04362253185899134,0.012424411837813398,False,False,False,False,-1.0,0
2023-11-30,2023-24,N290763,-1,232.5,True,1.9090909090909092,0.6059423738624675,0.6013248970865346,N290759,1,225.5,True,1.9090909090909092,0.6089710681687255,0.5938723697541153,3.6446280991735542,0.36900137465972005,0.35711024162492977,0.344872778718484,0.3015340211288764,False,True,False,False,-1.0,0
2023-12-01,2023-24,N290769,1,222.5,True,1.9090909090909092,0.5414244486897345,0.5388386382118849,N290765,1,222.5,True,1.9090909090909092,0.5407138544790524,0.5318236252918676,3.6446280991735542,0.29275570056022227,0.2865671180211777,0.06698565245502519,0.04443057063916833,True,True,False,False,2.6446280991735542,1
2023-12-02,2023-24,N290781,1,219.5,True,1.9090909090909092,0.5780803722527784,0.5589670389458697,N290772,1,223.5,True,1.9523809523809523,0.5435323049080274,0.5333686692582186,3.7272727272727275,0.31420535715264314,0.2981355057217654,0.1711290584780336,0.11123233950839828,False,True,False,False,-1.0,0
2023-12-06,2023-24,N298298,1,212.5,True,1.9090909090909092,0.5767312778205679,0.5504545167871594,N298299,1,236.5,True,1.9090909090909092,0.5662864880420719,0.544753740604888,3.6446280991735542,0.3265951298610259,0.2998621570526612,0.19031778734473082,0.09288604347292262,True,False,False,False,-1.0,0
2023-12-08,2023-24,N301988,1,217.0,True,1.925925925925926,0.5950439654045341,0.5770035906968497,N301938,1,223.5,True,1.9174311926605505,0.5738589422104327,0.5514831338585714,3.6928304451240233,0.3414713005557472,0.3182077484451471,0.2609956148283592,0.17508726133260577,True,True,False,False,2.6928304451240233,1
2023-12-11,2023-24,N290793,1,231.5,True,1.9090909090909092,0.598434590014835,0.5784974865771755,N290783,1,243.5,True,1.9090909090909092,0.5793237591084363,0.5674252926674846,3.6446280991735542,0.3466873762679101,0.3282541056284581,0.2635465531747796,0.19636413704256217,True,True,False,False,2.6446280991735542,1
2023-12-12,2023-24,N290799,1,230.0,True,1.9090909090909092,0.5588492123536168,0.5557848965575575,N290797,1,215.0,True,1.9090909090909092,0.5405890604195354,0.5260178768648575,3.6446280991735542,0.3021077706224391,0.2923527912807608,0.10107046978922041,0.06551719797368216,False,True,False,False,-1.0,0
2023-12-13,2023-24,N290806,1,227.5,True,1.9090909090909092,0.5663507356586327,0.5527482443105695,N290805,1,257.5,True,1.9090909090909092,0.5372738929123175,0.5296530563119118,3.6446280991735542,0.30428546450106847,0.29276479697013646,0.10900735409067108,0.06701880548619976,True,True,False,False,2.6446280991735542,1
2023-12-14,2023-24,N290812,1,227.5,True,1.9090909090909092,0.5498764327684706,0.5362216841406404,N290813,-1,231.5,True,1.9090909090909092,0.5381379187716995,0.5306978180372293,3.6446280991735542,0.29590935911163113,0.2845716777576862,0.07847956502668896,0.037157932984625,False,False,False,False,-1.0,0
2023-12-15,2023-24,N290818,1,255.5,True,1.9090909090909092,0.5528399143482261,0.5476959899514798,N290816,1,231.5,True,1.8849557522123894,0.5359642903953684,0.5290301622680018,3.598551890587289,0.29630245239588326,0.28974769843756526,0.06625975025485609,0.04267212800581621,True,False,False,False,-1.0,0
2023-12-16,2023-24,N290828,-1,247.5,True,1.9090909090909092,0.5387402835689944,0.535248133740748,N290825,1,233.5,True,1.9090909090909092,0.5264229581774604,0.5237493336290369,3.6446280991735542,0.2836052537657539,0.28033585337290234,0.03363567694791314,0.021719928408677314,True,False,False,False,-1.0,0
2023-12-18,2023-24,N290843,-1,221.5,True,1.9090909090909092,0.5604553473070567,0.5573599030411162,N290840,1,238.0,True,1.9090909090909092,0.5666256596591455,0.5566293180289534,3.6446280991735542,0.3175683808773565,0.3102428627264601,0.15741864435466302,0.13071985506090011,True,True,False,False,2.6446280991735542,1
2023-12-19,2023-24,N290850,-1,233.5,True,1.9090909090909092,0.5522868835992134,0.5371660358410836,N290851,1,247.5,True,1.9090909090909092,0.5274903236783063,0.5187523963229738,3.6446280991735542,0.29132598699303214,0.27865616831587453,0.06177487821427441,0.0155981010520716,True,True,False,False,2.6446280991735542,1
2023-12-20,2023-24,N290863,1,231.5,True,1.9090909090909092,0.5705378294123962,0.559083669263277,N290858,1,231.5,True,1.9090909090909092,0.5527035988841652,0.5474790186147385,3.6446280991735542,0.3153383116157913,0.3060865785717859,0.14929087126085916,0.1155717450426248,True,False,False,False,-1.0,0
2023-12-21,2023-24,N290867,-1,247.5,True,1.9090909090909092,0.5534929192874746,0.5437151881211632,N290871,-1,240.5,True,1.9090909090909092,0.5411828352515304,0.5373547445868753,3.6446280991735542,0.299540867351642,0.29216793604085245,0.09171506200061263,0.06484346937203278,True,True,False,False,2.6446280991735542,1
2023-12-22,2023-24,N290875,1,225.5,True,1.9090909090909092,0.6135941719142337,0.6093370836897338,N290872,1,225.5,True,1.9090909090909092,0.5730325808127147,0.5689428597794752,3.6446280991735542,0.3516094519036539,0.3466779829641226,0.2814856883430694,0.26351231807585185,False,True,False,False,-1.0,0
2023-12-23,2023-24,N290878,-1,243.5,True,1.9174311926605505,0.5624354060133244,0.5511957242095075,N290887,1,236.5,True,1.9090909090909092,0.5593201924973168,0.5411420292661994,3.6605504587155964,0.31458147955867916,0.29827517272158527,0.151541379301954,0.09185132032947263,True,True,False,False,2.6605504587155964,1
2023-12-25,2023-24,N290891,-1,243.5,True,1.9090909090909092,0.8352789899150214,0.8164263456548069,N290895,-1,235.5,True,1.9090909090909092,0.620261708539022,0.6155650297511147,3.6446280991735542,0.5180915733914396,0.5025635077525951,0.8882511063274785,0.8316570819743343,False,False,False,False,-1.0,0
2023-12-26,2023-24,N290898,1,233.5,True,1.9090909090909092,0.5499645244637961,0.5455532818413843,N290897,1,236.5,True,1.9090909090909092,0.5405579177946561,0.5286071286779978,3.6446280991735542,0.29728767820507784,0.2883833538550326,0.0835030255242919,0.05105007479396195,False,True,False,False,-1.0,0
2023-12-27,2023-24,N290910,-1,234.5,True,1.9090909090909092,0.5763841590273971,0.5721247903835471,N290907,1,239.5,True,1.9090909090909092,0.545950910778113,0.5374382868338542,3.6446280991735542,0.3146774565790842,0.3074817671989115,0.14688230042459605,0.120656688716694,True,True,False,False,2.6446280991735542,1
2023-12-28,2023-24,N290911,1,230.5,True,1.8928571428571428,0.5726388748852106,0.5492286460321032,N290913,1,227.0,True,1.9090909090909092,0.542330699277527,0.5293118953535737,3.6136363636363638,0.31055964144999254,0.29071325561372957,0.12224961342156382,0.050531991876886506,True,True,False,False,2.6136363636363638,1
2023-12-29,2023-24,N290927,-1,234.5,True,1.8695652173913042,0.6456949324278535,0.6313012495401257,N290919,1,224.5,True,1.9090909090909092,0.5826924403679533,0.5654560880043876,3.569169960474308,0.3762415559096067,0.3569731349172412,0.3428700592346827,0.27409778984295974,False,True,False,False,-1.0,0
2023-12-30,2023-24,N290931,1,245.5,True,1.8928571428571428,0.5448427604572464,0.5418981031771204,N290930,1,229.5,True,1.9174311926605505,0.5310879994895825,0.5267472020207552,3.6294233289646134,0.28935945168762084,0.2854433096289027,0.05020794441146004,0.03599460706400892,True,True,False,False,2.6294233289646134,1
2023-12-31,2023-24,N290938,1,235.5,True,1.9090909090909092,0.60046180775881,0.581941803361375,N290939,-1,237.5,True,1.9174311926605505,0.5422266471345977,0.5299216087360529,3.6605504587155964,0.32558639275343887,0.3083835366280196,0.19182541934515718,0.1288534964640351,False,True,False,False,-1.0,0
2024-01-01,2023-24,N290946,1,228.5,True,1.9090909090909092,0.5455778500279692,0.5337486619244405,N290945,1,226.5,True,1.9090909090909092,0.5506135709825554,0.5305339869327417,3.6446280991735542,0.3004025682528852,0.2831718056307895,0.09485564131836655,0.03205591969568733,False,False,False,False,-1.0,0
2024-01-02,2023-24,N290950,1,229.5,True,1.9090909090909092,0.5833479114308592,0.5700085927991085,N290953,1,230.5,True,1.9090909090909092,0.5442092253019409,0.5362279966652583,3.6446280991735542,0.31746331496129315,0.30565456579864897,0.15703571816471307,0.11399721915044791,False,True,False,False,-1.0,0
2024-01-03,2023-24,N290959,1,218.5,True,1.9090909090909092,0.625048641525894,0.6055864825051576,N290962,1,232.5,True,1.9090909090909092,0.5808899408736421,0.5625388494864441,3.6446280991735542,0.3630844684191269,0.34066592313299393,0.3233078559738427,0.2416005958814076,False,False,False,False,-1.0,0
2024-01-05,2023-24,N290969,1,231.5,True,1.9090909090909092,0.7100382838479484,0.6890797062335268,N290980,1,240.5,True,1.9090909090909092,0.5836472087870059,0.5641687743560917,3.6446280991735542,0.4144118624997709,0.3887572532994245,0.5103771186975126,0.41687560913261335,False,False,False,False,-1.0,0
2024-01-07,2023-24,N290994,1,234.5,True,1.9090909090909092,0.5933031079569201,0.5821812023335214,N290993,-1,231.5,True,1.9090909090909092,0.561858867287986,0.5564971396391145,3.6446280991735542,0.33335261219511675,0.3239821738502653,0.21494629733922732,0.18079453444600824,True,False,False,False,-1.0,0
2024-01-08,2023-24,N291000,1,245.5,True,1.9090909090909092,0.5477742423846299,0.534412185152781,N291001,1,226.0,True,1.9090909090909092,0.5277739831269009,0.5195442286065881,3.6446280991735542,0.28910099375765663,0.2776507664931627,0.053665605348153456,0.011933785318056112,True,True,False,False,2.6446280991735542,1
2024-01-09,2023-24,N291004,1,226.5,True,1.9090909090909092,0.5705760665035099,0.5487863459392032,N291002,-1,245.5,True,1.9090909090909092,0.547633873104996,0.5387647038861167,3.6446280991735542,0.3124667812003309,0.2956667131666788,0.13882521082104082,0.07759521079756504,False,True,False,False,-1.0,0
2024-01-10,2023-24,N291012,1,228.5,True,1.9090909090909092,0.6359743775806451,0.6211125088758837,N291010,1,249.5,True,1.9090909090909092,0.5598234082026257,0.5493417929164268,3.6446280991735542,0.35603334358674027,0.341203059228698,0.29760912827894614,0.24355825718889124,True,False,False,False,-1.0,0
2024-01-11,2023-24,N291020,1,229.5,True,1.9090909090909092,0.5863896303165931,0.5782377757696687,N291019,1,231.5,True,1.9090909090909092,0.5662466115600436,0.5459781782605921,3.6446280991735542,0.3320411412207175,0.3157052074161805,0.2101664733746813,0.15062807000442646,True,False,False,False,-1.0,0
2024-01-12,2023-24,N291029,1,227.5,True,1.9174311926605505,0.564420265434687,0.5556863660117987,N291022,-1,241.5,True,1.9090909090909092,0.5568944895615928,0.5538825153309593,3.6605504587155964,0.31432253561746876,0.3077849621417352,0.15059350193917465,0.12666238435369137,True,True,False,False,2.6605504587155964,1
2024-01-13,2023-24,N291037,-1,233.5,True,1.9090909090909092,0.5749980518584666,0.5671224589042013,N291034,1,223.5,True,1.9090909090909092,0.5661228326540148,0.5525553522543806,3.6446280991735542,0.3255195258886552,0.3133665500511814,0.18639761088344597,0.1421045336576119,True,False,False,False,-1.0,0
2024-01-14,2023-24,N291043,1,222.5,True,1.8928571428571428,0.5478027849549133,0.5439478373143027,N291040,1,238.5,True,1.9090909090909092,0.5271448973058255,0.5189190114921839,3.6136363636363638,0.288771442818903,0.2822648740424492,0.04351498655012653,0.020002613017032544,False,False,False,False,-1.0,0
2024-01-15,2023-24,N291049,1,246.5,True,1.9523809523809523,0.538403295300023,0.5274363485341994,N291046,1,233.5,True,1.9090909090909092,0.5442396368485551,0.5369943657030415,3.7272727272727275,0.2930204139121499,0.2832303474298507,0.09216699730892253,0.05567674951126178,False,True,False,False,-1.0,0
2024-01-16,2023-24,N291056,1,226.5,True,1.8849557522123894,0.5511735073701653,0.5430039918810194,N291057,-1,243.5,True,1.9090909090909092,0.5266273858791579,0.5131905205551331,3.598551890587289,0.290263063352197,0.27866450125693565,0.04452669539370646,0.002788667837709813,True,True,False,False,2.598551890587289,1
2024-01-17,2023-24,N291060,1,233.5,True,1.9090909090909092,0.565538191749805,0.5618047890911724,N291063,1,217.5,True,1.9090909090909092,0.5842454071741342,0.5598026156107917,3.6446280991735542,0.3304130911113884,0.3144997903959075,0.20423283619935795,0.14623477326111756,False,False,False,False,-1.0,0
2024-01-18,2023-24,N291069,-1,239.5,True,1.9090909090909092,0.5569734649464222,0.5538478853559078,N291073,-1,246.5,True,1.8928571428571428,0.5476936278243634,0.5410543298846634,3.6136363636363638,0.30505081761841185,0.29966179646927854,0.10234272730289717,0.08286876451398406,True,False,False,False,-1.0,0
2024-01-19,2023-24,N291077,1,226.5,True,1.9090909090909092,0.5923598800986567,0.5871953493551052,N291081,1,227.0,True,1.9090909090909092,0.579571028142555,0.5623017584244964,3.6446280991735542,0.34331462473917906,0.3301809774810621,0.25125412818163606,0.20338686834006947,False,True,False,False,-1.0,0
2024-01-20,2023-24,N291082,1,238.5,True,1.9090909090909092,0.5942828796220468,0.5684961298657476,N291087,1,213.5,True,1.9090909090909092,0.5689384484596822,0.5513112871033448,3.6446280991735542,0.33811037947831946,0.3134183330695555,0.23228658966891635,0.14229326350143823,True,True,False,False,2.6446280991735542,1
2024-01-21,2023-24,N291095,1,225.5,True,1.8849557522123894,0.5881504822038525,0.5652760129181723,N291090,1,226.0,True,1.9090909090909092,0.5506612342268209,0.5364747276137718,3.598551890587289,0.32387167044147325,0.30325629505687546,0.165469011974827,0.09128351390941569,True,True,False,False,2.598551890587289,1
2024-01-22,2023-24,N291100,1,221.5,True,1.8928571428571428,0.5684665791393695,0.5573390580170579,N291103,1,237.0,True,1.9090909090909092,0.5583051004171856,0.5507978143158935,3.6136363636363638,0.3173777905502197,0.3069811349886744,0.14688792494283942,0.10931819234543694,True,False,False,False,-1.0,0
2024-01-23,2023-24,N291108,1,230.5,True,1.9090909090909092,0.5632625008566291,0.5429349252707663,N291107,1,235.0,True,1.8928571428571428,0.5579215081790779,0.5444429693044954,3.6136363636363638,0.3142562639786497,0.2955971028535303,0.13560786301375694,0.06818043985707556,True,False,False,False,-1.0,0
2024-01-25,2023-24,N291119,1,217.0,True,1.9090909090909092,0.5525713786369557,0.5434320386164843,N291117,1,236.5,True,1.9090909090909092,0.5281407538186907,0.5250490385116395,3.6446280991735542,0.29183546445195496,0.28532846937200523,0.06363173407695988,0.039916156967390926,False,True,False,False,-1.0,0
2024-01-26,2023-24,N291131,1,230.5,True,1.8849557522123894,0.5876420175728179,0.5808322132895047,N291124,1,240.5,True,1.9090909090909092,0.5505752769291934,0.5450252684862921,3.598551890587289,0.3235411665603841,0.3165682329935996,0.16427967660868736,0.13918721333899509,False,True,False,False,-1.0,0
2024-01-27,2023-24,N291138,1,237.0,True,1.9090909090909092,0.587818771049055,0.582820538595031,N291140,1,235.5,True,1.9090909090909092,0.5907429940022225,0.5661240181143565,3.6446280991735542,0.3472498207402257,0.3299487051489924,0.2655964541028064,0.20254032207194772,True,True,False,False,2.6446280991735542,1
2024-01-28,2023-24,N291142,1,232.5,True,1.9090909090909092,0.5665814470809791,0.5632595757541377,N291143,1,232.5,True,1.9090909090909092,0.5584203728355458,0.5485433169175734,3.6446280991735542,0.31639062292066344,0.3089722759697599,0.15312615461167445,0.12608903886499268,False,True,False,False,-1.0,0
2024-01-29,2023-24,N291152,1,225.5,True,1.9090909090909092,0.6191645778815486,0.5836990182354184,N291151,-1,231.5,True,1.9090909090909092,0.5496060727142579,0.5468402676467786,3.6446280991735542,0.34029661201325917,0.31919012735701807,0.24025459419708506,0.16332930714417349,True,True,False,False,2.6446280991735542,1
2024-01-30,2023-24,N291161,1,229.0,True,1.9090909090909092,0.5960862021597368,0.5917629396398912,N291162,1,223.5,True,1.9090909090909092,0.5744531801649817,0.5577414962458848,3.6446280991735542,0.342423614483127,0.33005074737761614,0.24800672716577732,0.20291222804569187,False,True,False,False,-1.0,0
2024-01-31,2023-24,N291166,1,236.5,True,1.9090909090909092,0.5820018094832434,0.5707091064890376,N291172,-1,231.5,True,1.9090909090909092,0.5760817016220404,0.5683305984958398,3.6446280991735542,0.33528059275421346,0.3243514480579407,0.2219730694595714,0.1821404015996022,False,True,False,False,-1.0,0
2024-02-02,2023-24,N291185,1,230.0,True,1.8928571428571428,0.5722565113195056,0.5663078420627512,N291183,1,223.5,True,1.9090909090909092,0.5633806782786944,0.5459854175754574,3.6136363636363638,0.32239826149658246,0.3091958236248874,0.16503008131719565,0.11732127173538842,True,False,False,False,-1.0,0
2024-02-04,2023-24,N291198,1,224.0,True,1.9090909090909092,0.5588386417733527,0.5554584614176833,N291199,1,216.5,True,1.9090909090909092,0.5725935103535027,0.5475510853717201,3.6446280991735542,0.31998737961418766,0.30414188342815823,0.16623499512278306,0.10848405447783294,False,False,False,False,-1.0,0
2024-02-05,2023-24,N291204,1,229.5,True,1.9090909090909092,0.549419874431352,0.5462353470524969,N291206,-1,244.5,True,1.9090909090909092,0.5237698500244912,0.5176759828736534,3.6446280991735542,0.287769565231384,0.28277292016573247,0.0488130435292593,0.030602130521388604,True,False,False,False,-1.0,0
2024-02-06,2023-24,N291212,1,214.5,True,1.9090909090909092,0.5708402352303766,0.5620595567220541,N291213,1,214.0,True,1.9090909090909092,0.5635510756204217,0.5492301519935352,3.6446280991735542,0.3216976285714933,0.3087000557678728,0.17246821652916178,0.12509689746803243,True,True,False,False,2.6446280991735542,1
2024-02-07,2023-24,N291217,1,234.5,True,1.9090909090909092,0.5674578334079667,0.5629415858245337,N291218,1,234.5,True,1.925925925925926,0.55080223175525,0.5425374558883128,3.6767676767676774,0.31255704106810694,0.3054168957869748,0.14919962574536294,0.12294697036827107,False,False,False,False,-1.0,0
2024-02-08,2023-24,N291226,-1,234.5,True,1.9090909090909092,0.561685858163017,0.5551189695051209,N291227,1,211.5,True,1.9090909090909092,0.5727755505476329,0.5508657376519684,3.6446280991735542,0.3217199266441417,0.305796020621039,0.1725494847112934,0.11451276937089405,True,True,False,False,2.6446280991735542,1
2024-02-09,2023-24,N291235,-1,241.0,True,1.9090909090909092,0.6552629213312936,0.6483967753460957,N291237,-1,237.5,True,1.9090909090909092,0.539443995946002,0.5365434976240753,3.6446280991735542,0.3534776486782038,0.347893073692366,0.2882945708023792,0.26794087188705307,True,False,False,False,-1.0,0
2024-02-10,2023-24,N291244,1,234.0,True,1.9090909090909092,0.5807887775035185,0.557673247129975,N291242,1,215.5,True,1.9174311926605505,0.5560068929725112,0.5338105494290103,3.6605504587155964,0.32292256365303446,0.2976918624523122,0.18207433850973165,0.0897160836557116,True,True,False,False,2.6605504587155964,1
2024-02-11,2023-24,N291250,-1,239.5,True,1.9523809523809523,0.570716585484616,0.5523436314749759,N291249,-1,227.5,True,1.9090909090909092,0.5767500884923638,0.5615574171182395,3.7272727272727275,0.329160841182312,0.31017266305279617,0.22687222622498093,0.1560981077422403,False,True,False,False,-1.0,0
2024-02-12,2023-24,N291251,1,229.0,True,1.925925925925926,0.6991501325451692,0.6939515784594851,N291255,1,219.5,True,1.9090909090909092,0.5784617633890478,0.5569284466778425,3.6767676767676774,0.40443161854576504,0.38648137466107796,0.4870011025319041,0.42100222602658977,False,False,False,False,-1.0,0
2024-02-13,2023-24,N291266,1,235.5,True,1.9090909090909092,0.5824350477430122,0.557036209230508,N291265,1,214.5,True,1.9090909090909092,0.5527159236260363,0.5428076021943051,3.6446280991735542,0.32192112536545353,0.3023634890678173,0.1732827792245044,0.1020024684207228,True,True,False,False,2.6446280991735542,1
2024-02-14,2023-24,N291279,1,227.5,True,1.9090909090909092,0.6982085102465703,0.686304772361897,N291267,1,237.0,True,1.9174311926605505,0.5831782111363447,0.5774778627243433,3.6605504587155964,0.40717999000576705,0.39632581312106524,0.4905028991954228,0.45077063702114706,True,False,False,False,-1.0,0
2024-02-15,2023-24,N291281,1,214.5,True,1.9174311926605505,0.5591154799368293,0.550848001821275,N291280,1,225.0,True,1.9090909090909092,0.5130727759931563,0.510731895141322,3.6605504587155964,0.28686693139193487,0.28133564390499016,0.050090877297082725,0.02984332034945969,True,False,False,False,-1.0,0
2024-02-22,2023-24,N291282,1,215.5,True,1.9174311926605505,0.5859422219233711,0.5487483760061899,N291288,1,226.0,True,1.9090909090909092,0.5779096189841034,0.5386627660549715,3.6605504587155964,0.3386216462184344,0.29559031808766784,0.23954162239592036,0.08202327446770163,True,True,False,False,2.6605504587155964,1
2024-02-23,2023-24,N291298,1,223.5,True,1.9090909090909092,0.5805940454903887,0.5489718436684908,N291294,1,243.5,True,1.9090909090909092,0.5532520183133182,0.538022497520054,3.6446280991735542,0.32121482748825203,0.2953592023987101,0.17070858613486917,0.07647444841182804,False,True,False,False,-1.0,0
2024-02-25,2023-24,N291316,-1,223.5,True,1.9090909090909092,0.6096595771351462,0.6050701665404484,N291311,1,226.5,True,1.9090909090909092,0.6063933826106919,0.5917428692936071,3.6446280991735542,0.3696935332199853,0.3580459564726056,0.34739543925631033,0.30494435375552986,True,False,False,False,-1.0,0
2024-02-26,2023-24,N291319,-1,247.5,True,1.9090909090909092,0.5369905389175698,0.5342655155981274,N291318,1,223.0,True,1.9090909090909092,0.5261365745651133,0.5157182352163528,3.6446280991735542,0.28253036271996435,0.2755304688412211,0.029718098838878326,0.004206088917177997,False,True,False,False,-1.0,0
2024-02-27,2023-24,N291329,1,226.5,True,1.9090909090909092,0.5751225413228113,0.5458177865038764,N291324,1,241.5,True,1.9090909090909092,0.5560808221406457,0.5442660100112252,3.6446280991735542,0.31981461561040636,0.2970700688536235,0.1656053345800761,0.08270992036733893,False,False,False,False,-1.0,0
2024-02-28,2023-24,N291333,-1,242.5,True,1.9090909090909092,0.5952602866337838,0.5893727689850863,N291335,-1,220.5,True,1.9090909090909092,0.5887950749626863,0.5772903745547996,3.6446280991735542,0.3504863250908489,0.3402392265597998,0.277392308802185,0.24004544556092355,True,True,False,False,2.6446280991735542,1
2024-02-29,2023-24,N291345,-1,221.5,True,1.9090909090909092,0.6108605570553896,0.6026021998852464,N291341,1,225.5,True,1.9174311926605505,0.5643996331736324,0.5497451419413018,3.6605504587155964,0.3447694743223026,0.3312776319100555,0.2620460573816399,0.21265848745057014,True,False,False,False,-1.0,0
2024-03-01,2023-24,N291348,1,211.5,True,1.9090909090909092,0.6180513647448431,0.6120118273779217,N291349,1,236.5,True,1.9523809523809523,0.537798188217771,0.5350918020246795,3.7272727272727275,0.33238690418529737,0.32748251157206926,0.23889664287247236,0.2206166340413489,True,True,False,False,2.7272727272727275,1
2024-03-02,2023-24,N291360,1,228.5,True,1.9090909090909092,0.5576199867916085,0.5476560931395094,N291358,1,206.5,True,1.9090909090909092,0.5488708958330163,0.5430715139495629,3.6446280991735542,0.30606138168470487,0.29741642362497617,0.11547991175995764,0.08397225469929359,False,True,False,False,-1.0,0
2024-03-03,2023-24,N291362,1,230.5,True,1.9090909090909092,0.5384294857527728,0.5274233361353236,N291365,-1,227.0,True,1.9090909090909092,0.5299477945472572,0.5259480191349161,3.6446280991735542,0.28533951849389577,0.27739725888590244,0.03995642690750456,0.011009844369280763,False,True,False,False,-1.0,0
2024-03-04,2023-24,N291372,1,241.5,True,1.8928571428571428,0.5826467349965377,0.5756606417294214,N291369,-1,215.5,True,1.9090909090909092,0.5484186405651714,0.5435452421998651,3.6136363636363638,0.31953433033653694,0.31289760293374813,0.15468087553430387,0.1306981560560445,True,True,False,False,2.6136363636363638,1
2024-03-05,2023-24,N291381,1,227.5,True,1.9090909090909092,0.5570182492329007,0.539723407864062,N291376,1,218.5,True,1.9090909090909092,0.5408390260488177,0.529206060050179,3.6446280991735542,0.3012572074065396,0.28562489819259607,0.09797048319242929,0.04099652977632107,False,False,False,False,-1.0,0
2024-03-06,2023-24,N291391,1,235.5,True,1.9090909090909092,0.5887780618012105,0.5793594643816752,N291388,1,225.5,True,1.9090909090909092,0.5782838841670868,0.5662551678390052,3.6446280991735542,0.3404808644907731,0.32806529074256163,0.24092612595397456,0.19567597700388184,True,True,False,False,2.6446280991735542,1
2024-03-07,2023-24,N291393,1,228.5,True,1.8928571428571428,0.5456506479470113,0.5427923031776721,N291392,1,216.5,True,1.9174311926605505,0.534004998979291,0.5314912008547024,3.6294233289646134,0.29138017369999325,0.28848933303059066,0.057542000024516815,0.047049915458667435,False,True,False,False,-1.0,0
2024-03-08,2023-24,N291400,-1,228.0,True,1.9090909090909092,0.5404314508349681,0.5289731317417594,N291403,1,214.0,True,1.9090909090909092,0.5381427816984797,0.5218483630792953,3.6446280991735542,0.2908292842696749,0.27604376291236554,0.05996458151179063,0.0060768549120100435,True,False,False,False,-1.0,0
2024-03-09,2023-24,N291408,-1,216.5,True,1.9090909090909092,0.6117725952783801,0.5965469219519943,N291407,1,220.5,True,1.9090909090909092,0.5484868634240081,0.5355730598262021,3.6446280991735542,0.33554923191300384,0.31949446031973217,0.22295215928623735,0.16443848761158586,True,False,False,False,-1.0,0
2024-03-10,2023-24,N291419,1,227.5,True,1.9090909090909092,0.6168674094560304,0.603387937739297,N291416,-1,232.5,True,1.9090909090909092,0.5659972114124336,0.5623583340144309,3.6446280991735542,0.3491452335633251,0.3393202354314742,0.27250452893740795,0.23669606467173665,False,True,False,False,-1.0,0
2024-03-11,2023-24,N291424,1,222.5,True,1.9523809523809523,0.5471537823216784,0.5338555012531517,N291427,-1,229.5,True,1.9090909090909092,0.5566775779325802,0.5416768777969263,3.7272727272727275,0.30458824229948217,0.2891771811135203,0.13528344857079722,0.07784222051403011,True,False,False,False,-1.0,0
2024-03-12,2023-24,N291429,-1,215.0,True,1.9090909090909092,0.5694205292291863,0.5615327639794317,N291430,1,217.5,True,1.9090909090909092,0.5262327936523787,0.5240023768960383,3.6446280991735542,0.2996477558592907,0.2942445030302243,0.09210463085906762,0.07241178377131363,True,False,False,False,-1.0,0
2024-03-13,2023-24,N291441,1,214.5,True,1.8695652173913042,0.5781614668710221,0.5745682481584717,N291443,1,218.5,True,1.9090909090909092,0.5550901050042699,0.5363488816454749,3.569169960474308,0.3209317093548584,0.308169037328796,0.14545981639303207,0.09990767078222462,False,False,False,False,-1.0,0
2024-03-14,2023-24,N291446,1,215.5,True,1.9090909090909092,0.5760966166441065,0.5719976042661072,N291450,-1,213.5,True,1.9090909090909092,0.5495648640404787,0.5464274793490834,3.6446280991735542,0.31660245880019816,0.3125552090928435,0.1538982176106396,0.13914749760284306,True,True,False,False,2.6446280991735542,1
2024-03-15,2023-24,N291454,-1,223.5,True,1.9090909090909092,0.6453059938997934,0.6404549488361561,N291453,-1,223.5,True,1.9090909090909092,0.6069038923513965,0.5954438691290377,3.6446280991735542,0.39163871945547113,0.38135497273784064,0.4273774816517586,0.38989704939989855,True,True,False,False,2.6446280991735542,1
2024-03-16,2023-24,N291461,1,225.0,True,1.9090909090909092,0.5670739266193123,0.5500820634421177,N291459,1,206.5,True,1.9174311926605505,0.5316986223656306,0.5290212111254148,3.6605504587155964,0.30151242556295704,0.2910050794205164,0.10370144770293477,0.06523877696134006,False,True,True,False,0.9174311926605505,1
2024-03-17,2023-24,N291466,-1,232.5,True,1.9090909090909092,0.596994081766786,0.589096399974709,N291472,1,224.0,True,1.9090909090909092,0.5668689404888883,0.5606387310440331,3.6446280991735542,0.3384174026092747,0.330270258144429,0.2334055747990924,0.2037122631544892,False,False,False,False,-1.0,0
2024-03-18,2023-24,N291475,-1,215.5,True,1.9090909090909092,0.579221777681235,0.5670780311879643,N291480,1,226.5,True,1.9090909090909092,0.5462748738742927,0.5285515001374504,3.6446280991735542,0.31641430354806027,0.29972994407939046,0.153212461691691,0.09240417635546438,True,True,False,False,2.6446280991735542,1
2024-03-19,2023-24,N291484,-1,236.5,True,1.9090909090909092,0.5694590360501426,0.5644470027966613,N291483,-1,217.5,True,1.9090909090909092,0.525293453090189,0.5230911635420609,3.6446280991735542,0.29913310344018984,0.2952572394507344,0.09022891419110501,0.07610283138656104,True,True,False,False,2.6446280991735542,1
2024-03-20,2023-24,N291490,1,232.5,True,1.9090909090909092,0.5670005756874272,0.5545674751720059,N291486,1,201.5,True,1.9090909090909092,0.5462884817363257,0.5432388685174386,3.6446280991735542,0.30974588363590727,0.3012626077290132,0.12890855110276966,0.09799016535946148,False,True,False,False,-1.0,0
2024-03-21,2023-24,N291496,1,212.5,True,1.9090909090909092,0.5663230022385778,0.5480177599428704,N291498,1,237.5,True,1.9523809523809523,0.5286883542554397,0.5246946093011204,3.7272727272727275,0.2994083760305134,0.2875419644432996,0.11597667429554992,0.07174732201593459,True,False,False,False,-1.0,0
2024-03-22,2023-24,N291508,-1,227.0,True,1.9090909090909092,0.5596500503808743,0.5492375379853803,N291505,-1,221.5,True,1.925925925925926,0.5487509951870732,0.5434226482308072,3.6767676767676774,0.30710852210300044,0.29846811739978396,0.12916668732820358,0.09739792660122615,True,True,False,False,2.6767676767676774,1
2024-03-23,2023-24,N291516,-1,216.5,True,1.9090909090909092,0.5797262651790904,0.5577171570506544,N291510,-1,217.5,True,1.9090909090909092,0.5414227417136295,0.5388934674533542,3.6446280991735542,0.31387698393666574,0.3005501326212541,0.14396487533941804,0.09539345856176062,False,True,False,False,-1.0,0
2024-03-24,2023-24,N291521,-1,219.5,True,1.9090909090909092,0.5410847643659409,0.5370529429677147,N291520,-1,232.5,True,1.9090909090909092,0.5446273908537362,0.5340520610260595,3.6446280991735542,0.29468958344733104,0.2868142310720188,0.07403393636589262,0.04533120580793626,False,True,False,False,-1.0,0
2024-03-25,2023-24,N291533,-1,237.5,True,1.9090909090909092,0.5841570971795561,0.5801265592135209,N291528,1,215.5,True,1.9090909090909092,0.5983992506870401,0.56587596905333,3.6446280991735542,0.34955916923576286,0.32827967886852516,0.27401317052042495,0.19645734199189735,False,False,False,False,-1.0,0
2024-03-26,2023-24,N291537,-1,237.5,True,1.9090909090909092,0.5652911705028935,0.5354791431666087,N291534,-1,219.5,True,1.9090909090909092,0.5401238309497538,0.5289876209477122,3.6446280991735542,0.3053272326140933,0.2832618380108237,0.11280421142822439,0.032384054237796,True,True,False,False,2.6446280991735542,1
2024-03-27,2023-24,N291546,1,211.0,True,1.9090909090909092,0.611895708525234,0.5858661959170426,N291545,1,216.5,True,1.9090909090909092,0.5660885386801379,0.544569604011943,3.6446280991735542,0.3463871474636973,0.3190449223145273,0.2624523308387645,0.1628000887661698,False,True,False,False,-1.0,0
2024-03-28,2023-24,N291551,-1,226.0,True,1.9090909090909092,0.5791637171383881,0.5603171690285167,N291550,-1,227.5,True,1.9090909090909092,0.5245271724003249,0.522168782734992,3.6446280991735542,0.3037871069074603,0.29258013409713735,0.10719102600157027,0.06634577799039332,True,False,False,False,-1.0,0
2024-03-30,2023-24,N291564,-1,225.5,True,1.9090909090909092,0.5873175238206347,0.5704898419592856,N291566,-1,227.0,True,1.9090909090909092,0.5129958308265167,0.5112451552189652,3.6446280991735542,0.30129144109133904,0.2916601678033179,0.09809525224198778,0.06299284298564656,True,False,False,False,-1.0,0
2024-03-31,2023-24,N291571,1,214.5,True,1.9090909090909092,0.5728796556279424,0.5638379608219245,N291568,1,222.0,True,1.9090909090909092,0.558147424635944,0.5464721322903093,3.6446280991735542,0.31975130441506255,0.308121732716577,0.16537458881853384,0.1229891250248798,True,False,False,False,-1.0,0
2024-04-01,2023-24,N291580,1,207.5,True,1.9090909090909092,0.5721824240947331,0.5439577271856433,N291582,-1,225.5,True,1.9090909090909092,0.5320228115147478,0.5220815618384463,3.6446280991735542,0.30441410196620367,0.28399029978317214,0.10947618981070928,0.03503902648247048,False,False,False,False,-1.0,0
2024-04-02,2023-24,N291590,1,210.5,True,1.9090909090909092,0.5841490618589767,0.5475336869162339,N291584,1,229.5,True,1.9090909090909092,0.58015726977653,0.5453140923051517,3.6446280991735542,0.3388983248706253,0.2985778354872192,0.23515835758632875,0.08820516900713793,True,True,False,False,2.6446280991735542,1
2024-04-03,2023-24,N291595,-1,230.5,True,1.8849557522123894,0.5630904185636766,0.5584553237342332,N291592,1,211.5,True,1.8928571428571428,0.5645511709942233,0.5537218846469691,3.56795195954488,0.3178933551757509,0.3092289343492529,0.13422821952561703,0.10331398225939181,False,False,False,False,-1.0,0
2024-04-04,2023-24,N291604,-1,223.5,True,1.9090909090909092,0.6206964836982418,0.6162873847372257,N291614,1,230.5,True,1.9090909090909092,0.5281697884099579,0.524536134335599,3.6446280991735542,0.32783313046170526,0.3232650024298604,0.19482983912076057,0.17818071133527624,True,False,False,False,-1.0,0
2024-04-05,2023-24,N291605,1,202.5,True,1.9090909090909092,0.5984596268441245,0.5777355534346272,N291612,1,224.5,True,1.9090909090909092,0.5778813417218183,0.5440363557151602,3.6446280991735542,0.3458386521270213,0.3143091450576558,0.2604532693224497,0.14553994190434905,True,True,False,False,2.6446280991735542,1
2024-04-06,2023-24,N291617,1,224.5,True,1.9090909090909092,0.5603398895105826,0.5417676819218666,N291620,1,221.5,True,1.9090909090909092,0.5266808786734599,0.5132169899978681,3.6446280991735542,0.2951203053632231,0.2780443789940628,0.07560375756348248,0.013368356499022571,False,True,False,False,-1.0,0
2024-04-07,2023-24,N291632,1,225.5,True,1.9090909090909092,0.6534801153710433,0.6341361305227008,N291630,-1,232.5,True,1.9090909090909092,0.5830550988270617,0.576307716912295,3.6446280991735542,0.3810149132491834,0.3654575455931348,0.38865765903214755,0.33195683972373935,True,False,False,False,-1.0,0
2024-04-09,2023-24,N291639,1,210.5,True,1.9090909090909092,0.5946258975482819,0.5820547477060366,N291636,1,239.0,True,1.9090909090909092,0.5649068109257558,0.5409762634727286,3.6446280991735542,0.3359082194778651,0.31487780255057346,0.22426053545238434,0.14761248698184204,True,True,False,False,2.6446280991735542,1
2024-04-10,2023-24,N291652,1,212.5,True,1.9090909090909092,0.607955785438306,0.6015465340213436,N291650,1,215.5,True,1.9090909090909092,0.6092336128912037,0.5880341288395298,3.6446280991735542,0.3703870996406886,0.35372989208967937,0.3499232309218485,0.28921390422767446,True,False,False,False,-1.0,0
2024-04-12,2023-24,N291673,-1,225.5,True,1.9090909090909092,0.6562574086662042,0.6265450763234393,N291666,1,215.0,True,1.9090909090909092,0.6274792927408624,0.5945500558466735,3.6446280991735542,0.4117879346458209,0.3725124101185591,0.5008138775108022,0.3576691972089636,True,True,False,False,2.6446280991735542,1
2024-04-14,2023-24,N291687,1,213.5,True,1.9090909090909092,0.5936344038136362,0.5579796618873868,N291677,1,206.5,True,1.9090909090909092,0.5936777725989929,0.5465936838015423,3.6446280991735542,0.35242755059421066,0.30498815887736574,0.28446735381856936,0.11156841375965532,True,True,False,False,2.6446280991735542,1
2024-04-20,2023-24,N298379,1,207.0,True,1.9523809523809523,0.5568961635301782,0.5281818999174616,N298382,1,223.0,True,1.9090909090909092,0.5449362677285506,0.5222495425807294,3.7272727272727275,0.3034729168664839,0.2758427556313149,0.131126326502349,0.02814118008035571,False,False,False,False,-1.0,0
2024-04-21,2023-24,N298381,1,233.0,True,1.925925925925926,0.5804228835982448,0.5696164465842521,N298386,1,214.5,True,1.9090909090909092,0.5408625239688575,0.5287312712918292,3.6767676767676774,0.31392898579222905,0.30117402795122594,0.1542439477613271,0.10734693105299264,False,False,False,False,-1.0,0
2024-04-22,2023-24,N298387,1,201.5,True,1.9090909090909092,0.5667684693302955,0.5477196297080158,N298388,1,208.0,True,1.8928571428571428,0.5438130012144903,0.5337764555340159,3.6136363636363638,0.3082160623002508,0.29235984257194836,0.11378077058499714,0.05648215838499504,False,False,False,False,-1.0,0
2024-04-23,2023-24,N298391,-1,228.5,True,1.9090909090909092,0.544422668990759,0.5415304423770116,N298393,-1,219.5,True,1.9090909090909092,0.5378325162519965,0.5305782382663392,3.6446280991735542,0.29280821396792767,0.28732426808398615,0.06717704429633153,0.04719010103337129,False,True,False,False,-1.0,0
2024-04-26,2023-24,N298401,-1,212.5,True,1.9090909090909092,0.5553980425711226,0.5479693425011545,N298398,1,208.5,True,1.9090909090909092,0.5270043494922565,0.5191877906795503,3.6446280991735542,0.29269718413446705,0.2844989922933002,0.0667723818454542,0.03689302149872242,True,True,False,False,2.6446280991735542,1
2024-04-27,2023-24,N298407,1,215.5,True,1.9090909090909092,0.5592002579067383,0.5413143107523442,N298396,1,204.0,True,1.8849557522123894,0.5671275510672278,0.5452281577147677,3.598551890587289,0.3171378728228107,0.2951398043961399,0.14123709182335675,0.062075901097291775,True,False,False,False,-1.0,0
2024-04-28,2023-24,N298406,-1,212.0,True,1.9174311926605505,0.5428063489873193,0.5366302981989295,N298405,1,222.5,True,1.9090909090909092,0.5385048215305575,0.5247469997375963,3.6605504587155964,0.29230383608706983,0.2815951389481799,0.06999294127285216,0.030793215048842137,False,True,False,False,-1.0,0
2024-05-01,2023-24,N298412,1,200.0,True,1.9523809523809523,0.5485527954642697,0.5268200437061282,N298417,-1,211.5,True,1.9090909090909092,0.5308119920187787,0.5285665259099209,3.7272727272727275,0.29117840208785867,0.2784594402814609,0.08530131687292775,0.03789427741271778,True,False,False,False,-1.0,0
2024-05-09,2023-24,N298441,-1,220.5,True,1.9090909090909092,0.5458673063581041,0.5420398418091399,N298439,1,211.5,True,1.9090909090909092,0.5554243729508673,0.5385955631966178,3.6446280991735542,0.303188006348329,0.29194025387419936,0.10500752726952944,0.0640136525497681,False,True,False,False,-1.0,0
2024-05-10,2023-24,N298442,1,222.5,True,1.9090909090909092,0.5730999332426705,0.5693989816256092,N298444,1,203.5,True,1.8928571428571428,0.5470065729205236,0.5322391096769192,3.6136363636363638,0.313489430424054,0.3030564070313587,0.1328368053960136,0.09513565268150082,False,True,False,False,-1.0,0
2024-05-14,2023-24,N298452,-1,240.5,True,1.8849557522123894,0.9590585079001656,0.9511931166561725,N298451,-1,217.5,True,1.9090909090909092,0.5040480471374976,0.5022215040953997,3.598551890587289,0.4834115679976808,0.4777096377322539,0.73958161194982,0.7190629200131711,True,True,False,False,2.598551890587289,1
2024-05-15,2023-24,N298450,1,204.5,True,1.9090909090909092,0.5587575083967602,0.5400472809231688,N298453,-1,215.0,True,1.9090909090909092,0.5381715826701664,0.535046094339891,3.6446280991735542,0.3007074126227232,0.2889501884168194,0.09596668567455335,0.053115975965432716,True,True,False,False,2.6446280991735542,1
2024-05-19,2023-24,N298461,-1,201.5,True,1.9090909090909092,0.5601962728562014,0.543966627079638,N298459,1,208.5,True,1.925925925925926,0.5299642908795272,0.5178263381613099,3.6767676767676774,0.29688402049759094,0.28168024658260776,0.09157357031437496,0.035672825818881204,True,True,False,False,2.6767676767676774,1
2024-10-25,2024-25,N315498,1,219.5,True,1.9090909090909092,0.615698618397661,0.5639425866506471,N315504,1,233.5,True,1.9090909090909092,0.5371759129114334,0.5276845386870207,3.6446280991735542,0.3307384674160718,0.29758378368271193,0.20541871182221239,0.08458221986839654,True,False,False,False,-1.0,0
2024-10-26,2024-25,N315513,1,220.5,True,1.9174311926605505,0.594607830097426,0.5520106460746852,N315512,1,220.5,True,1.9090909090909092,0.5589419009716402,0.5425115859013652,3.6605504587155964,0.33235123088727736,0.29947217103641466,0.21658845067911625,0.0962329930599033,False,True,False,False,-1.0,0
2024-10-27,2024-25,N315521,-1,222.5,True,1.9090909090909092,0.5393508093400103,0.5291684916865786,N315517,1,226.5,True,1.9090909090909092,0.5446668023618837,0.5242339226258499,3.6446280991735542,0.29376648067451744,0.2774080741268596,0.07066957006167107,0.011049261900372587,True,True,False,False,2.6446280991735542,1
2024-10-28,2024-25,N315532,1,220.5,True,1.9090909090909092,0.6705602466285692,0.6549366190140554,N315524,1,231.5,True,1.9090909090909092,0.5965089396081508,0.5530800934709081,3.6446280991735542,0.39999518165978787,0.3622324064618143,0.4578336786112931,0.3202024070219849,False,True,False,False,-1.0,0
2024-10-29,2024-25,N315536,1,215.0,True,1.8849557522123894,0.6112797887701528,0.6068118073911256,N315534,-1,226.0,True,1.9090909090909092,0.5995416621028594,0.5547884605256755,3.598551890587289,0.3664877005691422,0.33665218845132533,0.31882500776007494,0.21146036922186484,True,False,False,False,-1.0,0
2024-10-30,2024-25,N315541,1,222.5,True,1.8928571428571428,0.6572413134949978,0.6297112847246397,N315545,1,220.5,True,1.8849557522123894,0.5878118977307003,0.5819156748624277,3.56795195954488,0.3863342637525128,0.366438867219025,0.37842209339510635,0.3074362743475265,True,False,False,False,-1.0,0
2024-10-31,2024-25,N315549,-1,227.5,True,1.9090909090909092,0.5781660166186611,0.5455933353428816,N315551,1,219.5,True,1.8928571428571428,0.5435314017418534,0.5404692865594181,3.6136363636363638,0.31425138545224457,0.29487644070434055,0.13559023379333857,0.06557622890886705,True,True,False,False,2.6136363636363638,1
2024-11-01,2024-25,N315557,1,215.5,True,1.9090909090909092,0.6559515941895716,0.603294987078126,N315559,1,217.5,True,1.9090909090909092,0.602753340935987,0.5753891377318711,3.6446280991735542,0.39537701489005106,0.3471293824128432,0.4410021782356408,0.26515750119061043,True,True,False,False,2.6446280991735542,1
2024-11-02,2024-25,N315564,1,229.5,True,1.9090909090909092,0.5770739211605103,0.5597368189305044,N315566,1,216.5,True,1.925925925925926,0.5651526659346429,0.5528387479348187,3.6767676767676774,0.32613486498522026,0.3094442021505584,0.1991221298446486,0.1377544402303359,False,True,False,False,-1.0,0
2024-11-03,2024-25,N315571,1,219.0,True,1.9090909090909092,0.5636636330360951,0.5347399176228024,N315572,1,227.5,True,1.9090909090909092,0.5435611434138319,0.5262288744214784,3.6446280991735542,0.3063856488738944,0.28139558495888134,0.1166617450693177,0.025582255924518238,False,True,False,False,-1.0,0
2024-11-04,2024-25,N315588,-1,227.0,True,1.9090909090909092,0.6344271674763191,0.626970942335585,N315586,1,223.5,True,1.9090909090909092,0.685989874216327,0.6156188409686383,3.6446280991735542,0.43521061281650075,0.3859751248416478,0.5861808285295607,0.4067357855798899,True,True,False,False,2.6446280991735542,1
2024-11-06,2024-25,N315599,1,233.5,True,1.9174311926605505,0.6232616453762987,0.5732971169675253,N315593,1,226.5,True,1.9090909090909092,0.5953089198448114,0.5624327153579729,3.6605504587155964,0.37103321688966423,0.32244105420294267,0.3581858122841839,0.18031174887132217,False,True,False,False,-1.0,0
2024-11-07,2024-25,N315602,1,227.5,True,1.925925925925926,0.54149585078593,0.5224848716544466,N315601,1,224.5,True,1.8695652173913042,0.5576747145501361,0.5368442967735351,3.600644122383253,0.3019785440171266,0.2804930234981421,0.08731726960111907,0.009955556428092871,False,True,False,False,-1.0,0
2024-11-08,2024-25,N315614,1,219.5,True,1.9090909090909092,0.5814350722475146,0.5643649204811627,N315611,1,227.5,True,1.9090909090909092,0.6104944398178728,0.5609838218991537,3.6446280991735542,0.3549628787222108,0.3165995900373346,0.2937076819545039,0.1538877620368977,True,True,False,False,2.6446280991735542,1
2024-11-09,2024-25,N315618,1,223.0,True,1.9090909090909092,0.5778388602612635,0.5556415286599717,N315617,1,222.0,True,1.9174311926605505,0.5416657142719913,0.5351221461140229,3.6605504587155964,0.31299549897753065,0.29733608728660044,0.14573581735811691,0.08841375070966584,False,False,False,False,-1.0,0
2024-11-10,2024-25,N315624,1,219.5,True,1.925925925925926,0.6087644556266565,0.5794702240701013,N315631,1,233.5,True,1.9090909090909092,0.6199610529120614,0.5713645619771854,3.6767676767676774,0.3774102528857398,0.3310887507546349,0.3876498186910031,0.21733641691603167,False,False,False,False,-1.0,0
2024-11-11,2024-25,N315634,1,227.5,True,1.9090909090909092,0.5689791028726668,0.5376906236755645,N315636,1,236.5,True,1.9090909090909092,0.5444860434798822,0.5241341916332414,3.6446280991735542,0.30980118054587125,0.2818220403889654,0.12911008777462163,0.027136527368047503,False,False,False,False,-1.0,0
2024-11-12,2024-25,N315425,1,228.5,True,1.9090909090909092,0.5997839443991394,0.565036957196467,N315422,-1,236.5,True,1.9090909090909092,0.5601413244182142,0.5402311057722149,3.6446280991735542,0.3359637729805145,0.305250540188415,0.2244630073091478,0.11252469605860349,False,True,False,False,-1.0,0
2024-11-13,2024-25,N315638,1,221.5,True,1.9090909090909092,0.5775920136995376,0.5549420936250338,N315646,1,230.5,True,1.925925925925926,0.5790466469651557,0.5432959747603106,3.6767676767676774,0.3344527188465696,0.3014978056915402,0.22970494606213454,0.10853738658303702,False,True,False,False,-1.0,0
2024-11-15,2024-25,N315433,1,217.5,True,1.9090909090909092,0.8255668099024135,0.805316802081031,N315437,-1,224.5,True,1.9090909090909092,0.6837166097560027,0.6703275768801642,3.6446280991735542,0.5644537403935564,0.5398260605598603,1.0572239629219702,0.9674652289826311,True,False,False,False,-1.0,0
2024-11-16,2024-25,N315652,-1,227.5,True,1.9090909090909092,0.5765853889506406,0.5701853475810377,N315653,1,224.5,True,1.9090909090909092,0.5402478196571091,0.5243568837910482,3.6446280991735542,0.3114989992267298,0.2989806120409086,0.13529800544618076,0.08967313975240243,True,True,False,False,2.6446280991735542,1
2024-11-17,2024-25,N315659,1,225.5,True,1.9090909090909092,0.6096313757654661,0.5874329343937693,N315658,1,223.0,True,1.9090909090909092,0.6098953606953323,0.5712203326966473,3.6446280991735542,0.37181134781367065,0.3355536362213767,0.35511408583329573,0.2229682113522904,False,False,False,False,-1.0,0
2024-11-18,2024-25,N315665,-1,220.5,True,1.9090909090909092,0.605347903644293,0.5980876617603837,N315666,1,230.5,True,1.9090909090909092,0.5909909280958148,0.5600750453208342,3.6446280991735542,0.35775511939559657,0.3349739742662787,0.3038843607723811,0.22085555910271837,True,True,False,False,2.6446280991735542,1
2024-11-19,2024-25,N315441,1,227.5,True,1.9090909090909092,0.5658602022110477,0.5566985321233482,N315443,1,227.5,True,1.9090909090909092,0.5695667447263079,0.5486231673476961,3.6446280991735542,0.32229515334351677,0.30541771195132444,0.17464597210323052,0.11313397496309174,True,True,False,False,2.6446280991735542,1
2024-11-20,2024-25,N315673,1,236.5,True,1.9090909090909092,0.5644000756441396,0.5502458388453346,N315676,1,230.5,True,1.9090909090909092,0.5535162326319503,0.5392165805642306,3.6446280991735542,0.3124046035677319,0.29670167969187805,0.1385985964741303,0.08136727887701012,False,True,False,False,-1.0,0
2024-11-21,2024-25,N315680,-1,220.5,True,1.925925925925926,0.534098457328499,0.5263219009343845,N315682,1,221.5,True,1.8695652173913042,0.555683968309615,0.5407074145128279,3.600644122383253,0.2967899502363439,0.28458615425570777,0.06863498990090977,0.024693463632467605,False,True,False,False,-1.0,0
2024-11-22,2024-25,N315454,-1,225.5,True,1.9090909090909092,0.5895123635676849,0.5807604721632135,N315450,1,239.5,True,1.9090909090909092,0.5864858508168793,0.5675495283527322,3.6446280991735542,0.3457406601140632,0.32961033206214185,0.2600961248785276,0.20130707801160796,True,True,False,False,2.6446280991735542,1
2024-11-23,2024-25,N315687,-1,228.0,True,1.9090909090909092,0.5711585366178494,0.559183911787525,N315686,1,241.5,True,1.8849557522123894,0.5741352371940347,0.5629165105138164,3.598551890587289,0.3279222418964867,0.3147738563588993,0.18004520354222464,0.13273005590776887,True,True,False,False,2.598551890587289,1
2024-11-24,2024-25,N315695,1,228.0,True,1.9090909090909092,0.6614579405685099,0.6500554322448637,N315691,1,221.5,True,1.9174311926605505,0.5763798017682584,0.5710857276097405,3.6605504587155964,0.38125099666291823,0.3712373795102224,0.3955885107202237,0.3589331598585206,True,False,False,False,-1.0,0
2024-11-25,2024-25,N315697,1,222.0,True,1.8928571428571428,0.5836600875764584,0.5684696371490506,N315700,1,219.5,True,1.9090909090909092,0.5618994750633596,0.5580723231357998,3.6136363636363638,0.32795829682464644,0.31724717103593586,0.1851220271617906,0.14641591351622285,False,True,False,False,-1.0,0
2024-11-26,2024-25,N315458,1,222.5,True,1.9523809523809523,0.6171379780412721,0.6073739557156206,N315455,1,240.5,True,1.9090909090909092,0.5753144691127938,0.5541411596096348,3.7272727272727275,0.35504840820615746,0.336570908136945,0.32336224876840514,0.2544915666922496,True,False,False,False,-1.0,0
2024-11-27,2024-25,N315719,1,227.5,True,1.9090909090909092,0.557502650603125,0.5487394316328775,N315717,1,232.5,True,1.9090909090909092,0.5693363917944915,0.5479223850344968,3.6446280991735542,0.31740654751024827,0.3006666181427604,0.15682882191751646,0.09581800496658976,False,False,False,False,-1.0,0
2024-11-29,2024-25,N315465,1,221.5,True,1.8695652173913042,0.5896834548820752,0.5840771599560151,N315463,1,212.5,True,1.9090909090909092,0.5663277675159851,0.5631492235001874,3.569169960474308,0.33395411454447876,0.3289225990934246,0.19193899380894996,0.17398066000538503,True,True,False,False,2.569169960474308,1
2024-11-30,2024-25,N315721,-1,220.5,True,1.9090909090909092,0.5643997918404892,0.5602901035276632,N315724,1,228.5,True,1.9090909090909092,0.560282188429127,0.5528833160853917,3.6446280991735542,0.31622315052133304,0.3097750504082018,0.1525157799992387,0.12901485314063654,True,False,False,False,-1.0,0
2024-12-01,2024-25,N315731,1,230.5,True,1.9090909090909092,0.5683241758797981,0.5613806607102864,N315734,-1,225.0,True,1.9090909090909092,0.5467918633470468,0.5429136740906979,3.6446280991735542,0.31075503511448954,0.3047812370696851,0.1325865329379332,0.11081426072505063,False,False,False,False,-1.0,0
2024-12-03,2024-25,N315473,-1,219.5,True,1.9090909090909092,0.6244841458628919,0.6182838473694088,N315475,-1,229.5,True,1.9090909090909092,0.5800160338487003,0.5740709809437488,3.6446280991735542,0.3622108174847878,0.3549388147610315,0.3201237232296812,0.2936199777654125,False,False,False,False,-1.0,0
2024-12-05,2024-25,N315752,1,218.5,True,1.9090909090909092,0.641419248589986,0.6186899803064384,N315750,-1,221.5,True,1.8849557522123894,0.562696767679418,0.5586088596112715,3.598551890587289,0.36092453790894624,0.3456057043518996,0.298805678251582,0.24368006079327986,False,False,False,False,-1.0,0
2024-12-06,2024-25,N315759,-1,222.5,True,1.9090909090909092,0.5500579338965573,0.5325133840603478,N315758,1,224.5,True,1.8695652173913042,0.5432412929512954,0.5361071593006775,3.569169960474308,0.298814183208084,0.28548423761818376,0.06651860646995988,0.018941765095730645,True,True,False,False,2.569169960474308,1
2024-12-07,2024-25,N315761,1,230.5,True,1.8928571428571428,0.5816439662704743,0.5646240825002796,N315766,-1,234.5,True,1.9523809523809523,0.5455571517511617,0.540591810780927,3.695578231292517,0.31732002557176875,0.3052311551693457,0.17268097885621314,0.1280056125561022,True,False,False,False,-1.0,0
2024-12-08,2024-25,N315767,1,228.5,True,1.9090909090909092,0.5745250241807751,0.5560111128706764,N315768,1,218.5,True,1.8928571428571428,0.561442557729543,0.5575001735056836,3.6136363636363638,0.3225627990556819,0.30997629189649034,0.1656246602239415,0.12014160026231724,False,True,False,False,-1.0,0
2024-12-13,2024-25,N353822,1,222.5,True,1.9090909090909092,0.5549258250209962,0.5351365446220331,N353821,1,228.5,True,1.9090909090909092,0.5536092034749723,0.5343493043437719,3.6446280991735542,0.3072120439775656,0.28594984034771326,0.1196736478851772,0.042180823085467445,True,True,False,False,2.6446280991735542,1
2024-12-15,2024-25,N353827,1,224.5,True,1.9090909090909092,0.5992601227493534,0.589530969685579,N354407,-1,234.5,True,1.9090909090909092,0.5706648357736944,0.5516993655887518,3.6446280991735542,0.3419766795344837,0.3252438619704556,0.24637781549344906,0.1853929184212475,True,False,False,False,-1.0,0
2024-12-16,2024-25,N353833,1,222.5,True,1.9090909090909092,0.5607626638895942,0.5533255783733753,N353831,1,218.5,True,1.9090909090909092,0.5489093099356673,0.5418646198853486,3.6446280991735542,0.3078078468733237,0.2998275541981297,0.12184512786062607,0.09275992893698515,True,True,False,False,2.6446280991735542,1
2024-12-19,2024-25,N315788,-1,233.5,True,1.9090909090909092,0.6004517218162697,0.5948884472198163,N315784,1,217.5,True,1.9433962264150944,0.5849462129984538,0.5641956838141107,3.710120068610635,0.35123196076482804,0.3356334942722987,0.3031127463710517,0.24524056279756778,True,False,False,False,-1.0,0
2024-12-21,2024-25,N315807,1,224.5,True,1.9090909090909092,0.5953064272600848,0.5676816568421769,N315806,1,225.5,True,1.9090909090909092,0.5626173869552655,0.5418054679126656,3.6446280991735542,0.3349297465427437,0.3075730257108129,0.22069436549876031,0.12098929205345854,True,False,False,False,-1.0,0
2024-12-22,2024-25,N315810,-1,233.5,True,1.9174311926605505,0.5602907697695821,0.5536706913620896,N315809,-1,236.5,True,1.9090909090909092,0.5370015525540965,0.532675505028839,3.6605504587155964,0.3008770132479955,0.2949268151409675,0.10137548886192849,0.07959448845179873,False,True,False,False,-1.0,0
2024-12-23,2024-25,N315817,1,213.5,True,1.9174311926605505,0.5677167793702219,0.5618179215867443,N315816,-1,225.5,True,1.9090909090909092,0.5585802640240826,0.5524294188020246,3.6605504587155964,0.3171153885115204,0.31036474789472657,0.1608168808816206,0.1361058202751917,False,True,False,False,-1.0,0
2024-12-25,2024-25,N315829,-1,232.5,True,1.8928571428571428,0.5994482081786601,0.5790980425621954,N315828,-1,235.5,True,1.9090909090909092,0.5745812092612852,0.5461733700466818,3.6136363636363638,0.34443167634480515,0.31628792949363105,0.24465083042781854,0.14294956339743936,True,True,False,False,2.6136363636363638,1
2024-12-26,2024-25,N315833,-1,248.5,True,1.9090909090909092,0.5938520550121817,0.5888497839391542,N315835,1,220.5,True,1.9090909090909092,0.5655270182901392,0.5557822298628641,3.6446280991735542,0.33583938197651086,0.32727224597196886,0.22400964836067172,0.1927856237490766,False,True,False,False,-1.0,0
2024-12-27,2024-25,N315840,1,213.5,True,1.9523809523809523,0.5285467660923515,0.5153489820975851,N315844,-1,237.0,True,1.9090909090909092,0.5315057460474748,0.5221440298629499,3.7272727272727275,0.28092564323289543,0.2690863942982023,0.04708648841351959,0.002958378747844881,False,False,False,False,-1.0,0
2024-12-28,2024-25,N315849,1,227.5,True,1.9090909090909092,0.5576135311474482,0.5507716987700378,N315852,1,228.0,True,1.8928571428571428,0.5693380455066711,0.5482675941165153,3.6136363636363638,0.3174705979715614,0.3019702741921147,0.14722329721541527,0.09121076355786917,True,True,False,False,2.6136363636363638,1
2024-12-29,2024-25,N315856,-1,211.0,True,1.9090909090909092,0.5783029650380346,0.5590162632513779,N315857,-1,234.5,True,1.8695652173913042,0.5339360479589915,0.5281612730071947,3.569169960474308,0.308776799675375,0.2952507412305728,0.10207687789274167,0.05380007640793383,True,False,False,False,-1.0,0
2024-12-30,2024-25,N315864,1,219.5,True,1.9174311926605505,0.5307220824015068,0.52382843447192,N315862,1,226.5,True,1.9090909090909092,0.5253722545688901,0.5229899411407919,3.6605504587155964,0.2788266569807759,0.2739570021123426,0.020659047113115392,0.0028334297506851236,True,False,False,False,-1.0,0
2024-12-31,2024-25,N315869,-1,231.5,True,1.8695652173913042,0.5790961220139547,0.5640684653955191,N315873,1,235.5,True,1.9090909090909092,0.5540374597515128,0.5492501532827289,3.569169960474308,0.3208409443925635,0.3098146910804425,0.1451358608161457,0.10578128871794323,False,False,False,False,-1.0,0
2025-01-01,2024-25,N315879,1,230.5,True,1.9090909090909092,0.5411777940138355,0.5273680138021212,N315876,1,212.5,True,1.9174311926605505,0.5342641231975307,0.5236960184507303,3.6605504587155964,0.2891318796127757,0.27618052908644064,0.05838183454584889,0.010972762435686345,False,False,False,False,-1.0,0
2025-01-02,2024-25,N315883,-1,222.5,True,1.9090909090909092,0.5861056698731703,0.5633256231771633,N315888,1,223.5,True,1.9174311926605505,0.549246416672136,0.5370229274859267,3.6605504587155964,0.3219164389690607,0.3025187752864342,0.17839136833628655,0.10738524164483731,False,False,False,False,-1.0,0
2025-01-03,2024-25,N315889,1,213.5,True,1.9090909090909092,0.5869637305982612,0.5656176856679502,N315894,-1,230.5,True,1.8928571428571428,0.5482491054366271,0.5434025066117805,3.6136363636363638,0.3218023402242421,0.30735806817591826,0.16287663853760237,0.11068029181752292,False,False,False,False,-1.0,0
2025-01-05,2024-25,N315908,1,235.0,True,1.9090909090909092,0.5379698880867042,0.5342850448244892,N315907,-1,224.5,True,1.9090909090909092,0.5504080984486125,0.5300795432248123,3.6446280991735542,0.29610298312441574,0.28321357251241364,0.07918525254435815,0.032208144446069786,False,True,False,False,-1.0,0
2025-01-06,2024-25,N315919,1,231.5,True,1.8695652173913042,0.6308175687708916,0.6264938704865564,N315916,-1,229.5,True,1.9523809523809523,0.5558926745953817,0.5530967600161558,3.6501035196687366,0.35066686548580706,0.34651172993609547,0.27997035994094777,0.26480368504624474,False,False,False,False,-1.0,0
2025-01-07,2024-25,N315928,-1,237.5,True,1.9090909090909092,0.5735244302349262,0.5535335405810806,N315926,1,234.0,True,1.925925925925926,0.5650790664957056,0.545547227805063,3.6767676767676774,0.3240866496496335,0.3019786885611299,0.1915913179037032,0.11030548117425565,True,True,False,False,2.6767676767676774,1
2025-01-08,2024-25,N315933,1,213.0,True,1.8849557522123894,0.5749966011727766,0.5613751630547344,N315929,1,216.5,True,1.9090909090909092,0.577157085361337,0.5498354544723022,3.598551890587289,0.3318633624255549,0.30866396790766265,0.19422753027313533,0.11074330527029397,False,False,False,False,-1.0,0
2025-01-09,2024-25,N315943,1,221.0,True,1.9090909090909092,0.5600385001385828,0.5505507061862052,N315940,1,227.5,True,1.9090909090909092,0.5436361398312884,0.5312808617396417,3.6446280991735542,0.3044571683722437,0.2924970536139754,0.10963315084429315,0.06604298052696822,False,True,False,False,-1.0,0
2025-01-10,2024-25,N315947,1,222.5,True,1.9090909090909092,0.5530711742191311,0.5438380644442213,N315950,1,239.5,True,1.9090909090909092,0.5470006415385582,0.53521869914923,3.6446280991735542,0.30253028711434843,0.2910723013996713,0.10261038526799715,0.06085028857235586,False,True,False,False,-1.0,0
2025-01-12,2024-25,N315966,1,215.0,True,1.9090909090909092,0.5663572797388574,0.5609095980842838,N315965,-1,225.5,True,1.9523809523809523,0.5566891559361273,0.5410794285292746,3.7272727272727275,0.3152849560161057,0.30349664478802935,0.17515301787821236,0.13121476693720036,True,False,False,False,-1.0,0
2025-01-14,2024-25,N315977,-1,239.0,True,1.8928571428571428,0.6164475684095674,0.6117467874371836,N315980,1,214.5,True,1.9090909090909092,0.5574371297378335,0.5489549359504751,3.6136363636363638,0.34363076316809604,0.335821418515488,0.24175662144834686,0.2135364896355132,True,True,False,False,2.6136363636363638,1
2025-01-15,2024-25,N315981,-1,222.5,True,1.9090909090909092,0.5519306633566947,0.5446937991317062,N315988,1,219.5,True,1.9090909090909092,0.5460984321971646,0.5350753231340493,3.6446280991735542,0.30140846994063203,0.29145221057951065,0.09852177887453473,0.062234916244332306,False,True,False,False,-1.0,0
2025-01-16,2024-25,N315995,-1,223.5,True,1.9090909090909092,0.5395684152275841,0.5364320050216049,N315996,-1,227.5,True,1.9090909090909092,0.5228599621642243,0.5148567334143351,3.6446280991735542,0.2821187211709051,0.27618562980432576,0.0282178184823898,0.00659390697279072,True,False,False,False,-1.0,0
2025-01-17,2024-25,N316000,1,230.5,True,1.9090909090909092,0.5320694511720419,0.5299641819676265,N316002,1,227.5,True,1.8928571428571428,0.5438051189744177,0.5312377463356985,3.6136363636363638,0.2893420911972654,0.28153697766712393,0.04557710228102696,0.017372260206197865,True,True,False,False,2.6136363636363638,1
2025-01-18,2024-25,N316008,1,221.5,True,1.9090909090909092,0.562183930300447,0.5540492441198531,N316011,1,222.5,True,1.9090909090909092,0.5438091129092544,0.5289017227897557,3.6446280991735542,0.30572074442852415,0.2930375997253522,0.11423841564445603,0.06801307007339119,False,True,False,False,-1.0,0
2025-01-19,2024-25,N316016,-1,218.5,True,1.9090909090909092,0.5815086751419232,0.5727965133849704,N316017,-1,236.5,True,1.8928571428571428,0.5581405879187099,0.5535962797261638,3.6136363636363638,0.3245635938235431,0.31709801885003736,0.1728548049532581,0.14587693175354421,True,True,False,False,2.6136363636363638,1
2025-01-20,2024-25,N316021,1,218.5,True,1.9090909090909092,0.7908647312187378,0.7847179579110475,N316023,1,223.5,True,1.9090909090909092,0.7610737607584157,0.7549998438802866,3.6446280991735542,0.6019063952398384,0.5924619357128982,1.1937249611633782,1.1593034185899844,False,False,False,False,-1.0,0
2025-01-21,2024-25,N316029,1,226.5,True,1.8695652173913042,0.5486586349338027,0.541499357689163,N316031,1,230.5,True,1.9090909090909092,0.5293631852177444,0.5230877012357704,3.569169960474308,0.2904396825857774,0.2832516542342705,0.03662859041484978,0.010973295547613615,True,False,False,False,-1.0,0
2025-01-22,2024-25,N316035,-1,240.0,True,1.8849557522123894,0.5763572070104658,0.5712653004587954,N316036,1,220.5,True,1.9090909090909092,0.5939119398973259,0.5615447565205591,3.598551890587289,0.3423054268893904,0.3207910340547783,0.23180384109110475,0.154383182081274,False,True,False,False,-1.0,0
2025-01-23,2024-25,N316041,-1,240.0,True,1.9090909090909092,0.6956445131119726,0.6889416187521841,N316049,-1,226.5,True,1.9090909090909092,0.646998501004273,0.6320264425116825,3.6446280991735542,0.4500809572152936,0.4354293203981827,0.6403777035697895,0.5869779363272611,False,True,False,False,-1.0,0
2025-01-24,2024-25,N316052,-1,243.0,True,1.8928571428571428,0.5455907556371998,0.5423718794355158,N316051,1,227.5,True,1.9174311926605505,0.5242996466157187,0.5223414142527943,3.6294233289646134,0.2860530403773868,0.2833032945552934,0.03820757806694419,0.028227586431515572,False,True,False,False,-1.0,0
2025-01-25,2024-25,N316053,-1,240.0,True,1.9090909090909092,0.572503920482896,0.5679532190706971,N316066,-1,223.5,True,1.8849557522123894,0.5629954754342741,0.5562811766624929,3.598551890587289,0.3223171169002539,0.31594168499389796,0.159874870390053,0.13693254785012532,True,False,False,False,-1.0,0
2025-01-27,2024-25,N316075,1,219.5,True,1.8849557522123894,0.6118745711175759,0.6043404155167359,N316074,1,224.0,True,1.9090909090909092,0.601559160484521,0.5949200090874385,3.598551890587289,0.3680787533233153,0.35953420549112286,0.3245504936566288,0.2938024949008793,False,False,False,False,-1.0,0
2025-01-29,2024-25,N316089,1,239.5,True,1.9174311926605505,0.5567345402515489,0.5421860979640455,N316083,1,206.5,True,1.9090909090909092,0.5514352644470998,0.5432255848225652,3.6605504587155964,0.3070030584304474,0.29452936014918324,0.12380018636466539,0.0781395843993038,False,False,False,False,-1.0,0
2025-01-30,2024-25,N316095,-1,239.5,True,1.9523809523809523,0.5379084237801098,0.5280740132271945,N316097,-1,213.0,True,1.925925925925926,0.5393031434576281,0.5342347606591101,3.760141093474427,0.29009570383695116,0.282115494066726,0.09080077703770706,0.06079406234613716,False,True,False,False,-1.0,0
2025-01-31,2024-25,N316100,1,212.0,True,1.9174311926605505,0.5822714447159578,0.5746413930573562,N316101,-1,233.5,True,1.9090909090909092,0.5569175684873728,0.5508189555136084,3.6605504587155964,0.32427719719084097,0.3165233719187378,0.18703304292794098,0.15864977427134286,True,True,False,False,2.6605504587155964,1
2025-02-01,2024-25,N316107,1,231.5,True,1.9090909090909092,0.6101991286735763,0.6060855801726917,N316108,1,221.5,True,1.9090909090909092,0.56859807959609,0.5475602908756171,3.6446280991735542,0.3469580527350029,0.33186839657487616,0.2645330682325313,0.20953688338446597,True,False,False,False,-1.0,0
2025-02-02,2024-25,N316119,1,239.5,True,1.9090909090909092,0.5542223556756333,0.5468035285381424,N316117,-1,223.5,True,1.8695652173913042,0.5613292619758731,0.5491167340661048,3.569169960474308,0.31110122588193306,0.3002589677666869,0.11037315008452797,0.07167528811588242,True,True,False,False,2.569169960474308,1
2025-02-03,2024-25,N316125,1,221.5,True,1.9090909090909092,0.5597036111841369,0.5528227923248952,N316123,1,232.5,True,1.9090909090909092,0.5669904532544529,0.5512431451855744,3.6446280991735542,0.31734660419344785,0.3047397747714468,0.15661035082074792,0.11066314606783534,True,False,False,False,-1.0,0
2025-02-04,2024-25,N316135,-1,220.5,True,1.9090909090909092,0.5779277627801992,0.5745728265048968,N316131,1,223.5,True,1.9090909090909092,0.5465649372535585,0.5357530180610272,3.6446280991735542,0.315875051401049,0.30782912589585343,0.1512470881641539,0.12192268198406087,True,True,False,False,2.6446280991735542,1
2025-02-05,2024-25,N316145,1,229.0,True,1.925925925925926,0.5441462772033282,0.5383613197728965,N316137,1,234.5,True,1.8771929824561404,0.5539177065094542,0.5505976800543658,3.615334632878493,0.30141225787412523,0.29642049369796336,0.08970617466642805,0.0716592767611881,True,False,False,False,-1.0,0
2025-02-06,2024-25,N316148,-1,229.5,True,1.8849557522123894,0.5449880484510954,0.5394301273411549,N316153,-1,228.5,True,1.9090909090909092,0.5320087887573157,0.5273320120856911,3.598551890587289,0.28993843154368054,0.2844587744304518,0.04335849098542477,0.02363966052084554,False,False,False,False,-1.0,0
2025-02-07,2024-25,N316158,-1,240.5,True,1.9090909090909092,0.5516978233318961,0.5430084783425294,N316157,1,223.5,True,1.9090909090909092,0.5439149998520952,0.5290587925519885,3.6446280991735542,0.30007672149596953,0.2872834098973912,0.09366805107208731,0.04704118813842606,True,True,False,False,2.6446280991735542,1
2025-02-08,2024-25,N316162,1,229.5,True,1.925925925925926,0.5739096646072394,0.5704400722390212,N316164,1,217.5,True,1.9090909090909092,0.5502054627609688,0.5444852599703689,3.6767676767676774,0.3157682325982185,0.31059621103057944,0.16100643096718725,0.141990109243747,True,True,False,False,2.6767676767676774,1
2025-02-09,2024-25,N316172,-1,225.5,True,1.8695652173913042,0.5542569671200988,0.5495396877730884,N316174,-1,227.5,True,1.9090909090909092,0.5292065132413792,0.5211296509029155,3.569169960474308,0.29331639700936923,0.2863814256464867,0.046896073120396675,0.022143981655247114,True,False,False,False,-1.0,0
2025-02-10,2024-25,N316178,-1,220.5,True,1.9090909090909092,0.6581314155867329,0.6432405020433533,N316179,-1,225.5,True,1.8928571428571428,0.6200195176386841,0.6149425855538857,3.6136363636363638,0.4080543228349505,0.39555597745951915,0.4745599393353892,0.4293954640014441,True,True,False,False,2.6136363636363638,1
2025-02-11,2024-25,N316184,1,221.5,True,1.9090909090909092,0.5876350312400902,0.5828548358582151,N316187,-1,241.5,True,1.9090909090909092,0.5869644686195301,0.5826135083162889,3.6446280991735542,0.3449208838540605,0.33957910075846937,0.2571083452862868,0.2376395325164049,False,True,False,False,-1.0,0
2025-02-12,2024-25,N316200,1,231.5,True,1.9090909090909092,0.5552514373546645,0.5493595795055232,N316195,1,224.5,True,1.9090909090909092,0.5561432556545302,0.5455150960869793,3.6446280991735542,0.30879934207728055,0.29968394380025803,0.1254587591411631,0.09223652244556879,True,False,False,False,-1.0,0
2025-02-13,2024-25,N316207,-1,224.5,True,1.925925925925926,0.6009656344319169,0.5969357374935591,N316206,1,217.5,True,1.925925925925926,0.5786951391640961,0.5705415572854411,3.7091906721536354,0.34777589145041743,0.34057664526890846,0.2899670925678035,0.263263715784813,True,True,False,False,2.7091906721536354,1
2025-02-20,2024-25,N316208,-1,250.5,True,1.9090909090909092,0.5382515743001463,0.5327803887518751,N316215,1,228.5,True,1.9090909090909092,0.5461287307683191,0.5250406498005986,3.6446280991735542,0.2939546491065885,0.2797313615113,0.07135537401657466,0.019516780384159604,True,True,False,False,2.6446280991735542,1
2025-02-21,2024-25,N316223,1,234.5,True,1.9090909090909092,0.5808528419199283,0.5542469225623767,N316225,-1,236.5,True,1.9090909090909092,0.5528750446251405,0.5485864919880216,3.6446280991735542,0.32113904089712,0.3040523749436509,0.17043237219528873,0.10815782934008311,True,False,False,False,-1.0,0
2025-02-22,2024-25,N316228,-1,244.0,True,1.9090909090909092,0.6052765934515736,0.5937298213722418,N316230,-1,222.5,True,1.9090909090909092,0.5871012160668727,0.5741486387200433,3.6446280991735542,0.35535862407223295,0.3408891687083671,0.29515002657731215,0.24241424297842906,True,False,False,False,-1.0,0
2025-02-23,2024-25,N316231,-1,234.5,True,1.9090909090909092,0.5955379491532952,0.5762643308298637,N316240,-1,229.0,True,1.9174311926605505,0.5650305479074778,0.56188370935439,3.6605504587155964,0.336497133709782,0.3237935397753092,0.23176473715782597,0.1852625905536549,True,False,False,False,-1.0,0
2025-02-24,2024-25,N316243,1,225.5,True,1.9090909090909092,0.5785179182711998,0.563355651964679,N316247,1,230.5,True,1.9174311926605505,0.5548221963917478,0.545033653525456,3.6605504587155964,0.3209745820672087,0.3070477892245242,0.17494365362216757,0.12396392569344172,True,False,False,False,-1.0,0
2025-02-25,2024-25,N316249,-1,227.5,True,1.9090909090909092,0.5594987110448731,0.5427625830123592,N316252,1,226.0,True,1.9090909090909092,0.5344541640094678,0.5286017900393741,3.6446280991735542,0.29902641587586243,0.2869052729467275,0.0898400776963253,0.045663019582701025,True,False,False,False,-1.0,0
2025-02-26,2024-25,N316263,1,235.5,True,1.925925925925926,0.555866400355202,0.5329452427051315,N316264,1,224.5,True,1.9090909090909092,0.5447258303492145,0.5267991451218732,3.6767676767676774,0.3027947864967163,0.28075509825383255,0.11330608368489625,0.03227127034742483,False,False,False,False,-1.0,0
2025-02-28,2024-25,N316273,1,240.0,True,1.9090909090909092,0.5542552574788292,0.5439392855541579,N316271,-1,233.5,True,1.8928571428571428,0.5634693258582104,0.5475273334567231,3.6136363636363638,0.3123058362849647,0.29782162658182315,0.12855972657521364,0.07621905969340625,True,False,False,False,-1.0,0
2025-03-01,2024-25,N316280,-1,223.5,True,1.9090909090909092,0.5568515546648682,0.5540550326983253,N316284,-1,230.5,True,1.9090909090909092,0.5538904607360403,0.5470834878028474,3.6446280991735542,0.30843476417490423,0.3031143597233205,0.12413000827382459,0.10473911271061453,True,False,False,False,-1.0,0
2025-03-02,2024-25,N316287,1,227.0,True,1.9090909090909092,0.5708472694553385,0.5584796947237387,N316292,1,232.5,True,1.9090909090909092,0.5484093124361015,0.5362996767409619,3.6446280991735542,0.31305795854802815,0.2995124797467322,0.14097983239405298,0.09161159973808997,True,True,False,False,2.6446280991735542,1
2025-03-03,2024-25,N316299,1,220.5,True,1.9090909090909092,0.6080055177059147,0.5750044781776124,N316295,1,222.0,True,1.9090909090909092,0.5874671569321439,0.5737868266410614,3.6446280991735542,0.35718327288575,0.3299299948379316,0.3018001929141798,0.20247212994651131,True,False,False,False,-1.0,0
2025-03-04,2024-25,N316309,-1,228.5,True,1.9090909090909092,0.5831561223497961,0.5782739306816301,N316306,1,245.5,True,1.9090909090909092,0.5310415808805993,0.5261274875267525,3.6446280991735542,0.30968014911283587,0.3042458102517455,0.12866897321289783,0.10886282909933698,False,True,False,False,-1.0,0
2025-03-05,2024-25,N316313,1,230.5,True,1.8695652173913042,0.5959672636543599,0.5821606105856708,N316315,1,246.5,True,1.8928571428571428,0.5640004213326069,0.5448429188894846,3.5388198757763973,0.3361257878014998,0.31718608633398143,0.1894886186329472,0.12246442663842183,True,False,False,False,-1.0,0
2025-03-06,2024-25,N316323,-1,231.5,True,1.9090909090909092,0.588351762210139,0.5744862187014592,N316322,1,226.5,True,1.9090909090909092,0.5663738455791465,0.5612052738943651,3.6446280991735542,0.33322705011622394,0.32240469571489055,0.21448867025830398,0.1750452133079896,True,False,False,False,-1.0,0
2025-03-07,2024-25,N316327,1,226.5,True,1.9090909090909092,0.7396371039171475,0.7201177062454397,N316324,1,232.5,True,1.9090909090909092,0.5363449774865416,0.5325491653095417,3.6446280991735542,0.39670064584865333,0.38349808338563063,0.4458263208202986,0.39770789068647194,False,True,False,False,-1.0,0
2025-03-08,2024-25,N316338,-1,233.5,True,1.8849557522123894,0.5754644394454558,0.5694267930696577,N316332,1,212.5,True,1.9174311926605505,0.5484461607324866,0.5390755641160316,3.614272956076967,0.3156112624519328,0.30696406969680856,0.1407052505133306,0.10945193559250033,True,False,False,False,-1.0,0
2025-03-09,2024-25,N316344,1,222.0,True,1.9090909090909092,0.5817742266155591,0.5500055770074062,N316345,1,227.5,True,1.9090909090909092,0.569230890119478,0.5455367434795004,3.6446280991735542,0.33116386086494565,0.30004825137618396,0.20696911273918217,0.09356428807353012,True,True,False,False,2.6446280991735542,1
2025-03-10,2024-25,N316357,1,223.5,True,1.9090909090909092,0.6182226263477584,0.5856745981491784,N316359,-1,226.5,True,1.9090909090909092,0.5631617723370319,0.5589607753828136,3.6446280991735542,0.34815934995285824,0.32736912750348257,0.26891134982818565,0.1931387209011226,True,False,False,False,-1.0,0
2025-03-11,2024-25,N316362,1,223.0,True,1.8928571428571428,0.6715306336314826,0.6610722793582303,N316363,-1,223.5,True,1.9090909090909092,0.552652180100761,0.5499701374937533,3.6136363636363638,0.3711228686808843,0.36357001237195485,0.3411030936422863,0.3138098174350188,True,False,False,False,-1.0,0
2025-03-12,2024-25,N316367,1,213.5,True,1.9090909090909092,0.6008080468842053,0.5763626160391254,N316366,1,226.5,True,1.9090909090909092,0.5788698686746321,0.5720913831346702,3.6446280991735542,0.3477896751985221,0.3297320861969401,0.26756402283097747,0.20175082655248433,True,True,False,False,2.6446280991735542,1
2025-03-13,2024-25,N316570,-1,217.5,True,1.8849557522123894,0.5676408499981654,0.5630773448804838,N316376,-1,229.5,True,1.8849557522123894,0.567652729787567,0.5599268954118126,3.553058187798575,0.32222287804039346,0.31528214959565576,0.14487663511744175,0.12021582308758005,True,True,False,False,2.553058187798575,1
2025-03-14,2024-25,N316383,1,230.0,True,1.9174311926605505,0.61612811470992,0.6053976487688005,N316384,-1,249.5,True,1.9090909090909092,0.5630782442694341,0.5539224581379956,3.6605504587155964,0.34692833707589826,0.3353433537569769,0.26994868342461853,0.22754126742232805,True,False,False,False,-1.0,0
2025-03-15,2024-25,N316388,-1,218.5,True,1.9090909090909092,0.6126521097208331,0.6003998732936129,N316390,-1,238.5,True,1.9090909090909092,0.5652942128086916,0.5507656467853671,3.6446280991735542,0.3463286920902225,0.33067962454440913,0.26223928274205077,0.20520425143871446,False,False,False,False,-1.0,0
2025-03-16,2024-25,N316398,1,229.5,True,1.9174311926605505,0.541368285572102,0.5387241576641306,N316396,1,221.5,True,1.9090909090909092,0.5608658925210669,0.538465218827734,3.6605504587155964,0.3036350066699968,0.29008422144440277,0.11147126294796994,0.06186792987446532,False,True,False,False,-1.0,0
2025-03-17,2024-25,N354901,1,222.5,True,1.9090909090909092,0.6276501566172696,0.5910259391432353,N316408,1,229.0,True,1.925925925925926,0.5565752502423564,0.551317253690591,3.6767676767676774,0.34933454298391103,0.3258427976283509,0.28442195602165277,0.19804826602747205,True,True,False,False,2.6767676767676774,1
2025-03-18,2024-25,N316417,-1,234.5,True,1.9090909090909092,0.6133056502641661,0.5966933405023005,N316433,-1,235.5,True,1.9090909090909092,0.5766854480870481,0.5627540127445739,3.6446280991735542,0.35368444373690905,0.335791571745634,0.2890482618841066,0.22383539784979,False,True,False,False,-1.0,0
2025-03-19,2024-25,N316046,1,235.0,True,1.9090909090909092,0.573289580921297,0.5571645487381744,N316423,1,227.5,True,1.9090909090909092,0.5891853481446186,0.556738095499696,3.6446280991735542,0.3377738213227969,0.3101947297444388,0.23105996035829302,0.1305444282421282,True,True,False,False,2.6446280991735542,1
2025-03-20,2024-25,N316429,-1,238.5,True,1.9090909090909092,0.7565767177165357,0.7499782283088748,N316431,-1,231.5,True,1.9090909090909092,0.6060611638713731,0.5918891437405588,3.6446280991735542,0.4585317660972669,0.44390397137780124,0.6711777590817749,0.6178648874182673,True,True,False,False,2.6446280991735542,1
2025-03-21,2024-25,N316438,1,238.5,True,1.9090909090909092,0.5799317271052057,0.554125427644839,N316436,1,227.0,True,1.9174311926605505,0.5611542314298458,0.5478526595780361,3.6605504587155964,0.32543114260550476,0.3035790892750416,0.19125711834492143,0.11126657450221678,True,True,False,False,2.6605504587155964,1
2025-03-22,2024-25,N316447,-1,229.5,True,1.9090909090909092,0.5598458786432817,0.5431946311716478,N316444,-1,221.5,True,1.8928571428571428,0.5448947621992672,0.5347899203664908,3.6136363636363638,0.30505708691157085,0.29049501354779084,0.10236538224863101,0.0497433444113351,True,True,False,False,2.6136363636363638,1
2025-03-23,2024-25,N316454,1,233.5,True,1.9090909090909092,0.6028845458159378,0.5815728508082639,N316453,-1,225.0,True,1.9090909090909092,0.5778837417911432,0.563355782945354,3.6446280991735542,0.348397177204168,0.3276324287068511,0.26977814171105874,0.19409835586546587,True,False,False,False,-1.0,0
2025-03-24,2024-25,N316464,-1,234.5,True,1.9090909090909092,0.6510868576838748,0.6386412664755571,N316459,-1,233.5,True,1.9090909090909092,0.5599486708724838,0.5562390159695478,3.6446280991735542,0.3645752205826277,0.35523718962190964,0.3287410931978416,0.2947074431674559,True,True,False,False,2.6446280991735542,1
2025-03-25,2024-25,N316465,1,228.5,True,1.9090909090909092,0.6628813368097384,0.6415829548377586,N316468,-1,223.5,True,1.9090909090909092,0.6404043955845765,0.6282705173243048,3.6446280991735542,0.4245121218439366,0.4030876549423747,0.5471888077121987,0.46910459363295276,False,True,False,False,-1.0,0
2025-03-26,2024-25,N316473,1,225.5,True,1.9090909090909092,0.6083020696622347,0.5927041348235969,N316478,-1,226.5,True,1.9090909090909092,0.5940014863810505,0.5706892488182755,3.6446280991735542,0.36133233354803673,0.3382498774739644,0.31692197598912597,0.23279500798362252,True,False,False,False,-1.0,0
2025-03-27,2024-25,N316483,-1,242.0,True,1.9090909090909092,0.5394966728879129,0.5367595556695194,N316485,1,227.5,True,1.9090909090909092,0.5592330489361653,0.5348024194990663,3.6446280991735542,0.3017043692700246,0.2870603090613027,0.09960022188496587,0.04622806856226869,True,True,False,False,2.6446280991735542,1
2025-03-28,2024-25,N316489,-1,222.5,True,1.9090909090909092,0.6014230236269578,0.5938865205330608,N316488,1,211.5,True,1.9090909090909092,0.5795827843447073,0.5736122302021243,3.6446280991735542,0.34857443060272486,0.34066057152994866,0.2704241644281131,0.2415810912785732,True,True,False,False,2.6446280991735542,1
2025-03-29,2024-25,N316499,1,225.5,True,1.9090909090909092,0.5514536043774092,0.5475478683376114,N316496,-1,220.5,True,1.9090909090909092,0.5316943104509975,0.5272788669468558,3.6446280991735542,0.29320474392516377,0.2887104196162219,0.06862224852063803,0.052242107857469966,True,True,False,False,2.6446280991735542,1
2025-03-30,2024-25,N316506,1,217.5,True,1.9523809523809523,0.5299170375452703,0.5263236526756818,N316501,-1,232.5,True,1.9090909090909092,0.5399315173886075,0.526865605974754,3.7272727272727275,0.28611891017189345,0.27730183020581906,0.06644321064069403,0.03357954894896187,False,False,False,False,-1.0,0
2025-03-31,2024-25,N316512,1,219.5,True,1.9090909090909092,0.5865443454245113,0.5751783285189604,N316513,-1,236.5,True,1.9090909090909092,0.5766355572985823,0.5623468781591563,3.6446280991735542,0.33822232550419523,0.32344973742743904,0.23269459130041392,0.17885400169835242,False,True,False,False,-1.0,0
2025-04-01,2024-25,N316519,-1,224.5,True,1.9090909090909092,0.5842942090892981,0.5799130264780117,N316520,-1,239.5,True,1.8695652173913042,0.5849878439696946,0.566838797783338,3.569169960474308,0.3418050096191264,0.3287172027476932,0.219960172672218,0.1732475655382093,False,False,False,False,-1.0,0
2025-04-02,2024-25,N316530,1,229.5,True,1.9174311926605505,0.6794534513066571,0.6579447442465929,N316528,1,228.5,True,1.9090909090909092,0.5530578856402393,0.5387709561977344,3.6605504587155964,0.3757770891706231,0.35448151898301067,0.37555099613833587,0.2975974869194611,False,False,False,False,-1.0,0
2025-04-03,2024-25,N316537,-1,230.5,True,1.9090909090909092,0.5616185920442938,0.5390487621524284,N316536,-1,226.5,True,1.9090909090909092,0.5472430433931713,0.5256557167429764,3.6446280991735542,0.3073418675365072,0.28335406342864894,0.12014680647603071,0.03272018158705947,False,True,False,False,-1.0,0
2025-04-04,2024-25,N316546,1,219.0,True,1.9174311926605505,0.5651615032043694,0.5505320147187244,N316542,-1,241.5,True,1.9090909090909092,0.5509253086316354,0.5445496876361675,3.6605504587155964,0.3113617755795862,0.29979203664879134,0.13975549042435698,0.097403877274016,True,True,False,False,2.6605504587155964,1
2025-04-05,2024-25,N316551,-1,216.5,True,1.9090909090909092,0.5756837136723614,0.557637635464842,N316548,-1,237.0,True,1.8928571428571428,0.5688588818736545,0.5579042513337761,3.6136363636363638,0.3274827936725326,0.3111084075295498,0.18340373168028812,0.12423265448178245,False,True,False,False,-1.0,0
2025-04-06,2024-25,N354902,1,221.5,True,1.8928571428571428,0.5778770167489424,0.5734197372748707,N316569,-1,228.5,True,1.9090909090909092,0.5582382791969276,0.551636320313151,3.6136363636363638,0.32259307141738375,0.3163191538652435,0.16573405353100035,0.14306239692212985,False,True,False,False,-1.0,0
2025-04-08,2024-25,N316583,1,228.5,True,1.9090909090909092,0.553531948944091,0.5435498340439932,N316588,-1,223.5,True,1.9090909090909092,0.5673487838294459,0.5394877667372928,3.6446280991735542,0.31404567804417294,0.29323848607882,0.14457970262380382,0.06874522612198031,False,False,False,False,-1.0,0
2025-04-09,2024-25,N316600,-1,216.5,True,1.9090909090909092,0.5931441754108674,0.5702099406030056,N316612,1,227.5,True,1.9090909090909092,0.5385301839494244,0.528327098917979,3.6446280991735542,0.3194260418925441,0.30125736369297906,0.1641891278893548,0.09797105279837814,True,True,False,False,2.6446280991735542,1
2025-04-10,2024-25,N316623,-1,227.5,True,1.8928571428571428,0.5817259372457221,0.5750163535405178,N316627,-1,234.5,True,1.9090909090909092,0.5430279892068035,0.5337028097904837,3.6136363636363638,0.31589346597198764,0.3068878435600525,0.1415241156715008,0.1089810710465533,True,False,False,False,-1.0,0
2025-04-11,2024-25,N316643,1,222.0,True,1.9090909090909092,0.5869419322052464,0.574031115688073,N316639,1,234.5,True,1.9090909090909092,0.5699264097792706,0.545269636924647,3.6446280991735542,0.3345137081706441,0.3130017380346856,0.21917806035747156,0.14077492953137472,True,False,False,False,-1.0,0
2025-04-13,2024-25,N316675,1,222.5,True,1.9090909090909092,0.6495310814591937,0.6418016184602652,N316670,1,231.5,True,1.9090909090909092,0.5637637056401699,0.5444702468920366,3.6446280991735542,0.3661820494119021,0.34944188565876927,0.33459738669957706,0.2735857155001429,False,False,False,False,-1.0,0
2025-04-16,2024-25,N356915,1,218.5,True,1.9090909090909092,0.5627662379993008,0.5504668665084568,N356916,1,215.5,True,1.925925925925926,0.5220691253269089,0.5170441037141962,3.6767676767676774,0.29380287763581,0.2846156476182271,0.08024492383267523,0.04646561346499678,False,True,False,False,-1.0,0
2025-04-18,2024-25,N356960,1,221.0,True,1.9090909090909092,0.5585738958563887,0.5345934494710163,N356959,1,218.5,True,1.9090909090909092,0.5464869960662084,0.5307245429212969,3.6446280991735542,0.305253370427557,0.28372186411922456,0.11253501122770793,0.03406067831882664,True,True,False,False,2.6446280991735542,1
2025-04-20,2024-25,N356924,-1,207.5,True,1.9090909090909092,0.5635680029309291,0.5482525786769716,N356923,1,226.5,True,1.9174311926605505,0.5540030139648071,0.5293904336295018,3.6605504587155964,0.31221837219786197,0.29023967036429454,0.1428911055683204,0.06243695848948172,True,False,False,False,-1.0,0
2025-04-22,2024-25,N356981,1,228.5,True,1.8695652173913042,0.5739651980469752,0.5555500792751955,N356961,1,225.5,True,1.9090909090909092,0.5342042207599189,0.5288186070729515,3.569169960474308,0.3066146313659969,0.2937852190815767,0.09435973171341971,0.04856937877732692,False,True,False,False,-1.0,0
2025-04-23,2024-25,N356947,1,204.5,True,1.925925925925926,0.5724797919499545,0.5562065088175181,N356975,1,215.5,True,1.8695652173913042,0.5449596520933039,0.5297312932742698,3.600644122383253,0.31197838825149415,0.2946399932434704,0.12332314996834293,0.060893759891142984,False,True,False,False,-1.0,0
2025-04-24,2024-25,N356968,1,214.5,True,1.9090909090909092,0.5577918885515974,0.5396511355516073,N356954,1,214.5,True,1.9090909090909092,0.5303375666483914,0.5217115144141657,3.6446280991735542,0.2958179928706649,0.2815422111839533,0.07814656905754735,0.026116653984490812,False,True,False,False,-1.0,0
2025-04-26,2024-25,N356976,1,213.5,True,1.9090909090909092,0.5625380564310121,0.5500961718566226,N356993,1,224.5,True,1.9090909090909092,0.5690535248371019,0.5477760966300289,3.6446280991735542,0.32011426386708,0.3013295337907423,0.1666974410362172,0.09823408596460648,False,True,False,False,-1.0,0
2025-04-28,2024-25,N356949,1,201.5,True,1.9090909090909092,0.5583368794090919,0.5373935663415885,N356977,1,210.5,True,1.9090909090909092,0.5401446344098654,0.521739839928936,3.6446280991735542,0.3015826696059691,0.28037963328190046,0.09915667186968902,0.021879489895191062,True,True,False,False,2.6446280991735542,1
2025-04-29,2024-25,N356970,1,207.5,True,1.925925925925926,0.5558589963965771,0.5386162749527612,N356964,1,224.0,True,1.9090909090909092,0.5431273258538662,0.533712390128973,3.6767676767676774,0.3019022102646868,0.28746617946740227,0.11002428824591926,0.056946356829640665,True,True,False,False,2.6767676767676774,1
2025-05-01,2024-25,N356971,1,212.5,True,1.9090909090909092,0.5581774999499345,0.5427049994534093,N356957,1,212.5,True,1.8695652173913042,0.5251258375140628,0.5188377973020409,3.569169960474308,0.2931134271427151,0.28157586650121225,0.04617163916945355,0.0049921243106507696,True,True,False,False,2.569169960474308,1
2025-05-04,2024-25,N356952,1,201.5,True,1.925925925925926,0.5788674863867923,0.5431960151101268,N358762,1,227.5,True,1.9090909090909092,0.5487231737936747,0.5459095065209681,3.6767676767676774,0.3176380043361275,0.2965358685529257,0.16788114725606484,0.09029349649762586,False,True,False,False,-1.0,0
2025-05-07,2024-25,N358800,1,229.5,True,1.9090909090909092,0.5359165872175257,0.5295781203132156,N358770,-1,211.5,True,1.9090909090909092,0.5347651735505056,0.5215206548165578,3.6446280991735542,0.28658952677197475,0.27618592808227005,0.04451224220199079,0.006594994084967887,True,True,False,False,2.6446280991735542,1
2025-05-10,2024-25,N358797,1,200.5,True,1.9090909090909092,0.5510445521240813,0.5361601962753285,N358771,-1,205.5,True,1.9090909090909092,0.53870431695545,0.5237537180632106,3.6446280991735542,0.29685007906402505,0.28081589627670406,0.08190813939863695,0.023469506264681916,False,False,False,False,-1.0,0
2025-05-11,2024-25,N358802,1,222.5,True,1.9090909090909092,0.6243688209033594,0.6183797234455306,N358765,-1,231.5,True,1.9090909090909092,0.5123189809010189,0.5063810576688126,3.6446280991735542,0.3198759980315799,0.31313577839929563,0.16582905067708054,0.14126345681065589,False,False,False,False,-1.0,0
2025-05-12,2024-25,N358798,1,198.5,True,1.9090909090909092,0.5708809838634162,0.5499747365080336,N358772,-1,209.5,True,1.9090909090909092,0.5510295881939248,0.5360935122093691,3.6446280991735542,0.31457231344600084,0.2948378881210141,0.14649909280732576,0.07457445174683652,True,False,False,False,-1.0,0
2025-05-13,2024-25,N358834,1,217.5,True,1.9090909090909092,0.5960394418257648,0.5838348961098151,N358766,1,229.5,True,1.9090909090909092,0.5256653624526779,0.5212801563074269,3.6446280991735542,0.3133172892234325,0.30434154590185475,0.14192499626060973,0.10921174993981775,False,False,False,False,-1.0,0
2025-10-26,2025-26,N362158,1,229.5,True,1.9090909090909092,0.6009893967818928,0.5631113040896176,N362153,1,227.5,True,1.9090909090909092,0.5893411582097547,0.5557030324372835,3.6446280991735542,0.35418778717122257,0.3129226592823138,0.29088276150834025,0.14048671688843295,False,False,False,False,-1.0,0
2025-10-27,2025-26,N361985,1,221.5,True,1.9090909090909092,0.68909902544356,0.6787824032304733,N361984,1,227.5,True,1.9090909090909092,0.6193786205916271,0.6014915036167884,3.6446280991735542,0.4268132038302668,0.4082818483477146,0.5555753957780798,0.4880354968705962,True,False,False,False,-1.0,0
2025-10-28,2025-26,N362173,-1,229.5,True,1.9090909090909092,0.5932218180189263,0.5668764427837679,N362174,1,229.5,True,1.9090909090909092,0.5649461329419458,0.560345946446814,3.6446280991735542,0.33513837206658315,0.3176469168500736,0.22145472794514998,0.15770487876762407,True,True,False,False,2.6446280991735542,1
2025-10-29,2025-26,N362184,1,223.5,True,1.8928571428571428,0.6011286188750481,0.571521467875506,N362179,1,235.5,True,1.9090909090909092,0.5860576341415902,0.5620367471765255,3.6136363636363638,0.35229601619271234,0.3212160667463025,0.2730696948782103,0.16075805937868415,True,False,False,False,-1.0,0
2025-10-30,2025-26,N362188,-1,232.0,True,1.8771929824561404,0.5537711782425161,0.5508394197730333,N362187,-1,232.5,True,1.8695652173913042,0.5481192368384123,0.5382337232985875,3.5095347063310447,0.3035326356013963,0.29648035184407334,0.06525831914723446,0.04050808454201471,False,True,False,False,-1.0,0
2025-10-31,2025-26,N362039,1,221.5,True,1.9090909090909092,0.7643757611492185,0.7512417610892819,N362045,-1,231.5,True,1.9090909090909092,0.66395588088368,0.6308275886628315,3.6446280991735542,0.5075117818199627,0.47390402865077064,0.8496917006826741,0.7272039391321479,False,False,False,False,-1.0,0
2025-11-01,2025-26,N362191,1,228.5,True,1.9090909090909092,0.6339176865151191,0.609246256998013,N362195,1,223.5,True,1.9090909090909092,0.5516218285950597,0.547978340296992,3.6446280991735542,0.34968283341421985,0.33385375274192586,0.2744638804600905,0.2167727682577627,False,True,False,False,-1.0,0
2025-11-02,2025-26,N362200,1,232.5,True,1.9090909090909092,0.5911920171841772,0.5652463758181545,N362202,-1,231.5,True,1.9090909090909092,0.5618054523472986,0.5586380574288623,3.6446280991735542,0.3321348986382686,0.3157681373557585,0.21050818429319418,0.1508574262304916,True,False,False,False,-1.0,0
2025-11-03,2025-26,N362204,1,228.0,True,1.8771929824561404,0.5854427588378149,0.5594899686121233,N362209,1,236.5,True,1.9090909090909092,0.5643913603268942,0.5463584626437326,3.583732057416268,0.3304188350540042,0.3056820791155099,0.1841325715571731,0.09548266630390878,True,False,False,False,-1.0,0
2025-11-04,2025-26,N362218,-1,224.5,True,1.9090909090909092,0.5793970882225197,0.5579539331932694,N362216,1,238.5,True,1.9090909090909092,0.5694247830460144,0.5474379232766136,3.6446280991735542,0.3299230612586007,0.30544514247134175,0.20244685962845388,0.11323394900712191,False,False,False,False,-1.0,0
2025-11-05,2025-26,N362229,-1,232.5,True,1.9090909090909092,0.6054234274001362,0.6014927012805866,N362227,1,227.5,True,1.9523809523809523,0.5802198307518295,0.5736326031319053,3.7272727272727275,0.35127867857929956,0.34503582400042443,0.3093114383410256,0.28604261672885456,False,True,False,False,-1.0,0
2025-11-07,2025-26,N362048,1,234.5,True,1.9523809523809523,0.5496329980412163,0.5307004544534865,N362047,1,234.5,True,1.9090909090909092,0.5642486902296672,0.539866493093423,3.7272727272727275,0.31012969925176154,0.28650739322888963,0.15593796993838405,0.06789119294404311,False,True,False,False,-1.0,0
2025-11-08,2025-26,N362238,-1,226.5,True,1.9523809523809523,0.5511750990003905,0.5399047786038981,N362231,1,228.5,True,1.9090909090909092,0.552297550124821,0.54080021169797,3.7272727272727275,0.30441265686772134,0.2919806185657337,0.13462899377968873,0.08829139647228024,True,False,False,False,-1.0,0
2025-11-09,2025-26,N362240,1,233.5,True,1.9090909090909092,0.5555729518992684,0.5429321621478265,N362241,-1,228.5,True,1.9090909090909092,0.5336413930183023,0.5227569396202341,3.6446280991735542,0.29647672397481584,0.28382155550579447,0.08054739894953555,0.03442401634756509,False,True,False,False,-1.0,0
2025-11-10,2025-26,N362252,-1,234.5,True,1.8771929824561404,0.6092650083289282,0.6052935860165112,N362247,1,229.5,True,1.8928571428571428,0.55382602503153,0.5491490598807167,3.5532581453634084,0.3374268177536123,0.33239640371279483,0.19896458864707744,0.18109022898199223,True,True,False,False,2.5532581453634084,1
2025-11-11,2025-26,N362259,-1,231.0,True,1.8771929824561404,0.5574530908281095,0.5546567332866554,N362260,-1,240.5,True,1.8928571428571428,0.5497867518135472,0.54655144351292,3.5532581453634084,0.3064803240948086,0.3031484382319822,0.089003707983496,0.07716465740198664,False,True,False,False,-1.0,0
2025-11-12,2025-26,N362265,1,238.5,True,1.9090909090909092,0.6829599115083239,0.6778135832584579,N362271,1,225.5,True,1.9090909090909092,0.6888307717526299,0.674529789213657,3.6446280991735542,0.47044380292038657,0.45720545344148117,0.7145927032057067,0.6663438427082082,True,True,False,False,2.6446280991735542,1
2025-11-14,2025-26,N362058,1,215.0,True,1.9090909090909092,0.8433792338091964,0.836216895916667,N362065,1,231.5,True,1.9090909090909092,0.559442665959369,0.5542480259407945,3.6446280991735542,0.47182232697698684,0.4634715638201515,0.7196169107177786,0.6891814846668329,True,False,False,False,-1.0,0
2025-11-15,2025-26,N362279,1,223.5,True,1.9090909090909092,0.719771011796364,0.7145536987589858,N362280,-1,233.5,True,1.9090909090909092,0.5538265063230496,0.5418109496093447,3.6446280991735542,0.39862826481578684,0.38715301807147573,0.4528517750724135,0.4110287683431475,True,True,False,False,2.6446280991735542,1
2025-11-16,2025-26,N362288,1,238.5,True,1.9090909090909092,0.55602868042486,0.5473122371085919,N362281,-1,221.5,True,1.9090909090909092,0.5567326562932084,0.5393259868478882,3.6446280991735542,0.3095593242281398,0.2951797123925167,0.12822861144305508,0.07582027409173464,True,False,False,False,-1.0,0
2025-11-17,2025-26,N362293,-1,239.5,True,1.9090909090909092,0.5612212584780052,0.5463416555985192,N362294,1,227.5,True,1.9090909090909092,0.5657735628248857,0.5408248963455733,3.6446280991735542,0.31752415094216707,0.29547516925833806,0.15725744269004704,0.07689710448700082,True,False,False,False,-1.0,0
2025-11-18,2025-26,N362297,-1,225.5,True,1.8695652173913042,0.5812721157810818,0.5675459810528265,N362299,1,232.5,True,1.8620689655172413,0.5708415176696129,0.5610210840647663,3.481259370314842,0.3318142567514997,0.318405261546858,0.15513149052021302,0.10845130031754757,False,False,False,False,-1.0,0
2025-11-19,2025-26,N362303,1,229.5,True,1.9090909090909092,0.6096382975778053,0.6042256281259313,N362309,1,235.0,True,1.8620689655172413,0.6095655013029471,0.5854245177489686,3.554858934169279,0.3716144744764901,0.353728496957191,0.3210370346593723,0.25745490767854085,True,False,False,False,-1.0,0
2025-11-20,2025-26,N362312,-1,220.5,True,1.9090909090909092,0.5496553721074456,0.535025844525821,N362315,1,233.5,True,1.9090909090909092,0.5298542317535916,0.5265731966930206,3.6446280991735542,0.29123722491722515,0.2817302692653446,0.06145137345864682,0.02680205575220662,False,False,False,False,-1.0,0
2025-11-21,2025-26,N362066,1,227.0,True,1.9090909090909092,0.7316046516147093,0.7201571792409572,N362072,1,229.0,True,1.9090909090909092,0.614968138982085,0.6078590338197963,3.6446280991735542,0.44991355107413444,0.43775404717179817,0.6397675704437467,0.5954507008492809,True,False,False,False,-1.0,0
2025-11-22,2025-26,N362321,1,224.5,True,1.9090909090909092,0.599983050389349,0.5798753019812353,N362320,1,243.5,True,1.9090909090909092,0.5532143910487811,0.5329434519901352,3.6446280991735542,0.33191925786073384,0.3090407451617016,0.20972225385606325,0.12633858360587102,False,False,False,False,-1.0,0
2025-11-23,2025-26,N362323,-1,239.5,True,1.9090909090909092,0.5502997469413631,0.5394740214158718,N362327,-1,231.5,True,1.9090909090909092,0.536153737919604,0.5303977397297057,3.6446280991735542,0.29504526629882394,0.28613580160187324,0.07533026808083765,0.042858582697736125,False,True,False,False,-1.0,0
2025-11-24,2025-26,N362336,1,232.5,True,1.9090909090909092,0.5589491044773051,0.5450220060756105,N362335,1,235.5,True,1.9090909090909092,0.5255371094936797,0.5232112472659681,3.6446280991735542,0.29374849672108366,0.2851616435862202,0.07060402523965226,0.03930813902085206,True,False,False,False,-1.0,0
2025-11-25,2025-26,N362076,1,214.5,True,1.9090909090909092,0.7748249441937083,0.7672473685449188,N362077,1,219.5,True,1.9090909090909092,0.6385054957031279,0.6207705308000757,3.6446280991735542,0.4947299850755521,0.47628455622659055,0.8031068051100703,0.7358800768258384,True,True,False,False,2.6446280991735542,1
2025-11-26,2025-26,N362086,1,221.5,True,1.9090909090909092,0.5835518840037065,0.5797657231539158,N362082,1,226.0,True,1.8771929824561404,0.5792490298597449,0.5735189821799411,3.583732057416268,0.3380218626819734,0.33250664744605135,0.21137978540094782,0.19161473175642318,False,False,False,False,-1.0,0
2025-11-28,2025-26,N362091,1,224.0,True,1.9090909090909092,0.7024437492089279,0.6970525029606357,N362096,1,227.0,True,1.9090909090909092,0.5993117077787509,0.5936268120001191,3.6446280991735542,0.42098276295691117,0.41378905512922576,0.534325607140478,0.508107217454451,True,True,False,False,2.6446280991735542,1
2025-11-29,2025-26,N362347,1,229.5,True,1.8620689655172413,0.588237907121164,0.5847253653277761,N362343,1,241.5,True,1.9090909090909092,0.5520942857296159,0.5483869464580698,3.554858934169279,0.3247627871711432,0.3206557576086785,0.1544858954610544,0.13988598472802938,True,False,False,False,-1.0,0
2025-11-30,2025-26,N362349,1,229.0,True,1.8620689655172413,0.640128635967256,0.6347390385396376,N362351,-1,236.5,True,1.9090909090909092,0.5886192608895466,0.5797629230077223,3.554858934169279,0.3767920445772799,0.3679981603308516,0.33944256598945266,0.3081815480099863,True,True,False,False,2.554858934169279,1
2025-12-01,2025-26,N362364,1,233.5,True,1.9090909090909092,0.5785167379766459,0.5574221659969062,N362363,1,231.5,True,1.9090909090909092,0.5592002201485557,0.5492170118918065,3.6446280991735542,0.32350668723616477,0.30614573637107934,0.17906156257147665,0.11578735322021494,True,True,False,False,2.6446280991735542,1
2025-12-02,2025-26,N362371,1,221.5,True,1.9433962264150944,0.5287327896912715,0.5257233847051169,N362369,1,230.5,True,1.9090909090909092,0.5415121323482114,0.5340022748828241,3.710120068610635,0.28631522038813884,0.28073748339163057,0.06226384511071048,0.04156977114253335,True,True,False,False,2.710120068610635,1
2025-12-03,2025-26,N362379,1,230.5,True,1.9090909090909092,0.5375662333872322,0.5313158535461863,N362376,-1,237.5,True,1.9090909090909092,0.5343971237298575,0.5292225113506889,3.6446280991735542,0.28727384893643015,0.28118431033414754,0.04700634199145193,0.02481223849057068,False,True,False,False,-1.0,0
2025-12-04,2025-26,N362384,-1,231.5,True,1.9433962264150944,0.5722962704623661,0.5536242730718253,N362382,1,221.5,True,1.9090909090909092,0.5316766400655099,0.5277584286546441,3.710120068610635,0.3042765582014531,0.2921798764214561,0.12890256499098296,0.08402242315541941,False,False,False,False,-1.0,0
2025-12-05,2025-26,N362388,1,238.0,True,1.9090909090909092,0.5576820184605864,0.5440648375334788,N362391,-1,234.5,True,1.9090909090909092,0.5508166208122374,0.5397314017895603,3.6446280991735542,0.307180524896208,0.29364887742635387,0.1195587725556011,0.0702409499588601,True,True,False,False,2.6446280991735542,1
2025-12-06,2025-26,N362402,1,221.5,True,1.900900900900901,0.5838981264956602,0.5797763026933341,N362399,1,233.5,True,1.9090909090909092,0.5679757272549191,0.5591551227436065,3.6289926289926293,0.3316399630391573,0.3241848896963256,0.2035189813484901,0.1764645751387539,False,True,False,False,-1.0,0
2025-12-07,2025-26,N362411,1,235.5,True,1.9090909090909092,0.5568740829327945,0.5438652389755344,N362408,1,233.5,True,1.9090909090909092,0.53986037785911,0.5329192413149942,3.6446280991735542,0.3006342528320438,0.28983625053243983,0.09570004544571353,0.056345342849636326,False,False,False,False,-1.0,0
2025-12-09,2025-26,N372668,-1,238.5,True,1.9090909090909092,0.686394908882641,0.6612976113224635,N372667,-1,239.5,True,1.9090909090909092,0.6000956699146327,0.5716324549052436,3.6446280991735542,0.41190261267192174,0.3780191769832334,0.5012318362670867,0.37773931445955333,True,True,False,False,2.6446280991735542,1
2025-12-10,2025-26,N372669,-1,226.5,True,1.9090909090909092,0.5631022515962238,0.5564388553338925,N372670,-1,236.5,True,1.9090909090909092,0.5418353642635242,0.5345214763757303,3.6446280991735542,0.3051087136112506,0.29742851846589363,0.11200779093026059,0.08401633589635615,False,False,False,False,-1.0,0
2025-12-11,2025-26,N372671,-1,227.5,True,1.9090909090909092,0.5364419356276304,0.5307645844399944,N372672,-1,221.5,True,1.9090909090909092,0.5358156210656458,0.530426345631599,3.6446280991735542,0.287433968903976,0.28153151891518047,0.047589919724408514,0.026077684641277576,True,False,False,False,-1.0,0
2025-12-12,2025-26,N372677,-1,229.5,True,1.9090909090909092,0.5743661304057781,0.5703482068684773,N372680,1,223.5,True,1.9523809523809523,0.5476895114065969,0.5449355873503621,3.7272727272727275,0.31457430533043834,0.3108030351040995,0.1725042289589067,0.1584476762970981,True,True,False,False,2.7272727272727275,1
2025-12-13,2025-26,N362099,-1,223.5,True,1.9090909090909092,0.5493085580409736,0.5304973432791223,N362098,1,225.5,True,1.9090909090909092,0.5422332455677575,0.5260708857924663,3.6446280991735542,0.297853362244702,0.27907920728939795,0.0855647334703602,0.017139920782020868,False,False,False,False,-1.0,0
2025-12-14,2025-26,N372684,-1,236.5,True,1.9090909090909092,0.5520972580730357,0.548299850299227,N373418,-1,229.5,True,1.9090909090909092,0.5539885129202736,0.545851289740601,3.6446280991735542,0.30585553898724155,0.29929018045041156,0.11472969168077296,0.09080140147629345,True,False,False,False,-1.0,0
2025-12-15,2025-26,N372853,-1,238.5,True,1.8695652173913042,0.5972432127461895,0.5695580476892853,N372692,1,226.5,True,1.9090909090909092,0.5610684445713098,0.557224248927734,3.569169960474308,0.3350943204062764,0.31737155534440853,0.19600858231963492,0.13275302164427227,True,False,False,False,-1.0,0
2025-12-17,2025-26,N362416,-1,243.5,True,1.8695652173913042,0.589061115036375,0.581605065502007,N362418,1,234.5,True,1.9090909090909092,0.5340997875095999,0.5289999360850933,3.569169960474308,0.31461741637109586,0.3076690424773282,0.12292303155375328,0.09812310417797376,True,False,False,False,-1.0,0
2025-12-18,2025-26,N362420,-1,232.0,True,1.9090909090909092,0.6371621490436573,0.6306628273721695,N362419,-1,235.5,True,1.9090909090909092,0.5878321390689096,0.5843246236594656,3.6446280991735542,0.3745443890060765,0.36851181926025744,0.3650750045593367,0.34308853135350037,True,False,False,False,-1.0,0
2025-12-19,2025-26,N362431,1,239.5,True,1.9090909090909092,0.5764568421899651,0.5687774401869923,N362429,-1,230.5,True,1.9090909090909092,0.5505930894248793,0.5438849419832328,3.6446280991735542,0.31739315366148296,0.30934948505747395,0.15678000631995048,0.1274638257053391,False,True,False,False,-1.0,0
2025-12-20,2025-26,N362441,1,238.5,True,1.9090909090909092,0.6053870405085396,0.5982456082812462,N362439,1,232.5,True,1.9090909090909092,0.5830257619836665,0.5762685736311853,3.6446280991735542,0.3529562405875281,0.3447501433653546,0.2863942322239663,0.25648605970348237,True,True,False,False,2.6446280991735542,1
2025-12-21,2025-26,N362446,-1,224.5,True,1.9090909090909092,0.654228768010986,0.6311371921600826,N362449,-1,233.0,True,1.9090909090909092,0.5628294681634927,0.5590353281191106,3.6446280991735542,0.36821922955688025,0.3528279873073859,0.34202215069904285,0.28592679671534893,True,False,False,False,-1.0,0
2025-12-22,2025-26,N362453,1,234.5,True,1.9090909090909092,0.7911122657141816,0.7711147294689077,N362450,1,232.0,True,1.9090909090909092,0.5891044488964301,0.5855703360210095,3.6446280991735542,0.46604775530875914,0.45154191124585813,0.6985707445550644,0.6457023376811857,True,True,False,False,2.6446280991735542,1
2025-12-23,2025-26,N362459,1,197.5,True,1.9090909090909092,0.8943469542244785,0.8876634045567835,N362458,1,231.5,True,1.9090909090909092,0.5908672250525859,0.5811508799662455,3.6446280991735542,0.5284403030768497,0.5158663686720081,0.9259683773296754,0.8801410626806248,True,True,False,False,2.6446280991735542,1
2025-12-25,2025-26,N361989,-1,230.5,True,1.9090909090909092,0.6204325731752973,0.6141278020904123,N361990,-1,237.5,True,1.9090909090909092,0.6078723124429248,0.5901809202046652,3.6446280991735542,0.37714378297098217,0.36244651136098804,0.3745488288446541,0.32098273975368374,True,False,False,False,-1.0,0
2025-12-26,2025-26,N362472,-1,234.5,True,1.9090909090909092,0.6731706760966216,0.6581719550183568,N362473,-1,234.5,True,1.9090909090909092,0.5776341101563486,0.5724768536909232,3.6446280991735542,0.3888463444704196,0.3767882099965127,0.4172003133178106,0.373252897590596,False,True,False,False,-1.0,0
2025-12-27,2025-26,N362487,-1,227.5,True,1.9090909090909092,0.5963070374185546,0.5885228088222487,N362486,-1,238.5,True,1.9090909090909092,0.5801883649133122,0.5744307513277094,3.6446280991735542,0.34597040502617243,0.3380655992452582,0.2609334596408437,0.23212338237321384,False,True,False,False,-1.0,0
2025-12-28,2025-26,N362489,-1,226.5,True,1.9090909090909092,0.5923821558087146,0.5664661436925997,N362492,1,226.5,True,1.9090909090909092,0.5582568852371061,0.5540578808226199,3.6446280991735542,0.3307014171718151,0.31385503113208346,0.2052836774609128,0.14388486553098212,False,False,False,False,-1.0,0
2025-12-29,2025-26,N362498,-1,228.5,True,1.9090909090909092,0.6374500575476014,0.6324748611367113,N362495,-1,240.0,True,1.9090909090909092,0.6055943164599358,0.6014558919531222,3.6446280991735542,0.38603613187788643,0.38040573174290776,0.4069581335384127,0.3864374189968791,True,True,False,False,2.6446280991735542,1
2025-12-31,2025-26,N362514,1,234.5,True,1.9090909090909092,0.5825625984629635,0.5682520882167403,N362515,-1,247.5,True,1.9090909090909092,0.5534524338537008,0.5477040041604881,3.6446280991735542,0.3224206879914634,0.3112339440888676,0.17510349920855672,0.13433197804289776,True,False,False,False,-1.0,0
2026-01-01,2025-26,N362519,-1,226.5,True,1.9090909090909092,0.6085560303530256,0.6007895347515799,N362521,1,228.5,True,1.9090909090909092,0.5755819313385044,0.5715246751748554,3.6446280991735542,0.350273855278288,0.3433660436973492,0.27661793535309953,0.2514415311614131,True,True,False,False,2.6446280991735542,1
2026-01-02,2025-26,N362527,1,233.5,True,1.9090909090909092,0.6526984016804703,0.613941521992644,N362532,1,228.5,True,1.9090909090909092,0.5941394493979826,0.5757735839155446,3.6446280991735542,0.3877938689973779,0.3534913104322687,0.41336443163507175,0.2883443628151283,False,False,False,False,-1.0,0
2026-01-03,2025-26,N362534,-1,242.5,True,1.9090909090909092,0.6350666390114371,0.6255123146188976,N362540,1,238.5,True,1.9090909090909092,0.5736095977736799,0.5544455299906119,3.6446280991735542,0.3642803193628332,0.346812506794529,0.3276662879256982,0.2640026074081596,True,False,False,False,-1.0,0
2026-01-04,2025-26,N362549,-1,244.5,True,1.9090909090909092,0.5786126563724887,0.5735357851090418,N362545,1,231.5,True,1.8771929824561404,0.5605535345954908,0.5568331523488375,3.583732057416268,0.3243433696912847,0.3193637392071332,0.16235973157307293,0.14451407017293194,True,True,False,False,2.583732057416268,1
2026-01-05,2025-26,N362555,1,227.5,True,1.9090909090909092,0.6035225819951465,0.5735099079615287,N362554,1,221.5,True,1.9090909090909092,0.5506900890941939,0.5472608334414804,3.6446280991735542,0.3323539044492652,0.31385951021797287,0.21130637902583427,0.14390119013327296,True,False,False,False,-1.0,0
2026-01-06,2025-26,N362562,1,235.0,True,1.9090909090909092,0.6047293426764222,0.5827798002132719,N362558,1,232.5,True,1.9090909090909092,0.5850692276766741,0.5661572545658754,3.6446280991735542,0.35380852947311714,0.3299450117051954,0.2895005082449973,0.2025268608429025,False,True,False,False,-1.0,0
2026-01-07,2025-26,N362566,-1,234.5,True,1.9090909090909092,0.606275356188388,0.5986573688864277,N362571,1,229.5,True,1.9090909090909092,0.5897025640856877,0.560198450589479,3.6446280991735542,0.357522132086256,0.335366930484151,0.3030352086780075,0.2222877383761208,True,False,False,False,-1.0,0
2026-01-08,2025-26,N362576,-1,235.5,True,1.925925925925926,0.5253511659559476,0.5232914649477243,N362579,1,241.5,True,1.9090909090909092,0.5401193872150161,0.5247493322241068,3.6767676767676774,0.2837523498288206,0.2745968467898929,0.04329146805748185,0.009628810419404443,True,False,False,False,-1.0,0
2026-01-09,2025-26,N362583,-1,217.5,True,1.9090909090909092,0.5950662785440414,0.5905575575131927,N362585,1,237.5,True,1.9090909090909092,0.5677182020519204,0.5420477855534105,3.6446280991735542,0.3378299577567504,0.320110416291857,0.23126455678286728,0.16668341805544595,False,False,False,False,-1.0,0
2026-01-10,2025-26,N362595,-1,245.0,True,1.9090909090909092,0.598633907963001,0.5851105311977018,N362593,-1,232.5,True,1.9090909090909092,0.5845027882494044,0.5804665990035298,3.6446280991735542,0.3499031883450114,0.3396371200854787,0.27526699223264495,0.23785099138591836,False,True,True,False,0.9090909090909092,1
2026-01-11,2025-26,N362598,-1,232.5,True,1.8928571428571428,0.715834152642513,0.7067673286331633,N362597,1,221.5,True,1.8928571428571428,0.5550018319313325,0.5425879349098961,3.582908163265306,0.3972892660756078,0.3834834253048519,0.4234509545999774,0.3739858950016952,True,False,False,False,-1.0,0
2026-01-12,2025-26,N362606,1,246.5,True,1.9090909090909092,0.6125265725099863,0.5880229436903421,N362611,-1,228.0,True,1.9090909090909092,0.5883734826169619,0.5799426329591402,3.6446280991735542,0.36039439266313167,0.34101957420416124,0.31350353028463696,0.2428895225126868,False,True,False,False,-1.0,0
2026-01-13,2025-26,N362616,-1,233.5,True,1.9090909090909092,0.6286001989504264,0.6212070405748222,N362614,-1,228.5,True,1.9090909090909092,0.5667479613330577,0.5637156337941475,3.6446280991735542,0.35625788124870866,0.3501841205950226,0.2984274845510788,0.2762908858049997,False,False,False,False,-1.0,0
2026-01-14,2025-26,N362624,1,229.5,True,1.9090909090909092,0.5558628847787882,0.5510201945507857,N362623,1,224.5,True,1.925925925925926,0.5712271068910114,0.5442563136059797,3.6767676767676774,0.3175239475002788,0.2998962198086603,0.16746178676870183,0.10264872737729669,False,True,False,False,-1.0,0
2026-01-15,2025-26,N362630,-1,230.0,True,1.9090909090909092,0.5797227323767706,0.5741263161474536,N362632,1,229.5,True,1.8928571428571428,0.5549603583859614,0.5502776026916039,3.6136363636363638,0.3217231353243014,0.31592885289178263,0.16259042083099828,0.14165199113166893,True,True,False,False,2.6136363636363638,1
2026-01-16,2025-26,N362636,-1,228.5,True,1.9090909090909092,0.5913743801508754,0.5822784279059227,N362637,-1,239.5,True,1.8695652173913042,0.5913768273972196,0.5825692965275187,3.569169960474308,0.349725104737622,0.33921753412830286,0.24822833825325152,0.21072503287690703,True,True,False,False,2.569169960474308,1
2026-01-17,2025-26,N362648,1,226.5,True,1.9090909090909092,0.6711976553252061,0.6498874775098276,N362649,-1,229.5,True,1.925925925925926,0.5886093106368719,0.5796845820544215,3.6767676767676774,0.39507318920205436,0.37672975078268667,0.4525923320156344,0.385147770554525,True,False,False,False,-1.0,0
2026-01-18,2025-26,N362650,-1,231.5,True,1.8695652173913042,0.5928918366774167,0.5892398683681863,N362652,1,228.5,True,1.9090909090909092,0.5539487392076455,0.5419603112527046,3.569169960474308,0.3284316854139603,0.31934462246332496,0.17222850564745484,0.13979523353510825,False,True,False,False,-1.0,0
2026-01-19,2025-26,N361991,-1,236.5,True,1.9090909090909092,0.6243445285692157,0.6201203109514338,N361992,1,230.5,True,1.9090909090909092,0.6304475484055155,0.6154779723798913,3.6446280991735542,0.3936164773968594,0.3816703916159762,0.43458567381830604,0.39104663390616134,True,True,False,False,2.6446280991735542,1
2026-01-20,2025-26,N362664,1,243.5,True,1.9090909090909092,0.549906057866843,0.5394194836842453,N362665,1,226.5,True,1.9090909090909092,0.5452342415261232,0.5364303777029249,3.6446280991735542,0.29982761237164857,0.28936099737305643,0.0927601409578267,0.05461322183072648,True,False,False,False,-1.0,0
2026-01-21,2025-26,N362671,1,235.5,True,1.9090909090909092,0.5389979296463236,0.5326278000253757,N362670,-1,225.5,True,1.9090909090909092,0.532913374284536,0.5283905529673995,3.6446280991735542,0.28723920542020126,0.28143549778121774,0.04688007925875026,0.025727723318322626,True,True,False,False,2.6446280991735542,1
2026-01-22,2025-26,N362680,1,232.0,True,1.8928571428571428,0.6609641078305311,0.6505035432074092,N362675,1,230.5,True,1.9090909090909092,0.5599644159538832,0.5457909923198179,3.6136363636363638,0.37011638060780283,0.3550389743547294,0.3374660117418329,0.28298174823640854,True,False,False,False,-1.0,0
2026-01-23,2025-26,N362688,1,234.5,True,1.925925925925926,0.606036180687674,0.5836968296306548,N362685,1,233.5,True,1.8928571428571428,0.5574973062124463,0.5442571751949957,3.6455026455026456,0.3378635382006576,0.3176811876650549,0.2316824223293814,0.1581076100593799,True,True,False,False,2.6455026455026456,1
2026-01-24,2025-26,N362691,-1,229.5,True,1.9090909090909092,0.550697462820729,0.5399773402085106,N362695,-1,233.5,True,1.9090909090909092,0.5420605220654318,0.5302327384370565,3.6446280991735542,0.29851135419671304,0.2863136637927167,0.08796286942768994,0.04350682423626506,True,True,False,False,2.6446280991735542,1
2026-01-25,2025-26,N362692,-1,239.5,True,1.9090909090909092,0.5571849118231786,0.5544130550028814,N362700,1,236.5,True,1.9090909090909092,0.545228509278783,0.5364943670029587,3.6446280991735542,0.3037930988659818,0.2974394810019474,0.10721286446196676,0.08405629026329597,True,False,False,False,-1.0,0
2026-01-26,2025-26,N362710,1,222.0,True,1.9090909090909092,0.5473216614747963,0.5292537529516096,N362709,-1,237.5,True,1.8695652173913042,0.5438990018730543,0.5355791943945654,3.569169960474308,0.29768770537964345,0.2834572986361234,0.06249801564354951,0.011707275369246872,False,False,False,False,-1.0,0
2026-01-27,2025-26,N362714,1,234.5,True,1.9090909090909092,0.5579698480631801,0.5445210691452653,N362716,1,217.5,True,1.9090909090909092,0.5397707984609894,0.5330511368090367,3.6446280991735542,0.30117583040621965,0.2902575749243558,0.09767389429043694,0.0578809135672802,False,False,False,False,-1.0,0
2026-01-28,2025-26,N362726,1,238.5,True,1.9090909090909092,0.5608085335953699,0.5543751799154856,N362722,-1,224.5,True,1.9523809523809523,0.5525099835800099,0.5325021494832257,3.7272727272727275,0.30985231368830723,0.29520597492514605,0.15490407829278152,0.10031317926645356,True,True,False,False,2.7272727272727275,1
2026-01-29,2025-26,N362730,1,224.5,True,1.9090909090909092,0.5639424040285532,0.5565323097504462,N362729,1,226.5,True,1.9090909090909092,0.5570225864428524,0.5439372308538434,3.6446280991735542,0.3141286564967848,0.30271864344635113,0.14488212822381907,0.10329687404827137,False,False,False,False,-1.0,0
2026-01-30,2025-26,N362738,1,234.5,True,1.8695652173913042,0.561819682888605,0.5469847707789214,N362737,1,221.5,True,1.9090909090909092,0.5421966859541038,0.5343274615947349,3.569169960474308,0.3046167701659871,0.292268984101279,0.0872290255331476,0.04315767843262819,False,False,False,False,-1.0,0
2026-01-31,2025-26,N362740,-1,238.5,True,1.9090909090909092,0.5409747748800835,0.533835019587761,N362746,-1,234.5,True,1.9090909090909092,0.5349546117728674,0.529983857481669,3.6446280991735542,0.2893969506748894,0.2829239429399239,0.05474425824484497,0.031152552367821773,False,False,False,False,-1.0,0
2026-02-01,2025-26,N362753,1,232.5,True,1.9090909090909092,0.5355498643740808,0.5301985106978407,N362756,-1,229.5,True,1.9090909090909092,0.5294411865787931,0.5180766496095124,3.6446280991735542,0.28354215566632507,0.27468346805029054,0.03340570784173025,0.0011190860345300369,False,True,False,False,-1.0,0
2026-02-02,2025-26,N362760,-1,235.5,True,1.9090909090909092,0.5460744170122668,0.5370844740251058,N362761,-1,219.5,True,1.9433962264150944,0.5123957200219491,0.5081811379144627,3.710120068610635,0.2798061940905665,0.272936199166269,0.038114576016973434,0.01262606997708371,True,False,False,False,-1.0,0
2026-02-03,2025-26,N362772,1,217.5,True,1.8928571428571428,0.6143722431188573,0.5890796762358419,N362770,1,218.5,True,1.8928571428571428,0.55569319665811,0.5430460860207841,3.582908163265306,0.3414024757167313,0.3198974125342646,0.22321371720446215,0.14616305077646596,False,True,False,False,-1.0,0
2026-02-04,2025-26,N362780,1,221.5,True,1.9090909090909092,0.5461394164271748,0.5370308871041003,N362775,-1,225.5,True,1.9090909090909092,0.5399766309563631,0.5331827065846723,3.6446280991735542,0.29490252211482004,0.2863355819057318,0.07481001861682346,0.04358670760684058,False,False,False,False,-1.0,0
2026-02-05,2025-26,N362781,1,224.5,True,1.9090909090909092,0.5653172415972725,0.5492716342838494,N362783,1,237.5,True,1.9090909090909092,0.5627592825075008,0.547695646724311,3.6446280991735542,0.31813752527040057,0.30083368296641216,0.1594929640020386,0.09642689411725436,True,True,False,False,2.6446280991735542,1
2026-02-06,2025-26,N362790,-1,230.5,True,1.8695652173913042,0.561021466754038,0.5464172527149933,N362789,1,222.5,True,1.9090909090909092,0.5301695060477681,0.5241219455367474,3.569169960474308,0.29743647391118266,0.28638927356782684,0.0616013278331935,0.022171992220346493,True,False,False,False,-1.0,0
2026-02-07,2025-26,N362804,1,229.0,True,1.9090909090909092,0.6797575241967456,0.6746003192255884,N362803,1,230.5,True,1.9090909090909092,0.5646764688565028,0.5568255153725561,3.6446280991735542,0.38384307844205706,0.37563467042327914,0.39896526936319976,0.36904867484848025,True,True,False,False,2.6446280991735542,1
2026-02-08,2025-26,N362805,-1,215.5,True,1.8695652173913042,0.5882859845994404,0.5681218597436593,N362807,-1,226.5,True,1.9090909090909092,0.5408080009943137,0.5338371275503038,3.569169960474308,0.318149767344195,0.30328454170409164,0.13553059253679067,0.08247407572646126,True,True,False,False,2.569169960474308,1
2026-02-09,2025-26,N362813,-1,238.0,True,1.8849557522123894,0.5760749185925395,0.5668286546978104,N362817,1,224.5,True,1.9090909090909092,0.5627418102038652,0.5475777736435476,3.598551890587289,0.3241814425018099,0.31038277277679427,0.16658374280820265,0.1169285137816578,True,True,False,False,2.598551890587289,1
2026-02-10,2025-26,N362821,-1,229.5,True,1.9523809523809523,0.5490308771670327,0.546304375710105,N362819,-1,224.5,True,1.9090909090909092,0.5231554044337645,0.5183774595258815,3.7272727272727275,0.2872284705909435,0.283191874408477,0.07057884492988031,0.055533350067959786,False,False,False,False,-1.0,0
2026-02-11,2025-26,N362827,1,211.5,True,1.8695652173913042,0.5909008986775354,0.5694697849645095,N362834,1,233.5,True,1.9523809523809523,0.5557036616851364,0.5429627709639778,3.6501035196687366,0.3283657930881442,0.3092008924245907,0.19856913708985147,0.12861526572371296,True,False,False,False,-1.0,0
2026-02-12,2025-26,N362839,1,232.5,True,1.9090909090909092,0.5485834009407325,0.5459631345942197,N362837,1,214.5,True,1.8695652173913042,0.5507448300572833,0.5402363151116122,3.569169960474308,0.3021294719233502,0.29494911201996643,0.07835143536278744,0.052723510490235936,False,False,False,False,-1.0,0
2026-02-19,2025-26,N362841,1,225.5,True,1.9090909090909092,0.5476976939479762,0.5378915455646267,N362847,-1,223.5,True,1.9090909090909092,0.5438902360282799,0.5271070741190654,3.6446280991735542,0.29788742803350937,0.28352643877595235,0.08568889060146812,0.03334842562144624,False,False,False,False,-1.0,0
2026-02-20,2025-26,N362854,1,143.5,True,1.9090909090909092,0.9999734042566795,0.9998346483586341,N362853,1,232.5,True,1.9090909090909092,0.6055999166518456,0.5914360574094147,3.6446280991735542,0.6055838102719074,0.5913382624865591,1.2071277713215798,1.15520804757498,True,True,False,False,2.6446280991735542,1
2026-02-21,2025-26,N362860,1,228.5,True,1.9090909090909092,0.5510358763042384,0.5359801203470569,N362862,-1,238.5,True,1.9090909090909092,0.5425186310864549,0.5348598559989387,3.6446280991735542,0.29894722929210055,0.2866742499871207,0.08955147204806901,0.04482102681256395,True,False,False,False,-1.0,0
2026-02-22,2025-26,N362867,-1,232.5,True,1.9523809523809523,0.5497067931869511,0.5464902183858621,N362869,1,231.5,True,1.9090909090909092,0.5631717023150214,0.5478262642637407,3.7272727272727275,0.30957931049322673,0.29938169479500265,0.15388652092929944,0.115877226054101,True,True,False,False,2.7272727272727275,1
2026-02-23,2025-26,N362877,-1,238.5,True,1.8771929824561404,0.6203463874655172,0.615958190999983,N362876,1,223.5,True,1.9090909090909092,0.5910522406974311,0.5873307886712436,3.583732057416268,0.3666571223200507,0.36177121010853247,0.3140008833383636,0.29649108311622396,True,False,False,False,-1.0,0
2026-02-24,2025-26,N362889,1,234.5,True,1.9090909090909092,0.5542551588284542,0.5514862633088651,N362879,1,234.5,True,1.9090909090909092,0.5584505117626065,0.5405317337142356,3.6446280991735542,0.309524077094815,0.29809582602592627,0.128100148750524,0.08644842378044215,True,True,False,False,2.6446280991735542,1
2026-02-25,2025-26,N362895,-1,229.5,True,1.9090909090909092,0.5663811271744463,0.5497341714963181,N362890,1,217.5,True,1.8695652173913042,0.5577527458023323,0.5445642165096037,3.569169960474308,0.31590062885216735,0.2993655583894486,0.12750303499409954,0.06848655820423755,True,True,False,False,2.569169960474308,1
2026-02-26,2025-26,N362904,1,238.5,True,1.9090909090909092,0.5664231704637956,0.5541043013981283,N362905,1,224.5,True,1.925925925925926,0.5570880353391146,0.5438403798811581,3.6767676767676774,0.31554757120422827,0.3013442937661418,0.16019511028625377,0.10797295889773362,True,False,False,False,-1.0,0
2026-02-27,2025-26,N362908,-1,223.5,True,1.8695652173913042,0.560558055410258,0.5543642005198767,N362907,-1,209.5,True,1.9090909090909092,0.5516140164106876,0.5404401967012094,3.569169960474308,0.3092116803762172,0.2996006975730708,0.10362904102657744,0.06932580991495207,False,False,False,False,-1.0,0
2026-02-28,2025-26,N362914,-1,227.5,True,1.9090909090909092,0.5430350891881984,0.5404181517892759,N362911,-1,230.5,True,1.9090909090909092,0.5519975031225334,0.536562323529385,3.6446280991735542,0.2997540133398077,0.2899680192015098,0.09249189985830775,0.05682559064351933,False,True,False,False,-1.0,0
2026-03-01,2025-26,N362925,1,224.5,True,1.9090909090909092,0.5637812426206197,0.5560978645993647,N362924,1,231.5,True,1.9090909090909092,0.5764618102502304,0.5519313632008924,3.6446280991735542,0.3249983557062067,0.3069278524814327,0.18449813939204285,0.11863787557282501,True,False,False,False,-1.0,0
2026-03-02,2025-26,N362927,1,221.5,True,1.9090909090909092,0.5986237499354966,0.587428229201936,N362929,1,241.5,True,1.9090909090909092,0.5424172718023726,0.5387033381629427,3.6446280991735542,0.32470386127611783,0.3164495480022292,0.18342481671709066,0.15334091461969468,True,True,False,False,2.6446280991735542,1
2026-03-03,2025-26,N362939,1,233.5,True,1.8928571428571428,0.5992072047043152,0.5870025858895652,N362938,1,227.0,True,1.9090909090909092,0.5799493518401154,0.566826682330935,3.6136363636363638,0.34750982998619495,0.332728728279462,0.2557741583592046,0.2023606317371469,False,False,False,False,-1.0,0
2026-03-04,2025-26,N362943,1,238.5,True,1.9090909090909092,0.5893321915245826,0.5811025201412855,N362942,-1,216.5,True,1.9090909090909092,0.5799064798838734,0.5540752304911674,3.6446280991735542,0.34175755666926944,0.321974512786281,0.24557919414171736,0.17347735651859453,False,True,False,False,-1.0,0
2026-03-05,2025-26,N362950,1,214.5,True,1.9090909090909092,0.5612640246180576,0.5423400332024221,N362951,1,227.5,True,1.9090909090909092,0.5399364999823928,0.5331192193276801,3.6446280991735542,0.30304693301830554,0.2891318951110234,0.1044933674468822,0.05377822928893661,True,False,False,False,-1.0,0
2026-03-06,2025-26,N362959,-1,232.5,True,1.9090909090909092,0.5458025710363648,0.5367734725344023,N362958,1,221.5,True,1.9090909090909092,0.5358232262217258,0.530480852869721,3.6446280991735542,0.29245369449281766,0.2847480495078915,0.06588495265564132,0.03780074242132381,False,False,False,False,-1.0,0
2026-03-07,2025-26,N362966,-1,235.5,True,1.9090909090909092,0.5436746635677588,0.5355257411746941,N362965,1,232.5,True,1.9090909090909092,0.5359579586892514,0.5306713479279815,3.6446280991735542,0.29138676287684157,0.28418816691930626,0.0619963837081583,0.035760178606727644,True,True,False,False,2.6446280991735542,1
2026-03-08,2025-26,N362969,-1,225.5,True,1.9090909090909092,0.5710950249132919,0.5526716892235944,N362972,1,226.5,True,1.9090909090909092,0.5587643357282764,0.5492481403315731,3.6446280991735542,0.31910753223339905,0.30355389751996836,0.16302827863577685,0.10634106451492631,True,True,False,False,2.6446280991735542,1
2026-03-09,2025-26,N362983,-1,221.5,True,1.9090909090909092,0.5527066726630752,0.5412609123458825,N362982,-1,229.5,True,1.9090909090909092,0.5371209067783906,0.5330247699441286,3.6446280991735542,0.2968703092032581,0.28850547328291315,0.08198187073253571,0.05149515469227062,False,False,False,False,-1.0,0
2026-03-10,2025-26,N362984,1,229.5,True,1.9523809523809523,0.5522569163247614,0.5323436229650134,N362989,-1,223.5,True,1.9090909090909092,0.5492613798785662,0.5388264326561875,3.7272727272727275,0.3033333959080203,0.2868408153095086,0.1306062938389847,0.06913394797180494,True,False,False,False,-1.0,0
2026-03-11,2025-26,N362999,-1,228.5,True,1.9090909090909092,0.5416604129097238,0.5379534404458123,N362997,-1,232.0,True,1.9090909090909092,0.5388295615249495,0.5324563589731942,3.6446280991735542,0.2918626427835696,0.28643673019688026,0.06373078898805118,0.04395535551094376,True,False,False,False,-1.0,0
2026-03-12,2025-26,N363008,1,229.5,True,1.9090909090909092,0.5762224425870286,0.5644312827021287,N363001,1,219.5,True,1.8695652173913042,0.6037233224792936,0.5737149226643213,3.569169960474308,0.34787892752577493,0.3238226497047755,0.2416390180070147,0.15577807384747921,True,True,False,False,2.569169960474308,1
2026-03-13,2025-26,N363015,1,224.5,True,1.9090909090909092,0.5811297748714208,0.5777208071241888,N363012,1,225.5,True,1.9090909090909092,0.5791262134794753,0.5580069731465845,3.6446280991735542,0.3365474860614659,0.32237223890717037,0.22659042440583876,0.17492692031456314,True,False,False,False,-1.0,0
2026-03-14,2025-26,N363022,-1,244.5,True,1.9090909090909092,0.5642420945477696,0.5610901429367037,N363017,1,215.5,True,1.9090909090909092,0.5650777323063481,0.5448030480465013,3.6446280991735542,0.3188406432588377,0.3056836201007632,0.16205556757973083,0.11410311127633554,False,False,False,False,-1.0,0
2026-03-15,2025-26,N363026,1,225.5,True,1.8849557522123894,0.5636832689665504,0.5603244348138713,N363028,1,227.5,True,1.9090909090909092,0.5516098336820985,0.5483104115499907,3.598551890587289,0.3109332342440205,0.3072317214543097,0.11890937793524037,0.10558929208779366,True,False,False,False,-1.0,0
2026-03-16,2025-26,N363032,1,229.5,True,1.9174311926605505,0.5551344445292156,0.5428023978790085,N363037,1,223.5,True,1.9090909090909092,0.5524034483635384,0.5409542985676933,3.6605504587155964,0.3066581814633161,0.293631290405501,0.12253774682443241,0.07485215478710927,True,False,False,False,-1.0,0
2026-03-17,2025-26,N363043,-1,228.0,True,1.9090909090909092,0.6160703135405785,0.6085573212926799,N363044,1,225.5,True,1.9433962264150944,0.5571884166348771,0.5519485010872469,3.710120068610635,0.3432672425374272,0.33589230131316483,0.2735626854347426,0.2462007679937832,True,True,False,False,2.710120068610635,1
2026-03-18,2025-26,N363051,1,228.5,True,1.9090909090909092,0.5815106469189081,0.5594638081978279,N374211,1,240.5,True,1.9090909090909092,0.5673781901751476,0.5461915340363707,3.6446280991735542,0.3299364584164293,0.30557439563740146,0.20249568728632505,0.1137050287280501,True,True,False,False,2.6446280991735542,1
2026-03-19,2025-26,N363056,1,229.5,True,1.8928571428571428,0.5938320220029077,0.5630210659823113,N363058,1,232.5,True,1.9090909090909092,0.5652860567446343,0.5448836942391705,3.6136363636363638,0.3356849620867166,0.3067809983669175,0.2130433857224534,0.1085949713713612,False,False,False,False,-1.0,0
2026-03-20,2025-26,N363065,1,216.5,True,1.8928571428571428,0.6030484105240794,0.5777800256518782,N363069,1,232.5,True,1.9090909090909092,0.580410812675178,0.5672534141327155,3.6136363636363638,0.35001581803475534,0.32774769216871585,0.2648298878983202,0.18436097851876854,False,True,False,False,-1.0,0
2026-03-21,2025-26,N363070,1,228.5,True,1.9090909090909092,0.5823715214495688,0.5600306330188506,N363073,1,232.5,True,1.9090909090909092,0.5604198038058162,0.5460853221776787,3.6446280991735542,0.3263725337928621,0.3058245086614684,0.18950650745993536,0.1146165976835336,True,False,False,False,-1.0,0
2026-03-23,2025-26,N363086,1,221.5,True,1.9090909090909092,0.5889185897640916,0.5642510800234144,N363094,1,223.5,True,1.9090909090909092,0.5622179404231592,0.555000615026731,3.6446280991735542,0.331100596614079,0.3131596964424922,0.20673853807280018,0.1413506291829676,True,True,False,False,2.6446280991735542,1
2026-03-24,2025-26,N363095,1,226.5,True,1.9090909090909092,0.5608523368262675,0.5568066951213844,N363098,1,232.5,True,1.9090909090909092,0.5348000365066657,0.5302934043851293,3.6446280991735542,0.2999438502095366,0.29527091794035165,0.0931837846479806,0.07615268439417444,False,True,False,False,-1.0,0
2026-03-25,2025-26,N363105,1,238.5,True,1.9523809523809523,0.5780290240430052,0.561490452205669,N363104,1,234.0,True,1.900900900900901,0.6077072154037956,0.5761857363578435,3.7112827112827116,0.35127240862374826,0.3235227896620219,0.303671217075953,0.20068453597861535,True,False,False,False,-1.0,0
2026-03-26,2025-26,N363112,-1,224.5,True,1.9090909090909092,0.5849559241178577,0.5662615744373147,N363111,1,224.5,True,1.9090909090909092,0.5824106628862813,0.5604633512592596,3.6446280991735542,0.34068456752473875,0.3173688596984821,0.241668547755453,0.15669146385975719,True,True,False,False,2.6446280991735542,1
2026-03-27,2025-26,N363123,1,218.5,True,1.8771929824561404,0.5881230520135183,0.5718571409049279,N363119,1,227.5,True,1.9090909090909092,0.5770690937762027,0.5523414176000185,3.583732057416268,0.3393876366543356,0.3158603838721214,0.2162743533688869,0.13195898335032985,False,False,False,False,-1.0,0
2026-03-28,2025-26,N363129,-1,232.5,True,1.8771929824561404,0.5453321268921779,0.5404160933120992,N363127,1,222.0,True,1.9090909090909092,0.5371151770012073,0.522871669544567,3.583732057416268,0.29290616186013696,0.2825682649588498,0.04969720207293116,0.012648949541524068,False,False,False,False,-1.0,0
2026-03-29,2025-26,N363133,-1,221.5,True,1.8771929824561404,0.6451437437462336,0.6383478077610012,N363135,1,224.5,True,1.9090909090909092,0.5648272574715832,0.5488963752594126,3.583732057416268,0.36439477145513505,0.35038679783480586,0.30589322401864183,0.255692399896027,True,True,False,False,2.583732057416268,1
2026-03-30,2025-26,N363146,1,234.5,True,1.9090909090909092,0.5896147195998461,0.573072877274775,N363142,1,242.5,True,1.9090909090909092,0.5723009669921172,0.5493603824721853,3.6446280991735542,0.337437074179778,0.3148235350441061,0.22983264225852973,0.1474147021028991,False,True,False,False,-1.0,0
2026-03-31,2025-26,N363147,1,222.5,True,1.9090909090909092,0.568065551921463,0.5592139686151856,N363152,-1,229.5,True,1.9090909090909092,0.5572601895645668,0.5522050160109315,3.6446280991735542,0.31656031714885474,0.3088007584926851,0.15374462696400792,0.12546392144854668,True,True,False,False,2.6446280991735542,1
2026-04-01,2025-26,N363161,1,226.5,True,1.9090909090909092,0.5794036563894375,0.5581881710117464,N363156,1,242.5,True,1.8695652173913042,0.5741578700316471,0.5548892655257751,3.569169960474308,0.33266916924110773,0.3097326242378837,0.1873528056313054,0.10548837820873125,True,True,False,False,2.569169960474308,1
2026-04-02,2025-26,N363166,1,229.0,True,1.8695652173913042,0.5483123192966041,0.544524015350254,N363162,1,223.5,True,1.9090909090909092,0.5352285179539492,0.528211950921913,3.569169960474308,0.293472390033014,0.28762409247199133,0.04745283873443307,0.02657927075971611,False,False,False,False,-1.0,0
2026-04-03,2025-26,N363172,1,231.5,True,1.9523809523809523,0.5667047772596115,0.5414103985304919,N363176,1,233.5,True,1.9174311926605505,0.5638710788035307,0.5482804122310055,3.743556138051551,0.31954843411649175,0.2968447164924511,0.19624750194155438,0.11125486047348776,False,False,False,False,-1.0,0
2026-04-05,2025-26,N363188,1,232.5,True,1.9090909090909092,0.6132989189915055,0.5964584735595714,N363180,1,234.5,True,1.9090909090909092,0.564458114284033,0.5485531315065835,3.6446280991735542,0.3461815513063811,0.3271891634847396,0.2617030093067281,0.1924828189815717,True,False,False,False,-1.0,0
2026-04-06,2025-26,N363192,1,114.5,True,1.9090909090909092,0.9999969139616327,0.9999623529922957,N363195,-1,239.5,True,1.9090909090909092,0.5415034613510786,0.5342348687745393,3.6446280991735542,0.5415017902506208,0.5342147564303187,0.973572640500197,0.9470141122790954,True,False,False,False,-1.0,0
2026-04-07,2025-26,N363204,1,222.5,True,1.9090909090909092,0.634230073878688,0.6060267005577405,N363201,1,240.5,True,1.9090909090909092,0.5735685266023665,0.5587025491663205,3.6446280991735542,0.3637744090015091,0.338588662464464,0.3258224328071533,0.23402975327957565,False,True,False,False,-1.0,0
2026-04-08,2025-26,N363209,-1,238.5,True,1.925925925925926,0.5659254156746281,0.558058454905728,N363210,1,243.0,True,1.9090909090909092,0.5652926070735321,0.5491956438532534,3.6767676767676774,0.31991345363588286,0.3064832724497031,0.17624744569152906,0.12686778961304968,True,True,False,False,2.6767676767676774,1
2026-04-10,2025-26,N363228,1,218.5,True,1.9090909090909092,0.597335353691014,0.5736034177516371,N363227,1,241.5,True,1.9090909090909092,0.5825840669410512,0.5600431218736671,3.6446280991735542,0.3479980596809822,0.3212426487950321,0.2683235067711831,0.17080998445131557,True,False,False,False,-1.0,0
2026-04-12,2025-26,N363248,1,232.5,True,1.9090909090909092,0.653769581878893,0.6445860713665995,N363244,1,224.5,True,1.9523809523809523,0.6373758882232753,0.6056652463133351,3.7272727272727275,0.4166969679434187,0.3904033816843965,0.5531432441527424,0.45513987718729587,True,True,False,False,2.7272727272727275,1
2026-04-14,2025-26,N377272,-1,219.5,True,1.9090909090909092,0.5434263740840454,0.5357769469127617,N377267,1,226.5,True,1.9090909090909092,0.5410209158489113,0.5341828023899056,3.6446280991735542,0.2940050346034033,0.2862028309577667,0.07153901041405675,0.043102879771695246,False,True,False,False,-1.0,0
2026-04-15,2025-26,N377266,1,219.5,True,1.9090909090909092,0.5664965088104142,0.5459841933752565,N377273,1,219.5,True,1.9090909090909092,0.5294619377876038,0.5246188419261733,3.6446280991735542,0.2999383393046743,0.2864335952385229,0.0931636994492675,0.04394392975362482,False,True,False,False,-1.0,0
2026-04-17,2025-26,N377348,1,218.5,True,1.9090909090909092,0.5529251895571858,0.5327622623888224,N377355,1,217.5,True,1.9090909090909092,0.5272301790868243,0.5231705847307755,3.6446280991735542,0.2915188467118514,0.2787255443364511,0.06247778016468164,0.015850950846073797,False,False,False,False,-1.0,0
2026-04-18,2025-26,N377271,1,206.0,True,1.8849557522123894,0.6108238650514198,0.5785097998748494,N377268,1,217.5,True,1.9090909090909092,0.563332589232402,0.5415693895363225,3.598551890587289,0.3440969894643597,0.3133031991590023,0.23825087198236616,0.12743781966067358,False,True,False,False,-1.0,0
2026-04-19,2025-26,N377477,1,218.0,True,1.9090909090909092,0.5776405187347275,0.5482999093785619,N377349,1,214.5,True,1.925925925925926,0.5321508744086925,0.5197697411293002,3.6767676767676774,0.30739190713857595,0.2849897019589139,0.13020862826708757,0.04784092437418841,False,False,False,False,-1.0,0
2026-04-20,2025-26,N377320,1,230.5,True,1.9090909090909092,0.5436095284251888,0.5269315178137426,N377314,1,224.5,True,1.9090909090909092,0.5430636730466534,0.5265901573653624,3.6446280991735542,0.2952145872097422,0.27747695088630797,0.07594737983054811,0.011300292073238127,True,False,False,False,-1.0,0
2026-04-21,2025-26,N377332,1,205.5,True,1.9090909090909092,0.5973484581636612,0.5607912099655548,N377308,1,219.5,True,1.8695652173913042,0.541813262333734,0.5347101981235379,3.569169960474308,0.3236513168676793,0.29986077898662034,0.15516655783207267,0.07025408468347094,False,False,False,False,-1.0,0
2026-04-22,2025-26,N377478,1,214.5,True,1.9090909090909092,0.6348407576653006,0.6057600767195882,N377485,1,212.5,True,1.9090909090909092,0.5441834384144477,0.5272904527405531,3.6446280991735542,0.3454698263519364,0.3194115051056238,0.25910903653887596,0.16413614670727372,False,True,False,False,-1.0,0
2026-04-23,2025-26,N377315,1,219.5,True,1.9090909090909092,0.5535571646002929,0.5331582208363984,N377327,1,216.5,True,1.9523809523809523,0.5201992273175352,0.5122969801768607,3.7272727272727275,0.287960009301158,0.27313534649095467,0.07330548921340707,0.018049927829921986,True,True,False,False,2.7272727272727275,1
2026-04-24,2025-26,N377333,1,205.5,True,1.9090909090909092,0.5984914719869471,0.5615191130492513,N377309,1,219.5,True,1.9090909090909092,0.5257091339783854,0.5236976156028094,3.6446280991735542,0.31463243343170705,0.29406622061929727,0.1467182077965523,0.07176201068686039,True,True,False,False,2.6446280991735542,1
2026-04-25,2025-26,N377479,1,213.5,True,1.8695652173913042,0.6419296482945218,0.6246410266417736,N377486,1,214.5,True,1.8928571428571428,0.5586681104297826,0.5452423715815471,3.5388198757763973,0.3586256236415554,0.34058075475329297,0.26911148490544234,0.20525394422788001,True,True,False,False,2.5388198757763973,1
2026-04-26,2025-26,N377334,1,206.5,True,1.9090909090909092,0.5952953974804347,0.5617852035857908,N377316,1,220.0,True,1.9090909090909092,0.5487739176648695,0.5301626675057564,3.6446280991735542,0.32668258744320383,0.2978375420983072,0.19063653770622224,0.08550707492027687,True,False,False,False,-1.0,0
2026-04-27,2025-26,N377487,1,211.5,True,1.9090909090909092,0.5834345267683183,0.5654815463877306,N377480,1,212.0,True,1.8928571428571428,0.5827834832935834,0.5562407487392832,3.6136363636363638,0.340016005783784,0.31454387876095896,0.2286942027186738,0.13664719824982918,True,False,False,False,-1.0,0
2026-04-28,2025-26,N377329,1,213.5,True,1.9523809523809523,0.5510358761041773,0.5361053283662744,N377311,1,214.5,True,1.9090909090909092,0.5476279030023036,0.5340065252239204,3.7272727272727275,0.3017626213099677,0.2862837435549031,0.12475158851897072,0.06705758961372976,True,False,False,False,-1.0,0
2026-04-29,2025-26,N377481,1,209.5,True,1.9090909090909092,0.6025541219269216,0.5780059104571098,N377335,1,206.5,True,1.9090909090909092,0.5912203545453795,0.5592120620778478,3.6446280991735542,0.3562422615984144,0.32322787707990425,0.29837055673471724,0.17804540324163431,True,False,False,False,-1.0,0
2026-04-30,2025-26,N377324,1,224.5,True,1.9090909090909092,0.563750644520469,0.5486352187124006,N377330,1,213.5,True,1.9090909090909092,0.5432311823972363,0.5289569550640744,3.6446280991735542,0.3062469292000584,0.29020441473102393,0.11615616344814694,0.057687164432905336,False,True,False,False,-1.0,0
2026-05-01,2025-26,N377482,1,210.5,True,1.9090909090909092,0.5735188668512847,0.5503746429844706,N377336,1,206.5,True,1.9090909090909092,0.5762018818149246,0.5473920428289826,3.6446280991735542,0.3304626503360734,0.3012707001445413,0.20441346114221837,0.0980196592044853,False,False,False,False,-1.0,0
2026-05-03,2025-26,N377319,1,210.5,True,1.9090909090909092,0.5843468190177649,0.5572462581071863,N377483,1,202.5,True,1.8928571428571428,0.5727685868287621,0.5499592105596717,3.6136363636363638,0.33469550174668755,0.3064627121959592,0.2094678358573483,0.10744480088994357,True,True,False,False,2.6136363636363638,1
2026-05-04,2025-26,N379301,1,216.5,True,1.9090909090909092,0.5579022510887615,0.5358822134210977,N379350,1,211.5,True,1.9090909090909092,0.5226077662970198,0.5138046311450356,3.6446280991735542,0.2915640492535767,0.27533876300401233,0.06264252661840763,0.0035073924361110898,False,True,False,False,-1.0,0
2026-05-05,2025-26,N379383,1,213.5,True,1.9174311926605505,0.5382086810878378,0.5281044324697309,N379342,1,213.5,True,1.9090909090909092,0.5489704795977078,0.5302857078509886,3.6605504587155964,0.2954606777804401,0.2800462327914559,0.08154871958161092,0.02512336590633857,False,False,False,False,-1.0,0
2026-05-06,2025-26,N379302,1,214.5,True,1.9090909090909092,0.5789970408330147,0.5628819773903837,N379351,1,213.5,True,1.8695652173913042,0.5340295174869502,0.5275551267759407,3.569169960474308,0.3092015103424268,0.29695127294207607,0.10359274244747607,0.05986956310946523,True,False,False,False,-1.0,0
2026-05-07,2025-26,N379343,1,209.5,True,1.9090909090909092,0.5772084775293868,0.55941311126897,N379384,1,215.5,True,1.9174311926605505,0.5177428221634754,0.5107573424129886,3.6605504587155964,0.2988455461327477,0.2857243540227206,0.09393920098134245,0.04590841518408739,True,False,False,False,-1.0,0
2026-05-08,2025-26,N379303,1,215.5,True,1.8695652173913042,0.5630618467458067,0.5483065169893759,N379352,1,212.5,True,1.9090909090909092,0.5336102583237077,0.5293302014223088,3.569169960474308,0.30045557749425383,0.29023519907915096,0.07237702164945126,0.03589875402558618,True,False,False,False,-1.0,0
2026-05-09,2025-26,N379344,1,208.5,True,1.9090909090909092,0.5954130426702646,0.5819378039664633,N379385,1,211.5,True,1.9090909090909092,0.5185856189470379,0.5112858841231804,3.6446280991735542,0.30877264126229825,0.29753658460569526,0.12536144460060794,0.08441019678604644,True,True,False,False,2.6446280991735542,1
2026-05-11,2025-26,N379386,1,210.5,True,1.8928571428571428,0.5744888140942428,0.564211141564073,N379345,1,211.5,True,1.9090909090909092,0.5741100969449862,0.5574323218870469,3.6136363636363638,0.32981982875345583,0.3145095266766026,0.19184892663180642,0.1365230623086322,True,True,False,False,2.6136363636363638,1
2026-05-15,2025-26,N379306,1,217.5,True,1.9090909090909092,0.5720252554566913,0.5539931123258567,N379388,1,209.5,True,1.9090909090909092,0.5601994074478632,0.5441986766527325,3.6446280991735542,0.320448209152051,0.3014823186024598,0.16791454740540934,0.09879092978251891,True,False,False,False,-1.0,0
