date,season,game_a,side_a,thr_a,main_a,odds_a,p_a,pc_a,game_b,side_b,thr_b,main_b,odds_b,p_b,pc_b,combined_odds,joint_model,joint_cons,ev_model,ev_cons,win_a,win_b,push_a,push_b,profit,card_win
2021-11-17,2021-22,L254863,-1,143.5,False,1.6197874672272208,0.6755001053682393,0.6629948829818506,L254864,-1,137.5,False,1.5716459450413292,0.6759655945380123,0.6657173852122101,2.5457324046964263,0.45661483033573186,0.4413672199077528,0.16241917005063344,0.12360283408994022,True,True,False,False,1.5457324046964263,1
2021-11-18,2021-22,L255925,1,145.5,False,1.6364739588316917,0.731629633468871,0.7126231426425548,L254875,1,141.5,False,1.534774140940935,0.7043248258932245,0.6923936624612518,2.5116179143381205,0.5153049142112862,0.49341574768892554,0.29424905387953504,0.23927183111204342,True,False,False,False,-1.0,0
2021-11-19,2021-22,L262270,1,127.5,True,1.8695652173913042,0.6866547403822947,0.6814102555174325,L255941,1,129.5,False,1.420186634407487,0.7997552299793408,0.7846599322390869,2.655131533892258,0.5491557198108467,0.5346753249213275,0.4580806686870804,0.41963331559270567,True,False,False,False,-1.0,0
2021-11-20,2021-22,L257576,1,133.5,False,1.673751426330147,0.7057211022947899,0.687200456777667,L254907,-1,133.5,False,1.4982108705452062,0.7363698374152208,0.7235850672231753,2.50763258151837,0.5196717333573049,0.4972479887132649,0.3031457702609044,0.24691525759186161,True,False,False,False,-1.0,0
2021-11-21,2021-22,L255973,1,133.5,False,1.7331005409629812,0.6873380136305762,0.6682679756539729,L255974,1,134.5,False,1.4467788887554878,0.753407399907373,0.7406686853578416,2.5074132747559568,0.517845545706911,0.4949651629943742,0.29845279557875104,0.24108222023383985,True,False,False,False,-1.0,0
2021-11-22,2021-22,L253623,1,143.5,False,1.7750758690302062,0.6851593352330656,0.6646834932191433,L255984,1,131.5,False,1.420186634407487,0.7813676255176715,0.7683729655732541,2.5209390242559535,0.5353613228723267,0.5107248268523831,0.3496132509061398,0.28750614666853735,True,False,False,False,-1.0,0
2021-11-23,2021-22,L256000,1,125.5,False,1.600935127061173,0.7023299699072276,0.6876624453797642,L256003,1,133.5,False,1.600935127061173,0.6958956142914572,0.6816280524074161,2.562993281058374,0.4887483458438908,0.4687300133579298,0.2526587265262865,0.20135187486677597,False,True,False,False,-1.0,0
2021-11-24,2021-22,L256025,1,129.5,False,1.4333204768898415,0.7533238605056842,0.7422617162571149,L256018,1,123.5,False,1.7538401771997982,0.6717727241270817,0.6536491334361919,2.513815039172579,0.5060624219218331,0.48517872761432373,0.27214732698720323,0.2196495821635034,True,False,False,False,-1.0,0
2021-11-25,2021-22,L254967,1,132.5,True,1.8695652173913042,0.6303845727362187,0.6279201711621621,L256028,-1,147.5,False,1.4451032311896355,0.7131193177516661,0.7050958565469276,2.701714736571927,0.44953941643082784,0.44274391092867815,0.21452726604111172,0.1961677486834983,True,True,False,False,1.701714736571927,1
2021-11-26,2021-22,L256040,1,147.5,False,1.6364739588316917,0.7256353330067817,0.7070753378884593,L253657,1,136.5,False,1.5507223617247383,0.7220613012526391,0.7080296936709649,2.537716762340513,0.5239531927857689,0.5006303348874599,0.329644800014276,0.27045799258005143,False,True,False,False,-1.0,0
2021-11-27,2021-22,L256060,1,137.5,False,1.712846200526044,0.6509524479750665,0.6366713787427921,L256068,1,119.5,False,1.460569328977189,0.7339099209440333,0.72304961323683,2.501730625743452,0.47774045963170597,0.46034499415893515,0.19517793901739222,0.15165917029509868,False,False,False,False,-1.0,0
2021-11-28,2021-22,L256082,1,136.5,False,1.5670593726670592,0.7256004460242493,0.7095497103052345,L253668,1,142.5,False,1.6364739588316917,0.7108884014162749,0.6931442817741746,2.5644518553127695,0.5158209411411147,0.4918203243325954,0.32279796951851036,0.2612495432152524,False,False,False,False,-1.0,0
2021-11-29,2021-22,L253672,1,130.5,False,1.6364739588316917,0.6593005721658662,0.6471835479626908,L256090,1,132.5,False,1.534774140940935,0.6829136096576132,0.6729448525238042,2.5116179143381205,0.4502453335871214,0.43551883723958534,0.1308442456845571,0.09385691364265081,True,True,False,False,1.5116179143381205,1
2021-11-30,2021-22,L256098,1,133.5,False,1.712846200526044,0.6731166447188793,0.6564779279287746,L255030,1,128.5,False,1.460569328977189,0.7546883368147924,0.7417453399740974,2.501730625743452,0.5079932810852446,0.4869394438370199,0.2708623489628583,0.2181913195295564,False,True,False,False,-1.0,0
2021-12-01,2021-22,L257315,1,120.5,True,1.8849557522123894,0.6441014507128037,0.6289051608852259,L253680,1,127.5,False,1.420186634407487,0.7508467365980401,0.7396361660478626,2.6769889657415464,0.483621472305772,0.46516100200486266,0.2946493449582326,0.2452308696602985,True,True,False,False,1.6769889657415464,1
2021-12-02,2021-22,L253697,-1,134.5,False,1.7648412581721995,0.63024243213181,0.6164549031337991,L256146,-1,142.5,False,1.4202919420852433,0.7241615394064994,0.716766090685848,2.5065898180415576,0.45639732985186776,0.4418539710033363,0.14400089998804577,0.10754666477819241,True,True,False,False,1.5065898180415576,1
2021-12-03,2021-22,L252206,1,158.5,True,1.8771929824561404,0.6030637825424094,0.5932189599362193,L262245,1,142.5,False,1.420186634407487,0.7516711813352027,0.7416772784671751,2.6659643838877387,0.45330566584412874,0.43997702374062336,0.20849676015496366,0.17296307502143193,False,False,False,False,-1.0,0
2021-12-04,2021-22,L256182,1,129.5,True,1.8695652173913042,0.6349107976429181,0.6207190794632943,L253704,1,131.5,False,1.420186634407487,0.7701357480219901,0.7569318562647749,2.655131533892258,0.4889675020699672,0.46984204503711363,0.2982730337944979,0.24749242972646668,True,True,False,False,1.6551315338922579,1
2021-12-05,2021-22,L256203,1,132.5,True,1.8771929824561404,0.7834816535099283,0.7781405352189342,L255124,1,134.5,False,1.420186634407487,0.7509335993018874,0.7392366889713082,2.6659643838877387,0.5883426980572046,0.5752300328096066,0.5685006785409255,0.5335427800129866,True,False,False,False,-1.0,0
2021-12-06,2021-22,L256207,1,145.5,False,1.7538401771997982,0.6471036025526876,0.63125325057782,L255131,1,125.5,False,1.4746994130607267,0.6847499015031483,0.6779119330814537,2.5863870799188633,0.44310412811028527,0.42793411136316123,0.1460387920031545,0.10680325668624047,True,False,False,False,-1.0,0
2021-12-07,2021-22,L252228,1,136.5,False,1.534774140940935,0.6811202202271843,0.670877625510193,L256217,1,150.5,False,1.673751426330147,0.6386301480505622,0.6266909919192613,2.568830407494516,0.43498390708391826,0.4204329645874216,0.11739988728793826,0.08002098374523348,True,True,False,False,1.568830407494516,1
2021-12-08,2021-22,L255156,1,140.5,False,1.6364739588316917,0.6837315551967973,0.6688332361106996,L253724,1,139.5,False,1.534774140940935,0.7006876966984446,0.688580960286699,2.5116179143381205,0.4790822885708893,0.460545831992766,0.20327165841675066,0.15671516200678526,False,True,False,False,-1.0,0
2021-12-09,2021-22,L253726,1,136.5,True,1.8849557522123894,0.5982090867353852,0.5901249182449,L257320,1,136.5,False,1.4333204768898415,0.7228344816999251,0.7130722480210206,2.701745677677312,0.43240615515855774,0.42080170206611184,0.1682514607006984,0.13689917971637366,False,True,False,False,-1.0,0
2021-12-10,2021-22,L256256,1,133.5,False,1.6548905204302151,0.6724433524081017,0.6579724544897538,L256258,-1,133.5,False,1.5266059015722848,0.6825422825228967,0.6735496782820105,2.526365634944796,0.45897102061997436,0.4431771350399985,0.1595286139298424,0.11962748415834157,True,True,False,False,1.526365634944796,1
2021-12-11,2021-22,L255190,1,130.5,False,1.600935127061173,0.7029017070768914,0.687914546956399,L255181,1,123.5,False,1.600935127061173,0.7011160958037529,0.6863978984911144,2.562993281058374,0.4928157005995432,0.4721830993723393,0.26308332943670454,0.21020211112062426,True,False,False,False,-1.0,0
2021-12-12,2021-22,L256301,1,143.5,False,1.600935127061173,0.6952234464726051,0.68102352094551,L255219,1,128.5,False,1.600935127061173,0.6796908311137839,0.6672111227145593,2.562993281058374,0.47253700214275424,0.4543864680050759,0.2111091615433458,0.1645894645008552,False,False,False,False,-1.0,0
2021-12-13,2021-22,L256311,1,128.5,False,1.5670593726670592,0.6452330013714708,0.6377544510834293,L255225,1,136.5,False,1.600935127061173,0.6514592063696215,0.6414662768670308,2.50876039589314,0.4203429789969473,0.40909797329186437,0.054539818399283346,0.02632879343477912,True,True,False,False,1.5087603958931401,1
2021-12-14,2021-22,L253748,1,135.5,False,1.600935127061173,0.6947868538239318,0.680594892351346,L253752,1,147.5,False,1.600935127061173,0.6727024842107294,0.6609663264211767,2.562993281058374,0.46738484256431584,0.44985030577848534,0.19790421116086732,0.152963311192313,True,True,False,False,1.562993281058374,1
2021-12-15,2021-22,L253757,1,129.5,False,1.673751426330147,0.6525517772502355,0.6393547359547475,L256327,1,125.5,False,1.534774140940935,0.6793027552552563,0.6700572213534473,2.568830407494516,0.4432802202327992,0.428404257833005,0.13871170877488037,0.10049788422154426,False,True,False,False,-1.0,0
2021-12-16,2021-22,L253758,1,136.5,False,1.600935127061173,0.6552446179372468,0.6453842822492233,L256340,1,127.5,False,1.5670593726670592,0.6516682080301831,0.6433411968954658,2.50876039589314,0.42700208599258754,0.4152022965997364,0.07124592230196058,0.04164307799329592,True,True,False,False,1.5087603958931401,1
2021-12-17,2021-22,L255265,1,136.5,False,1.712846200526044,0.6167246912045017,0.6062463544960135,L256348,1,124.5,False,1.460569328977189,0.6659870484867292,0.6608432971380334,2.501730625743452,0.41073065682417553,0.40063383978305855,0.027537463108763705,0.002277946694473121,False,True,False,False,-1.0,0
2021-12-18,2021-22,L256357,1,125.5,False,1.600935127061173,0.6845287917330104,0.6713632968335832,L253776,1,135.5,False,1.5670593726670592,0.6895188089608986,0.6769824474017175,2.50876039589314,0.4719954771751883,0.4545011677860849,0.18412356017779707,0.14023452962891314,True,True,False,False,1.5087603958931401,1
2021-12-19,2021-22,L255303,1,129.5,True,1.8771929824561404,0.6255437767697343,0.6123638237402194,L256397,1,118.5,False,1.420186634407487,0.7640086609399361,0.7521918820200563,2.6659643838877387,0.477920863249155,0.46061509706015363,0.2741199997391297,0.2279834434433634,True,False,False,False,-1.0,0
2021-12-20,2021-22,L256408,1,150.5,False,1.673751426330147,0.6818843291428452,0.6653562591237188,L252297,1,132.5,False,1.5040097749993504,0.7083573658122327,0.6968666934233504,2.5173385061196463,0.48301778718026733,0.4636646162440758,0.2159192748095915,0.16720079239640095,False,False,False,False,-1.0,0
2021-12-21,2021-22,L256428,1,129.5,False,1.6364739588316917,0.6775870655011892,0.6637665003794145,L256435,1,128.5,False,1.534774140940935,0.6925669303248416,0.6823263400788335,2.5116179143381205,0.469274393981976,0.4529053668708216,0.17863797466529596,0.1375252329326342,True,True,False,False,1.5116179143381205,1
2021-12-22,2021-22,L262372,1,151.5,False,1.600935127061173,0.6672652744079608,0.6557972823763879,L255349,1,123.5,False,1.5670593726670592,0.6661431286667632,0.6569826113597861,2.50876039589314,0.44449417754480525,0.43084741109829033,0.11512938882950152,0.08089292163648154,True,False,False,False,-1.0,0
2021-12-23,2021-22,L263067,-1,136.5,False,1.4202919420852433,0.7132933365021286,0.7064725374902651,L256445,1,133.5,True,1.8849557522123894,0.5320332867559756,0.5288885086848563,2.677187466054485,0.37949579824036356,0.3736452067800325,0.015981394469443133,0.00031826434283943605,False,False,False,False,-1.0,0
2021-12-25,2021-22,L263079,1,121.5,True,1.9090909090909092,0.5529330846546829,0.5454912769130016,L263077,-1,132.5,True,1.9090909090909092,0.5270005773406361,0.5229782697905274,3.6446280991735542,0.29139605484375675,0.28528008418578704,,,True,False,False,False,-1.0,0
2021-12-28,2021-22,L255372,1,139.5,False,1.600935127061173,0.6864159828044138,0.6731759919232729,L256488,1,131.5,False,1.5670593726670592,0.6742501342620703,0.6638681330784713,2.50876039589314,0.46281606856550694,0.44690008899135125,0.16109462340010805,0.12116524418262209,True,False,False,False,-1.0,0
2021-12-29,2021-22,L254485,1,141.5,False,1.7538401771997982,0.6302872397429111,0.616417196575453,L254484,1,114.5,False,1.4333204768898415,0.7340673741920292,0.7241008473344269,2.513815039172579,0.46267329906482074,0.44634821435179756,0.16307509741273885,0.12203685394537467,True,True,False,False,1.513815039172579,1
2021-12-30,2021-22,L256503,1,117.5,False,1.5670593726670592,0.6945259964116224,0.6824916622304528,L256522,1,124.5,False,1.600935127061173,0.6594001091012889,0.6485955617509144,2.50876039589314,0.45797051780750514,0.44266106305467584,0.14893829756214294,0.11053054379552685,True,True,False,False,1.5087603958931401,1
2021-12-31,2021-22,L254491,1,147.0,True,1.8695652173913042,0.6120517633870258,0.6003364396612564,L255396,1,131.5,False,1.420186634407487,0.7152524455344538,0.708271869889845,2.655131533892258,0.4377715205562451,0.42520141268189016,0.16234096886884908,0.128965679067222,True,True,False,False,1.6551315338922579,1
2022-01-01,2021-22,L253309,1,139.5,False,1.712846200526044,0.625134540479459,0.6135410298682965,L255408,1,113.5,False,1.460569328977189,0.7302359165975879,0.7195687291130128,2.501730625743452,0.4564956941638297,0.44148493912101916,0.1420292586096692,0.10447639300353706,False,True,False,False,-1.0,0
2022-01-02,2021-22,L253844,1,115.5,False,1.5670593726670592,0.70585121964474,0.6922597252237074,L257413,1,121.5,False,1.6364739588316917,0.6960677595457762,0.680321846583959,2.5644518553127695,0.4913202770307677,0.47095941457989665,0.25996719598433593,0.20775274449643177,True,True,False,False,1.5644518553127695,1
2022-01-03,2021-22,L262498,1,151.0,True,1.9090909090909092,0.5538798041843246,0.5463136724647863,L257586,1,137.0,True,1.9090909090909092,0.5386705884854354,0.5331080666052489,3.6446280991735542,0.2983587600701678,0.29124422568771546,,,True,False,False,False,-1.0,0
2022-01-04,2021-22,L252413,1,141.5,False,1.600935127061173,0.6576060908334919,0.6467791359759384,L253858,1,137.5,False,1.5670593726670592,0.6612580912328738,0.6521971896042899,2.50876039589314,0.4348473484076667,0.42182753477819784,0.09092780594430017,0.058264213148779165,True,False,False,False,-1.0,0
2022-01-05,2021-22,L256571,1,120.5,False,1.600935127061173,0.6826853788772689,0.6698682844887056,L263143,1,126.5,False,1.600935127061173,0.6815780342868913,0.668665087101412,2.562993281058374,0.46530335857157057,0.4479175347941138,0.19256938167283089,0.14800963214554397,False,True,False,False,-1.0,0
2022-01-06,2021-22,L263379,1,141.5,False,1.618492007536782,0.7145057699615159,0.6977411386842686,L257370,1,121.5,False,1.5837939690039073,0.7012422443784293,0.687669286626875,2.5633578804177817,0.5010416297491511,0.4798151510892344,0.2843490100348549,0.22993794868843764,True,True,False,False,1.5633578804177817,1
2022-01-07,2021-22,L253877,1,146.5,False,1.8418701413289285,0.5535741136189963,0.5460481181060695,L263391,-1,154.5,False,1.556297292781395,0.6453698958230142,0.6390353476594912,2.8664975146050966,0.3572600680366091,0.348944048992723,0.024085097094587615,0.00024724917387963785,True,False,False,False,-1.0,0
2022-01-08,2021-22,L252483,1,140.5,False,1.600935127061173,0.7000981822942788,0.6850959032851281,L256606,1,118.5,False,1.5670593726670592,0.7060231262589388,0.6925129954574409,2.50876039589314,0.49428550735160715,0.47443781615960534,0.24004390510765972,0.19025080349524837,True,True,False,False,1.5087603958931401,1
2022-01-09,2021-22,L253913,1,134.5,False,1.5670593726670592,0.678042965614453,0.6668474660249906,L252506,1,128.5,False,1.600935127061173,0.6633745062751213,0.6523584745185448,2.50876039589314,0.4497964175478068,0.43502359567261994,0.12843143855855188,0.09136996810249975,True,True,False,False,1.5087603958931401,1
2022-01-10,2021-22,L257654,1,142.5,True,1.8849557522123894,0.5888667531494085,0.5792686809072097,L256642,1,129.5,False,1.420186634407487,0.7109447409296766,0.7036564837662611,2.6769889657415464,0.4186517212599061,0.4076061631630875,0.1207260383014741,0.09115720115583348,False,True,False,False,-1.0,0
2022-01-11,2021-22,L253922,1,144.5,True,1.8695652173913042,0.6444039643412929,0.6288594300066269,L252532,1,133.5,False,1.420186634407487,0.7390584763945061,0.728697301443683,2.655131533892258,0.47625221206865553,0.4582481696332417,0.26451226634943037,0.21670916554162845,True,False,False,False,-1.0,0
2022-01-12,2021-22,L257392,1,129.5,False,1.6364739588316917,0.649311770668613,0.638479307784251,L257388,1,128.5,False,1.534774140940935,0.6712163529916909,0.6625637991535486,2.5116179143381205,0.4358286786627636,0.4230332758464612,0.09463511691170923,0.062497953977111775,False,True,False,False,-1.0,0
2022-01-13,2021-22,L252546,1,130.5,False,1.673751426330147,0.6821168720523679,0.6656795168989094,L256668,1,116.5,False,1.5040097749993504,0.7033915002537277,0.6930377682690679,2.5173385061196463,0.47979520998129505,0.4613410467740514,0.20780695713767505,0.16135158149786455,True,False,False,False,-1.0,0
2022-01-14,2021-22,L252560,1,127.5,False,1.6364739588316917,0.6291194120653135,0.6205355310538846,L256669,1,128.5,False,1.5670593726670592,0.6383790805630342,0.6317133334300457,2.5644518553127695,0.4016166718386115,0.39200056883383305,0.029926619221066764,0.005266586029584408,False,False,False,False,-1.0,0
2022-01-15,2021-22,L253356,1,124.5,False,1.4467788887554878,0.7350514771925746,0.7241217791579602,L256680,1,137.5,False,1.7331005409629812,0.6523852049218883,0.6369851647545108,2.5074132747559568,0.4795367085764145,0.46125483079926277,0.20239670881728022,0.15655648579138415,True,False,False,False,-1.0,0
2022-01-16,2021-22,L252604,1,129.5,False,1.5670593726670592,0.683900862406054,0.6720259388881532,L257408,1,130.5,False,1.600935127061173,0.66520534033103,0.6538480749917012,2.50876039589314,0.454934505929504,0.43940286648650956,0.1413216712011527,0.10235650928327633,True,False,False,False,-1.0,0
2022-01-17,2021-22,L263479,-1,157.5,True,1.8928571428571428,0.8324229366991301,0.8242610306429868,L263434,1,134.5,False,1.420186634407487,0.7374809356123363,0.7270231502955303,2.688210415128457,0.6138960461820431,0.5992568511639049,0.6502817451527487,0.6109285086358931,True,True,False,False,1.6882104151284572,1
2022-01-18,2021-22,L263133,1,130.5,True,1.8849557522123894,0.5927062649130559,0.587591267105158,L263407,1,120.5,False,1.420186634407487,0.7139664328207663,0.7066566593436219,2.6769889657415464,0.42317237767049465,0.41522528187201674,0.13282778563052866,0.11155349786831192,False,True,False,False,-1.0,0
2022-01-19,2021-22,L254003,1,127.5,False,1.5670593726670592,0.682172732000555,0.6707047019064626,L256713,1,146.5,False,1.600935127061173,0.654757523256799,0.6443630117525367,2.50876039589314,0.4466577284380075,0.4321773017170356,0.12055721962486654,0.08422929855165928,False,True,False,False,-1.0,0
2022-01-20,2021-22,L255470,1,130.5,False,1.5670593726670592,0.6894290266378862,0.6776942470928806,L253368,1,131.5,False,1.600935127061173,0.6725176411224356,0.6606171460776691,2.50876039589314,0.46365318271584804,0.4476964394277535,0.16319474222732544,0.12316309661872005,True,True,False,False,1.5087603958931401,1
2022-01-21,2021-22,L254544,1,130.5,False,1.6364739588316917,0.6373977694816605,0.6276366222406302,L252656,1,135.5,False,1.534774140940935,0.6524139201367978,0.6453184759055673,2.5116179143381205,0.4158471774739811,0.4050255084868418,0.04444922057059486,0.017269322879458482,True,True,False,False,1.5116179143381205,1
2022-01-22,2021-22,L256765,1,134.5,False,1.6364739588316917,0.7109296465274348,0.6932390634125662,L254041,1,126.5,False,1.534774140940935,0.7297541459025852,0.714949841024333,2.5116179143381205,0.518803856998455,0.49563115817867176,0.3030370612650324,0.24483609578570253,False,True,False,False,-1.0,0
2022-01-23,2021-22,L257432,1,134.5,False,1.600935127061173,0.6709356193925511,0.6594852505691114,L256771,1,131.5,False,1.600935127061173,0.6500721774104226,0.6406749953658656,2.562993281058374,0.43615657900072624,0.4225157098522222,0.11786638146826722,0.08290492549285466,True,False,False,False,-1.0,0
2022-01-24,2021-22,L257713,1,135.5,True,1.8771929824561404,0.6276752254271115,0.6191692495155479,L263483,1,128.5,False,1.4467788887554878,0.7368550689409584,0.7258685925933849,2.7158831771374947,0.4625056715046259,0.4494355117229531,0.25611137257009364,0.22061434549654946,True,True,False,False,1.7158831771374947,1
2022-01-25,2021-22,L257436,1,130.5,False,1.600935127061173,0.646131657743309,0.6370200436062192,L263138,1,135.5,False,1.5670593726670592,0.6454648654853031,0.6381634277874523,2.50876039589314,0.4170552835510809,0.4065228945970572,0.04629177827093556,0.019868537988938506,False,False,False,False,-1.0,0
2022-01-26,2021-22,L254054,1,125.5,False,1.5670593726670592,0.6763912236719243,0.6657768899353926,L252725,1,124.5,False,1.600935127061173,0.6623853517564681,0.6516594994294576,2.50876039589314,0.4480316386169154,0.433859834826999,0.12400403106922542,0.08845037098271447,True,True,False,False,1.5087603958931401,1
2022-01-27,2021-22,L255507,1,133.5,False,1.600935127061173,0.7096936464162386,0.6941964826849996,L256810,1,131.5,False,1.5670593726670592,0.6953523482553335,0.6824201027067657,2.50876039589314,0.49348714357742185,0.4737336350125729,0.23804100168946762,0.18848418172203862,False,False,False,False,-1.0,0
2022-01-28,2021-22,L252754,1,129.5,False,1.600935127061173,0.6473876344992625,0.6383152577001298,L252751,1,137.5,False,1.5670593726670592,0.6612447276246074,0.6518703797807094,2.50876039589314,0.4280816600420037,0.41609880945680494,0.07395431492157001,0.0438922139435185,True,True,False,False,1.5087603958931401,1
2022-01-29,2021-22,L255515,1,120.5,False,1.5670593726670592,0.7104291806202745,0.6962371382438205,L257448,1,142.5,False,1.600935127061173,0.7001464654319034,0.6853945643364497,2.50876039589314,0.49740447975096846,0.4771971500414799,0.24786865953906112,0.1971733110571412,True,False,False,False,-1.0,0
2022-01-30,2021-22,L252802,1,127.5,False,1.6364739588316917,0.6620608114976004,0.6498366818424983,L252805,1,128.5,False,1.5670593726670592,0.6772207587359238,0.6663553455590633,2.5644518553127695,0.4483613250917264,0.43302214668611305,0.1498010319819696,0.11046444746072082,True,False,False,False,-1.0,0
2022-01-31,2021-22,L257673,1,148.5,False,1.673751426330147,0.6257261096359933,0.6155773040564331,L263378,-1,167.5,False,1.4982108705452062,0.6812711439875221,0.6735947540155176,2.50763258151837,0.42628914253457484,0.4146496427034285,0.06897654296722822,0.03978895395806825,False,True,False,False,-1.0,0
2022-02-01,2021-22,L256852,1,131.5,False,1.600935127061173,0.6536089970311961,0.6439708972928455,L252812,1,122.5,False,1.5670593726670592,0.6739652769498727,0.6636734876139083,2.50876039589314,0.4405097687010586,0.4273864113282007,0.10513346172126359,0.07221010248308524,False,True,False,False,-1.0,0
2022-02-02,2021-22,L256854,1,128.5,True,1.8333333333333335,0.6100780797737281,0.6022486949868132,L254111,1,124.5,False,1.4467788887554878,0.71826735429434,0.7091603551911239,2.6524279627183946,0.43819916827204697,0.4270908984502393,0.16229172716472062,0.13282784167193684,True,False,False,False,-1.0,0
2022-02-03,2021-22,L256864,1,127.5,False,1.6364739588316917,0.6792211019931486,0.6649959722400143,L257462,1,128.5,False,1.5670593726670592,0.6963623695782285,0.6835220409607687,2.5644518553127695,0.47298401605148455,0.45453940417618527,0.21294473749651455,0.16564441835237909,True,False,False,False,-1.0,0
2022-02-04,2021-22,L252856,1,129.5,False,1.600935127061173,0.6741116312278448,0.6621029493846634,L256879,1,133.5,False,1.5670593726670592,0.6694359086118343,0.6594723523234853,2.50876039589314,0.4512745323568181,0.4366385895110215,0.1321396744519827,0.09542160068389305,False,False,False,False,-1.0,0
2022-02-05,2021-22,L253420,1,122.5,False,1.7538401771997982,0.660272371333068,0.6432404794464814,L257478,1,125.5,False,1.4333204768898415,0.7563885010448022,0.7442946696611212,2.513815039172579,0.49942242923391633,0.47876046016228013,0.2554556135083217,0.20351524491712425,True,True,False,False,1.513815039172579,1
2022-02-06,2021-22,L263656,1,126.5,False,1.5670593726670592,0.6740887057721626,0.6635638740639875,L252910,1,139.5,False,1.600935127061173,0.6511662131891011,0.6410132173360832,2.50876039589314,0.43894378989120125,0.4253532138217522,0.10120479610228528,0.0671092971018783,True,False,False,False,-1.0,0
2022-02-07,2021-22,L263642,1,139.5,False,1.6364739588316917,0.6866896018813391,0.671614012767788,L256617,1,124.5,False,1.5507223617247383,0.6873289264613122,0.6763986377808386,2.537716762340513,0.47198162687324663,0.45427880335065457,0.19775568603298344,0.15283093403894576,True,True,False,False,1.537716762340513,1
2022-02-08,2021-22,L256916,1,121.5,False,1.5670593726670592,0.6811594461944406,0.6702386073482135,L263402,1,130.5,False,1.600935127061173,0.6560601129772098,0.6457773383830294,2.50876039589314,0.44688154322581836,0.43282490393487766,0.12111871730054169,0.0858539773480742,False,True,False,False,-1.0,0
2022-02-09,2021-22,L254599,1,130.5,True,1.8333333333333335,0.6378409818853619,0.6266447322855575,L257483,1,115.5,False,1.4073700560043587,0.7690812354798158,0.7573749463391316,2.580178436007991,0.4905515303880529,0.4746050204884736,0.26571048045797285,0.22456563948549024,False,True,False,False,-1.0,0
2022-02-10,2021-22,L257489,1,132.5,False,1.6364739588316917,0.6959080135404282,0.6797674216852171,L256940,1,116.5,False,1.534774140940935,0.6954992017931564,0.6848005449895475,2.5116179143381205,0.48400346793882887,0.4655051008361762,0.21563178067693856,0.16917095047591335,True,True,False,False,1.5116179143381205,1
2022-02-11,2021-22,L254202,1,143.5,True,1.8849557522123894,0.5503282443347934,0.5456753072468113,L252969,1,124.5,False,1.420186634407487,0.695587722813266,0.6893780525545145,2.6769889657415464,0.3828015702766616,0.37617658063689313,0.02475557969916009,0.00702055553534775,False,True,False,False,-1.0,0
2022-02-12,2021-22,L257501,1,126.5,False,1.600935127061173,0.7134461006058246,0.6974708231721995,L257499,1,118.5,False,1.5670593726670592,0.6988500634237871,0.6861666421798867,2.50876039589314,0.49859185265783407,0.47858121275450966,0.2508474936629621,0.20064559277702299,False,True,False,False,-1.0,0
2022-02-13,2021-22,L253005,1,128.5,False,1.673751426330147,0.617023541940145,0.6083725129961941,L256976,-1,148.5,False,1.4982108705452062,0.679514960409888,0.6721401899148469,2.50763258151837,0.4192767276734265,0.40891161642423457,0.051391982986289,0.025400092306752997,True,True,False,False,1.50763258151837,1
2022-02-14,2021-22,L257503,1,143.5,False,1.600935127061173,0.6557109824755584,0.6449785480656621,L256979,1,136.5,False,1.5670593726670592,0.652330997229936,0.6434465784072493,2.50876039589314,0.42774059909290213,0.41500923989892585,0.0730986747198783,0.04115874498814054,False,True,False,False,-1.0,0
2022-02-15,2021-22,L253027,1,121.5,False,1.618492007536782,0.6651367422141086,0.6535171740211048,L257505,1,125.5,False,1.5507223617247383,0.6653375151849745,0.6563192640044756,2.5098317483600514,0.44254042732296395,0.42891591066781626,0.11070201442799887,0.07650676997084882,True,True,False,False,1.5098317483600514,1
2022-02-16,2021-22,L254242,1,141.5,False,1.673751426330147,0.6905645632899781,0.6732327609953891,L256988,1,144.5,False,1.5040097749993504,0.6914787786500498,0.6814743905339324,2.5173385061196463,0.47751074080275907,0.4587908854868094,0.20205617490850303,0.15493196229267436,True,True,False,False,1.5173385061196463,1
2022-02-17,2021-22,L257507,1,131.0,True,1.7246376811594204,0.6432077829900149,0.6320077992829997,L257512,1,124.5,False,1.4746994130607267,0.7218656795937238,0.7109204195911131,2.54332217614821,0.46430962338805953,0.4493072498511261,0.18088896176187563,0.14273309245053367,True,True,False,False,1.54332217614821,1
2022-02-18,2021-22,L253052,1,132.5,False,1.5670593726670592,0.6759502857988748,0.6650942394003776,L254270,1,134.5,False,1.600935127061173,0.6386455088278734,0.6300578028412469,2.50876039589314,0.4316926142163689,0.41904781515897216,0.08301333374560205,0.051290562656378436,False,True,False,False,-1.0,0
2022-02-19,2021-22,L253093,1,114.0,True,1.8333333333333335,0.6234851385643644,0.6142307762986744,L257689,1,113.5,False,1.420186634407487,0.7720749733221655,0.7599885505326625,2.603675496413726,0.48137727172384825,0.4668083573717816,0.2533502069178757,0.2154174816100496,False,True,False,False,-1.0,0
2022-02-20,2021-22,L253104,1,128.5,False,1.5670593726670592,0.6644569378747859,0.6547285382733413,L254301,1,130.5,False,1.600935127061173,0.6605433377094064,0.6495992869181637,2.50876039589314,0.43890260350798277,0.42531119158733416,0.1011014693352168,0.06700387338442382,False,True,False,False,-1.0,0
2022-02-21,2021-22,L263722,1,131.5,False,1.673751426330147,0.6737335166228283,0.6586264148351467,L257049,1,118.5,False,1.5040097749993504,0.6987359661600133,0.6892049957852091,2.5173385061196463,0.4707618396718353,0.4539286154604847,0.18506690621763422,0.14269198272825578,False,True,False,False,-1.0,0
2022-02-22,2021-22,L253119,1,115.5,False,1.5670593726670592,0.6774271489354964,0.6666828332097605,L263419,1,128.5,False,1.600935127061173,0.6555301701876891,0.6455730665269827,2.50876039589314,0.444073934231447,0.430392481036122,0.11407509904830948,0.07975161111361229,False,True,False,False,-1.0,0
2022-02-23,2021-22,L263731,1,130.5,False,1.5670593726670592,0.6822794610212711,0.6708464932486475,L254315,1,143.5,False,1.600935127061173,0.6696705780513764,0.6577237825998794,2.50876039589314,0.45690248105469616,0.4412316930833649,0.1462588492553376,0.10694459702042303,True,True,False,False,1.5087603958931401,1
2022-02-24,2021-22,L257533,1,131.5,False,1.7750758690302062,0.6080111822315749,0.5961558771499921,L255618,1,121.5,False,1.420186634407487,0.7267939717540123,0.7191124863372268,2.5209390242559535,0.4418988620049389,0.4287031350618811,0.11400008600254696,0.08073446299836706,True,False,False,False,-1.0,0
2022-02-25,2021-22,L253151,1,130.5,False,1.7538401771997982,0.6191944022509693,0.6068627997894018,L253161,1,119.5,False,1.4333204768898415,0.7095879167459133,0.7024851271787671,2.513815039172579,0.4393728659539963,0.42631209109012064,0.10450211823951383,0.07166974596345566,True,True,False,False,1.513815039172579,1
2022-02-26,2021-22,L257544,1,118.5,False,1.534774140940935,0.7131521249692886,0.700850392184262,L257717,1,134.5,False,1.6548905204302151,0.6635123748339641,0.6500343904286736,2.5398831768445804,0.4731852600562606,0.4555768574651936,0.20183528154772423,0.15711199603556647,True,False,False,False,-1.0,0
2022-02-27,2021-22,L257109,1,130.5,False,1.4333204768898415,0.7136347232670603,0.7052427652020521,L253198,1,131.5,False,1.7538401771997982,0.6077256677255807,0.5967947147608076,2.513815039172579,0.43369413870963425,0.42088515489588185,0.09022684828927696,0.058027432141748214,True,False,False,False,-1.0,0
2022-02-28,2021-22,L263723,1,138.5,False,1.7538401771997982,0.5962985606012584,0.5867535379890753,L263685,1,123.5,False,1.4333204768898415,0.6874985034840967,0.6816583342786642,2.513815039172579,0.4099543680430861,0.3999654393377459,0.030549455761200495,0.00543913655649364,True,True,False,False,1.513815039172579,1
2022-03-01,2021-22,L263780,1,140.5,False,1.7538401771997982,0.668541413402368,0.6504682910959714,L263791,1,121.5,False,1.460569328977189,0.6971593686177678,0.6899273319561288,2.5616051707459437,0.46607990966242496,0.44877585259790603,0.19391270657207027,0.1495865445207154,True,True,False,False,1.5616051707459437,1
2022-03-02,2021-22,L263782,1,133.5,False,1.534774140940935,0.6771474140069819,0.6678085050895188,L257131,-1,146.5,False,1.636557172223299,0.6384193221545621,0.6292281328723467,2.5117456280997397,0.432303993049052,0.420203898773751,0.08583766455101638,0.055445305655434485,True,True,False,False,1.5117456280997397,1
2022-03-03,2021-22,L257554,1,122.5,False,1.600935127061173,0.6927837714555584,0.6790448634164822,L253239,1,126.5,False,1.5670593726670592,0.6750926173507429,0.6647377381372316,2.50876039589314,0.4676932095300518,0.4513867466011777,0.17333020149714606,0.13242119310408706,False,False,False,False,-1.0,0
2022-03-04,2021-22,L253242,-1,137.5,True,1.8849557522123894,0.5714556680768671,0.5681006961118641,L264022,1,132.5,False,1.4467788887554878,0.6962917972113145,0.6891519608435787,2.7271141885391055,0.3978998941518342,0.3915077086820931,0.0851184469596753,0.06768622726937101,True,False,False,False,-1.0,0
2022-03-05,2021-22,L253265,1,129.5,False,1.600935127061173,0.6828258868205304,0.6697616733598183,L253249,1,141.5,False,1.5837939690039073,0.6827465759250675,0.6703783378559811,2.53555139900599,0.46619703617971475,0.44899371734659554,0.18206654729792193,0.13844664816306018,True,True,False,False,1.53555139900599,1
2022-03-06,2021-22,L257567,1,119.5,False,1.5670593726670592,0.684984667581246,0.6738170864032776,L264065,1,125.5,False,1.618492007536782,0.6623094212719984,0.6507907130068087,2.5362730699972387,0.4536717987659273,0.4385139020965595,0.1506355658272278,0.11219100070690957,True,True,False,False,1.5362730699972387,1
2022-03-07,2021-22,L264114,-1,159.5,False,1.6537004758824048,0.6564589544184379,0.6446502087885336,L264085,-1,145.5,False,1.5122496442915367,0.6905519321720789,0.682098946394384,2.5008079564179115,0.453318999365315,0.4397152282075784,0.13366376040818584,0.09964334125962981,True,True,False,False,1.5008079564179115,1
2022-03-08,2021-22,L264210,-1,152.5,False,1.7848204139785915,0.5748059750679867,0.5670805897486939,L264048,-1,150.5,False,1.4083012276862434,0.7120767968512616,0.7061833559822455,2.5135647802055194,0.40930599753737806,0.4004628739811236,0.028817139736840636,0.006589375818833787,True,True,False,False,1.5135647802055194,1
2022-03-09,2021-22,L264220,1,136.5,False,1.712846200526044,0.617013638550578,0.6066824056248656,L264090,1,122.5,False,1.460569328977189,0.7030417579987033,0.6944007287768881,2.501730625743452,0.43378635315577485,0.4212807046020223,0.08521660471936676,0.053930840737659524,True,True,False,False,1.501730625743452,1
2022-03-10,2021-22,L264064,1,124.5,False,1.5670593726670592,0.6726379586271979,0.662629821123095,L264125,1,123.5,False,1.600935127061173,0.6554663856076638,0.6456203257139606,2.50876039589314,0.4408915715638867,0.427807280941276,0.10609131362256496,0.07326596350020331,False,True,False,False,-1.0,0
2022-03-11,2021-22,L264404,1,122.5,False,1.673751426330147,0.6531172910373402,0.6405935638603861,L264383,-1,128.5,False,1.4982108705452062,0.6871704117018124,0.6801833437908483,2.50763258151837,0.44880287777170147,0.43572107227745377,0.12543271897952524,0.09262835729706365,True,True,False,False,1.50763258151837,1
2022-03-12,2021-22,L264692,1,129.5,True,1.8849557522123894,0.6035653265427104,0.5932456510106666,L264701,1,112.5,False,1.420186634407487,0.7125692272872002,0.7055084650170999,2.6769889657415464,0.43008207835188583,0.4185398286226055,0.1513249781111896,0.12042650294607271,True,False,False,False,-1.0,0
2022-03-13,2021-22,L264703,-1,137.0,True,1.9090909090909092,0.5166952376425015,0.5131981813661649,L264705,1,130.0,True,1.9090909090909092,0.5242168672367808,0.5205608061699868,3.6446280991735542,0.2708603587931161,0.2671508590169419,,,True,False,False,False,-1.0,0
2022-03-15,2021-22,L264763,-1,121.5,False,1.587339121305507,0.6907654845837942,0.6794616097149022,L264762,-1,143.5,False,1.587339121305507,0.6238131427821945,0.6187491892626161,2.5196454860269393,0.43090858786368214,0.42041632014616787,0.08573687830096954,0.05930008330834835,False,False,False,False,-1.0,0
2022-03-16,2021-22,L264801,-1,155.5,False,1.6197874672272208,0.6524121682854541,0.6424151310852114,L264783,-1,149.5,False,1.556297292781395,0.6520736751681002,0.645153967508037,2.5208708501269563,0.42542080029828516,0.41445667060681984,0.07243089450962814,0.04479173957340188,True,False,False,False,-1.0,0
2022-03-17,2021-22,L264730,1,118.5,False,1.7538401771997982,0.6087463645473368,0.5978524965419424,L264719,-1,145.5,False,1.4325573506583575,0.7188222359951482,0.7114152380842019,2.512476637727527,0.4375804229178342,0.42532137616662047,0.09941058970798977,0.06861002114475534,True,True,False,False,1.5124766377275272,1
2022-03-18,2021-22,L264733,-1,147.0,True,1.847457627118644,0.6071506695090869,0.6028729901776685,L264743,-1,141.5,False,1.4083012276862434,0.728009214780185,0.7208125308187098,2.6017768443695006,0.44201128216257396,0.4345584058122084,0.15001471888065887,0.13062399776832812,True,True,False,False,1.6017768443695006,1
2022-03-19,2021-22,L264803,1,151.0,True,1.8928571428571428,0.5678042667806124,0.5617129445248683,L264924,1,131.5,False,1.420186634407487,0.7123261908222155,0.7052354919667447,2.688210415128457,0.40446185048843464,0.3961399047760843,0.08727855900513881,0.06490741786706522,True,True,False,False,1.6882104151284572,1
2022-03-20,2021-22,L264790,-1,159.5,False,1.7261637726644872,0.652438920341362,0.6377238823272571,L264910,-1,115.5,False,1.4982108705452062,0.7205899059548053,0.7112868885948157,2.5861573285472588,0.47014090025003674,0.45360463604316104,0.21585833463143822,0.17309295376603306,True,False,False,False,-1.0,0
2022-03-21,2021-22,L264960,-1,157.5,False,1.7648412581721995,0.6149456318529165,0.6029246447881411,L264962,-1,146.5,False,1.4202919420852433,0.722543910426868,0.7150886027329075,2.5065898180415576,0.4443252215389275,0.43114454179478645,0.11374107620853491,0.08070251856700428,False,True,False,False,-1.0,0
2022-03-22,2021-22,L264971,-1,156.5,False,1.6537004758824048,0.651902605463719,0.6404714831198195,L264966,-1,129.5,False,1.5266059015722848,0.6731939645111655,0.6664701672867058,2.524548905914975,0.43885689944727924,0.42685513649723067,0.10791570535286676,0.07761666782827104,True,True,False,False,1.5245489059149748,1
2022-03-23,2021-22,L264974,-1,140.0,True,1.9090909090909092,0.5923355633540537,0.5832903293618898,L264967,-1,143.0,True,1.9090909090909092,0.508119967267439,0.5049753846640354,3.6446280991735542,0.3009775270628018,0.2945472584403322,,,False,True,False,False,-1.0,0
2022-03-24,2021-22,L264961,-1,135.5,True,1.925925925925926,0.5417297263092242,0.5357633783778364,L264970,-1,145.5,True,1.9345794392523366,0.5222558068877327,0.5196442930898137,3.725856697819315,0.2829214953286945,0.27840638202056117,,,True,True,False,False,2.725856697819315,1
2022-03-25,2021-22,L264969,-1,139.5,False,1.6197874672272208,0.6498175993994746,0.640734761718581,L264968,-1,137.5,False,1.556297292781395,0.6505267453320748,0.6440990568757383,2.5208708501269563,0.4227237279968422,0.41269665573043895,0.06563192356423575,0.040354969375743455,True,True,False,False,1.5208708501269563,1
2022-03-26,2021-22,L264979,-1,128.5,True,1.9090909090909092,0.5703443197727452,0.5615326809907885,L264975,-1,155.5,True,1.9090909090909092,0.5237405625901299,0.5201470691832633,3.6446280991735542,0.2987124549078625,0.2920795782679789,,,True,True,False,False,2.6446280991735542,1
2022-03-27,2021-22,L264981,-1,148.0,True,1.925925925925926,0.5240573682058873,0.5204222627461436,L264980,1,136.5,True,1.9090909090909092,0.5208564751070925,0.5191648062810682,3.6767676767676774,0.27295867355761816,0.2701849232229568,,,True,False,False,False,-1.0,0
2022-03-28,2021-22,L264973,-1,138.5,True,1.9090909090909092,0.5461141763883852,0.5427624101666307,L264982,-1,136.0,True,1.9174311926605505,0.5156699464048413,0.5131285070264988,3.6605504587155964,0.28161466806912266,0.27850686519890744,,,True,True,False,False,2.6605504587155964,1
2022-03-29,2021-22,L264976,-1,143.5,False,1.7648412581721995,0.584740739935299,0.5766108506197561,L264977,-1,142.5,False,1.4202919420852433,0.7023214189758907,0.696877793363719,2.5065898180415576,0.4106759462043715,0.4018272972094727,0.029396145270460083,0.0072162117964229555,False,True,False,False,-1.0,0
2022-04-02,2021-22,L264984,1,150.5,True,1.9090909090909092,0.5233258938886872,0.5197868433680265,L264983,1,132.0,True,1.9090909090909092,0.518080217120801,0.5152267378900431,3.6446280991735542,0.2711247927307883,0.2678080797066711,,,True,True,False,False,2.6446280991735542,1
2022-11-15,2022-23,L274510,1,152.5,True,1.8771929824561404,0.5427696376993439,0.5385743958658342,L274643,1,153.5,True,1.8849557522123894,0.5299711042061617,0.5285210620989044,3.538425710293433,0.28765222422109965,0.2846479117222865,0.017836025807030254,0.007205489219473948,False,True,False,False,-1.0,0
2022-11-16,2022-23,L274514,1,132.5,True,1.9090909090909092,0.599996313247797,0.5924205035921619,L274652,-1,144.5,True,1.9090909090909092,0.5269708616620944,0.5232481788177005,3.6446280991735542,0.3161805741862715,0.3099829495988637,,,False,False,False,False,-1.0,0
2022-11-17,2022-23,L271689,1,124.5,False,1.4996734659744224,0.6945493741485397,0.6850116590351203,L276453,1,143.5,False,1.669259111772838,0.6438098051276815,0.6328472722691472,2.5033435977617575,0.44715769722212445,0.433507759892939,0.11938935853089583,0.08521887530802985,False,True,False,False,-1.0,0
2022-11-18,2022-23,L271709,1,146.5,False,1.669259111772838,0.6410213798892992,0.6301422379011815,L271711,1,135.5,False,1.5303907328064335,0.679075731855754,0.670533938755907,2.5546186753098494,0.4353020626835111,0.4225317567563411,0.11203077873219636,0.07940751672122781,True,True,False,False,1.5546186753098494,1
2022-11-19,2022-23,L274681,-1,148.5,False,1.572992366824442,0.6654465261261248,0.6569775748376813,L274528,1,136.5,False,1.5964797018381263,0.6454034236283307,0.6366708638702314,2.5112503847815337,0.42948146620338035,0.41827848011527613,0.07853549725977627,0.050401994135322425,True,True,False,False,1.5112503847815337,1
2022-11-20,2022-23,L274175,1,138.0,True,1.8695652173913042,0.6097783285728798,0.6049597759176095,L274536,1,139.5,False,1.4160272417939104,0.7348756452468447,0.7249340139549043,2.647355278136441,0.44811124266753755,0.4385559186372121,0.1863096634681849,0.16101332596219908,True,True,False,False,1.6473552781364411,1
2022-11-21,2022-23,L274196,1,133.5,False,1.7705983226803064,0.5918281049090378,0.5824764447637842,L275895,1,136.5,False,1.4160272417939104,0.7025138725047746,0.6957768461925865,2.5072154591899185,0.41576745383681013,0.4052736237192161,0.04241858768768125,0.016108294590736705,False,True,False,False,-1.0,0
2022-11-22,2022-23,L280464,1,121.5,False,1.4996734659744224,0.6746379385905782,0.6662707276238193,L274190,1,126.5,False,1.669259111772838,0.6337279223777315,0.6233604384803815,2.5033435977617575,0.4275368991802027,0.4153268129182268,0.07027175936967445,0.039705718097638565,True,True,False,False,1.5033435977617575,1
2022-11-23,2022-23,L271763,1,143.5,False,1.669259111772838,0.6399359249379084,0.6290557965842704,L271764,-1,147.5,False,1.498718465947962,0.6954911855521599,0.6878213536012874,2.5017494552658452,0.44506979511248396,0.43267800949732893,0.11345311747793807,0.08245197456545261,True,True,False,False,1.5017494552658452,1
2022-11-24,2022-23,L276300,-1,144.5,False,1.4200142988140592,0.7263731143021271,0.7190277017509581,L271773,-1,132.5,False,1.768779970182281,0.5882913555371965,0.5802049817302248,2.5116928491147443,0.4273190240385733,0.4171834545579402,0.07329413696837617,0.04783669958216441,False,False,False,False,-1.0,0
2022-11-25,2022-23,L280521,1,131.5,True,1.8771929824561404,0.6300306121480618,0.624025155832694,L274749,-1,157.5,False,1.4450630494462626,0.7339267598164415,0.7235272662612492,2.7126622156271947,0.46239632575899614,0.4514992150778791,0.25432504153127256,0.22476486112709892,False,True,False,False,-1.0,0
2022-11-26,2022-23,L274755,1,123.5,False,1.669259111772838,0.6588968614317896,0.6463087829354152,L274245,1,127.5,False,1.4996734659744224,0.6985249412853914,0.6886997320116547,2.5033435977617575,0.4602558914447695,0.4451126856043991,0.15217863918039432,0.11426999179031472,True,True,False,False,1.5033435977617575,1
2022-11-27,2022-23,L274774,1,130.5,True,1.8695652173913042,0.594997076065982,0.591834315739609,L280566,-1,126.5,False,1.407913275627877,0.7203654040550025,0.7128892817493755,2.632185689217335,0.42861530911181617,0.42191234026224295,0.12819508282358694,0.11055162414247088,True,True,False,False,1.632185689217335,1
2022-11-28,2022-23,L271806,1,133.5,False,1.4996734659744224,0.7120392077838221,0.7013894454134167,L274780,1,136.5,False,1.669259111772838,0.6212307050581453,0.6124860287096106,2.5033435977617575,0.442340619080587,0.4295912360000998,0.10733055680535997,0.07541447029541004,True,True,False,False,1.5033435977617575,1
2022-11-29,2022-23,L271813,1,128.5,False,1.708350911377532,0.6152355034914914,0.6053898980469887,L274274,1,146.5,False,1.470416592776161,0.70403400009469,0.6950425111189867,2.5119875263738,0.43314671252338527,0.42077171494464644,0.08805913894856188,0.05697329939186391,True,True,False,False,1.5119875263738,1
2022-11-30,2022-23,L276081,1,137.5,False,1.7493535751040006,0.6633734906656792,0.6471048311110529,L274284,1,126.5,False,1.4291283708772329,0.7253855466028806,0.7161803438909599,2.5000508248766433,0.48120154212838456,0.46344376047861535,0.20302831232998075,0.15863295566849578,True,True,False,False,1.5000508248766433,1
2022-12-01,2022-23,L274810,1,128.5,False,1.669259111772838,0.623980771159104,0.6149775648637054,L271837,1,133.5,False,1.4996734659744224,0.6649794525182806,0.6577512762656739,2.5033435977617575,0.41493439158731554,0.4045022781638584,0.03872335267127647,0.012608188321540537,False,False,False,False,-1.0,0
2022-12-02,2022-23,L271846,-1,164.5,False,1.789055268812876,0.6049295698665981,0.5939041696771212,L274822,1,148.5,False,1.4032444892517792,0.7334251381463355,0.7237241313010089,2.510481946928529,0.443670553348213,0.4298227792756215,0.11382691456447969,0.0790623277500937,True,True,False,False,1.5104819469285289,1
2022-12-03,2022-23,L276286,1,119.5,True,1.8928571428571428,0.6375823071492543,0.6273218392327227,L276288,1,139.5,False,1.4032444892517792,0.7336134017401275,0.7239811701616148,2.6561413546551536,0.46773892523708327,0.4541691992356429,0.24238070250417199,0.20633759210040692,True,True,False,False,1.6561413546551536,1
2022-12-04,2022-23,L274326,1,125.5,True,1.8928571428571428,0.5853952868992999,0.5776312091312259,L273858,1,119.5,False,1.4032444892517792,0.7402243304719133,0.7297932636649375,2.6561413546551536,0.43332383430644783,0.42155136530660137,0.1509693562590937,0.11970001450220558,False,True,False,False,-1.0,0
2022-12-05,2022-23,L276344,1,134.5,True,1.8695652173913042,0.5836538003064413,0.5785760477564998,L271877,-1,132.5,False,1.4200142988140592,0.7150196411494006,0.7086604492775714,2.654809341261067,0.4173239308505956,0.4100139619443628,0.10791546995394863,0.08850889621735414,False,True,False,False,-1.0,0
2022-12-06,2022-23,L271887,-1,149.5,False,1.498718465947962,0.7030747865545283,0.6933697253698949,L271883,1,140.5,False,1.669259111772838,0.6284577437875603,0.6187294387300503,2.5017494552658452,0.44185279407197936,0.4290082610105242,0.10540498687726574,0.0732711832876265,True,True,False,False,1.5017494552658452,1
2022-12-07,2022-23,L271895,1,138.5,True,1.8771929824561404,0.5981346302136401,0.5898509059445409,L271894,1,133.5,False,1.4160272417939104,0.7297569945128997,0.7204746734452695,2.6581564012622527,0.43649293005879064,0.4249726388417895,0.16026647614149114,0.12964374029861436,True,False,False,False,-1.0,0
2022-12-08,2022-23,L274351,1,143.5,True,1.8695652173913042,0.5360088198932236,0.5326689592675115,L271905,1,132.5,True,1.9090909090909092,0.5729880896945483,0.5667228608317668,3.569169960474308,0.3071266697700474,0.30187567647236396,,,True,True,False,False,2.569169960474308,1
2022-12-09,2022-23,L274357,1,151.0,True,1.9090909090909092,0.5363217109751282,0.5299552315961266,L274899,-1,141.5,True,1.8771929824561404,0.5172389862382225,0.5155965188262199,3.583732057416268,0.27740649808232426,0.27324307254470603,,,True,True,False,False,2.583732057416268,1
2022-12-10,2022-23,L274915,1,141.5,False,1.7493535751040006,0.6238353689553601,0.6118338150193664,L274369,1,131.5,False,1.4291283708772329,0.7298270140082614,0.7199661858673021,2.5000508248766433,0.4552919045574325,0.44049965818413367,0.13825290154846703,0.10127153380112275,False,False,False,False,-1.0,0
2022-12-11,2022-23,L271933,1,128.5,False,1.650403742815778,0.6420132476536027,0.6314157981741993,L271928,1,120.5,False,1.5463180294667238,0.6682912281915018,0.659821961006649,2.5520490634153994,0.4290518217896409,0.4166220101618787,0.09496129995492408,0.06323981083186347,False,True,False,False,-1.0,0
2022-12-12,2022-23,L271935,-1,143.5,True,1.9523809523809523,0.5389933716543891,0.5338020528929378,L275986,1,140.0,True,1.9090909090909092,0.5682418575237522,0.5630319997898015,3.7272727272727275,0.3062785947018802,0.3005476373322121,,,False,False,False,False,-1.0,0
2022-12-14,2022-23,L276424,1,134.5,False,1.708350911377532,0.6428204961167809,0.6300860679135211,L276423,-1,154.5,False,1.4712810895761341,0.7039548344457613,0.6943875571009525,2.5134643902699167,0.4525165959222307,0.43752392546181473,0.1373843498566878,0.09970080653938074,False,False,False,False,-1.0,0
2022-12-15,2022-23,L274971,-1,157.5,False,1.6920004255256567,0.5976746105556855,0.5912561224920172,L274974,1,137.5,True,1.8771929824561404,0.5361129925668645,0.5334501590387437,3.1762113251095663,0.32042112404624384,0.3154056725759975,0.017725203000016787,0.0017950692396830892,True,False,False,False,-1.0,0
2022-12-18,2022-23,L271985,1,134.5,False,1.669259111772838,0.6333083228209363,0.6233007600975854,L271987,1,127.5,False,1.4996734659744224,0.6949892196123225,0.6862257017518198,2.5033435977617575,0.44014245705131133,0.42772500150040826,0.10182780196252961,0.07074264410868536,True,True,False,False,1.5033435977617575,1
2022-12-19,2022-23,L275059,1,128.5,False,1.669259111772838,0.6203155282473704,0.611315269982328,L276015,1,124.5,False,1.4996734659744224,0.6733558270311765,0.6659465961311088,2.5033435977617575,0.41769307554328916,0.40710332320770115,0.045629286490711296,0.019119497779534367,True,True,False,False,1.5033435977617575,1
2022-12-20,2022-23,L272004,-1,158.5,False,1.498718465947962,0.7028590798090029,0.6931517009483927,L276441,1,145.5,False,1.669259111772838,0.6425909440538659,0.6316730978554274,2.5017494552658452,0.4516508796312986,0.43784528222183,0.12991734208794115,0.09537919628918345,True,True,False,False,1.5017494552658452,1
2022-12-21,2022-23,L275102,1,124.5,False,1.7493535751040006,0.624313677134355,0.6122124279186433,L276507,1,125.5,False,1.4291283708772329,0.7441458889915679,0.734265905433464,2.5000508248766433,0.4645804562807393,0.44952671270330197,0.1614747529462297,0.12383962889797595,True,True,False,False,1.5000508248766433,1
2022-12-22,2022-23,L275157,1,128.5,False,1.4032444892517792,0.7509600877536698,0.7397721158005864,L276515,1,128.5,False,1.7923534327804729,0.6179988230737345,0.6050730691552278,2.515110077340708,0.4640924504071164,0.44761618458291746,0.16724359883668116,0.12580397662529408,True,False,False,False,-1.0,0
2022-12-23,2022-23,L272036,1,131.5,True,1.9090909090909092,0.5329180690469117,0.5284694708606624,L275141,1,147.5,True,1.9090909090909092,0.5292363037790854,0.5252373675333945,3.6446280991735542,0.28203958907947496,0.27757191369662026,,,True,False,False,False,-1.0,0
2022-12-25,2022-23,L281475,-1,146.5,True,1.8695652173913042,0.5196983149538479,0.5186032037402922,L281478,1,132.0,True,1.9090909090909092,0.5692078254209338,0.5663602537631744,3.569169960474308,0.29581634772980336,0.29371624207274716,,,False,False,False,False,-1.0,0
2022-12-27,2022-23,L272039,-1,150.5,False,1.768779970182281,0.5998082869320429,0.5901969128031576,L272038,-1,154.5,False,1.4200142988140592,0.6822348338006744,0.6783097943477076,2.5116928491147443,0.4092101069473495,0.4003363465481617,0.027810099405137567,0.005521938865739928,True,False,False,False,-1.0,0
2022-12-28,2022-23,L276464,1,119.5,False,1.669259111772838,0.6443953174096416,0.6331611396524907,L276465,1,126.5,False,1.4996734659744224,0.6760129602711109,0.6687423180024834,2.5033435977617575,0.43561958610693396,0.4234216482003007,0.09050550194041995,0.05996987217595384,False,True,False,False,-1.0,0
2022-12-29,2022-23,L272096,1,134.5,False,1.4996734659744224,0.7027514713941078,0.6920426523557356,L272062,1,121.5,False,1.669259111772838,0.6438409155852464,0.6325196581002515,2.5033435977617575,0.4524601507712614,0.43773058185884106,0.13266322167555655,0.0957900496408588,False,False,False,False,-1.0,0
2022-12-30,2022-23,L276599,1,131.5,False,1.4996734659744224,0.6917330733676215,0.6823132309708152,L273882,1,142.5,False,1.669259111772838,0.625658429491191,0.6164243015256192,2.5033435977617575,0.43278862831030085,0.4205944568228733,0.0834186418646845,0.052892440741624025,False,True,False,False,-1.0,0
2022-12-31,2022-23,L277435,1,128.5,False,1.4996734659744224,0.7144115306183888,0.7030740519723234,L272153,1,147.5,False,1.669259111772838,0.6493140778171921,0.6371345494417049,2.5033435977617575,0.4638774641854478,0.4479527693275401,0.1612446801145997,0.12137969719574682,True,True,False,False,1.5033435977617575,1
2023-01-01,2022-23,L276612,1,137.5,False,1.5964797018381263,0.6414250948121882,0.6333668434141984,L276615,1,144.5,False,1.5964797018381263,0.6298758493553478,0.6226795018359487,2.5487474383811524,0.4040181763926616,0.39438455053656035,0.02974029214022078,0.0051866129171602715,True,False,False,False,-1.0,0
2023-01-02,2022-23,L276624,1,131.5,False,1.669259111772838,0.6111002107344451,0.6035831349538004,L276629,-1,158.5,False,1.498718465947962,0.6707453402370372,0.6646481035185904,2.5017494552658452,0.40989261876800054,0.4011703859628489,0.025448635720336288,0.0036277945513460974,False,True,False,False,-1.0,0
2023-01-03,2022-23,L273887,1,122.5,True,1.8771929824561404,0.5904781571750611,0.5831089855166607,L273888,1,124.5,False,1.4160272417939104,0.7380982473088987,0.7281410977639635,2.6581564012622527,0.4358308928851011,0.4245856168301324,0.15850667779037475,0.1286149752608987,True,True,False,False,1.6581564012622527,1
2023-01-04,2022-23,L272247,-1,142.5,False,1.588876152246726,0.6585379251694363,0.6498515464352945,L272258,1,145.5,False,1.5964797018381263,0.6425533271637648,0.6339531470878578,2.5366085257965625,0.42314573488114365,0.4119754330025661,0.07335507875396097,0.045020395773039734,True,True,False,False,1.5366085257965625,1
2023-01-05,2022-23,L272291,1,154.5,True,1.8928571428571428,0.6356751525768217,0.6234808994008088,L272294,1,131.5,False,1.4160272417939104,0.721351849415723,0.7129843591268826,2.6803372791099016,0.4585454469389122,0.444532129487138,0.22905645559647803,0.1914960384264861,False,True,False,False,-1.0,0
2023-01-06,2022-23,L272404,-1,157.5,False,1.768779970182281,0.6080311222107757,0.5976600805093621,L275251,1,123.5,False,1.4160272417939104,0.7218407970548868,0.7136596221952827,2.5046406225175306,0.43890166989080365,0.4265258672575136,0.09929095169928592,0.06829401368768862,False,True,False,False,-1.0,0
2023-01-07,2022-23,L273894,1,124.5,False,1.6140237912025164,0.6643707214624164,0.6532540727189784,L276737,1,124.5,False,1.5626359952207167,0.6846575538054894,0.6739339896237821,2.5221316732756587,0.4548664329764462,0.4402501234654854,0.14723303771981433,0.11036878055582,True,True,False,False,1.5221316732756587,1
2023-01-08,2022-23,L272407,1,137.5,False,1.708350911377532,0.6194058415517136,0.6092060361973757,L276802,1,124.5,False,1.470416592776161,0.6816567246539219,0.6748562790242825,2.5119875263738,0.42222215718364725,0.4111265187472933,0.06061679220395999,0.03274468685468501,False,True,False,False,-1.0,0
2023-01-09,2022-23,L276747,1,130.5,True,1.8695652173913042,0.6060926213884887,0.5977263185933801,L276749,-1,159.5,False,1.4200142988140592,0.695151618563034,0.6899453943296092,2.654809341261067,0.4213262667573201,0.4123985205830953,0.11854090870598566,0.09483944476624573,True,True,False,False,1.6548093412610672,1
2023-01-10,2022-23,L272411,1,125.5,False,1.4291283708772329,0.7123877307025728,0.7049209119146631,L273901,1,124.5,False,1.7493535751040006,0.594888557134683,0.5861538077376779,2.5000508248766433,0.42379130923810465,0.41319207667269603,0.059499812236276206,0.03300119211806685,True,True,False,False,1.5000508248766433,1
2023-01-11,2022-23,L272426,-1,140.5,False,1.768779970182281,0.5898743344481046,0.5816216732141122,L276755,-1,141.5,False,1.4200142988140592,0.7030559781950367,0.6978174288101848,2.5116928491147443,0.4147146772175584,0.4058657405425493,0.041635889190270836,0.0194100782213813,True,True,False,False,1.5116928491147443,1
2023-01-12,2022-23,L272479,1,141.5,False,1.708350911377532,0.6334669067458505,0.6216211587361358,L272457,1,120.5,False,1.470416592776161,0.6945303266274886,0.6868856656351987,2.5119875263738,0.4399619776499004,0.4269826633913941,0.10517899993529833,0.07257512441704517,True,True,False,False,1.5119875263738,1
2023-01-13,2022-23,L273908,1,125.5,False,1.4160272417939104,0.7097172231919326,0.7029489152092557,L275323,1,129.5,False,1.7923534327804729,0.5676422688794236,0.5605394048018469,2.53802128773998,0.4028654948354729,0.3940305665375002,0.022481201988331145,5.7965892420019927e-05,True,True,False,False,1.53802128773998,1
2023-01-14,2022-23,L275350,1,121.5,False,1.4291283708772329,0.752081736713113,0.7405611951588089,L276988,1,148.5,False,1.7493535751040006,0.6145120568768652,0.6032998871109837,2.5000508248766433,0.4621632949671,0.4467804854380846,0.1554317268102059,0.11697392115827077,True,True,False,False,1.5000508248766433,1
2023-01-15,2022-23,L273912,1,135.5,False,1.7923534327804729,0.5692153087558184,0.561876792150403,L275355,1,116.5,False,1.4160272417939104,0.7082525934963606,0.7015279910955845,2.53802128773998,0.40314821868414,0.3941722972405035,0.023198761134799906,0.00041768143376885725,True,True,False,False,1.53802128773998,1
2023-01-16,2022-23,L275362,1,129.5,False,1.669259111772838,0.6089592677335893,0.6017204437619476,L272608,-1,141.5,False,1.498718465947962,0.6759780493135154,0.6698074420377491,2.5017494552658452,0.41164309791393844,0.4030368312580094,0.029827895970140572,0.008297173051797557,False,True,False,False,-1.0,0
2023-01-17,2022-23,L272613,-1,148.5,False,1.768779970182281,0.6066622594395673,0.5964846024625827,L275372,1,137.5,False,1.4160272417939104,0.6996166621172041,0.6934658296175388,2.5046406225175306,0.42443102498159135,0.41364168970080273,0.06304718662564657,0.036023779191421745,True,True,False,False,1.5046406225175306,1
2023-01-18,2022-23,L272640,-1,133.5,False,1.498718465947962,0.6870358319601587,0.6793585781697121,L276775,1,132.5,False,1.669259111772838,0.6054586236990327,0.5985338925674945,2.5017494552658452,0.4159717692505176,0.40661913424103624,0.04065714712845225,0.01725919758818195,True,True,False,False,1.5017494552658452,1
2023-01-19,2022-23,L275386,1,129.5,False,1.669259111772838,0.6257484365428788,0.6165364441826237,L273919,1,119.5,False,1.4996734659744224,0.6907315385218901,0.6822046632034838,2.5033435977617575,0.43222418030092996,0.42060403725628026,0.08200563455415644,0.05291642385825712,True,True,False,False,1.5033435977617575,1
2023-01-20,2022-23,L275394,1,140.5,True,1.8695652173913042,0.5509212494480301,0.5466186066584342,L275396,-1,137.5,False,1.4450630494462626,0.6936798600492041,0.6887650593984096,2.701639614182143,0.38216297521524223,0.3764917970833723,0.03246663291520657,0.017145153415063508,True,True,False,False,1.701639614182143,1
2023-01-21,2022-23,L275409,1,134.5,False,1.6140237912025164,0.6671581094275745,0.6557713546526669,L273924,1,128.5,False,1.5626359952207167,0.6865991799629888,0.6753443364422507,2.5221316732756587,0.4580702108386306,0.44287147036574115,0.15531338734016908,0.11698016259959787,True,True,False,False,1.5221316732756587,1
2023-01-22,2022-23,L272794,-1,150.5,True,1.8333333333333335,0.5613756171818195,0.5563565811600842,L272777,-1,153.5,False,1.4450630494462626,0.6842004022895897,0.678858233257545,2.6492822573181485,0.38409342311136757,0.37768724574754275,0.017571891001538553,0.0006001189743243263,True,False,False,False,-1.0,0
2023-01-23,2022-23,L281707,1,119.5,False,1.669259111772838,0.6541192382452704,0.6417280658675205,L276875,1,129.5,False,1.5303907328064335,0.657370540735524,0.650063376470554,2.5546186753098494,0.4299987173508025,0.41716391327375846,0.09848275370364146,0.0656947235144818,True,False,False,False,-1.0,0
2023-01-24,2022-23,L273929,1,127.5,False,1.708350911377532,0.6029495108787618,0.5949062678043765,L272810,-1,173.5,False,1.4712810895761341,0.7046141842931182,0.6958706477245846,2.5134643902699167,0.42484677777777335,0.4139778099124467,0.0678372472653499,0.04051848357686327,False,True,False,False,-1.0,0
2023-01-25,2022-23,L273928,1,126.5,False,1.5793535259039961,0.6609380797668272,0.6511685860451252,L272825,1,136.5,False,1.5964797018381263,0.6407482902154259,0.6325372765358296,2.5214058461322053,0.4234949445488613,0.41188840398267046,0.06780262899293299,0.038537829755968867,True,False,False,False,-1.0,0
2023-01-26,2022-23,L276949,1,129.5,True,1.8771929824561404,0.5947405693565546,0.5885013191918752,L272855,1,119.5,False,1.4032444892517792,0.7178098479590518,0.7104630342484564,2.634160707893691,0.4269106376649084,0.418108432892279,0.12455122751874215,0.10136480556384742,True,True,False,False,1.6341607078936908,1
2023-01-27,2022-23,L272965,1,148.5,True,1.8695652173913042,0.535820069443469,0.5338558558481348,L272887,-1,146.0,True,1.9090909090909092,0.52974790344698,0.5256865271600017,3.569169960474308,0.28384955841249293,0.2806408308648365,,,False,False,False,False,-1.0,0
2023-01-28,2022-23,L275481,1,135.5,False,1.5964797018381263,0.6750043102261614,0.6630930730639064,L273936,1,122.5,False,1.5964797018381263,0.678686630918151,0.666982218153313,2.5487474383811524,0.45811640116262387,0.4422712887142612,0.16762300394363017,0.12723781418000435,True,True,False,False,1.5487474383811524,1
2023-01-29,2022-23,L272930,1,111.5,False,1.4291283708772329,0.7112898158780175,0.7047722685574678,L276894,1,132.5,False,1.7493535751040006,0.5753774384368366,0.5688660223809779,2.5000508248766433,0.4092601122461029,0.40092099709870505,0.02317108120997724,0.0023228695069841265,True,True,False,False,1.5000508248766433,1
2023-01-30,2022-23,L276906,-1,153.5,False,1.6217305463706817,0.6340673226935165,0.6261600726815041,L276905,-1,134.5,False,1.5422749867058856,0.643805685418833,0.6385888254703364,2.5011544568443718,0.40821614728838373,0.39985882537010214,0.021011636146179624,0.00010868318298618007,True,False,False,False,-1.0,0
2023-01-31,2022-23,L273002,-1,150.5,False,1.6051197248393847,0.6478878110504225,0.6392625510141321,L272988,-1,164.5,False,1.588876152246726,0.6525188856966329,0.6442432528270483,2.5503364522981253,0.4227590325230523,0.41184058527586137,0.078177771181829,0.050332057164823585,True,True,False,False,1.5503364522981253,1
2023-02-01,2022-23,L273945,1,122.5,True,1.8333333333333335,0.6264820671730602,0.6176393719456967,L273022,-1,139.5,False,1.4200142988140592,0.6942304571088922,0.6891169768657308,2.603359547825775,0.4349229318640773,0.4256257767884672,0.13226076723672464,0.10805692980301851,True,False,False,False,-1.0,0
2023-02-02,2022-23,L277253,1,124.5,False,1.4996734659744224,0.6908813876377302,0.6819589103444182,L273072,1,139.5,False,1.669259111772838,0.631321506699443,0.6211408031387028,2.5033435977617575,0.43616827859405377,0.42359250527892656,0.09187906776519128,0.06039758614986446,True,False,False,False,-1.0,0
2023-02-03,2022-23,L275533,1,138.5,False,1.7923534327804729,0.5702184540115096,0.5627627262893886,L273119,-1,157.5,False,1.498718465947962,0.6690719748138766,0.662945849777701,2.686233187213314,0.3815171871007964,0.37308121380313447,0.024844129482430644,0.0021831380438057657,False,False,False,False,-1.0,0
2023-02-04,2022-23,L275563,1,134.5,True,1.8928571428571428,0.6017476458025728,0.5949215142500686,L277054,1,129.5,False,1.4160272417939104,0.7442585419298133,0.7339791223586974,2.6803372791099016,0.4478558254747206,0.43665997090157266,0.20040466468643148,0.17039599830253005,True,True,False,False,1.6803372791099016,1
2023-02-05,2022-23,L273953,1,122.5,False,1.669259111772838,0.6173035024730195,0.6090628527158704,L275571,1,128.5,False,1.4996734659744224,0.6643166718602594,0.6577413913344776,2.5033435977617575,0.4100850082905577,0.4006058481554826,0.026583680042244984,0.0028540852059459887,False,True,False,False,-1.0,0
2023-02-06,2022-23,L277067,1,119.5,False,1.669259111772838,0.6242116772847401,0.6153883562405235,L277267,-1,145.5,False,1.498718465947962,0.6618178690560095,0.6563723686027704,2.5017494552658452,0.4131144421004642,0.4039239129961578,0.03350883048728992,0.010516429306986375,True,False,False,False,-1.0,0
2023-02-07,2022-23,L273191,-1,154.5,False,1.4200142988140592,0.706959306237648,0.700649428990012,L277071,1,138.5,False,1.7705983226803064,0.5807894306328656,0.5729180508981396,2.5142749356622245,0.41059449295036926,0.4014147052198522,0.03234744234605347,0.009266932140514772,False,True,False,False,-1.0,0
2023-02-08,2022-23,L273958,1,133.5,False,1.5303907328064335,0.6661054434438077,0.6581715272997926,L273207,-1,146.5,False,1.6560844744711132,0.6132416799150847,0.6064142134725071,2.5344563324752043,0.4084836211380631,0.39912456905750243,0.035283900305766336,0.01156379149422393,True,True,False,False,1.5344563324752043,1
2023-02-09,2022-23,L273230,1,148.5,False,1.7493535751040006,0.5896791048153777,0.5814408605076081,L277087,1,119.5,False,1.4291283708772329,0.6960333334632381,0.6903217489274482,2.5000508248766433,0.4104363129982655,0.4013812717234925,0.026111642870641827,0.0034735794623537153,True,False,False,False,-1.0,0
2023-02-10,2022-23,L273252,1,128.5,False,1.7705983226803064,0.5894136862153495,0.5806556454013773,L273352,-1,148.5,False,1.4200142988140592,0.6907575856481594,0.685874118181417,2.5142749356622245,0.4071419748380966,0.39825667875673115,0.023666862591446236,0.001326785358131577,True,False,False,False,-1.0,0
2023-02-11,2022-23,L277107,1,136.5,True,1.8771929824561404,0.6157900062120022,0.6060584761370585,L275619,1,134.5,False,1.4032444892517792,0.7416394081495973,0.7315284207767206,2.634160707893691,0.45669413575150614,0.44334899994688826,0.2030057479220848,0.16785251554405534,True,True,False,False,1.6341607078936908,1
2023-02-12,2022-23,L277117,1,130.5,True,1.8695652173913042,0.5618313795701806,0.5570013667500574,L277118,1,130.5,False,1.4160272417939104,0.7029609907549793,0.695981944731097,2.647355278136441,0.394945543219891,0.38766289444858393,0.045561168419642195,0.026281409756108598,False,True,False,False,-1.0,0
2023-02-13,2022-23,L277123,1,126.5,True,1.8695652173913042,0.5628617371804155,0.5563587374615735,L275646,-1,148.5,False,1.4200142988140592,0.7022039075669728,0.6964168539153087,2.654809341261067,0.39524371126802227,0.38745760159128223,0.04929669674903758,0.02862606004714463,True,False,False,False,-1.0,0
2023-02-14,2022-23,L273969,1,126.5,False,1.669259111772838,0.646025735499227,0.6348130075609166,L273970,1,126.5,False,1.4996734659744224,0.6646659818466465,0.658224882117611,2.5033435977617575,0.4293913297837957,0.41784971706851043,0.07491403634867244,0.04602141405001747,True,False,False,False,-1.0,0
2023-02-15,2022-23,L277293,1,136.5,False,1.7493535751040006,0.6125996922365143,0.6017699253619093,L273397,1,122.5,False,1.4291283708772329,0.7148047482387037,0.7063708706474902,2.5000508248766433,0.437889168780229,0.42507274610736706,0.09474517761355905,0.06270346953830286,True,True,False,False,1.5000508248766433,1
2023-02-16,2022-23,L277139,1,130.5,False,1.4291283708772329,0.7182362490224852,0.7094788837107748,L273443,1,159.5,False,1.7493535751040006,0.6060221941914711,0.5958677254605869,2.5000508248766433,0.4352671075804583,0.4227555686990556,0.08818989134819533,0.05691040824726867,False,False,False,False,-1.0,0
2023-02-17,2022-23,L275679,1,134.5,False,1.669259111772838,0.6273027350829631,0.6178522252613784,L275672,1,120.5,False,1.4996734659744224,0.6844808249596733,0.6763719728514885,2.5033435977617575,0.42937669360904596,0.41789792853072083,0.07487739697431706,0.04614210390528051,True,True,False,False,1.5033435977617575,1
2023-02-18,2022-23,L275693,1,138.5,True,1.8695652173913042,0.621999121203147,0.6085346491000422,L277155,1,127.5,False,1.4032444892517792,0.7484588986549837,0.7382854171291134,2.6234570886011523,0.46554077722007514,0.4492722572483433,0.22132625203089606,0.1786464879900067,False,False,False,False,-1.0,0
2023-02-19,2022-23,L277163,1,144.5,True,1.8695652173913042,0.569458773986445,0.5629240523986118,L273552,-1,157.5,False,1.4200142988140592,0.7054608687010809,0.6996894281205208,2.654809341261067,0.40173088138593,0.3938720082980708,0.06651889657640853,0.04565508689097464,False,True,False,False,-1.0,0
2023-02-20,2022-23,L277173,1,128.5,False,1.669259111772838,0.626575784962531,0.6173907333893603,L273957,1,129.5,False,1.4996734659744224,0.6692859800585975,0.6629796375696284,2.5033435977617575,0.41935838831963257,0.4093174846613252,0.049798136567641205,0.02466230467887498,True,True,False,False,1.5033435977617575,1
2023-02-21,2022-23,L273576,-1,154.5,False,1.4712810895761341,0.6841663491108315,0.677817914755379,L273569,-1,125.5,True,1.8771929824561404,0.5393562073501285,0.5356993129484932,2.761878536572743,0.36900936725300204,0.3631065912386368,0.019159051210355216,0.0028563008300834802,True,False,False,False,-1.0,0
2023-02-22,2022-23,L273593,1,147.5,True,1.8695652173913042,0.5603506586436116,0.554105977590781,L275734,1,147.5,False,1.4160272417939104,0.7046960358325447,0.6977795085422615,2.647355278136441,0.3948768878223085,0.3866437967236245,0.04537941319047989,0.023583496015000316,True,True,False,False,1.6473552781364411,1
2023-02-23,2022-23,L277326,1,125.5,False,1.4996734659744224,0.692749715797499,0.6837893907117562,L273987,1,131.5,False,1.669259111772838,0.6330539603435485,0.6231812588799296,2.5033435977617575,0.43854795111247447,0.42612473331249223,0.09783620572894902,0.06673662298576377,False,False,False,False,-1.0,0
2023-02-24,2022-23,L273656,-1,144.5,True,1.8695652173913042,0.5447817854443766,0.5420026007331992,L275745,1,123.5,False,1.4032444892517792,0.7144896365149603,0.7076098391589565,2.6234570886011523,0.38924093986212377,0.38352637312855514,0.02115690285506333,0.006164982249598605,True,True,False,False,1.6234570886011523,1
2023-02-25,2022-23,L275773,1,141.5,False,1.669259111772838,0.641998502978435,0.6309728636178269,L275778,1,134.5,False,1.4996734659744224,0.6855532247758802,0.6765793771045401,2.5033435977617575,0.44012414401815364,0.42690322703641725,0.10178195814821867,0.0686854602654492,True,False,False,False,-1.0,0
2023-02-26,2022-23,L277359,1,126.5,False,1.470416592776161,0.703366751844942,0.6942404175886816,L277361,1,147.5,False,1.708350911377532,0.6060686558518764,0.597284711616538,2.5119875263738,0.42628854186156434,0.4146591876120006,0.07083149979232495,0.041618706977638587,True,True,False,False,1.5119875263738,1
2023-02-27,2022-23,L275788,-1,147.5,False,1.4200142988140592,0.7013400666498202,0.695386789921304,L277365,1,137.5,True,1.8695652173913042,0.5584073053654278,0.5539699408394477,2.654809341261067,0.39163341676273566,0.3852233788732382,0.039712053171699235,0.022694624704823863,False,True,False,False,-1.0,0
2023-02-28,2022-23,L273764,1,132.5,True,1.8771929824561404,0.5762442459453208,0.572632840419683,L273769,1,118.5,False,1.4291283708772329,0.7048954208186586,0.6983019214754669,2.682749748839718,0.4061919302399575,0.399870612765019,0.08971129883196616,0.07275278596373891,False,True,False,False,-1.0,0
2023-03-01,2022-23,L282237,-1,157.5,False,1.6920004255256567,0.6144535845603873,0.6058530447009767,L275806,-1,153.5,False,1.498718465947962,0.6791522774011202,0.6724589426972274,2.535832282127111,0.41730755131146885,0.4074112978695148,0.05822196019103831,0.033126721240819945,True,True,False,False,1.535832282127111,1
2023-03-02,2022-23,L277379,1,131.5,False,1.669259111772838,0.6353204348943148,0.6253605147420483,L282479,-1,136.5,False,1.498718465947962,0.6839304664384278,0.6767999423814591,2.5017494552658452,0.4345150013751335,0.42324396034505796,0.08704766799507824,0.05885034723780769,True,True,False,False,1.5017494552658452,1
2023-03-03,2022-23,L273799,-1,162.5,False,1.588876152246726,0.6475447441146008,0.6397684515147863,L282250,-1,144.5,False,1.588876152246726,0.6547595213085394,0.6460439502508725,2.5245274271783615,0.42398608668233667,0.4133185376624963,0.07036450457158105,0.04343398449022473,False,False,False,False,-1.0,0
2023-03-04,2022-23,L282730,-1,135.5,False,1.588876152246726,0.6560766200184236,0.6476482971239086,L277409,1,132.5,False,1.5964797018381263,0.6629021371512559,0.6526186665643934,2.5366085257965625,0.4349145935451854,0.4226673680717053,0.10320806598006382,0.07214164942668111,False,True,False,False,-1.0,0
2023-03-05,2022-23,L282506,-1,164.0,True,1.8695652173913042,0.5980138415807412,0.5899288731345718,L282872,-1,149.5,False,1.4200142988140592,0.7477066631796097,0.7378852782937785,2.654809341261067,0.4471389340235557,0.43529983072643863,0.18706861888725168,0.15563805686191046,True,True,False,False,1.6548093412610672,1
2023-03-06,2022-23,L282971,-1,149.5,False,1.5422749867058856,0.6812643009423298,0.6723708449531466,L282972,-1,161.5,False,1.6217305463706817,0.6401484006988073,0.6317287092440944,2.5011544568443718,0.4361102527014234,0.42475596601561244,0.09077910221969021,0.062380277471185464,True,True,False,False,1.5011544568443718,1
2023-03-07,2022-23,L282995,-1,144.5,False,1.6738432021925058,0.6322977719635676,0.6228357875904419,L283028,-1,156.5,False,1.498718465947962,0.6669968081718872,0.6614516961735581,2.508619716227377,0.4217405957138954,0.41197578813929175,0.05798677354135706,0.03349058473453992,False,True,False,False,-1.0,0
2023-03-08,2022-23,L283070,-1,133.5,False,1.4200142988140592,0.7221483101092739,0.7151056980385696,L282598,-1,158.5,False,1.768779970182281,0.5767275360909059,0.5698996683576765,2.5116928491147443,0.416482815581533,0.4075385001528655,0.046076909675311306,0.023611536572900382,True,True,False,False,1.5116928491147443,1
2023-03-09,2022-23,L282735,-1,164.5,False,1.4200142988140592,0.7209549742691544,0.7131523924477078,L283104,-1,155.5,False,1.768779970182281,0.5885907339447735,0.580414278411543,2.5116928491147443,0.4243474174462169,0.4139238312600019,0.06583037393997238,0.03964952705392477,False,True,False,False,-1.0,0
2023-03-10,2022-23,L283128,-1,163.5,False,1.768779970182281,0.6144681591865698,0.6032551941815527,L283137,-1,139.5,False,1.4200142988140592,0.7020337565531832,0.6966659248959292,2.5116928491147443,0.431377390076067,0.42026733780276476,0.08348750592383913,0.05558246707569503,True,False,False,False,-1.0,0
2023-03-11,2022-23,L282908,1,142.5,False,1.5626359952207167,0.6486726964758389,0.6407911426723736,L283197,-1,149.5,False,1.6217305463706817,0.6332952860461762,0.6255379596664272,2.534174526307787,0.41080136086501085,0.40083918395959506,0.04104234407668317,0.015796449136406432,True,True,False,False,1.5341745263077868,1
2023-03-12,2022-23,L283260,-1,136.5,True,1.9090909090909092,0.5409786866557758,0.5385228433028417,L283259,-1,125.5,True,1.9090909090909092,0.5356806810545098,0.533816278990626,3.6446280991735542,0.2897918313037402,0.2874722603633749,,,True,True,False,False,2.6446280991735542,1
2023-03-14,2022-23,L283324,-1,164.5,False,1.6051197248393847,0.6487263449319053,0.640239463338903,L283326,-1,141.5,False,1.572992366824442,0.649872849693066,0.6427108034924812,2.524841075011701,0.4215896384518642,0.41148881991014136,0.06444683596259915,0.03894387441721747,False,True,False,False,-1.0,0
2023-03-15,2022-23,L283294,1,131.5,False,1.6319952534570188,0.6243630446212437,0.6163684530925784,L283334,-1,129.5,False,1.557461042481579,0.6639546260320786,0.6570727534539638,2.5417690287741572,0.4145487317997478,0.40499891661570075,0.05368712740620363,0.02941370294087564,True,True,False,False,1.5417690287741572,1
2023-03-16,2022-23,L283295,-1,156.0,True,1.8849557522123894,0.5733823911428643,0.5661691841178087,L283298,-1,146.5,False,1.4200142988140592,0.7015168491047854,0.6960241730699348,2.6766641207734034,0.40223740836670974,0.39406743819327744,0.07665443900805169,0.054786172977036696,True,True,False,False,1.6766641207734034,1
2023-03-17,2022-23,L283310,-1,159.5,False,1.6217305463706817,0.643457985679897,0.6347872142950125,L283322,-1,148.5,False,1.557461042481579,0.6613640789329164,0.653894100455712,2.5257821473747026,0.42555999803121475,0.41508361447222447,0.0748718456640558,0.04841078310170843,True,True,False,False,1.5257821473747026,1
2023-03-18,2022-23,L283340,-1,164.5,False,1.8526165751198582,0.5605944070007209,0.5527722043609185,L283339,-1,153.5,False,1.8097803755446438,0.5447482155561925,0.5403146178056424,3.352829121060649,0.3053828028644246,0.2986709023328521,0.02389635451496619,0.0013924989550473388,True,True,False,False,2.352829121060649,1
2023-03-19,2022-23,L283345,-1,139.5,False,1.6217305463706817,0.6638481053413794,0.6531728820382545,L283458,-1,122.5,False,1.557461042481579,0.6706849165032303,0.6626662657650944,2.5257821473747026,0.44523291110171065,0.43283563463931457,0.12456133828436866,0.09324851871957995,False,False,False,False,-1.0,0
2023-03-20,2022-23,L283656,-1,164.5,False,1.6387162164091669,0.6297290347936265,0.6214765406684792,L283657,-1,132.5,False,1.5274271384894802,0.6629157354851387,0.6567601512928795,2.5030196212261617,0.4174572862565634,0.40816102687440575,0.044903778524004734,0.021635058886456227,True,True,False,False,1.5030196212261617,1
2023-03-21,2022-23,L283688,-1,130.5,False,1.6387162164091669,0.6452853346187448,0.6361865208814379,L283660,-1,128.5,False,1.557461042481579,0.6561736002611063,0.6495663628712092,2.5522366667400895,0.42341920121247445,0.4132453644766442,0.0806660107362771,0.05469997157766371,True,True,False,False,1.5522366667400895,1
2023-03-23,2022-23,L283663,-1,139.5,True,1.9090909090909092,0.5231607504038557,0.5199013947402187,L283669,-1,145.5,True,1.9090909090909092,0.5212407850497647,0.5182139927694562,3.6446280991735542,0.2726927202477297,0.2694201776147379,,,False,False,False,False,-1.0,0
2023-03-24,2022-23,L283621,1,134.5,True,1.8695652173913042,0.5841842550986343,0.57657514935126,L283665,1,134.5,False,1.4425552555791528,0.678375054554796,0.6726288222845223,2.6969511299958073,0.39629602592258883,0.3878210636666605,0.06879101492477346,0.04593445589197587,True,True,False,False,1.6969511299958073,1
2023-03-25,2022-23,L283787,-1,159.5,False,1.4450630494462626,0.695437301336557,0.6888507970500422,L283786,1,143.5,True,1.8695652173913042,0.5412452781567241,0.5385465233675684,2.701639614182143,0.3764021556024663,0.37097820187027863,0.01690297443917399,0.002249406170804713,True,True,False,False,1.701639614182143,1
2023-03-26,2022-23,L283819,1,133.0,True,1.925925925925926,0.5195390917813217,0.5167176954145737,L283852,-1,150.0,True,1.9090909090909092,0.509467101465475,0.5078305291829346,3.6767676767676774,0.2646880751878354,0.26240502070056937,,,False,False,False,False,-1.0,0
2023-03-28,2022-23,L283720,-1,116.0,True,1.9090909090909092,0.4989954249264713,0.4982739781872873,L283753,1,151.5,True,1.9090909090909092,0.5128297553279317,0.51144397902349,3.6446280991735542,0.2558997016747996,0.2548392260479699,,,True,True,False,False,2.6446280991735542,1
2023-04-01,2022-23,L283885,1,131.5,True,1.9090909090909092,0.5383898915909835,0.5332723523315346,L283886,-1,149.5,True,1.925925925925926,0.5199239336159353,0.5170561563027869,3.6767676767676774,0.2799217902550411,0.2757317527590888,,,True,True,False,False,2.6767676767676774,1
2023-11-16,2023-24,L294788,1,133.5,False,1.6593267294344072,0.6676588398876425,0.6550250495484502,L292900,-1,131.5,False,1.5491043359927785,0.6891445578868735,0.6812533798955103,2.5704702313955563,0.46011345603363224,0.44623802892110576,0.18270794179897965,0.14704156945833158,True,True,False,False,1.5704702313955563,1
2023-11-17,2023-24,L292906,1,131.5,False,1.5869255528760655,0.7273959260914395,0.7129268581405104,L292909,-1,153.5,False,1.5964405120363054,0.670956530792217,0.6616910234453711,2.5334322421969633,0.48805104708270414,0.4717373024046872,0.23644425851731055,0.1951144917590537,True,True,False,False,1.5334322421969633,1
2023-11-18,2023-24,L294792,1,132.5,False,1.739055199960995,0.6329716725089897,0.6211041087789855,L293001,-1,147.5,False,1.4503822782873848,0.7178127912632142,0.7109464230269398,2.5222948429869514,0.45435516303422296,0.441571744463755,0.14601768460571618,0.11377413386968116,True,True,False,False,1.5222948429869514,1
2023-11-19,2023-24,L293009,1,145.5,False,1.6222506800901206,0.6757534893645742,0.6640196745990171,L301755,-1,135.5,False,1.5645292507302533,0.6868485041603124,0.6779635204080892,2.5380586410180404,0.4641402733511694,0.45018111621138346,0.1780152314234107,0.14258607202344842,True,True,False,False,1.5380586410180404,1
2023-11-20,2023-24,L295092,1,138.5,True,1.8695652173913042,0.6173720530655522,0.6137599692630977,L301781,-1,152.5,False,1.4006608624540928,0.7698405438061477,0.7601180360783776,2.6186268298054776,0.4752780370627026,0.46653002245979125,0.24457581946967544,0.2216680337229615,False,True,False,False,-1.0,0
2023-11-21,2023-24,L293090,1,137.5,False,1.7818778041570928,0.6505180390563047,0.6353760520588878,L301803,-1,164.5,False,1.4126662210369796,0.7313256224004592,0.7232959102609196,2.5171985839482716,0.47574050979557825,0.4595648999319227,0.19753333758425828,0.15681611534096485,True,True,False,False,1.5171985839482716,1
2023-11-22,2023-24,L294797,-1,149.5,False,1.4770039419432868,0.7194458383026942,0.7110486611432377,L293128,1,131.5,False,1.6982337760719513,0.6440431378681631,0.6326232412436102,2.508297981599505,0.46335415522665824,0.44982590869436456,0.16223029232077035,0.12829741884923807,True,False,False,False,-1.0,0
2023-11-23,2023-24,L301838,-1,157.5,False,1.701208776331733,0.6479410604759696,0.6368802582212901,L293138,-1,147.5,False,1.5048667892286411,0.6694994089949059,0.6640212155259422,2.5600925890459205,0.4337961570521942,0.422902003208577,0.11055832682592248,0.08266828430695194,False,False,False,False,-1.0,0
2023-11-24,2023-24,L293156,1,143.5,True,1.8695652173913042,0.7055691049853753,0.6885263679693391,L293142,1,134.5,False,1.4076480459691778,0.7768010137610488,0.7651601603522082,2.6316898250728107,0.5480867960311154,0.526832946122143,0.44239444437184305,0.386460903822776,True,True,False,False,1.6316898250728107,1
2023-11-25,2023-24,L294752,1,140.5,False,1.461642080658086,0.7230488085273208,0.7124809266017716,L301914,1,143.5,False,1.7183998473071063,0.627395021265508,0.6164277484776072,2.511685528220496,0.4536372226019986,0.4391930134183694,0.13939404707157976,0.10311473589846853,False,True,False,False,-1.0,0
2023-11-26,2023-24,L296000,1,143.5,False,1.6982337760719513,0.6314309730995189,0.6207405291222872,L293239,1,128.5,False,1.4907021320905949,0.7058388693592464,0.6969229977031737,2.5315607107787197,0.44568852413097315,0.43260835035175854,0.12828755693492488,0.09517430290530715,False,True,False,False,-1.0,0
2023-11-27,2023-24,L293253,1,147.5,True,1.8695652173913042,0.6131378553825628,0.6031789839033778,L294930,-1,151.5,False,1.4126662210369796,0.7342783079244718,0.7267292166973001,2.641071630634353,0.4502138269747477,0.4383477905003751,0.1890469661423293,0.1577079138417914,True,True,False,False,1.641071630634353,1
2023-11-28,2023-24,L293264,1,118.5,False,1.569895436867711,0.7254287920486332,0.7120709617767763,L293265,1,136.5,False,1.6043741299877121,0.6798272187341172,0.6686301836241396,2.518699625696313,0.4931662380880726,0.47611213792622364,0.2421376192784872,0.19918346358425087,True,False,False,False,-1.0,0
2023-11-29,2023-24,L294831,1,131.5,False,1.739055199960995,0.6389681080606887,0.6265943264429955,L293299,-1,147.5,False,1.4503822782873848,0.7145642355952543,0.7070849709738544,2.5222948429869514,0.45658375770613185,0.4430554311253273,0.15163885745378014,0.11751642908477344,False,True,False,False,-1.0,0
2023-11-30,2023-24,L293325,1,137.5,False,1.6222506800901206,0.6655913215876645,0.6544991710858732,L298082,-1,150.5,False,1.5645292507302533,0.6675913673835139,0.6599508634215532,2.5380586410180404,0.4443430204973091,0.4319372930668129,0.12776864274925148,0.0962821790461661,True,True,False,False,1.5380586410180404,1
2023-12-01,2023-24,L293358,1,145.5,False,1.6982337760719513,0.6660458956406038,0.6519675428806153,L294881,-1,129.5,False,1.4770039419432868,0.6951134617731795,0.6895558600673654,2.508297981599505,0.4629774682185579,0.4495680397670496,0.16128544905865794,0.1276506067393366,False,False,False,False,-1.0,0
2023-12-02,2023-24,L294897,1,132.5,False,1.7818778041570928,0.6298928579379681,0.6168146945603914,L293411,1,117.5,False,1.4076480459691778,0.74746695675387,0.7377196594751263,2.508256809177581,0.47082409760389077,0.45503632643034597,0.1809477487398492,0.14134796419206785,True,True,False,False,1.5082568091775812,1
2023-12-03,2023-24,L295107,1,153.5,False,1.7818778041570928,0.6035228543697283,0.5930661320469742,L293419,1,131.5,False,1.4076480459691778,0.7337358194741499,0.7250965887834402,2.508256809177581,0.4428263361223506,0.4300302292702503,0.11072217286204622,0.07862625071930163,False,True,False,False,-1.0,0
2023-12-04,2023-24,L293434,-1,166.0,True,1.9090909090909092,0.5595174328418477,0.5531892641250522,L294914,-1,160.5,True,1.9090909090909092,0.565855734390409,0.5620094973486236,3.6446280991735542,0.3166061478649601,0.31089762026957557,,,True,False,False,False,-1.0,0
2023-12-05,2023-24,L293439,1,130.5,True,1.8695652173913042,0.6080823644054293,0.603437479682353,L293469,1,118.5,False,1.4076480459691778,0.735548591233434,0.7275008025406486,2.6316898250728107,0.44727412649230913,0.4390012507520181,0.17708676770813936,0.15531512479832355,False,True,False,False,-1.0,0
2023-12-06,2023-24,L293504,1,117.5,False,1.5869255528760655,0.6880414077892052,0.6764751397335825,L294956,1,135.5,False,1.5869255528760655,0.6739438285436508,0.6634133265246093,2.518332710371006,0.4637012605620202,0.4487826227618559,0.16775405231360452,0.1301839587472733,True,False,False,False,-1.0,0
2023-12-07,2023-24,L293516,1,129.5,True,1.847457627118644,0.5846141899355201,0.5778618974459809,L293514,-1,164.5,False,1.4006608624540928,0.7028168585318755,0.6980370101689778,2.587661593347392,0.4108767084236394,0.403368991183765,0.06320987798884636,0.04378244643351126,True,True,False,False,1.5876615933473919,1
2023-12-08,2023-24,L293524,1,131.5,False,1.8267919364770804,0.5821321708925289,0.5726315307956413,L294971,1,133.5,False,1.4076480459691778,0.683485633824976,0.679626533002949,2.5714800997742127,0.39787897579238934,0.3891755819628131,0.02313786836867493,0.0007572643354218922,True,True,False,False,1.5714800997742127,1
2023-12-09,2023-24,L294977,1,138.5,False,1.7818778041570928,0.659074604334065,0.6431103203734935,L293548,1,136.5,False,1.4076480459691778,0.760925814110503,0.7496922963912339,2.508256809177581,0.501506879862456,0.48213485291370645,0.25790804626440833,0.20931802776263586,True,False,False,False,-1.0,0
2023-12-10,2023-24,L293595,1,119.5,False,1.5869255528760655,0.669443471893976,0.6593791808239954,L293599,1,135.5,False,1.5869255528760655,0.6674564912285383,0.6575454090971554,2.518332710371006,0.44682439082620384,0.43357175320506125,0.12525247920922777,0.09187792838921083,True,True,False,False,1.518332710371006,1
2023-12-11,2023-24,L298086,1,138.5,False,1.5869255528760655,0.6869590752346786,0.6761195940708555,L293617,1,142.5,False,1.5869255528760655,0.6615910559023142,0.6523224257312936,2.518332710371006,0.4544859799461883,0.44104797368875803,0.14454690970350703,0.1107055389832503,False,True,False,False,-1.0,0
2023-12-12,2023-24,L295980,1,148.5,False,1.640564910890819,0.6848664408112517,0.6712903039376993,L295018,1,138.5,False,1.5370534989611164,0.684688900344246,0.6748986694572988,2.5216360365575654,0.46892045024173357,0.45305293294713894,0.18244670560835385,0.14243460218760395,False,True,False,False,-1.0,0
2023-12-13,2023-24,L295019,1,127.5,False,1.739055199960995,0.626098740212719,0.6148197718664857,L293642,-1,147.5,False,1.4503822782873848,0.7045356621804089,0.6980725782458143,2.5222948429869514,0.4411088905260878,0.429188823303341,0.11260667976964678,0.08254075568565478,False,True,False,False,-1.0,0
2023-12-14,2023-24,L295116,-1,177.5,False,1.6470725602447065,0.6137427540313983,0.6075258098284747,L293655,-1,159.5,False,1.5491043359927785,0.6547074283827442,0.648621160774397,2.5514872447698016,0.40182194018043993,0.3940540959713508,0.02524355503904685,0.0054239996201970175,False,True,False,False,-1.0,0
2023-12-15,2023-24,L295981,-1,156.5,True,1.9090909090909092,0.56829099753369,0.5630180839460317,L295036,1,150.5,True,1.9090909090909092,0.5478355563993267,0.5421134459412303,3.6446280991735542,0.3113300148305974,0.30521967361521213,,,True,False,False,False,-1.0,0
2023-12-16,2023-24,L293678,1,138.5,True,1.8333333333333335,0.6384537908125762,0.6281537798390465,L295921,1,126.5,False,1.4076480459691778,0.739561958013031,0.7300184165798727,2.5806880842768263,0.47217613563419103,0.4585638277267627,0.2185393269110354,0.18341020609482772,True,True,False,False,1.5806880842768263,1
2023-12-17,2023-24,L295059,1,140.5,True,1.8695652173913042,0.6241172443546508,0.6130328618860962,L293247,1,139.5,False,1.4076480459691778,0.7300229178494666,0.7215541966202941,2.6316898250728107,0.4556198918039507,0.4423364341600618,0.19905023336123184,0.16409229303802397,True,False,False,False,-1.0,0
2023-12-18,2023-24,L295067,1,133.5,True,1.8695652173913042,0.6058906874434556,0.596794393476025,L293760,1,136.5,False,1.4076480459691778,0.7328225546424292,0.724355397389392,2.6316898250728107,0.44401036140637073,0.4322912400460873,0.16849755034004743,0.13765645789739578,True,True,False,False,1.6316898250728107,1
2023-12-19,2023-24,L293781,1,113.5,False,1.4076480459691778,0.7687467761442035,0.7581259652677784,L293766,1,144.5,False,1.7818778041570928,0.6207177604080957,0.6086551802209195,2.508256809177581,0.4771747772091737,0.4614372960202182,0.1968768841027051,0.1574032397512033,False,False,False,False,-1.0,0
2023-12-20,2023-24,L293793,-1,158.5,False,1.6129415994784446,0.6768880667351627,0.666297343875918,L293810,1,139.5,False,1.5532744624285615,0.6648014841709858,0.6561144428882902,2.5053409958585453,0.44999619138316543,0.4371673105750955,0.12739390625245228,0.09525318523301163,True,False,False,False,-1.0,0
2023-12-21,2023-24,L293844,1,134.5,True,1.8695652173913042,0.6105857071569895,0.6037681101648237,L293849,1,139.5,False,1.4076480459691778,0.7454329789656128,0.7350859306759476,2.6316898250728107,0.45515072259985995,0.4438214431729675,0.19781552554058868,0.16800037614742913,True,False,False,False,-1.0,0
2023-12-22,2023-24,L295413,1,126.5,False,1.4076480459691778,0.8031701022518157,0.7892472265743139,L293874,1,126.5,True,1.8695652173913042,0.6177132449656129,0.6113528031554001,2.6316898250728107,0.4961288101213322,0.48250850434883197,0.30565714152179013,0.26981272140592094,True,False,False,False,-1.0,0
2023-12-23,2023-24,L293878,1,127.5,False,1.739055199960995,0.5977051260882832,0.5895419166008503,L295220,-1,146.5,False,1.4503822782873848,0.6923762164436588,0.6871771228684372,2.5222948429869514,0.4138368137499855,0.4051197180601165,0.04381846115973986,0.02183137565535942,True,False,False,False,-1.0,0
2023-12-24,2023-24,L302079,-1,156.5,False,1.701208776331733,0.6122344053341172,0.6047720077488089,L302076,-1,154.5,False,1.5048667892286411,0.65919535544289,0.6547630293433324,2.5600925890459205,0.4035820764385898,0.39598235185565944,0.033207482962198,0.013751484378647705,True,True,False,False,1.5600925890459205,1
2023-12-27,2023-24,L293906,1,130.5,True,1.8695652173913042,0.5905336612215599,0.5833476093949126,L295172,-1,138.5,False,1.4006608624540928,0.675818573165909,0.6733088883662627,2.6186268298054776,0.3990936163331949,0.3927731304128054,0.04507725133419793,0.028526257325657944,False,True,False,False,-1.0,0
2023-12-28,2023-24,L293914,1,125.5,False,1.7183998473071063,0.6440290536298348,0.632058166997521,L293910,1,133.5,False,1.461642080658086,0.7111343659831838,0.7024033218821116,2.511685528220496,0.4579911927278024,0.44395975612177724,0.15032985082686556,0.11508729456336853,True,True,False,False,1.5116855282204962,1
2023-12-29,2023-24,L293930,1,135.5,False,1.7818778041570928,0.6228447110639644,0.6105864026050367,L293928,1,127.5,False,1.4076480459691778,0.7435464896065248,0.7343638992107895,2.508256809177581,0.463113998481601,0.4483926114221237,0.16160884011693155,0.12468382078445894,True,False,False,False,-1.0,0
2023-12-30,2023-24,L293993,1,125.5,False,1.7818778041570928,0.644743113616653,0.6302241226245437,L295210,1,119.5,False,1.4076480459691778,0.777410996718597,0.7665906644026381,2.508256809177581,0.5012303865841738,0.4831239288853187,0.25721453011646545,0.21179888430322613,False,True,False,False,-1.0,0
2023-12-31,2023-24,L294027,1,132.5,False,1.7818778041570928,0.5985853770962462,0.5888231048417512,L295212,1,144.5,False,1.4076480459691778,0.7179175787376767,0.7100609560806195,2.508256809177581,0.4297349645927162,0.4181002967862927,0.07788565108136702,0.04870291633338608,True,True,False,False,1.5082568091775812,1
2024-01-01,2023-24,L294035,1,147.5,True,1.8695652173913042,0.5979872958004364,0.5917586575799347,L295436,1,133.5,False,1.4476396027673895,0.7080230892398127,0.700159020271652,2.706456648652076,0.4233888124987867,0.4143251619284351,0.14588346655224815,0.12135308920506094,False,True,False,False,-1.0,0
2024-01-02,2023-24,L295225,1,131.5,False,1.5532744624285615,0.6751886654322171,0.6661820760961961,L294040,1,138.5,False,1.6222506800901206,0.6451209401065024,0.6361776066386312,2.5198005530413505,0.43557834659288663,0.4238101187564325,0.09757055863759279,0.06791697162697896,False,True,False,False,-1.0,0
2024-01-03,2023-24,L294059,1,141.5,False,1.7818778041570928,0.6232082198240769,0.6107858483723633,L296017,1,115.5,False,1.4076480459691778,0.7423445378891576,0.732819390830951,2.508256809177581,0.4626352179540289,0.4475957133324009,0.16040793559854727,0.12268499572469116,True,False,False,False,-1.0,0
2024-01-04,2023-24,L294077,1,147.5,False,1.6593267294344072,0.6710120267505025,0.6579790058174858,L295229,1,127.5,False,1.5212236014371012,0.7177714375930684,0.706342792570006,2.524206983311055,0.4816332670829467,0.46475872842155913,0.21574205616569264,0.17314722783646563,True,True,False,False,1.5242069833110552,1
2024-01-05,2023-24,L294112,1,137.5,False,1.739055199960995,0.6105576079844799,0.600944321893584,L294110,-1,163.5,False,1.4503822782873848,0.67541603751993,0.6714321810051184,2.5222948429869514,0.41238040026252415,0.40349335671165104,0.04014495693105946,0.01772921281329176,True,True,False,False,1.5222948429869514,1
2024-01-06,2023-24,L294165,1,130.5,True,1.8695652173913042,0.6947733963261872,0.6812694807134934,L295495,1,132.5,False,1.4076480459691778,0.767452863207454,0.7560296417860147,2.6316898250728107,0.5332058322908996,0.5150599214635666,0.4032323635094399,0.3554779546184692,False,False,False,False,-1.0,0
2024-01-07,2023-24,L296059,1,144.5,False,1.5869255528760655,0.6504076307878927,0.6419654309234907,L296058,1,144.5,False,1.5869255528760655,0.6509886366474661,0.6421843553863326,2.518332710371006,0.4234079768317187,0.4122601564379111,0.06628215788732628,0.03820823714025967,False,False,False,False,-1.0,0
2024-01-08,2023-24,L294173,1,142.5,False,1.6982337760719513,0.6116185057360013,0.603091607755329,L294176,1,125.5,False,1.475993568434364,0.6829156176689316,0.6762909065127373,2.506582131180204,0.4176838296224503,0.4078653701190756,0.04695882381455063,0.022348048667675258,True,False,False,False,-1.0,0
2024-01-09,2023-24,L296092,1,139.0,True,1.8333333333333335,0.6130858845189553,0.6017650828884006,L294184,1,129.5,False,1.4076480459691778,0.7354699132601967,0.7268011614351775,2.5806880842768263,0.45090622230820704,0.4373635611544254,0.16364831503706756,0.12869893076810457,True,True,False,False,1.5806880842768263,1
2024-01-10,2023-24,L295536,1,142.5,True,1.8695652173913042,0.6173996155241227,0.6070777436255278,L295538,1,123.5,False,1.4076480459691778,0.7352256122857245,0.726787704068245,2.6316898250728107,0.453928010348694,0.44121663948052803,0.19459772615020365,0.161145340773724,True,True,False,False,1.6316898250728107,1
2024-01-11,2023-24,L294214,1,145.5,True,1.8695652173913042,0.6143964357221929,0.605641744857199,L294197,1,121.5,False,1.4076480459691778,0.7479634790507819,0.7383740186498282,2.6316898250728107,0.4595460955791715,0.447190129012304,0.20938278388764298,0.17686571239467774,False,False,False,False,-1.0,0
2024-01-12,2023-24,L295565,1,140.5,True,1.8695652173913042,0.6231393763290506,0.6121724340705696,L295563,1,129.5,False,1.4076480459691778,0.702362088959771,0.6968042850985195,2.6316898250728107,0.43766947407156087,0.42656437527956387,0.15181030165909504,0.12258512616176831,False,True,False,False,-1.0,0
2024-01-13,2023-24,L294285,1,144.5,False,1.6593267294344072,0.6581650804391589,0.646351897933288,L294264,1,127.5,False,1.5212236014371012,0.705883012749382,0.6953750583225172,2.524206983311055,0.46458754986683287,0.44945698872222983,0.17271513773323277,0.13452246963061065,False,False,False,False,-1.0,0
2024-01-14,2023-24,L296137,1,151.5,False,1.7183998473071063,0.6299549220658781,0.6188379574165992,L295255,1,122.5,False,1.461642080658086,0.6931083040325279,0.6858001302499764,2.511685528220496,0.43662698765002406,0.4243991517999331,0.09666968611107496,0.06595720776494551,True,True,False,False,1.5116855282204962,1
2024-01-15,2023-24,L296143,1,125.5,True,1.8695652173913042,0.6250368965391793,0.6156888066496576,L294314,1,129.5,False,1.4339782351454549,0.7420694700090242,0.7318204754124072,2.680915830924111,0.46382079855091407,0.45057367518845015,0.2434645215470086,0.2079500988103744,True,True,False,False,1.680915830924111,1
2024-01-16,2023-24,L296144,1,135.5,False,1.6222506800901206,0.6666642168684834,0.6557281125233497,L296152,1,135.5,False,1.569895436867711,0.6557509418138632,0.6478235623396004,2.546763940129021,0.4371656880851095,0.4247961217810987,0.11335781027684821,0.08185544485875851,True,True,False,False,1.5467639401290212,1
2024-01-17,2023-24,L295646,1,122.5,False,1.4076480459691778,0.7375445027614246,0.7288132951529317,L296160,1,140.5,False,1.7818778041570928,0.6034061178498291,0.5931007893842621,2.508256809177581,0.44503886515275376,0.432259740668949,0.11627176386805793,0.08421843786622674,True,True,False,False,1.5082568091775812,1
2024-01-18,2023-24,L294373,1,136.5,False,1.5869255528760655,0.6585525335811493,0.6496935422070442,L294380,1,136.5,False,1.5869255528760655,0.6596823643911164,0.6507979716810878,2.518332710371006,0.43443549242857266,0.42281923948264555,0.09405311112901016,0.06479952136333833,True,True,False,False,1.518332710371006,1
2024-01-19,2023-24,L294384,1,140.5,True,1.8695652173913042,0.5852856110031869,0.5809966809917883,L294382,1,118.5,False,1.420650241518861,0.70141092050807,0.6953739027422353,2.6559982776222184,0.4105257191738735,0.4040099295415453,0.09035560304543044,0.07304967700461784,False,True,False,False,-1.0,0
2024-01-20,2023-24,L294451,1,132.5,False,1.5869255528760655,0.7169449033486045,0.7028997436858951,L294406,1,129.5,False,1.5869255528760655,0.6993649202972174,0.686721573954285,2.518332710371006,0.501406115187893,0.48269641831604143,0.2627074210577236,0.21559017942421366,True,False,False,False,-1.0,0
2024-01-21,2023-24,L295760,1,142.5,False,1.7818778041570928,0.6021432265563,0.592000553243723,L294456,1,126.5,False,1.4076480459691778,0.7239377142698096,0.7161092367536238,2.508256809177581,0.43591419109621593,0.4239370643410855,0.09338473803422098,0.06334302829628191,True,False,False,False,-1.0,0
2024-01-22,2023-24,L298036,1,143.5,True,1.8771929824561404,0.5674836972951468,0.5610314064535452,L294458,1,134.5,False,1.4076480459691778,0.6957591880223531,0.6902100484310606,2.642427033661439,0.3948319964459942,0.38722951421964746,0.043314741163412274,0.023225736605583025,False,True,False,False,-1.0,0
2024-01-23,2023-24,L295778,1,146.5,False,1.739055199960995,0.6284412971599165,0.617007371022837,L295774,-1,149.5,False,1.4503822782873848,0.6989699844832661,0.6934841411069472,2.5222948429869514,0.43926160372451045,0.4278848267504276,0.10794727779651048,0.07925169190496861,True,True,False,False,1.5222948429869514,1
2024-01-24,2023-24,L295811,1,144.5,False,1.7818778041570928,0.6305863866428345,0.6174526055616368,L295804,1,116.5,False,1.4076480459691778,0.7423967215571594,0.733291516264113,2.508256809177581,0.4681452661022157,0.45277275735352,0.17422855138513316,0.1356703516420752,True,True,False,False,1.5082568091775812,1
2024-01-25,2023-24,L294499,1,132.5,False,1.7818778041570928,0.6032239953448328,0.5929745817279846,L294486,1,129.5,False,1.4076480459691778,0.7360911610010789,0.7281004776047214,2.508256809177581,0.44402785107708737,0.43174507616360547,0.11373588092859332,0.08292752711625662,False,False,False,False,-1.0,0
2024-01-26,2023-24,L294581,1,136.5,True,1.8695652173913042,0.6219954639260962,0.6146018771473036,L295835,1,136.5,False,1.4339782351454549,0.7106202194205687,0.7027871775378917,2.680915830924111,0.4420025530537609,0.43193431854984354,0.1849716417907019,0.15797955251969342,False,True,False,False,-1.0,0
2024-01-27,2023-24,L294597,1,124.5,False,1.5869255528760655,0.7097733575780404,0.6963121999826074,L294574,1,129.5,False,1.5869255528760655,0.6898405985085174,0.6778201791802473,2.518332710371006,0.48963047779703534,0.47197446015760314,0.2330524482308589,0.18858872147458916,True,True,False,False,1.518332710371006,1
2024-01-28,2023-24,L296262,1,144.5,False,1.7818778041570928,0.5888166474108211,0.5800598158793445,L296265,1,129.5,False,1.4076480459691778,0.7042440011477692,0.6981619312946752,2.508256809177581,0.41467059171501186,0.40497568132075684,0.04010033523487522,0.015783010224118543,True,True,False,False,1.5082568091775812,1
2024-01-29,2023-24,L296298,1,131.5,True,1.8695652173913042,0.6204170882407618,0.6083455604348164,L296277,1,126.5,False,1.4076480459691778,0.7240428754846358,0.716876615832691,2.6316898250728107,0.4492085725696462,0.436108706621353,0.18217762976701923,0.14770284584107807,False,True,False,False,-1.0,0
2024-01-30,2023-24,L294617,1,136.5,True,1.8695652173913042,0.579502855883341,0.5717767292541046,L296288,1,140.5,False,1.4076480459691778,0.7078551154587829,0.7012322366158881,2.6316898250728107,0.4102040609599968,0.40094827469977284,0.07952985343197039,0.05517149490789053,False,True,False,False,-1.0,0
2024-01-31,2023-24,L296333,1,135.5,True,1.8695652173913042,0.6317011496044943,0.6198969027963812,L296327,1,108.5,False,1.4076480459691778,0.7555967928098322,0.7463410127534439,2.6316898250728107,0.4773113626554399,0.4626544822357743,0.25613545649195935,0.21756309342421654,True,True,False,False,1.6316898250728107,1
2024-02-01,2023-24,L294651,1,139.5,True,1.8695652173913042,0.6023126026694594,0.5921076357090758,L294643,1,143.5,False,1.4076480459691778,0.7222484617630706,0.7139806116208857,2.6316898250728107,0.43501935077852855,0.42275337188896245,0.14483599915363343,0.11255574731540419,True,False,False,False,-1.0,0
2024-02-02,2023-24,L296357,1,146.5,False,1.7818778041570928,0.6243030832303607,0.6118443321886886,L294672,1,143.5,False,1.4076480459691778,0.720788446574232,0.7127467321254762,2.508256809177581,0.4499904495531151,0.4360900483369821,0.1286916091564818,0.09382583315581594,True,True,False,False,1.5082568091775812,1
2024-02-03,2023-24,L296430,1,142.5,False,1.5869255528760655,0.6895780607265151,0.6776794624010114,L296404,1,137.5,False,1.5869255528760655,0.6788969803515439,0.6679568689119021,2.518332710371006,0.46815246314390463,0.4526606518312807,0.1789636613760519,0.13995012620457525,True,True,False,False,1.518332710371006,1
2024-02-04,2023-24,L296509,1,152.5,True,1.8695652173913042,0.5990917797784592,0.5891532247947106,L296513,1,128.5,False,1.4076480459691778,0.7295839558619234,0.721008041506032,2.6316898250728107,0.4370877506151285,0.42478421275619727,0.15027938595779555,0.11790029056204854,True,True,False,False,1.6316898250728107,1
2024-02-05,2023-24,L296528,1,130.5,False,1.5869255528760655,0.6619386771273768,0.6528582931604097,L296529,1,125.5,False,1.5869255528760655,0.6592086024121815,0.6503315921423098,2.518332710371006,0.4363556702317063,0.42457437323432007,0.09888875770036964,0.06921953210125653,True,True,False,False,1.518332710371006,1
2024-02-06,2023-24,L296548,1,148.5,False,1.7818778041570928,0.6045948948697775,0.5941606849864202,L296545,1,123.5,False,1.4076480459691778,0.7309009958919815,0.723561471564082,2.508256809177581,0.4418990107715282,0.42991177957429716,0.10839620273652284,0.0783291484628823,True,True,False,False,1.5082568091775812,1
2024-02-07,2023-24,L296606,1,154.5,True,1.8695652173913042,0.7020524700110657,0.6992741507016775,L296564,1,124.5,False,1.4076480459691778,0.7411442251554874,0.7320965137355223,2.6316898250728107,0.5203221339048474,0.5119361678740664,0.3693264655575592,0.3472572040809465,True,True,False,False,1.6316898250728107,1
2024-02-08,2023-24,L296664,1,156.5,False,1.6982337760719513,0.6526044672356524,0.6398030953470104,L296636,1,130.5,False,1.4907021320905949,0.7185842523552527,0.7082206549934585,2.5315607107787197,0.4689512931722292,0.4531217672535019,0.1871786690636883,0.14710526317758466,False,True,False,False,-1.0,0
2024-02-09,2023-24,L296726,-1,142.0,True,1.9090909090909092,0.5293699567457274,0.5257069606822827,L296673,-1,135.5,True,1.8695652173913042,0.5254029084220625,0.5235002303963635,3.569169960474308,0.2781325149054666,0.275207715038147,,,True,True,False,False,2.569169960474308,1
2024-02-10,2023-24,L296748,1,145.5,True,1.8695652173913042,0.6953762925237713,0.6913187885207049,L296732,1,142.5,False,1.4076480459691778,0.7420320052193927,0.7319103274540298,2.6316898250728107,0.515991464723441,0.5059833608813123,0.35792948753709575,0.3315912624874937,False,True,False,False,-1.0,0
2024-02-11,2023-24,L296816,1,130.5,True,1.8771929824561404,0.5747588045517681,0.5689762238198005,L296822,1,124.5,False,1.4076480459691778,0.7197795708828368,0.7124339811417116,2.642427033661439,0.41369964570140394,0.40535799631091807,0.09317112761754909,0.07112892776280377,True,True,False,False,1.642427033661439,1
2024-02-12,2023-24,L296839,1,133.5,False,1.7818778041570928,0.6019242745328073,0.591743494599019,L296826,1,133.5,False,1.4076480459691778,0.7126730330113227,0.7055256184267109,2.508256809177581,0.4289751983744358,0.41749019497695594,0.07597996229098203,0.04717262431582547,True,True,False,False,1.5082568091775812,1
2024-02-13,2023-24,L296849,1,143.5,False,1.7818778041570928,0.6005388466265372,0.5905215358794266,L296851,1,143.5,False,1.4076480459691778,0.7089545699580923,0.7020286821894589,2.508256809177581,0.4257547597532454,0.4145630556379291,0.06790227519084291,0.03983060713730002,True,False,False,False,-1.0,0
2024-02-14,2023-24,L296893,1,129.5,False,1.5869255528760655,0.6712086112068714,0.6610524587301372,L296881,1,122.5,False,1.5869255528760655,0.665946622565074,0.656727799007118,2.518332710371006,0.44698910766980987,0.43413152625008666,0.12566729102442986,0.0932876231588824,False,True,False,False,-1.0,0
2024-02-15,2023-24,L296905,1,146.5,True,1.847457627118644,0.6350889226577591,0.6243496551767325,L296959,1,127.5,False,1.4076480459691778,0.7641839524816814,0.7538233455875509,2.6005701188244132,0.4853247630939392,0.4706493458817583,0.26212107682763564,0.22395662534435656,True,True,False,False,1.6005701188244132,1
2024-02-16,2023-24,L296974,1,129.5,False,1.4076480459691778,0.7317946526682834,0.7233055387659257,L296975,1,137.5,False,1.7818778041570928,0.5865478759597346,0.5780286731142742,2.508256809177581,0.4292325991612733,0.4180913408290733,0.07662558956725518,0.048680452492707804,True,True,False,False,1.5082568091775812,1
2024-02-17,2023-24,L297081,1,139.5,True,1.8695652173913042,0.6617557441792206,0.6512360263559595,L297085,1,123.5,False,1.4339782351454549,0.7680284838779123,0.7559023486928685,2.680915830924111,0.5082472608994664,0.4922708418758806,0.36256812776919656,0.31973669308738795,False,False,False,False,-1.0,0
2024-02-18,2023-24,L297128,1,130.0,True,1.8333333333333335,0.6043026124183906,0.5954507282846185,L297136,1,132.5,False,1.4076480459691778,0.6975301806796956,0.6923280999191878,2.5806880842768263,0.4215193104254121,0.4122472713087865,0.08780986170744542,0.06388162084222127,True,True,False,False,1.5806880842768263,1
2024-02-19,2023-24,L297153,1,127.5,True,1.8333333333333335,0.6081497403484629,0.5989724135623539,L297148,1,120.5,False,1.4076480459691778,0.749344006622765,0.739894602956325,2.5806880842768263,0.4557133630593114,0.4431764561145095,0.1760540458928841,0.14370019952674662,False,True,False,False,-1.0,0
2024-02-20,2023-24,L297168,1,135.5,False,1.6785462456703417,0.6541365437236617,0.6422476352358876,L297170,1,135.5,False,1.4907021320905949,0.6953161969989898,0.686447920530503,2.502212467233442,0.45483173389999987,0.440869553673308,0.13808563505798288,0.10314929362499448,False,False,False,False,-1.0,0
2024-02-21,2023-24,L297198,1,147.5,True,1.8695652173913042,0.6070562180840128,0.6004365274381777,L297183,1,124.5,False,1.4076480459691778,0.7509559475122396,0.740923588341328,2.6316898250728107,0.45587247744447656,0.4448775864807008,0.19971496042136327,0.17077981774420992,True,True,False,False,1.6316898250728107,1
2024-02-22,2023-24,L297272,1,141.5,False,1.7183998473071063,0.6419076648027195,0.6298709084600044,L297258,1,142.5,False,1.461642080658086,0.7233343520389003,0.7135300597451766,2.511685528220496,0.46431386478887876,0.44943182694521555,0.1662104147423551,0.12883141565999634,True,False,False,False,-1.0,0
2024-02-23,2023-24,L297286,1,132.5,True,1.8695652173913042,0.5906524349000734,0.5846245458468651,L297295,1,125.5,False,1.4339782351454549,0.7248677140855314,0.71577012553608,2.680915830924111,0.4281448803050693,0.41845678457228436,0.14782038753896898,0.12184741831743762,False,True,False,False,-1.0,0
2024-02-24,2023-24,L297374,1,144.5,True,1.8695652173913042,0.686366603137316,0.6780755835352741,L297356,1,146.5,False,1.4076480459691778,0.7671461593042916,0.7557477751821692,2.6316898250728107,0.5265435034715249,0.5124541136621344,0.38569918054420205,0.3486202767413449,True,False,False,False,-1.0,0
2024-02-25,2023-24,L297442,1,127.5,True,1.8695652173913042,0.6106123215280453,0.602557722121468,L297328,1,117.5,False,1.4076480459691778,0.7522810884336532,0.742482866172704,2.6316898250728107,0.4593521018501177,0.4473887845552433,0.20887225256476416,0.1773885121657255,False,False,False,False,-1.0,0
2024-02-26,2023-24,L297465,1,137.5,True,1.8695652173913042,0.5834725043788062,0.5774354692872259,L297468,1,129.5,False,1.4076480459691778,0.70554939712649,0.6996047930975585,2.6316898250728107,0.41166867370435,0.40397662201788126,0.0833842598889567,0.06314116573174289,True,False,False,False,-1.0,0
2024-02-27,2023-24,L297483,1,131.5,False,1.6043741299877121,0.6576244648766502,0.6481774991834371,L297499,1,131.5,False,1.569895436867711,0.6645196787018741,0.6559055442136223,2.518699625696313,0.43700439810632347,0.4251432153489371,0.10068281393803935,0.07080805736669471,True,True,False,False,1.5186996256963128,1
2024-02-28,2023-24,L297545,1,145.5,True,1.8695652173913042,0.6582645793633833,0.6531683035026062,L297540,1,137.5,False,1.420650241518861,0.7465955237312321,0.7366818562005062,2.6559982776222184,0.4914573883835244,0.4811772382356356,0.3053099770713541,0.2780059159848638,True,True,False,False,1.6559982776222184,1
2024-02-29,2023-24,L297570,1,140.5,False,1.7183998473071063,0.6288592312935161,0.6181731455905504,L298202,1,133.5,False,1.461642080658086,0.7134788381735777,0.7043473540297317,2.511685528220496,0.44867775371802704,0.43540861942894027,0.12693742084804827,0.09360952828213498,True,True,False,False,1.5116855282204962,1
2024-03-01,2023-24,L297624,1,130.5,False,1.5869255528760655,0.6533882753563737,0.6451736286716712,L297614,1,147.5,False,1.5869255528760655,0.6374829991008522,0.6302649728386024,2.518332710371006,0.4165239173515145,0.40663033955093336,0.04894580571818863,0.024030485120384748,True,True,False,False,1.518332710371006,1
2024-03-02,2023-24,L297701,1,139.5,True,1.8695652173913042,0.6270859558751637,0.6172120136522405,L297649,1,139.5,False,1.4076480459691778,0.7432241254124738,0.7336264966446238,2.6316898250728107,0.4660654111137637,0.45280308726266694,0.22653960024646835,0.19163727751071646,False,True,False,False,-1.0,0
2024-03-03,2023-24,L297770,1,135.5,True,1.847457627118644,0.6199031352186489,0.6093615542808845,L297773,1,126.5,False,1.4339782351454549,0.6920154393232776,0.6866457609641782,2.649214027641603,0.4289825404562105,0.4184155281415123,0.13646656378992428,0.10847228653556429,False,True,False,False,-1.0,0
2024-03-04,2023-24,L297987,-1,150.5,False,1.5340236265205662,0.6521342627117596,0.6475847737077639,L297787,-1,147.5,False,1.6298163780307287,0.6268274704255904,0.6208999714612362,2.5001768307893126,0.40877567027346967,0.40208536751388174,0.022011459808100486,0.00528451985761258,False,False,False,False,-1.0,0
2024-03-05,2023-24,L297806,1,135.5,True,1.8695652173913042,0.60542221535443,0.5963139622100447,L297813,1,132.5,False,1.4339782351454549,0.7313864645019729,0.7223037910252826,2.680915830924111,0.4427976136190286,0.43071983554562243,0.1871031322466714,0.1547236258072886,False,True,False,False,-1.0,0
2024-03-06,2023-24,L303120,1,138.5,True,1.8695652173913042,0.6164488801256002,0.6085135504460972,L297847,1,129.5,False,1.4076480459691778,0.7072142297427512,0.7004724576827035,2.6316898250728107,0.4359614199338079,0.4262469822142055,0.14731523296409677,0.12174984606111594,False,False,False,False,-1.0,0
2024-03-07,2023-24,L303145,1,131.5,False,1.4339782351454549,0.7229441754055601,0.7143304944551412,L297876,1,129.0,True,1.8333333333333335,0.6251863558627955,0.6161351191575201,2.6289600977666674,0.45197483451403575,0.44012410431896865,0.1882238051320928,0.15706870831986275,True,False,False,False,-1.0,0
2024-03-08,2023-24,L303170,1,133.5,True,1.8771929824561404,0.6136963078841433,0.6044747278512625,L297885,1,123.5,False,1.4076480459691778,0.7452853905084533,0.7363563562947512,2.642427033661439,0.4573788924750298,0.44510880807281705,0.20859035010214733,0.17616754737243268,False,True,False,False,-1.0,0
2024-03-09,2023-24,L297938,-1,162.5,True,1.8849557522123894,0.7400653789210597,0.7352953407495952,L303192,1,136.5,False,1.420650241518861,0.7625399003356708,0.7508670418108823,2.6778628446328976,0.5643293802843453,0.5521090373659733,0.5111966795981571,0.47847227734837583,False,True,False,False,-1.0,0
2024-03-10,2023-24,L303158,1,144.5,False,1.7818778041570928,0.5892052579545434,0.5804259156620052,L303226,1,125.5,False,1.4076480459691778,0.719594346409576,0.7128219471270537,2.508256809177581,0.4239887724988853,0.4137403313651936,0.06347272563517325,0.03776700337813543,False,True,False,False,-1.0,0
2024-03-11,2023-24,L303232,1,137.5,True,1.8695652173913042,0.5671959344072561,0.560785861134946,L303231,-1,165.5,False,1.4006608624540928,0.7050637245504435,0.7004947159274924,2.6186268298054776,0.39990927806304905,0.3928275324918782,0.047213165024039494,0.028668716069515154,False,True,False,False,-1.0,0
2024-03-12,2023-24,L303254,1,155.5,False,1.739055199960995,0.6284168586298388,0.6168712692637439,L303324,-1,147.5,False,1.4503822782873848,0.7037984395990369,0.6981187098488034,2.5222948429869514,0.44227880452140905,0.43064937464119873,0.11555754780678407,0.08622469679305111,False,True,False,False,-1.0,0
2024-03-13,2023-24,L303270,1,124.5,False,1.5370534989611164,0.6572899749181743,0.6503962514020575,L303306,1,134.5,False,1.640564910890819,0.6526092221778046,0.642427395218555,2.5216360365575654,0.4289534992766184,0.4178323696481362,0.08166460178339063,0.053621160544981894,False,False,False,False,-1.0,0
2024-03-14,2023-24,L303245,1,130.5,True,1.8695652173913042,0.64609913179023,0.6343178196001558,L303357,-1,156.5,False,1.4006608624540928,0.7073346983888327,0.7030887261270453,2.6186268298054776,0.45700833451412903,0.44598170774235846,0.19673428620341493,0.16785966549660514,False,True,False,False,-1.0,0
2024-03-15,2023-24,L303387,-1,155.5,False,1.7590690202442416,0.5894044643533162,0.5826858024432635,L303376,-1,143.5,False,1.4249509210898212,0.7180385376270673,0.7121063652700096,2.5065870206576015,0.42321511965512004,0.4149342688723113,0.06082552587357748,0.04006885278138661,True,True,False,False,1.5065870206576015,1
2024-03-16,2023-24,L303334,1,132.5,False,1.739055199960995,0.6293260885423951,0.6178407761126505,L303428,-1,149.5,False,1.4503822782873848,0.698840861725289,0.6934475216570116,2.5222948429869514,0.43979878602317296,0.4284401549739621,0.10930220993817086,0.08065239341935482,False,False,False,False,-1.0,0
2024-03-17,2023-24,L303449,-1,153.5,False,1.6298163780307287,0.6240174180847537,0.6184210415501286,L303446,1,130.5,False,1.5532744624285615,0.6471030393491257,0.6406211419682805,2.531552158442945,0.4038035678494382,0.3961735938550568,0.022249793776207616,0.0029341166418677123,False,False,False,False,-1.0,0
2024-03-19,2023-24,L303483,-1,136.5,True,1.8695652173913042,0.5893837462118638,0.5873954483414322,L303484,1,131.5,False,1.4076480459691778,0.6996451145096125,0.6939041476875886,2.6316898250728107,0.41235945860850387,0.40759613793693045,0.0852021914925325,0.0726666089475938,False,False,False,False,-1.0,0
2024-03-20,2023-24,L303508,1,146.5,True,1.8928571428571428,0.5352368918661,0.5329141025691181,L303511,-1,153.5,False,1.4375209174931514,0.6963146646660622,0.691893917144712,2.721021736683465,0.3726932968766488,0.36872002592820596,0.014106561917585081,0.003295205301139248,True,True,False,False,1.7210217366834648,1
2024-03-21,2023-24,L303512,-1,147.5,False,1.6298163780307287,0.6306240518409945,0.6244350203691195,L303465,-1,153.5,False,1.5645292507302533,0.6536155832032265,0.6477859220582186,2.5498953967483113,0.4121857074260334,0.40450021543525255,0.051030437971088416,0.03143323732205072,True,False,False,False,-1.0,0
2024-03-22,2023-24,L303473,1,126.5,True,1.8695652173913042,0.5756784322399591,0.5732862551045419,L303518,-1,166.5,False,1.4249509210898212,0.6974730833307833,0.6924709261803678,2.6640386785592307,0.40152021114143566,0.3969840640387167,0.06966537270405371,0.05758090137077598,True,False,False,False,-1.0,0
2024-03-23,2023-24,L303513,-1,151.5,False,1.7393544280929913,0.5865223556993365,0.5808424022516111,L303516,-1,148.5,False,1.4375209174931514,0.6941491143051668,0.6896979793404048,2.5003583733180124,0.40713397372887444,0.4006058311481627,0.01798084027522684,0.0016581443113308225,False,True,False,False,-1.0,0
2024-03-24,2023-24,L303503,-1,153.5,False,1.5645292507302533,0.6748252296757968,0.6668894914511265,L303520,-1,165.5,False,1.6298163780307287,0.6376743118353749,0.6304830560605826,2.5498953967483113,0.4303187139426626,0.42046252462479405,0.09726770781704874,0.07213545604593574,False,True,False,False,-1.0,0
2024-03-25,2023-24,L303545,-1,161.5,False,1.6298163780307287,0.6756710279517889,0.6649336607551544,L303543,-1,159.5,False,1.5340236265205662,0.6788240903471873,0.6713479094752952,2.5001768307893126,0.45866177092332205,0.446401823087728,0.14673553283128493,0.11608349530604722,True,False,False,False,-1.0,0
2024-03-26,2023-24,L303557,-1,164.5,False,1.6298163780307287,0.6424225445854068,0.6346656306128803,L303558,-1,150.5,False,1.5340236265205662,0.6562799029411166,0.65113582317145,2.5001768307893126,0.42160900520769595,0.4132535278277452,0.05409706647241186,0.033206895516874946,True,True,False,False,1.5001768307893126,1
2024-03-27,2023-24,L303561,-1,151.5,True,1.9090909090909092,0.5522878730119845,0.5474717470284766,L303559,-1,145.5,True,1.9090909090909092,0.5132096075399541,0.5113147306666624,3.6446280991735542,0.2834394425575566,0.27993036887947265,,,True,True,False,False,2.6446280991735542,1
2024-03-28,2023-24,L303541,-1,147.0,True,1.9090909090909092,0.5442603088951913,0.5389367556748886,L303552,-1,174.0,True,1.9090909090909092,0.5315347395964436,0.5276307649588117,3.6446280991735542,0.28929326156128543,0.28435961266116166,,,True,False,False,False,-1.0,0
2024-03-29,2023-24,L303542,1,142.5,True,1.9090909090909092,0.5791168232904814,0.5727013400715609,L303547,-1,154.5,True,1.9090909090909092,0.5433736596340201,0.5395768135807806,3.6446280991735542,0.314676827626977,0.3090163642092559,,,True,True,False,False,2.6446280991735542,1
2024-03-30,2023-24,L303564,-1,161.5,False,1.4126662210369796,0.7267460435454357,0.7203764253023592,L303565,-1,165.5,False,1.7792230617108793,0.5673708721209054,0.5620559046958248,2.5134483189689525,0.41233453653679136,0.40489182344486174,0.03638154771124058,0.017674673001761843,True,False,False,False,-1.0,0
2024-03-31,2023-24,L303586,-1,143.5,True,1.8695652173913042,0.5366163783665866,0.5335772476974422,L303587,-1,148.0,True,1.9090909090909092,0.5351842257465335,0.5308733956243917,3.569169960474308,0.2871886209790305,0.2832619653130583,,,True,True,False,False,2.569169960474308,1
2024-04-02,2023-24,L303563,-1,166.0,True,1.9090909090909092,0.5349538154017223,0.5306686871883727,L303562,1,144.5,True,1.9090909090909092,0.527572560779611,0.5241093361120054,3.6446280991735542,0.2822269542903099,0.2781284133377275,,,False,True,False,False,-1.0,0
2024-04-06,2023-24,L303589,1,145.5,True,1.8695652173913042,0.5357438987414186,0.532801282930039,L303588,-1,161.5,True,1.9090909090909092,0.5115631359663328,0.5098405767199612,3.569169960474308,0.27406682891498957,0.2716437133661863,,,False,True,False,False,-1.0,0
2024-11-14,2024-25,L323324,1,144.5,False,1.8245681027115523,0.5601724651214034,0.5512867814760057,L323334,-1,142.5,True,1.8849557522123894,0.5295576751400386,0.5279707890242624,3.439230140509386,0.29664362830715474,0.29106331699453286,0.020225707464029963,0.0010337326042353379,True,True,False,False,2.439230140509386,1
2024-11-15,2024-25,L323355,-1,148.5,True,1.8771929824561404,0.5714943819070701,0.5662573555222344,L323372,-1,158.5,False,1.4000323798474368,0.6916355914100819,0.6872151244164015,2.628130958660978,0.39526585481783566,0.3891406190269149,0.03881042994834938,0.022712508137131993,True,True,False,False,1.6281309586609778,1
2024-11-16,2024-25,L323447,-1,151.5,True,1.8928571428571428,0.7999656820645663,0.7962863186139798,L317952,1,132.5,False,1.4059205605158065,0.7210472160448168,0.7121196925689695,2.661206775262062,0.5768130279840485,0.5670511684082638,0.5350187381305755,0.50904041128834,True,True,False,False,1.661206775262062,1
2024-11-17,2024-25,L323469,-1,142.5,True,1.8695652173913042,0.5681420142829967,0.5664315984622821,L323482,-1,159.5,False,1.4000323798474368,0.6954775752120755,0.6912250290968998,2.617451840584338,0.39513003046964296,0.39153169812849437,0.03423382552291243,0.024815363913539112,False,True,False,False,-1.0,0
2024-11-18,2024-25,L323508,-1,157.0,True,1.8928571428571428,0.5729505031500434,0.5693098111320603,L323495,-1,156.5,False,1.4120902585232828,0.6890903366484398,0.6852954046051727,2.6728851322047853,0.39481465509855634,0.3901453973654397,0.0552942215894916,0.042813832016211695,True,False,False,False,-1.0,0
2024-11-19,2024-25,L323527,1,148.5,True,1.8928571428571428,0.6025922006633152,0.5930867398825455,L323545,-1,150.5,False,1.4000323798474368,0.7022633288922936,0.697898086570489,2.6500612904255054,0.4231784048023527,0.4139141009343578,0.12144870951072972,0.09689773644741706,False,True,False,False,-1.0,0
2024-11-20,2024-25,L323584,1,127.5,False,1.5849357646084612,0.6411485900224693,0.6320182964088336,L323603,1,149.5,False,1.6572541071239941,0.6124383993922002,0.6033355646521429,2.62664130542508,0.39266401624592706,0.381319115734309,0.03138752422565694,0.0015885399359027996,True,False,False,False,-1.0,0
2024-11-21,2024-25,L323623,1,132.5,True,1.8695652173913042,0.584587067008815,0.576069282482538,L323655,-1,167.5,False,1.4000323798474368,0.7006049349623563,0.6944485007374304,2.617451840584338,0.4095645840615455,0.40005044954088576,0.07201557439005124,0.04711278547738318,True,False,False,False,-1.0,0
2024-11-22,2024-25,L323720,1,155.5,True,1.8695652173913042,0.6255201052773943,0.6214483242185088,L323696,-1,154.5,False,1.4000323798474368,0.7184387204272332,0.7120224954150159,2.617451840584338,0.4493978640369994,0.4424851865815425,0.1762772663783143,0.15818366604916267,False,True,False,False,-1.0,0
2024-11-23,2024-25,L323762,1,156.5,True,1.8695652173913042,0.5815977190795732,0.5740734031446574,L323761,1,122.5,False,1.4059205605158065,0.726421062397484,0.7161766137023501,2.628460178355638,0.42248483298173706,0.4111379458807248,0.11048455945172853,0.08065971855842036,True,False,False,False,-1.0,0
2024-11-24,2024-25,L352990,-1,151.5,False,1.4000323798474368,0.7119729902081092,0.7059968757299053,L323796,1,153.5,True,1.8771929824561404,0.5611877231837189,0.5588918471417695,2.628130958660978,0.39955050134319303,0.39457589795300513,0.05007104212856017,0.03699713295174756,True,True,False,False,1.6281309586609778,1
2024-11-25,2024-25,L323846,1,133.5,True,1.8695652173913042,0.5548382087782543,0.5502933681188774,L323833,1,139.5,False,1.4059205605158065,0.7143199598640981,0.7058126564186672,2.628460178355638,0.3963320070255507,0.3884040239615604,0.041742897874426976,0.02090451009605032,False,True,False,False,-1.0,0
2024-11-26,2024-25,L323860,1,162.5,True,1.8695652173913042,0.5977489258703376,0.5887624148121298,L353105,-1,159.5,False,1.4120902585232828,0.6945567120179901,0.6893394821068444,2.639994831152224,0.4151705285647869,0.4058571781105686,0.09604804945777423,0.07146085239792876,False,True,False,False,-1.0,0
2024-11-27,2024-25,L323921,-1,159.5,True,1.8849557522123894,0.9164842037273757,0.9134845649514003,L323915,-1,147.5,False,1.4244304262249945,0.7205272805311683,0.7131508224008566,2.684988325539149,0.6603518709614593,0.6514522687455798,0.7730370642794528,0.7491417362278738,True,False,False,False,-1.0,0
2024-11-28,2024-25,L353387,-1,149.5,False,1.8016738978608373,0.5894054702605533,0.5792510064590933,L323955,-1,134.5,False,1.4000323798474368,0.7183453212303212,0.7133522039339583,2.522401794931116,0.42339666186922575,0.41320998208855775,0.06797649986677778,0.042281600503632166,False,True,False,False,-1.0,0
2024-11-29,2024-25,L323991,1,127.5,True,1.8620689655172413,0.5742053608803783,0.5662525488975716,L323992,1,135.5,False,1.4059205605158065,0.711566752078463,0.7036221822220587,2.617921043719088,0.4085854436676925,0.39842785414411236,0.06964443113495222,0.04305266376771111,True,False,False,False,-1.0,0
2024-11-30,2024-25,L324046,1,138.5,True,1.8928571428571428,0.575441733898612,0.5706216477390722,L324003,1,142.5,False,1.4059205605158065,0.7123942647691868,0.7031151025480548,2.661206775262062,0.4099413909382077,0.4012126983661977,0.09093880702511203,0.06770995121329948,False,True,False,False,-1.0,0
2024-12-01,2024-25,L324065,1,152.5,True,1.8695652173913042,0.5955238704527884,0.5921614883570836,L324074,1,123.5,False,1.4322063508826248,0.702402852771437,0.6952580688360557,2.677603177737081,0.4182976654995263,0.4117050528342304,0.120035158381534,0.10238275775934813,True,True,False,False,1.677603177737081,1
2024-12-02,2024-25,L318380,-1,149.0,True,1.8849557522123894,0.5826102941556496,0.5791953911490827,L324094,-1,140.5,False,1.4000323798474368,0.7245449801570258,0.7188116702989528,2.638999087677027,0.4221273640182841,0.4163324065413274,0.11399372852776013,0.09870084103294419,True,True,False,False,1.638999087677027,1
2024-12-03,2024-25,L324124,1,153.5,True,1.8695652173913042,0.5670507760767239,0.5604823071125508,L324107,1,132.5,False,1.4059205605158065,0.7009738820205605,0.6946588178016938,2.628460178355638,0.3974877838092728,0.3893439768575704,0.04478081112550836,0.023375138852743005,True,False,False,False,-1.0,0
2024-12-04,2024-25,L324188,1,137.5,False,1.6572541071239941,0.6169399719016988,0.6073952392138561,L324199,1,117.5,False,1.519319675912222,0.6621622159481765,0.6551815390178907,2.5178987729398257,0.4085143389014346,0.3979541476202741,0.028597752648246377,0.0020082599794024603,False,True,False,False,-1.0,0
2024-12-05,2024-25,L324213,1,145.5,True,1.8695652173913042,0.5769720057905278,0.5727396420001628,L324231,1,127.5,False,1.4059205605158065,0.6985914154834724,0.6927587086327494,2.628460178355638,0.40306769021954303,0.39677037477481597,0.059447372923854935,0.042895130046846086,False,True,False,False,-1.0,0
2024-12-06,2024-25,L324245,1,135.5,True,1.8695652173913042,0.5836540638038985,0.5751834593679642,L324252,-1,134.5,False,1.4244304262249945,0.700830568914098,0.6968699232444421,2.66306557946412,0.40904260958471145,0.4008280531812259,0.08930729411922522,0.06743139171053647,False,False,False,False,-1.0,0
2024-12-07,2024-25,L324342,1,134.5,True,1.8695652173913042,0.6455875587470981,0.6400040958609027,L324274,1,125.5,False,1.4189005483804118,0.7128326678488027,0.7042726856771261,2.6527271121894653,0.46019590183168957,0.4507374034363188,0.2207741457074046,0.19568333057340404,True,False,False,False,-1.0,0
2024-12-08,2024-25,L324378,-1,142.5,True,1.8695652173913042,0.5608127631007525,0.5586730772096659,L324366,1,135.5,False,1.4059205605158065,0.6979913016844396,0.6921604598354367,2.628460178355638,0.3914424305179414,0.38669141401912077,0.02889084073515291,0.016402983061291954,True,True,False,False,1.6284601783556378,1
2024-12-09,2024-25,L318419,-1,144.5,True,1.9090909090909092,0.5719807084039659,0.5684671989531058,L324385,1,133.5,True,1.9174311926605505,0.5334886152276728,0.5283496883718289,3.6605504587155964,0.30514519606337503,0.30034946741647994,,,False,False,False,False,-1.0,0
2024-12-10,2024-25,L324392,1,142.5,True,1.8695652173913042,0.5483609344262748,0.546041951667377,L324391,1,142.0,True,1.9090909090909092,0.5108127158699507,0.5088204069324553,3.569169960474308,0.28010973819126933,0.2778372880495869,,,False,False,False,False,-1.0,0
2024-12-16,2024-25,L324589,1,137.5,True,1.8695652173913042,0.5761849253782433,0.5719257413309622,L324594,-1,149.5,False,1.4000323798474368,0.6884828890850605,0.6855101418663667,2.617451840584338,0.39669346207167294,0.3920608960768148,0.03832603244727362,0.02620051405740398,True,False,False,False,-1.0,0
2024-12-17,2024-25,L318032,1,137.5,True,1.8695652173913042,0.6808606184640729,0.6783040306277381,L324622,-1,147.5,False,1.4244304262249945,0.6962452303565408,0.6918396846340683,2.66306557946412,0.47404595814321526,0.46927764663551175,0.26241547421528555,0.24971714796695776,False,True,False,False,-1.0,0
2024-12-18,2024-25,L324655,1,135.5,True,1.8695652173913042,0.5507140213452961,0.5450000455732963,L324682,-1,151.5,False,1.4000323798474368,0.7074569514564948,0.7022592699368729,2.617451840584338,0.3896064626652902,0.38273133411986554,0.019776152806817215,0.0017808349413412916,False,True,False,False,-1.0,0
2024-12-19,2024-25,L324710,1,127.5,True,1.8849557522123894,0.5449230045709423,0.5410434775516252,L318084,1,138.5,True,1.8547008547008548,0.5468413318665739,0.5453245977289667,3.4960290447016114,0.29798642158430927,0.2950443167497212,0.041769184785444224,0.03148350083116758,True,True,False,False,2.4960290447016114,1
2024-12-20,2024-25,L324732,-1,152.5,True,1.8695652173913042,0.5711039424432627,0.5689228556709427,L324730,-1,147.5,False,1.4244304262249945,0.7124329877210971,0.7055746796953272,2.66306557946412,0.4068732880141511,0.40141756166137627,0.08353024851387714,0.06900129145282685,False,True,False,False,-1.0,0
2024-12-21,2024-25,L318012,-1,144.5,True,1.8695652173913042,0.5858772770768689,0.5823857036310796,L354572,-1,152.5,False,1.4000323798474368,0.7104321562199325,0.7045402313071453,2.617451840584338,0.41622605723398276,0.4103141583462153,0.08945165960625023,0.07397754898111475,True,True,False,False,1.617451840584338,1
2024-12-22,2024-25,L324885,1,130.5,True,1.8928571428571428,0.5630390089940664,0.5592399437977456,L324870,-1,136.5,False,1.4120902585232828,0.7026556207903407,0.6991580159654506,2.6728851322047853,0.395622524393904,0.3909970895542619,0.057453563417791065,0.045090307404929364,False,True,False,False,-1.0,0
2024-12-23,2024-25,L354577,1,141.5,True,1.8695652173913042,0.5591671365258242,0.5558104596342205,L324892,-1,145.5,False,1.4244304262249945,0.6868975802004416,0.6832580174099145,2.66306557946412,0.3840905530071986,0.37976195270537083,0.022858331110809482,0.011330984639754016,False,False,False,False,-1.0,0
2024-12-25,2024-25,L354580,-1,134.5,True,1.9345794392523366,0.5350497110703354,0.5332396623944275,L354581,-1,137.5,True,1.8695652173913042,0.5160941161615628,0.5148748838967072,3.616822429906542,0.27613600773734426,0.2745517092644502,,,False,False,False,False,-1.0,0
2024-12-28,2024-25,L324921,1,137.5,True,1.8695652173913042,0.6248472024246677,0.6183218778560532,L324906,1,132.5,False,1.4059205605158065,0.7046486316640611,0.6974828875994232,2.628460178355638,0.4402977261876587,0.4312689288329378,0.15730503990479527,0.13357320559946895,True,False,False,False,-1.0,0
2024-12-29,2024-25,L324990,-1,160.5,True,1.8695652173913042,0.6097631355580458,0.6056528636891043,L324964,1,130.5,False,1.4059205605158065,0.7280453702222828,0.7183747578377365,2.628460178355638,0.44393522777525746,0.43508572928639194,0.16686606797650416,0.14360551360010265,True,True,False,False,1.6284601783556378,1
2024-12-30,2024-25,L325022,1,143.5,False,1.5849357646084612,0.644044786786457,0.63445905930913,L325016,1,140.5,False,1.5849357646084612,0.6355785988831417,0.6274873660810648,2.5120213779350076,0.40934108320372814,0.3981150440121561,0.0282735518748376,7.350143607243176e-05,True,True,False,False,1.5120213779350076,1
2024-12-31,2024-25,L318265,1,140.5,False,1.6202190192280383,0.632402215916324,0.6229847490844604,L325053,1,132.5,False,1.551327301333032,0.6565980271270911,0.6481227088518258,2.5134899986674846,0.415234047321459,0.4037705631499955,0.04368662504870824,0.014873272233851598,False,True,False,False,-1.0,0
2025-01-01,2024-25,L325067,1,140.5,True,1.8695652173913042,0.5817967391199897,0.5754163256469252,L325062,1,138.5,False,1.4059205605158065,0.7049827110442473,0.6969136740878631,2.628460178355638,0.41015664242151306,0.40101550563673694,0.07808040149299966,0.05405328746931404,True,True,False,False,1.6284601783556378,1
2025-01-02,2024-25,L325115,1,136.5,False,1.6572541071239941,0.6366034603620908,0.6245533327775074,L325120,1,130.5,False,1.519319675912222,0.6686230997184544,0.6601309553097204,2.5178987729398257,0.42564777895879535,0.4122869882082857,0.07173802034491294,0.03809690170869895,False,True,False,False,-1.0,0
2025-01-03,2024-25,L325140,1,124.5,True,1.8695652173913042,0.5731452066920387,0.5653423451832144,L325138,-1,140.5,False,1.4000323798474368,0.6793335522800091,0.6767826564054312,2.617451840584338,0.38935676923436274,0.38261389415157204,0.019122592276454187,0.0014734414801733653,False,False,False,False,-1.0,0
2025-01-04,2024-25,L325186,1,154.5,True,1.8695652173913042,0.6412938894975292,0.6360914415279756,L318506,1,133.5,False,1.4059205605158065,0.7162113393454356,0.7072814349274205,2.628460178355638,0.4593019555110691,0.44989566750895793,0.20725689990171814,0.1825328464620244,False,False,False,False,-1.0,0
2025-01-05,2024-25,L325281,1,135.0,True,1.8928571428571428,0.5392567856534817,0.5333055263995311,L325269,1,152.5,True,1.8928571428571428,0.5332573236865642,0.5312891924799583,3.582908163265306,0.2875626302973949,0.28333946246590597,0.030310495542579252,0.015179273044298114,False,False,False,False,-1.0,0
2025-01-06,2024-25,L325302,-1,147.5,True,1.8849557522123894,0.5337678313010037,0.5303536112497789,L325311,1,127.5,True,1.9523809523809523,0.5650167681346661,0.557465417214108,3.680151706700379,0.30158777497594275,0.2956537971663668,,,True,False,False,False,-1.0,0
2025-01-07,2024-25,L325333,-1,156.5,True,1.8695652173913042,0.5718632551017794,0.5681146367517939,L325331,1,126.5,False,1.4059205605158065,0.7006922167102076,0.6938883745389041,2.628460178355638,0.40070013187238074,0.39420814184746217,0.0532243400884056,0.03616040282962496,True,False,False,False,-1.0,0
2025-01-08,2024-25,L325345,1,133.5,False,1.7580408796707796,0.5929181380678966,0.5822744233044391,L325346,-1,153.5,False,1.4244304262249945,0.710687433041414,0.7041397884035179,2.5042069195504126,0.42137946954716815,0.4100025892183682,0.055221383396500956,0.026731320954223037,False,True,False,False,-1.0,0
2025-01-09,2024-25,L325414,1,143.5,True,1.8849557522123894,0.5929081044759039,0.5895634167457865,L325395,1,139.5,False,1.4059205605158065,0.7062899183881282,0.6985938900465927,2.650098047697936,0.41876501672194594,0.41186540073359945,0.10976835325902234,0.09148369439844006,False,True,False,False,-1.0,0
2025-01-10,2024-25,L325439,1,125.5,True,1.8695652173913042,0.5617073441669762,0.5582046718194977,L325442,1,112.5,False,1.4059205605158065,0.7099650004406942,0.7038717664243571,2.628460178355638,0.39879255484904846,0.3929045083799184,0.04821034984543049,0.032733854173014665,True,True,False,False,1.6284601783556378,1
2025-01-11,2024-25,L325549,1,132.5,True,1.8695652173913042,0.6302587760241578,0.6227910370128262,L325538,1,120.5,False,1.4059205605158065,0.72995553548398,0.720351770194638,2.628460178355638,0.4600608823461919,0.4486286259735437,0.20925170886612388,0.17920247824186553,True,True,False,False,1.6284601783556378,1
2025-01-12,2024-25,L325511,1,132.5,False,1.7369040693714335,0.5908749641681859,0.5814910670864574,L325583,1,121.5,False,1.4598259158605011,0.6867388064831456,0.6795545537041364,2.535577573831984,0.40577676767363136,0.3951549025768796,0.02887847209529082,0.0019459091636986336,True,False,False,False,-1.0,0
2025-01-13,2024-25,L318281,1,139.5,True,1.8695652173913042,0.5899803358923851,0.5831466750377542,L318491,1,126.5,False,1.4059205605158065,0.7086218534542477,0.7015320705543515,2.628460178355638,0.4180729591216215,0.40909609437612127,0.09888812469848651,0.07529279318845461,True,True,False,False,1.6284601783556378,1
2025-01-14,2024-25,L325631,1,143.5,True,1.8695652173913042,0.5710269507352213,0.5692054637622468,L325639,1,124.5,False,1.4059205605158065,0.6967508628707677,0.6907956676230677,2.628460178355638,0.39786352064722874,0.3932046683543391,0.045768420441616886,0.033522812712915684,False,True,False,False,-1.0,0
2025-01-15,2024-25,L325673,1,132.5,True,1.8695652173913042,0.5880515264618081,0.5809628566440053,L325674,1,115.5,False,1.4059205605158065,0.7324048793357304,0.7236136399494492,2.628460178355638,0.4306918072814527,0.42039264737159865,0.13205626458331898,0.1049853328897512,False,True,False,False,-1.0,0
2025-01-16,2024-25,L325714,1,122.5,True,1.8695652173913042,0.6114175304532491,0.600493007216213,L325725,1,129.5,False,1.4059205605158065,0.7165513378653116,0.707539661918752,2.628460178355638,0.4381120494405805,0.42487261931033404,0.1515600756123423,0.11676076073086761,True,True,False,False,1.6284601783556378,1
2025-01-17,2024-25,L325746,1,142.0,True,1.9090909090909092,0.560464870500094,0.5533430823988689,L325743,-1,142.0,True,1.8695652173913042,0.5232733320952203,0.5195693995017489,3.569169960474308,0.29327632030890033,0.28750013304042704,,,True,False,False,False,-1.0,0
2025-01-18,2024-25,L325766,1,132.5,True,1.8695652173913042,0.6297409726912376,0.6254826798606004,L325824,1,127.5,False,1.4059205605158065,0.727054224506372,0.7169203662673336,2.628460178355638,0.4578558345399162,0.44842127193953496,0.20345582851595756,0.17865745642065223,True,True,False,False,1.6284601783556378,1
2025-01-19,2024-25,L325870,1,153.5,True,1.8695652173913042,0.5691517176514377,0.5668864109378091,L317950,1,130.5,False,1.4322063508826248,0.6978310260278148,0.6903562618746161,2.677603177737081,0.3971717270941959,0.39135358356254335,0.06346827857474358,0.047889598965860536,True,True,False,False,1.677603177737081,1
2025-01-20,2024-25,L317965,1,138.5,True,1.8695652173913042,0.5927035754926582,0.5820397982327088,L318310,1,116.5,False,1.4322063508826248,0.727484146879516,0.71735706765596,2.677603177737081,0.43118245496971525,0.4175303629192826,0.15453551161138557,0.11798062655438746,True,False,False,False,-1.0,0
2025-01-21,2024-25,L325928,1,131.5,True,1.8695652173913042,0.6028613293868571,0.5963567146707996,L325918,-1,140.5,False,1.4000323798474368,0.6942035915498392,0.6911868932597911,2.617451840584338,0.41850850006686685,0.4121939448879257,0.09542584380021135,0.0788977997246203,False,False,False,False,-1.0,0
2025-01-22,2024-25,L325943,-1,148.5,False,1.665580198397714,0.6162647854169742,0.6086661231184001,L325953,1,132.5,False,1.519319675912222,0.6570220911102247,0.6496945353638444,2.5305487672354294,0.4048995779922543,0.3954470540511214,0.024618127942444668,0.0006980551359476728,False,True,False,False,-1.0,0
2025-01-23,2024-25,L326003,-1,175.5,True,1.847457627118644,0.5806416051741224,0.575273781220149,L325997,1,130.5,False,1.4059205605158065,0.7181754856068261,0.7088472374477224,2.597378662647846,0.41700256675945235,0.4077812305940081,0.08311356917038548,0.05916226737315755,False,True,False,False,-1.0,0
2025-01-24,2024-25,L326032,-1,171.5,True,1.8849557522123894,0.5839757319995539,0.5796568393183845,L326029,1,122.5,False,1.4059205605158065,0.7038868836332557,0.697157330989706,2.650098047697936,0.4110528581146153,0.40411201498913385,0.08933037679019873,0.07093646197398273,True,True,False,False,1.650098047697936,1
2025-01-25,2024-25,L326102,1,140.5,True,1.8695652173913042,0.6133868314843078,0.6078328855055631,L326061,1,135.5,False,1.4059205605158065,0.7261960925383716,0.7162599660639983,2.628460178355638,0.44543912023839694,0.43536636194479683,0.17081898942839535,0.14434314536746617,True,False,False,False,-1.0,0
2025-01-26,2024-25,L326170,1,127.5,True,1.8695652173913042,0.5814210466239199,0.573499299046489,L326173,-1,144.5,False,1.4000323798474368,0.6908125502817392,0.687851940588835,2.617451840584338,0.4016529560057481,0.39448260577546407,0.051307268973385334,0.03253922256549413,True,True,False,False,1.617451840584338,1
2025-01-27,2024-25,L326185,1,129.5,True,1.8695652173913042,0.5716732664816803,0.5650569898730285,L326188,-1,147.5,False,1.4000323798474368,0.6975495189274175,0.6933189094293652,2.617451840584338,0.3987704120179614,0.39176469598420804,0.04376234890698805,0.025425224579828987,False,False,False,False,-1.0,0
2025-01-28,2024-25,L326212,-1,152.5,True,1.8547008547008548,0.6880158399451876,0.6853932686190783,L318405,-1,140.5,False,1.4000323798474368,0.6904136476372477,0.6876773606587673,2.5966412515119126,0.4750155256887617,0.4713294339772533,0.2334449091120554,0.22387345131709657,True,True,False,False,1.5966412515119126,1
2025-01-29,2024-25,L326255,1,141.5,True,1.8771929824561404,0.5659644766647637,0.5599168523390572,L326236,1,116.5,False,1.4059205605158065,0.7157465100943428,0.7085236570954575,2.6391842100910754,0.4050870990101757,0.3967143358886461,0.06909947541925576,0.04700221119408199,True,False,False,False,-1.0,0
2025-01-30,2024-25,L326285,1,121.5,False,1.5849357646084612,0.6550016025369627,0.6448611846984957,L326273,1,126.5,False,1.5849357646084612,0.6508719216044638,0.6410905893271154,2.5120213779350076,0.4263221516972362,0.41341443693254043,0.07093035895070843,0.038505903521505624,False,False,False,False,-1.0,0
2025-01-31,2024-25,L326326,1,124.5,True,1.8695652173913042,0.5751659736419564,0.5690726730079102,L326328,1,138.5,False,1.4189005483804118,0.6985502802690253,0.6913567878627587,2.6527271121894653,0.4017823520887955,0.39343225527122283,0.06581893858520149,0.04366841036781954,True,True,False,False,1.6527271121894653,1
2025-02-01,2024-25,L326449,1,147.5,True,1.8849557522123894,0.7466600948926224,0.7437695406458096,L326453,1,126.5,False,1.4059205605158065,0.7310601943292718,0.7212143320872585,2.650098047697936,0.5458534740701131,0.5364172524837146,0.4465652259623425,0.42155831355858275,False,True,False,False,-1.0,0
2025-02-02,2024-25,L326458,1,138.5,True,1.8695652173913042,0.5713897891835671,0.5680672520111761,L326464,1,119.5,False,1.4059205605158065,0.6946673742847873,0.6891005023045067,2.628460178355638,0.39692584454528673,0.39145542870364225,0.04330377614746661,0.028925005948658322,True,True,False,False,1.6284601783556378,1
2025-02-03,2024-25,L326477,1,139.5,True,1.8771929824561404,0.5983620910433205,0.5894987139211653,L326484,-1,161.5,False,1.4000323798474368,0.7087088828496195,0.7024857120110628,2.628130958660978,0.424064529082874,0.4141144237785156,0.11449711735268986,0.08834693756036849,True,True,False,False,1.6281309586609778,1
2025-02-04,2024-25,L317953,-1,159.5,True,1.8771929824561404,0.5536438722641636,0.552126560024592,L326503,-1,129.5,False,1.4000323798474368,0.6994395998924883,0.6963837597316096,2.628130958660978,0.38724044849937445,0.38449196971760563,0.017718611146968044,0.010495248971378546,True,True,False,False,1.6281309586609778,1
2025-02-05,2024-25,L326561,1,140.5,True,1.8695652173913042,0.5998358262547939,0.5958694474191492,L326539,-1,152.5,False,1.4000323798474368,0.7105620954188853,0.7054725223486775,2.617451840584338,0.4262206016109248,0.42036952206129985,0.1156118981814791,0.10029697924490777,True,False,False,False,-1.0,0
2025-02-06,2024-25,L326583,1,129.5,True,1.7092198581560285,0.8726943729066484,0.8700132366917105,L326577,1,114.5,False,1.4741553415289943,0.6732076866447775,0.6667868263810348,2.5196555837481394,0.5875045599323996,0.5801133650031577,0.48030914491116383,0.4616858793371288,True,False,False,False,-1.0,0
2025-02-07,2024-25,L326624,-1,147.5,True,1.9090909090909092,0.5311437937723984,0.5263349427559747,L326625,-1,139.5,True,1.9090909090909092,0.5119417871624248,0.5097990533084092,3.6446280991735542,0.271914703024072,0.2683250555401317,,,False,False,False,False,-1.0,0
2025-02-08,2024-25,L326661,1,153.5,True,1.8695652173913042,0.61655673625726,0.6127810933560729,L318177,1,131.5,False,1.4189005483804118,0.7176770315357716,0.7080089229502577,2.6527271121894653,0.442488608250494,0.43385448191131454,0.1738015279410685,0.15089754691105783,True,True,False,False,1.6527271121894653,1
2025-02-10,2024-25,L318414,1,125.5,True,1.8928571428571428,0.537528702972585,0.5337667164076655,L326768,1,141.5,True,1.8928571428571428,0.5354356941563219,0.5317871422811865,3.582908163265306,0.28781205420507344,0.2838502767632449,0.031204158497514234,0.01700947376014672,False,True,False,False,-1.0,0
2025-02-11,2024-25,L326787,1,130.5,True,1.8695652173913042,0.5553878955128659,0.5508877734206289,L326777,-1,163.5,False,1.630445751861036,0.6002255713672011,0.595807699912709,3.048224666522806,0.33335801691463735,0.32822317719177846,0.016150129942324343,0.0004979848404647047,True,False,False,False,-1.0,0
2025-02-12,2024-25,L326817,1,139.5,True,1.8695652173913042,0.5696173148468868,0.5612617877645824,L326841,-1,131.5,False,1.4000323798474368,0.7085417659154842,0.7048070662901146,2.617451840584338,0.4035976581576496,0.39558127405510024,0.056397433200268354,0.03541493387621952,True,False,False,False,-1.0,0
2025-02-13,2024-25,L326848,1,147.5,True,1.8695652173913042,0.5990261465101802,0.5903144805597299,L326876,1,132.5,False,1.4189005483804118,0.7117761491670428,0.7025459098002642,2.6527271121894653,0.4263725238133888,0.41472302381310583,0.1310499538124248,0.10014700931822307,True,True,False,False,1.6527271121894653,1
2025-02-14,2024-25,L326908,1,153.5,True,1.8695652173913042,0.5424319221542643,0.5393695848857744,L326921,1,143.5,True,1.8928571428571428,0.5345707782094131,0.5325676922310241,3.5388198757763973,0.28996825475163285,0.2872508150822223,0.026145423259271938,0.01652889374593869,True,True,False,False,2.5388198757763973,1
2025-02-15,2024-25,L326996,1,138.5,True,1.8771929824561404,0.6456149529657332,0.6419500674508394,L326916,1,126.5,False,1.4059205605158065,0.7070078811909147,0.6997735470537032,2.6391842100910754,0.4564548599614751,0.4492196757314379,0.20466845902965836,0.18557347505264388,True,False,False,False,-1.0,0
2025-02-16,2024-25,L327056,1,140.5,True,1.9090909090909092,0.5825316915756616,0.5742539459165432,L327042,1,158.5,True,1.8695652173913042,0.5306438051555941,0.5282757143045187,3.569169960474308,0.30911683344143404,0.3033644134712503,,,True,True,False,False,2.569169960474308,1
2025-02-17,2024-25,L327068,1,137.5,True,1.8695652173913042,0.5373534671540311,0.5351130318392971,L318025,1,140.5,True,1.9090909090909092,0.5550470888862755,0.5468776680968543,3.569169960474308,0.2982564776467918,0.2926413670205126,,,True,False,False,False,-1.0,0
2025-02-18,2024-25,L327079,-1,140.5,True,1.8695652173913042,0.5564478956545742,0.5518337710013627,L327103,1,127.5,False,1.4059205605158065,0.7001395907747351,0.6940395573624376,2.628460178355638,0.38959120195105607,0.3829944661634305,0.02402496016606026,0.006685702841152885,True,True,False,False,1.6284601783556378,1
2025-02-19,2024-25,L327151,1,141.5,True,1.8695652173913042,0.5735732851336249,0.5665173670951866,L327153,1,132.5,False,1.4059205605158065,0.7004713822648272,0.6947442496940329,2.628460178355638,0.4017716718677281,0.39358468314118444,0.05604084029569156,0.034521666447324906,False,True,False,False,-1.0,0
2025-02-20,2024-25,L327175,1,132.5,True,1.8695652173913042,0.5988288199500751,0.590313934590781,L327170,1,131.5,False,1.4059205605158065,0.7020769952872519,0.6953077641905392,2.628460178355638,0.4204239386019595,0.4104498620308361,0.1050675806426864,0.07885111755961849,False,True,False,False,-1.0,0
2025-02-21,2024-25,L327263,1,142.5,True,1.8695652173913042,0.5311972288349653,0.5295625565646551,L327239,-1,158.5,True,1.9523809523809523,0.5287712684239391,0.5251491955975316,3.6501035196687366,0.28088183247434606,0.27809935059850094,,,True,True,False,False,2.6501035196687366,1
2025-02-22,2024-25,L327222,1,141.5,True,1.8695652173913042,0.6322345547118537,0.6257207663954667,L318122,1,129.5,False,1.4458455568214892,0.7027968040797886,0.6943041125686115,2.7031025627532186,0.4443324244802991,0.4344405014279559,0.2010761153270475,0.17433723277370117,True,False,False,False,-1.0,0
2025-02-23,2024-25,L327357,1,143.5,True,1.8928571428571428,0.5628752340537562,0.5571747171341935,L318210,-1,132.5,False,1.4370589418545276,0.6925189901953785,0.6885349357137233,2.72014728279607,0.38980178869289456,0.38363425804330387,0.060318276342025134,0.04354168460397956,False,True,False,False,-1.0,0
2025-02-25,2024-25,L327410,1,161.5,True,1.8928571428571428,0.546557675078147,0.5451363449727259,L327401,-1,153.5,False,1.4000323798474368,0.6999634908003451,0.6955778372900422,2.6500612904255054,0.38257041817142057,0.37918475986432704,0.013835056057979855,0.004862854035743824,True,False,False,False,-1.0,0
2025-02-26,2024-25,L327453,1,140.5,True,1.8695652173913042,0.5647663051857467,0.5580133031913586,L327412,1,124.5,False,1.4059205605158065,0.7009690063452075,0.6946674127851304,2.628460178355638,0.3958836757633071,0.38763365762762564,0.04056447700490784,0.018879632864557294,False,True,False,False,-1.0,0
2025-02-27,2024-25,L327474,1,113.5,True,1.8695652173913042,0.6046109470863666,0.5958261156815986,L327472,1,121.5,False,1.4059205605158065,0.7173420486200212,0.7096754516552805,2.628460178355638,0.43371285540102544,0.4228431677543499,0.13999696926251248,0.11142642813206138,False,True,False,False,-1.0,0
2025-02-28,2024-25,L327520,1,139.5,True,1.8849557522123894,0.5575563962546002,0.5535264438775748,L327526,-1,147.5,False,1.4000323798474368,0.7014147140327933,0.6973295417643461,2.638999087677027,0.39107826023607517,0.3859903414635973,0.032055171973321306,0.018628158974577147,False,True,False,False,-1.0,0
2025-03-01,2024-25,L327539,1,136.5,True,1.8849557522123894,0.6073882945037083,0.6039205976995733,L327569,1,126.5,False,1.4059205605158065,0.7277615407713849,0.7188839474463733,2.650098047697936,0.4420338410545225,0.4341488232184424,0.17143301919500997,0.15053694882155044,False,True,False,False,-1.0,0
2025-03-02,2024-25,L327657,1,139.5,True,1.8695652173913042,0.5622730596063739,0.5566952480452315,L318167,-1,126.5,False,1.4000323798474368,0.700522728785038,0.6978047252977169,2.617451840584338,0.3938850580377693,0.3884645746367471,0.03097517013962814,0.016787315884765563,False,False,False,False,-1.0,0
2025-03-03,2024-25,L356076,1,141.5,True,1.8695652173913042,0.5570377183409303,0.5522457545306613,L327671,-1,140.5,False,1.4000323798474368,0.7013406941394827,0.6979607077765001,2.617451840584338,0.39067322004310173,0.38544583769878765,0.02256833886882692,0.008885917330263782,True,True,False,False,1.617451840584338,1
2025-03-04,2024-25,L327688,1,150.5,True,1.8771929824561404,0.5602396524094139,0.5531663603385287,L327691,-1,160.5,False,1.4000323798474368,0.7029859300800356,0.6981237406372798,2.628130958660978,0.3938405931167477,0.38617856867424305,0.03506465554752625,0.014927851904162681,False,False,False,False,-1.0,0
2025-03-05,2024-25,L327733,1,137.5,True,1.8928571428571428,0.5513551982130944,0.5472486748246381,L356061,1,122.5,False,1.4059205605158065,0.7201820212622361,0.7119137341296826,2.661206775262062,0.39707610108254715,0.38959384759192855,0.05670161049551803,0.03678978681205547,True,True,False,False,1.661206775262062,1
2025-03-06,2024-25,L317949,1,132.5,True,1.8695652173913042,0.5712561295396362,0.5636876267739059,L327754,1,138.5,False,1.4059205605158065,0.7010811269001591,0.6934752576301738,2.628460178355638,0.40049689104627145,0.3909034221999757,0.05269012967036124,0.027474078835577398,True,True,False,False,1.6284601783556378,1
2025-03-07,2024-25,L355025,-1,163.5,False,1.8016738978608373,0.585610901711389,0.5757803747266281,L355040,-1,139.5,False,1.4000323798474368,0.711612149759681,0.7068997090535671,2.522401794931116,0.4167278326895468,0.4070189793730073,0.051155033173866604,0.026665404141504423,True,False,False,False,-1.0,0
2025-03-08,2024-25,L327778,1,144.5,True,1.8695652173913042,0.5872956752588283,0.5816026509252159,L356108,1,122.5,False,1.4059205605158065,0.7244249827807432,0.7157499772866464,2.628460178355638,0.42545165943658164,0.4162820841895766,0.11828274464437949,0.0941808812551912,False,True,False,False,-1.0,0
2025-03-09,2024-25,L327833,1,143.5,True,1.8849557522123894,0.7843837412080155,0.7805777086699863,L355031,-1,146.5,False,1.4000323798474368,0.6980943082223815,0.6944030117213956,2.638999087677027,0.547573825199493,0.5420355117830247,0.4450468251372821,0.43043122108395226,True,True,False,False,1.638999087677027,1
2025-03-10,2024-25,L354969,1,138.5,True,1.8695652173913042,0.5420660842418443,0.5383401862477163,L356154,1,135.5,True,1.8928571428571428,0.5334791854280676,0.5310829660966699,3.5388198757763973,0.2891809730695214,0.28590330288147087,0.023359375194781373,0.011760290787068417,True,False,False,False,-1.0,0
2025-03-11,2024-25,L355075,1,137.5,True,1.8695652173913042,0.5805180189613381,0.5757059672828011,L356166,1,128.5,False,1.4059205605158065,0.6952506974182905,0.6896402900653097,2.628460178355638,0.4036055575467547,0.39703003026924066,0.06086113577466978,0.04357762417403266,True,False,False,False,-1.0,0
2025-03-12,2024-25,L355112,1,128.5,True,1.8695652173913042,0.5660757209302709,0.562904409918658,L355116,-1,161.5,False,1.4000323798474368,0.6956164178761945,0.690684421134518,2.617451840584338,0.3937715652401994,0.3887893065187357,0.030678108207735644,0.017637285946973336,False,False,False,False,-1.0,0
2025-03-13,2024-25,L356185,1,142.5,True,1.8695652173913042,0.5477113441646714,0.5432854903626905,L356198,-1,146.5,False,1.4000323798474368,0.7108992334324131,0.7056235913307438,2.617451840584338,0.3893675747089015,0.38335505882760584,0.019150875085673924,0.003413404325634195,True,True,False,False,1.617451840584338,1
2025-03-14,2024-25,L356233,1,149.5,True,1.8928571428571428,0.6162786997127216,0.6140824502461454,L356234,-1,148.5,False,1.4000323798474368,0.6966744703806868,0.6923752641665915,2.6500612904255054,0.42934563672925863,0.42517549870924265,0.13779225210929935,0.12674113076672344,False,False,False,False,-1.0,0
2025-03-15,2024-25,L356267,1,135.5,True,1.8695652173913042,0.568553436724391,0.5654054761420783,L356276,-1,146.5,False,1.4000323798474368,0.7163086319799254,0.7105013634267893,2.617451840584338,0.4072597344675336,0.40172136168791955,0.06598274157793438,0.051486317552091654,False,True,False,False,-1.0,0
2025-03-16,2024-25,L356282,1,141.5,True,1.8695652173913042,0.5329532561215131,0.5311195861120785,L356278,-1,161.0,True,1.9090909090909092,0.5243364191565847,0.5204836887829506,3.569169960474308,0.27944680189259635,0.27643908136448864,,,True,False,False,False,-1.0,0
2025-03-18,2024-25,L356321,1,149.5,True,1.8695652173913042,0.5639241823006688,0.558814959321978,L356324,1,125.5,False,1.4322063508826248,0.6739326706656027,0.6692211287849059,2.677603177737081,0.3800469302308059,0.3739707778593454,0.017614868075228607,0.0013453431769911983,True,True,False,False,1.677603177737081,1
2025-03-19,2024-25,L356313,-1,128.5,True,1.8928571428571428,0.5780744984623709,0.575255944629472,L356319,-1,156.5,False,1.4000323798474368,0.6961246390007508,0.6916792756851687,2.6500612904255054,0.40241190155765805,0.39789261511490076,0.06641620312446861,0.054439817062172935,False,False,False,False,-1.0,0
2025-03-20,2024-25,L356294,-1,144.5,True,1.8333333333333335,0.5666820371846317,0.5605165017540116,L356292,-1,160.5,False,1.4244304262249945,0.7031815317809333,0.6969340181353308,2.61145578141249,0.39848034294022916,0.3906430177985825,0.040613795350493254,0.020146967298530605,True,True,False,False,1.6114557814124901,1
2025-03-21,2024-25,L356354,-1,156.5,True,1.8695652173913042,0.5407183479321662,0.5370207743131135,L356288,1,151.5,True,1.8695652173913042,0.5385176071939441,0.5335337129674296,3.4952741020793945,0.29118635089429273,0.28651868765991945,0.01777611115982447,0.0014613487394914415,True,False,False,False,-1.0,0
2025-03-22,2024-25,L356456,-1,133.5,True,1.8771929824561404,0.5377855883738728,0.5347354753912658,L356454,1,142.5,False,1.7369040693714335,0.5821826763349307,0.5739001479038707,3.2605041302235684,0.31308945313385667,0.30688476841649404,0.02082945507237821,0.0005990549246821519,True,False,False,False,-1.0,0
2025-03-23,2024-25,L355467,-1,140.5,True,1.8695652173913042,0.5493359807417041,0.547881942986696,L356426,1,133.5,False,1.519319675912222,0.6492421086892666,0.642729619263908,2.840467220183719,0.3566520505156303,0.3521399526174093,0.013058458500955883,0.00024199232679933402,False,False,False,False,-1.0,0
2025-03-24,2024-25,L356468,-1,151.5,True,1.8849557522123894,0.541118595039142,0.5349052018830296,L356311,-1,146.5,False,1.4000323798474368,0.7163899352913738,0.7109142851578283,2.638999087677027,0.38765191528505005,0.3802717492238778,0.023013050773499355,0.0035367992711605734,True,False,False,False,-1.0,0
2025-03-25,2024-25,L356518,-1,149.5,True,1.8928571428571428,0.5953519472519077,0.585370600597023,L356551,-1,146.5,False,1.4000323798474368,0.7083167962153935,0.7033573695975741,2.6500612904255054,0.42169778389806717,0.4117247258756742,0.11752497336648782,0.09109575835417671,False,True,False,False,-1.0,0
2025-03-26,2024-25,L356584,-1,141.5,True,1.9090909090909092,0.5449871456714456,0.5382294258889763,L356488,-1,159.5,True,1.9523809523809523,0.5179939633326683,0.5165509732344897,3.7272727272727275,0.28230005155171034,0.27802293376639137,,,False,True,False,False,-1.0,0
2025-03-27,2024-25,L356471,-1,175.0,True,1.9090909090909092,0.5112627120305014,0.509210655257433,L356474,-1,153.5,True,1.9345794392523366,0.5036626290704681,0.5025466614273645,3.6932880203908245,0.25750392168698,0.2559021147628636,,,False,False,False,False,-1.0,0
2025-03-28,2024-25,L356466,1,150.5,True,1.8695652173913042,0.5609761320320618,0.5570766706729816,L356467,-1,139.5,False,1.4000323798474368,0.7031147405286496,0.699352926798592,2.617451840584338,0.39443058751648863,0.38959320008636505,0.03240306727779485,0.019741438645198395,False,True,False,False,-1.0,0
2025-03-29,2024-25,L356619,-1,174.0,True,1.9090909090909092,0.5220169824264341,0.5184886181919239,L356620,-1,157.0,True,1.9090909090909092,0.5131472059032873,0.5108422021711524,3.6446280991735542,0.2678715559661901,0.26486586751784025,,,True,False,False,False,-1.0,0
2025-03-30,2024-25,L356651,-1,124.5,True,1.8849557522123894,0.525385472487434,0.5242605935694697,L356650,-1,149.5,True,1.9090909090909092,0.5289992594194577,0.5253535129548054,3.598551890587289,0.2779285258555944,0.27542214453549235,,,True,True,False,False,2.598551890587289,1
2025-03-31,2024-25,L355431,-1,143.0,True,1.9090909090909092,0.5491524023606912,0.5454129767252978,L355430,-1,159.0,True,1.9174311926605505,0.5224724852910931,0.5188805052767286,3.6605504587155964,0.2869170204649647,0.2830041609477071,,,False,False,False,False,-1.0,0
2025-04-01,2024-25,L355432,-1,154.5,True,1.8928571428571428,0.5357958524568568,0.533584702419108,L355435,-1,159.5,True,1.8695652173913042,0.5315195100289727,0.5297248541630395,3.5388198757763973,0.28478594897342424,0.2826530786725908,0.007806176568996737,0.0002583327559542159,True,True,False,False,2.5388198757763973,1
2025-04-03,2024-25,L356721,-1,150.5,False,1.8667774361340288,0.5551905316359201,0.5470010338289704,L356718,-1,155.5,True,1.8928571428571428,0.5190435301475115,0.517907054194065,3.53354300411084,0.28816805344478164,0.28329569407147015,0.018254209258046883,0.001037517880968064,True,False,False,False,-1.0,0
2025-04-05,2024-25,L356722,-1,155.5,True,1.9090909090909092,0.5433843400037252,0.5385517038744784,L356815,-1,156.5,True,1.925925925925926,0.5402478827757196,0.5374177566149597,3.6767676767676774,0.29356223922049424,0.28942724851738627,,,True,False,False,False,-1.0,0
2025-11-12,2025-26,L367783,-1,160.5,True,1.8928571428571428,0.5745593194702172,0.5670756156035306,L365475,-1,147.5,False,1.4471173636351506,0.6808485820602057,0.6760537753695217,2.739186438309392,0.39118789797077413,0.38337361084876254,0.07153658495230286,0.050131795642632815,True,True,False,False,1.739186438309392,1
2025-11-13,2025-26,L371525,-1,159.5,False,1.7012703143312926,0.6584173743862631,0.6397982557939279,L365494,-1,138.5,False,1.502169778137477,0.7012326398953516,0.690855660414381,2.5555968506309137,0.4617037535938453,0.4420082465384831,0.17992865860890217,0.12959488280663956,True,True,False,False,1.5555968506309137,1
2025-11-14,2025-26,L365530,-1,168.5,True,1.8928571428571428,0.9574011068158355,0.9542415156689746,L370333,-1,137.5,False,1.4471173636351506,0.730645462964096,0.7207451516166454,2.739186438309392,0.6995207749317941,0.6877649458897327,0.9161178200088469,0.8839164125257486,True,True,False,False,1.739186438309392,1
2025-11-15,2025-26,L367763,-1,157.5,True,1.8547008547008548,0.7604183454866928,0.7534234260960103,L365541,-1,152.5,False,1.4471173636351506,0.7382735230132934,0.7261726590160192,2.6839698111865617,0.5613967308864004,0.5471154926930991,0.5067718777979249,0.46844146562073985,True,True,False,False,1.6839698111865617,1
2025-11-16,2025-26,L366738,-1,161.5,True,1.8695652173913042,0.6742521707383597,0.6701502256949402,L366739,-1,150.5,False,1.409065842960073,0.7151189714870025,0.7083962971305031,2.6343404890123105,0.48217051886129464,0.47473193840346656,0.2702013204443825,0.25060556676355006,False,False,False,False,-1.0,0
2025-11-17,2025-26,L365611,-1,166.5,True,1.8695652173913042,0.6192059345078303,0.6044274813652145,L365598,-1,161.5,False,1.4214544007100345,0.723229874903036,0.7141993745040767,2.6575017056752817,0.44782823055331566,0.4316817291241107,0.1901042865449798,0.1471949314561789,False,True,False,False,-1.0,0
2025-11-18,2025-26,L365622,-1,146.5,True,1.8333333333333335,0.6410414019365775,0.6355200943425753,L365623,-1,158.5,False,1.4214544007100345,0.7348606221745702,0.7232706868746546,2.6059997346350636,0.4710760834667721,0.4596530551577997,0.22762414850733315,0.19785573976542215,True,True,False,False,1.6059997346350636,1
2025-11-19,2025-26,L366758,1,151.5,True,1.8547008547008548,0.631521792869332,0.6261240615894086,L365670,-1,169.5,False,1.4214544007100345,0.7154209317160224,0.7054981610789219,2.6363726919151924,0.45180390945355037,0.4417293740585934,0.19112348898386444,0.16456325898486668,True,True,False,False,1.6363726919151924,1
2025-11-20,2025-26,L366776,-1,165.5,True,1.8620689655172413,0.6509150857224355,0.640692272453214,L367515,-1,155.5,False,1.4471173636351506,0.7137858328529674,0.7045164889626581,2.6946323322861425,0.46461396657894927,0.4513782702942451,0.25196381637535015,0.21629848122626627,False,True,False,False,-1.0,0
2025-11-21,2025-26,L366780,1,150.5,True,1.8928571428571428,0.9211006455412121,0.9185103339206454,L366792,-1,150.5,False,1.4214544007100345,0.7154688632345485,0.706617344057962,2.690610115629708,0.6590188317899798,0.6490353326447982,0.7731627352045927,0.7463010314151868,True,True,False,False,1.690610115629708,1
2025-11-22,2025-26,L366799,1,154.5,True,1.8333333333333335,0.6747589124965144,0.6723898368792998,L365737,-1,150.5,False,1.4214544007100345,0.718120404219611,0.7090338984551624,2.6059997346350636,0.48455814299278205,0.47674718732416066,0.2627583920544492,0.2424030436547755,True,True,False,False,1.6059997346350636,1
2025-11-23,2025-26,L365765,1,156.5,True,1.8547008547008548,0.8906985122978586,0.8832049875288841,L367522,1,145.0,True,1.8620689655172413,0.8352433929166909,0.829867431807168,3.453580901856764,0.7439500474775124,0.732943054759877,1.5692916759037696,1.5312781360672671,True,False,False,False,-1.0,0
2025-11-24,2025-26,L367796,1,145.5,True,1.8620689655172413,0.8360969607406872,0.8332398075570716,L367850,-1,164.5,False,1.4471173636351506,0.7008285905325035,0.6933692612176416,2.6946323322861425,0.5859606545444057,0.5777428697829766,0.5789485251829065,0.5568046166649914,True,False,False,False,-1.0,0
2025-11-25,2025-26,L365784,-1,160.5,True,1.8333333333333335,0.6610513572286391,0.6583321054041514,L366859,-1,152.5,False,1.4471173636351506,0.7289645088359565,0.7169800846486305,2.6530484999977766,0.48188297793751733,0.4720110086595796,0.2784589117915919,0.25226809850673515,True,True,False,False,1.6530484999977766,1
2025-11-26,2025-26,L366875,-1,145.0,True,1.8620689655172413,0.5992310497113156,0.5973540094516564,L372614,-1,155.5,False,1.4214544007100345,0.7208835711773324,0.7115525078134549,2.646846125460064,0.4319758190762348,0.42504874347774835,0.14337352301436979,0.12503861980574715,True,True,False,False,1.6468461254600641,1
2025-11-27,2025-26,L372626,-1,144.5,True,1.8620689655172413,0.5679404760454788,0.5600559865973203,L372622,-1,151.5,False,1.4471173636351506,0.6982366381120256,0.6911200411337466,2.6946323322861425,0.39655684864173857,0.387065916494341,0.06857490593953086,0.04300033331161934,False,True,False,False,-1.0,0
2025-11-28,2025-26,L366899,-1,154.5,False,1.4740046273823653,0.689594856757579,0.6812156512711748,L365839,-1,150.5,False,1.7012703143312926,0.6069601139659981,0.5968893503781012,2.507680315752576,0.41855657284794634,0.40661036755464663,0.04960607875965439,0.0196488148977072,True,True,False,False,1.5076803157525762,1
2025-11-29,2025-26,L365858,-1,142.5,True,1.8695652173913042,0.6468715144224786,0.6417738648180178,L365861,-1,149.5,False,1.4471173636351506,0.7152758845475653,0.7055962731264848,2.7054802885352816,0.46269159466716153,0.4528332472055738,0.2518029890429616,0.22513142430810396,True,True,False,False,1.7054802885352816,1
2025-11-30,2025-26,L367529,-1,155.5,False,1.628755850131018,0.64242582579823,0.6310123391310739,L365884,-1,131.5,False,1.5625586402931557,0.6526545905144049,0.6457284091330737,2.5450265265502465,0.41928216427222226,0.407462593890448,0.06708423018220366,0.03700311002816048,True,True,False,False,1.5450265265502465,1
2025-12-01,2025-26,L365895,-1,153.5,False,1.628755850131018,0.6406031081047929,0.6300538332680087,L365893,-1,153.5,False,1.5625586402931557,0.6499933614648251,0.6423121059715198,2.5450265265502465,0.4163877676018491,0.40469120452180346,0.05971791387774528,0.029949850569560788,True,True,False,False,1.5450265265502465,1
2025-12-02,2025-26,L365909,1,144.5,True,1.8333333333333335,0.6919800949779691,0.6867285300833176,L365907,-1,153.5,False,1.4214544007100345,0.7206384420635846,0.7117327921302844,2.6059997346350636,0.49866745758393494,0.48876721415172564,0.29952726213487635,0.2737272303777163,True,True,False,False,1.6059997346350636,1
2025-12-03,2025-26,L365929,1,145.5,True,1.8695652173913042,0.5745457553563058,0.5729300455581722,L365930,-1,152.5,False,1.4214544007100345,0.7050621873921229,0.6980510926593113,2.6575017056752817,0.40509048702837647,0.3999344443192311,0.07652866023074112,0.06282646793665259,True,True,False,False,1.6575017056752817,1
2025-12-04,2025-26,L363251,-1,149.5,False,1.628755850131018,0.6456765327227655,0.6346410956430186,L370862,-1,146.5,False,1.5625586402931557,0.6550752595336189,0.6475113525786108,2.5450265265502465,0.42296672224813275,0.4109373142417825,0.07646152796950823,0.04584636549465082,False,True,False,False,-1.0,0
2025-12-05,2025-26,L364428,-1,163.5,True,1.8771929824561404,0.6136443522874838,0.6097458703046691,L364425,-1,137.5,False,1.4471173636351506,0.7149970212038643,0.7076403702343861,2.7165185598063357,0.4387538839641257,0.431480793411284,0.19188306897566254,0.17212558350171614,True,True,False,False,1.7165185598063357,1
2025-12-06,2025-26,L366020,-1,154.5,False,1.7012703143312926,0.6107471950249006,0.5999846634580239,L366033,-1,152.5,False,1.4740046273823653,0.6926586441391379,0.6840511038491668,2.507680315752576,0.4230393240177293,0.4104201713310321,0.060847385628535866,0.02920258483462912,False,False,False,False,-1.0,0
2025-12-07,2025-26,L366993,-1,152.5,True,1.8849557522123894,0.7866841522785659,0.7828898545803475,L364447,-1,144.5,False,1.4214544007100345,0.7157751452413885,0.7082722715163203,2.679378649125994,0.5630889633562891,0.5544991756507045,0.5087285459753303,0.4857132521964618,True,True,False,False,1.679378649125994,1
2025-12-08,2025-26,L366053,-1,145.5,False,1.4471173636351506,0.705685963397448,0.6978637736479855,L366054,-1,155.5,True,1.8695652173913042,0.5362680407997289,0.5339673082569353,2.7054802885352816,0.37843682901101866,0.372636440744842,0.023853381345107838,0.008160545225115445,True,False,False,False,-1.0,0
2025-12-09,2025-26,L366062,-1,148.5,True,1.8695652173913042,0.6006840909625222,0.591616862365351,L366059,-1,136.5,False,1.4471173636351506,0.6924433950580153,0.6881500681206982,2.7054802885352816,0.41593973130342654,0.4071211841380701,0.12531674426008177,0.10145833873069132,True,False,False,False,-1.0,0
2025-12-10,2025-26,L366079,-1,157.5,False,1.7806503834305687,0.5917980120774535,0.5795789330366091,L367004,1,129.5,False,1.4046262490068664,0.7114114140408232,0.7042113041238794,2.5011482688707183,0.4210118605985694,0.4081460362764371,0.05301308631015189,0.020833752079256085,True,False,False,False,-1.0,0
2025-12-11,2025-26,L367012,-1,167.5,True,1.8695652173913042,0.5658693270926397,0.5578841323899332,L366091,-1,151.5,False,1.4214544007100345,0.6997969757407865,0.6943748221347411,2.6575017056752817,0.39599364376390317,0.3873806952000542,0.052353783739142346,0.02946485823982048,True,True,False,False,1.6575017056752817,1
2025-12-12,2025-26,L366096,1,144.5,True,1.8695652173913042,0.5769600079642065,0.5744363537214418,L366101,-1,137.5,False,1.4471173636351506,0.690520316111822,0.6857197387623118,2.7054802885352816,0.3984026070833232,0.393902346409442,0.0778704003649977,0.06569503381854158,False,False,False,False,-1.0,0
2025-12-13,2025-26,L367020,1,145.5,True,1.8620689655172413,0.6011856273692636,0.5963103467031899,L370324,1,130.5,False,1.4046262490068664,0.7061809016885691,0.6971189262442014,2.615510946426579,0.4245458084178347,0.41569922860203523,0.11040420917636773,0.08726588282970793,False,True,False,False,-1.0,0
2025-12-14,2025-26,L366165,-1,146.5,True,1.8771929824561404,0.5573509410594186,0.5514365731269768,L367546,1,143.5,False,1.4046262490068664,0.7018119737830526,0.691811856361643,2.636754537609381,0.3911555640347524,0.3814903593206767,0.03138120837979019,0.00589643599302736,True,True,False,False,1.6367545376093808,1
2025-12-15,2025-26,L366180,-1,142.5,True,1.8695652173913042,0.5354738618120347,0.5336163632049938,L364466,-1,140.5,True,1.9090909090909092,0.545163384491571,0.541380279048096,3.569169960474308,0.29192074281222063,0.28888937561654976,,,True,True,False,False,2.569169960474308,1
2025-12-16,2025-26,L366187,1,143.5,True,1.8695652173913042,0.5660644431343821,0.5632397260063114,L366199,1,145.5,False,1.4046262490068664,0.6944164897952423,0.6874939570182821,2.6260403785780544,0.39308448359927617,0.38722390798197204,0.03225572612420202,0.01686561791145169,True,True,False,False,1.6260403785780544,1
2025-12-17,2025-26,L366213,1,130.5,True,1.8771929824561404,0.6148943302373651,0.6119969981837046,L367049,-1,155.5,False,1.4214544007100345,0.7112208660407126,0.7031024799152462,2.6683442258942756,0.43732567807494266,0.4302966071236491,0.1669354479265721,0.14817946704028673,True,True,False,False,1.6683442258942756,1
2025-12-18,2025-26,L363269,1,133.5,True,1.8695652173913042,0.5611106356422709,0.5591350012804336,L370868,-1,152.5,False,1.4471173636351506,0.7166669477942391,0.7065844191742331,2.7054802885352816,0.4021294466206317,0.39507608011971923,0.0879532912717198,0.06887054723568609,True,True,False,False,1.7054802885352816,1
2025-12-19,2025-26,L367057,1,141.5,True,1.8928571428571428,0.8661617217068738,0.8616112927286901,L367065,-1,162.5,False,1.4471173636351506,0.6912045313260576,0.6837310324284062,2.739186438309392,0.5986949069049708,0.589110378729361,0.639936969679,0.6136831600827755,True,True,False,False,1.739186438309392,1
2025-12-20,2025-26,L366276,-1,142.5,False,1.4740046273823653,0.7014416284767623,0.6928514802375535,L366269,-1,158.5,False,1.7012703143312926,0.5893831069820046,0.5817476522545671,2.507680315752576,0.4134178463581511,0.4030647219892984,0.036719795493158625,0.010757469306848177,False,True,False,False,-1.0,0
2025-12-21,2025-26,L367078,1,148.5,True,1.8695652173913042,0.6209743822618959,0.6135506989776991,L367079,-1,148.5,False,1.4214544007100345,0.6947254829579493,0.6898941898235301,2.6575017056752817,0.4314067276214099,0.42328506238688035,0.14646411449368824,0.12488077528000252,True,False,False,False,-1.0,0
2025-12-22,2025-26,L363286,1,132.5,True,1.8771929824561404,0.6134848181144856,0.6094114831545923,L366333,1,129.5,False,1.4046262490068664,0.7067177242824031,0.699825581414048,2.636754537609381,0.43356059453967327,0.4264817455190599,0.1431928649811045,0.12452767770495021,False,True,False,False,-1.0,0
2025-12-23,2025-26,L366343,-1,151.5,True,1.8928571428571428,0.5897196857323532,0.5862230519382362,L366342,-1,158.5,False,1.4471173636351506,0.7021955344173768,0.695029507062712,2.739186438309392,0.41409852987927726,0.4074423188174309,0.13429307716917305,0.11606047409803844,False,False,False,False,-1.0,0
2025-12-28,2025-26,L366354,1,150.5,True,1.8849557522123894,0.8345554689331038,0.8320287245620366,L366356,1,122.5,False,1.4046262490068664,0.6875542931031501,0.682808278031786,2.6476583277740047,0.5738021954976681,0.5681161006911873,0.5192321614044086,0.5041773251375172,False,False,False,False,-1.0,0
2025-12-29,2025-26,L371545,1,152.5,True,1.8771929824561404,0.6427438985432546,0.6340944807247396,L371543,1,122.5,False,1.4046262490068664,0.7072261902928574,0.6998504845954173,2.636754537609381,0.4545653187007248,0.4437713296144885,0.1985771667239904,0.17011606702195103,True,False,False,False,-1.0,0
2025-12-30,2025-26,L371716,-1,152.5,False,1.4740046273823653,0.6986182919821998,0.6893409269423838,L370737,-1,145.5,False,1.7012703143312926,0.5932453342254373,0.5858453983083471,2.507680315752576,0.4144520421229843,0.40384720991480605,0.039313227855265476,0.01271969887495783,True,False,False,False,-1.0,0
2025-12-31,2025-26,L371011,-1,140.5,True,1.8771929824561404,0.6042060378377111,0.5996932883809137,L364534,-1,146.5,False,1.4214544007100345,0.7003227555665346,0.6951304196371546,2.6683442258942756,0.42313923734844366,0.41686504720580975,0.129081140728027,0.11233944168876708,False,True,False,False,-1.0,0
2026-01-01,2025-26,L371548,1,125.5,False,1.4046262490068664,0.7316472401650759,0.719908736465738,L371550,-1,163.5,False,1.7806503834305687,0.5628144538883914,0.5555366253722352,2.5011482688707183,0.41178164191245586,0.39993567003216596,0.029926940822080805,0.0002984087606026087,True,True,False,False,1.5011482688707183,1
2026-01-02,2025-26,L366381,1,124.5,True,1.847457627118644,0.5832373307584282,0.578049199602671,L363331,1,126.5,False,1.4046262490068664,0.6844059774100697,0.6799806816316631,2.594987476978787,0.3991711154197622,0.3930622887624615,0.0358440456859368,0.01999171701120739,True,True,False,False,1.5949874769787868,1
2026-01-03,2025-26,L363374,1,150.5,True,1.8928571428571428,0.7042211367836073,0.7017550384352096,L371377,-1,151.5,True,1.8849557522123894,0.7036999349565516,0.7002528393187103,3.56795195954488,0.49556036814965326,0.4914059581704662,0.7681355866123374,0.7533128513863443,True,True,False,False,2.56795195954488,1
2026-01-04,2025-26,L363381,1,146.5,True,1.8928571428571428,0.633089631793951,0.6302536064656517,L366383,1,122.5,False,1.4046262490068664,0.6963981751686045,0.6907307710215931,2.6587568284772827,0.44088246429947114,0.4353355595331593,0.1721992625121107,0.157451391587766,False,True,False,False,-1.0,0
2026-01-05,2025-26,L370373,1,152.5,True,1.8547008547008548,0.5664375869031195,0.5628924865614111,L364591,-1,151.5,False,1.4471173636351506,0.6947236743437435,0.6878345900956941,2.6839698111865617,0.3935176016597387,0.38717692276191423,0.05618936302527744,0.039171172281088795,False,True,False,False,-1.0,0
2026-01-07,2025-26,L371017,-1,137.5,True,1.8928571428571428,0.5499833779148916,0.5478049296675981,L370752,-1,153.5,False,1.4214544007100345,0.6882706264905197,0.6840199975053102,2.690610115629708,0.3785374040768547,0.37470952662462703,0.018496568553395543,0.00819724275904088,True,True,False,False,1.690610115629708,1
2026-01-08,2025-26,L363410,1,131.5,True,1.8695652173913042,0.568643473392638,0.5656518006350209,L363416,-1,155.5,False,1.4471173636351506,0.6924521417827161,0.6848713407932029,2.7054802885352816,0.39375839106149507,0.38739870712299623,0.06530556546224187,0.04809956592531872,False,False,False,False,-1.0,0
2026-01-09,2025-26,L367172,-1,167.5,False,1.628755850131018,0.6357751639786902,0.6246889949954406,L371730,-1,155.5,False,1.5625586402931557,0.648983458394048,0.6408553215627831,2.5450265265502465,0.4126075646799333,0.4003352667645349,0.050097197165726914,0.018863873429310507,True,True,False,False,1.5450265265502465,1
2026-01-10,2025-26,L363449,1,173.5,True,1.8771929824561404,0.6290629147788016,0.6269504319180584,L371567,1,123.5,False,1.4046262490068664,0.7112972380680741,0.7022828270660281,2.636754537609381,0.44745071385321383,0.4402965217576814,0.1798177001090182,0.1609538516381941,True,True,False,False,1.6367545376093808,1
2026-01-11,2025-26,L370759,1,125.5,True,1.8695652173913042,0.6156036444185761,0.6100611648259394,L364654,1,122.5,False,1.4046262490068664,0.7202661659717198,0.7117508395328307,2.6260403785780544,0.4433984767235857,0.434211546231239,0.16438230367613782,0.14025705324804516,True,False,False,False,-1.0,0
2026-01-12,2025-26,L371389,1,142.5,True,1.8695652173913042,0.5620217685717129,0.5589295479462401,L364660,-1,151.5,False,1.4471173636351506,0.6854972116478305,0.6800607093736666,2.7054802885352816,0.3852643552412915,0.3801060248662228,0.042325118980568455,0.028369357829067132,False,True,False,False,-1.0,0
2026-01-13,2025-26,L367192,1,130.5,True,1.8695652173913042,0.564462588739669,0.5576032805398216,L371570,1,118.5,False,1.4046262490068664,0.7065882217311118,0.6999537015901959,2.6260403785780544,0.3988426168113026,0.39029648023268454,0.04737681644421521,0.02493431670792101,False,True,False,False,-1.0,0
2026-01-14,2025-26,L370900,1,146.5,True,1.8695652173913042,0.600584292036069,0.5916677203960777,L371740,-1,159.5,False,1.4471173636351506,0.7007193953125613,0.6927676118668656,2.7054802885352816,0.420841061949737,0.40988823367750316,0.13857719771126864,0.10894453671702808,False,True,False,False,-1.0,0
2026-01-15,2025-26,L364688,1,126.5,True,1.7751937984496124,0.579101710159964,0.5747611749131096,L363527,-1,155.5,False,1.4471173636351506,0.697537220572913,0.6895213327423234,2.568913769553872,0.40394499733400197,0.396310091334631,0.037699865793719756,0.018086450642686325,True,True,False,False,1.568913769553872,1
2026-01-17,2025-26,L364716,1,137.5,True,1.8695652173913042,0.6751724921483215,0.6721819300729444,L363545,1,119.5,False,1.4046262490068664,0.6940924604721158,0.6887259641076844,2.6260403785780544,0.4686321363183188,0.4629491478452527,0.2306469126712003,0.21572315546993504,True,True,False,False,1.6260403785780544,1
2026-01-18,2025-26,L370576,1,143.5,True,1.8695652173913042,0.5621412178072066,0.5604676064853431,L370770,1,137.5,False,1.4046262490068664,0.7106662963832842,0.7015326228434076,2.6260403785780544,0.3994948173034366,0.39318630999642956,0.049089521271487246,0.03252312635473209,True,True,False,False,1.6260403785780544,1
2026-01-19,2025-26,L371406,1,138.5,True,1.8547008547008548,0.5724360496774377,0.5705424032055193,L364698,1,117.5,False,1.4046262490068664,0.7005016323263471,0.6948430316768793,2.6051615045682905,0.400992387201491,0.39643741314353553,0.044649930762266754,0.032783487692173985,False,False,False,False,-1.0,0
2026-01-20,2025-26,L364740,-1,154.5,True,1.8771929824561404,0.57504413430551,0.5723963561298195,L371750,-1,148.5,False,1.4471173636351506,0.6981838388185467,0.6919142634205196,2.7165185598063357,0.40148652117950895,0.39604920313615355,0.09064558629621544,0.07587501091587057,False,True,False,False,-1.0,0
2026-01-21,2025-26,L371209,1,147.5,True,1.8547008547008548,0.6514278299174459,0.6481647590172135,L370772,1,131.5,False,1.4046262490068664,0.6997675585639125,0.6927921293790302,2.6051615045682905,0.4558480621219187,0.4490434435879813,0.18755782337207738,0.16983069311419197,True,True,False,False,1.6051615045682905,1
2026-01-22,2025-26,L363626,-1,176.5,True,1.8771929824561404,0.5646238226963283,0.5631155937783644,L363609,1,116.5,False,1.4046262490068664,0.7034529483364474,0.6976908238932332,2.636754537609381,0.3971862927767277,0.3928805825703543,0.04728275975528473,0.03592965883099852,True,True,False,False,1.6367545376093808,1
2026-01-23,2025-26,L364764,-1,170.5,True,1.8695652173913042,0.565490747733775,0.5617090281215205,L371754,-1,156.5,False,1.4471173636351506,0.6965643949503804,0.6891280678119198,2.7054802885352816,0.39390072054521513,0.38708945722189475,0.06569063507492379,0.04726289641365722,True,True,False,False,1.7054802885352816,1
2026-01-24,2025-26,L367247,1,152.5,True,1.8928571428571428,0.5975430563167866,0.5933394791717327,L363674,-1,153.5,False,1.4471173636351506,0.6932617354706944,0.6857888721902341,2.739186438309392,0.4142537362406383,0.40690561224712346,0.13471821632935255,0.11459033473930069,True,True,False,False,1.739186438309392,1
2026-01-26,2025-26,L370592,1,161.5,True,1.8695652173913042,0.5562484482742761,0.5542159601375338,L366401,-1,148.5,False,1.4214544007100345,0.6946144649393087,0.6898272886128944,2.6575017056752817,0.38637821827135704,0.38231329308766693,0.02680077409190762,0.01599822848280885,True,False,False,False,-1.0,0
2026-01-27,2025-26,L367617,1,154.5,True,1.8695652173913042,0.5633962252934053,0.5604362968286208,L370427,1,130.5,False,1.4046262490068664,0.6971147458302704,0.6907503639929736,2.6260403785780544,0.392751816397146,0.3871215760292441,0.03138212861877965,0.01659689007156917,True,True,False,False,1.6260403785780544,1
2026-01-28,2025-26,L363684,-1,161.5,True,1.8547008547008548,0.5850946604605266,0.5827442701957078,L370924,1,125.5,False,1.4046262490068664,0.699934534229202,0.6932993092480607,2.6051615045682905,0.4095279586494318,0.40401619999494953,0.06688647291793459,0.05252745144880633,False,False,False,False,-1.0,0
2026-01-29,2025-26,L363722,1,129.5,True,1.8695652173913042,0.6000437113978823,0.591622781609535,L363727,1,131.5,False,1.4046262490068664,0.7105529627628349,0.7009334488656852,2.6260403785780544,0.42636283692097265,0.4146881967410814,0.1196460256795644,0.0889879491618002,True,False,False,False,-1.0,0
2026-01-30,2025-26,L370790,-1,143.5,True,1.8695652173913042,0.5468578762892746,0.5428689017829433,L364828,1,120.5,False,1.4046262490068664,0.7099690992042242,0.7029216695054112,2.6260403785780544,0.3882521938218314,0.38159431476383565,0.019565938047642284,0.002082078805656362,False,True,False,False,-1.0,0
2026-01-31,2025-26,L367287,1,143.5,True,1.8695652173913042,0.6023498994351333,0.5972272022599963,L363769,1,130.5,False,1.4046262490068664,0.714531503698377,0.7039409158443658,2.6260403785780544,0.430397979395952,0.42041266372607006,0.13024247275217538,0.10402063061021716,True,True,False,False,1.6260403785780544,1
2026-02-01,2025-26,L363744,1,145.5,True,1.8695652173913042,0.5649311277246747,0.5550764347482537,L367292,-1,151.5,False,1.4214544007100345,0.7048792128948663,0.6985150255734793,2.6575017056752817,0.39820820865037787,0.3877292300134122,0.05823899370227781,0.03039109010080665,True,False,False,False,-1.0,0
2026-02-02,2025-26,L367293,1,152.5,True,1.8695652173913042,0.5496784282697182,0.5449484442812554,L371433,-1,149.5,False,1.4471173636351506,0.6847413688373679,0.6793415701473445,2.7054802885352816,0.3763875593937798,0.37020613178738077,0.018309122789773813,0.0015853922456532388,True,True,False,False,1.7054802885352816,1
2026-02-03,2025-26,L364877,1,124.5,True,1.8695652173913042,0.5707329724784816,0.5676860899615145,L367299,1,129.5,False,1.4309214489938513,0.7047328740545494,0.6957990754680294,2.6752009698580697,0.40221428801245646,0.3949954565512824,0.07600405338169658,0.056692228455521576,False,False,False,False,-1.0,0
2026-02-04,2025-26,L370445,1,127.5,True,1.8333333333333335,0.5726865855066243,0.5642301036385481,L371225,1,127.5,False,1.4046262490068664,0.7185990971933504,0.7085384027244294,2.5751481231792552,0.4115320633198027,0.3997786964010961,0.05975602048607609,0.029489359724331754,True,True,False,False,1.5751481231792552,1
2026-02-05,2025-26,L364897,1,145.5,True,1.8547008547008548,0.7081328104793689,0.7040897484113988,L364887,1,130.5,False,1.4046262490068664,0.6963418773976334,0.6904826139765894,2.6051615045682905,0.4931025306960663,0.48616172995722184,0.2846117307745959,0.26652982387887914,False,True,False,False,-1.0,0
2026-02-06,2025-26,L371613,1,132.5,True,1.8695652173913042,0.6229933662620737,0.6199620268674593,L371611,1,125.5,False,1.4046262490068664,0.7006803316656172,0.6941205581375016,2.6260403785780544,0.4365191984979891,0.4303283881132976,0.14631704128024814,0.130059723233928,True,False,False,False,-1.0,0
2026-02-07,2025-26,L367635,1,137.5,True,1.8771929824561404,0.6015526681280736,0.5969862710891521,L366413,1,127.5,False,1.4046262490068664,0.6849598715380794,0.6801725819441642,2.636754537609381,0.4120394382843942,0.4060536933919274,0.0864468585703968,0.07066391856421284,False,False,False,False,-1.0,0
2026-02-08,2025-26,L370804,-1,173.5,True,1.8547008547008548,0.5526092403246099,0.5507131596393018,L370457,-1,141.0,True,1.9090909090909092,0.5031581646820028,0.5020680075939788,3.540792540792541,0.27804985114804653,0.27649545881588905,,,True,False,False,False,-1.0,0
2026-02-09,2025-26,L371446,1,155.5,True,1.847457627118644,0.53601849310603,0.5333965467182216,L364935,-1,139.0,True,1.9090909090909092,0.5247847755977573,0.5198557271963835,3.526964560862866,0.281294344620896,0.2772892496782408,,,False,True,False,False,-1.0,0
2026-02-10,2025-26,L363873,-1,163.5,True,1.8695652173913042,0.5724663570685525,0.5677007869826273,L370948,1,125.5,False,1.4046262490068664,0.7145572323292559,0.7055559673540852,2.6260403785780544,0.4090599757085165,0.40054467792720305,0.07420801347072237,0.051846497661377056,True,True,False,False,1.6260403785780544,1
2026-02-11,2025-26,L363888,1,144.5,True,1.8547008547008548,0.5640060673003687,0.5590242065390458,L371237,1,133.5,False,1.4046262490068664,0.7075913282876757,0.699884434009939,2.6051615045682905,0.3990858023233761,0.39125234039143536,0.039682969232610166,0.019275535760016727,False,True,False,False,-1.0,0
2026-02-12,2025-26,L363895,1,131.5,True,1.8695652173913042,0.6001190010754807,0.5963942238344319,L363909,1,122.5,False,1.4046262490068664,0.7098754554099576,0.7016519895698833,2.6260403785780544,0.42600974918862566,0.41846119372141544,0.11871880303724036,0.09889599158041018,True,True,False,False,1.6260403785780544,1
2026-02-13,2025-26,L364957,1,134.5,True,1.8695652173913042,0.5830526267370066,0.577500191133427,L371138,1,124.5,False,1.4046262490068664,0.6892295213752325,0.6844318206250787,2.6260403785780544,0.4018570828625192,0.39525950722878234,0.05529292601456248,0.03796742599964675,False,False,False,False,-1.0,0
2026-02-14,2025-26,L363947,-1,999.0,True,1.8620689655172413,1.0,1.0,L363924,1,143.5,True,1.8849557522123894,0.7633409902738562,0.76079347140991,3.5099176075678975,0.7633409902738562,0.76079347140991,1.6792639823405229,1.6703224010243471,True,False,False,False,-1.0,0
2026-02-15,2025-26,L364975,1,134.5,True,1.8695652173913042,0.5793509010052651,0.5720867623045176,L370472,1,145.5,False,1.4046262490068664,0.6948535196178542,0.6868127423873788,2.6260403785780544,0.4025640126572835,0.39291647810188224,0.05714935220043338,0.031814536904222646,True,False,False,False,-1.0,0
2026-02-16,2025-26,L364995,1,132.5,True,1.8695652173913042,0.5584021903027939,0.5524575571906742,L371465,-1,142.5,False,1.4471173636351506,0.6777037553920112,0.6738357476056246,2.7054802885352816,0.37843126138732797,0.3722656510699551,0.023838318248958545,0.0071573810685163775,True,True,False,False,1.7054802885352816,1
2026-02-17,2025-26,L371794,1,144.5,True,1.8695652173913042,0.5774796639802234,0.5758246277050089,L370476,1,130.5,False,1.4046262490068664,0.6983937539410019,0.6913258669255572,2.6260403785780544,0.4033081903517366,0.3980824599452515,0.05910359287490441,0.04538061381991132,True,True,False,False,1.6260403785780544,1
2026-02-18,2025-26,L371249,1,133.5,True,1.8695652173913042,0.6116519542784914,0.6059639909385636,L367365,1,140.5,False,1.4046262490068664,0.6858239828181257,0.6796078064334009,2.6260403785780544,0.4194855793817651,0.4118178586593864,0.10158606968772488,0.0814503254590988,True,True,False,False,1.6260403785780544,1
2026-02-19,2025-26,L363988,1,140.5,True,1.8695652173913042,0.6147732477326215,0.611822017811556,L366421,1,114.5,False,1.4046262490068664,0.7086732885282064,0.7018319703403645,2.6260403785780544,0.4356733791698426,0.4293962522583019,0.14409588557155373,0.12761189684038898,True,True,False,False,1.6260403785780544,1
2026-02-21,2025-26,L367387,1,151.5,True,1.8695652173913042,0.5803796360342691,0.5744295041770661,L364050,1,132.5,False,1.4046262490068664,0.7057529062106433,0.6960902941845055,2.6260403785780544,0.40960461483666083,0.3998548025508736,0.07563825781298283,0.0500348570669491,False,True,False,False,-1.0,0
2026-02-22,2025-26,L371086,1,140.5,True,1.8695652173913042,0.5649959286983626,0.5622772324629065,L367393,-1,155.5,False,1.4214544007100345,0.7014442212390531,0.6952046134371103,2.6575017056752817,0.39631312920905853,0.3908977260388631,0.05320281685458128,0.03881137369286769,False,True,False,False,-1.0,0
2026-02-23,2025-26,L365067,-1,141.5,True,1.8928571428571428,0.5486857911659627,0.5444997754367302,L370649,1,130.5,False,1.4309214489938513,0.6858855782768362,0.6791314746361001,2.708529885595504,0.3763356711661497,0.369786935431372,0.01931641236915871,0.0015789659186460359,True,False,False,False,-1.0,0
2026-02-24,2025-26,L370492,1,147.5,True,1.8695652173913042,0.5663054352258361,0.5629631913117727,L364074,1,132.5,False,1.4046262490068664,0.7080830270982725,0.6987922354136538,2.6260403785780544,0.4009912668369147,0.3933943069123581,0.053019258170905026,0.033069334654580285,False,True,False,False,-1.0,0
2026-02-25,2025-26,L364112,-1,151.5,True,1.8695652173913042,0.6063626429311622,0.6007405972568943,L371645,1,124.5,False,1.4046262490068664,0.6972818219804906,0.6910988812070794,2.6260403785780544,0.4228056484439464,0.41517115465991233,0.1103047051046806,0.09025621615780421,True,True,False,False,1.6260403785780544,1
2026-02-26,2025-26,L364099,1,135.5,True,1.8695652173913042,0.6532798871420156,0.6468306847734379,L365082,1,136.5,False,1.4046262490068664,0.695629116474318,0.6880504503323976,2.6260403785780544,0.4544405107030425,0.44505214394717707,0.1933791307678221,0.1687249005780196,True,True,False,False,1.6260403785780544,1
2026-02-27,2025-26,L365096,1,140.5,True,1.8695652173913042,0.5554672825575976,0.54999916665538,L365095,1,123.5,False,1.4046262490068664,0.7027988135463001,0.6963547408588144,2.6260403785780544,0.390381747145267,0.382994527168871,0.02515823106331938,0.005759093119864778,False,True,False,False,-1.0,0
2026-02-28,2025-26,L370657,1,142.5,True,1.8695652173913042,0.5953812869640173,0.591588231525247,L370661,1,140.5,False,1.4046262490068664,0.7090004035903692,0.6989996015943795,2.6260403785780544,0.4221255727476417,0.4135199381440712,0.10851879886569504,0.08592005491343024,True,True,False,False,1.6260403785780544,1
2026-03-01,2025-26,L370842,1,141.5,True,1.8928571428571428,0.5511584599233853,0.5497813298535882,L365130,1,120.5,False,1.4046262490068664,0.6940244120369105,0.6893526034650536,2.6587568284772827,0.38251742608749656,0.3789931910710504,0.017020818621685807,0.007650734706550866,True,True,False,False,1.6587568284772827,1
2026-03-02,2025-26,L365133,-1,145.5,True,1.8849557522123894,0.538488361823192,0.5359561622613066,L371655,-1,143.5,False,1.4471173636351506,0.6962916432579275,0.6896638678921901,2.727752198710505,0.3749449463291398,0.369629599885787,0.02275690174470335,0.008257953796939832,True,True,False,False,1.7277521987105051,1
2026-03-03,2025-26,L367436,1,139.5,True,1.8695652173913042,0.5790233838906211,0.5740519681352758,L365151,1,130.5,False,1.4046262490068664,0.6961527828619722,0.6891876004911912,2.6260403785780544,0.40308874003761197,0.3956294984763965,0.05852730748892143,0.03893903795560205,False,False,False,False,-1.0,0
2026-03-04,2025-26,L367434,1,150.5,True,1.8695652173913042,0.6082849341789005,0.6035832418152337,L374386,-1,154.5,False,1.4214544007100345,0.6918499002002426,0.685929243821178,2.6575017056752817,0.42084187100498344,0.4140153966414585,0.11838799001532041,0.10024662275050433,False,False,False,False,-1.0,0
2026-03-05,2025-26,L376484,1,133.5,True,1.8620689655172413,0.7202805719307065,0.7165791879079491,L376520,1,115.5,False,1.4046262490068664,0.7072741549103896,0.6993975428799006,2.615510946426579,0.5094358328106625,0.5011737233016942,0.33243499721822833,0.31082535935694633,True,True,False,False,1.6155109464265789,1
2026-03-06,2025-26,L376531,1,135.5,True,1.8620689655172413,0.6581391054688525,0.6553440654364683,L374388,1,139.5,False,1.4046262490068664,0.675595916437007,0.670702367321269,2.615510946426579,0.4446360921022614,0.4395408160981839,0.16295056606980096,0.14962381590607166,True,True,False,False,1.6155109464265789,1
2026-03-07,2025-26,L376546,1,140.5,True,1.8620689655172413,0.6473430123248568,0.6438515890587292,L376525,1,123.5,False,1.4046262490068664,0.7194793699837534,0.709696431001271,2.615510946426579,0.4657499426708731,0.4569391748494771,0.2181740733532198,0.19512941366993575,False,False,False,False,-1.0,0
2026-03-08,2025-26,L370522,-1,155.5,True,1.8695652173913042,0.6310556791369136,0.6287793492403749,L376564,1,119.5,False,1.4046262490068664,0.700679651634665,0.6942578914155305,2.6260403785780544,0.4421678734197295,0.43653502516925213,0.16115068971019975,0.14635860275804324,True,True,False,False,1.6260403785780544,1
2026-03-10,2025-26,L376561,1,134.5,True,1.8695652173913042,0.590669725047974,0.5883321047453598,L376372,-1,164.5,False,1.4214544007100345,0.6798369760328509,0.6753977951964911,2.6575017056752817,0.40155911971077013,0.3973582063883271,0.06714404556083609,0.055980111241049846,True,True,False,False,1.6575017056752817,1
2026-03-11,2025-26,L376368,-1,159.5,True,1.8695652173913042,0.6322204356367739,0.6241777809161004,L376628,-1,142.5,False,1.4214544007100345,0.6797996036845011,0.676959681612768,2.6575017056752817,0.4297832015871215,0.4225431918387274,0.1421495912883588,0.1229092530328959,True,True,False,False,1.6575017056752817,1
2026-03-12,2025-26,L376344,-1,156.0,True,1.8620689655172413,0.7683348251464271,0.7641266887530628,L376345,-1,139.5,False,1.4214544007100345,0.6821513696926002,0.6788258671851082,2.646846125460064,0.5241206533561598,0.5187089621320831,0.38726672060934875,0.3729428066607152,False,False,False,False,-1.0,0
2026-03-13,2025-26,L376742,1,131.5,True,1.8695652173913042,0.5659161888162794,0.5607285770686433,L376753,1,129.5,False,1.4046262490068664,0.6892672953300756,0.6830430042967903,2.6260403785780544,0.39006752084890123,0.3830017318760305,0.02433306012105163,0.005778012971781488,False,False,False,False,-1.0,0
2026-03-14,2025-26,L376764,1,153.5,True,1.8849557522123894,0.6902154465154094,0.6863658710145699,L376809,1,132.5,False,1.4046262490068664,0.697639355318905,0.6889144173101082,2.6476583277740047,0.48152145913816036,0.4728473440915473,0.2749043012890404,0.2519382083498056,False,True,False,False,-1.0,0
2026-03-15,2025-26,L376815,1,150.5,True,1.925925925925926,0.5373531507047977,0.5301106893079435,L376813,-1,168.0,True,1.9090909090909092,0.5188462441981417,0.515007370374459,3.6767676767676774,0.2788036640512223,0.2730109121078758,,,False,True,False,False,-1.0,0
2026-03-17,2025-26,L374233,-1,160.5,True,1.8620689655172413,0.5550431455749164,0.5490805210282509,L376851,-1,149.5,False,1.4471173636351506,0.7038842471055368,0.6966853194770456,2.6946323322861425,0.39068612663408886,0.3825363382111896,0.05275546860385405,0.030794785218218657,True,True,False,False,1.6946323322861425,1
2026-03-18,2025-26,L376848,-1,163.5,True,1.9090909090909092,0.5881276929936118,0.5809952440723851,L376844,1,140.0,True,1.8695652173913042,0.5255179801089327,0.5245082965815733,3.569169960474308,0.30907167726812934,0.3047368257904021,,,False,True,False,False,-1.0,0
2026-03-19,2025-26,L376842,1,143.5,False,1.4046262490068664,0.6964568730213466,0.6884666289899755,L376862,1,150.5,True,1.8620689655172413,0.5697071957564234,0.5659964517888934,2.615510946426579,0.3967764920942788,0.3896696691833866,0.037773258357325146,0.019185285239571304,True,True,False,False,1.6155109464265789,1
2026-03-20,2025-26,L376902,1,154.5,True,1.8695652173913042,0.5311123494255058,0.5295513437131798,L376836,1,135.5,True,1.9090909090909092,0.5661098440510609,0.5562197858643908,3.569169960474308,0.30066792930686564,0.29454693500434526,,,True,False,False,False,-1.0,0
2026-03-21,2025-26,L376918,-1,162.5,True,1.8695652173913042,0.5378226341529301,0.5358580773729695,L376904,-1,147.5,True,1.9090909090909092,0.5345042119042587,0.5277860372557006,3.569169960474308,0.28746846321218433,0.2828184111881382,,,False,True,False,False,-1.0,0
2026-03-22,2025-26,L376910,1,146.5,True,1.8695652173913042,0.5860894872583207,0.5837277817507773,L376908,1,142.5,False,1.4046262490068664,0.680510234942548,0.6747487797263539,2.6260403785780544,0.3988398946715173,0.39386960842870844,0.047369667995222686,0.034317495628515715,True,True,False,False,1.6260403785780544,1
2026-03-24,2025-26,L376938,1,147.5,True,1.8620689655172413,0.5630203360512432,0.5583457912285943,L376939,1,150.5,True,1.8695652173913042,0.5389070100768119,0.5360968537568308,3.481259370314842,0.30341560591381733,0.2993274219860177,0.05626842118723219,0.042036392581009,True,True,False,False,2.481259370314842,1
2026-03-25,2025-26,L376936,-1,154.5,True,1.9090909090909092,0.5913413552569424,0.5842234304007279,L376937,-1,140.0,True,1.9090909090909092,0.5330964251252099,0.531501184315292,3.6446280991735542,0.31524196251617276,0.31051544516272944,,,True,True,False,False,2.6446280991735542,1
2026-03-26,2025-26,L376929,-1,149.5,True,1.9090909090909092,0.5480549776425345,0.5413539921027538,L376928,1,139.5,True,1.9090909090909092,0.5343910959839295,0.5276937432934223,3.6446280991735542,0.292875700161842,0.28566911453953997,,,False,False,False,False,-1.0,0
2026-03-27,2025-26,L376933,1,135.5,True,1.8695652173913042,0.5370580852390523,0.5346789184343435,L376931,-1,138.5,True,1.9523809523809523,0.49923264347453283,0.49854903571392195,3.6501035196687366,0.26811692759326305,0.26656365920200464,,,False,True,False,False,-1.0,0
2026-03-28,2025-26,L377008,-1,152.5,True,1.9174311926605505,0.534164720827578,0.5321455571291404,L377007,-1,139.5,True,1.8695652173913042,0.5082241973515363,0.5048912621790128,3.58476266453929,0.27147543649610334,0.26867564200188565,,,True,True,False,False,2.58476266453929,1
2026-03-29,2025-26,L377041,1,145.5,True,1.8695652173913042,0.5292883369507753,0.5279584323122645,L377042,1,133.5,True,1.9090909090909092,0.5130752598935214,0.5102872233702795,3.569169960474308,0.27156475103962874,0.2694104424795511,,,True,True,False,False,2.569169960474308,1
2026-04-01,2025-26,L376420,-1,165.5,True,1.9523809523809523,0.5616207388773632,0.5545476357048986,L376417,-1,148.5,True,1.9090909090909092,0.5436648386887288,0.5400912032562185,3.7272727272727275,0.30533344840600635,0.29950629983074983,,,False,True,False,False,-1.0,0
2026-04-02,2025-26,L376419,1,148.5,True,1.8695652173913042,0.5736592939610049,0.569063110833392,L377006,-1,156.5,False,1.409065842960073,0.6728474435779433,0.6703660090845027,2.6343404890123105,0.38598518942639004,0.38148056652659307,0.01681641266502565,0.00494970217235835,True,True,False,False,1.6343404890123105,1
2026-04-04,2025-26,L377132,1,133.5,True,1.8695652173913042,0.562175048348349,0.5554068989432108,L377130,-1,163.5,False,1.4471173636351506,0.6711315042688919,0.6661509700524414,2.7054802885352816,0.37729338586046446,0.36998484450483815,0.020759818440222677,0.0009867038646309556,True,True,False,False,1.7054802885352816,1
2026-04-05,2025-26,L377131,1,159.5,True,1.8695652173913042,0.5273491578253487,0.5246437009962955,L377165,1,136.5,True,1.9090909090909092,0.5275549459655153,0.524561361799542,3.569169960474308,0.27820565646151185,0.2752078142541685,,,True,True,False,False,2.569169960474308,1
